fecha,origen,destino,estado,motivo
2026-04-28 22:42:23,D:\TRABAJO DE GRADO BEN-MAP\RESULTADOS_FINALES\02_figuras\04_benmap_base\fig_5_31_no2_asma_participacion_valor_sin_sumapaz.png,D:\TRABAJO DE GRADO BEN-MAP\GITHUB\Analisis_sensibilidad\03_resultados_figuras\capitulo_5_4_corrida_base\fig_5_31_no2_asma_participacion_valor_sin_sumapaz.png,COPIADO,
2026-04-28 22:42:23,D:\TRABAJO DE GRADO BEN-MAP\RESULTADOS_FINALES\02_figuras\04_benmap_base\fig_5_31_participacion_valor_localidad_sin_sumapaz_2x2.png,D:\TRABAJO DE GRADO BEN-MAP\GITHUB\Analisis_sensibilidad\03_resultados_figuras\capitulo_5_4_corrida_base\fig_5_31_participacion_valor_localidad_sin_sumapaz_2x2.png,COPIADO,
2026-04-28 22:42:23,D:\TRABAJO DE GRADO BEN-MAP\RESULTADOS_FINALES\02_figuras\04_benmap_base\fig_5_32_no2_epc_participacion_valor_sin_sumapaz.png,D:\TRABAJO DE GRADO BEN-MAP\GITHUB\Analisis_sensibilidad\03_resultados_figuras\capitulo_5_4_corrida_base\fig_5_32_no2_epc_participacion_valor_sin_sumapaz.png,COPIADO,
2026-04-28 22:42:23,D:\TRABAJO DE GRADO BEN-MAP\RESULTADOS_FINALES\02_figuras\04_benmap_base\fig_5_33_o3_respiratoria_participacion_valor_sin_sumapaz.png,D:\TRABAJO DE GRADO BEN-MAP\GITHUB\Analisis_sensibilidad\03_resultados_figuras\capitulo_5_4_corrida_base\fig_5_33_o3_respiratoria_participacion_valor_sin_sumapaz.png,COPIADO,
2026-04-28 22:42:23,D:\TRABAJO DE GRADO BEN-MAP\RESULTADOS_FINALES\02_figuras\04_benmap_base\fig_5_34_pm25_todas_causas_participacion_valor_sin_sumapaz.png,D:\TRABAJO DE GRADO BEN-MAP\GITHUB\Analisis_sensibilidad\03_resultados_figuras\capitulo_5_4_corrida_base\fig_5_34_pm25_todas_causas_participacion_valor_sin_sumapaz.png,COPIADO,
2026-04-28 22:42:23,D:\TRABAJO DE GRADO BEN-MAP\RESULTADOS_FINALES\02_figuras\04_benmap_base\01_resumen_general\celda_142_img_05_celda_10_tabla_principal_compacta_del_bloque_5_4_resultados_.png,D:\TRABAJO DE GRADO BEN-MAP\GITHUB\Analisis_sensibilidad\03_resultados_figuras\capitulo_5_4_corrida_base\celda_142_img_05_celda_10_tabla_principal_compacta_del_bloque_5_4_resultados_.png,COPIADO,
2026-04-28 22:42:23,D:\TRABAJO DE GRADO BEN-MAP\RESULTADOS_FINALES\02_figuras\04_benmap_base\01_resumen_general\celda_142_img_06_celda_10_tabla_principal_compacta_del_bloque_5_4_resultados_.png,D:\TRABAJO DE GRADO BEN-MAP\GITHUB\Analisis_sensibilidad\03_resultados_figuras\capitulo_5_4_corrida_base\celda_142_img_06_celda_10_tabla_principal_compacta_del_bloque_5_4_resultados_.png,COPIADO,
2026-04-28 22:42:23,D:\TRABAJO DE GRADO BEN-MAP\RESULTADOS_FINALES\02_figuras\04_benmap_base\01_resumen_general\celda_145_img_05_grafica_economica_corregida_del_bloque_5_4_la_grafica_econom.png,D:\TRABAJO DE GRADO BEN-MAP\GITHUB\Analisis_sensibilidad\03_resultados_figuras\capitulo_5_4_corrida_base\celda_145_img_05_grafica_economica_corregida_del_bloque_5_4_la_grafica_econom.png,COPIADO,
2026-04-28 22:42:23,D:\TRABAJO DE GRADO BEN-MAP\RESULTADOS_FINALES\02_figuras\04_benmap_base\01_resumen_general\fig_5_28_casos_evItados_corrida_base_endpoint.png,D:\TRABAJO DE GRADO BEN-MAP\GITHUB\Analisis_sensibilidad\03_resultados_figuras\capitulo_5_4_corrida_base\fig_5_28_casos_evItados_corrida_base_endpoint.png,COPIADO,
2026-04-28 22:42:23,D:\TRABAJO DE GRADO BEN-MAP\RESULTADOS_FINALES\02_figuras\04_benmap_base\01_resumen_general\fig_5_29_valor_economico_mortalidad_corrida_base.png,D:\TRABAJO DE GRADO BEN-MAP\GITHUB\Analisis_sensibilidad\03_resultados_figuras\capitulo_5_4_corrida_base\fig_5_29_valor_economico_mortalidad_corrida_base.png,COPIADO,
2026-04-28 22:42:23,D:\TRABAJO DE GRADO BEN-MAP\RESULTADOS_FINALES\02_figuras\04_benmap_base\01_resumen_general\fig_5_30_valor_economico_hospitalizacion_corrida_base.png,D:\TRABAJO DE GRADO BEN-MAP\GITHUB\Analisis_sensibilidad\03_resultados_figuras\capitulo_5_4_corrida_base\fig_5_30_valor_economico_hospitalizacion_corrida_base.png,COPIADO,
2026-04-28 22:42:23,D:\TRABAJO DE GRADO BEN-MAP\RESULTADOS_FINALES\02_figuras\04_benmap_base\02_componente_espacial\fig_5_15_localidades_top_valor_no2_asma.png,D:\TRABAJO DE GRADO BEN-MAP\GITHUB\Analisis_sensibilidad\03_resultados_figuras\capitulo_5_4_corrida_base\fig_5_15_localidades_top_valor_no2_asma.png,COPIADO,
2026-04-28 22:42:23,D:\TRABAJO DE GRADO BEN-MAP\RESULTADOS_FINALES\02_figuras\04_benmap_base\02_componente_espacial\fig_5_15_localidades_top_valor_no2_enfermedad_pulmonar_cronica.png,D:\TRABAJO DE GRADO BEN-MAP\GITHUB\Analisis_sensibilidad\03_resultados_figuras\capitulo_5_4_corrida_base\fig_5_15_localidades_top_valor_no2_enfermedad_pulmonar_cronica.png,COPIADO,
2026-04-28 22:42:23,D:\TRABAJO DE GRADO BEN-MAP\RESULTADOS_FINALES\02_figuras\04_benmap_base\02_componente_espacial\fig_5_15_localidades_top_valor_o3_respiratoria.png,D:\TRABAJO DE GRADO BEN-MAP\GITHUB\Analisis_sensibilidad\03_resultados_figuras\capitulo_5_4_corrida_base\fig_5_15_localidades_top_valor_o3_respiratoria.png,COPIADO,
2026-04-28 22:42:23,D:\TRABAJO DE GRADO BEN-MAP\RESULTADOS_FINALES\02_figuras\04_benmap_base\02_componente_espacial\fig_5_15_localidades_top_valor_pm25_todas_las_causas.png,D:\TRABAJO DE GRADO BEN-MAP\GITHUB\Analisis_sensibilidad\03_resultados_figuras\capitulo_5_4_corrida_base\fig_5_15_localidades_top_valor_pm25_todas_las_causas.png,COPIADO,
2026-04-28 22:42:23,D:\TRABAJO DE GRADO BEN-MAP\RESULTADOS_FINALES\02_figuras\04_benmap_base\fig_5_31_no2_asma_participacion_valor_sin_sumapaz.pdf,D:\TRABAJO DE GRADO BEN-MAP\GITHUB\Analisis_sensibilidad\03_resultados_figuras\capitulo_5_4_corrida_base\fig_5_31_no2_asma_participacion_valor_sin_sumapaz.pdf,COPIADO,
2026-04-28 22:42:23,D:\TRABAJO DE GRADO BEN-MAP\RESULTADOS_FINALES\02_figuras\04_benmap_base\fig_5_31_participacion_valor_localidad_sin_sumapaz_2x2.pdf,D:\TRABAJO DE GRADO BEN-MAP\GITHUB\Analisis_sensibilidad\03_resultados_figuras\capitulo_5_4_corrida_base\fig_5_31_participacion_valor_localidad_sin_sumapaz_2x2.pdf,COPIADO,
2026-04-28 22:42:23,D:\TRABAJO DE GRADO BEN-MAP\RESULTADOS_FINALES\02_figuras\04_benmap_base\fig_5_32_no2_epc_participacion_valor_sin_sumapaz.pdf,D:\TRABAJO DE GRADO BEN-MAP\GITHUB\Analisis_sensibilidad\03_resultados_figuras\capitulo_5_4_corrida_base\fig_5_32_no2_epc_participacion_valor_sin_sumapaz.pdf,COPIADO,
2026-04-28 22:42:23,D:\TRABAJO DE GRADO BEN-MAP\RESULTADOS_FINALES\02_figuras\04_benmap_base\fig_5_33_o3_respiratoria_participacion_valor_sin_sumapaz.pdf,D:\TRABAJO DE GRADO BEN-MAP\GITHUB\Analisis_sensibilidad\03_resultados_figuras\capitulo_5_4_corrida_base\fig_5_33_o3_respiratoria_participacion_valor_sin_sumapaz.pdf,COPIADO,
2026-04-28 22:42:23,D:\TRABAJO DE GRADO BEN-MAP\RESULTADOS_FINALES\02_figuras\04_benmap_base\fig_5_34_pm25_todas_causas_participacion_valor_sin_sumapaz.pdf,D:\TRABAJO DE GRADO BEN-MAP\GITHUB\Analisis_sensibilidad\03_resultados_figuras\capitulo_5_4_corrida_base\fig_5_34_pm25_todas_causas_participacion_valor_sin_sumapaz.pdf,COPIADO,
2026-04-28 22:42:23,D:\TRABAJO DE GRADO BEN-MAP\RESULTADOS_FINALES\02_figuras\04_benmap_base\01_resumen_general\celda_142_img_05_celda_10_tabla_principal_compacta_del_bloque_5_4_resultados_.pdf,D:\TRABAJO DE GRADO BEN-MAP\GITHUB\Analisis_sensibilidad\03_resultados_figuras\capitulo_5_4_corrida_base\celda_142_img_05_celda_10_tabla_principal_compacta_del_bloque_5_4_resultados_.pdf,COPIADO,
2026-04-28 22:42:23,D:\TRABAJO DE GRADO BEN-MAP\RESULTADOS_FINALES\02_figuras\04_benmap_base\01_resumen_general\celda_142_img_06_celda_10_tabla_principal_compacta_del_bloque_5_4_resultados_.pdf,D:\TRABAJO DE GRADO BEN-MAP\GITHUB\Analisis_sensibilidad\03_resultados_figuras\capitulo_5_4_corrida_base\celda_142_img_06_celda_10_tabla_principal_compacta_del_bloque_5_4_resultados_.pdf,COPIADO,
2026-04-28 22:42:23,D:\TRABAJO DE GRADO BEN-MAP\RESULTADOS_FINALES\02_figuras\04_benmap_base\01_resumen_general\celda_145_img_05_grafica_economica_corregida_del_bloque_5_4_la_grafica_econom.pdf,D:\TRABAJO DE GRADO BEN-MAP\GITHUB\Analisis_sensibilidad\03_resultados_figuras\capitulo_5_4_corrida_base\celda_145_img_05_grafica_economica_corregida_del_bloque_5_4_la_grafica_econom.pdf,COPIADO,
2026-04-28 22:42:23,D:\TRABAJO DE GRADO BEN-MAP\RESULTADOS_FINALES\02_figuras\04_benmap_base\01_resumen_general\celda_145_img_06_grafica_economica_corregida_del_bloque_5_4_la_grafica_econom.pdf,D:\TRABAJO DE GRADO BEN-MAP\GITHUB\Analisis_sensibilidad\03_resultados_figuras\capitulo_5_4_corrida_base\celda_145_img_06_grafica_economica_corregida_del_bloque_5_4_la_grafica_econom.pdf,COPIADO,
2026-04-28 22:42:23,D:\TRABAJO DE GRADO BEN-MAP\RESULTADOS_FINALES\02_figuras\04_benmap_base\01_resumen_general\celda_145_img_07_grafica_economica_corregida_del_bloque_5_4_la_grafica_econom.pdf,D:\TRABAJO DE GRADO BEN-MAP\GITHUB\Analisis_sensibilidad\03_resultados_figuras\capitulo_5_4_corrida_base\celda_145_img_07_grafica_economica_corregida_del_bloque_5_4_la_grafica_econom.pdf,COPIADO,
2026-04-28 22:42:23,D:\TRABAJO DE GRADO BEN-MAP\RESULTADOS_FINALES\02_figuras\04_benmap_base\01_resumen_general\celda_147_img_03_celda_10a_pulido_visual_del_bloque_5_4_en_esta_celda_se_mejo.pdf,D:\TRABAJO DE GRADO BEN-MAP\GITHUB\Analisis_sensibilidad\03_resultados_figuras\capitulo_5_4_corrida_base\celda_147_img_03_celda_10a_pulido_visual_del_bloque_5_4_en_esta_celda_se_mejo.pdf,COPIADO,
2026-04-28 22:42:23,D:\TRABAJO DE GRADO BEN-MAP\RESULTADOS_FINALES\02_figuras\04_benmap_base\02_componente_espacial\fig_5_15_localidades_top_valor_no2_asma.pdf,D:\TRABAJO DE GRADO BEN-MAP\GITHUB\Analisis_sensibilidad\03_resultados_figuras\capitulo_5_4_corrida_base\fig_5_15_localidades_top_valor_no2_asma.pdf,COPIADO,
2026-04-28 22:42:23,D:\TRABAJO DE GRADO BEN-MAP\RESULTADOS_FINALES\02_figuras\04_benmap_base\02_componente_espacial\fig_5_15_localidades_top_valor_no2_asma_v2.pdf,D:\TRABAJO DE GRADO BEN-MAP\GITHUB\Analisis_sensibilidad\03_resultados_figuras\capitulo_5_4_corrida_base\fig_5_15_localidades_top_valor_no2_asma_v2.pdf,COPIADO,
2026-04-28 22:42:23,D:\TRABAJO DE GRADO BEN-MAP\RESULTADOS_FINALES\02_figuras\04_benmap_base\02_componente_espacial\fig_5_15_localidades_top_valor_no2_asma_v3.pdf,D:\TRABAJO DE GRADO BEN-MAP\GITHUB\Analisis_sensibilidad\03_resultados_figuras\capitulo_5_4_corrida_base\fig_5_15_localidades_top_valor_no2_asma_v3.pdf,COPIADO,
2026-04-28 22:42:23,D:\TRABAJO DE GRADO BEN-MAP\RESULTADOS_FINALES\02_figuras\04_benmap_base\02_componente_espacial\fig_5_15_localidades_top_valor_no2_enfermedad_pulmonar_cronica.pdf,D:\TRABAJO DE GRADO BEN-MAP\GITHUB\Analisis_sensibilidad\03_resultados_figuras\capitulo_5_4_corrida_base\fig_5_15_localidades_top_valor_no2_enfermedad_pulmonar_cronica.pdf,COPIADO,
2026-04-28 22:42:23,D:\TRABAJO DE GRADO BEN-MAP\RESULTADOS_FINALES\02_figuras\04_benmap_base\02_componente_espacial\fig_5_15_localidades_top_valor_no2_enfermedad_pulmonar_cronica_v2.pdf,D:\TRABAJO DE GRADO BEN-MAP\GITHUB\Analisis_sensibilidad\03_resultados_figuras\capitulo_5_4_corrida_base\fig_5_15_localidades_top_valor_no2_enfermedad_pulmonar_cronica_v2.pdf,COPIADO,
2026-04-28 22:42:23,D:\TRABAJO DE GRADO BEN-MAP\RESULTADOS_FINALES\02_figuras\04_benmap_base\02_componente_espacial\fig_5_15_localidades_top_valor_no2_enfermedad_pulmonar_cronica_v3.pdf,D:\TRABAJO DE GRADO BEN-MAP\GITHUB\Analisis_sensibilidad\03_resultados_figuras\capitulo_5_4_corrida_base\fig_5_15_localidades_top_valor_no2_enfermedad_pulmonar_cronica_v3.pdf,COPIADO,
2026-04-28 22:42:23,D:\TRABAJO DE GRADO BEN-MAP\RESULTADOS_FINALES\02_figuras\04_benmap_base\02_componente_espacial\fig_5_15_localidades_top_valor_o3_respiratoria.pdf,D:\TRABAJO DE GRADO BEN-MAP\GITHUB\Analisis_sensibilidad\03_resultados_figuras\capitulo_5_4_corrida_base\fig_5_15_localidades_top_valor_o3_respiratoria.pdf,COPIADO,
2026-04-28 22:42:24,D:\TRABAJO DE GRADO BEN-MAP\RESULTADOS_FINALES\02_figuras\04_benmap_base\02_componente_espacial\fig_5_15_localidades_top_valor_o3_respiratoria_v2.pdf,D:\TRABAJO DE GRADO BEN-MAP\GITHUB\Analisis_sensibilidad\03_resultados_figuras\capitulo_5_4_corrida_base\fig_5_15_localidades_top_valor_o3_respiratoria_v2.pdf,COPIADO,
2026-04-28 22:42:24,D:\TRABAJO DE GRADO BEN-MAP\RESULTADOS_FINALES\02_figuras\04_benmap_base\02_componente_espacial\fig_5_15_localidades_top_valor_o3_respiratoria_v3.pdf,D:\TRABAJO DE GRADO BEN-MAP\GITHUB\Analisis_sensibilidad\03_resultados_figuras\capitulo_5_4_corrida_base\fig_5_15_localidades_top_valor_o3_respiratoria_v3.pdf,COPIADO,
2026-04-28 22:42:24,D:\TRABAJO DE GRADO BEN-MAP\RESULTADOS_FINALES\02_figuras\04_benmap_base\02_componente_espacial\fig_5_15_localidades_top_valor_pm25_todas_las_causas.pdf,D:\TRABAJO DE GRADO BEN-MAP\GITHUB\Analisis_sensibilidad\03_resultados_figuras\capitulo_5_4_corrida_base\fig_5_15_localidades_top_valor_pm25_todas_las_causas.pdf,COPIADO,
2026-04-28 22:42:24,D:\TRABAJO DE GRADO BEN-MAP\RESULTADOS_FINALES\02_figuras\04_benmap_base\02_componente_espacial\fig_5_15_localidades_top_valor_pm25_todas_las_causas_v2.pdf,D:\TRABAJO DE GRADO BEN-MAP\GITHUB\Analisis_sensibilidad\03_resultados_figuras\capitulo_5_4_corrida_base\fig_5_15_localidades_top_valor_pm25_todas_las_causas_v2.pdf,COPIADO,
2026-04-28 22:42:24,D:\TRABAJO DE GRADO BEN-MAP\RESULTADOS_FINALES\02_figuras\04_benmap_base\02_componente_espacial\fig_5_15_localidades_top_valor_pm25_todas_las_causas_v3.pdf,D:\TRABAJO DE GRADO BEN-MAP\GITHUB\Analisis_sensibilidad\03_resultados_figuras\capitulo_5_4_corrida_base\fig_5_15_localidades_top_valor_pm25_todas_las_causas_v3.pdf,COPIADO,
2026-04-28 22:42:24,D:\TRABAJO DE GRADO BEN-MAP\RESULTADOS_FINALES\03_revision_sumapaz_morbilidad\morbilidad_por_celda.png,D:\TRABAJO DE GRADO BEN-MAP\GITHUB\Analisis_sensibilidad\03_resultados_figuras\figuras_complementarias_sumapaz\morbilidad_por_celda.png,COPIADO,
2026-04-28 22:42:24,D:\TRABAJO DE GRADO BEN-MAP\RESULTADOS_FINALES\03_revision_sumapaz_morbilidad\panorama_morbilidad_con_sumapaz.png,D:\TRABAJO DE GRADO BEN-MAP\GITHUB\Analisis_sensibilidad\03_resultados_figuras\figuras_complementarias_sumapaz\panorama_morbilidad_con_sumapaz.png,COPIADO,
2026-04-28 22:42:24,D:\TRABAJO DE GRADO BEN-MAP\RESULTADOS_FINALES\03_revision_sumapaz_morbilidad\panorama_morbilidad_por_localidad.png,D:\TRABAJO DE GRADO BEN-MAP\GITHUB\Analisis_sensibilidad\03_resultados_figuras\figuras_complementarias_sumapaz\panorama_morbilidad_por_localidad.png,COPIADO,
2026-04-28 22:42:24,D:\TRABAJO DE GRADO BEN-MAP\RESULTADOS_FINALES\03_revision_sumapaz_morbilidad\panorama_morbilidad_sin_sumapaz.png,D:\TRABAJO DE GRADO BEN-MAP\GITHUB\Analisis_sensibilidad\03_resultados_figuras\figuras_complementarias_sumapaz\panorama_morbilidad_sin_sumapaz.png,COPIADO,
2026-04-28 22:42:24,D:\TRABAJO DE GRADO BEN-MAP\RESULTADOS_FINALES\03_revision_sumapaz_morbilidad\panorama_morbilidad_tasa_100k_CORREGIDO.png,D:\TRABAJO DE GRADO BEN-MAP\GITHUB\Analisis_sensibilidad\03_resultados_figuras\figuras_complementarias_sumapaz\panorama_morbilidad_tasa_100k_CORREGIDO.png,COPIADO,
2026-04-28 22:42:24,D:\TRABAJO DE GRADO BEN-MAP\RESULTADOS_FINALES\03_revision_sumapaz_morbilidad\panorama_morbilidad_total_CORREGIDO.png,D:\TRABAJO DE GRADO BEN-MAP\GITHUB\Analisis_sensibilidad\03_resultados_figuras\figuras_complementarias_sumapaz\panorama_morbilidad_total_CORREGIDO.png,COPIADO,
2026-04-28 22:42:24,D:\TRABAJO DE GRADO BEN-MAP\RESULTADOS_FINALES\03_revision_sumapaz_morbilidad\auditoria_agregacion_por_localidad.csv,D:\TRABAJO DE GRADO BEN-MAP\GITHUB\Analisis_sensibilidad\04_resultados_tablas\auditoria_sumapaz\auditoria_agregacion_por_localidad.csv,COPIADO,
2026-04-28 22:42:24,D:\TRABAJO DE GRADO BEN-MAP\RESULTADOS_FINALES\03_revision_sumapaz_morbilidad\auditoria_agregacion_por_localidad_CORREGIDA.csv,D:\TRABAJO DE GRADO BEN-MAP\GITHUB\Analisis_sensibilidad\04_resultados_tablas\auditoria_sumapaz\auditoria_agregacion_por_localidad_CORREGIDA.csv,COPIADO,
2026-04-28 22:42:24,D:\TRABAJO DE GRADO BEN-MAP\RESULTADOS_FINALES\03_revision_sumapaz_morbilidad\control_pesos_area_por_celda.csv,D:\TRABAJO DE GRADO BEN-MAP\GITHUB\Analisis_sensibilidad\04_resultados_tablas\auditoria_sumapaz\control_pesos_area_por_celda.csv,COPIADO,
2026-04-28 22:42:24,D:\TRABAJO DE GRADO BEN-MAP\RESULTADOS_FINALES\03_revision_sumapaz_morbilidad\detalle_localidad_contaminante_endpoint.csv,D:\TRABAJO DE GRADO BEN-MAP\GITHUB\Analisis_sensibilidad\04_resultados_tablas\auditoria_sumapaz\detalle_localidad_contaminante_endpoint.csv,COPIADO,
2026-04-28 22:42:24,D:\TRABAJO DE GRADO BEN-MAP\RESULTADOS_FINALES\03_revision_sumapaz_morbilidad\detalle_localidad_contaminante_endpoint_CORREGIDO.csv,D:\TRABAJO DE GRADO BEN-MAP\GITHUB\Analisis_sensibilidad\04_resultados_tablas\auditoria_sumapaz\detalle_localidad_contaminante_endpoint_CORREGIDO.csv,COPIADO,
2026-04-28 22:42:24,D:\TRABAJO DE GRADO BEN-MAP\RESULTADOS_FINALES\03_revision_sumapaz_morbilidad\diagnostico_dominancia_espacial_sumapaz.csv,D:\TRABAJO DE GRADO BEN-MAP\GITHUB\Analisis_sensibilidad\04_resultados_tablas\auditoria_sumapaz\diagnostico_dominancia_espacial_sumapaz.csv,COPIADO,
2026-04-28 22:42:24,D:\TRABAJO DE GRADO BEN-MAP\RESULTADOS_FINALES\03_revision_sumapaz_morbilidad\panorama_morbilidad_por_localidad.csv,D:\TRABAJO DE GRADO BEN-MAP\GITHUB\Analisis_sensibilidad\04_resultados_tablas\auditoria_sumapaz\panorama_morbilidad_por_localidad.csv,COPIADO,
2026-04-28 22:42:24,D:\TRABAJO DE GRADO BEN-MAP\RESULTADOS_FINALES\03_revision_sumapaz_morbilidad\panorama_morbilidad_por_localidad_CORREGIDO.csv,D:\TRABAJO DE GRADO BEN-MAP\GITHUB\Analisis_sensibilidad\04_resultados_tablas\auditoria_sumapaz\panorama_morbilidad_por_localidad_CORREGIDO.csv,COPIADO,
2026-04-28 22:42:24,D:\TRABAJO DE GRADO BEN-MAP\RESULTADOS_FINALES\03_revision_sumapaz_morbilidad\ranking_casos_totales.csv,D:\TRABAJO DE GRADO BEN-MAP\GITHUB\Analisis_sensibilidad\04_resultados_tablas\auditoria_sumapaz\ranking_casos_totales.csv,COPIADO,
2026-04-28 22:42:24,D:\TRABAJO DE GRADO BEN-MAP\RESULTADOS_FINALES\03_revision_sumapaz_morbilidad\ranking_casos_totales_CORREGIDO.csv,D:\TRABAJO DE GRADO BEN-MAP\GITHUB\Analisis_sensibilidad\04_resultados_tablas\auditoria_sumapaz\ranking_casos_totales_CORREGIDO.csv,COPIADO,
2026-04-28 22:42:24,D:\TRABAJO DE GRADO BEN-MAP\RESULTADOS_FINALES\03_revision_sumapaz_morbilidad\ranking_tasa_casos_100k.csv,D:\TRABAJO DE GRADO BEN-MAP\GITHUB\Analisis_sensibilidad\04_resultados_tablas\auditoria_sumapaz\ranking_tasa_casos_100k.csv,COPIADO,
2026-04-28 22:42:24,D:\TRABAJO DE GRADO BEN-MAP\RESULTADOS_FINALES\03_revision_sumapaz_morbilidad\ranking_tasa_casos_100k_CORREGIDO.csv,D:\TRABAJO DE GRADO BEN-MAP\GITHUB\Analisis_sensibilidad\04_resultados_tablas\auditoria_sumapaz\ranking_tasa_casos_100k_CORREGIDO.csv,COPIADO,
2026-04-28 22:42:24,D:\TRABAJO DE GRADO BEN-MAP\RESULTADOS_FINALES\03_revision_sumapaz_morbilidad\ranking_valor_percapita.csv,D:\TRABAJO DE GRADO BEN-MAP\GITHUB\Analisis_sensibilidad\04_resultados_tablas\auditoria_sumapaz\ranking_valor_percapita.csv,COPIADO,
2026-04-28 22:42:24,D:\TRABAJO DE GRADO BEN-MAP\RESULTADOS_FINALES\03_revision_sumapaz_morbilidad\ranking_valor_percapita_CORREGIDO.csv,D:\TRABAJO DE GRADO BEN-MAP\GITHUB\Analisis_sensibilidad\04_resultados_tablas\auditoria_sumapaz\ranking_valor_percapita_CORREGIDO.csv,COPIADO,
2026-04-28 22:42:24,D:\TRABAJO DE GRADO BEN-MAP\RESULTADOS_FINALES\03_revision_sumapaz_morbilidad\ranking_valor_total.csv,D:\TRABAJO DE GRADO BEN-MAP\GITHUB\Analisis_sensibilidad\04_resultados_tablas\auditoria_sumapaz\ranking_valor_total.csv,COPIADO,
2026-04-28 22:42:24,D:\TRABAJO DE GRADO BEN-MAP\RESULTADOS_FINALES\03_revision_sumapaz_morbilidad\ranking_valor_total_CORREGIDO.csv,D:\TRABAJO DE GRADO BEN-MAP\GITHUB\Analisis_sensibilidad\04_resultados_tablas\auditoria_sumapaz\ranking_valor_total_CORREGIDO.csv,COPIADO,
2026-04-28 22:42:24,D:\TRABAJO DE GRADO BEN-MAP\RESULTADOS_FINALES\01_validacion_interpolacion\validacion_idw_scatter_no2.png,D:\TRABAJO DE GRADO BEN-MAP\GITHUB\Analisis_sensibilidad\03_resultados_figuras\capitulo_5_1_caracterizacion\validacion_idw_scatter_no2.png,COPIADO,
2026-04-28 22:42:24,D:\TRABAJO DE GRADO BEN-MAP\RESULTADOS_FINALES\01_validacion_interpolacion\validacion_idw_scatter_o3.png,D:\TRABAJO DE GRADO BEN-MAP\GITHUB\Analisis_sensibilidad\03_resultados_figuras\capitulo_5_1_caracterizacion\validacion_idw_scatter_o3.png,COPIADO,
2026-04-28 22:42:24,D:\TRABAJO DE GRADO BEN-MAP\RESULTADOS_FINALES\01_validacion_interpolacion\validacion_idw_scatter_pm25.png,D:\TRABAJO DE GRADO BEN-MAP\GITHUB\Analisis_sensibilidad\03_resultados_figuras\capitulo_5_1_caracterizacion\validacion_idw_scatter_pm25.png,COPIADO,
2026-04-28 22:42:24,D:\TRABAJO DE GRADO BEN-MAP\RESULTADOS_FINALES\01_validacion_interpolacion\validacion_idw_serie_no2.png,D:\TRABAJO DE GRADO BEN-MAP\GITHUB\Analisis_sensibilidad\03_resultados_figuras\capitulo_5_1_caracterizacion\validacion_idw_serie_no2.png,COPIADO,
2026-04-28 22:42:24,D:\TRABAJO DE GRADO BEN-MAP\RESULTADOS_FINALES\01_validacion_interpolacion\validacion_idw_serie_o3.png,D:\TRABAJO DE GRADO BEN-MAP\GITHUB\Analisis_sensibilidad\03_resultados_figuras\capitulo_5_1_caracterizacion\validacion_idw_serie_o3.png,COPIADO,
2026-04-28 22:42:24,D:\TRABAJO DE GRADO BEN-MAP\RESULTADOS_FINALES\01_validacion_interpolacion\validacion_idw_serie_pm25.png,D:\TRABAJO DE GRADO BEN-MAP\GITHUB\Analisis_sensibilidad\03_resultados_figuras\capitulo_5_1_caracterizacion\validacion_idw_serie_pm25.png,COPIADO,
2026-04-28 22:42:24,D:\TRABAJO DE GRADO BEN-MAP\RESULTADOS_FINALES\02_figuras\01_base_estudio\fig_5_01_porcentaje_faltantes_variables_numericas.pdf,D:\TRABAJO DE GRADO BEN-MAP\GITHUB\Analisis_sensibilidad\03_resultados_figuras\capitulo_5_1_caracterizacion\fig_5_01_porcentaje_faltantes_variables_numericas.pdf,COPIADO,
2026-04-28 22:42:24,D:\TRABAJO DE GRADO BEN-MAP\RESULTADOS_FINALES\02_figuras\01_base_estudio\fig_5_01_porcentaje_faltantes_variables_numericas.png,D:\TRABAJO DE GRADO BEN-MAP\GITHUB\Analisis_sensibilidad\03_resultados_figuras\capitulo_5_1_caracterizacion\fig_5_01_porcentaje_faltantes_variables_numericas.png,COPIADO,
2026-04-28 22:42:24,D:\TRABAJO DE GRADO BEN-MAP\RESULTADOS_FINALES\02_figuras\01_base_estudio\fig_5_01_porcentaje_faltantes_variables_numericas_v2.pdf,D:\TRABAJO DE GRADO BEN-MAP\GITHUB\Analisis_sensibilidad\03_resultados_figuras\capitulo_5_1_caracterizacion\fig_5_01_porcentaje_faltantes_variables_numericas_v2.pdf,COPIADO,
2026-04-28 22:42:24,D:\TRABAJO DE GRADO BEN-MAP\RESULTADOS_FINALES\02_figuras\01_base_estudio\fig_5_01_porcentaje_faltantes_variables_numericas_v3.pdf,D:\TRABAJO DE GRADO BEN-MAP\GITHUB\Analisis_sensibilidad\03_resultados_figuras\capitulo_5_1_caracterizacion\fig_5_01_porcentaje_faltantes_variables_numericas_v3.pdf,COPIADO,
2026-04-28 22:42:24,D:\TRABAJO DE GRADO BEN-MAP\RESULTADOS_FINALES\02_figuras\01_base_estudio\fig_5_02_cobertura_mensual_registros_no_nulos.pdf,D:\TRABAJO DE GRADO BEN-MAP\GITHUB\Analisis_sensibilidad\03_resultados_figuras\capitulo_5_1_caracterizacion\fig_5_02_cobertura_mensual_registros_no_nulos.pdf,COPIADO,
2026-04-28 22:42:24,D:\TRABAJO DE GRADO BEN-MAP\RESULTADOS_FINALES\02_figuras\01_base_estudio\fig_5_02_cobertura_mensual_registros_no_nulos.png,D:\TRABAJO DE GRADO BEN-MAP\GITHUB\Analisis_sensibilidad\03_resultados_figuras\capitulo_5_1_caracterizacion\fig_5_02_cobertura_mensual_registros_no_nulos.png,COPIADO,
2026-04-28 22:42:24,D:\TRABAJO DE GRADO BEN-MAP\RESULTADOS_FINALES\02_figuras\01_base_estudio\fig_5_02_cobertura_mensual_registros_no_nulos_v2.pdf,D:\TRABAJO DE GRADO BEN-MAP\GITHUB\Analisis_sensibilidad\03_resultados_figuras\capitulo_5_1_caracterizacion\fig_5_02_cobertura_mensual_registros_no_nulos_v2.pdf,COPIADO,
2026-04-28 22:42:24,D:\TRABAJO DE GRADO BEN-MAP\RESULTADOS_FINALES\02_figuras\01_base_estudio\fig_5_02_cobertura_mensual_registros_no_nulos_v3.pdf,D:\TRABAJO DE GRADO BEN-MAP\GITHUB\Analisis_sensibilidad\03_resultados_figuras\capitulo_5_1_caracterizacion\fig_5_02_cobertura_mensual_registros_no_nulos_v3.pdf,COPIADO,
2026-04-28 22:42:24,D:\TRABAJO DE GRADO BEN-MAP\RESULTADOS_FINALES\02_figuras\01_base_estudio\fig_5_03_promedios_anuales_observados_contaminantes.pdf,D:\TRABAJO DE GRADO BEN-MAP\GITHUB\Analisis_sensibilidad\03_resultados_figuras\capitulo_5_1_caracterizacion\fig_5_03_promedios_anuales_observados_contaminantes.pdf,COPIADO,
2026-04-28 22:42:24,D:\TRABAJO DE GRADO BEN-MAP\RESULTADOS_FINALES\02_figuras\01_base_estudio\fig_5_03_promedios_anuales_observados_contaminantes.png,D:\TRABAJO DE GRADO BEN-MAP\GITHUB\Analisis_sensibilidad\03_resultados_figuras\capitulo_5_1_caracterizacion\fig_5_03_promedios_anuales_observados_contaminantes.png,COPIADO,
2026-04-28 22:42:24,D:\TRABAJO DE GRADO BEN-MAP\RESULTADOS_FINALES\02_figuras\01_base_estudio\fig_5_03_promedios_anuales_observados_contaminantes_v2.pdf,D:\TRABAJO DE GRADO BEN-MAP\GITHUB\Analisis_sensibilidad\03_resultados_figuras\capitulo_5_1_caracterizacion\fig_5_03_promedios_anuales_observados_contaminantes_v2.pdf,COPIADO,
2026-04-28 22:42:24,D:\TRABAJO DE GRADO BEN-MAP\RESULTADOS_FINALES\02_figuras\01_base_estudio\fig_5_03_promedios_anuales_observados_contaminantes_v3.pdf,D:\TRABAJO DE GRADO BEN-MAP\GITHUB\Analisis_sensibilidad\03_resultados_figuras\capitulo_5_1_caracterizacion\fig_5_03_promedios_anuales_observados_contaminantes_v3.pdf,COPIADO,
2026-04-28 22:42:24,D:\TRABAJO DE GRADO BEN-MAP\RESULTADOS_FINALES\02_figuras\01_panel\fig_5_08_moran_global_campos_interpolados.pdf,D:\TRABAJO DE GRADO BEN-MAP\GITHUB\Analisis_sensibilidad\03_resultados_figuras\capitulo_5_1_caracterizacion\fig_5_08_moran_global_campos_interpolados.pdf,COPIADO,
2026-04-28 22:42:24,D:\TRABAJO DE GRADO BEN-MAP\RESULTADOS_FINALES\02_figuras\01_panel\fig_5_08_moran_global_campos_interpolados.png,D:\TRABAJO DE GRADO BEN-MAP\GITHUB\Analisis_sensibilidad\03_resultados_figuras\capitulo_5_1_caracterizacion\fig_5_08_moran_global_campos_interpolados.png,COPIADO,
2026-04-28 22:42:24,D:\TRABAJO DE GRADO BEN-MAP\RESULTADOS_FINALES\02_figuras\02_adveccion_difusion\00_estructura_malla\fig_5_05_distribucion_numero_vecinas_malla_queen.pdf,D:\TRABAJO DE GRADO BEN-MAP\GITHUB\Analisis_sensibilidad\03_resultados_figuras\capitulo_5_2_adveccion_difusion\fig_5_05_distribucion_numero_vecinas_malla_queen.pdf,COPIADO,
2026-04-28 22:42:24,D:\TRABAJO DE GRADO BEN-MAP\RESULTADOS_FINALES\02_figuras\02_adveccion_difusion\00_estructura_malla\fig_5_05_distribucion_numero_vecinas_malla_queen.png,D:\TRABAJO DE GRADO BEN-MAP\GITHUB\Analisis_sensibilidad\03_resultados_figuras\capitulo_5_2_adveccion_difusion\fig_5_05_distribucion_numero_vecinas_malla_queen.png,COPIADO,
2026-04-28 22:42:24,D:\TRABAJO DE GRADO BEN-MAP\RESULTADOS_FINALES\02_figuras\02_adveccion_difusion\00_estructura_malla\fig_5_05_distribucion_numero_vecinas_malla_queen_v2.pdf,D:\TRABAJO DE GRADO BEN-MAP\GITHUB\Analisis_sensibilidad\03_resultados_figuras\capitulo_5_2_adveccion_difusion\fig_5_05_distribucion_numero_vecinas_malla_queen_v2.pdf,COPIADO,
2026-04-28 22:42:24,D:\TRABAJO DE GRADO BEN-MAP\RESULTADOS_FINALES\02_figuras\02_adveccion_difusion\00_estructura_malla\fig_5_05_distribucion_numero_vecinas_malla_queen_v3.pdf,D:\TRABAJO DE GRADO BEN-MAP\GITHUB\Analisis_sensibilidad\03_resultados_figuras\capitulo_5_2_adveccion_difusion\fig_5_05_distribucion_numero_vecinas_malla_queen_v3.pdf,COPIADO,
2026-04-28 22:42:24,D:\TRABAJO DE GRADO BEN-MAP\RESULTADOS_FINALES\02_figuras\02_adveccion_difusion\01_campos_interpolados\celda_124_img_02_celda_2_vista_previa_de_los_mapas_promedio_interpolados_2020.pdf,D:\TRABAJO DE GRADO BEN-MAP\GITHUB\Analisis_sensibilidad\03_resultados_figuras\capitulo_5_2_adveccion_difusion\celda_124_img_02_celda_2_vista_previa_de_los_mapas_promedio_interpolados_2020.pdf,COPIADO,
2026-04-28 22:42:24,D:\TRABAJO DE GRADO BEN-MAP\RESULTADOS_FINALES\02_figuras\02_adveccion_difusion\01_campos_interpolados\celda_124_img_02_celda_2_vista_previa_de_los_mapas_promedio_interpolados_2020.png,D:\TRABAJO DE GRADO BEN-MAP\GITHUB\Analisis_sensibilidad\03_resultados_figuras\capitulo_5_2_adveccion_difusion\celda_124_img_02_celda_2_vista_previa_de_los_mapas_promedio_interpolados_2020.png,COPIADO,
2026-04-28 22:42:24,D:\TRABAJO DE GRADO BEN-MAP\RESULTADOS_FINALES\02_figuras\02_adveccion_difusion\01_campos_interpolados\celda_126_img_03_celda_3_vista_previa_de_mapas_anuales_del_campo_interpolado_.pdf,D:\TRABAJO DE GRADO BEN-MAP\GITHUB\Analisis_sensibilidad\03_resultados_figuras\capitulo_5_2_adveccion_difusion\celda_126_img_03_celda_3_vista_previa_de_mapas_anuales_del_campo_interpolado_.pdf,COPIADO,
2026-04-28 22:42:24,D:\TRABAJO DE GRADO BEN-MAP\RESULTADOS_FINALES\02_figuras\02_adveccion_difusion\01_campos_interpolados\celda_126_img_03_celda_3_vista_previa_de_mapas_anuales_del_campo_interpolado_.png,D:\TRABAJO DE GRADO BEN-MAP\GITHUB\Analisis_sensibilidad\03_resultados_figuras\capitulo_5_2_adveccion_difusion\celda_126_img_03_celda_3_vista_previa_de_mapas_anuales_del_campo_interpolado_.png,COPIADO,
2026-04-28 22:42:24,D:\TRABAJO DE GRADO BEN-MAP\RESULTADOS_FINALES\02_figuras\02_adveccion_difusion\01_campos_interpolados\celda_126_img_04_celda_3_vista_previa_de_mapas_anuales_del_campo_interpolado_.pdf,D:\TRABAJO DE GRADO BEN-MAP\GITHUB\Analisis_sensibilidad\03_resultados_figuras\capitulo_5_2_adveccion_difusion\celda_126_img_04_celda_3_vista_previa_de_mapas_anuales_del_campo_interpolado_.pdf,COPIADO,
2026-04-28 22:42:24,D:\TRABAJO DE GRADO BEN-MAP\RESULTADOS_FINALES\02_figuras\02_adveccion_difusion\01_campos_interpolados\celda_126_img_04_celda_3_vista_previa_de_mapas_anuales_del_campo_interpolado_.png,D:\TRABAJO DE GRADO BEN-MAP\GITHUB\Analisis_sensibilidad\03_resultados_figuras\capitulo_5_2_adveccion_difusion\celda_126_img_04_celda_3_vista_previa_de_mapas_anuales_del_campo_interpolado_.png,COPIADO,
2026-04-28 22:42:24,D:\TRABAJO DE GRADO BEN-MAP\RESULTADOS_FINALES\02_figuras\02_adveccion_difusion\01_campos_interpolados\celda_126_img_05_celda_3_vista_previa_de_mapas_anuales_del_campo_interpolado_.pdf,D:\TRABAJO DE GRADO BEN-MAP\GITHUB\Analisis_sensibilidad\03_resultados_figuras\capitulo_5_2_adveccion_difusion\celda_126_img_05_celda_3_vista_previa_de_mapas_anuales_del_campo_interpolado_.pdf,COPIADO,
2026-04-28 22:42:24,D:\TRABAJO DE GRADO BEN-MAP\RESULTADOS_FINALES\02_figuras\02_adveccion_difusion\01_campos_interpolados\celda_126_img_05_celda_3_vista_previa_de_mapas_anuales_del_campo_interpolado_.png,D:\TRABAJO DE GRADO BEN-MAP\GITHUB\Analisis_sensibilidad\03_resultados_figuras\capitulo_5_2_adveccion_difusion\celda_126_img_05_celda_3_vista_previa_de_mapas_anuales_del_campo_interpolado_.png,COPIADO,
2026-04-28 22:42:24,D:\TRABAJO DE GRADO BEN-MAP\RESULTADOS_FINALES\02_figuras\02_adveccion_difusion\01_campos_interpolados\celda_126_img_06_celda_3_vista_previa_de_mapas_anuales_del_campo_interpolado_.pdf,D:\TRABAJO DE GRADO BEN-MAP\GITHUB\Analisis_sensibilidad\03_resultados_figuras\capitulo_5_2_adveccion_difusion\celda_126_img_06_celda_3_vista_previa_de_mapas_anuales_del_campo_interpolado_.pdf,COPIADO,
2026-04-28 22:42:24,D:\TRABAJO DE GRADO BEN-MAP\RESULTADOS_FINALES\02_figuras\02_adveccion_difusion\01_campos_interpolados\celda_126_img_06_celda_3_vista_previa_de_mapas_anuales_del_campo_interpolado_.png,D:\TRABAJO DE GRADO BEN-MAP\GITHUB\Analisis_sensibilidad\03_resultados_figuras\capitulo_5_2_adveccion_difusion\celda_126_img_06_celda_3_vista_previa_de_mapas_anuales_del_campo_interpolado_.png,COPIADO,
2026-04-28 22:42:24,D:\TRABAJO DE GRADO BEN-MAP\RESULTADOS_FINALES\02_figuras\02_adveccion_difusion\01_campos_interpolados\celda_126_img_07_celda_3_vista_previa_de_mapas_anuales_del_campo_interpolado_.pdf,D:\TRABAJO DE GRADO BEN-MAP\GITHUB\Analisis_sensibilidad\03_resultados_figuras\capitulo_5_2_adveccion_difusion\celda_126_img_07_celda_3_vista_previa_de_mapas_anuales_del_campo_interpolado_.pdf,COPIADO,
2026-04-28 22:42:24,D:\TRABAJO DE GRADO BEN-MAP\RESULTADOS_FINALES\02_figuras\02_adveccion_difusion\01_campos_interpolados\celda_126_img_07_celda_3_vista_previa_de_mapas_anuales_del_campo_interpolado_.png,D:\TRABAJO DE GRADO BEN-MAP\GITHUB\Analisis_sensibilidad\03_resultados_figuras\capitulo_5_2_adveccion_difusion\celda_126_img_07_celda_3_vista_previa_de_mapas_anuales_del_campo_interpolado_.png,COPIADO,
2026-04-28 22:42:24,D:\TRABAJO DE GRADO BEN-MAP\RESULTADOS_FINALES\02_figuras\02_adveccion_difusion\01_campos_interpolados\fig_5_06_promedio_mensual_campo_interpolado_contaminantes.pdf,D:\TRABAJO DE GRADO BEN-MAP\GITHUB\Analisis_sensibilidad\03_resultados_figuras\capitulo_5_2_adveccion_difusion\fig_5_06_promedio_mensual_campo_interpolado_contaminantes.pdf,COPIADO,
2026-04-28 22:42:24,D:\TRABAJO DE GRADO BEN-MAP\RESULTADOS_FINALES\02_figuras\02_adveccion_difusion\01_campos_interpolados\fig_5_06_promedio_mensual_campo_interpolado_contaminantes.png,D:\TRABAJO DE GRADO BEN-MAP\GITHUB\Analisis_sensibilidad\03_resultados_figuras\capitulo_5_2_adveccion_difusion\fig_5_06_promedio_mensual_campo_interpolado_contaminantes.png,COPIADO,
2026-04-28 22:42:24,D:\TRABAJO DE GRADO BEN-MAP\RESULTADOS_FINALES\02_figuras\02_adveccion_difusion\01_campos_interpolados\fig_5_06_promedio_mensual_campo_interpolado_contaminantes_v2.pdf,D:\TRABAJO DE GRADO BEN-MAP\GITHUB\Analisis_sensibilidad\03_resultados_figuras\capitulo_5_2_adveccion_difusion\fig_5_06_promedio_mensual_campo_interpolado_contaminantes_v2.pdf,COPIADO,
2026-04-28 22:42:24,D:\TRABAJO DE GRADO BEN-MAP\RESULTADOS_FINALES\02_figuras\02_adveccion_difusion\01_campos_interpolados\fig_5_06_promedio_mensual_campo_interpolado_contaminantes_v3.pdf,D:\TRABAJO DE GRADO BEN-MAP\GITHUB\Analisis_sensibilidad\03_resultados_figuras\capitulo_5_2_adveccion_difusion\fig_5_06_promedio_mensual_campo_interpolado_contaminantes_v3.pdf,COPIADO,
2026-04-28 22:42:24,D:\TRABAJO DE GRADO BEN-MAP\RESULTADOS_FINALES\02_figuras\02_adveccion_difusion\02_gradiente_espacial\celda_128_img_03_celda_5_vista_previa_de_mapas_anuales_del_gradiente_espacial.pdf,D:\TRABAJO DE GRADO BEN-MAP\GITHUB\Analisis_sensibilidad\03_resultados_figuras\capitulo_5_2_adveccion_difusion\celda_128_img_03_celda_5_vista_previa_de_mapas_anuales_del_gradiente_espacial.pdf,COPIADO,
2026-04-28 22:42:24,D:\TRABAJO DE GRADO BEN-MAP\RESULTADOS_FINALES\02_figuras\02_adveccion_difusion\02_gradiente_espacial\celda_128_img_03_celda_5_vista_previa_de_mapas_anuales_del_gradiente_espacial.png,D:\TRABAJO DE GRADO BEN-MAP\GITHUB\Analisis_sensibilidad\03_resultados_figuras\capitulo_5_2_adveccion_difusion\celda_128_img_03_celda_5_vista_previa_de_mapas_anuales_del_gradiente_espacial.png,COPIADO,
2026-04-28 22:42:24,D:\TRABAJO DE GRADO BEN-MAP\RESULTADOS_FINALES\02_figuras\02_adveccion_difusion\02_gradiente_espacial\celda_128_img_04_celda_5_vista_previa_de_mapas_anuales_del_gradiente_espacial.pdf,D:\TRABAJO DE GRADO BEN-MAP\GITHUB\Analisis_sensibilidad\03_resultados_figuras\capitulo_5_2_adveccion_difusion\celda_128_img_04_celda_5_vista_previa_de_mapas_anuales_del_gradiente_espacial.pdf,COPIADO,
2026-04-28 22:42:24,D:\TRABAJO DE GRADO BEN-MAP\RESULTADOS_FINALES\02_figuras\02_adveccion_difusion\02_gradiente_espacial\celda_128_img_04_celda_5_vista_previa_de_mapas_anuales_del_gradiente_espacial.png,D:\TRABAJO DE GRADO BEN-MAP\GITHUB\Analisis_sensibilidad\03_resultados_figuras\capitulo_5_2_adveccion_difusion\celda_128_img_04_celda_5_vista_previa_de_mapas_anuales_del_gradiente_espacial.png,COPIADO,
2026-04-28 22:42:24,D:\TRABAJO DE GRADO BEN-MAP\RESULTADOS_FINALES\02_figuras\02_adveccion_difusion\02_gradiente_espacial\celda_128_img_05_celda_5_vista_previa_de_mapas_anuales_del_gradiente_espacial.pdf,D:\TRABAJO DE GRADO BEN-MAP\GITHUB\Analisis_sensibilidad\03_resultados_figuras\capitulo_5_2_adveccion_difusion\celda_128_img_05_celda_5_vista_previa_de_mapas_anuales_del_gradiente_espacial.pdf,COPIADO,
2026-04-28 22:42:24,D:\TRABAJO DE GRADO BEN-MAP\RESULTADOS_FINALES\02_figuras\02_adveccion_difusion\02_gradiente_espacial\celda_128_img_05_celda_5_vista_previa_de_mapas_anuales_del_gradiente_espacial.png,D:\TRABAJO DE GRADO BEN-MAP\GITHUB\Analisis_sensibilidad\03_resultados_figuras\capitulo_5_2_adveccion_difusion\celda_128_img_05_celda_5_vista_previa_de_mapas_anuales_del_gradiente_espacial.png,COPIADO,
2026-04-28 22:42:24,D:\TRABAJO DE GRADO BEN-MAP\RESULTADOS_FINALES\02_figuras\02_adveccion_difusion\02_gradiente_espacial\celda_128_img_06_celda_5_vista_previa_de_mapas_anuales_del_gradiente_espacial.pdf,D:\TRABAJO DE GRADO BEN-MAP\GITHUB\Analisis_sensibilidad\03_resultados_figuras\capitulo_5_2_adveccion_difusion\celda_128_img_06_celda_5_vista_previa_de_mapas_anuales_del_gradiente_espacial.pdf,COPIADO,
2026-04-28 22:42:24,D:\TRABAJO DE GRADO BEN-MAP\RESULTADOS_FINALES\02_figuras\02_adveccion_difusion\02_gradiente_espacial\celda_128_img_06_celda_5_vista_previa_de_mapas_anuales_del_gradiente_espacial.png,D:\TRABAJO DE GRADO BEN-MAP\GITHUB\Analisis_sensibilidad\03_resultados_figuras\capitulo_5_2_adveccion_difusion\celda_128_img_06_celda_5_vista_previa_de_mapas_anuales_del_gradiente_espacial.png,COPIADO,
2026-04-28 22:42:24,D:\TRABAJO DE GRADO BEN-MAP\RESULTADOS_FINALES\02_figuras\02_adveccion_difusion\02_gradiente_espacial\celda_128_img_07_celda_5_vista_previa_de_mapas_anuales_del_gradiente_espacial.pdf,D:\TRABAJO DE GRADO BEN-MAP\GITHUB\Analisis_sensibilidad\03_resultados_figuras\capitulo_5_2_adveccion_difusion\celda_128_img_07_celda_5_vista_previa_de_mapas_anuales_del_gradiente_espacial.pdf,COPIADO,
2026-04-28 22:42:24,D:\TRABAJO DE GRADO BEN-MAP\RESULTADOS_FINALES\02_figuras\02_adveccion_difusion\02_gradiente_espacial\celda_128_img_07_celda_5_vista_previa_de_mapas_anuales_del_gradiente_espacial.png,D:\TRABAJO DE GRADO BEN-MAP\GITHUB\Analisis_sensibilidad\03_resultados_figuras\capitulo_5_2_adveccion_difusion\celda_128_img_07_celda_5_vista_previa_de_mapas_anuales_del_gradiente_espacial.png,COPIADO,
2026-04-28 22:42:24,D:\TRABAJO DE GRADO BEN-MAP\RESULTADOS_FINALES\02_figuras\02_adveccion_difusion\02_gradiente_espacial\fig_5_07_promedio_mensual_gradiente_espacial_km.pdf,D:\TRABAJO DE GRADO BEN-MAP\GITHUB\Analisis_sensibilidad\03_resultados_figuras\capitulo_5_2_adveccion_difusion\fig_5_07_promedio_mensual_gradiente_espacial_km.pdf,COPIADO,
2026-04-28 22:42:24,D:\TRABAJO DE GRADO BEN-MAP\RESULTADOS_FINALES\02_figuras\02_adveccion_difusion\02_gradiente_espacial\fig_5_07_promedio_mensual_gradiente_espacial_km.png,D:\TRABAJO DE GRADO BEN-MAP\GITHUB\Analisis_sensibilidad\03_resultados_figuras\capitulo_5_2_adveccion_difusion\fig_5_07_promedio_mensual_gradiente_espacial_km.png,COPIADO,
2026-04-28 22:42:24,D:\TRABAJO DE GRADO BEN-MAP\RESULTADOS_FINALES\02_figuras\02_adveccion_difusion\02_gradiente_espacial\fig_5_07_promedio_mensual_gradiente_espacial_km_v2.pdf,D:\TRABAJO DE GRADO BEN-MAP\GITHUB\Analisis_sensibilidad\03_resultados_figuras\capitulo_5_2_adveccion_difusion\fig_5_07_promedio_mensual_gradiente_espacial_km_v2.pdf,COPIADO,
2026-04-28 22:42:24,D:\TRABAJO DE GRADO BEN-MAP\RESULTADOS_FINALES\02_figuras\02_adveccion_difusion\02_gradiente_espacial\fig_5_07_promedio_mensual_gradiente_espacial_km_v3.pdf,D:\TRABAJO DE GRADO BEN-MAP\GITHUB\Analisis_sensibilidad\03_resultados_figuras\capitulo_5_2_adveccion_difusion\fig_5_07_promedio_mensual_gradiente_espacial_km_v3.pdf,COPIADO,
2026-04-28 22:42:24,D:\TRABAJO DE GRADO BEN-MAP\RESULTADOS_FINALES\02_figuras\02_adveccion_difusion\03_proxy_advectivo\celda_130_img_03_celda_6_vista_previa_de_mapas_anuales_del_proxy_advectivo_es.pdf,D:\TRABAJO DE GRADO BEN-MAP\GITHUB\Analisis_sensibilidad\03_resultados_figuras\capitulo_5_2_adveccion_difusion\celda_130_img_03_celda_6_vista_previa_de_mapas_anuales_del_proxy_advectivo_es.pdf,COPIADO,
2026-04-28 22:42:24,D:\TRABAJO DE GRADO BEN-MAP\RESULTADOS_FINALES\02_figuras\02_adveccion_difusion\03_proxy_advectivo\celda_130_img_03_celda_6_vista_previa_de_mapas_anuales_del_proxy_advectivo_es.png,D:\TRABAJO DE GRADO BEN-MAP\GITHUB\Analisis_sensibilidad\03_resultados_figuras\capitulo_5_2_adveccion_difusion\celda_130_img_03_celda_6_vista_previa_de_mapas_anuales_del_proxy_advectivo_es.png,COPIADO,
2026-04-28 22:42:24,D:\TRABAJO DE GRADO BEN-MAP\RESULTADOS_FINALES\02_figuras\02_adveccion_difusion\03_proxy_advectivo\celda_130_img_04_celda_6_vista_previa_de_mapas_anuales_del_proxy_advectivo_es.pdf,D:\TRABAJO DE GRADO BEN-MAP\GITHUB\Analisis_sensibilidad\03_resultados_figuras\capitulo_5_2_adveccion_difusion\celda_130_img_04_celda_6_vista_previa_de_mapas_anuales_del_proxy_advectivo_es.pdf,COPIADO,
2026-04-28 22:42:24,D:\TRABAJO DE GRADO BEN-MAP\RESULTADOS_FINALES\02_figuras\02_adveccion_difusion\03_proxy_advectivo\celda_130_img_04_celda_6_vista_previa_de_mapas_anuales_del_proxy_advectivo_es.png,D:\TRABAJO DE GRADO BEN-MAP\GITHUB\Analisis_sensibilidad\03_resultados_figuras\capitulo_5_2_adveccion_difusion\celda_130_img_04_celda_6_vista_previa_de_mapas_anuales_del_proxy_advectivo_es.png,COPIADO,
2026-04-28 22:42:24,D:\TRABAJO DE GRADO BEN-MAP\RESULTADOS_FINALES\02_figuras\02_adveccion_difusion\03_proxy_advectivo\celda_130_img_05_celda_6_vista_previa_de_mapas_anuales_del_proxy_advectivo_es.pdf,D:\TRABAJO DE GRADO BEN-MAP\GITHUB\Analisis_sensibilidad\03_resultados_figuras\capitulo_5_2_adveccion_difusion\celda_130_img_05_celda_6_vista_previa_de_mapas_anuales_del_proxy_advectivo_es.pdf,COPIADO,
2026-04-28 22:42:24,D:\TRABAJO DE GRADO BEN-MAP\RESULTADOS_FINALES\02_figuras\02_adveccion_difusion\03_proxy_advectivo\celda_130_img_05_celda_6_vista_previa_de_mapas_anuales_del_proxy_advectivo_es.png,D:\TRABAJO DE GRADO BEN-MAP\GITHUB\Analisis_sensibilidad\03_resultados_figuras\capitulo_5_2_adveccion_difusion\celda_130_img_05_celda_6_vista_previa_de_mapas_anuales_del_proxy_advectivo_es.png,COPIADO,
2026-04-28 22:42:24,D:\TRABAJO DE GRADO BEN-MAP\RESULTADOS_FINALES\02_figuras\02_adveccion_difusion\03_proxy_advectivo\celda_130_img_06_celda_6_vista_previa_de_mapas_anuales_del_proxy_advectivo_es.pdf,D:\TRABAJO DE GRADO BEN-MAP\GITHUB\Analisis_sensibilidad\03_resultados_figuras\capitulo_5_2_adveccion_difusion\celda_130_img_06_celda_6_vista_previa_de_mapas_anuales_del_proxy_advectivo_es.pdf,COPIADO,
2026-04-28 22:42:24,D:\TRABAJO DE GRADO BEN-MAP\RESULTADOS_FINALES\02_figuras\02_adveccion_difusion\03_proxy_advectivo\celda_130_img_06_celda_6_vista_previa_de_mapas_anuales_del_proxy_advectivo_es.png,D:\TRABAJO DE GRADO BEN-MAP\GITHUB\Analisis_sensibilidad\03_resultados_figuras\capitulo_5_2_adveccion_difusion\celda_130_img_06_celda_6_vista_previa_de_mapas_anuales_del_proxy_advectivo_es.png,COPIADO,
2026-04-28 22:42:24,D:\TRABAJO DE GRADO BEN-MAP\RESULTADOS_FINALES\02_figuras\02_adveccion_difusion\03_proxy_advectivo\celda_130_img_07_celda_6_vista_previa_de_mapas_anuales_del_proxy_advectivo_es.pdf,D:\TRABAJO DE GRADO BEN-MAP\GITHUB\Analisis_sensibilidad\03_resultados_figuras\capitulo_5_2_adveccion_difusion\celda_130_img_07_celda_6_vista_previa_de_mapas_anuales_del_proxy_advectivo_es.pdf,COPIADO,
2026-04-28 22:42:24,D:\TRABAJO DE GRADO BEN-MAP\RESULTADOS_FINALES\02_figuras\02_adveccion_difusion\03_proxy_advectivo\celda_130_img_07_celda_6_vista_previa_de_mapas_anuales_del_proxy_advectivo_es.png,D:\TRABAJO DE GRADO BEN-MAP\GITHUB\Analisis_sensibilidad\03_resultados_figuras\capitulo_5_2_adveccion_difusion\celda_130_img_07_celda_6_vista_previa_de_mapas_anuales_del_proxy_advectivo_es.png,COPIADO,
2026-04-28 22:42:24,D:\TRABAJO DE GRADO BEN-MAP\RESULTADOS_FINALES\02_figuras\02_adveccion_difusion\03_proxy_advectivo\fig_5_08_promedio_mensual_proxy_advectivo_km.pdf,D:\TRABAJO DE GRADO BEN-MAP\GITHUB\Analisis_sensibilidad\03_resultados_figuras\capitulo_5_2_adveccion_difusion\fig_5_08_promedio_mensual_proxy_advectivo_km.pdf,COPIADO,
2026-04-28 22:42:24,D:\TRABAJO DE GRADO BEN-MAP\RESULTADOS_FINALES\02_figuras\02_adveccion_difusion\03_proxy_advectivo\fig_5_08_promedio_mensual_proxy_advectivo_km.png,D:\TRABAJO DE GRADO BEN-MAP\GITHUB\Analisis_sensibilidad\03_resultados_figuras\capitulo_5_2_adveccion_difusion\fig_5_08_promedio_mensual_proxy_advectivo_km.png,COPIADO,
2026-04-28 22:42:24,D:\TRABAJO DE GRADO BEN-MAP\RESULTADOS_FINALES\02_figuras\02_adveccion_difusion\03_proxy_advectivo\fig_5_08_promedio_mensual_proxy_advectivo_km_v2.pdf,D:\TRABAJO DE GRADO BEN-MAP\GITHUB\Analisis_sensibilidad\03_resultados_figuras\capitulo_5_2_adveccion_difusion\fig_5_08_promedio_mensual_proxy_advectivo_km_v2.pdf,COPIADO,
2026-04-28 22:42:24,D:\TRABAJO DE GRADO BEN-MAP\RESULTADOS_FINALES\02_figuras\02_adveccion_difusion\03_proxy_advectivo\fig_5_08_promedio_mensual_proxy_advectivo_km_v3.pdf,D:\TRABAJO DE GRADO BEN-MAP\GITHUB\Analisis_sensibilidad\03_resultados_figuras\capitulo_5_2_adveccion_difusion\fig_5_08_promedio_mensual_proxy_advectivo_km_v3.pdf,COPIADO,
2026-04-28 22:42:24,D:\TRABAJO DE GRADO BEN-MAP\RESULTADOS_FINALES\02_figuras\02_adveccion_difusion\04_termino_difusivo\fig_5_09_promedio_mensual_termino_difusivo.pdf,D:\TRABAJO DE GRADO BEN-MAP\GITHUB\Analisis_sensibilidad\03_resultados_figuras\capitulo_5_2_adveccion_difusion\fig_5_09_promedio_mensual_termino_difusivo.pdf,COPIADO,
2026-04-28 22:42:24,D:\TRABAJO DE GRADO BEN-MAP\RESULTADOS_FINALES\02_figuras\02_adveccion_difusion\04_termino_difusivo\fig_5_09_promedio_mensual_termino_difusivo.png,D:\TRABAJO DE GRADO BEN-MAP\GITHUB\Analisis_sensibilidad\03_resultados_figuras\capitulo_5_2_adveccion_difusion\fig_5_09_promedio_mensual_termino_difusivo.png,COPIADO,
2026-04-28 22:42:24,D:\TRABAJO DE GRADO BEN-MAP\RESULTADOS_FINALES\02_figuras\02_adveccion_difusion\04_termino_difusivo\fig_5_09_promedio_mensual_termino_difusivo_v2.pdf,D:\TRABAJO DE GRADO BEN-MAP\GITHUB\Analisis_sensibilidad\03_resultados_figuras\capitulo_5_2_adveccion_difusion\fig_5_09_promedio_mensual_termino_difusivo_v2.pdf,COPIADO,
2026-04-28 22:42:24,D:\TRABAJO DE GRADO BEN-MAP\RESULTADOS_FINALES\02_figuras\02_adveccion_difusion\04_termino_difusivo\fig_5_09_promedio_mensual_termino_difusivo_v3.pdf,D:\TRABAJO DE GRADO BEN-MAP\GITHUB\Analisis_sensibilidad\03_resultados_figuras\capitulo_5_2_adveccion_difusion\fig_5_09_promedio_mensual_termino_difusivo_v3.pdf,COPIADO,
2026-04-28 22:42:24,D:\TRABAJO DE GRADO BEN-MAP\RESULTADOS_FINALES\02_figuras\02_adveccion_difusion\04_termino_difusivo\fig_5_10_promedio_mensual_absoluto_termino_difusivo.pdf,D:\TRABAJO DE GRADO BEN-MAP\GITHUB\Analisis_sensibilidad\03_resultados_figuras\capitulo_5_2_adveccion_difusion\fig_5_10_promedio_mensual_absoluto_termino_difusivo.pdf,COPIADO,
2026-04-28 22:42:24,D:\TRABAJO DE GRADO BEN-MAP\RESULTADOS_FINALES\02_figuras\02_adveccion_difusion\04_termino_difusivo\fig_5_10_promedio_mensual_absoluto_termino_difusivo.png,D:\TRABAJO DE GRADO BEN-MAP\GITHUB\Analisis_sensibilidad\03_resultados_figuras\capitulo_5_2_adveccion_difusion\fig_5_10_promedio_mensual_absoluto_termino_difusivo.png,COPIADO,
2026-04-28 22:42:24,D:\TRABAJO DE GRADO BEN-MAP\RESULTADOS_FINALES\02_figuras\02_adveccion_difusion\04_termino_difusivo\fig_5_10_promedio_mensual_absoluto_termino_difusivo_v2.pdf,D:\TRABAJO DE GRADO BEN-MAP\GITHUB\Analisis_sensibilidad\03_resultados_figuras\capitulo_5_2_adveccion_difusion\fig_5_10_promedio_mensual_absoluto_termino_difusivo_v2.pdf,COPIADO,
2026-04-28 22:42:24,D:\TRABAJO DE GRADO BEN-MAP\RESULTADOS_FINALES\02_figuras\02_adveccion_difusion\04_termino_difusivo\fig_5_10_promedio_mensual_absoluto_termino_difusivo_v3.pdf,D:\TRABAJO DE GRADO BEN-MAP\GITHUB\Analisis_sensibilidad\03_resultados_figuras\capitulo_5_2_adveccion_difusion\fig_5_10_promedio_mensual_absoluto_termino_difusivo_v3.pdf,COPIADO,
2026-04-28 22:42:24,D:\TRABAJO DE GRADO BEN-MAP\RESULTADOS_FINALES\01_insumos_resultados\hbm\NO2\fig_hbm_ancho_intervalo_mensual_no2.png,D:\TRABAJO DE GRADO BEN-MAP\GITHUB\Analisis_sensibilidad\03_resultados_figuras\capitulo_5_3_hbm\fig_hbm_ancho_intervalo_mensual_no2.png,COPIADO,
2026-04-28 22:42:24,D:\TRABAJO DE GRADO BEN-MAP\RESULTADOS_FINALES\01_insumos_resultados\hbm\NO2\fig_hbm_auditoria_flags_no2.png,D:\TRABAJO DE GRADO BEN-MAP\GITHUB\Analisis_sensibilidad\03_resultados_figuras\capitulo_5_3_hbm\fig_hbm_auditoria_flags_no2.png,COPIADO,
2026-04-28 22:42:24,D:\TRABAJO DE GRADO BEN-MAP\RESULTADOS_FINALES\01_insumos_resultados\hbm\NO2\fig_hbm_metricas_promedio_folds_no2.png,D:\TRABAJO DE GRADO BEN-MAP\GITHUB\Analisis_sensibilidad\03_resultados_figuras\capitulo_5_3_hbm\fig_hbm_metricas_promedio_folds_no2.png,COPIADO,
2026-04-28 22:42:24,D:\TRABAJO DE GRADO BEN-MAP\RESULTADOS_FINALES\01_insumos_resultados\hbm\NO2\fig_hbm_obs_vs_pred_no2.png,D:\TRABAJO DE GRADO BEN-MAP\GITHUB\Analisis_sensibilidad\03_resultados_figuras\capitulo_5_3_hbm\fig_hbm_obs_vs_pred_no2.png,COPIADO,
2026-04-28 22:42:24,D:\TRABAJO DE GRADO BEN-MAP\RESULTADOS_FINALES\01_insumos_resultados\hbm\NO2\fig_hbm_residuos_no2.png,D:\TRABAJO DE GRADO BEN-MAP\GITHUB\Analisis_sensibilidad\03_resultados_figuras\capitulo_5_3_hbm\fig_hbm_residuos_no2.png,COPIADO,
2026-04-28 22:42:24,D:\TRABAJO DE GRADO BEN-MAP\RESULTADOS_FINALES\01_insumos_resultados\hbm\NO2\fig_hbm_residuos_por_fold_no2.png,D:\TRABAJO DE GRADO BEN-MAP\GITHUB\Analisis_sensibilidad\03_resultados_figuras\capitulo_5_3_hbm\fig_hbm_residuos_por_fold_no2.png,COPIADO,
2026-04-28 22:42:24,D:\TRABAJO DE GRADO BEN-MAP\RESULTADOS_FINALES\01_insumos_resultados\hbm\NO2\fig_hbm_resumen_estaciones_no2.png,D:\TRABAJO DE GRADO BEN-MAP\GITHUB\Analisis_sensibilidad\03_resultados_figuras\capitulo_5_3_hbm\fig_hbm_resumen_estaciones_no2.png,COPIADO,
2026-04-28 22:42:24,D:\TRABAJO DE GRADO BEN-MAP\RESULTADOS_FINALES\01_insumos_resultados\hbm\NO2\fig_hbm_serie_obs_vs_pred_no2.png,D:\TRABAJO DE GRADO BEN-MAP\GITHUB\Analisis_sensibilidad\03_resultados_figuras\capitulo_5_3_hbm\fig_hbm_serie_obs_vs_pred_no2.png,COPIADO,
2026-04-28 22:42:24,D:\TRABAJO DE GRADO BEN-MAP\RESULTADOS_FINALES\01_insumos_resultados\hbm\NO2\fig_hbm_superficie_central_mensual_no2.png,D:\TRABAJO DE GRADO BEN-MAP\GITHUB\Analisis_sensibilidad\03_resultados_figuras\capitulo_5_3_hbm\fig_hbm_superficie_central_mensual_no2.png,COPIADO,
2026-04-28 22:42:24,D:\TRABAJO DE GRADO BEN-MAP\RESULTADOS_FINALES\01_insumos_resultados\hbm\O3\fig_hbm_ancho_intervalo_mensual_o3.png,D:\TRABAJO DE GRADO BEN-MAP\GITHUB\Analisis_sensibilidad\03_resultados_figuras\capitulo_5_3_hbm\fig_hbm_ancho_intervalo_mensual_o3.png,COPIADO,
2026-04-28 22:42:24,D:\TRABAJO DE GRADO BEN-MAP\RESULTADOS_FINALES\01_insumos_resultados\hbm\O3\fig_hbm_auditoria_flags_o3.png,D:\TRABAJO DE GRADO BEN-MAP\GITHUB\Analisis_sensibilidad\03_resultados_figuras\capitulo_5_3_hbm\fig_hbm_auditoria_flags_o3.png,COPIADO,
2026-04-28 22:42:24,D:\TRABAJO DE GRADO BEN-MAP\RESULTADOS_FINALES\01_insumos_resultados\hbm\O3\fig_hbm_metricas_promedio_folds_o3.png,D:\TRABAJO DE GRADO BEN-MAP\GITHUB\Analisis_sensibilidad\03_resultados_figuras\capitulo_5_3_hbm\fig_hbm_metricas_promedio_folds_o3.png,COPIADO,
2026-04-28 22:42:24,D:\TRABAJO DE GRADO BEN-MAP\RESULTADOS_FINALES\01_insumos_resultados\hbm\O3\fig_hbm_obs_vs_pred_o3.png,D:\TRABAJO DE GRADO BEN-MAP\GITHUB\Analisis_sensibilidad\03_resultados_figuras\capitulo_5_3_hbm\fig_hbm_obs_vs_pred_o3.png,COPIADO,
2026-04-28 22:42:25,D:\TRABAJO DE GRADO BEN-MAP\RESULTADOS_FINALES\01_insumos_resultados\hbm\O3\fig_hbm_residuos_o3.png,D:\TRABAJO DE GRADO BEN-MAP\GITHUB\Analisis_sensibilidad\03_resultados_figuras\capitulo_5_3_hbm\fig_hbm_residuos_o3.png,COPIADO,
2026-04-28 22:42:25,D:\TRABAJO DE GRADO BEN-MAP\RESULTADOS_FINALES\01_insumos_resultados\hbm\O3\fig_hbm_residuos_por_fold_o3.png,D:\TRABAJO DE GRADO BEN-MAP\GITHUB\Analisis_sensibilidad\03_resultados_figuras\capitulo_5_3_hbm\fig_hbm_residuos_por_fold_o3.png,COPIADO,
2026-04-28 22:42:25,D:\TRABAJO DE GRADO BEN-MAP\RESULTADOS_FINALES\01_insumos_resultados\hbm\O3\fig_hbm_resumen_estaciones_o3.png,D:\TRABAJO DE GRADO BEN-MAP\GITHUB\Analisis_sensibilidad\03_resultados_figuras\capitulo_5_3_hbm\fig_hbm_resumen_estaciones_o3.png,COPIADO,
2026-04-28 22:42:25,D:\TRABAJO DE GRADO BEN-MAP\RESULTADOS_FINALES\01_insumos_resultados\hbm\O3\fig_hbm_serie_obs_vs_pred_o3.png,D:\TRABAJO DE GRADO BEN-MAP\GITHUB\Analisis_sensibilidad\03_resultados_figuras\capitulo_5_3_hbm\fig_hbm_serie_obs_vs_pred_o3.png,COPIADO,
2026-04-28 22:42:25,D:\TRABAJO DE GRADO BEN-MAP\RESULTADOS_FINALES\01_insumos_resultados\hbm\O3\fig_hbm_superficie_central_mensual_o3.png,D:\TRABAJO DE GRADO BEN-MAP\GITHUB\Analisis_sensibilidad\03_resultados_figuras\capitulo_5_3_hbm\fig_hbm_superficie_central_mensual_o3.png,COPIADO,
2026-04-28 22:42:25,D:\TRABAJO DE GRADO BEN-MAP\RESULTADOS_FINALES\01_insumos_resultados\hbm\PM25\fig_hbm_ancho_intervalo_mensual_pm25.png,D:\TRABAJO DE GRADO BEN-MAP\GITHUB\Analisis_sensibilidad\03_resultados_figuras\capitulo_5_3_hbm\fig_hbm_ancho_intervalo_mensual_pm25.png,COPIADO,
2026-04-28 22:42:25,D:\TRABAJO DE GRADO BEN-MAP\RESULTADOS_FINALES\01_insumos_resultados\hbm\PM25\fig_hbm_auditoria_flags_pm25.png,D:\TRABAJO DE GRADO BEN-MAP\GITHUB\Analisis_sensibilidad\03_resultados_figuras\capitulo_5_3_hbm\fig_hbm_auditoria_flags_pm25.png,COPIADO,
2026-04-28 22:42:25,D:\TRABAJO DE GRADO BEN-MAP\RESULTADOS_FINALES\01_insumos_resultados\hbm\PM25\fig_hbm_metricas_promedio_folds_pm25.png,D:\TRABAJO DE GRADO BEN-MAP\GITHUB\Analisis_sensibilidad\03_resultados_figuras\capitulo_5_3_hbm\fig_hbm_metricas_promedio_folds_pm25.png,COPIADO,
2026-04-28 22:42:25,D:\TRABAJO DE GRADO BEN-MAP\RESULTADOS_FINALES\01_insumos_resultados\hbm\PM25\fig_hbm_obs_vs_pred_pm25.png,D:\TRABAJO DE GRADO BEN-MAP\GITHUB\Analisis_sensibilidad\03_resultados_figuras\capitulo_5_3_hbm\fig_hbm_obs_vs_pred_pm25.png,COPIADO,
2026-04-28 22:42:25,D:\TRABAJO DE GRADO BEN-MAP\RESULTADOS_FINALES\01_insumos_resultados\hbm\PM25\fig_hbm_residuos_pm25.png,D:\TRABAJO DE GRADO BEN-MAP\GITHUB\Analisis_sensibilidad\03_resultados_figuras\capitulo_5_3_hbm\fig_hbm_residuos_pm25.png,COPIADO,
2026-04-28 22:42:25,D:\TRABAJO DE GRADO BEN-MAP\RESULTADOS_FINALES\01_insumos_resultados\hbm\PM25\fig_hbm_residuos_por_fold_pm25.png,D:\TRABAJO DE GRADO BEN-MAP\GITHUB\Analisis_sensibilidad\03_resultados_figuras\capitulo_5_3_hbm\fig_hbm_residuos_por_fold_pm25.png,COPIADO,
2026-04-28 22:42:25,D:\TRABAJO DE GRADO BEN-MAP\RESULTADOS_FINALES\01_insumos_resultados\hbm\PM25\fig_hbm_resumen_estaciones_pm25.png,D:\TRABAJO DE GRADO BEN-MAP\GITHUB\Analisis_sensibilidad\03_resultados_figuras\capitulo_5_3_hbm\fig_hbm_resumen_estaciones_pm25.png,COPIADO,
2026-04-28 22:42:25,D:\TRABAJO DE GRADO BEN-MAP\RESULTADOS_FINALES\01_insumos_resultados\hbm\PM25\fig_hbm_serie_obs_vs_pred_pm25.png,D:\TRABAJO DE GRADO BEN-MAP\GITHUB\Analisis_sensibilidad\03_resultados_figuras\capitulo_5_3_hbm\fig_hbm_serie_obs_vs_pred_pm25.png,COPIADO,
2026-04-28 22:42:25,D:\TRABAJO DE GRADO BEN-MAP\RESULTADOS_FINALES\01_insumos_resultados\hbm\PM25\fig_hbm_superficie_central_mensual_pm25.png,D:\TRABAJO DE GRADO BEN-MAP\GITHUB\Analisis_sensibilidad\03_resultados_figuras\capitulo_5_3_hbm\fig_hbm_superficie_central_mensual_pm25.png,COPIADO,
2026-04-28 22:42:25,D:\TRABAJO DE GRADO BEN-MAP\RESULTADOS_FINALES\02_figuras\01_base_estudio\fig_5_03_promedios_anuales_observados_contaminantes.pdf,D:\TRABAJO DE GRADO BEN-MAP\GITHUB\Analisis_sensibilidad\03_resultados_figuras\capitulo_5_3_hbm\fig_5_03_promedios_anuales_observados_contaminantes.pdf,COPIADO,
2026-04-28 22:42:25,D:\TRABAJO DE GRADO BEN-MAP\RESULTADOS_FINALES\02_figuras\01_base_estudio\fig_5_03_promedios_anuales_observados_contaminantes.png,D:\TRABAJO DE GRADO BEN-MAP\GITHUB\Analisis_sensibilidad\03_resultados_figuras\capitulo_5_3_hbm\fig_5_03_promedios_anuales_observados_contaminantes.png,COPIADO,
2026-04-28 22:42:25,D:\TRABAJO DE GRADO BEN-MAP\RESULTADOS_FINALES\02_figuras\01_base_estudio\fig_5_03_promedios_anuales_observados_contaminantes_v2.pdf,D:\TRABAJO DE GRADO BEN-MAP\GITHUB\Analisis_sensibilidad\03_resultados_figuras\capitulo_5_3_hbm\fig_5_03_promedios_anuales_observados_contaminantes_v2.pdf,COPIADO,
2026-04-28 22:42:25,D:\TRABAJO DE GRADO BEN-MAP\RESULTADOS_FINALES\02_figuras\01_base_estudio\fig_5_03_promedios_anuales_observados_contaminantes_v3.pdf,D:\TRABAJO DE GRADO BEN-MAP\GITHUB\Analisis_sensibilidad\03_resultados_figuras\capitulo_5_3_hbm\fig_5_03_promedios_anuales_observados_contaminantes_v3.pdf,COPIADO,
2026-04-28 22:42:25,D:\TRABAJO DE GRADO BEN-MAP\RESULTADOS_FINALES\02_figuras\03_hbm\01_validacion\celda_140_img_05_celda_9_tabla_robusta_de_validacion_y_evaluacion_del_hbm_en_.pdf,D:\TRABAJO DE GRADO BEN-MAP\GITHUB\Analisis_sensibilidad\03_resultados_figuras\capitulo_5_3_hbm\celda_140_img_05_celda_9_tabla_robusta_de_validacion_y_evaluacion_del_hbm_en_.pdf,COPIADO,
2026-04-28 22:42:25,D:\TRABAJO DE GRADO BEN-MAP\RESULTADOS_FINALES\02_figuras\03_hbm\01_validacion\celda_140_img_05_celda_9_tabla_robusta_de_validacion_y_evaluacion_del_hbm_en_.png,D:\TRABAJO DE GRADO BEN-MAP\GITHUB\Analisis_sensibilidad\03_resultados_figuras\capitulo_5_3_hbm\celda_140_img_05_celda_9_tabla_robusta_de_validacion_y_evaluacion_del_hbm_en_.png,COPIADO,
2026-04-28 22:42:25,D:\TRABAJO DE GRADO BEN-MAP\RESULTADOS_FINALES\02_figuras\03_hbm\01_validacion\fig_5_11_obs_vs_pred_hbm_no2.pdf,D:\TRABAJO DE GRADO BEN-MAP\GITHUB\Analisis_sensibilidad\03_resultados_figuras\capitulo_5_3_hbm\fig_5_11_obs_vs_pred_hbm_no2.pdf,COPIADO,
2026-04-28 22:42:25,D:\TRABAJO DE GRADO BEN-MAP\RESULTADOS_FINALES\02_figuras\03_hbm\01_validacion\fig_5_11_obs_vs_pred_hbm_no2.png,D:\TRABAJO DE GRADO BEN-MAP\GITHUB\Analisis_sensibilidad\03_resultados_figuras\capitulo_5_3_hbm\fig_5_11_obs_vs_pred_hbm_no2.png,COPIADO,
2026-04-28 22:42:25,D:\TRABAJO DE GRADO BEN-MAP\RESULTADOS_FINALES\02_figuras\03_hbm\01_validacion\fig_5_11_obs_vs_pred_hbm_no2_v2.pdf,D:\TRABAJO DE GRADO BEN-MAP\GITHUB\Analisis_sensibilidad\03_resultados_figuras\capitulo_5_3_hbm\fig_5_11_obs_vs_pred_hbm_no2_v2.pdf,COPIADO,
2026-04-28 22:42:25,D:\TRABAJO DE GRADO BEN-MAP\RESULTADOS_FINALES\02_figuras\03_hbm\01_validacion\fig_5_11_obs_vs_pred_hbm_no2_v2.png,D:\TRABAJO DE GRADO BEN-MAP\GITHUB\Analisis_sensibilidad\03_resultados_figuras\capitulo_5_3_hbm\fig_5_11_obs_vs_pred_hbm_no2_v2.png,COPIADO,
2026-04-28 22:42:25,D:\TRABAJO DE GRADO BEN-MAP\RESULTADOS_FINALES\02_figuras\03_hbm\01_validacion\fig_5_11_obs_vs_pred_hbm_no2_v3.pdf,D:\TRABAJO DE GRADO BEN-MAP\GITHUB\Analisis_sensibilidad\03_resultados_figuras\capitulo_5_3_hbm\fig_5_11_obs_vs_pred_hbm_no2_v3.pdf,COPIADO,
2026-04-28 22:42:25,D:\TRABAJO DE GRADO BEN-MAP\RESULTADOS_FINALES\02_figuras\03_hbm\01_validacion\fig_5_11_obs_vs_pred_hbm_o3.pdf,D:\TRABAJO DE GRADO BEN-MAP\GITHUB\Analisis_sensibilidad\03_resultados_figuras\capitulo_5_3_hbm\fig_5_11_obs_vs_pred_hbm_o3.pdf,COPIADO,
2026-04-28 22:42:25,D:\TRABAJO DE GRADO BEN-MAP\RESULTADOS_FINALES\02_figuras\03_hbm\01_validacion\fig_5_11_obs_vs_pred_hbm_o3.png,D:\TRABAJO DE GRADO BEN-MAP\GITHUB\Analisis_sensibilidad\03_resultados_figuras\capitulo_5_3_hbm\fig_5_11_obs_vs_pred_hbm_o3.png,COPIADO,
2026-04-28 22:42:25,D:\TRABAJO DE GRADO BEN-MAP\RESULTADOS_FINALES\02_figuras\03_hbm\01_validacion\fig_5_11_obs_vs_pred_hbm_o3_v2.pdf,D:\TRABAJO DE GRADO BEN-MAP\GITHUB\Analisis_sensibilidad\03_resultados_figuras\capitulo_5_3_hbm\fig_5_11_obs_vs_pred_hbm_o3_v2.pdf,COPIADO,
2026-04-28 22:42:25,D:\TRABAJO DE GRADO BEN-MAP\RESULTADOS_FINALES\02_figuras\03_hbm\01_validacion\fig_5_11_obs_vs_pred_hbm_o3_v2.png,D:\TRABAJO DE GRADO BEN-MAP\GITHUB\Analisis_sensibilidad\03_resultados_figuras\capitulo_5_3_hbm\fig_5_11_obs_vs_pred_hbm_o3_v2.png,COPIADO,
2026-04-28 22:42:25,D:\TRABAJO DE GRADO BEN-MAP\RESULTADOS_FINALES\02_figuras\03_hbm\01_validacion\fig_5_11_obs_vs_pred_hbm_o3_v3.pdf,D:\TRABAJO DE GRADO BEN-MAP\GITHUB\Analisis_sensibilidad\03_resultados_figuras\capitulo_5_3_hbm\fig_5_11_obs_vs_pred_hbm_o3_v3.pdf,COPIADO,
2026-04-28 22:42:25,D:\TRABAJO DE GRADO BEN-MAP\RESULTADOS_FINALES\02_figuras\03_hbm\01_validacion\fig_5_11_obs_vs_pred_hbm_pm25.pdf,D:\TRABAJO DE GRADO BEN-MAP\GITHUB\Analisis_sensibilidad\03_resultados_figuras\capitulo_5_3_hbm\fig_5_11_obs_vs_pred_hbm_pm25.pdf,COPIADO,
2026-04-28 22:42:25,D:\TRABAJO DE GRADO BEN-MAP\RESULTADOS_FINALES\02_figuras\03_hbm\01_validacion\fig_5_11_obs_vs_pred_hbm_pm25.png,D:\TRABAJO DE GRADO BEN-MAP\GITHUB\Analisis_sensibilidad\03_resultados_figuras\capitulo_5_3_hbm\fig_5_11_obs_vs_pred_hbm_pm25.png,COPIADO,
2026-04-28 22:42:25,D:\TRABAJO DE GRADO BEN-MAP\RESULTADOS_FINALES\02_figuras\03_hbm\01_validacion\fig_5_11_obs_vs_pred_hbm_pm25_v2.pdf,D:\TRABAJO DE GRADO BEN-MAP\GITHUB\Analisis_sensibilidad\03_resultados_figuras\capitulo_5_3_hbm\fig_5_11_obs_vs_pred_hbm_pm25_v2.pdf,COPIADO,
2026-04-28 22:42:25,D:\TRABAJO DE GRADO BEN-MAP\RESULTADOS_FINALES\02_figuras\03_hbm\01_validacion\fig_5_11_obs_vs_pred_hbm_pm25_v3.pdf,D:\TRABAJO DE GRADO BEN-MAP\GITHUB\Analisis_sensibilidad\03_resultados_figuras\capitulo_5_3_hbm\fig_5_11_obs_vs_pred_hbm_pm25_v3.pdf,COPIADO,
2026-04-28 22:42:25,D:\TRABAJO DE GRADO BEN-MAP\RESULTADOS_FINALES\02_figuras\03_hbm\01_validacion\fig_5_12_serie_mensual_obs_vs_pred_hbm_no2.pdf,D:\TRABAJO DE GRADO BEN-MAP\GITHUB\Analisis_sensibilidad\03_resultados_figuras\capitulo_5_3_hbm\fig_5_12_serie_mensual_obs_vs_pred_hbm_no2.pdf,COPIADO,
2026-04-28 22:42:25,D:\TRABAJO DE GRADO BEN-MAP\RESULTADOS_FINALES\02_figuras\03_hbm\01_validacion\fig_5_12_serie_mensual_obs_vs_pred_hbm_no2.png,D:\TRABAJO DE GRADO BEN-MAP\GITHUB\Analisis_sensibilidad\03_resultados_figuras\capitulo_5_3_hbm\fig_5_12_serie_mensual_obs_vs_pred_hbm_no2.png,COPIADO,
2026-04-28 22:42:25,D:\TRABAJO DE GRADO BEN-MAP\RESULTADOS_FINALES\02_figuras\03_hbm\01_validacion\fig_5_12_serie_mensual_obs_vs_pred_hbm_no2_v2.pdf,D:\TRABAJO DE GRADO BEN-MAP\GITHUB\Analisis_sensibilidad\03_resultados_figuras\capitulo_5_3_hbm\fig_5_12_serie_mensual_obs_vs_pred_hbm_no2_v2.pdf,COPIADO,
2026-04-28 22:42:25,D:\TRABAJO DE GRADO BEN-MAP\RESULTADOS_FINALES\02_figuras\03_hbm\01_validacion\fig_5_12_serie_mensual_obs_vs_pred_hbm_no2_v3.pdf,D:\TRABAJO DE GRADO BEN-MAP\GITHUB\Analisis_sensibilidad\03_resultados_figuras\capitulo_5_3_hbm\fig_5_12_serie_mensual_obs_vs_pred_hbm_no2_v3.pdf,COPIADO,
2026-04-28 22:42:25,D:\TRABAJO DE GRADO BEN-MAP\RESULTADOS_FINALES\02_figuras\03_hbm\01_validacion\fig_5_12_serie_mensual_obs_vs_pred_hbm_o3.pdf,D:\TRABAJO DE GRADO BEN-MAP\GITHUB\Analisis_sensibilidad\03_resultados_figuras\capitulo_5_3_hbm\fig_5_12_serie_mensual_obs_vs_pred_hbm_o3.pdf,COPIADO,
2026-04-28 22:42:25,D:\TRABAJO DE GRADO BEN-MAP\RESULTADOS_FINALES\02_figuras\03_hbm\01_validacion\fig_5_12_serie_mensual_obs_vs_pred_hbm_o3.png,D:\TRABAJO DE GRADO BEN-MAP\GITHUB\Analisis_sensibilidad\03_resultados_figuras\capitulo_5_3_hbm\fig_5_12_serie_mensual_obs_vs_pred_hbm_o3.png,COPIADO,
2026-04-28 22:42:25,D:\TRABAJO DE GRADO BEN-MAP\RESULTADOS_FINALES\02_figuras\03_hbm\01_validacion\fig_5_12_serie_mensual_obs_vs_pred_hbm_o3_v2.pdf,D:\TRABAJO DE GRADO BEN-MAP\GITHUB\Analisis_sensibilidad\03_resultados_figuras\capitulo_5_3_hbm\fig_5_12_serie_mensual_obs_vs_pred_hbm_o3_v2.pdf,COPIADO,
2026-04-28 22:42:25,D:\TRABAJO DE GRADO BEN-MAP\RESULTADOS_FINALES\02_figuras\03_hbm\01_validacion\fig_5_12_serie_mensual_obs_vs_pred_hbm_o3_v2.png,D:\TRABAJO DE GRADO BEN-MAP\GITHUB\Analisis_sensibilidad\03_resultados_figuras\capitulo_5_3_hbm\fig_5_12_serie_mensual_obs_vs_pred_hbm_o3_v2.png,COPIADO,
2026-04-28 22:42:25,D:\TRABAJO DE GRADO BEN-MAP\RESULTADOS_FINALES\02_figuras\03_hbm\01_validacion\fig_5_12_serie_mensual_obs_vs_pred_hbm_o3_v3.pdf,D:\TRABAJO DE GRADO BEN-MAP\GITHUB\Analisis_sensibilidad\03_resultados_figuras\capitulo_5_3_hbm\fig_5_12_serie_mensual_obs_vs_pred_hbm_o3_v3.pdf,COPIADO,
2026-04-28 22:42:25,D:\TRABAJO DE GRADO BEN-MAP\RESULTADOS_FINALES\02_figuras\03_hbm\01_validacion\fig_5_12_serie_mensual_obs_vs_pred_hbm_pm25.pdf,D:\TRABAJO DE GRADO BEN-MAP\GITHUB\Analisis_sensibilidad\03_resultados_figuras\capitulo_5_3_hbm\fig_5_12_serie_mensual_obs_vs_pred_hbm_pm25.pdf,COPIADO,
2026-04-28 22:42:25,D:\TRABAJO DE GRADO BEN-MAP\RESULTADOS_FINALES\02_figuras\03_hbm\01_validacion\fig_5_12_serie_mensual_obs_vs_pred_hbm_pm25.png,D:\TRABAJO DE GRADO BEN-MAP\GITHUB\Analisis_sensibilidad\03_resultados_figuras\capitulo_5_3_hbm\fig_5_12_serie_mensual_obs_vs_pred_hbm_pm25.png,COPIADO,
2026-04-28 22:42:25,D:\TRABAJO DE GRADO BEN-MAP\RESULTADOS_FINALES\02_figuras\03_hbm\01_validacion\fig_5_12_serie_mensual_obs_vs_pred_hbm_pm25_v2.pdf,D:\TRABAJO DE GRADO BEN-MAP\GITHUB\Analisis_sensibilidad\03_resultados_figuras\capitulo_5_3_hbm\fig_5_12_serie_mensual_obs_vs_pred_hbm_pm25_v2.pdf,COPIADO,
2026-04-28 22:42:25,D:\TRABAJO DE GRADO BEN-MAP\RESULTADOS_FINALES\02_figuras\03_hbm\01_validacion\fig_5_12_serie_mensual_obs_vs_pred_hbm_pm25_v3.pdf,D:\TRABAJO DE GRADO BEN-MAP\GITHUB\Analisis_sensibilidad\03_resultados_figuras\capitulo_5_3_hbm\fig_5_12_serie_mensual_obs_vs_pred_hbm_pm25_v3.pdf,COPIADO,
2026-04-28 22:42:25,D:\TRABAJO DE GRADO BEN-MAP\RESULTADOS_FINALES\02_figuras\03_hbm\02_superficie_central\celda_132_img_06_celda_7_vista_previa_de_mapas_anuales_de_la_superficie_poste.pdf,D:\TRABAJO DE GRADO BEN-MAP\GITHUB\Analisis_sensibilidad\03_resultados_figuras\capitulo_5_3_hbm\celda_132_img_06_celda_7_vista_previa_de_mapas_anuales_de_la_superficie_poste.pdf,COPIADO,
2026-04-28 22:42:25,D:\TRABAJO DE GRADO BEN-MAP\RESULTADOS_FINALES\02_figuras\03_hbm\02_superficie_central\celda_132_img_06_celda_7_vista_previa_de_mapas_anuales_de_la_superficie_poste.png,D:\TRABAJO DE GRADO BEN-MAP\GITHUB\Analisis_sensibilidad\03_resultados_figuras\capitulo_5_3_hbm\celda_132_img_06_celda_7_vista_previa_de_mapas_anuales_de_la_superficie_poste.png,COPIADO,
2026-04-28 22:42:25,D:\TRABAJO DE GRADO BEN-MAP\RESULTADOS_FINALES\02_figuras\03_hbm\02_superficie_central\celda_132_img_07_celda_7_vista_previa_de_mapas_anuales_de_la_superficie_poste.pdf,D:\TRABAJO DE GRADO BEN-MAP\GITHUB\Analisis_sensibilidad\03_resultados_figuras\capitulo_5_3_hbm\celda_132_img_07_celda_7_vista_previa_de_mapas_anuales_de_la_superficie_poste.pdf,COPIADO,
2026-04-28 22:42:25,D:\TRABAJO DE GRADO BEN-MAP\RESULTADOS_FINALES\02_figuras\03_hbm\02_superficie_central\celda_132_img_07_celda_7_vista_previa_de_mapas_anuales_de_la_superficie_poste.png,D:\TRABAJO DE GRADO BEN-MAP\GITHUB\Analisis_sensibilidad\03_resultados_figuras\capitulo_5_3_hbm\celda_132_img_07_celda_7_vista_previa_de_mapas_anuales_de_la_superficie_poste.png,COPIADO,
2026-04-28 22:42:25,D:\TRABAJO DE GRADO BEN-MAP\RESULTADOS_FINALES\02_figuras\03_hbm\02_superficie_central\celda_132_img_08_celda_7_vista_previa_de_mapas_anuales_de_la_superficie_poste.pdf,D:\TRABAJO DE GRADO BEN-MAP\GITHUB\Analisis_sensibilidad\03_resultados_figuras\capitulo_5_3_hbm\celda_132_img_08_celda_7_vista_previa_de_mapas_anuales_de_la_superficie_poste.pdf,COPIADO,
2026-04-28 22:42:25,D:\TRABAJO DE GRADO BEN-MAP\RESULTADOS_FINALES\02_figuras\03_hbm\02_superficie_central\celda_132_img_08_celda_7_vista_previa_de_mapas_anuales_de_la_superficie_poste.png,D:\TRABAJO DE GRADO BEN-MAP\GITHUB\Analisis_sensibilidad\03_resultados_figuras\capitulo_5_3_hbm\celda_132_img_08_celda_7_vista_previa_de_mapas_anuales_de_la_superficie_poste.png,COPIADO,
2026-04-28 22:42:25,D:\TRABAJO DE GRADO BEN-MAP\RESULTADOS_FINALES\02_figuras\03_hbm\02_superficie_central\celda_132_img_09_celda_7_vista_previa_de_mapas_anuales_de_la_superficie_poste.pdf,D:\TRABAJO DE GRADO BEN-MAP\GITHUB\Analisis_sensibilidad\03_resultados_figuras\capitulo_5_3_hbm\celda_132_img_09_celda_7_vista_previa_de_mapas_anuales_de_la_superficie_poste.pdf,COPIADO,
2026-04-28 22:42:25,D:\TRABAJO DE GRADO BEN-MAP\RESULTADOS_FINALES\02_figuras\03_hbm\02_superficie_central\celda_132_img_09_celda_7_vista_previa_de_mapas_anuales_de_la_superficie_poste.png,D:\TRABAJO DE GRADO BEN-MAP\GITHUB\Analisis_sensibilidad\03_resultados_figuras\capitulo_5_3_hbm\celda_132_img_09_celda_7_vista_previa_de_mapas_anuales_de_la_superficie_poste.png,COPIADO,
2026-04-28 22:42:25,D:\TRABAJO DE GRADO BEN-MAP\RESULTADOS_FINALES\02_figuras\03_hbm\02_superficie_central\celda_132_img_10_celda_7_vista_previa_de_mapas_anuales_de_la_superficie_poste.pdf,D:\TRABAJO DE GRADO BEN-MAP\GITHUB\Analisis_sensibilidad\03_resultados_figuras\capitulo_5_3_hbm\celda_132_img_10_celda_7_vista_previa_de_mapas_anuales_de_la_superficie_poste.pdf,COPIADO,
2026-04-28 22:42:25,D:\TRABAJO DE GRADO BEN-MAP\RESULTADOS_FINALES\02_figuras\03_hbm\02_superficie_central\celda_132_img_10_celda_7_vista_previa_de_mapas_anuales_de_la_superficie_poste.png,D:\TRABAJO DE GRADO BEN-MAP\GITHUB\Analisis_sensibilidad\03_resultados_figuras\capitulo_5_3_hbm\celda_132_img_10_celda_7_vista_previa_de_mapas_anuales_de_la_superficie_poste.png,COPIADO,
2026-04-28 22:42:25,D:\TRABAJO DE GRADO BEN-MAP\RESULTADOS_FINALES\02_figuras\03_hbm\02_superficie_central\celda_136_img_05_resumenes_del_hbm_a_partir_de_superficies_posteriores_resume.pdf,D:\TRABAJO DE GRADO BEN-MAP\GITHUB\Analisis_sensibilidad\03_resultados_figuras\capitulo_5_3_hbm\celda_136_img_05_resumenes_del_hbm_a_partir_de_superficies_posteriores_resume.pdf,COPIADO,
2026-04-28 22:42:25,D:\TRABAJO DE GRADO BEN-MAP\RESULTADOS_FINALES\02_figuras\03_hbm\02_superficie_central\celda_136_img_05_resumenes_del_hbm_a_partir_de_superficies_posteriores_resume.png,D:\TRABAJO DE GRADO BEN-MAP\GITHUB\Analisis_sensibilidad\03_resultados_figuras\capitulo_5_3_hbm\celda_136_img_05_resumenes_del_hbm_a_partir_de_superficies_posteriores_resume.png,COPIADO,
2026-04-28 22:42:25,D:\TRABAJO DE GRADO BEN-MAP\RESULTADOS_FINALES\02_figuras\03_hbm\02_superficie_central\celda_136_img_06_resumenes_del_hbm_a_partir_de_superficies_posteriores_resume.pdf,D:\TRABAJO DE GRADO BEN-MAP\GITHUB\Analisis_sensibilidad\03_resultados_figuras\capitulo_5_3_hbm\celda_136_img_06_resumenes_del_hbm_a_partir_de_superficies_posteriores_resume.pdf,COPIADO,
2026-04-28 22:42:25,D:\TRABAJO DE GRADO BEN-MAP\RESULTADOS_FINALES\02_figuras\03_hbm\02_superficie_central\celda_136_img_06_resumenes_del_hbm_a_partir_de_superficies_posteriores_resume.png,D:\TRABAJO DE GRADO BEN-MAP\GITHUB\Analisis_sensibilidad\03_resultados_figuras\capitulo_5_3_hbm\celda_136_img_06_resumenes_del_hbm_a_partir_de_superficies_posteriores_resume.png,COPIADO,
2026-04-28 22:42:25,D:\TRABAJO DE GRADO BEN-MAP\RESULTADOS_FINALES\02_figuras\03_hbm\02_superficie_central\fig_5_13_superficie_posterior_central_hbm_no2.pdf,D:\TRABAJO DE GRADO BEN-MAP\GITHUB\Analisis_sensibilidad\03_resultados_figuras\capitulo_5_3_hbm\fig_5_13_superficie_posterior_central_hbm_no2.pdf,COPIADO,
2026-04-28 22:42:25,D:\TRABAJO DE GRADO BEN-MAP\RESULTADOS_FINALES\02_figuras\03_hbm\02_superficie_central\fig_5_13_superficie_posterior_central_hbm_no2.png,D:\TRABAJO DE GRADO BEN-MAP\GITHUB\Analisis_sensibilidad\03_resultados_figuras\capitulo_5_3_hbm\fig_5_13_superficie_posterior_central_hbm_no2.png,COPIADO,
2026-04-28 22:42:25,D:\TRABAJO DE GRADO BEN-MAP\RESULTADOS_FINALES\02_figuras\03_hbm\02_superficie_central\fig_5_13_superficie_posterior_central_hbm_no2_v2.pdf,D:\TRABAJO DE GRADO BEN-MAP\GITHUB\Analisis_sensibilidad\03_resultados_figuras\capitulo_5_3_hbm\fig_5_13_superficie_posterior_central_hbm_no2_v2.pdf,COPIADO,
2026-04-28 22:42:25,D:\TRABAJO DE GRADO BEN-MAP\RESULTADOS_FINALES\02_figuras\03_hbm\02_superficie_central\fig_5_13_superficie_posterior_central_hbm_no2_v3.pdf,D:\TRABAJO DE GRADO BEN-MAP\GITHUB\Analisis_sensibilidad\03_resultados_figuras\capitulo_5_3_hbm\fig_5_13_superficie_posterior_central_hbm_no2_v3.pdf,COPIADO,
2026-04-28 22:42:25,D:\TRABAJO DE GRADO BEN-MAP\RESULTADOS_FINALES\02_figuras\03_hbm\02_superficie_central\fig_5_13_superficie_posterior_central_hbm_o3.pdf,D:\TRABAJO DE GRADO BEN-MAP\GITHUB\Analisis_sensibilidad\03_resultados_figuras\capitulo_5_3_hbm\fig_5_13_superficie_posterior_central_hbm_o3.pdf,COPIADO,
2026-04-28 22:42:25,D:\TRABAJO DE GRADO BEN-MAP\RESULTADOS_FINALES\02_figuras\03_hbm\02_superficie_central\fig_5_13_superficie_posterior_central_hbm_o3.png,D:\TRABAJO DE GRADO BEN-MAP\GITHUB\Analisis_sensibilidad\03_resultados_figuras\capitulo_5_3_hbm\fig_5_13_superficie_posterior_central_hbm_o3.png,COPIADO,
2026-04-28 22:42:25,D:\TRABAJO DE GRADO BEN-MAP\RESULTADOS_FINALES\02_figuras\03_hbm\02_superficie_central\fig_5_13_superficie_posterior_central_hbm_o3_v2.pdf,D:\TRABAJO DE GRADO BEN-MAP\GITHUB\Analisis_sensibilidad\03_resultados_figuras\capitulo_5_3_hbm\fig_5_13_superficie_posterior_central_hbm_o3_v2.pdf,COPIADO,
2026-04-28 22:42:25,D:\TRABAJO DE GRADO BEN-MAP\RESULTADOS_FINALES\02_figuras\03_hbm\02_superficie_central\fig_5_13_superficie_posterior_central_hbm_o3_v3.pdf,D:\TRABAJO DE GRADO BEN-MAP\GITHUB\Analisis_sensibilidad\03_resultados_figuras\capitulo_5_3_hbm\fig_5_13_superficie_posterior_central_hbm_o3_v3.pdf,COPIADO,
2026-04-28 22:42:25,D:\TRABAJO DE GRADO BEN-MAP\RESULTADOS_FINALES\02_figuras\03_hbm\02_superficie_central\fig_5_13_superficie_posterior_central_hbm_pm25.pdf,D:\TRABAJO DE GRADO BEN-MAP\GITHUB\Analisis_sensibilidad\03_resultados_figuras\capitulo_5_3_hbm\fig_5_13_superficie_posterior_central_hbm_pm25.pdf,COPIADO,
2026-04-28 22:42:25,D:\TRABAJO DE GRADO BEN-MAP\RESULTADOS_FINALES\02_figuras\03_hbm\02_superficie_central\fig_5_13_superficie_posterior_central_hbm_pm25.png,D:\TRABAJO DE GRADO BEN-MAP\GITHUB\Analisis_sensibilidad\03_resultados_figuras\capitulo_5_3_hbm\fig_5_13_superficie_posterior_central_hbm_pm25.png,COPIADO,
2026-04-28 22:42:25,D:\TRABAJO DE GRADO BEN-MAP\RESULTADOS_FINALES\02_figuras\03_hbm\02_superficie_central\fig_5_13_superficie_posterior_central_hbm_pm25_v2.pdf,D:\TRABAJO DE GRADO BEN-MAP\GITHUB\Analisis_sensibilidad\03_resultados_figuras\capitulo_5_3_hbm\fig_5_13_superficie_posterior_central_hbm_pm25_v2.pdf,COPIADO,
2026-04-28 22:42:25,D:\TRABAJO DE GRADO BEN-MAP\RESULTADOS_FINALES\02_figuras\03_hbm\02_superficie_central\fig_5_13_superficie_posterior_central_hbm_pm25_v3.pdf,D:\TRABAJO DE GRADO BEN-MAP\GITHUB\Analisis_sensibilidad\03_resultados_figuras\capitulo_5_3_hbm\fig_5_13_superficie_posterior_central_hbm_pm25_v3.pdf,COPIADO,
2026-04-28 22:42:25,D:\TRABAJO DE GRADO BEN-MAP\RESULTADOS_FINALES\02_figuras\03_hbm\03_incertidumbre\celda_134_img_05_celda_8_vista_previa_de_mapas_anuales_de_incertidumbre_poste.pdf,D:\TRABAJO DE GRADO BEN-MAP\GITHUB\Analisis_sensibilidad\03_resultados_figuras\capitulo_5_3_hbm\celda_134_img_05_celda_8_vista_previa_de_mapas_anuales_de_incertidumbre_poste.pdf,COPIADO,
2026-04-28 22:42:25,D:\TRABAJO DE GRADO BEN-MAP\RESULTADOS_FINALES\02_figuras\03_hbm\03_incertidumbre\celda_134_img_05_celda_8_vista_previa_de_mapas_anuales_de_incertidumbre_poste.png,D:\TRABAJO DE GRADO BEN-MAP\GITHUB\Analisis_sensibilidad\03_resultados_figuras\capitulo_5_3_hbm\celda_134_img_05_celda_8_vista_previa_de_mapas_anuales_de_incertidumbre_poste.png,COPIADO,
2026-04-28 22:42:25,D:\TRABAJO DE GRADO BEN-MAP\RESULTADOS_FINALES\02_figuras\03_hbm\03_incertidumbre\celda_134_img_06_celda_8_vista_previa_de_mapas_anuales_de_incertidumbre_poste.pdf,D:\TRABAJO DE GRADO BEN-MAP\GITHUB\Analisis_sensibilidad\03_resultados_figuras\capitulo_5_3_hbm\celda_134_img_06_celda_8_vista_previa_de_mapas_anuales_de_incertidumbre_poste.pdf,COPIADO,
2026-04-28 22:42:25,D:\TRABAJO DE GRADO BEN-MAP\RESULTADOS_FINALES\02_figuras\03_hbm\03_incertidumbre\celda_134_img_06_celda_8_vista_previa_de_mapas_anuales_de_incertidumbre_poste.png,D:\TRABAJO DE GRADO BEN-MAP\GITHUB\Analisis_sensibilidad\03_resultados_figuras\capitulo_5_3_hbm\celda_134_img_06_celda_8_vista_previa_de_mapas_anuales_de_incertidumbre_poste.png,COPIADO,
2026-04-28 22:42:25,D:\TRABAJO DE GRADO BEN-MAP\RESULTADOS_FINALES\02_figuras\03_hbm\03_incertidumbre\celda_134_img_07_celda_8_vista_previa_de_mapas_anuales_de_incertidumbre_poste.pdf,D:\TRABAJO DE GRADO BEN-MAP\GITHUB\Analisis_sensibilidad\03_resultados_figuras\capitulo_5_3_hbm\celda_134_img_07_celda_8_vista_previa_de_mapas_anuales_de_incertidumbre_poste.pdf,COPIADO,
2026-04-28 22:42:25,D:\TRABAJO DE GRADO BEN-MAP\RESULTADOS_FINALES\02_figuras\03_hbm\03_incertidumbre\celda_134_img_07_celda_8_vista_previa_de_mapas_anuales_de_incertidumbre_poste.png,D:\TRABAJO DE GRADO BEN-MAP\GITHUB\Analisis_sensibilidad\03_resultados_figuras\capitulo_5_3_hbm\celda_134_img_07_celda_8_vista_previa_de_mapas_anuales_de_incertidumbre_poste.png,COPIADO,
2026-04-28 22:42:25,D:\TRABAJO DE GRADO BEN-MAP\RESULTADOS_FINALES\02_figuras\03_hbm\03_incertidumbre\celda_134_img_08_celda_8_vista_previa_de_mapas_anuales_de_incertidumbre_poste.pdf,D:\TRABAJO DE GRADO BEN-MAP\GITHUB\Analisis_sensibilidad\03_resultados_figuras\capitulo_5_3_hbm\celda_134_img_08_celda_8_vista_previa_de_mapas_anuales_de_incertidumbre_poste.pdf,COPIADO,
2026-04-28 22:42:25,D:\TRABAJO DE GRADO BEN-MAP\RESULTADOS_FINALES\02_figuras\03_hbm\03_incertidumbre\celda_134_img_08_celda_8_vista_previa_de_mapas_anuales_de_incertidumbre_poste.png,D:\TRABAJO DE GRADO BEN-MAP\GITHUB\Analisis_sensibilidad\03_resultados_figuras\capitulo_5_3_hbm\celda_134_img_08_celda_8_vista_previa_de_mapas_anuales_de_incertidumbre_poste.png,COPIADO,
2026-04-28 22:42:25,D:\TRABAJO DE GRADO BEN-MAP\RESULTADOS_FINALES\02_figuras\03_hbm\03_incertidumbre\celda_134_img_09_celda_8_vista_previa_de_mapas_anuales_de_incertidumbre_poste.pdf,D:\TRABAJO DE GRADO BEN-MAP\GITHUB\Analisis_sensibilidad\03_resultados_figuras\capitulo_5_3_hbm\celda_134_img_09_celda_8_vista_previa_de_mapas_anuales_de_incertidumbre_poste.pdf,COPIADO,
2026-04-28 22:42:25,D:\TRABAJO DE GRADO BEN-MAP\RESULTADOS_FINALES\02_figuras\03_hbm\03_incertidumbre\celda_134_img_09_celda_8_vista_previa_de_mapas_anuales_de_incertidumbre_poste.png,D:\TRABAJO DE GRADO BEN-MAP\GITHUB\Analisis_sensibilidad\03_resultados_figuras\capitulo_5_3_hbm\celda_134_img_09_celda_8_vista_previa_de_mapas_anuales_de_incertidumbre_poste.png,COPIADO,
2026-04-28 22:42:25,D:\TRABAJO DE GRADO BEN-MAP\RESULTADOS_FINALES\02_figuras\03_hbm\03_incertidumbre\fig_5_14_incertidumbre_posterior_hbm_no2.pdf,D:\TRABAJO DE GRADO BEN-MAP\GITHUB\Analisis_sensibilidad\03_resultados_figuras\capitulo_5_3_hbm\fig_5_14_incertidumbre_posterior_hbm_no2.pdf,COPIADO,
2026-04-28 22:42:25,D:\TRABAJO DE GRADO BEN-MAP\RESULTADOS_FINALES\02_figuras\03_hbm\03_incertidumbre\fig_5_14_incertidumbre_posterior_hbm_no2.png,D:\TRABAJO DE GRADO BEN-MAP\GITHUB\Analisis_sensibilidad\03_resultados_figuras\capitulo_5_3_hbm\fig_5_14_incertidumbre_posterior_hbm_no2.png,COPIADO,
2026-04-28 22:42:25,D:\TRABAJO DE GRADO BEN-MAP\RESULTADOS_FINALES\02_figuras\03_hbm\03_incertidumbre\fig_5_14_incertidumbre_posterior_hbm_no2_v2.pdf,D:\TRABAJO DE GRADO BEN-MAP\GITHUB\Analisis_sensibilidad\03_resultados_figuras\capitulo_5_3_hbm\fig_5_14_incertidumbre_posterior_hbm_no2_v2.pdf,COPIADO,
2026-04-28 22:42:25,D:\TRABAJO DE GRADO BEN-MAP\RESULTADOS_FINALES\02_figuras\03_hbm\03_incertidumbre\fig_5_14_incertidumbre_posterior_hbm_no2_v3.pdf,D:\TRABAJO DE GRADO BEN-MAP\GITHUB\Analisis_sensibilidad\03_resultados_figuras\capitulo_5_3_hbm\fig_5_14_incertidumbre_posterior_hbm_no2_v3.pdf,COPIADO,
2026-04-28 22:42:25,D:\TRABAJO DE GRADO BEN-MAP\RESULTADOS_FINALES\02_figuras\03_hbm\03_incertidumbre\fig_5_14_incertidumbre_posterior_hbm_o3.pdf,D:\TRABAJO DE GRADO BEN-MAP\GITHUB\Analisis_sensibilidad\03_resultados_figuras\capitulo_5_3_hbm\fig_5_14_incertidumbre_posterior_hbm_o3.pdf,COPIADO,
2026-04-28 22:42:25,D:\TRABAJO DE GRADO BEN-MAP\RESULTADOS_FINALES\02_figuras\03_hbm\03_incertidumbre\fig_5_14_incertidumbre_posterior_hbm_o3.png,D:\TRABAJO DE GRADO BEN-MAP\GITHUB\Analisis_sensibilidad\03_resultados_figuras\capitulo_5_3_hbm\fig_5_14_incertidumbre_posterior_hbm_o3.png,COPIADO,
2026-04-28 22:42:25,D:\TRABAJO DE GRADO BEN-MAP\RESULTADOS_FINALES\02_figuras\03_hbm\03_incertidumbre\fig_5_14_incertidumbre_posterior_hbm_o3_v2.pdf,D:\TRABAJO DE GRADO BEN-MAP\GITHUB\Analisis_sensibilidad\03_resultados_figuras\capitulo_5_3_hbm\fig_5_14_incertidumbre_posterior_hbm_o3_v2.pdf,COPIADO,
2026-04-28 22:42:25,D:\TRABAJO DE GRADO BEN-MAP\RESULTADOS_FINALES\02_figuras\03_hbm\03_incertidumbre\fig_5_14_incertidumbre_posterior_hbm_o3_v3.pdf,D:\TRABAJO DE GRADO BEN-MAP\GITHUB\Analisis_sensibilidad\03_resultados_figuras\capitulo_5_3_hbm\fig_5_14_incertidumbre_posterior_hbm_o3_v3.pdf,COPIADO,
2026-04-28 22:42:25,D:\TRABAJO DE GRADO BEN-MAP\RESULTADOS_FINALES\02_figuras\03_hbm\03_incertidumbre\fig_5_14_incertidumbre_posterior_hbm_pm25.pdf,D:\TRABAJO DE GRADO BEN-MAP\GITHUB\Analisis_sensibilidad\03_resultados_figuras\capitulo_5_3_hbm\fig_5_14_incertidumbre_posterior_hbm_pm25.pdf,COPIADO,
2026-04-28 22:42:25,D:\TRABAJO DE GRADO BEN-MAP\RESULTADOS_FINALES\02_figuras\03_hbm\03_incertidumbre\fig_5_14_incertidumbre_posterior_hbm_pm25.png,D:\TRABAJO DE GRADO BEN-MAP\GITHUB\Analisis_sensibilidad\03_resultados_figuras\capitulo_5_3_hbm\fig_5_14_incertidumbre_posterior_hbm_pm25.png,COPIADO,
2026-04-28 22:42:25,D:\TRABAJO DE GRADO BEN-MAP\RESULTADOS_FINALES\02_figuras\03_hbm\03_incertidumbre\fig_5_14_incertidumbre_posterior_hbm_pm25_v2.pdf,D:\TRABAJO DE GRADO BEN-MAP\GITHUB\Analisis_sensibilidad\03_resultados_figuras\capitulo_5_3_hbm\fig_5_14_incertidumbre_posterior_hbm_pm25_v2.pdf,COPIADO,
2026-04-28 22:42:25,D:\TRABAJO DE GRADO BEN-MAP\RESULTADOS_FINALES\02_figuras\03_hbm\03_incertidumbre\fig_5_14_incertidumbre_posterior_hbm_pm25_v3.pdf,D:\TRABAJO DE GRADO BEN-MAP\GITHUB\Analisis_sensibilidad\03_resultados_figuras\capitulo_5_3_hbm\fig_5_14_incertidumbre_posterior_hbm_pm25_v3.pdf,COPIADO,
2026-04-28 22:42:25,D:\TRABAJO DE GRADO BEN-MAP\RESULTADOS_FINALES\02_figuras\05_sensibilidad_hbm\fig_5_16_sensibilidad_hbm_razones_casos.pdf,D:\TRABAJO DE GRADO BEN-MAP\GITHUB\Analisis_sensibilidad\03_resultados_figuras\capitulo_5_3_hbm\fig_5_16_sensibilidad_hbm_razones_casos.pdf,COPIADO,
2026-04-28 22:42:25,D:\TRABAJO DE GRADO BEN-MAP\RESULTADOS_FINALES\02_figuras\05_sensibilidad_hbm\fig_5_16_sensibilidad_hbm_razones_casos.png,D:\TRABAJO DE GRADO BEN-MAP\GITHUB\Analisis_sensibilidad\03_resultados_figuras\capitulo_5_3_hbm\fig_5_16_sensibilidad_hbm_razones_casos.png,COPIADO,
2026-04-28 22:42:25,D:\TRABAJO DE GRADO BEN-MAP\RESULTADOS_FINALES\02_figuras\05_sensibilidad_hbm\fig_5_17_sensibilidad_hbm_cambios_absolutos_casos.pdf,D:\TRABAJO DE GRADO BEN-MAP\GITHUB\Analisis_sensibilidad\03_resultados_figuras\capitulo_5_3_hbm\fig_5_17_sensibilidad_hbm_cambios_absolutos_casos.pdf,COPIADO,
2026-04-28 22:42:25,D:\TRABAJO DE GRADO BEN-MAP\RESULTADOS_FINALES\02_figuras\05_sensibilidad_hbm\fig_5_17_sensibilidad_hbm_cambios_absolutos_casos.png,D:\TRABAJO DE GRADO BEN-MAP\GITHUB\Analisis_sensibilidad\03_resultados_figuras\capitulo_5_3_hbm\fig_5_17_sensibilidad_hbm_cambios_absolutos_casos.png,COPIADO,
2026-04-28 22:42:25,D:\TRABAJO DE GRADO BEN-MAP\RESULTADOS_FINALES\06_trazabilidad_archivos\04_hbm\NO2\fig_hbm_ancho_intervalo_mensual_no2.png,D:\TRABAJO DE GRADO BEN-MAP\GITHUB\Analisis_sensibilidad\03_resultados_figuras\capitulo_5_3_hbm\fig_hbm_ancho_intervalo_mensual_no2_copy.png,COPIADO,
2026-04-28 22:42:25,D:\TRABAJO DE GRADO BEN-MAP\RESULTADOS_FINALES\06_trazabilidad_archivos\04_hbm\NO2\fig_hbm_auditoria_flags_no2.png,D:\TRABAJO DE GRADO BEN-MAP\GITHUB\Analisis_sensibilidad\03_resultados_figuras\capitulo_5_3_hbm\fig_hbm_auditoria_flags_no2_copy.png,COPIADO,
2026-04-28 22:42:25,D:\TRABAJO DE GRADO BEN-MAP\RESULTADOS_FINALES\06_trazabilidad_archivos\04_hbm\NO2\fig_hbm_metricas_promedio_folds_no2.png,D:\TRABAJO DE GRADO BEN-MAP\GITHUB\Analisis_sensibilidad\03_resultados_figuras\capitulo_5_3_hbm\fig_hbm_metricas_promedio_folds_no2_copy.png,COPIADO,
2026-04-28 22:42:25,D:\TRABAJO DE GRADO BEN-MAP\RESULTADOS_FINALES\06_trazabilidad_archivos\04_hbm\NO2\fig_hbm_obs_vs_pred_no2.png,D:\TRABAJO DE GRADO BEN-MAP\GITHUB\Analisis_sensibilidad\03_resultados_figuras\capitulo_5_3_hbm\fig_hbm_obs_vs_pred_no2_copy.png,COPIADO,
2026-04-28 22:42:25,D:\TRABAJO DE GRADO BEN-MAP\RESULTADOS_FINALES\06_trazabilidad_archivos\04_hbm\NO2\fig_hbm_residuos_no2.png,D:\TRABAJO DE GRADO BEN-MAP\GITHUB\Analisis_sensibilidad\03_resultados_figuras\capitulo_5_3_hbm\fig_hbm_residuos_no2_copy.png,COPIADO,
2026-04-28 22:42:25,D:\TRABAJO DE GRADO BEN-MAP\RESULTADOS_FINALES\06_trazabilidad_archivos\04_hbm\NO2\fig_hbm_residuos_por_fold_no2.png,D:\TRABAJO DE GRADO BEN-MAP\GITHUB\Analisis_sensibilidad\03_resultados_figuras\capitulo_5_3_hbm\fig_hbm_residuos_por_fold_no2_copy.png,COPIADO,
2026-04-28 22:42:25,D:\TRABAJO DE GRADO BEN-MAP\RESULTADOS_FINALES\06_trazabilidad_archivos\04_hbm\NO2\fig_hbm_resumen_estaciones_no2.png,D:\TRABAJO DE GRADO BEN-MAP\GITHUB\Analisis_sensibilidad\03_resultados_figuras\capitulo_5_3_hbm\fig_hbm_resumen_estaciones_no2_copy.png,COPIADO,
2026-04-28 22:42:25,D:\TRABAJO DE GRADO BEN-MAP\RESULTADOS_FINALES\06_trazabilidad_archivos\04_hbm\NO2\fig_hbm_serie_obs_vs_pred_no2.png,D:\TRABAJO DE GRADO BEN-MAP\GITHUB\Analisis_sensibilidad\03_resultados_figuras\capitulo_5_3_hbm\fig_hbm_serie_obs_vs_pred_no2_copy.png,COPIADO,
2026-04-28 22:42:25,D:\TRABAJO DE GRADO BEN-MAP\RESULTADOS_FINALES\06_trazabilidad_archivos\04_hbm\NO2\fig_hbm_superficie_central_mensual_no2.png,D:\TRABAJO DE GRADO BEN-MAP\GITHUB\Analisis_sensibilidad\03_resultados_figuras\capitulo_5_3_hbm\fig_hbm_superficie_central_mensual_no2_copy.png,COPIADO,
2026-04-28 22:42:25,D:\TRABAJO DE GRADO BEN-MAP\RESULTADOS_FINALES\06_trazabilidad_archivos\04_hbm\O3\fig_hbm_ancho_intervalo_mensual_o3.png,D:\TRABAJO DE GRADO BEN-MAP\GITHUB\Analisis_sensibilidad\03_resultados_figuras\capitulo_5_3_hbm\fig_hbm_ancho_intervalo_mensual_o3_copy.png,COPIADO,
2026-04-28 22:42:25,D:\TRABAJO DE GRADO BEN-MAP\RESULTADOS_FINALES\06_trazabilidad_archivos\04_hbm\O3\fig_hbm_auditoria_flags_o3.png,D:\TRABAJO DE GRADO BEN-MAP\GITHUB\Analisis_sensibilidad\03_resultados_figuras\capitulo_5_3_hbm\fig_hbm_auditoria_flags_o3_copy.png,COPIADO,
2026-04-28 22:42:25,D:\TRABAJO DE GRADO BEN-MAP\RESULTADOS_FINALES\06_trazabilidad_archivos\04_hbm\O3\fig_hbm_metricas_promedio_folds_o3.png,D:\TRABAJO DE GRADO BEN-MAP\GITHUB\Analisis_sensibilidad\03_resultados_figuras\capitulo_5_3_hbm\fig_hbm_metricas_promedio_folds_o3_copy.png,COPIADO,
2026-04-28 22:42:25,D:\TRABAJO DE GRADO BEN-MAP\RESULTADOS_FINALES\06_trazabilidad_archivos\04_hbm\O3\fig_hbm_obs_vs_pred_o3.png,D:\TRABAJO DE GRADO BEN-MAP\GITHUB\Analisis_sensibilidad\03_resultados_figuras\capitulo_5_3_hbm\fig_hbm_obs_vs_pred_o3_copy.png,COPIADO,
2026-04-28 22:42:25,D:\TRABAJO DE GRADO BEN-MAP\RESULTADOS_FINALES\06_trazabilidad_archivos\04_hbm\O3\fig_hbm_residuos_o3.png,D:\TRABAJO DE GRADO BEN-MAP\GITHUB\Analisis_sensibilidad\03_resultados_figuras\capitulo_5_3_hbm\fig_hbm_residuos_o3_copy.png,COPIADO,
2026-04-28 22:42:25,D:\TRABAJO DE GRADO BEN-MAP\RESULTADOS_FINALES\06_trazabilidad_archivos\04_hbm\O3\fig_hbm_residuos_por_fold_o3.png,D:\TRABAJO DE GRADO BEN-MAP\GITHUB\Analisis_sensibilidad\03_resultados_figuras\capitulo_5_3_hbm\fig_hbm_residuos_por_fold_o3_copy.png,COPIADO,
2026-04-28 22:42:25,D:\TRABAJO DE GRADO BEN-MAP\RESULTADOS_FINALES\06_trazabilidad_archivos\04_hbm\O3\fig_hbm_resumen_estaciones_o3.png,D:\TRABAJO DE GRADO BEN-MAP\GITHUB\Analisis_sensibilidad\03_resultados_figuras\capitulo_5_3_hbm\fig_hbm_resumen_estaciones_o3_copy.png,COPIADO,
2026-04-28 22:42:25,D:\TRABAJO DE GRADO BEN-MAP\RESULTADOS_FINALES\06_trazabilidad_archivos\04_hbm\O3\fig_hbm_serie_obs_vs_pred_o3.png,D:\TRABAJO DE GRADO BEN-MAP\GITHUB\Analisis_sensibilidad\03_resultados_figuras\capitulo_5_3_hbm\fig_hbm_serie_obs_vs_pred_o3_copy.png,COPIADO,
2026-04-28 22:42:25,D:\TRABAJO DE GRADO BEN-MAP\RESULTADOS_FINALES\06_trazabilidad_archivos\04_hbm\O3\fig_hbm_superficie_central_mensual_o3.png,D:\TRABAJO DE GRADO BEN-MAP\GITHUB\Analisis_sensibilidad\03_resultados_figuras\capitulo_5_3_hbm\fig_hbm_superficie_central_mensual_o3_copy.png,COPIADO,
2026-04-28 22:42:25,D:\TRABAJO DE GRADO BEN-MAP\RESULTADOS_FINALES\06_trazabilidad_archivos\04_hbm\PM25\fig_hbm_ancho_intervalo_mensual_pm25.png,D:\TRABAJO DE GRADO BEN-MAP\GITHUB\Analisis_sensibilidad\03_resultados_figuras\capitulo_5_3_hbm\fig_hbm_ancho_intervalo_mensual_pm25_copy.png,COPIADO,
2026-04-28 22:42:25,D:\TRABAJO DE GRADO BEN-MAP\RESULTADOS_FINALES\06_trazabilidad_archivos\04_hbm\PM25\fig_hbm_auditoria_flags_pm25.png,D:\TRABAJO DE GRADO BEN-MAP\GITHUB\Analisis_sensibilidad\03_resultados_figuras\capitulo_5_3_hbm\fig_hbm_auditoria_flags_pm25_copy.png,COPIADO,
2026-04-28 22:42:25,D:\TRABAJO DE GRADO BEN-MAP\RESULTADOS_FINALES\06_trazabilidad_archivos\04_hbm\PM25\fig_hbm_metricas_promedio_folds_pm25.png,D:\TRABAJO DE GRADO BEN-MAP\GITHUB\Analisis_sensibilidad\03_resultados_figuras\capitulo_5_3_hbm\fig_hbm_metricas_promedio_folds_pm25_copy.png,COPIADO,
2026-04-28 22:42:25,D:\TRABAJO DE GRADO BEN-MAP\RESULTADOS_FINALES\06_trazabilidad_archivos\04_hbm\PM25\fig_hbm_obs_vs_pred_pm25.png,D:\TRABAJO DE GRADO BEN-MAP\GITHUB\Analisis_sensibilidad\03_resultados_figuras\capitulo_5_3_hbm\fig_hbm_obs_vs_pred_pm25_copy.png,COPIADO,
2026-04-28 22:42:25,D:\TRABAJO DE GRADO BEN-MAP\RESULTADOS_FINALES\06_trazabilidad_archivos\04_hbm\PM25\fig_hbm_residuos_pm25.png,D:\TRABAJO DE GRADO BEN-MAP\GITHUB\Analisis_sensibilidad\03_resultados_figuras\capitulo_5_3_hbm\fig_hbm_residuos_pm25_copy.png,COPIADO,
2026-04-28 22:42:25,D:\TRABAJO DE GRADO BEN-MAP\RESULTADOS_FINALES\06_trazabilidad_archivos\04_hbm\PM25\fig_hbm_residuos_por_fold_pm25.png,D:\TRABAJO DE GRADO BEN-MAP\GITHUB\Analisis_sensibilidad\03_resultados_figuras\capitulo_5_3_hbm\fig_hbm_residuos_por_fold_pm25_copy.png,COPIADO,
2026-04-28 22:42:25,D:\TRABAJO DE GRADO BEN-MAP\RESULTADOS_FINALES\06_trazabilidad_archivos\04_hbm\PM25\fig_hbm_resumen_estaciones_pm25.png,D:\TRABAJO DE GRADO BEN-MAP\GITHUB\Analisis_sensibilidad\03_resultados_figuras\capitulo_5_3_hbm\fig_hbm_resumen_estaciones_pm25_copy.png,COPIADO,
2026-04-28 22:42:25,D:\TRABAJO DE GRADO BEN-MAP\RESULTADOS_FINALES\06_trazabilidad_archivos\04_hbm\PM25\fig_hbm_serie_obs_vs_pred_pm25.png,D:\TRABAJO DE GRADO BEN-MAP\GITHUB\Analisis_sensibilidad\03_resultados_figuras\capitulo_5_3_hbm\fig_hbm_serie_obs_vs_pred_pm25_copy.png,COPIADO,
2026-04-28 22:42:25,D:\TRABAJO DE GRADO BEN-MAP\RESULTADOS_FINALES\06_trazabilidad_archivos\04_hbm\PM25\fig_hbm_superficie_central_mensual_pm25.png,D:\TRABAJO DE GRADO BEN-MAP\GITHUB\Analisis_sensibilidad\03_resultados_figuras\capitulo_5_3_hbm\fig_hbm_superficie_central_mensual_pm25_copy.png,COPIADO,
2026-04-28 22:42:25,D:\TRABAJO DE GRADO BEN-MAP\RESULTADOS_FINALES\01_insumos_resultados\hbm\NO2\fig_hbm_ancho_intervalo_mensual_no2.png,D:\TRABAJO DE GRADO BEN-MAP\GITHUB\Analisis_sensibilidad\03_resultados_figuras\capitulo_5_5_sensibilidad\fig_hbm_ancho_intervalo_mensual_no2.png,COPIADO,
2026-04-28 22:42:25,D:\TRABAJO DE GRADO BEN-MAP\RESULTADOS_FINALES\01_insumos_resultados\hbm\NO2\fig_hbm_auditoria_flags_no2.png,D:\TRABAJO DE GRADO BEN-MAP\GITHUB\Analisis_sensibilidad\03_resultados_figuras\capitulo_5_5_sensibilidad\fig_hbm_auditoria_flags_no2.png,COPIADO,
2026-04-28 22:42:25,D:\TRABAJO DE GRADO BEN-MAP\RESULTADOS_FINALES\01_insumos_resultados\hbm\NO2\fig_hbm_metricas_promedio_folds_no2.png,D:\TRABAJO DE GRADO BEN-MAP\GITHUB\Analisis_sensibilidad\03_resultados_figuras\capitulo_5_5_sensibilidad\fig_hbm_metricas_promedio_folds_no2.png,COPIADO,
2026-04-28 22:42:25,D:\TRABAJO DE GRADO BEN-MAP\RESULTADOS_FINALES\01_insumos_resultados\hbm\NO2\fig_hbm_obs_vs_pred_no2.png,D:\TRABAJO DE GRADO BEN-MAP\GITHUB\Analisis_sensibilidad\03_resultados_figuras\capitulo_5_5_sensibilidad\fig_hbm_obs_vs_pred_no2.png,COPIADO,
2026-04-28 22:42:25,D:\TRABAJO DE GRADO BEN-MAP\RESULTADOS_FINALES\01_insumos_resultados\hbm\NO2\fig_hbm_residuos_no2.png,D:\TRABAJO DE GRADO BEN-MAP\GITHUB\Analisis_sensibilidad\03_resultados_figuras\capitulo_5_5_sensibilidad\fig_hbm_residuos_no2.png,COPIADO,
2026-04-28 22:42:25,D:\TRABAJO DE GRADO BEN-MAP\RESULTADOS_FINALES\01_insumos_resultados\hbm\NO2\fig_hbm_residuos_por_fold_no2.png,D:\TRABAJO DE GRADO BEN-MAP\GITHUB\Analisis_sensibilidad\03_resultados_figuras\capitulo_5_5_sensibilidad\fig_hbm_residuos_por_fold_no2.png,COPIADO,
2026-04-28 22:42:25,D:\TRABAJO DE GRADO BEN-MAP\RESULTADOS_FINALES\01_insumos_resultados\hbm\NO2\fig_hbm_resumen_estaciones_no2.png,D:\TRABAJO DE GRADO BEN-MAP\GITHUB\Analisis_sensibilidad\03_resultados_figuras\capitulo_5_5_sensibilidad\fig_hbm_resumen_estaciones_no2.png,COPIADO,
2026-04-28 22:42:25,D:\TRABAJO DE GRADO BEN-MAP\RESULTADOS_FINALES\01_insumos_resultados\hbm\NO2\fig_hbm_serie_obs_vs_pred_no2.png,D:\TRABAJO DE GRADO BEN-MAP\GITHUB\Analisis_sensibilidad\03_resultados_figuras\capitulo_5_5_sensibilidad\fig_hbm_serie_obs_vs_pred_no2.png,COPIADO,
2026-04-28 22:42:25,D:\TRABAJO DE GRADO BEN-MAP\RESULTADOS_FINALES\01_insumos_resultados\hbm\NO2\fig_hbm_superficie_central_mensual_no2.png,D:\TRABAJO DE GRADO BEN-MAP\GITHUB\Analisis_sensibilidad\03_resultados_figuras\capitulo_5_5_sensibilidad\fig_hbm_superficie_central_mensual_no2.png,COPIADO,
2026-04-28 22:42:25,D:\TRABAJO DE GRADO BEN-MAP\RESULTADOS_FINALES\01_insumos_resultados\hbm\O3\fig_hbm_ancho_intervalo_mensual_o3.png,D:\TRABAJO DE GRADO BEN-MAP\GITHUB\Analisis_sensibilidad\03_resultados_figuras\capitulo_5_5_sensibilidad\fig_hbm_ancho_intervalo_mensual_o3.png,COPIADO,
2026-04-28 22:42:25,D:\TRABAJO DE GRADO BEN-MAP\RESULTADOS_FINALES\01_insumos_resultados\hbm\O3\fig_hbm_auditoria_flags_o3.png,D:\TRABAJO DE GRADO BEN-MAP\GITHUB\Analisis_sensibilidad\03_resultados_figuras\capitulo_5_5_sensibilidad\fig_hbm_auditoria_flags_o3.png,COPIADO,
2026-04-28 22:42:25,D:\TRABAJO DE GRADO BEN-MAP\RESULTADOS_FINALES\01_insumos_resultados\hbm\O3\fig_hbm_metricas_promedio_folds_o3.png,D:\TRABAJO DE GRADO BEN-MAP\GITHUB\Analisis_sensibilidad\03_resultados_figuras\capitulo_5_5_sensibilidad\fig_hbm_metricas_promedio_folds_o3.png,COPIADO,
2026-04-28 22:42:25,D:\TRABAJO DE GRADO BEN-MAP\RESULTADOS_FINALES\01_insumos_resultados\hbm\O3\fig_hbm_obs_vs_pred_o3.png,D:\TRABAJO DE GRADO BEN-MAP\GITHUB\Analisis_sensibilidad\03_resultados_figuras\capitulo_5_5_sensibilidad\fig_hbm_obs_vs_pred_o3.png,COPIADO,
2026-04-28 22:42:25,D:\TRABAJO DE GRADO BEN-MAP\RESULTADOS_FINALES\01_insumos_resultados\hbm\O3\fig_hbm_residuos_o3.png,D:\TRABAJO DE GRADO BEN-MAP\GITHUB\Analisis_sensibilidad\03_resultados_figuras\capitulo_5_5_sensibilidad\fig_hbm_residuos_o3.png,COPIADO,
2026-04-28 22:42:25,D:\TRABAJO DE GRADO BEN-MAP\RESULTADOS_FINALES\01_insumos_resultados\hbm\O3\fig_hbm_residuos_por_fold_o3.png,D:\TRABAJO DE GRADO BEN-MAP\GITHUB\Analisis_sensibilidad\03_resultados_figuras\capitulo_5_5_sensibilidad\fig_hbm_residuos_por_fold_o3.png,COPIADO,
2026-04-28 22:42:25,D:\TRABAJO DE GRADO BEN-MAP\RESULTADOS_FINALES\01_insumos_resultados\hbm\O3\fig_hbm_resumen_estaciones_o3.png,D:\TRABAJO DE GRADO BEN-MAP\GITHUB\Analisis_sensibilidad\03_resultados_figuras\capitulo_5_5_sensibilidad\fig_hbm_resumen_estaciones_o3.png,COPIADO,
2026-04-28 22:42:25,D:\TRABAJO DE GRADO BEN-MAP\RESULTADOS_FINALES\01_insumos_resultados\hbm\O3\fig_hbm_serie_obs_vs_pred_o3.png,D:\TRABAJO DE GRADO BEN-MAP\GITHUB\Analisis_sensibilidad\03_resultados_figuras\capitulo_5_5_sensibilidad\fig_hbm_serie_obs_vs_pred_o3.png,COPIADO,
2026-04-28 22:42:25,D:\TRABAJO DE GRADO BEN-MAP\RESULTADOS_FINALES\01_insumos_resultados\hbm\O3\fig_hbm_superficie_central_mensual_o3.png,D:\TRABAJO DE GRADO BEN-MAP\GITHUB\Analisis_sensibilidad\03_resultados_figuras\capitulo_5_5_sensibilidad\fig_hbm_superficie_central_mensual_o3.png,COPIADO,
2026-04-28 22:42:25,D:\TRABAJO DE GRADO BEN-MAP\RESULTADOS_FINALES\01_insumos_resultados\hbm\PM25\fig_hbm_ancho_intervalo_mensual_pm25.png,D:\TRABAJO DE GRADO BEN-MAP\GITHUB\Analisis_sensibilidad\03_resultados_figuras\capitulo_5_5_sensibilidad\fig_hbm_ancho_intervalo_mensual_pm25.png,COPIADO,
2026-04-28 22:42:25,D:\TRABAJO DE GRADO BEN-MAP\RESULTADOS_FINALES\01_insumos_resultados\hbm\PM25\fig_hbm_auditoria_flags_pm25.png,D:\TRABAJO DE GRADO BEN-MAP\GITHUB\Analisis_sensibilidad\03_resultados_figuras\capitulo_5_5_sensibilidad\fig_hbm_auditoria_flags_pm25.png,COPIADO,
2026-04-28 22:42:25,D:\TRABAJO DE GRADO BEN-MAP\RESULTADOS_FINALES\01_insumos_resultados\hbm\PM25\fig_hbm_metricas_promedio_folds_pm25.png,D:\TRABAJO DE GRADO BEN-MAP\GITHUB\Analisis_sensibilidad\03_resultados_figuras\capitulo_5_5_sensibilidad\fig_hbm_metricas_promedio_folds_pm25.png,COPIADO,
2026-04-28 22:42:25,D:\TRABAJO DE GRADO BEN-MAP\RESULTADOS_FINALES\01_insumos_resultados\hbm\PM25\fig_hbm_obs_vs_pred_pm25.png,D:\TRABAJO DE GRADO BEN-MAP\GITHUB\Analisis_sensibilidad\03_resultados_figuras\capitulo_5_5_sensibilidad\fig_hbm_obs_vs_pred_pm25.png,COPIADO,
2026-04-28 22:42:25,D:\TRABAJO DE GRADO BEN-MAP\RESULTADOS_FINALES\01_insumos_resultados\hbm\PM25\fig_hbm_residuos_pm25.png,D:\TRABAJO DE GRADO BEN-MAP\GITHUB\Analisis_sensibilidad\03_resultados_figuras\capitulo_5_5_sensibilidad\fig_hbm_residuos_pm25.png,COPIADO,
2026-04-28 22:42:25,D:\TRABAJO DE GRADO BEN-MAP\RESULTADOS_FINALES\01_insumos_resultados\hbm\PM25\fig_hbm_residuos_por_fold_pm25.png,D:\TRABAJO DE GRADO BEN-MAP\GITHUB\Analisis_sensibilidad\03_resultados_figuras\capitulo_5_5_sensibilidad\fig_hbm_residuos_por_fold_pm25.png,COPIADO,
2026-04-28 22:42:25,D:\TRABAJO DE GRADO BEN-MAP\RESULTADOS_FINALES\01_insumos_resultados\hbm\PM25\fig_hbm_resumen_estaciones_pm25.png,D:\TRABAJO DE GRADO BEN-MAP\GITHUB\Analisis_sensibilidad\03_resultados_figuras\capitulo_5_5_sensibilidad\fig_hbm_resumen_estaciones_pm25.png,COPIADO,
2026-04-28 22:42:25,D:\TRABAJO DE GRADO BEN-MAP\RESULTADOS_FINALES\01_insumos_resultados\hbm\PM25\fig_hbm_serie_obs_vs_pred_pm25.png,D:\TRABAJO DE GRADO BEN-MAP\GITHUB\Analisis_sensibilidad\03_resultados_figuras\capitulo_5_5_sensibilidad\fig_hbm_serie_obs_vs_pred_pm25.png,COPIADO,
2026-04-28 22:42:25,D:\TRABAJO DE GRADO BEN-MAP\RESULTADOS_FINALES\01_insumos_resultados\hbm\PM25\fig_hbm_superficie_central_mensual_pm25.png,D:\TRABAJO DE GRADO BEN-MAP\GITHUB\Analisis_sensibilidad\03_resultados_figuras\capitulo_5_5_sensibilidad\fig_hbm_superficie_central_mensual_pm25.png,COPIADO,
2026-04-28 22:42:25,D:\TRABAJO DE GRADO BEN-MAP\RESULTADOS_FINALES\02_figuras\fig_5_22_jerarquizacion_global_sensibilidades.pdf,D:\TRABAJO DE GRADO BEN-MAP\GITHUB\Analisis_sensibilidad\03_resultados_figuras\capitulo_5_5_sensibilidad\fig_5_22_jerarquizacion_global_sensibilidades.pdf,COPIADO,
2026-04-28 22:42:25,D:\TRABAJO DE GRADO BEN-MAP\RESULTADOS_FINALES\02_figuras\fig_5_22_jerarquizacion_global_sensibilidades.png,D:\TRABAJO DE GRADO BEN-MAP\GITHUB\Analisis_sensibilidad\03_resultados_figuras\capitulo_5_5_sensibilidad\fig_5_22_jerarquizacion_global_sensibilidades.png,COPIADO,
2026-04-28 22:42:25,D:\TRABAJO DE GRADO BEN-MAP\RESULTADOS_FINALES\02_figuras\fig_5_23_comparacion_global_normalizada_sensibilidades.pdf,D:\TRABAJO DE GRADO BEN-MAP\GITHUB\Analisis_sensibilidad\03_resultados_figuras\capitulo_5_5_sensibilidad\fig_5_23_comparacion_global_normalizada_sensibilidades.pdf,COPIADO,
2026-04-28 22:42:25,D:\TRABAJO DE GRADO BEN-MAP\RESULTADOS_FINALES\02_figuras\fig_5_23_comparacion_global_normalizada_sensibilidades.png,D:\TRABAJO DE GRADO BEN-MAP\GITHUB\Analisis_sensibilidad\03_resultados_figuras\capitulo_5_5_sensibilidad\fig_5_23_comparacion_global_normalizada_sensibilidades.png,COPIADO,
2026-04-28 22:42:25,D:\TRABAJO DE GRADO BEN-MAP\RESULTADOS_FINALES\02_figuras\fig_5_24_resumen_por_bloque_sensibilidad.pdf,D:\TRABAJO DE GRADO BEN-MAP\GITHUB\Analisis_sensibilidad\03_resultados_figuras\capitulo_5_5_sensibilidad\fig_5_24_resumen_por_bloque_sensibilidad.pdf,COPIADO,
2026-04-28 22:42:25,D:\TRABAJO DE GRADO BEN-MAP\RESULTADOS_FINALES\02_figuras\fig_5_24_resumen_por_bloque_sensibilidad.png,D:\TRABAJO DE GRADO BEN-MAP\GITHUB\Analisis_sensibilidad\03_resultados_figuras\capitulo_5_5_sensibilidad\fig_5_24_resumen_por_bloque_sensibilidad.png,COPIADO,
2026-04-28 22:42:25,D:\TRABAJO DE GRADO BEN-MAP\RESULTADOS_FINALES\02_figuras\03_hbm\01_validacion\celda_140_img_05_celda_9_tabla_robusta_de_validacion_y_evaluacion_del_hbm_en_.pdf,D:\TRABAJO DE GRADO BEN-MAP\GITHUB\Analisis_sensibilidad\03_resultados_figuras\capitulo_5_5_sensibilidad\celda_140_img_05_celda_9_tabla_robusta_de_validacion_y_evaluacion_del_hbm_en_.pdf,COPIADO,
2026-04-28 22:42:25,D:\TRABAJO DE GRADO BEN-MAP\RESULTADOS_FINALES\02_figuras\03_hbm\01_validacion\celda_140_img_05_celda_9_tabla_robusta_de_validacion_y_evaluacion_del_hbm_en_.png,D:\TRABAJO DE GRADO BEN-MAP\GITHUB\Analisis_sensibilidad\03_resultados_figuras\capitulo_5_5_sensibilidad\celda_140_img_05_celda_9_tabla_robusta_de_validacion_y_evaluacion_del_hbm_en_.png,COPIADO,
2026-04-28 22:42:25,D:\TRABAJO DE GRADO BEN-MAP\RESULTADOS_FINALES\02_figuras\03_hbm\01_validacion\fig_5_11_obs_vs_pred_hbm_no2.pdf,D:\TRABAJO DE GRADO BEN-MAP\GITHUB\Analisis_sensibilidad\03_resultados_figuras\capitulo_5_5_sensibilidad\fig_5_11_obs_vs_pred_hbm_no2.pdf,COPIADO,
2026-04-28 22:42:25,D:\TRABAJO DE GRADO BEN-MAP\RESULTADOS_FINALES\02_figuras\03_hbm\01_validacion\fig_5_11_obs_vs_pred_hbm_no2.png,D:\TRABAJO DE GRADO BEN-MAP\GITHUB\Analisis_sensibilidad\03_resultados_figuras\capitulo_5_5_sensibilidad\fig_5_11_obs_vs_pred_hbm_no2.png,COPIADO,
2026-04-28 22:42:25,D:\TRABAJO DE GRADO BEN-MAP\RESULTADOS_FINALES\02_figuras\03_hbm\01_validacion\fig_5_11_obs_vs_pred_hbm_no2_v2.pdf,D:\TRABAJO DE GRADO BEN-MAP\GITHUB\Analisis_sensibilidad\03_resultados_figuras\capitulo_5_5_sensibilidad\fig_5_11_obs_vs_pred_hbm_no2_v2.pdf,COPIADO,
2026-04-28 22:42:25,D:\TRABAJO DE GRADO BEN-MAP\RESULTADOS_FINALES\02_figuras\03_hbm\01_validacion\fig_5_11_obs_vs_pred_hbm_no2_v2.png,D:\TRABAJO DE GRADO BEN-MAP\GITHUB\Analisis_sensibilidad\03_resultados_figuras\capitulo_5_5_sensibilidad\fig_5_11_obs_vs_pred_hbm_no2_v2.png,COPIADO,
2026-04-28 22:42:25,D:\TRABAJO DE GRADO BEN-MAP\RESULTADOS_FINALES\02_figuras\03_hbm\01_validacion\fig_5_11_obs_vs_pred_hbm_no2_v3.pdf,D:\TRABAJO DE GRADO BEN-MAP\GITHUB\Analisis_sensibilidad\03_resultados_figuras\capitulo_5_5_sensibilidad\fig_5_11_obs_vs_pred_hbm_no2_v3.pdf,COPIADO,
2026-04-28 22:42:25,D:\TRABAJO DE GRADO BEN-MAP\RESULTADOS_FINALES\02_figuras\03_hbm\01_validacion\fig_5_11_obs_vs_pred_hbm_o3.pdf,D:\TRABAJO DE GRADO BEN-MAP\GITHUB\Analisis_sensibilidad\03_resultados_figuras\capitulo_5_5_sensibilidad\fig_5_11_obs_vs_pred_hbm_o3.pdf,COPIADO,
2026-04-28 22:42:25,D:\TRABAJO DE GRADO BEN-MAP\RESULTADOS_FINALES\02_figuras\03_hbm\01_validacion\fig_5_11_obs_vs_pred_hbm_o3.png,D:\TRABAJO DE GRADO BEN-MAP\GITHUB\Analisis_sensibilidad\03_resultados_figuras\capitulo_5_5_sensibilidad\fig_5_11_obs_vs_pred_hbm_o3.png,COPIADO,
2026-04-28 22:42:25,D:\TRABAJO DE GRADO BEN-MAP\RESULTADOS_FINALES\02_figuras\03_hbm\01_validacion\fig_5_11_obs_vs_pred_hbm_o3_v2.pdf,D:\TRABAJO DE GRADO BEN-MAP\GITHUB\Analisis_sensibilidad\03_resultados_figuras\capitulo_5_5_sensibilidad\fig_5_11_obs_vs_pred_hbm_o3_v2.pdf,COPIADO,
2026-04-28 22:42:25,D:\TRABAJO DE GRADO BEN-MAP\RESULTADOS_FINALES\02_figuras\03_hbm\01_validacion\fig_5_11_obs_vs_pred_hbm_o3_v2.png,D:\TRABAJO DE GRADO BEN-MAP\GITHUB\Analisis_sensibilidad\03_resultados_figuras\capitulo_5_5_sensibilidad\fig_5_11_obs_vs_pred_hbm_o3_v2.png,COPIADO,
2026-04-28 22:42:25,D:\TRABAJO DE GRADO BEN-MAP\RESULTADOS_FINALES\02_figuras\03_hbm\01_validacion\fig_5_11_obs_vs_pred_hbm_o3_v3.pdf,D:\TRABAJO DE GRADO BEN-MAP\GITHUB\Analisis_sensibilidad\03_resultados_figuras\capitulo_5_5_sensibilidad\fig_5_11_obs_vs_pred_hbm_o3_v3.pdf,COPIADO,
2026-04-28 22:42:25,D:\TRABAJO DE GRADO BEN-MAP\RESULTADOS_FINALES\02_figuras\03_hbm\01_validacion\fig_5_11_obs_vs_pred_hbm_pm25.pdf,D:\TRABAJO DE GRADO BEN-MAP\GITHUB\Analisis_sensibilidad\03_resultados_figuras\capitulo_5_5_sensibilidad\fig_5_11_obs_vs_pred_hbm_pm25.pdf,COPIADO,
2026-04-28 22:42:25,D:\TRABAJO DE GRADO BEN-MAP\RESULTADOS_FINALES\02_figuras\03_hbm\01_validacion\fig_5_11_obs_vs_pred_hbm_pm25.png,D:\TRABAJO DE GRADO BEN-MAP\GITHUB\Analisis_sensibilidad\03_resultados_figuras\capitulo_5_5_sensibilidad\fig_5_11_obs_vs_pred_hbm_pm25.png,COPIADO,
2026-04-28 22:42:25,D:\TRABAJO DE GRADO BEN-MAP\RESULTADOS_FINALES\02_figuras\03_hbm\01_validacion\fig_5_11_obs_vs_pred_hbm_pm25_v2.pdf,D:\TRABAJO DE GRADO BEN-MAP\GITHUB\Analisis_sensibilidad\03_resultados_figuras\capitulo_5_5_sensibilidad\fig_5_11_obs_vs_pred_hbm_pm25_v2.pdf,COPIADO,
2026-04-28 22:42:25,D:\TRABAJO DE GRADO BEN-MAP\RESULTADOS_FINALES\02_figuras\03_hbm\01_validacion\fig_5_11_obs_vs_pred_hbm_pm25_v3.pdf,D:\TRABAJO DE GRADO BEN-MAP\GITHUB\Analisis_sensibilidad\03_resultados_figuras\capitulo_5_5_sensibilidad\fig_5_11_obs_vs_pred_hbm_pm25_v3.pdf,COPIADO,
2026-04-28 22:42:25,D:\TRABAJO DE GRADO BEN-MAP\RESULTADOS_FINALES\02_figuras\03_hbm\01_validacion\fig_5_12_serie_mensual_obs_vs_pred_hbm_no2.pdf,D:\TRABAJO DE GRADO BEN-MAP\GITHUB\Analisis_sensibilidad\03_resultados_figuras\capitulo_5_5_sensibilidad\fig_5_12_serie_mensual_obs_vs_pred_hbm_no2.pdf,COPIADO,
2026-04-28 22:42:25,D:\TRABAJO DE GRADO BEN-MAP\RESULTADOS_FINALES\02_figuras\03_hbm\01_validacion\fig_5_12_serie_mensual_obs_vs_pred_hbm_no2.png,D:\TRABAJO DE GRADO BEN-MAP\GITHUB\Analisis_sensibilidad\03_resultados_figuras\capitulo_5_5_sensibilidad\fig_5_12_serie_mensual_obs_vs_pred_hbm_no2.png,COPIADO,
2026-04-28 22:42:25,D:\TRABAJO DE GRADO BEN-MAP\RESULTADOS_FINALES\02_figuras\03_hbm\01_validacion\fig_5_12_serie_mensual_obs_vs_pred_hbm_no2_v2.pdf,D:\TRABAJO DE GRADO BEN-MAP\GITHUB\Analisis_sensibilidad\03_resultados_figuras\capitulo_5_5_sensibilidad\fig_5_12_serie_mensual_obs_vs_pred_hbm_no2_v2.pdf,COPIADO,
2026-04-28 22:42:25,D:\TRABAJO DE GRADO BEN-MAP\RESULTADOS_FINALES\02_figuras\03_hbm\01_validacion\fig_5_12_serie_mensual_obs_vs_pred_hbm_no2_v3.pdf,D:\TRABAJO DE GRADO BEN-MAP\GITHUB\Analisis_sensibilidad\03_resultados_figuras\capitulo_5_5_sensibilidad\fig_5_12_serie_mensual_obs_vs_pred_hbm_no2_v3.pdf,COPIADO,
2026-04-28 22:42:25,D:\TRABAJO DE GRADO BEN-MAP\RESULTADOS_FINALES\02_figuras\03_hbm\01_validacion\fig_5_12_serie_mensual_obs_vs_pred_hbm_o3.pdf,D:\TRABAJO DE GRADO BEN-MAP\GITHUB\Analisis_sensibilidad\03_resultados_figuras\capitulo_5_5_sensibilidad\fig_5_12_serie_mensual_obs_vs_pred_hbm_o3.pdf,COPIADO,
2026-04-28 22:42:25,D:\TRABAJO DE GRADO BEN-MAP\RESULTADOS_FINALES\02_figuras\03_hbm\01_validacion\fig_5_12_serie_mensual_obs_vs_pred_hbm_o3.png,D:\TRABAJO DE GRADO BEN-MAP\GITHUB\Analisis_sensibilidad\03_resultados_figuras\capitulo_5_5_sensibilidad\fig_5_12_serie_mensual_obs_vs_pred_hbm_o3.png,COPIADO,
2026-04-28 22:42:25,D:\TRABAJO DE GRADO BEN-MAP\RESULTADOS_FINALES\02_figuras\03_hbm\01_validacion\fig_5_12_serie_mensual_obs_vs_pred_hbm_o3_v2.pdf,D:\TRABAJO DE GRADO BEN-MAP\GITHUB\Analisis_sensibilidad\03_resultados_figuras\capitulo_5_5_sensibilidad\fig_5_12_serie_mensual_obs_vs_pred_hbm_o3_v2.pdf,COPIADO,
2026-04-28 22:42:25,D:\TRABAJO DE GRADO BEN-MAP\RESULTADOS_FINALES\02_figuras\03_hbm\01_validacion\fig_5_12_serie_mensual_obs_vs_pred_hbm_o3_v2.png,D:\TRABAJO DE GRADO BEN-MAP\GITHUB\Analisis_sensibilidad\03_resultados_figuras\capitulo_5_5_sensibilidad\fig_5_12_serie_mensual_obs_vs_pred_hbm_o3_v2.png,COPIADO,
2026-04-28 22:42:25,D:\TRABAJO DE GRADO BEN-MAP\RESULTADOS_FINALES\02_figuras\03_hbm\01_validacion\fig_5_12_serie_mensual_obs_vs_pred_hbm_o3_v3.pdf,D:\TRABAJO DE GRADO BEN-MAP\GITHUB\Analisis_sensibilidad\03_resultados_figuras\capitulo_5_5_sensibilidad\fig_5_12_serie_mensual_obs_vs_pred_hbm_o3_v3.pdf,COPIADO,
2026-04-28 22:42:25,D:\TRABAJO DE GRADO BEN-MAP\RESULTADOS_FINALES\02_figuras\03_hbm\01_validacion\fig_5_12_serie_mensual_obs_vs_pred_hbm_pm25.pdf,D:\TRABAJO DE GRADO BEN-MAP\GITHUB\Analisis_sensibilidad\03_resultados_figuras\capitulo_5_5_sensibilidad\fig_5_12_serie_mensual_obs_vs_pred_hbm_pm25.pdf,COPIADO,
2026-04-28 22:42:25,D:\TRABAJO DE GRADO BEN-MAP\RESULTADOS_FINALES\02_figuras\03_hbm\01_validacion\fig_5_12_serie_mensual_obs_vs_pred_hbm_pm25.png,D:\TRABAJO DE GRADO BEN-MAP\GITHUB\Analisis_sensibilidad\03_resultados_figuras\capitulo_5_5_sensibilidad\fig_5_12_serie_mensual_obs_vs_pred_hbm_pm25.png,COPIADO,
2026-04-28 22:42:25,D:\TRABAJO DE GRADO BEN-MAP\RESULTADOS_FINALES\02_figuras\03_hbm\01_validacion\fig_5_12_serie_mensual_obs_vs_pred_hbm_pm25_v2.pdf,D:\TRABAJO DE GRADO BEN-MAP\GITHUB\Analisis_sensibilidad\03_resultados_figuras\capitulo_5_5_sensibilidad\fig_5_12_serie_mensual_obs_vs_pred_hbm_pm25_v2.pdf,COPIADO,
2026-04-28 22:42:25,D:\TRABAJO DE GRADO BEN-MAP\RESULTADOS_FINALES\02_figuras\03_hbm\01_validacion\fig_5_12_serie_mensual_obs_vs_pred_hbm_pm25_v3.pdf,D:\TRABAJO DE GRADO BEN-MAP\GITHUB\Analisis_sensibilidad\03_resultados_figuras\capitulo_5_5_sensibilidad\fig_5_12_serie_mensual_obs_vs_pred_hbm_pm25_v3.pdf,COPIADO,
2026-04-28 22:42:25,D:\TRABAJO DE GRADO BEN-MAP\RESULTADOS_FINALES\02_figuras\03_hbm\02_superficie_central\celda_132_img_06_celda_7_vista_previa_de_mapas_anuales_de_la_superficie_poste.pdf,D:\TRABAJO DE GRADO BEN-MAP\GITHUB\Analisis_sensibilidad\03_resultados_figuras\capitulo_5_5_sensibilidad\celda_132_img_06_celda_7_vista_previa_de_mapas_anuales_de_la_superficie_poste.pdf,COPIADO,
2026-04-28 22:42:25,D:\TRABAJO DE GRADO BEN-MAP\RESULTADOS_FINALES\02_figuras\03_hbm\02_superficie_central\celda_132_img_06_celda_7_vista_previa_de_mapas_anuales_de_la_superficie_poste.png,D:\TRABAJO DE GRADO BEN-MAP\GITHUB\Analisis_sensibilidad\03_resultados_figuras\capitulo_5_5_sensibilidad\celda_132_img_06_celda_7_vista_previa_de_mapas_anuales_de_la_superficie_poste.png,COPIADO,
2026-04-28 22:42:25,D:\TRABAJO DE GRADO BEN-MAP\RESULTADOS_FINALES\02_figuras\03_hbm\02_superficie_central\celda_132_img_07_celda_7_vista_previa_de_mapas_anuales_de_la_superficie_poste.pdf,D:\TRABAJO DE GRADO BEN-MAP\GITHUB\Analisis_sensibilidad\03_resultados_figuras\capitulo_5_5_sensibilidad\celda_132_img_07_celda_7_vista_previa_de_mapas_anuales_de_la_superficie_poste.pdf,COPIADO,
2026-04-28 22:42:25,D:\TRABAJO DE GRADO BEN-MAP\RESULTADOS_FINALES\02_figuras\03_hbm\02_superficie_central\celda_132_img_07_celda_7_vista_previa_de_mapas_anuales_de_la_superficie_poste.png,D:\TRABAJO DE GRADO BEN-MAP\GITHUB\Analisis_sensibilidad\03_resultados_figuras\capitulo_5_5_sensibilidad\celda_132_img_07_celda_7_vista_previa_de_mapas_anuales_de_la_superficie_poste.png,COPIADO,
2026-04-28 22:42:25,D:\TRABAJO DE GRADO BEN-MAP\RESULTADOS_FINALES\02_figuras\03_hbm\02_superficie_central\celda_132_img_08_celda_7_vista_previa_de_mapas_anuales_de_la_superficie_poste.pdf,D:\TRABAJO DE GRADO BEN-MAP\GITHUB\Analisis_sensibilidad\03_resultados_figuras\capitulo_5_5_sensibilidad\celda_132_img_08_celda_7_vista_previa_de_mapas_anuales_de_la_superficie_poste.pdf,COPIADO,
2026-04-28 22:42:25,D:\TRABAJO DE GRADO BEN-MAP\RESULTADOS_FINALES\02_figuras\03_hbm\02_superficie_central\celda_132_img_08_celda_7_vista_previa_de_mapas_anuales_de_la_superficie_poste.png,D:\TRABAJO DE GRADO BEN-MAP\GITHUB\Analisis_sensibilidad\03_resultados_figuras\capitulo_5_5_sensibilidad\celda_132_img_08_celda_7_vista_previa_de_mapas_anuales_de_la_superficie_poste.png,COPIADO,
2026-04-28 22:42:25,D:\TRABAJO DE GRADO BEN-MAP\RESULTADOS_FINALES\02_figuras\03_hbm\02_superficie_central\celda_132_img_09_celda_7_vista_previa_de_mapas_anuales_de_la_superficie_poste.pdf,D:\TRABAJO DE GRADO BEN-MAP\GITHUB\Analisis_sensibilidad\03_resultados_figuras\capitulo_5_5_sensibilidad\celda_132_img_09_celda_7_vista_previa_de_mapas_anuales_de_la_superficie_poste.pdf,COPIADO,
2026-04-28 22:42:25,D:\TRABAJO DE GRADO BEN-MAP\RESULTADOS_FINALES\02_figuras\03_hbm\02_superficie_central\celda_132_img_09_celda_7_vista_previa_de_mapas_anuales_de_la_superficie_poste.png,D:\TRABAJO DE GRADO BEN-MAP\GITHUB\Analisis_sensibilidad\03_resultados_figuras\capitulo_5_5_sensibilidad\celda_132_img_09_celda_7_vista_previa_de_mapas_anuales_de_la_superficie_poste.png,COPIADO,
2026-04-28 22:42:25,D:\TRABAJO DE GRADO BEN-MAP\RESULTADOS_FINALES\02_figuras\03_hbm\02_superficie_central\celda_132_img_10_celda_7_vista_previa_de_mapas_anuales_de_la_superficie_poste.pdf,D:\TRABAJO DE GRADO BEN-MAP\GITHUB\Analisis_sensibilidad\03_resultados_figuras\capitulo_5_5_sensibilidad\celda_132_img_10_celda_7_vista_previa_de_mapas_anuales_de_la_superficie_poste.pdf,COPIADO,
2026-04-28 22:42:25,D:\TRABAJO DE GRADO BEN-MAP\RESULTADOS_FINALES\02_figuras\03_hbm\02_superficie_central\celda_132_img_10_celda_7_vista_previa_de_mapas_anuales_de_la_superficie_poste.png,D:\TRABAJO DE GRADO BEN-MAP\GITHUB\Analisis_sensibilidad\03_resultados_figuras\capitulo_5_5_sensibilidad\celda_132_img_10_celda_7_vista_previa_de_mapas_anuales_de_la_superficie_poste.png,COPIADO,
2026-04-28 22:42:25,D:\TRABAJO DE GRADO BEN-MAP\RESULTADOS_FINALES\02_figuras\03_hbm\02_superficie_central\celda_136_img_05_resumenes_del_hbm_a_partir_de_superficies_posteriores_resume.pdf,D:\TRABAJO DE GRADO BEN-MAP\GITHUB\Analisis_sensibilidad\03_resultados_figuras\capitulo_5_5_sensibilidad\celda_136_img_05_resumenes_del_hbm_a_partir_de_superficies_posteriores_resume.pdf,COPIADO,
2026-04-28 22:42:25,D:\TRABAJO DE GRADO BEN-MAP\RESULTADOS_FINALES\02_figuras\03_hbm\02_superficie_central\celda_136_img_05_resumenes_del_hbm_a_partir_de_superficies_posteriores_resume.png,D:\TRABAJO DE GRADO BEN-MAP\GITHUB\Analisis_sensibilidad\03_resultados_figuras\capitulo_5_5_sensibilidad\celda_136_img_05_resumenes_del_hbm_a_partir_de_superficies_posteriores_resume.png,COPIADO,
2026-04-28 22:42:25,D:\TRABAJO DE GRADO BEN-MAP\RESULTADOS_FINALES\02_figuras\03_hbm\02_superficie_central\celda_136_img_06_resumenes_del_hbm_a_partir_de_superficies_posteriores_resume.pdf,D:\TRABAJO DE GRADO BEN-MAP\GITHUB\Analisis_sensibilidad\03_resultados_figuras\capitulo_5_5_sensibilidad\celda_136_img_06_resumenes_del_hbm_a_partir_de_superficies_posteriores_resume.pdf,COPIADO,
2026-04-28 22:42:25,D:\TRABAJO DE GRADO BEN-MAP\RESULTADOS_FINALES\02_figuras\03_hbm\02_superficie_central\celda_136_img_06_resumenes_del_hbm_a_partir_de_superficies_posteriores_resume.png,D:\TRABAJO DE GRADO BEN-MAP\GITHUB\Analisis_sensibilidad\03_resultados_figuras\capitulo_5_5_sensibilidad\celda_136_img_06_resumenes_del_hbm_a_partir_de_superficies_posteriores_resume.png,COPIADO,
2026-04-28 22:42:25,D:\TRABAJO DE GRADO BEN-MAP\RESULTADOS_FINALES\02_figuras\03_hbm\02_superficie_central\fig_5_13_superficie_posterior_central_hbm_no2.pdf,D:\TRABAJO DE GRADO BEN-MAP\GITHUB\Analisis_sensibilidad\03_resultados_figuras\capitulo_5_5_sensibilidad\fig_5_13_superficie_posterior_central_hbm_no2.pdf,COPIADO,
2026-04-28 22:42:25,D:\TRABAJO DE GRADO BEN-MAP\RESULTADOS_FINALES\02_figuras\03_hbm\02_superficie_central\fig_5_13_superficie_posterior_central_hbm_no2.png,D:\TRABAJO DE GRADO BEN-MAP\GITHUB\Analisis_sensibilidad\03_resultados_figuras\capitulo_5_5_sensibilidad\fig_5_13_superficie_posterior_central_hbm_no2.png,COPIADO,
2026-04-28 22:42:25,D:\TRABAJO DE GRADO BEN-MAP\RESULTADOS_FINALES\02_figuras\03_hbm\02_superficie_central\fig_5_13_superficie_posterior_central_hbm_no2_v2.pdf,D:\TRABAJO DE GRADO BEN-MAP\GITHUB\Analisis_sensibilidad\03_resultados_figuras\capitulo_5_5_sensibilidad\fig_5_13_superficie_posterior_central_hbm_no2_v2.pdf,COPIADO,
2026-04-28 22:42:25,D:\TRABAJO DE GRADO BEN-MAP\RESULTADOS_FINALES\02_figuras\03_hbm\02_superficie_central\fig_5_13_superficie_posterior_central_hbm_no2_v3.pdf,D:\TRABAJO DE GRADO BEN-MAP\GITHUB\Analisis_sensibilidad\03_resultados_figuras\capitulo_5_5_sensibilidad\fig_5_13_superficie_posterior_central_hbm_no2_v3.pdf,COPIADO,
2026-04-28 22:42:25,D:\TRABAJO DE GRADO BEN-MAP\RESULTADOS_FINALES\02_figuras\03_hbm\02_superficie_central\fig_5_13_superficie_posterior_central_hbm_o3.pdf,D:\TRABAJO DE GRADO BEN-MAP\GITHUB\Analisis_sensibilidad\03_resultados_figuras\capitulo_5_5_sensibilidad\fig_5_13_superficie_posterior_central_hbm_o3.pdf,COPIADO,
2026-04-28 22:42:25,D:\TRABAJO DE GRADO BEN-MAP\RESULTADOS_FINALES\02_figuras\03_hbm\02_superficie_central\fig_5_13_superficie_posterior_central_hbm_o3.png,D:\TRABAJO DE GRADO BEN-MAP\GITHUB\Analisis_sensibilidad\03_resultados_figuras\capitulo_5_5_sensibilidad\fig_5_13_superficie_posterior_central_hbm_o3.png,COPIADO,
2026-04-28 22:42:25,D:\TRABAJO DE GRADO BEN-MAP\RESULTADOS_FINALES\02_figuras\03_hbm\02_superficie_central\fig_5_13_superficie_posterior_central_hbm_o3_v2.pdf,D:\TRABAJO DE GRADO BEN-MAP\GITHUB\Analisis_sensibilidad\03_resultados_figuras\capitulo_5_5_sensibilidad\fig_5_13_superficie_posterior_central_hbm_o3_v2.pdf,COPIADO,
2026-04-28 22:42:25,D:\TRABAJO DE GRADO BEN-MAP\RESULTADOS_FINALES\02_figuras\03_hbm\02_superficie_central\fig_5_13_superficie_posterior_central_hbm_o3_v3.pdf,D:\TRABAJO DE GRADO BEN-MAP\GITHUB\Analisis_sensibilidad\03_resultados_figuras\capitulo_5_5_sensibilidad\fig_5_13_superficie_posterior_central_hbm_o3_v3.pdf,COPIADO,
2026-04-28 22:42:25,D:\TRABAJO DE GRADO BEN-MAP\RESULTADOS_FINALES\02_figuras\03_hbm\02_superficie_central\fig_5_13_superficie_posterior_central_hbm_pm25.pdf,D:\TRABAJO DE GRADO BEN-MAP\GITHUB\Analisis_sensibilidad\03_resultados_figuras\capitulo_5_5_sensibilidad\fig_5_13_superficie_posterior_central_hbm_pm25.pdf,COPIADO,
2026-04-28 22:42:25,D:\TRABAJO DE GRADO BEN-MAP\RESULTADOS_FINALES\02_figuras\03_hbm\02_superficie_central\fig_5_13_superficie_posterior_central_hbm_pm25.png,D:\TRABAJO DE GRADO BEN-MAP\GITHUB\Analisis_sensibilidad\03_resultados_figuras\capitulo_5_5_sensibilidad\fig_5_13_superficie_posterior_central_hbm_pm25.png,COPIADO,
2026-04-28 22:42:25,D:\TRABAJO DE GRADO BEN-MAP\RESULTADOS_FINALES\02_figuras\03_hbm\02_superficie_central\fig_5_13_superficie_posterior_central_hbm_pm25_v2.pdf,D:\TRABAJO DE GRADO BEN-MAP\GITHUB\Analisis_sensibilidad\03_resultados_figuras\capitulo_5_5_sensibilidad\fig_5_13_superficie_posterior_central_hbm_pm25_v2.pdf,COPIADO,
2026-04-28 22:42:25,D:\TRABAJO DE GRADO BEN-MAP\RESULTADOS_FINALES\02_figuras\03_hbm\02_superficie_central\fig_5_13_superficie_posterior_central_hbm_pm25_v3.pdf,D:\TRABAJO DE GRADO BEN-MAP\GITHUB\Analisis_sensibilidad\03_resultados_figuras\capitulo_5_5_sensibilidad\fig_5_13_superficie_posterior_central_hbm_pm25_v3.pdf,COPIADO,
2026-04-28 22:42:25,D:\TRABAJO DE GRADO BEN-MAP\RESULTADOS_FINALES\02_figuras\03_hbm\03_incertidumbre\celda_134_img_05_celda_8_vista_previa_de_mapas_anuales_de_incertidumbre_poste.pdf,D:\TRABAJO DE GRADO BEN-MAP\GITHUB\Analisis_sensibilidad\03_resultados_figuras\capitulo_5_5_sensibilidad\celda_134_img_05_celda_8_vista_previa_de_mapas_anuales_de_incertidumbre_poste.pdf,COPIADO,
2026-04-28 22:42:25,D:\TRABAJO DE GRADO BEN-MAP\RESULTADOS_FINALES\02_figuras\03_hbm\03_incertidumbre\celda_134_img_05_celda_8_vista_previa_de_mapas_anuales_de_incertidumbre_poste.png,D:\TRABAJO DE GRADO BEN-MAP\GITHUB\Analisis_sensibilidad\03_resultados_figuras\capitulo_5_5_sensibilidad\celda_134_img_05_celda_8_vista_previa_de_mapas_anuales_de_incertidumbre_poste.png,COPIADO,
2026-04-28 22:42:25,D:\TRABAJO DE GRADO BEN-MAP\RESULTADOS_FINALES\02_figuras\03_hbm\03_incertidumbre\celda_134_img_06_celda_8_vista_previa_de_mapas_anuales_de_incertidumbre_poste.pdf,D:\TRABAJO DE GRADO BEN-MAP\GITHUB\Analisis_sensibilidad\03_resultados_figuras\capitulo_5_5_sensibilidad\celda_134_img_06_celda_8_vista_previa_de_mapas_anuales_de_incertidumbre_poste.pdf,COPIADO,
2026-04-28 22:42:25,D:\TRABAJO DE GRADO BEN-MAP\RESULTADOS_FINALES\02_figuras\03_hbm\03_incertidumbre\celda_134_img_06_celda_8_vista_previa_de_mapas_anuales_de_incertidumbre_poste.png,D:\TRABAJO DE GRADO BEN-MAP\GITHUB\Analisis_sensibilidad\03_resultados_figuras\capitulo_5_5_sensibilidad\celda_134_img_06_celda_8_vista_previa_de_mapas_anuales_de_incertidumbre_poste.png,COPIADO,
2026-04-28 22:42:25,D:\TRABAJO DE GRADO BEN-MAP\RESULTADOS_FINALES\02_figuras\03_hbm\03_incertidumbre\celda_134_img_07_celda_8_vista_previa_de_mapas_anuales_de_incertidumbre_poste.pdf,D:\TRABAJO DE GRADO BEN-MAP\GITHUB\Analisis_sensibilidad\03_resultados_figuras\capitulo_5_5_sensibilidad\celda_134_img_07_celda_8_vista_previa_de_mapas_anuales_de_incertidumbre_poste.pdf,COPIADO,
2026-04-28 22:42:25,D:\TRABAJO DE GRADO BEN-MAP\RESULTADOS_FINALES\02_figuras\03_hbm\03_incertidumbre\celda_134_img_07_celda_8_vista_previa_de_mapas_anuales_de_incertidumbre_poste.png,D:\TRABAJO DE GRADO BEN-MAP\GITHUB\Analisis_sensibilidad\03_resultados_figuras\capitulo_5_5_sensibilidad\celda_134_img_07_celda_8_vista_previa_de_mapas_anuales_de_incertidumbre_poste.png,COPIADO,
2026-04-28 22:42:25,D:\TRABAJO DE GRADO BEN-MAP\RESULTADOS_FINALES\02_figuras\03_hbm\03_incertidumbre\celda_134_img_08_celda_8_vista_previa_de_mapas_anuales_de_incertidumbre_poste.pdf,D:\TRABAJO DE GRADO BEN-MAP\GITHUB\Analisis_sensibilidad\03_resultados_figuras\capitulo_5_5_sensibilidad\celda_134_img_08_celda_8_vista_previa_de_mapas_anuales_de_incertidumbre_poste.pdf,COPIADO,
2026-04-28 22:42:25,D:\TRABAJO DE GRADO BEN-MAP\RESULTADOS_FINALES\02_figuras\03_hbm\03_incertidumbre\celda_134_img_08_celda_8_vista_previa_de_mapas_anuales_de_incertidumbre_poste.png,D:\TRABAJO DE GRADO BEN-MAP\GITHUB\Analisis_sensibilidad\03_resultados_figuras\capitulo_5_5_sensibilidad\celda_134_img_08_celda_8_vista_previa_de_mapas_anuales_de_incertidumbre_poste.png,COPIADO,
2026-04-28 22:42:25,D:\TRABAJO DE GRADO BEN-MAP\RESULTADOS_FINALES\02_figuras\03_hbm\03_incertidumbre\celda_134_img_09_celda_8_vista_previa_de_mapas_anuales_de_incertidumbre_poste.pdf,D:\TRABAJO DE GRADO BEN-MAP\GITHUB\Analisis_sensibilidad\03_resultados_figuras\capitulo_5_5_sensibilidad\celda_134_img_09_celda_8_vista_previa_de_mapas_anuales_de_incertidumbre_poste.pdf,COPIADO,
2026-04-28 22:42:25,D:\TRABAJO DE GRADO BEN-MAP\RESULTADOS_FINALES\02_figuras\03_hbm\03_incertidumbre\celda_134_img_09_celda_8_vista_previa_de_mapas_anuales_de_incertidumbre_poste.png,D:\TRABAJO DE GRADO BEN-MAP\GITHUB\Analisis_sensibilidad\03_resultados_figuras\capitulo_5_5_sensibilidad\celda_134_img_09_celda_8_vista_previa_de_mapas_anuales_de_incertidumbre_poste.png,COPIADO,
2026-04-28 22:42:25,D:\TRABAJO DE GRADO BEN-MAP\RESULTADOS_FINALES\02_figuras\03_hbm\03_incertidumbre\fig_5_14_incertidumbre_posterior_hbm_no2.pdf,D:\TRABAJO DE GRADO BEN-MAP\GITHUB\Analisis_sensibilidad\03_resultados_figuras\capitulo_5_5_sensibilidad\fig_5_14_incertidumbre_posterior_hbm_no2.pdf,COPIADO,
2026-04-28 22:42:25,D:\TRABAJO DE GRADO BEN-MAP\RESULTADOS_FINALES\02_figuras\03_hbm\03_incertidumbre\fig_5_14_incertidumbre_posterior_hbm_no2.png,D:\TRABAJO DE GRADO BEN-MAP\GITHUB\Analisis_sensibilidad\03_resultados_figuras\capitulo_5_5_sensibilidad\fig_5_14_incertidumbre_posterior_hbm_no2.png,COPIADO,
2026-04-28 22:42:25,D:\TRABAJO DE GRADO BEN-MAP\RESULTADOS_FINALES\02_figuras\03_hbm\03_incertidumbre\fig_5_14_incertidumbre_posterior_hbm_no2_v2.pdf,D:\TRABAJO DE GRADO BEN-MAP\GITHUB\Analisis_sensibilidad\03_resultados_figuras\capitulo_5_5_sensibilidad\fig_5_14_incertidumbre_posterior_hbm_no2_v2.pdf,COPIADO,
2026-04-28 22:42:25,D:\TRABAJO DE GRADO BEN-MAP\RESULTADOS_FINALES\02_figuras\03_hbm\03_incertidumbre\fig_5_14_incertidumbre_posterior_hbm_no2_v3.pdf,D:\TRABAJO DE GRADO BEN-MAP\GITHUB\Analisis_sensibilidad\03_resultados_figuras\capitulo_5_5_sensibilidad\fig_5_14_incertidumbre_posterior_hbm_no2_v3.pdf,COPIADO,
2026-04-28 22:42:25,D:\TRABAJO DE GRADO BEN-MAP\RESULTADOS_FINALES\02_figuras\03_hbm\03_incertidumbre\fig_5_14_incertidumbre_posterior_hbm_o3.pdf,D:\TRABAJO DE GRADO BEN-MAP\GITHUB\Analisis_sensibilidad\03_resultados_figuras\capitulo_5_5_sensibilidad\fig_5_14_incertidumbre_posterior_hbm_o3.pdf,COPIADO,
2026-04-28 22:42:25,D:\TRABAJO DE GRADO BEN-MAP\RESULTADOS_FINALES\02_figuras\03_hbm\03_incertidumbre\fig_5_14_incertidumbre_posterior_hbm_o3.png,D:\TRABAJO DE GRADO BEN-MAP\GITHUB\Analisis_sensibilidad\03_resultados_figuras\capitulo_5_5_sensibilidad\fig_5_14_incertidumbre_posterior_hbm_o3.png,COPIADO,
2026-04-28 22:42:25,D:\TRABAJO DE GRADO BEN-MAP\RESULTADOS_FINALES\02_figuras\03_hbm\03_incertidumbre\fig_5_14_incertidumbre_posterior_hbm_o3_v2.pdf,D:\TRABAJO DE GRADO BEN-MAP\GITHUB\Analisis_sensibilidad\03_resultados_figuras\capitulo_5_5_sensibilidad\fig_5_14_incertidumbre_posterior_hbm_o3_v2.pdf,COPIADO,
2026-04-28 22:42:25,D:\TRABAJO DE GRADO BEN-MAP\RESULTADOS_FINALES\02_figuras\03_hbm\03_incertidumbre\fig_5_14_incertidumbre_posterior_hbm_o3_v3.pdf,D:\TRABAJO DE GRADO BEN-MAP\GITHUB\Analisis_sensibilidad\03_resultados_figuras\capitulo_5_5_sensibilidad\fig_5_14_incertidumbre_posterior_hbm_o3_v3.pdf,COPIADO,
2026-04-28 22:42:25,D:\TRABAJO DE GRADO BEN-MAP\RESULTADOS_FINALES\02_figuras\03_hbm\03_incertidumbre\fig_5_14_incertidumbre_posterior_hbm_pm25.pdf,D:\TRABAJO DE GRADO BEN-MAP\GITHUB\Analisis_sensibilidad\03_resultados_figuras\capitulo_5_5_sensibilidad\fig_5_14_incertidumbre_posterior_hbm_pm25.pdf,COPIADO,
2026-04-28 22:42:25,D:\TRABAJO DE GRADO BEN-MAP\RESULTADOS_FINALES\02_figuras\03_hbm\03_incertidumbre\fig_5_14_incertidumbre_posterior_hbm_pm25.png,D:\TRABAJO DE GRADO BEN-MAP\GITHUB\Analisis_sensibilidad\03_resultados_figuras\capitulo_5_5_sensibilidad\fig_5_14_incertidumbre_posterior_hbm_pm25.png,COPIADO,
2026-04-28 22:42:25,D:\TRABAJO DE GRADO BEN-MAP\RESULTADOS_FINALES\02_figuras\03_hbm\03_incertidumbre\fig_5_14_incertidumbre_posterior_hbm_pm25_v2.pdf,D:\TRABAJO DE GRADO BEN-MAP\GITHUB\Analisis_sensibilidad\03_resultados_figuras\capitulo_5_5_sensibilidad\fig_5_14_incertidumbre_posterior_hbm_pm25_v2.pdf,COPIADO,
2026-04-28 22:42:25,D:\TRABAJO DE GRADO BEN-MAP\RESULTADOS_FINALES\02_figuras\03_hbm\03_incertidumbre\fig_5_14_incertidumbre_posterior_hbm_pm25_v3.pdf,D:\TRABAJO DE GRADO BEN-MAP\GITHUB\Analisis_sensibilidad\03_resultados_figuras\capitulo_5_5_sensibilidad\fig_5_14_incertidumbre_posterior_hbm_pm25_v3.pdf,COPIADO,
2026-04-28 22:42:25,D:\TRABAJO DE GRADO BEN-MAP\RESULTADOS_FINALES\02_figuras\04_benmap_base\02_componente_espacial\fig_5_15_localidades_top_valor_no2_enfermedad_pulmonar_cronica.pdf,D:\TRABAJO DE GRADO BEN-MAP\GITHUB\Analisis_sensibilidad\03_resultados_figuras\capitulo_5_5_sensibilidad\fig_5_15_localidades_top_valor_no2_enfermedad_pulmonar_cronica.pdf,COPIADO,
2026-04-28 22:42:25,D:\TRABAJO DE GRADO BEN-MAP\RESULTADOS_FINALES\02_figuras\04_benmap_base\02_componente_espacial\fig_5_15_localidades_top_valor_no2_enfermedad_pulmonar_cronica.png,D:\TRABAJO DE GRADO BEN-MAP\GITHUB\Analisis_sensibilidad\03_resultados_figuras\capitulo_5_5_sensibilidad\fig_5_15_localidades_top_valor_no2_enfermedad_pulmonar_cronica.png,COPIADO,
2026-04-28 22:42:25,D:\TRABAJO DE GRADO BEN-MAP\RESULTADOS_FINALES\02_figuras\04_benmap_base\02_componente_espacial\fig_5_15_localidades_top_valor_no2_enfermedad_pulmonar_cronica_v2.pdf,D:\TRABAJO DE GRADO BEN-MAP\GITHUB\Analisis_sensibilidad\03_resultados_figuras\capitulo_5_5_sensibilidad\fig_5_15_localidades_top_valor_no2_enfermedad_pulmonar_cronica_v2.pdf,COPIADO,
2026-04-28 22:42:25,D:\TRABAJO DE GRADO BEN-MAP\RESULTADOS_FINALES\02_figuras\04_benmap_base\02_componente_espacial\fig_5_15_localidades_top_valor_no2_enfermedad_pulmonar_cronica_v3.pdf,D:\TRABAJO DE GRADO BEN-MAP\GITHUB\Analisis_sensibilidad\03_resultados_figuras\capitulo_5_5_sensibilidad\fig_5_15_localidades_top_valor_no2_enfermedad_pulmonar_cronica_v3.pdf,COPIADO,
2026-04-28 22:42:25,D:\TRABAJO DE GRADO BEN-MAP\RESULTADOS_FINALES\02_figuras\05_sensibilidad_hbm\fig_5_16_sensibilidad_hbm_razones_casos.pdf,D:\TRABAJO DE GRADO BEN-MAP\GITHUB\Analisis_sensibilidad\03_resultados_figuras\capitulo_5_5_sensibilidad\fig_5_16_sensibilidad_hbm_razones_casos.pdf,COPIADO,
2026-04-28 22:42:25,D:\TRABAJO DE GRADO BEN-MAP\RESULTADOS_FINALES\02_figuras\05_sensibilidad_hbm\fig_5_16_sensibilidad_hbm_razones_casos.png,D:\TRABAJO DE GRADO BEN-MAP\GITHUB\Analisis_sensibilidad\03_resultados_figuras\capitulo_5_5_sensibilidad\fig_5_16_sensibilidad_hbm_razones_casos.png,COPIADO,
2026-04-28 22:42:25,D:\TRABAJO DE GRADO BEN-MAP\RESULTADOS_FINALES\02_figuras\05_sensibilidad_hbm\fig_5_17_sensibilidad_hbm_cambios_absolutos_casos.pdf,D:\TRABAJO DE GRADO BEN-MAP\GITHUB\Analisis_sensibilidad\03_resultados_figuras\capitulo_5_5_sensibilidad\fig_5_17_sensibilidad_hbm_cambios_absolutos_casos.pdf,COPIADO,
2026-04-28 22:42:25,D:\TRABAJO DE GRADO BEN-MAP\RESULTADOS_FINALES\02_figuras\05_sensibilidad_hbm\fig_5_17_sensibilidad_hbm_cambios_absolutos_casos.png,D:\TRABAJO DE GRADO BEN-MAP\GITHUB\Analisis_sensibilidad\03_resultados_figuras\capitulo_5_5_sensibilidad\fig_5_17_sensibilidad_hbm_cambios_absolutos_casos.png,COPIADO,
2026-04-28 22:42:25,D:\TRABAJO DE GRADO BEN-MAP\RESULTADOS_FINALES\02_figuras\06_sensibilidad_funcion_cr\fig_5_18_sensibilidad_cr_razon_casos_vs_base.pdf,D:\TRABAJO DE GRADO BEN-MAP\GITHUB\Analisis_sensibilidad\03_resultados_figuras\capitulo_5_5_sensibilidad\fig_5_18_sensibilidad_cr_razon_casos_vs_base.pdf,COPIADO,
2026-04-28 22:42:25,D:\TRABAJO DE GRADO BEN-MAP\RESULTADOS_FINALES\02_figuras\06_sensibilidad_funcion_cr\fig_5_18_sensibilidad_cr_razon_casos_vs_base.png,D:\TRABAJO DE GRADO BEN-MAP\GITHUB\Analisis_sensibilidad\03_resultados_figuras\capitulo_5_5_sensibilidad\fig_5_18_sensibilidad_cr_razon_casos_vs_base.png,COPIADO,
2026-04-28 22:42:25,D:\TRABAJO DE GRADO BEN-MAP\RESULTADOS_FINALES\02_figuras\06_sensibilidad_funcion_cr\fig_5_19_sensibilidad_cr_diferencia_casos_vs_base.pdf,D:\TRABAJO DE GRADO BEN-MAP\GITHUB\Analisis_sensibilidad\03_resultados_figuras\capitulo_5_5_sensibilidad\fig_5_19_sensibilidad_cr_diferencia_casos_vs_base.pdf,COPIADO,
2026-04-28 22:42:25,D:\TRABAJO DE GRADO BEN-MAP\RESULTADOS_FINALES\02_figuras\06_sensibilidad_funcion_cr\fig_5_19_sensibilidad_cr_diferencia_casos_vs_base.png,D:\TRABAJO DE GRADO BEN-MAP\GITHUB\Analisis_sensibilidad\03_resultados_figuras\capitulo_5_5_sensibilidad\fig_5_19_sensibilidad_cr_diferencia_casos_vs_base.png,COPIADO,
2026-04-28 22:42:25,D:\TRABAJO DE GRADO BEN-MAP\RESULTADOS_FINALES\02_figuras\07_sensibilidad_climatica\fig_5_20_sensibilidad_climatica_razones_casos.pdf,D:\TRABAJO DE GRADO BEN-MAP\GITHUB\Analisis_sensibilidad\03_resultados_figuras\capitulo_5_5_sensibilidad\fig_5_20_sensibilidad_climatica_razones_casos.pdf,COPIADO,
2026-04-28 22:42:25,D:\TRABAJO DE GRADO BEN-MAP\RESULTADOS_FINALES\02_figuras\07_sensibilidad_climatica\fig_5_20_sensibilidad_climatica_razones_casos.png,D:\TRABAJO DE GRADO BEN-MAP\GITHUB\Analisis_sensibilidad\03_resultados_figuras\capitulo_5_5_sensibilidad\fig_5_20_sensibilidad_climatica_razones_casos.png,COPIADO,
2026-04-28 22:42:25,D:\TRABAJO DE GRADO BEN-MAP\RESULTADOS_FINALES\02_figuras\07_sensibilidad_climatica\fig_5_21_sensibilidad_climatica_amplitud_relativa_total.pdf,D:\TRABAJO DE GRADO BEN-MAP\GITHUB\Analisis_sensibilidad\03_resultados_figuras\capitulo_5_5_sensibilidad\fig_5_21_sensibilidad_climatica_amplitud_relativa_total.pdf,COPIADO,
2026-04-28 22:42:25,D:\TRABAJO DE GRADO BEN-MAP\RESULTADOS_FINALES\02_figuras\07_sensibilidad_climatica\fig_5_21_sensibilidad_climatica_amplitud_relativa_total.png,D:\TRABAJO DE GRADO BEN-MAP\GITHUB\Analisis_sensibilidad\03_resultados_figuras\capitulo_5_5_sensibilidad\fig_5_21_sensibilidad_climatica_amplitud_relativa_total.png,COPIADO,
2026-04-28 22:42:25,D:\TRABAJO DE GRADO BEN-MAP\RESULTADOS_FINALES\06_trazabilidad_archivos\04_hbm\NO2\fig_hbm_ancho_intervalo_mensual_no2.png,D:\TRABAJO DE GRADO BEN-MAP\GITHUB\Analisis_sensibilidad\03_resultados_figuras\capitulo_5_5_sensibilidad\fig_hbm_ancho_intervalo_mensual_no2_copy.png,COPIADO,
2026-04-28 22:42:25,D:\TRABAJO DE GRADO BEN-MAP\RESULTADOS_FINALES\06_trazabilidad_archivos\04_hbm\NO2\fig_hbm_auditoria_flags_no2.png,D:\TRABAJO DE GRADO BEN-MAP\GITHUB\Analisis_sensibilidad\03_resultados_figuras\capitulo_5_5_sensibilidad\fig_hbm_auditoria_flags_no2_copy.png,COPIADO,
2026-04-28 22:42:25,D:\TRABAJO DE GRADO BEN-MAP\RESULTADOS_FINALES\06_trazabilidad_archivos\04_hbm\NO2\fig_hbm_metricas_promedio_folds_no2.png,D:\TRABAJO DE GRADO BEN-MAP\GITHUB\Analisis_sensibilidad\03_resultados_figuras\capitulo_5_5_sensibilidad\fig_hbm_metricas_promedio_folds_no2_copy.png,COPIADO,
2026-04-28 22:42:25,D:\TRABAJO DE GRADO BEN-MAP\RESULTADOS_FINALES\06_trazabilidad_archivos\04_hbm\NO2\fig_hbm_obs_vs_pred_no2.png,D:\TRABAJO DE GRADO BEN-MAP\GITHUB\Analisis_sensibilidad\03_resultados_figuras\capitulo_5_5_sensibilidad\fig_hbm_obs_vs_pred_no2_copy.png,COPIADO,
2026-04-28 22:42:25,D:\TRABAJO DE GRADO BEN-MAP\RESULTADOS_FINALES\06_trazabilidad_archivos\04_hbm\NO2\fig_hbm_residuos_no2.png,D:\TRABAJO DE GRADO BEN-MAP\GITHUB\Analisis_sensibilidad\03_resultados_figuras\capitulo_5_5_sensibilidad\fig_hbm_residuos_no2_copy.png,COPIADO,
2026-04-28 22:42:25,D:\TRABAJO DE GRADO BEN-MAP\RESULTADOS_FINALES\06_trazabilidad_archivos\04_hbm\NO2\fig_hbm_residuos_por_fold_no2.png,D:\TRABAJO DE GRADO BEN-MAP\GITHUB\Analisis_sensibilidad\03_resultados_figuras\capitulo_5_5_sensibilidad\fig_hbm_residuos_por_fold_no2_copy.png,COPIADO,
2026-04-28 22:42:25,D:\TRABAJO DE GRADO BEN-MAP\RESULTADOS_FINALES\06_trazabilidad_archivos\04_hbm\NO2\fig_hbm_resumen_estaciones_no2.png,D:\TRABAJO DE GRADO BEN-MAP\GITHUB\Analisis_sensibilidad\03_resultados_figuras\capitulo_5_5_sensibilidad\fig_hbm_resumen_estaciones_no2_copy.png,COPIADO,
2026-04-28 22:42:25,D:\TRABAJO DE GRADO BEN-MAP\RESULTADOS_FINALES\06_trazabilidad_archivos\04_hbm\NO2\fig_hbm_serie_obs_vs_pred_no2.png,D:\TRABAJO DE GRADO BEN-MAP\GITHUB\Analisis_sensibilidad\03_resultados_figuras\capitulo_5_5_sensibilidad\fig_hbm_serie_obs_vs_pred_no2_copy.png,COPIADO,
2026-04-28 22:42:25,D:\TRABAJO DE GRADO BEN-MAP\RESULTADOS_FINALES\06_trazabilidad_archivos\04_hbm\NO2\fig_hbm_superficie_central_mensual_no2.png,D:\TRABAJO DE GRADO BEN-MAP\GITHUB\Analisis_sensibilidad\03_resultados_figuras\capitulo_5_5_sensibilidad\fig_hbm_superficie_central_mensual_no2_copy.png,COPIADO,
2026-04-28 22:42:25,D:\TRABAJO DE GRADO BEN-MAP\RESULTADOS_FINALES\06_trazabilidad_archivos\04_hbm\O3\fig_hbm_ancho_intervalo_mensual_o3.png,D:\TRABAJO DE GRADO BEN-MAP\GITHUB\Analisis_sensibilidad\03_resultados_figuras\capitulo_5_5_sensibilidad\fig_hbm_ancho_intervalo_mensual_o3_copy.png,COPIADO,
2026-04-28 22:42:25,D:\TRABAJO DE GRADO BEN-MAP\RESULTADOS_FINALES\06_trazabilidad_archivos\04_hbm\O3\fig_hbm_auditoria_flags_o3.png,D:\TRABAJO DE GRADO BEN-MAP\GITHUB\Analisis_sensibilidad\03_resultados_figuras\capitulo_5_5_sensibilidad\fig_hbm_auditoria_flags_o3_copy.png,COPIADO,
2026-04-28 22:42:25,D:\TRABAJO DE GRADO BEN-MAP\RESULTADOS_FINALES\06_trazabilidad_archivos\04_hbm\O3\fig_hbm_metricas_promedio_folds_o3.png,D:\TRABAJO DE GRADO BEN-MAP\GITHUB\Analisis_sensibilidad\03_resultados_figuras\capitulo_5_5_sensibilidad\fig_hbm_metricas_promedio_folds_o3_copy.png,COPIADO,
2026-04-28 22:42:25,D:\TRABAJO DE GRADO BEN-MAP\RESULTADOS_FINALES\06_trazabilidad_archivos\04_hbm\O3\fig_hbm_obs_vs_pred_o3.png,D:\TRABAJO DE GRADO BEN-MAP\GITHUB\Analisis_sensibilidad\03_resultados_figuras\capitulo_5_5_sensibilidad\fig_hbm_obs_vs_pred_o3_copy.png,COPIADO,
2026-04-28 22:42:25,D:\TRABAJO DE GRADO BEN-MAP\RESULTADOS_FINALES\06_trazabilidad_archivos\04_hbm\O3\fig_hbm_residuos_o3.png,D:\TRABAJO DE GRADO BEN-MAP\GITHUB\Analisis_sensibilidad\03_resultados_figuras\capitulo_5_5_sensibilidad\fig_hbm_residuos_o3_copy.png,COPIADO,
2026-04-28 22:42:25,D:\TRABAJO DE GRADO BEN-MAP\RESULTADOS_FINALES\06_trazabilidad_archivos\04_hbm\O3\fig_hbm_residuos_por_fold_o3.png,D:\TRABAJO DE GRADO BEN-MAP\GITHUB\Analisis_sensibilidad\03_resultados_figuras\capitulo_5_5_sensibilidad\fig_hbm_residuos_por_fold_o3_copy.png,COPIADO,
2026-04-28 22:42:25,D:\TRABAJO DE GRADO BEN-MAP\RESULTADOS_FINALES\06_trazabilidad_archivos\04_hbm\O3\fig_hbm_resumen_estaciones_o3.png,D:\TRABAJO DE GRADO BEN-MAP\GITHUB\Analisis_sensibilidad\03_resultados_figuras\capitulo_5_5_sensibilidad\fig_hbm_resumen_estaciones_o3_copy.png,COPIADO,
2026-04-28 22:42:25,D:\TRABAJO DE GRADO BEN-MAP\RESULTADOS_FINALES\06_trazabilidad_archivos\04_hbm\O3\fig_hbm_serie_obs_vs_pred_o3.png,D:\TRABAJO DE GRADO BEN-MAP\GITHUB\Analisis_sensibilidad\03_resultados_figuras\capitulo_5_5_sensibilidad\fig_hbm_serie_obs_vs_pred_o3_copy.png,COPIADO,
2026-04-28 22:42:25,D:\TRABAJO DE GRADO BEN-MAP\RESULTADOS_FINALES\06_trazabilidad_archivos\04_hbm\O3\fig_hbm_superficie_central_mensual_o3.png,D:\TRABAJO DE GRADO BEN-MAP\GITHUB\Analisis_sensibilidad\03_resultados_figuras\capitulo_5_5_sensibilidad\fig_hbm_superficie_central_mensual_o3_copy.png,COPIADO,
2026-04-28 22:42:25,D:\TRABAJO DE GRADO BEN-MAP\RESULTADOS_FINALES\06_trazabilidad_archivos\04_hbm\PM25\fig_hbm_ancho_intervalo_mensual_pm25.png,D:\TRABAJO DE GRADO BEN-MAP\GITHUB\Analisis_sensibilidad\03_resultados_figuras\capitulo_5_5_sensibilidad\fig_hbm_ancho_intervalo_mensual_pm25_copy.png,COPIADO,
2026-04-28 22:42:25,D:\TRABAJO DE GRADO BEN-MAP\RESULTADOS_FINALES\06_trazabilidad_archivos\04_hbm\PM25\fig_hbm_auditoria_flags_pm25.png,D:\TRABAJO DE GRADO BEN-MAP\GITHUB\Analisis_sensibilidad\03_resultados_figuras\capitulo_5_5_sensibilidad\fig_hbm_auditoria_flags_pm25_copy.png,COPIADO,
2026-04-28 22:42:25,D:\TRABAJO DE GRADO BEN-MAP\RESULTADOS_FINALES\06_trazabilidad_archivos\04_hbm\PM25\fig_hbm_metricas_promedio_folds_pm25.png,D:\TRABAJO DE GRADO BEN-MAP\GITHUB\Analisis_sensibilidad\03_resultados_figuras\capitulo_5_5_sensibilidad\fig_hbm_metricas_promedio_folds_pm25_copy.png,COPIADO,
2026-04-28 22:42:25,D:\TRABAJO DE GRADO BEN-MAP\RESULTADOS_FINALES\06_trazabilidad_archivos\04_hbm\PM25\fig_hbm_obs_vs_pred_pm25.png,D:\TRABAJO DE GRADO BEN-MAP\GITHUB\Analisis_sensibilidad\03_resultados_figuras\capitulo_5_5_sensibilidad\fig_hbm_obs_vs_pred_pm25_copy.png,COPIADO,
2026-04-28 22:42:25,D:\TRABAJO DE GRADO BEN-MAP\RESULTADOS_FINALES\06_trazabilidad_archivos\04_hbm\PM25\fig_hbm_residuos_pm25.png,D:\TRABAJO DE GRADO BEN-MAP\GITHUB\Analisis_sensibilidad\03_resultados_figuras\capitulo_5_5_sensibilidad\fig_hbm_residuos_pm25_copy.png,COPIADO,
2026-04-28 22:42:25,D:\TRABAJO DE GRADO BEN-MAP\RESULTADOS_FINALES\06_trazabilidad_archivos\04_hbm\PM25\fig_hbm_residuos_por_fold_pm25.png,D:\TRABAJO DE GRADO BEN-MAP\GITHUB\Analisis_sensibilidad\03_resultados_figuras\capitulo_5_5_sensibilidad\fig_hbm_residuos_por_fold_pm25_copy.png,COPIADO,
2026-04-28 22:42:25,D:\TRABAJO DE GRADO BEN-MAP\RESULTADOS_FINALES\06_trazabilidad_archivos\04_hbm\PM25\fig_hbm_resumen_estaciones_pm25.png,D:\TRABAJO DE GRADO BEN-MAP\GITHUB\Analisis_sensibilidad\03_resultados_figuras\capitulo_5_5_sensibilidad\fig_hbm_resumen_estaciones_pm25_copy.png,COPIADO,
2026-04-28 22:42:25,D:\TRABAJO DE GRADO BEN-MAP\RESULTADOS_FINALES\06_trazabilidad_archivos\04_hbm\PM25\fig_hbm_serie_obs_vs_pred_pm25.png,D:\TRABAJO DE GRADO BEN-MAP\GITHUB\Analisis_sensibilidad\03_resultados_figuras\capitulo_5_5_sensibilidad\fig_hbm_serie_obs_vs_pred_pm25_copy.png,COPIADO,
2026-04-28 22:42:25,D:\TRABAJO DE GRADO BEN-MAP\RESULTADOS_FINALES\06_trazabilidad_archivos\04_hbm\PM25\fig_hbm_superficie_central_mensual_pm25.png,D:\TRABAJO DE GRADO BEN-MAP\GITHUB\Analisis_sensibilidad\03_resultados_figuras\capitulo_5_5_sensibilidad\fig_hbm_superficie_central_mensual_pm25_copy.png,COPIADO,
2026-04-28 22:42:25,D:\TRABAJO DE GRADO BEN-MAP\RESULTADOS_FINALES\03_tablas\tablas_benmap_base\corrida_base_participacion_localidad_sin_sumapaz.csv,D:\TRABAJO DE GRADO BEN-MAP\GITHUB\Analisis_sensibilidad\04_resultados_tablas\corrida_base\corrida_base_participacion_localidad_sin_sumapaz.csv,COPIADO,
2026-04-28 22:42:25,D:\TRABAJO DE GRADO BEN-MAP\RESULTADOS_FINALES\01_insumos_resultados\benmap_base\corrida_base_por_localidad_top.csv,D:\TRABAJO DE GRADO BEN-MAP\GITHUB\Analisis_sensibilidad\04_resultados_tablas\corrida_base\corrida_base_por_localidad_top.csv,COPIADO,
2026-04-28 22:42:25,D:\TRABAJO DE GRADO BEN-MAP\RESULTADOS_FINALES\01_insumos_resultados\benmap_base\impactos_sanitarios_por_celda.csv,D:\TRABAJO DE GRADO BEN-MAP\GITHUB\Analisis_sensibilidad\04_resultados_tablas\corrida_base\impactos_sanitarios_por_celda.csv,COPIADO,
2026-04-28 22:42:25,D:\TRABAJO DE GRADO BEN-MAP\RESULTADOS_FINALES\01_insumos_resultados\benmap_base\impactos_sanitarios_resumen.csv,D:\TRABAJO DE GRADO BEN-MAP\GITHUB\Analisis_sensibilidad\04_resultados_tablas\corrida_base\impactos_sanitarios_resumen.csv,COPIADO,
2026-04-28 22:42:25,D:\TRABAJO DE GRADO BEN-MAP\RESULTADOS_FINALES\01_insumos_resultados\benmap_base\valoracion_economica_por_celda_cop.csv,D:\TRABAJO DE GRADO BEN-MAP\GITHUB\Analisis_sensibilidad\04_resultados_tablas\corrida_base\valoracion_economica_por_celda_cop.csv,COPIADO,
2026-04-28 22:42:25,D:\TRABAJO DE GRADO BEN-MAP\SALIDAS_SENSIBILIDAD\04_sensibilidad\percentiles_hbm\sensibilidad_hbm_por_celda.csv,D:\TRABAJO DE GRADO BEN-MAP\GITHUB\Analisis_sensibilidad\04_resultados_tablas\sensibilidad_hbm\sensibilidad_hbm_por_celda.csv,COPIADO,
2026-04-28 22:42:25,D:\TRABAJO DE GRADO BEN-MAP\SALIDAS_SENSIBILIDAD\04_sensibilidad\percentiles_hbm\sensibilidad_hbm_resumen.csv,D:\TRABAJO DE GRADO BEN-MAP\GITHUB\Analisis_sensibilidad\04_resultados_tablas\sensibilidad_hbm\sensibilidad_hbm_resumen.csv,COPIADO,
2026-04-28 22:42:25,D:\TRABAJO DE GRADO BEN-MAP\SALIDAS_SENSIBILIDAD\04_sensibilidad\percentiles_hbm\sensibilidad_hbm_resumen_comparado_p50.csv,D:\TRABAJO DE GRADO BEN-MAP\GITHUB\Analisis_sensibilidad\04_resultados_tablas\sensibilidad_hbm\sensibilidad_hbm_resumen_comparado_p50.csv,COPIADO,
2026-04-28 22:42:25,D:\TRABAJO DE GRADO BEN-MAP\SALIDAS_SENSIBILIDAD\04_sensibilidad\percentiles_hbm\superficies_anuales_percentiles_hbm.csv,D:\TRABAJO DE GRADO BEN-MAP\GITHUB\Analisis_sensibilidad\04_resultados_tablas\sensibilidad_hbm\superficies_anuales_percentiles_hbm.csv,COPIADO,
2026-04-28 22:42:25,D:\TRABAJO DE GRADO BEN-MAP\SALIDAS_SENSIBILIDAD\04_sensibilidad\percentiles_hbm\superficies_anuales_percentiles_hbm_resumen.csv,D:\TRABAJO DE GRADO BEN-MAP\GITHUB\Analisis_sensibilidad\04_resultados_tablas\sensibilidad_hbm\superficies_anuales_percentiles_hbm_resumen.csv,COPIADO,
2026-04-28 22:42:25,D:\TRABAJO DE GRADO BEN-MAP\SALIDAS_SENSIBILIDAD\04_sensibilidad\clima\escenarios_climaticos_parametros.csv,D:\TRABAJO DE GRADO BEN-MAP\GITHUB\Analisis_sensibilidad\04_resultados_tablas\sensibilidad_climatica\escenarios_climaticos_parametros.csv,COPIADO,
2026-04-28 22:42:25,D:\TRABAJO DE GRADO BEN-MAP\SALIDAS_SENSIBILIDAD\04_sensibilidad\clima\sensibilidad_climatica_por_celda.csv,D:\TRABAJO DE GRADO BEN-MAP\GITHUB\Analisis_sensibilidad\04_resultados_tablas\sensibilidad_climatica\sensibilidad_climatica_por_celda.csv,COPIADO,
2026-04-28 22:42:25,D:\TRABAJO DE GRADO BEN-MAP\SALIDAS_SENSIBILIDAD\04_sensibilidad\clima\sensibilidad_climatica_resumen.csv,D:\TRABAJO DE GRADO BEN-MAP\GITHUB\Analisis_sensibilidad\04_resultados_tablas\sensibilidad_climatica\sensibilidad_climatica_resumen.csv,COPIADO,
2026-04-28 22:42:25,D:\TRABAJO DE GRADO BEN-MAP\SALIDAS_SENSIBILIDAD\04_sensibilidad\clima\sensibilidad_climatica_resumen_comparado_central.csv,D:\TRABAJO DE GRADO BEN-MAP\GITHUB\Analisis_sensibilidad\04_resultados_tablas\sensibilidad_climatica\sensibilidad_climatica_resumen_comparado_central.csv,COPIADO,
2026-04-28 22:42:25,D:\TRABAJO DE GRADO BEN-MAP\SALIDAS_SENSIBILIDAD\04_sensibilidad\beta\escenarios_beta.csv,D:\TRABAJO DE GRADO BEN-MAP\GITHUB\Analisis_sensibilidad\04_resultados_tablas\sensibilidad_beta\escenarios_beta.csv,COPIADO,
2026-04-28 22:42:25,D:\TRABAJO DE GRADO BEN-MAP\SALIDAS_SENSIBILIDAD\04_sensibilidad\beta\escenarios_beta_resumen.csv,D:\TRABAJO DE GRADO BEN-MAP\GITHUB\Analisis_sensibilidad\04_resultados_tablas\sensibilidad_beta\escenarios_beta_resumen.csv,COPIADO,
2026-04-28 22:42:25,D:\TRABAJO DE GRADO BEN-MAP\SALIDAS_SENSIBILIDAD\04_sensibilidad\beta\sensibilidad_beta_por_celda.csv,D:\TRABAJO DE GRADO BEN-MAP\GITHUB\Analisis_sensibilidad\04_resultados_tablas\sensibilidad_beta\sensibilidad_beta_por_celda.csv,COPIADO,
2026-04-28 22:42:25,D:\TRABAJO DE GRADO BEN-MAP\SALIDAS_SENSIBILIDAD\04_sensibilidad\beta\sensibilidad_beta_resumen.csv,D:\TRABAJO DE GRADO BEN-MAP\GITHUB\Analisis_sensibilidad\04_resultados_tablas\sensibilidad_beta\sensibilidad_beta_resumen.csv,COPIADO,
2026-04-28 22:42:25,D:\TRABAJO DE GRADO BEN-MAP\SALIDAS_SENSIBILIDAD\04_sensibilidad\beta\sensibilidad_beta_resumen_comparado_central.csv,D:\TRABAJO DE GRADO BEN-MAP\GITHUB\Analisis_sensibilidad\04_resultados_tablas\sensibilidad_beta\sensibilidad_beta_resumen_comparado_central.csv,COPIADO,
2026-04-28 22:42:25,D:\TRABAJO DE GRADO BEN-MAP\SALIDAS_SENSIBILIDAD\04_sensibilidad\function_cr,D:\TRABAJO DE GRADO BEN-MAP\GITHUB\Analisis_sensibilidad\04_resultados_tablas\sensibilidad_funcion_cr,NO_EXISTE,Carpeta no encontrada
2026-04-28 22:42:25,D:\TRABAJO DE GRADO BEN-MAP\SALIDAS_SENSIBILIDAD\04_sensibilidad\valoracion\escenarios_valoracion.csv,D:\TRABAJO DE GRADO BEN-MAP\GITHUB\Analisis_sensibilidad\04_resultados_tablas\sensibilidad_valoracion\escenarios_valoracion.csv,COPIADO,
2026-04-28 22:42:25,D:\TRABAJO DE GRADO BEN-MAP\SALIDAS_SENSIBILIDAD\04_sensibilidad\valoracion\escenarios_valoracion_resumen.csv,D:\TRABAJO DE GRADO BEN-MAP\GITHUB\Analisis_sensibilidad\04_resultados_tablas\sensibilidad_valoracion\escenarios_valoracion_resumen.csv,COPIADO,
2026-04-28 22:42:25,D:\TRABAJO DE GRADO BEN-MAP\SALIDAS_SENSIBILIDAD\04_sensibilidad\valoracion\sensibilidad_valoracion_por_celda.csv,D:\TRABAJO DE GRADO BEN-MAP\GITHUB\Analisis_sensibilidad\04_resultados_tablas\sensibilidad_valoracion\sensibilidad_valoracion_por_celda.csv,COPIADO,
2026-04-28 22:42:25,D:\TRABAJO DE GRADO BEN-MAP\SALIDAS_SENSIBILIDAD\04_sensibilidad\valoracion\sensibilidad_valoracion_resumen.csv,D:\TRABAJO DE GRADO BEN-MAP\GITHUB\Analisis_sensibilidad\04_resultados_tablas\sensibilidad_valoracion\sensibilidad_valoracion_resumen.csv,COPIADO,
2026-04-28 22:42:25,D:\TRABAJO DE GRADO BEN-MAP\SALIDAS_SENSIBILIDAD\04_sensibilidad\valoracion\sensibilidad_valoracion_resumen_comparado_central.csv,D:\TRABAJO DE GRADO BEN-MAP\GITHUB\Analisis_sensibilidad\04_resultados_tablas\sensibilidad_valoracion\sensibilidad_valoracion_resumen_comparado_central.csv,COPIADO,
2026-04-28 22:42:27,D:\TRABAJO DE GRADO BEN-MAP\BASES DE DATOS\PANEL AMBIENTAL INTEGRADO\grid_3km_idw_mensual_2020_2024.csv,D:\TRABAJO DE GRADO BEN-MAP\GITHUB\Analisis_sensibilidad\04_resultados_tablas\validacion_idw\grid_3km_idw_mensual_2020_2024.csv,COPIADO,
2026-04-28 22:42:27,D:\TRABAJO DE GRADO BEN-MAP\GITHUB\Analisis_sensibilidad\04_resultados_tablas\validacion_idw\grid_3km_idw_mensual_2020_2024.csv,D:\TRABAJO DE GRADO BEN-MAP\GITHUB\Analisis_sensibilidad\04_resultados_tablas\validacion_idw\grid_3km_idw_mensual_2020_2024_copy.csv,COPIADO,
2026-04-28 22:42:27,D:\TRABAJO DE GRADO BEN-MAP\RESULTADOS_FINALES\01_validacion_interpolacion\validacion_idw_metricas_globales.csv,D:\TRABAJO DE GRADO BEN-MAP\GITHUB\Analisis_sensibilidad\04_resultados_tablas\validacion_idw\validacion_idw_metricas_globales.csv,COPIADO,
2026-04-28 22:42:27,D:\TRABAJO DE GRADO BEN-MAP\RESULTADOS_FINALES\01_validacion_interpolacion\validacion_idw_metricas_globales.xlsx,D:\TRABAJO DE GRADO BEN-MAP\GITHUB\Analisis_sensibilidad\04_resultados_tablas\validacion_idw\validacion_idw_metricas_globales.xlsx,COPIADO,
2026-04-28 22:42:27,D:\TRABAJO DE GRADO BEN-MAP\RESULTADOS_FINALES\01_validacion_interpolacion\validacion_idw_predicciones_leave_one_out.csv,D:\TRABAJO DE GRADO BEN-MAP\GITHUB\Analisis_sensibilidad\04_resultados_tablas\validacion_idw\validacion_idw_predicciones_leave_one_out.csv,COPIADO,
2026-04-28 22:42:27,D:\TRABAJO DE GRADO BEN-MAP\.venv\Lib\site-packages\libpysal\examples\georgia\georgia_BS_F_listwise.csv,D:\TRABAJO DE GRADO BEN-MAP\GITHUB\Analisis_sensibilidad\04_resultados_tablas\metricas_hbm\georgia_BS_F_listwise.csv,COPIADO,
2026-04-28 22:42:27,D:\TRABAJO DE GRADO BEN-MAP\.venv\Lib\site-packages\libpysal\examples\georgia\georgia_BS_NN_listwise.csv,D:\TRABAJO DE GRADO BEN-MAP\GITHUB\Analisis_sensibilidad\04_resultados_tablas\metricas_hbm\georgia_BS_NN_listwise.csv,COPIADO,
2026-04-28 22:42:27,D:\TRABAJO DE GRADO BEN-MAP\.venv\Lib\site-packages\libpysal\examples\georgia\georgia_GS_F_listwise.csv,D:\TRABAJO DE GRADO BEN-MAP\GITHUB\Analisis_sensibilidad\04_resultados_tablas\metricas_hbm\georgia_GS_F_listwise.csv,COPIADO,
2026-04-28 22:42:27,D:\TRABAJO DE GRADO BEN-MAP\.venv\Lib\site-packages\libpysal\examples\georgia\georgia_GS_NN_listwise.csv,D:\TRABAJO DE GRADO BEN-MAP\GITHUB\Analisis_sensibilidad\04_resultados_tablas\metricas_hbm\georgia_GS_NN_listwise.csv,COPIADO,
2026-04-28 22:42:27,D:\TRABAJO DE GRADO BEN-MAP\.venv\Lib\site-packages\libpysal\examples\tokyo\tokyo_BS_F_listwise.csv,D:\TRABAJO DE GRADO BEN-MAP\GITHUB\Analisis_sensibilidad\04_resultados_tablas\metricas_hbm\tokyo_BS_F_listwise.csv,COPIADO,
2026-04-28 22:42:27,D:\TRABAJO DE GRADO BEN-MAP\.venv\Lib\site-packages\libpysal\examples\tokyo\tokyo_BS_NN_listwise.csv,D:\TRABAJO DE GRADO BEN-MAP\GITHUB\Analisis_sensibilidad\04_resultados_tablas\metricas_hbm\tokyo_BS_NN_listwise.csv,COPIADO,
2026-04-28 22:42:27,D:\TRABAJO DE GRADO BEN-MAP\.venv\Lib\site-packages\libpysal\examples\tokyo\tokyo_BS_NN_OFF_listwise.csv,D:\TRABAJO DE GRADO BEN-MAP\GITHUB\Analisis_sensibilidad\04_resultados_tablas\metricas_hbm\tokyo_BS_NN_OFF_listwise.csv,COPIADO,
2026-04-28 22:42:28,D:\TRABAJO DE GRADO BEN-MAP\.venv\Lib\site-packages\libpysal\examples\tokyo\tokyo_GS_F_listwise.csv,D:\TRABAJO DE GRADO BEN-MAP\GITHUB\Analisis_sensibilidad\04_resultados_tablas\metricas_hbm\tokyo_GS_F_listwise.csv,COPIADO,
2026-04-28 22:42:28,D:\TRABAJO DE GRADO BEN-MAP\.venv\Lib\site-packages\libpysal\examples\tokyo\tokyo_GS_NN_listwise.csv,D:\TRABAJO DE GRADO BEN-MAP\GITHUB\Analisis_sensibilidad\04_resultados_tablas\metricas_hbm\tokyo_GS_NN_listwise.csv,COPIADO,
2026-04-28 22:42:28,D:\TRABAJO DE GRADO BEN-MAP\GITHUB\Analisis_sensibilidad\04_resultados_tablas\metricas_hbm\georgia_BS_F_listwise.csv,D:\TRABAJO DE GRADO BEN-MAP\GITHUB\Analisis_sensibilidad\04_resultados_tablas\metricas_hbm\georgia_BS_F_listwise_copy.csv,COPIADO,
2026-04-28 22:42:28,D:\TRABAJO DE GRADO BEN-MAP\GITHUB\Analisis_sensibilidad\04_resultados_tablas\metricas_hbm\georgia_BS_NN_listwise.csv,D:\TRABAJO DE GRADO BEN-MAP\GITHUB\Analisis_sensibilidad\04_resultados_tablas\metricas_hbm\georgia_BS_NN_listwise_copy.csv,COPIADO,
2026-04-28 22:42:28,D:\TRABAJO DE GRADO BEN-MAP\GITHUB\Analisis_sensibilidad\04_resultados_tablas\metricas_hbm\georgia_GS_F_listwise.csv,D:\TRABAJO DE GRADO BEN-MAP\GITHUB\Analisis_sensibilidad\04_resultados_tablas\metricas_hbm\georgia_GS_F_listwise_copy.csv,COPIADO,
2026-04-28 22:42:28,D:\TRABAJO DE GRADO BEN-MAP\GITHUB\Analisis_sensibilidad\04_resultados_tablas\metricas_hbm\georgia_GS_NN_listwise.csv,D:\TRABAJO DE GRADO BEN-MAP\GITHUB\Analisis_sensibilidad\04_resultados_tablas\metricas_hbm\georgia_GS_NN_listwise_copy.csv,COPIADO,
2026-04-28 22:42:28,D:\TRABAJO DE GRADO BEN-MAP\GITHUB\Analisis_sensibilidad\04_resultados_tablas\metricas_hbm\tokyo_BS_F_listwise.csv,D:\TRABAJO DE GRADO BEN-MAP\GITHUB\Analisis_sensibilidad\04_resultados_tablas\metricas_hbm\tokyo_BS_F_listwise_copy.csv,COPIADO,
2026-04-28 22:42:28,D:\TRABAJO DE GRADO BEN-MAP\GITHUB\Analisis_sensibilidad\04_resultados_tablas\metricas_hbm\tokyo_BS_NN_listwise.csv,D:\TRABAJO DE GRADO BEN-MAP\GITHUB\Analisis_sensibilidad\04_resultados_tablas\metricas_hbm\tokyo_BS_NN_listwise_copy.csv,COPIADO,
2026-04-28 22:42:28,D:\TRABAJO DE GRADO BEN-MAP\GITHUB\Analisis_sensibilidad\04_resultados_tablas\metricas_hbm\tokyo_BS_NN_OFF_listwise.csv,D:\TRABAJO DE GRADO BEN-MAP\GITHUB\Analisis_sensibilidad\04_resultados_tablas\metricas_hbm\tokyo_BS_NN_OFF_listwise_copy.csv,COPIADO,
2026-04-28 22:42:28,D:\TRABAJO DE GRADO BEN-MAP\GITHUB\Analisis_sensibilidad\04_resultados_tablas\metricas_hbm\tokyo_GS_F_listwise.csv,D:\TRABAJO DE GRADO BEN-MAP\GITHUB\Analisis_sensibilidad\04_resultados_tablas\metricas_hbm\tokyo_GS_F_listwise_copy.csv,COPIADO,
2026-04-28 22:42:28,D:\TRABAJO DE GRADO BEN-MAP\GITHUB\Analisis_sensibilidad\04_resultados_tablas\metricas_hbm\tokyo_GS_NN_listwise.csv,D:\TRABAJO DE GRADO BEN-MAP\GITHUB\Analisis_sensibilidad\04_resultados_tablas\metricas_hbm\tokyo_GS_NN_listwise_copy.csv,COPIADO,
2026-04-28 22:42:29,D:\TRABAJO DE GRADO BEN-MAP\BASES DE DATOS\PANEL AMBIENTAL INTEGRADO\panel_ambiental_mensual_2020_2024.csv,D:\TRABAJO DE GRADO BEN-MAP\GITHUB\Analisis_sensibilidad\01_datos_procesados\panel_ambiental\panel_ambiental_mensual_2020_2024.csv,COPIADO,
2026-04-28 22:42:29,D:\TRABAJO DE GRADO BEN-MAP\BASES DE DATOS\PANEL AMBIENTAL INTEGRADO\panel_NO2_con_termi_AD.csv,D:\TRABAJO DE GRADO BEN-MAP\GITHUB\Analisis_sensibilidad\01_datos_procesados\panel_ambiental\panel_NO2_con_termi_AD.csv,COPIADO,
2026-04-28 22:42:29,D:\TRABAJO DE GRADO BEN-MAP\BASES DE DATOS\PANEL AMBIENTAL INTEGRADO\panel_O3_con_termi_AD.csv,D:\TRABAJO DE GRADO BEN-MAP\GITHUB\Analisis_sensibilidad\01_datos_procesados\panel_ambiental\panel_O3_con_termi_AD.csv,COPIADO,
2026-04-28 22:42:29,D:\TRABAJO DE GRADO BEN-MAP\BASES DE DATOS\PANEL AMBIENTAL INTEGRADO\panel_PM25_modelo_AD_listo.csv,D:\TRABAJO DE GRADO BEN-MAP\GITHUB\Analisis_sensibilidad\01_datos_procesados\panel_ambiental\panel_PM25_modelo_AD_listo.csv,COPIADO,
2026-04-28 22:42:29,D:\TRABAJO DE GRADO BEN-MAP\CODIGO\panel_ambiental_mensual_2020_2024_coords_corregidas.csv,D:\TRABAJO DE GRADO BEN-MAP\GITHUB\Analisis_sensibilidad\01_datos_procesados\panel_ambiental\panel_ambiental_mensual_2020_2024_coords_corregidas.csv,COPIADO,
2026-04-28 22:42:29,D:\TRABAJO DE GRADO BEN-MAP\CODIGO\HBM_OUT\HBM_panel_PM25.parquet,D:\TRABAJO DE GRADO BEN-MAP\GITHUB\Analisis_sensibilidad\01_datos_procesados\panel_ambiental\HBM_panel_PM25.parquet,COPIADO,
2026-04-28 22:42:29,D:\TRABAJO DE GRADO BEN-MAP\GITHUB\Analisis_sensibilidad\01_datos_procesados\panel_ambiental\HBM_panel_PM25.parquet,D:\TRABAJO DE GRADO BEN-MAP\GITHUB\Analisis_sensibilidad\01_datos_procesados\panel_ambiental\HBM_panel_PM25_copy.parquet,COPIADO,
2026-04-28 22:42:30,D:\TRABAJO DE GRADO BEN-MAP\GITHUB\Analisis_sensibilidad\01_datos_procesados\panel_ambiental\panel_ambiental_mensual_2020_2024.csv,D:\TRABAJO DE GRADO BEN-MAP\GITHUB\Analisis_sensibilidad\01_datos_procesados\panel_ambiental\panel_ambiental_mensual_2020_2024_copy.csv,COPIADO,
2026-04-28 22:42:30,D:\TRABAJO DE GRADO BEN-MAP\GITHUB\Analisis_sensibilidad\01_datos_procesados\panel_ambiental\panel_ambiental_mensual_2020_2024_coords_corregidas.csv,D:\TRABAJO DE GRADO BEN-MAP\GITHUB\Analisis_sensibilidad\01_datos_procesados\panel_ambiental\panel_ambiental_mensual_2020_2024_coords_corregidas_copy.csv,COPIADO,
2026-04-28 22:42:30,D:\TRABAJO DE GRADO BEN-MAP\GITHUB\Analisis_sensibilidad\01_datos_procesados\panel_ambiental\panel_NO2_con_termi_AD.csv,D:\TRABAJO DE GRADO BEN-MAP\GITHUB\Analisis_sensibilidad\01_datos_procesados\panel_ambiental\panel_NO2_con_termi_AD_copy.csv,COPIADO,
2026-04-28 22:42:30,D:\TRABAJO DE GRADO BEN-MAP\GITHUB\Analisis_sensibilidad\01_datos_procesados\panel_ambiental\panel_O3_con_termi_AD.csv,D:\TRABAJO DE GRADO BEN-MAP\GITHUB\Analisis_sensibilidad\01_datos_procesados\panel_ambiental\panel_O3_con_termi_AD_copy.csv,COPIADO,
2026-04-28 22:42:30,D:\TRABAJO DE GRADO BEN-MAP\GITHUB\Analisis_sensibilidad\01_datos_procesados\panel_ambiental\panel_PM25_modelo_AD_listo.csv,D:\TRABAJO DE GRADO BEN-MAP\GITHUB\Analisis_sensibilidad\01_datos_procesados\panel_ambiental\panel_PM25_modelo_AD_listo_copy.csv,COPIADO,
2026-04-28 22:42:30,D:\TRABAJO DE GRADO BEN-MAP\RESULTADOS_FINALES\01_insumos_resultados\panel\panel_ambiental_mensual_2020_2024_coords_corregidas.csv,D:\TRABAJO DE GRADO BEN-MAP\GITHUB\Analisis_sensibilidad\01_datos_procesados\panel_ambiental\panel_ambiental_mensual_2020_2024_coords_corregidas_copy.csv,COPIADO,
2026-04-28 22:42:30,D:\TRABAJO DE GRADO BEN-MAP\RESULTADOS_FINALES\06_trazabilidad_archivos\02_limpieza\panel_ambiental_mensual_2020_2024_coords_corregidas.csv,D:\TRABAJO DE GRADO BEN-MAP\GITHUB\Analisis_sensibilidad\01_datos_procesados\panel_ambiental\panel_ambiental_mensual_2020_2024_coords_corregidas_copy.csv,COPIADO,
2026-04-28 22:42:30,D:\TRABAJO DE GRADO BEN-MAP\.venv\Lib\site-packages\libpysal\examples\virginia\virginia_queen.dbf,D:\TRABAJO DE GRADO BEN-MAP\GITHUB\Analisis_sensibilidad\01_datos_procesados\grilla\virginia_queen.dbf,COPIADO,
2026-04-28 22:42:31,D:\TRABAJO DE GRADO BEN-MAP\BASES DE DATOS\PANEL AMBIENTAL INTEGRADO\grid_3km_idw_mensual_2020_2024.csv,D:\TRABAJO DE GRADO BEN-MAP\GITHUB\Analisis_sensibilidad\01_datos_procesados\grilla\grid_3km_idw_mensual_2020_2024.csv,COPIADO,
2026-04-28 22:42:31,D:\TRABAJO DE GRADO BEN-MAP\CODIGO\grid_3km_AD_mensual_2020_2024.csv,D:\TRABAJO DE GRADO BEN-MAP\GITHUB\Analisis_sensibilidad\01_datos_procesados\grilla\grid_3km_AD_mensual_2020_2024.csv,COPIADO,
2026-04-28 22:42:31,D:\TRABAJO DE GRADO BEN-MAP\CODIGO\W_grid_3km_queen.csv,D:\TRABAJO DE GRADO BEN-MAP\GITHUB\Analisis_sensibilidad\01_datos_procesados\grilla\W_grid_3km_queen.csv,COPIADO,
2026-04-28 22:42:31,D:\TRABAJO DE GRADO BEN-MAP\CODIGO\HBM_NO2_V2_OUT\HBM_NO2_grid_audit_correlation.csv,D:\TRABAJO DE GRADO BEN-MAP\GITHUB\Analisis_sensibilidad\01_datos_procesados\grilla\HBM_NO2_grid_audit_correlation.csv,COPIADO,
2026-04-28 22:42:31,D:\TRABAJO DE GRADO BEN-MAP\CODIGO\HBM_NO2_V2_OUT\HBM_NO2_grid_audit_covariate_summary.csv,D:\TRABAJO DE GRADO BEN-MAP\GITHUB\Analisis_sensibilidad\01_datos_procesados\grilla\HBM_NO2_grid_audit_covariate_summary.csv,COPIADO,
2026-04-28 22:42:31,D:\TRABAJO DE GRADO BEN-MAP\CODIGO\HBM_NO2_V2_OUT\HBM_NO2_grid_audit_extreme_rows.csv,D:\TRABAJO DE GRADO BEN-MAP\GITHUB\Analisis_sensibilidad\01_datos_procesados\grilla\HBM_NO2_grid_audit_extreme_rows.csv,COPIADO,
2026-04-28 22:42:31,D:\TRABAJO DE GRADO BEN-MAP\CODIGO\HBM_NO2_V2_OUT\HBM_NO2_grid_audit_flag_summary.csv,D:\TRABAJO DE GRADO BEN-MAP\GITHUB\Analisis_sensibilidad\01_datos_procesados\grilla\HBM_NO2_grid_audit_flag_summary.csv,COPIADO,
2026-04-28 22:42:31,D:\TRABAJO DE GRADO BEN-MAP\CODIGO\HBM_NO2_V2_OUT\HBM_NO2_grid_audit_monthly_flags.csv,D:\TRABAJO DE GRADO BEN-MAP\GITHUB\Analisis_sensibilidad\01_datos_procesados\grilla\HBM_NO2_grid_audit_monthly_flags.csv,COPIADO,
2026-04-28 22:42:31,D:\TRABAJO DE GRADO BEN-MAP\CODIGO\HBM_NO2_V2_OUT\HBM_NO2_grid_base_clean_v1.csv,D:\TRABAJO DE GRADO BEN-MAP\GITHUB\Analisis_sensibilidad\01_datos_procesados\grilla\HBM_NO2_grid_base_clean_v1.csv,COPIADO,
2026-04-28 22:42:31,D:\TRABAJO DE GRADO BEN-MAP\CODIGO\HBM_NO2_V2_OUT\HBM_NO2_grid_base_v2.csv,D:\TRABAJO DE GRADO BEN-MAP\GITHUB\Analisis_sensibilidad\01_datos_procesados\grilla\HBM_NO2_grid_base_v2.csv,COPIADO,
2026-04-28 22:42:31,D:\TRABAJO DE GRADO BEN-MAP\CODIGO\HBM_NO2_V2_OUT\HBM_NO2_grid_clean_transform_report.csv,D:\TRABAJO DE GRADO BEN-MAP\GITHUB\Analisis_sensibilidad\01_datos_procesados\grilla\HBM_NO2_grid_clean_transform_report.csv,COPIADO,
2026-04-28 22:42:31,D:\TRABAJO DE GRADO BEN-MAP\CODIGO\HBM_NO2_V2_OUT\HBM_NO2_grid_clean_v1.csv,D:\TRABAJO DE GRADO BEN-MAP\GITHUB\Analisis_sensibilidad\01_datos_procesados\grilla\HBM_NO2_grid_clean_v1.csv,COPIADO,
2026-04-28 22:42:31,D:\TRABAJO DE GRADO BEN-MAP\CODIGO\HBM_NO2_V2_OUT\HBM_NO2_W_edges_queen_v2.csv,D:\TRABAJO DE GRADO BEN-MAP\GITHUB\Analisis_sensibilidad\01_datos_procesados\grilla\HBM_NO2_W_edges_queen_v2.csv,COPIADO,
2026-04-28 22:42:31,D:\TRABAJO DE GRADO BEN-MAP\CODIGO\HBM_O3_V2_OUT\HBM_O3_grid_audit_correlation.csv,D:\TRABAJO DE GRADO BEN-MAP\GITHUB\Analisis_sensibilidad\01_datos_procesados\grilla\HBM_O3_grid_audit_correlation.csv,COPIADO,
2026-04-28 22:42:31,D:\TRABAJO DE GRADO BEN-MAP\CODIGO\HBM_O3_V2_OUT\HBM_O3_grid_audit_covariate_summary.csv,D:\TRABAJO DE GRADO BEN-MAP\GITHUB\Analisis_sensibilidad\01_datos_procesados\grilla\HBM_O3_grid_audit_covariate_summary.csv,COPIADO,
2026-04-28 22:42:31,D:\TRABAJO DE GRADO BEN-MAP\CODIGO\HBM_O3_V2_OUT\HBM_O3_grid_audit_extreme_rows.csv,D:\TRABAJO DE GRADO BEN-MAP\GITHUB\Analisis_sensibilidad\01_datos_procesados\grilla\HBM_O3_grid_audit_extreme_rows.csv,COPIADO,
2026-04-28 22:42:31,D:\TRABAJO DE GRADO BEN-MAP\CODIGO\HBM_O3_V2_OUT\HBM_O3_grid_audit_flag_summary.csv,D:\TRABAJO DE GRADO BEN-MAP\GITHUB\Analisis_sensibilidad\01_datos_procesados\grilla\HBM_O3_grid_audit_flag_summary.csv,COPIADO,
2026-04-28 22:42:31,D:\TRABAJO DE GRADO BEN-MAP\CODIGO\HBM_O3_V2_OUT\HBM_O3_grid_audit_monthly_flags.csv,D:\TRABAJO DE GRADO BEN-MAP\GITHUB\Analisis_sensibilidad\01_datos_procesados\grilla\HBM_O3_grid_audit_monthly_flags.csv,COPIADO,
2026-04-28 22:42:31,D:\TRABAJO DE GRADO BEN-MAP\CODIGO\HBM_O3_V2_OUT\HBM_O3_grid_base_clean_v1.csv,D:\TRABAJO DE GRADO BEN-MAP\GITHUB\Analisis_sensibilidad\01_datos_procesados\grilla\HBM_O3_grid_base_clean_v1.csv,COPIADO,
2026-04-28 22:42:31,D:\TRABAJO DE GRADO BEN-MAP\CODIGO\HBM_O3_V2_OUT\HBM_O3_grid_base_v2.csv,D:\TRABAJO DE GRADO BEN-MAP\GITHUB\Analisis_sensibilidad\01_datos_procesados\grilla\HBM_O3_grid_base_v2.csv,COPIADO,
2026-04-28 22:42:31,D:\TRABAJO DE GRADO BEN-MAP\CODIGO\HBM_O3_V2_OUT\HBM_O3_grid_clean_transform_report.csv,D:\TRABAJO DE GRADO BEN-MAP\GITHUB\Analisis_sensibilidad\01_datos_procesados\grilla\HBM_O3_grid_clean_transform_report.csv,COPIADO,
2026-04-28 22:42:31,D:\TRABAJO DE GRADO BEN-MAP\CODIGO\HBM_O3_V2_OUT\HBM_O3_grid_clean_v1.csv,D:\TRABAJO DE GRADO BEN-MAP\GITHUB\Analisis_sensibilidad\01_datos_procesados\grilla\HBM_O3_grid_clean_v1.csv,COPIADO,
2026-04-28 22:42:31,D:\TRABAJO DE GRADO BEN-MAP\CODIGO\HBM_O3_V2_OUT\HBM_O3_W_edges_queen_v2.csv,D:\TRABAJO DE GRADO BEN-MAP\GITHUB\Analisis_sensibilidad\01_datos_procesados\grilla\HBM_O3_W_edges_queen_v2.csv,COPIADO,
2026-04-28 22:42:31,D:\TRABAJO DE GRADO BEN-MAP\CODIGO\HBM_O3_V3_SEASON_OUT\HBM_O3_grid_audit_correlation.csv,D:\TRABAJO DE GRADO BEN-MAP\GITHUB\Analisis_sensibilidad\01_datos_procesados\grilla\HBM_O3_grid_audit_correlation_copy.csv,COPIADO,
2026-04-28 22:42:31,D:\TRABAJO DE GRADO BEN-MAP\CODIGO\HBM_O3_V3_SEASON_OUT\HBM_O3_grid_audit_covariate_summary.csv,D:\TRABAJO DE GRADO BEN-MAP\GITHUB\Analisis_sensibilidad\01_datos_procesados\grilla\HBM_O3_grid_audit_covariate_summary_copy.csv,COPIADO,
2026-04-28 22:42:31,D:\TRABAJO DE GRADO BEN-MAP\CODIGO\HBM_O3_V3_SEASON_OUT\HBM_O3_grid_base_clean_v3.csv,D:\TRABAJO DE GRADO BEN-MAP\GITHUB\Analisis_sensibilidad\01_datos_procesados\grilla\HBM_O3_grid_base_clean_v3.csv,COPIADO,
2026-04-28 22:42:31,D:\TRABAJO DE GRADO BEN-MAP\CODIGO\HBM_O3_V3_SEASON_OUT\HBM_O3_grid_base_v3.csv,D:\TRABAJO DE GRADO BEN-MAP\GITHUB\Analisis_sensibilidad\01_datos_procesados\grilla\HBM_O3_grid_base_v3.csv,COPIADO,
2026-04-28 22:42:31,D:\TRABAJO DE GRADO BEN-MAP\CODIGO\HBM_O3_V3_SEASON_OUT\HBM_O3_grid_clean_transform_report_v3.csv,D:\TRABAJO DE GRADO BEN-MAP\GITHUB\Analisis_sensibilidad\01_datos_procesados\grilla\HBM_O3_grid_clean_transform_report_v3.csv,COPIADO,
2026-04-28 22:42:31,D:\TRABAJO DE GRADO BEN-MAP\CODIGO\HBM_O3_V3_SEASON_OUT\HBM_O3_grid_clean_v3.csv,D:\TRABAJO DE GRADO BEN-MAP\GITHUB\Analisis_sensibilidad\01_datos_procesados\grilla\HBM_O3_grid_clean_v3.csv,COPIADO,
2026-04-28 22:42:31,D:\TRABAJO DE GRADO BEN-MAP\CODIGO\HBM_O3_V3_SEASON_OUT\HBM_O3_W_edges_queen_v3.csv,D:\TRABAJO DE GRADO BEN-MAP\GITHUB\Analisis_sensibilidad\01_datos_procesados\grilla\HBM_O3_W_edges_queen_v3.csv,COPIADO,
2026-04-28 22:42:31,D:\TRABAJO DE GRADO BEN-MAP\CODIGO\HBM_OUT\HBM_W_edges_queen.csv,D:\TRABAJO DE GRADO BEN-MAP\GITHUB\Analisis_sensibilidad\01_datos_procesados\grilla\HBM_W_edges_queen.csv,COPIADO,
2026-04-28 22:42:31,D:\TRABAJO DE GRADO BEN-MAP\CODIGO\HBM_PM25_V2_OUT\HBM_PM25_grid_audit_correlation.csv,D:\TRABAJO DE GRADO BEN-MAP\GITHUB\Analisis_sensibilidad\01_datos_procesados\grilla\HBM_PM25_grid_audit_correlation.csv,COPIADO,
2026-04-28 22:42:31,D:\TRABAJO DE GRADO BEN-MAP\CODIGO\HBM_PM25_V2_OUT\HBM_PM25_grid_audit_covariate_summary.csv,D:\TRABAJO DE GRADO BEN-MAP\GITHUB\Analisis_sensibilidad\01_datos_procesados\grilla\HBM_PM25_grid_audit_covariate_summary.csv,COPIADO,
2026-04-28 22:42:31,D:\TRABAJO DE GRADO BEN-MAP\CODIGO\HBM_PM25_V2_OUT\HBM_PM25_grid_audit_extreme_rows.csv,D:\TRABAJO DE GRADO BEN-MAP\GITHUB\Analisis_sensibilidad\01_datos_procesados\grilla\HBM_PM25_grid_audit_extreme_rows.csv,COPIADO,
2026-04-28 22:42:31,D:\TRABAJO DE GRADO BEN-MAP\CODIGO\HBM_PM25_V2_OUT\HBM_PM25_grid_audit_flag_summary.csv,D:\TRABAJO DE GRADO BEN-MAP\GITHUB\Analisis_sensibilidad\01_datos_procesados\grilla\HBM_PM25_grid_audit_flag_summary.csv,COPIADO,
2026-04-28 22:42:31,D:\TRABAJO DE GRADO BEN-MAP\CODIGO\HBM_PM25_V2_OUT\HBM_PM25_grid_audit_monthly_flags.csv,D:\TRABAJO DE GRADO BEN-MAP\GITHUB\Analisis_sensibilidad\01_datos_procesados\grilla\HBM_PM25_grid_audit_monthly_flags.csv,COPIADO,
2026-04-28 22:42:31,D:\TRABAJO DE GRADO BEN-MAP\CODIGO\HBM_PM25_V2_OUT\HBM_PM25_grid_base_clean_v1.csv,D:\TRABAJO DE GRADO BEN-MAP\GITHUB\Analisis_sensibilidad\01_datos_procesados\grilla\HBM_PM25_grid_base_clean_v1.csv,COPIADO,
2026-04-28 22:42:31,D:\TRABAJO DE GRADO BEN-MAP\CODIGO\HBM_PM25_V2_OUT\HBM_PM25_grid_base_v2.csv,D:\TRABAJO DE GRADO BEN-MAP\GITHUB\Analisis_sensibilidad\01_datos_procesados\grilla\HBM_PM25_grid_base_v2.csv,COPIADO,
2026-04-28 22:42:31,D:\TRABAJO DE GRADO BEN-MAP\CODIGO\HBM_PM25_V2_OUT\HBM_PM25_grid_clean_transform_report.csv,D:\TRABAJO DE GRADO BEN-MAP\GITHUB\Analisis_sensibilidad\01_datos_procesados\grilla\HBM_PM25_grid_clean_transform_report.csv,COPIADO,
2026-04-28 22:42:31,D:\TRABAJO DE GRADO BEN-MAP\CODIGO\HBM_PM25_V2_OUT\HBM_PM25_grid_clean_v1.csv,D:\TRABAJO DE GRADO BEN-MAP\GITHUB\Analisis_sensibilidad\01_datos_procesados\grilla\HBM_PM25_grid_clean_v1.csv,COPIADO,
2026-04-28 22:42:31,D:\TRABAJO DE GRADO BEN-MAP\CODIGO\HBM_PM25_V2_OUT\HBM_PM25_W_edges_queen_v2.csv,D:\TRABAJO DE GRADO BEN-MAP\GITHUB\Analisis_sensibilidad\01_datos_procesados\grilla\HBM_PM25_W_edges_queen_v2.csv,COPIADO,
2026-04-28 22:42:31,D:\TRABAJO DE GRADO BEN-MAP\GITHUB\Analisis_sensibilidad\01_datos_procesados\grilla\grid_3km_AD_mensual_2020_2024.csv,D:\TRABAJO DE GRADO BEN-MAP\GITHUB\Analisis_sensibilidad\01_datos_procesados\grilla\grid_3km_AD_mensual_2020_2024_copy.csv,COPIADO,
2026-04-28 22:42:31,D:\TRABAJO DE GRADO BEN-MAP\GITHUB\Analisis_sensibilidad\01_datos_procesados\grilla\grid_3km_idw_mensual_2020_2024.csv,D:\TRABAJO DE GRADO BEN-MAP\GITHUB\Analisis_sensibilidad\01_datos_procesados\grilla\grid_3km_idw_mensual_2020_2024_copy.csv,COPIADO,
2026-04-28 22:42:31,D:\TRABAJO DE GRADO BEN-MAP\GITHUB\Analisis_sensibilidad\01_datos_procesados\grilla\HBM_NO2_grid_audit_correlation.csv,D:\TRABAJO DE GRADO BEN-MAP\GITHUB\Analisis_sensibilidad\01_datos_procesados\grilla\HBM_NO2_grid_audit_correlation_copy.csv,COPIADO,
2026-04-28 22:42:31,D:\TRABAJO DE GRADO BEN-MAP\GITHUB\Analisis_sensibilidad\01_datos_procesados\grilla\HBM_NO2_grid_audit_covariate_summary.csv,D:\TRABAJO DE GRADO BEN-MAP\GITHUB\Analisis_sensibilidad\01_datos_procesados\grilla\HBM_NO2_grid_audit_covariate_summary_copy.csv,COPIADO,
2026-04-28 22:42:31,D:\TRABAJO DE GRADO BEN-MAP\GITHUB\Analisis_sensibilidad\01_datos_procesados\grilla\HBM_NO2_grid_audit_extreme_rows.csv,D:\TRABAJO DE GRADO BEN-MAP\GITHUB\Analisis_sensibilidad\01_datos_procesados\grilla\HBM_NO2_grid_audit_extreme_rows_copy.csv,COPIADO,
2026-04-28 22:42:31,D:\TRABAJO DE GRADO BEN-MAP\GITHUB\Analisis_sensibilidad\01_datos_procesados\grilla\HBM_NO2_grid_audit_flag_summary.csv,D:\TRABAJO DE GRADO BEN-MAP\GITHUB\Analisis_sensibilidad\01_datos_procesados\grilla\HBM_NO2_grid_audit_flag_summary_copy.csv,COPIADO,
2026-04-28 22:42:31,D:\TRABAJO DE GRADO BEN-MAP\GITHUB\Analisis_sensibilidad\01_datos_procesados\grilla\HBM_NO2_grid_audit_monthly_flags.csv,D:\TRABAJO DE GRADO BEN-MAP\GITHUB\Analisis_sensibilidad\01_datos_procesados\grilla\HBM_NO2_grid_audit_monthly_flags_copy.csv,COPIADO,
2026-04-28 22:42:31,D:\TRABAJO DE GRADO BEN-MAP\GITHUB\Analisis_sensibilidad\01_datos_procesados\grilla\HBM_NO2_grid_base_clean_v1.csv,D:\TRABAJO DE GRADO BEN-MAP\GITHUB\Analisis_sensibilidad\01_datos_procesados\grilla\HBM_NO2_grid_base_clean_v1_copy.csv,COPIADO,
2026-04-28 22:42:31,D:\TRABAJO DE GRADO BEN-MAP\GITHUB\Analisis_sensibilidad\01_datos_procesados\grilla\HBM_NO2_grid_base_v2.csv,D:\TRABAJO DE GRADO BEN-MAP\GITHUB\Analisis_sensibilidad\01_datos_procesados\grilla\HBM_NO2_grid_base_v2_copy.csv,COPIADO,
2026-04-28 22:42:31,D:\TRABAJO DE GRADO BEN-MAP\GITHUB\Analisis_sensibilidad\01_datos_procesados\grilla\HBM_NO2_grid_clean_transform_report.csv,D:\TRABAJO DE GRADO BEN-MAP\GITHUB\Analisis_sensibilidad\01_datos_procesados\grilla\HBM_NO2_grid_clean_transform_report_copy.csv,COPIADO,
2026-04-28 22:42:31,D:\TRABAJO DE GRADO BEN-MAP\GITHUB\Analisis_sensibilidad\01_datos_procesados\grilla\HBM_NO2_grid_clean_v1.csv,D:\TRABAJO DE GRADO BEN-MAP\GITHUB\Analisis_sensibilidad\01_datos_procesados\grilla\HBM_NO2_grid_clean_v1_copy.csv,COPIADO,
2026-04-28 22:42:31,D:\TRABAJO DE GRADO BEN-MAP\GITHUB\Analisis_sensibilidad\01_datos_procesados\grilla\HBM_NO2_W_edges_queen_v2.csv,D:\TRABAJO DE GRADO BEN-MAP\GITHUB\Analisis_sensibilidad\01_datos_procesados\grilla\HBM_NO2_W_edges_queen_v2_copy.csv,COPIADO,
2026-04-28 22:42:31,D:\TRABAJO DE GRADO BEN-MAP\GITHUB\Analisis_sensibilidad\01_datos_procesados\grilla\HBM_O3_grid_audit_correlation.csv,D:\TRABAJO DE GRADO BEN-MAP\GITHUB\Analisis_sensibilidad\01_datos_procesados\grilla\HBM_O3_grid_audit_correlation_copy.csv,COPIADO,
2026-04-28 22:42:31,D:\TRABAJO DE GRADO BEN-MAP\GITHUB\Analisis_sensibilidad\01_datos_procesados\grilla\HBM_O3_grid_audit_correlation_copy.csv,D:\TRABAJO DE GRADO BEN-MAP\GITHUB\Analisis_sensibilidad\01_datos_procesados\grilla\HBM_O3_grid_audit_correlation_copy_copy.csv,COPIADO,
2026-04-28 22:42:31,D:\TRABAJO DE GRADO BEN-MAP\GITHUB\Analisis_sensibilidad\01_datos_procesados\grilla\HBM_O3_grid_audit_covariate_summary.csv,D:\TRABAJO DE GRADO BEN-MAP\GITHUB\Analisis_sensibilidad\01_datos_procesados\grilla\HBM_O3_grid_audit_covariate_summary_copy.csv,COPIADO,
2026-04-28 22:42:31,D:\TRABAJO DE GRADO BEN-MAP\GITHUB\Analisis_sensibilidad\01_datos_procesados\grilla\HBM_O3_grid_audit_covariate_summary_copy.csv,D:\TRABAJO DE GRADO BEN-MAP\GITHUB\Analisis_sensibilidad\01_datos_procesados\grilla\HBM_O3_grid_audit_covariate_summary_copy_copy.csv,COPIADO,
2026-04-28 22:42:31,D:\TRABAJO DE GRADO BEN-MAP\GITHUB\Analisis_sensibilidad\01_datos_procesados\grilla\HBM_O3_grid_audit_extreme_rows.csv,D:\TRABAJO DE GRADO BEN-MAP\GITHUB\Analisis_sensibilidad\01_datos_procesados\grilla\HBM_O3_grid_audit_extreme_rows_copy.csv,COPIADO,
2026-04-28 22:42:31,D:\TRABAJO DE GRADO BEN-MAP\GITHUB\Analisis_sensibilidad\01_datos_procesados\grilla\HBM_O3_grid_audit_flag_summary.csv,D:\TRABAJO DE GRADO BEN-MAP\GITHUB\Analisis_sensibilidad\01_datos_procesados\grilla\HBM_O3_grid_audit_flag_summary_copy.csv,COPIADO,
2026-04-28 22:42:31,D:\TRABAJO DE GRADO BEN-MAP\GITHUB\Analisis_sensibilidad\01_datos_procesados\grilla\HBM_O3_grid_audit_monthly_flags.csv,D:\TRABAJO DE GRADO BEN-MAP\GITHUB\Analisis_sensibilidad\01_datos_procesados\grilla\HBM_O3_grid_audit_monthly_flags_copy.csv,COPIADO,
2026-04-28 22:42:31,D:\TRABAJO DE GRADO BEN-MAP\GITHUB\Analisis_sensibilidad\01_datos_procesados\grilla\HBM_O3_grid_base_clean_v1.csv,D:\TRABAJO DE GRADO BEN-MAP\GITHUB\Analisis_sensibilidad\01_datos_procesados\grilla\HBM_O3_grid_base_clean_v1_copy.csv,COPIADO,
2026-04-28 22:42:31,D:\TRABAJO DE GRADO BEN-MAP\GITHUB\Analisis_sensibilidad\01_datos_procesados\grilla\HBM_O3_grid_base_clean_v3.csv,D:\TRABAJO DE GRADO BEN-MAP\GITHUB\Analisis_sensibilidad\01_datos_procesados\grilla\HBM_O3_grid_base_clean_v3_copy.csv,COPIADO,
2026-04-28 22:42:31,D:\TRABAJO DE GRADO BEN-MAP\GITHUB\Analisis_sensibilidad\01_datos_procesados\grilla\HBM_O3_grid_base_v2.csv,D:\TRABAJO DE GRADO BEN-MAP\GITHUB\Analisis_sensibilidad\01_datos_procesados\grilla\HBM_O3_grid_base_v2_copy.csv,COPIADO,
2026-04-28 22:42:31,D:\TRABAJO DE GRADO BEN-MAP\GITHUB\Analisis_sensibilidad\01_datos_procesados\grilla\HBM_O3_grid_base_v3.csv,D:\TRABAJO DE GRADO BEN-MAP\GITHUB\Analisis_sensibilidad\01_datos_procesados\grilla\HBM_O3_grid_base_v3_copy.csv,COPIADO,
2026-04-28 22:42:31,D:\TRABAJO DE GRADO BEN-MAP\GITHUB\Analisis_sensibilidad\01_datos_procesados\grilla\HBM_O3_grid_clean_transform_report.csv,D:\TRABAJO DE GRADO BEN-MAP\GITHUB\Analisis_sensibilidad\01_datos_procesados\grilla\HBM_O3_grid_clean_transform_report_copy.csv,COPIADO,
2026-04-28 22:42:31,D:\TRABAJO DE GRADO BEN-MAP\GITHUB\Analisis_sensibilidad\01_datos_procesados\grilla\HBM_O3_grid_clean_transform_report_v3.csv,D:\TRABAJO DE GRADO BEN-MAP\GITHUB\Analisis_sensibilidad\01_datos_procesados\grilla\HBM_O3_grid_clean_transform_report_v3_copy.csv,COPIADO,
2026-04-28 22:42:31,D:\TRABAJO DE GRADO BEN-MAP\GITHUB\Analisis_sensibilidad\01_datos_procesados\grilla\HBM_O3_grid_clean_v1.csv,D:\TRABAJO DE GRADO BEN-MAP\GITHUB\Analisis_sensibilidad\01_datos_procesados\grilla\HBM_O3_grid_clean_v1_copy.csv,COPIADO,
2026-04-28 22:42:31,D:\TRABAJO DE GRADO BEN-MAP\GITHUB\Analisis_sensibilidad\01_datos_procesados\grilla\HBM_O3_grid_clean_v3.csv,D:\TRABAJO DE GRADO BEN-MAP\GITHUB\Analisis_sensibilidad\01_datos_procesados\grilla\HBM_O3_grid_clean_v3_copy.csv,COPIADO,
2026-04-28 22:42:31,D:\TRABAJO DE GRADO BEN-MAP\GITHUB\Analisis_sensibilidad\01_datos_procesados\grilla\HBM_O3_W_edges_queen_v2.csv,D:\TRABAJO DE GRADO BEN-MAP\GITHUB\Analisis_sensibilidad\01_datos_procesados\grilla\HBM_O3_W_edges_queen_v2_copy.csv,COPIADO,
2026-04-28 22:42:31,D:\TRABAJO DE GRADO BEN-MAP\GITHUB\Analisis_sensibilidad\01_datos_procesados\grilla\HBM_O3_W_edges_queen_v3.csv,D:\TRABAJO DE GRADO BEN-MAP\GITHUB\Analisis_sensibilidad\01_datos_procesados\grilla\HBM_O3_W_edges_queen_v3_copy.csv,COPIADO,
2026-04-28 22:42:31,D:\TRABAJO DE GRADO BEN-MAP\GITHUB\Analisis_sensibilidad\01_datos_procesados\grilla\HBM_PM25_grid_audit_correlation.csv,D:\TRABAJO DE GRADO BEN-MAP\GITHUB\Analisis_sensibilidad\01_datos_procesados\grilla\HBM_PM25_grid_audit_correlation_copy.csv,COPIADO,
2026-04-28 22:42:31,D:\TRABAJO DE GRADO BEN-MAP\GITHUB\Analisis_sensibilidad\01_datos_procesados\grilla\HBM_PM25_grid_audit_covariate_summary.csv,D:\TRABAJO DE GRADO BEN-MAP\GITHUB\Analisis_sensibilidad\01_datos_procesados\grilla\HBM_PM25_grid_audit_covariate_summary_copy.csv,COPIADO,
2026-04-28 22:42:31,D:\TRABAJO DE GRADO BEN-MAP\GITHUB\Analisis_sensibilidad\01_datos_procesados\grilla\HBM_PM25_grid_audit_extreme_rows.csv,D:\TRABAJO DE GRADO BEN-MAP\GITHUB\Analisis_sensibilidad\01_datos_procesados\grilla\HBM_PM25_grid_audit_extreme_rows_copy.csv,COPIADO,
2026-04-28 22:42:31,D:\TRABAJO DE GRADO BEN-MAP\GITHUB\Analisis_sensibilidad\01_datos_procesados\grilla\HBM_PM25_grid_audit_flag_summary.csv,D:\TRABAJO DE GRADO BEN-MAP\GITHUB\Analisis_sensibilidad\01_datos_procesados\grilla\HBM_PM25_grid_audit_flag_summary_copy.csv,COPIADO,
2026-04-28 22:42:31,D:\TRABAJO DE GRADO BEN-MAP\GITHUB\Analisis_sensibilidad\01_datos_procesados\grilla\HBM_PM25_grid_audit_monthly_flags.csv,D:\TRABAJO DE GRADO BEN-MAP\GITHUB\Analisis_sensibilidad\01_datos_procesados\grilla\HBM_PM25_grid_audit_monthly_flags_copy.csv,COPIADO,
2026-04-28 22:42:31,D:\TRABAJO DE GRADO BEN-MAP\GITHUB\Analisis_sensibilidad\01_datos_procesados\grilla\HBM_PM25_grid_base_clean_v1.csv,D:\TRABAJO DE GRADO BEN-MAP\GITHUB\Analisis_sensibilidad\01_datos_procesados\grilla\HBM_PM25_grid_base_clean_v1_copy.csv,COPIADO,
2026-04-28 22:42:31,D:\TRABAJO DE GRADO BEN-MAP\GITHUB\Analisis_sensibilidad\01_datos_procesados\grilla\HBM_PM25_grid_base_v2.csv,D:\TRABAJO DE GRADO BEN-MAP\GITHUB\Analisis_sensibilidad\01_datos_procesados\grilla\HBM_PM25_grid_base_v2_copy.csv,COPIADO,
2026-04-28 22:42:31,D:\TRABAJO DE GRADO BEN-MAP\GITHUB\Analisis_sensibilidad\01_datos_procesados\grilla\HBM_PM25_grid_clean_transform_report.csv,D:\TRABAJO DE GRADO BEN-MAP\GITHUB\Analisis_sensibilidad\01_datos_procesados\grilla\HBM_PM25_grid_clean_transform_report_copy.csv,COPIADO,
2026-04-28 22:42:31,D:\TRABAJO DE GRADO BEN-MAP\GITHUB\Analisis_sensibilidad\01_datos_procesados\grilla\HBM_PM25_grid_clean_v1.csv,D:\TRABAJO DE GRADO BEN-MAP\GITHUB\Analisis_sensibilidad\01_datos_procesados\grilla\HBM_PM25_grid_clean_v1_copy.csv,COPIADO,
2026-04-28 22:42:31,D:\TRABAJO DE GRADO BEN-MAP\GITHUB\Analisis_sensibilidad\01_datos_procesados\grilla\HBM_PM25_W_edges_queen_v2.csv,D:\TRABAJO DE GRADO BEN-MAP\GITHUB\Analisis_sensibilidad\01_datos_procesados\grilla\HBM_PM25_W_edges_queen_v2_copy.csv,COPIADO,
2026-04-28 22:42:31,D:\TRABAJO DE GRADO BEN-MAP\GITHUB\Analisis_sensibilidad\01_datos_procesados\grilla\HBM_W_edges_queen.csv,D:\TRABAJO DE GRADO BEN-MAP\GITHUB\Analisis_sensibilidad\01_datos_procesados\grilla\HBM_W_edges_queen_copy.csv,COPIADO,
2026-04-28 22:42:31,D:\TRABAJO DE GRADO BEN-MAP\GITHUB\Analisis_sensibilidad\01_datos_procesados\grilla\virginia_queen.dbf,D:\TRABAJO DE GRADO BEN-MAP\GITHUB\Analisis_sensibilidad\01_datos_procesados\grilla\virginia_queen_copy.dbf,COPIADO,
2026-04-28 22:42:31,D:\TRABAJO DE GRADO BEN-MAP\GITHUB\Analisis_sensibilidad\01_datos_procesados\grilla\W_grid_3km_queen.csv,D:\TRABAJO DE GRADO BEN-MAP\GITHUB\Analisis_sensibilidad\01_datos_procesados\grilla\W_grid_3km_queen_copy.csv,COPIADO,
2026-04-28 22:42:31,D:\TRABAJO DE GRADO BEN-MAP\GITHUB\Analisis_sensibilidad\04_resultados_tablas\validacion_idw\grid_3km_idw_mensual_2020_2024.csv,D:\TRABAJO DE GRADO BEN-MAP\GITHUB\Analisis_sensibilidad\01_datos_procesados\grilla\grid_3km_idw_mensual_2020_2024_copy.csv,COPIADO,
2026-04-28 22:42:31,D:\TRABAJO DE GRADO BEN-MAP\GITHUB\Analisis_sensibilidad\04_resultados_tablas\validacion_idw\grid_3km_idw_mensual_2020_2024_copy.csv,D:\TRABAJO DE GRADO BEN-MAP\GITHUB\Analisis_sensibilidad\01_datos_procesados\grilla\grid_3km_idw_mensual_2020_2024_copy_copy.csv,COPIADO,
2026-04-28 22:42:31,D:\TRABAJO DE GRADO BEN-MAP\GRILLA-GEOVISOR MAPAS BEN-MAP\bogota\Loca.cpg,D:\TRABAJO DE GRADO BEN-MAP\GITHUB\Analisis_sensibilidad\01_datos_procesados\grilla\Loca.cpg,COPIADO,
2026-04-28 22:42:31,D:\TRABAJO DE GRADO BEN-MAP\GRILLA-GEOVISOR MAPAS BEN-MAP\bogota\Loca.dbf,D:\TRABAJO DE GRADO BEN-MAP\GITHUB\Analisis_sensibilidad\01_datos_procesados\grilla\Loca.dbf,COPIADO,
2026-04-28 22:42:31,D:\TRABAJO DE GRADO BEN-MAP\GRILLA-GEOVISOR MAPAS BEN-MAP\bogota\Loca.prj,D:\TRABAJO DE GRADO BEN-MAP\GITHUB\Analisis_sensibilidad\01_datos_procesados\grilla\Loca.prj,COPIADO,
2026-04-28 22:42:31,D:\TRABAJO DE GRADO BEN-MAP\GRILLA-GEOVISOR MAPAS BEN-MAP\bogota\Loca.shp,D:\TRABAJO DE GRADO BEN-MAP\GITHUB\Analisis_sensibilidad\01_datos_procesados\grilla\Loca.shp,COPIADO,
2026-04-28 22:42:31,D:\TRABAJO DE GRADO BEN-MAP\GRILLA-GEOVISOR MAPAS BEN-MAP\bogota\Loca.shx,D:\TRABAJO DE GRADO BEN-MAP\GITHUB\Analisis_sensibilidad\01_datos_procesados\grilla\Loca.shx,COPIADO,
2026-04-28 22:42:31,D:\TRABAJO DE GRADO BEN-MAP\GRILLA-GEOVISOR MAPAS BEN-MAP\bogota\Loca_WGS1984.dbf,D:\TRABAJO DE GRADO BEN-MAP\GITHUB\Analisis_sensibilidad\01_datos_procesados\grilla\Loca_WGS1984.dbf,COPIADO,
2026-04-28 22:42:31,D:\TRABAJO DE GRADO BEN-MAP\GRILLA-GEOVISOR MAPAS BEN-MAP\bogota\Loca_WGS1984.prj,D:\TRABAJO DE GRADO BEN-MAP\GITHUB\Analisis_sensibilidad\01_datos_procesados\grilla\Loca_WGS1984.prj,COPIADO,
2026-04-28 22:42:31,D:\TRABAJO DE GRADO BEN-MAP\GRILLA-GEOVISOR MAPAS BEN-MAP\bogota\Loca_WGS1984.shp,D:\TRABAJO DE GRADO BEN-MAP\GITHUB\Analisis_sensibilidad\01_datos_procesados\grilla\Loca_WGS1984.shp,COPIADO,
2026-04-28 22:42:31,D:\TRABAJO DE GRADO BEN-MAP\GRILLA-GEOVISOR MAPAS BEN-MAP\bogota\Loca_WGS1984.shx,D:\TRABAJO DE GRADO BEN-MAP\GITHUB\Analisis_sensibilidad\01_datos_procesados\grilla\Loca_WGS1984.shx,COPIADO,
2026-04-28 22:42:31,D:\TRABAJO DE GRADO BEN-MAP\GRILLA-GEOVISOR MAPAS BEN-MAP\gadm41_COL_shp\gadm41_COL_0.cpg,D:\TRABAJO DE GRADO BEN-MAP\GITHUB\Analisis_sensibilidad\01_datos_procesados\grilla\gadm41_COL_0.cpg,COPIADO,
2026-04-28 22:42:31,D:\TRABAJO DE GRADO BEN-MAP\GRILLA-GEOVISOR MAPAS BEN-MAP\gadm41_COL_shp\gadm41_COL_0.dbf,D:\TRABAJO DE GRADO BEN-MAP\GITHUB\Analisis_sensibilidad\01_datos_procesados\grilla\gadm41_COL_0.dbf,COPIADO,
2026-04-28 22:42:31,D:\TRABAJO DE GRADO BEN-MAP\GRILLA-GEOVISOR MAPAS BEN-MAP\gadm41_COL_shp\gadm41_COL_0.prj,D:\TRABAJO DE GRADO BEN-MAP\GITHUB\Analisis_sensibilidad\01_datos_procesados\grilla\gadm41_COL_0.prj,COPIADO,
2026-04-28 22:42:31,D:\TRABAJO DE GRADO BEN-MAP\GRILLA-GEOVISOR MAPAS BEN-MAP\gadm41_COL_shp\gadm41_COL_0.shp,D:\TRABAJO DE GRADO BEN-MAP\GITHUB\Analisis_sensibilidad\01_datos_procesados\grilla\gadm41_COL_0.shp,COPIADO,
2026-04-28 22:42:31,D:\TRABAJO DE GRADO BEN-MAP\GRILLA-GEOVISOR MAPAS BEN-MAP\gadm41_COL_shp\gadm41_COL_0.shx,D:\TRABAJO DE GRADO BEN-MAP\GITHUB\Analisis_sensibilidad\01_datos_procesados\grilla\gadm41_COL_0.shx,COPIADO,
2026-04-28 22:42:31,D:\TRABAJO DE GRADO BEN-MAP\GRILLA-GEOVISOR MAPAS BEN-MAP\gadm41_COL_shp\gadm41_COL_1.cpg,D:\TRABAJO DE GRADO BEN-MAP\GITHUB\Analisis_sensibilidad\01_datos_procesados\grilla\gadm41_COL_1.cpg,COPIADO,
2026-04-28 22:42:31,D:\TRABAJO DE GRADO BEN-MAP\GRILLA-GEOVISOR MAPAS BEN-MAP\gadm41_COL_shp\gadm41_COL_1.dbf,D:\TRABAJO DE GRADO BEN-MAP\GITHUB\Analisis_sensibilidad\01_datos_procesados\grilla\gadm41_COL_1.dbf,COPIADO,
2026-04-28 22:42:31,D:\TRABAJO DE GRADO BEN-MAP\GRILLA-GEOVISOR MAPAS BEN-MAP\gadm41_COL_shp\gadm41_COL_1.prj,D:\TRABAJO DE GRADO BEN-MAP\GITHUB\Analisis_sensibilidad\01_datos_procesados\grilla\gadm41_COL_1.prj,COPIADO,
2026-04-28 22:42:31,D:\TRABAJO DE GRADO BEN-MAP\GRILLA-GEOVISOR MAPAS BEN-MAP\gadm41_COL_shp\gadm41_COL_1.shp,D:\TRABAJO DE GRADO BEN-MAP\GITHUB\Analisis_sensibilidad\01_datos_procesados\grilla\gadm41_COL_1.shp,COPIADO,
2026-04-28 22:42:31,D:\TRABAJO DE GRADO BEN-MAP\GRILLA-GEOVISOR MAPAS BEN-MAP\gadm41_COL_shp\gadm41_COL_1.shx,D:\TRABAJO DE GRADO BEN-MAP\GITHUB\Analisis_sensibilidad\01_datos_procesados\grilla\gadm41_COL_1.shx,COPIADO,
2026-04-28 22:42:31,D:\TRABAJO DE GRADO BEN-MAP\GRILLA-GEOVISOR MAPAS BEN-MAP\gadm41_COL_shp\gadm41_COL_2.cpg,D:\TRABAJO DE GRADO BEN-MAP\GITHUB\Analisis_sensibilidad\01_datos_procesados\grilla\gadm41_COL_2.cpg,COPIADO,
2026-04-28 22:42:31,D:\TRABAJO DE GRADO BEN-MAP\GRILLA-GEOVISOR MAPAS BEN-MAP\gadm41_COL_shp\gadm41_COL_2.dbf,D:\TRABAJO DE GRADO BEN-MAP\GITHUB\Analisis_sensibilidad\01_datos_procesados\grilla\gadm41_COL_2.dbf,COPIADO,
2026-04-28 22:42:31,D:\TRABAJO DE GRADO BEN-MAP\GRILLA-GEOVISOR MAPAS BEN-MAP\gadm41_COL_shp\gadm41_COL_2.prj,D:\TRABAJO DE GRADO BEN-MAP\GITHUB\Analisis_sensibilidad\01_datos_procesados\grilla\gadm41_COL_2.prj,COPIADO,
2026-04-28 22:42:31,D:\TRABAJO DE GRADO BEN-MAP\GRILLA-GEOVISOR MAPAS BEN-MAP\gadm41_COL_shp\gadm41_COL_2.shp,D:\TRABAJO DE GRADO BEN-MAP\GITHUB\Analisis_sensibilidad\01_datos_procesados\grilla\gadm41_COL_2.shp,COPIADO,
2026-04-28 22:42:31,D:\TRABAJO DE GRADO BEN-MAP\GRILLA-GEOVISOR MAPAS BEN-MAP\gadm41_COL_shp\gadm41_COL_2.shx,D:\TRABAJO DE GRADO BEN-MAP\GITHUB\Analisis_sensibilidad\01_datos_procesados\grilla\gadm41_COL_2.shx,COPIADO,
2026-04-28 22:42:31,D:\TRABAJO DE GRADO BEN-MAP\RESULTADOS_FINALES\01_insumos_resultados\adveccion_difusion\grid_3km_AD_mensual_2020_2024.csv,D:\TRABAJO DE GRADO BEN-MAP\GITHUB\Analisis_sensibilidad\01_datos_procesados\grilla\grid_3km_AD_mensual_2020_2024_copy.csv,COPIADO,
2026-04-28 22:42:31,D:\TRABAJO DE GRADO BEN-MAP\RESULTADOS_FINALES\01_insumos_resultados\adveccion_difusion\W_grid_3km_queen.csv,D:\TRABAJO DE GRADO BEN-MAP\GITHUB\Analisis_sensibilidad\01_datos_procesados\grilla\W_grid_3km_queen_copy.csv,COPIADO,
2026-04-28 22:42:31,D:\TRABAJO DE GRADO BEN-MAP\RESULTADOS_FINALES\03_tablas\02_adveccion_difusion\01_base_panel\tabla_5_15_resumen_conectividad_malla_queen.csv,D:\TRABAJO DE GRADO BEN-MAP\GITHUB\Analisis_sensibilidad\01_datos_procesados\grilla\tabla_5_15_resumen_conectividad_malla_queen.csv,COPIADO,
2026-04-28 22:42:31,D:\TRABAJO DE GRADO BEN-MAP\RESULTADOS_FINALES\03_tablas\02_adveccion_difusion\01_base_panel\tabla_5_15_resumen_conectividad_malla_queen.xlsx,D:\TRABAJO DE GRADO BEN-MAP\GITHUB\Analisis_sensibilidad\01_datos_procesados\grilla\tabla_5_15_resumen_conectividad_malla_queen.xlsx,COPIADO,
2026-04-28 22:42:31,D:\TRABAJO DE GRADO BEN-MAP\RESULTADOS_FINALES\03_tablas\02_adveccion_difusion\01_base_panel\tabla_5_15_resumen_conectividad_malla_queen_v2.xlsx,D:\TRABAJO DE GRADO BEN-MAP\GITHUB\Analisis_sensibilidad\01_datos_procesados\grilla\tabla_5_15_resumen_conectividad_malla_queen_v2.xlsx,COPIADO,
2026-04-28 22:42:31,D:\TRABAJO DE GRADO BEN-MAP\RESULTADOS_FINALES\03_tablas\02_adveccion_difusion\01_base_panel\tabla_5_15_resumen_conectividad_malla_queen_v3.xlsx,D:\TRABAJO DE GRADO BEN-MAP\GITHUB\Analisis_sensibilidad\01_datos_procesados\grilla\tabla_5_15_resumen_conectividad_malla_queen_v3.xlsx,COPIADO,
2026-04-28 22:42:31,D:\TRABAJO DE GRADO BEN-MAP\RESULTADOS_FINALES\03_tablas\02_adveccion_difusion\01_base_panel\tabla_5_16_vecinas_por_celda_malla_queen.csv,D:\TRABAJO DE GRADO BEN-MAP\GITHUB\Analisis_sensibilidad\01_datos_procesados\grilla\tabla_5_16_vecinas_por_celda_malla_queen.csv,COPIADO,
2026-04-28 22:42:31,D:\TRABAJO DE GRADO BEN-MAP\RESULTADOS_FINALES\03_tablas\02_adveccion_difusion\01_base_panel\tabla_5_16_vecinas_por_celda_malla_queen.xlsx,D:\TRABAJO DE GRADO BEN-MAP\GITHUB\Analisis_sensibilidad\01_datos_procesados\grilla\tabla_5_16_vecinas_por_celda_malla_queen.xlsx,COPIADO,
2026-04-28 22:42:31,D:\TRABAJO DE GRADO BEN-MAP\RESULTADOS_FINALES\03_tablas\02_adveccion_difusion\01_base_panel\tabla_5_16_vecinas_por_celda_malla_queen_v2.xlsx,D:\TRABAJO DE GRADO BEN-MAP\GITHUB\Analisis_sensibilidad\01_datos_procesados\grilla\tabla_5_16_vecinas_por_celda_malla_queen_v2.xlsx,COPIADO,
2026-04-28 22:42:31,D:\TRABAJO DE GRADO BEN-MAP\RESULTADOS_FINALES\03_tablas\02_adveccion_difusion\01_base_panel\tabla_5_16_vecinas_por_celda_malla_queen_v3.xlsx,D:\TRABAJO DE GRADO BEN-MAP\GITHUB\Analisis_sensibilidad\01_datos_procesados\grilla\tabla_5_16_vecinas_por_celda_malla_queen_v3.xlsx,COPIADO,
2026-04-28 22:42:31,D:\TRABAJO DE GRADO BEN-MAP\RESULTADOS_FINALES\06_trazabilidad_archivos\03_adveccion_difusion\grid_3km_AD_mensual_2020_2024.csv,D:\TRABAJO DE GRADO BEN-MAP\GITHUB\Analisis_sensibilidad\01_datos_procesados\grilla\grid_3km_AD_mensual_2020_2024_copy.csv,COPIADO,
2026-04-28 22:42:31,D:\TRABAJO DE GRADO BEN-MAP\RESULTADOS_FINALES\06_trazabilidad_archivos\03_adveccion_difusion\W_grid_3km_queen.csv,D:\TRABAJO DE GRADO BEN-MAP\GITHUB\Analisis_sensibilidad\01_datos_procesados\grilla\W_grid_3km_queen_copy.csv,COPIADO,
2026-04-28 22:42:31,D:\TRABAJO DE GRADO BEN-MAP\SALIDAS_BENMAP\benmap_grid_definition.cpg,D:\TRABAJO DE GRADO BEN-MAP\GITHUB\Analisis_sensibilidad\01_datos_procesados\grilla\benmap_grid_definition.cpg,COPIADO,
2026-04-28 22:42:31,D:\TRABAJO DE GRADO BEN-MAP\SALIDAS_BENMAP\benmap_grid_definition.dbf,D:\TRABAJO DE GRADO BEN-MAP\GITHUB\Analisis_sensibilidad\01_datos_procesados\grilla\benmap_grid_definition.dbf,COPIADO,
2026-04-28 22:42:31,D:\TRABAJO DE GRADO BEN-MAP\SALIDAS_BENMAP\benmap_grid_definition.prj,D:\TRABAJO DE GRADO BEN-MAP\GITHUB\Analisis_sensibilidad\01_datos_procesados\grilla\benmap_grid_definition.prj,COPIADO,
2026-04-28 22:42:31,D:\TRABAJO DE GRADO BEN-MAP\SALIDAS_BENMAP\benmap_grid_definition.shp,D:\TRABAJO DE GRADO BEN-MAP\GITHUB\Analisis_sensibilidad\01_datos_procesados\grilla\benmap_grid_definition.shp,COPIADO,
2026-04-28 22:42:31,D:\TRABAJO DE GRADO BEN-MAP\SALIDAS_BENMAP\benmap_grid_definition.shx,D:\TRABAJO DE GRADO BEN-MAP\GITHUB\Analisis_sensibilidad\01_datos_procesados\grilla\benmap_grid_definition.shx,COPIADO,
2026-04-28 22:42:31,D:\TRABAJO DE GRADO BEN-MAP\SALIDAS_BENMAP\benmap_grid_definition_final_ok.cpg,D:\TRABAJO DE GRADO BEN-MAP\GITHUB\Analisis_sensibilidad\01_datos_procesados\grilla\benmap_grid_definition_final_ok.cpg,COPIADO,
2026-04-28 22:42:31,D:\TRABAJO DE GRADO BEN-MAP\SALIDAS_BENMAP\benmap_grid_definition_final_ok.dbf,D:\TRABAJO DE GRADO BEN-MAP\GITHUB\Analisis_sensibilidad\01_datos_procesados\grilla\benmap_grid_definition_final_ok.dbf,COPIADO,
2026-04-28 22:42:31,D:\TRABAJO DE GRADO BEN-MAP\SALIDAS_BENMAP\benmap_grid_definition_final_ok.prj,D:\TRABAJO DE GRADO BEN-MAP\GITHUB\Analisis_sensibilidad\01_datos_procesados\grilla\benmap_grid_definition_final_ok.prj,COPIADO,
2026-04-28 22:42:31,D:\TRABAJO DE GRADO BEN-MAP\SALIDAS_BENMAP\benmap_grid_definition_final_ok.shp,D:\TRABAJO DE GRADO BEN-MAP\GITHUB\Analisis_sensibilidad\01_datos_procesados\grilla\benmap_grid_definition_final_ok.shp,COPIADO,
2026-04-28 22:42:31,D:\TRABAJO DE GRADO BEN-MAP\SALIDAS_BENMAP\benmap_grid_definition_final_ok.shx,D:\TRABAJO DE GRADO BEN-MAP\GITHUB\Analisis_sensibilidad\01_datos_procesados\grilla\benmap_grid_definition_final_ok.shx,COPIADO,
2026-04-28 22:42:31,D:\TRABAJO DE GRADO BEN-MAP\SALIDAS_BENMAP\benmap_grid_definition_final_ok_debug.csv,D:\TRABAJO DE GRADO BEN-MAP\GITHUB\Analisis_sensibilidad\01_datos_procesados\grilla\benmap_grid_definition_final_ok_debug.csv,COPIADO,
2026-04-28 22:42:31,D:\TRABAJO DE GRADO BEN-MAP\SALIDAS_BENMAP\benmap_grid_definition_final_ok_WGS1984.dbf,D:\TRABAJO DE GRADO BEN-MAP\GITHUB\Analisis_sensibilidad\01_datos_procesados\grilla\benmap_grid_definition_final_ok_WGS1984.dbf,COPIADO,
2026-04-28 22:42:31,D:\TRABAJO DE GRADO BEN-MAP\SALIDAS_BENMAP\benmap_grid_definition_final_ok_WGS1984.prj,D:\TRABAJO DE GRADO BEN-MAP\GITHUB\Analisis_sensibilidad\01_datos_procesados\grilla\benmap_grid_definition_final_ok_WGS1984.prj,COPIADO,
2026-04-28 22:42:31,D:\TRABAJO DE GRADO BEN-MAP\SALIDAS_BENMAP\benmap_grid_definition_final_ok_WGS1984.shp,D:\TRABAJO DE GRADO BEN-MAP\GITHUB\Analisis_sensibilidad\01_datos_procesados\grilla\benmap_grid_definition_final_ok_WGS1984.shp,COPIADO,
2026-04-28 22:42:31,D:\TRABAJO DE GRADO BEN-MAP\SALIDAS_BENMAP\benmap_grid_definition_final_ok_WGS1984.shx,D:\TRABAJO DE GRADO BEN-MAP\GITHUB\Analisis_sensibilidad\01_datos_procesados\grilla\benmap_grid_definition_final_ok_WGS1984.shx,COPIADO,
2026-04-28 22:42:31,D:\TRABAJO DE GRADO BEN-MAP\SALIDAS_BENMAP\benmap_grid_definition_ROWCOL.cpg,D:\TRABAJO DE GRADO BEN-MAP\GITHUB\Analisis_sensibilidad\01_datos_procesados\grilla\benmap_grid_definition_ROWCOL.cpg,COPIADO,
2026-04-28 22:42:31,D:\TRABAJO DE GRADO BEN-MAP\SALIDAS_BENMAP\benmap_grid_definition_ROWCOL.dbf,D:\TRABAJO DE GRADO BEN-MAP\GITHUB\Analisis_sensibilidad\01_datos_procesados\grilla\benmap_grid_definition_ROWCOL.dbf,COPIADO,
2026-04-28 22:42:31,D:\TRABAJO DE GRADO BEN-MAP\SALIDAS_BENMAP\benmap_grid_definition_ROWCOL.prj,D:\TRABAJO DE GRADO BEN-MAP\GITHUB\Analisis_sensibilidad\01_datos_procesados\grilla\benmap_grid_definition_ROWCOL.prj,COPIADO,
2026-04-28 22:42:31,D:\TRABAJO DE GRADO BEN-MAP\SALIDAS_BENMAP\benmap_grid_definition_ROWCOL.shp,D:\TRABAJO DE GRADO BEN-MAP\GITHUB\Analisis_sensibilidad\01_datos_procesados\grilla\benmap_grid_definition_ROWCOL.shp,COPIADO,
2026-04-28 22:42:31,D:\TRABAJO DE GRADO BEN-MAP\SALIDAS_BENMAP\benmap_grid_definition_ROWCOL.shx,D:\TRABAJO DE GRADO BEN-MAP\GITHUB\Analisis_sensibilidad\01_datos_procesados\grilla\benmap_grid_definition_ROWCOL.shx,COPIADO,
2026-04-28 22:42:31,D:\TRABAJO DE GRADO BEN-MAP\SALIDAS_BENMAP\benmap_grid_definition_summary.csv,D:\TRABAJO DE GRADO BEN-MAP\GITHUB\Analisis_sensibilidad\01_datos_procesados\grilla\benmap_grid_definition_summary.csv,COPIADO,
2026-04-28 22:42:31,D:\TRABAJO DE GRADO BEN-MAP\SALIDAS_BENMAP\benmap_grid_definition_WGS1984.dbf,D:\TRABAJO DE GRADO BEN-MAP\GITHUB\Analisis_sensibilidad\01_datos_procesados\grilla\benmap_grid_definition_WGS1984.dbf,COPIADO,
2026-04-28 22:42:31,D:\TRABAJO DE GRADO BEN-MAP\SALIDAS_BENMAP\benmap_grid_definition_WGS1984.prj,D:\TRABAJO DE GRADO BEN-MAP\GITHUB\Analisis_sensibilidad\01_datos_procesados\grilla\benmap_grid_definition_WGS1984.prj,COPIADO,
2026-04-28 22:42:31,D:\TRABAJO DE GRADO BEN-MAP\SALIDAS_BENMAP\benmap_grid_definition_WGS1984.shp,D:\TRABAJO DE GRADO BEN-MAP\GITHUB\Analisis_sensibilidad\01_datos_procesados\grilla\benmap_grid_definition_WGS1984.shp,COPIADO,
2026-04-28 22:42:31,D:\TRABAJO DE GRADO BEN-MAP\SALIDAS_BENMAP\benmap_grid_definition_WGS1984.shx,D:\TRABAJO DE GRADO BEN-MAP\GITHUB\Analisis_sensibilidad\01_datos_procesados\grilla\benmap_grid_definition_WGS1984.shx,COPIADO,
2026-04-28 22:42:31,D:\TRABAJO DE GRADO BEN-MAP\SALIDAS_SENSIBILIDAD\01_insumos\grilla\benmap_grid_definition_final_ok_debug.csv,D:\TRABAJO DE GRADO BEN-MAP\GITHUB\Analisis_sensibilidad\01_datos_procesados\grilla\benmap_grid_definition_final_ok_debug_copy.csv,COPIADO,
2026-04-28 22:42:31,D:\TRABAJO DE GRADO BEN-MAP\SALIDAS_SENSIBILIDAD\01_insumos\grilla\benmap_grid_definition_summary.csv,D:\TRABAJO DE GRADO BEN-MAP\GITHUB\Analisis_sensibilidad\01_datos_procesados\grilla\benmap_grid_definition_summary_copy.csv,COPIADO,
2026-04-28 22:42:32,D:\TRABAJO DE GRADO BEN-MAP\BASES DE DATOS\BASE DE DATOS POBLACIONAL DE BOGOTA  (2020-2024)\poblacion_Bogota_2020_2024 (base de datos crudo).xlsx,D:\TRABAJO DE GRADO BEN-MAP\GITHUB\Analisis_sensibilidad\01_datos_procesados\poblacion\poblacion_Bogota_2020_2024 (base de datos crudo).xlsx,COPIADO,
2026-04-28 22:42:32,D:\TRABAJO DE GRADO BEN-MAP\BASES DE DATOS\BASE DE DATOS POBLACIONAL DE BOGOTA  (2020-2024)\poblacion_Bogota_2020_2024.csv,D:\TRABAJO DE GRADO BEN-MAP\GITHUB\Analisis_sensibilidad\01_datos_procesados\poblacion\poblacion_Bogota_2020_2024.csv,COPIADO,
2026-04-28 22:42:32,D:\TRABAJO DE GRADO BEN-MAP\BASES DE DATOS\BASE DE DATOS POBLACIONAL DE BOGOTA  (2020-2024)\BASE DE DATOS LIMPIA POR RANGOS ETARIOS\poblacion_bogota_rangos.csv,D:\TRABAJO DE GRADO BEN-MAP\GITHUB\Analisis_sensibilidad\01_datos_procesados\poblacion\poblacion_bogota_rangos.csv,COPIADO,
2026-04-28 22:42:32,D:\TRABAJO DE GRADO BEN-MAP\GITHUB\Analisis_sensibilidad\01_datos_procesados\poblacion\poblacion_Bogota_2020_2024 (base de datos crudo).xlsx,D:\TRABAJO DE GRADO BEN-MAP\GITHUB\Analisis_sensibilidad\01_datos_procesados\poblacion\poblacion_Bogota_2020_2024 (base de datos crudo)_copy.xlsx,COPIADO,
2026-04-28 22:42:32,D:\TRABAJO DE GRADO BEN-MAP\GITHUB\Analisis_sensibilidad\01_datos_procesados\poblacion\poblacion_Bogota_2020_2024.csv,D:\TRABAJO DE GRADO BEN-MAP\GITHUB\Analisis_sensibilidad\01_datos_procesados\poblacion\poblacion_Bogota_2020_2024_copy.csv,COPIADO,
2026-04-28 22:42:32,D:\TRABAJO DE GRADO BEN-MAP\GITHUB\Analisis_sensibilidad\01_datos_procesados\poblacion\poblacion_bogota_rangos.csv,D:\TRABAJO DE GRADO BEN-MAP\GITHUB\Analisis_sensibilidad\01_datos_procesados\poblacion\poblacion_bogota_rangos_copy.csv,COPIADO,
2026-04-28 22:42:32,D:\TRABAJO DE GRADO BEN-MAP\SALIDAS_BENMAP\benmap_population_2026.csv,D:\TRABAJO DE GRADO BEN-MAP\GITHUB\Analisis_sensibilidad\01_datos_procesados\poblacion\benmap_population_2026.csv,COPIADO,
2026-04-28 22:42:32,D:\TRABAJO DE GRADO BEN-MAP\SALIDAS_BENMAP\benmap_population_2026_long_ready.csv,D:\TRABAJO DE GRADO BEN-MAP\GITHUB\Analisis_sensibilidad\01_datos_procesados\poblacion\benmap_population_2026_long_ready.csv,COPIADO,
2026-04-28 22:42:32,D:\TRABAJO DE GRADO BEN-MAP\SALIDAS_BENMAP\population_bogota_rangos_2026.csv,D:\TRABAJO DE GRADO BEN-MAP\GITHUB\Analisis_sensibilidad\01_datos_procesados\poblacion\population_bogota_rangos_2026.csv,COPIADO,
2026-04-28 22:42:32,D:\TRABAJO DE GRADO BEN-MAP\SALIDAS_BENMAP\population_bogota_rangos_clean.csv,D:\TRABAJO DE GRADO BEN-MAP\GITHUB\Analisis_sensibilidad\01_datos_procesados\poblacion\population_bogota_rangos_clean.csv,COPIADO,
2026-04-28 22:42:32,D:\TRABAJO DE GRADO BEN-MAP\SALIDAS_BENMAP\population_candidates_inventory.csv,D:\TRABAJO DE GRADO BEN-MAP\GITHUB\Analisis_sensibilidad\01_datos_procesados\poblacion\population_candidates_inventory.csv,COPIADO,
2026-04-28 22:42:32,D:\TRABAJO DE GRADO BEN-MAP\SALIDAS_SENSIBILIDAD\01_insumos\poblacion\benmap_population_2026.csv,D:\TRABAJO DE GRADO BEN-MAP\GITHUB\Analisis_sensibilidad\01_datos_procesados\poblacion\benmap_population_2026_copy.csv,COPIADO,
2026-04-28 22:42:32,D:\TRABAJO DE GRADO BEN-MAP\SALIDAS_SENSIBILIDAD\01_insumos\poblacion\benmap_population_2026_long_ready.csv,D:\TRABAJO DE GRADO BEN-MAP\GITHUB\Analisis_sensibilidad\01_datos_procesados\poblacion\benmap_population_2026_long_ready_copy.csv,COPIADO,
2026-04-28 22:42:32,D:\TRABAJO DE GRADO BEN-MAP\SALIDAS_SENSIBILIDAD\01_insumos\poblacion\population_bogota_rangos_2026.csv,D:\TRABAJO DE GRADO BEN-MAP\GITHUB\Analisis_sensibilidad\01_datos_procesados\poblacion\population_bogota_rangos_2026_copy.csv,COPIADO,
2026-04-28 22:42:32,D:\TRABAJO DE GRADO BEN-MAP\SALIDAS_SENSIBILIDAD\02_base_analitica\population_targets_by_run.csv,D:\TRABAJO DE GRADO BEN-MAP\GITHUB\Analisis_sensibilidad\01_datos_procesados\poblacion\population_targets_by_run.csv,COPIADO,
2026-04-28 22:42:32,D:\TRABAJO DE GRADO BEN-MAP\SALIDAS_SENSIBILIDAD\02_base_analitica\population_targets_summary.csv,D:\TRABAJO DE GRADO BEN-MAP\GITHUB\Analisis_sensibilidad\01_datos_procesados\poblacion\population_targets_summary.csv,COPIADO,
2026-04-28 22:42:34,D:\TRABAJO DE GRADO BEN-MAP\SALIDAS_BENMAP\benmap_incidence_2026.csv,D:\TRABAJO DE GRADO BEN-MAP\GITHUB\Analisis_sensibilidad\01_datos_procesados\incidencia\benmap_incidence_2026.csv,COPIADO,
2026-04-28 22:42:34,D:\TRABAJO DE GRADO BEN-MAP\SALIDAS_BENMAP\benmap_incidence_ready_only.csv,D:\TRABAJO DE GRADO BEN-MAP\GITHUB\Analisis_sensibilidad\01_datos_procesados\incidencia\benmap_incidence_ready_only.csv,COPIADO,
2026-04-28 22:42:34,D:\TRABAJO DE GRADO BEN-MAP\SALIDAS_BENMAP\benmap_NO2_baseline.csv,D:\TRABAJO DE GRADO BEN-MAP\GITHUB\Analisis_sensibilidad\01_datos_procesados\incidencia\benmap_NO2_baseline.csv,COPIADO,
2026-04-28 22:42:34,D:\TRABAJO DE GRADO BEN-MAP\SALIDAS_BENMAP\benmap_O3_baseline.csv,D:\TRABAJO DE GRADO BEN-MAP\GITHUB\Analisis_sensibilidad\01_datos_procesados\incidencia\benmap_O3_baseline.csv,COPIADO,
2026-04-28 22:42:34,D:\TRABAJO DE GRADO BEN-MAP\SALIDAS_BENMAP\benmap_PM25_baseline.csv,D:\TRABAJO DE GRADO BEN-MAP\GITHUB\Analisis_sensibilidad\01_datos_procesados\incidencia\benmap_PM25_baseline.csv,COPIADO,
2026-04-28 22:42:34,D:\TRABAJO DE GRADO BEN-MAP\SALIDAS_BENMAP\benmap_PM25_baseline_import_ready.csv,D:\TRABAJO DE GRADO BEN-MAP\GITHUB\Analisis_sensibilidad\01_datos_procesados\incidencia\benmap_PM25_baseline_import_ready.csv,COPIADO,
2026-04-28 22:42:34,D:\TRABAJO DE GRADO BEN-MAP\SALIDAS_BENMAP\benmap_PM25_baseline_import_ready_v2.csv,D:\TRABAJO DE GRADO BEN-MAP\GITHUB\Analisis_sensibilidad\01_datos_procesados\incidencia\benmap_PM25_baseline_import_ready_v2.csv,COPIADO,
2026-04-28 22:42:34,D:\TRABAJO DE GRADO BEN-MAP\SALIDAS_BENMAP\incidence_candidates_inventory.csv,D:\TRABAJO DE GRADO BEN-MAP\GITHUB\Analisis_sensibilidad\01_datos_procesados\incidencia\incidence_candidates_inventory.csv,COPIADO,
2026-04-28 22:42:34,D:\TRABAJO DE GRADO BEN-MAP\SALIDAS_SENSIBILIDAD\01_insumos\benmap\benmap_NO2_baseline.csv,D:\TRABAJO DE GRADO BEN-MAP\GITHUB\Analisis_sensibilidad\01_datos_procesados\incidencia\benmap_NO2_baseline_copy.csv,COPIADO,
2026-04-28 22:42:34,D:\TRABAJO DE GRADO BEN-MAP\SALIDAS_SENSIBILIDAD\01_insumos\benmap\benmap_O3_baseline.csv,D:\TRABAJO DE GRADO BEN-MAP\GITHUB\Analisis_sensibilidad\01_datos_procesados\incidencia\benmap_O3_baseline_copy.csv,COPIADO,
2026-04-28 22:42:34,D:\TRABAJO DE GRADO BEN-MAP\SALIDAS_SENSIBILIDAD\01_insumos\benmap\benmap_PM25_baseline.csv,D:\TRABAJO DE GRADO BEN-MAP\GITHUB\Analisis_sensibilidad\01_datos_procesados\incidencia\benmap_PM25_baseline_copy.csv,COPIADO,
2026-04-28 22:42:34,D:\TRABAJO DE GRADO BEN-MAP\SALIDAS_SENSIBILIDAD\01_insumos\incidencia\benmap_incidence_2026.csv,D:\TRABAJO DE GRADO BEN-MAP\GITHUB\Analisis_sensibilidad\01_datos_procesados\incidencia\benmap_incidence_2026_copy.csv,COPIADO,
2026-04-28 22:42:34,D:\TRABAJO DE GRADO BEN-MAP\SALIDAS_SENSIBILIDAD\01_insumos\incidencia\benmap_incidence_ready_only.csv,D:\TRABAJO DE GRADO BEN-MAP\GITHUB\Analisis_sensibilidad\01_datos_procesados\incidencia\benmap_incidence_ready_only_copy.csv,COPIADO,
2026-04-28 22:42:34,D:\TRABAJO DE GRADO BEN-MAP\SALIDAS_SENSIBILIDAD\02_base_analitica\incidence_targets_by_run.csv,D:\TRABAJO DE GRADO BEN-MAP\GITHUB\Analisis_sensibilidad\01_datos_procesados\incidencia\incidence_targets_by_run.csv,COPIADO,
2026-04-28 22:42:34,D:\TRABAJO DE GRADO BEN-MAP\SALIDAS_SENSIBILIDAD\02_base_analitica\incidence_targets_summary.csv,D:\TRABAJO DE GRADO BEN-MAP\GITHUB\Analisis_sensibilidad\01_datos_procesados\incidencia\incidence_targets_summary.csv,COPIADO,
2026-04-28 22:42:35,D:\TRABAJO DE GRADO BEN-MAP\SALIDAS_BENMAP\benmap_health_impact_functions.csv,D:\TRABAJO DE GRADO BEN-MAP\GITHUB\Analisis_sensibilidad\01_datos_procesados\funciones_cr\benmap_health_impact_functions.csv,COPIADO,
2026-04-28 22:42:35,D:\TRABAJO DE GRADO BEN-MAP\SALIDAS_BENMAP\benmap_health_impact_functions_candidate_final.csv,D:\TRABAJO DE GRADO BEN-MAP\GITHUB\Analisis_sensibilidad\01_datos_procesados\funciones_cr\benmap_health_impact_functions_candidate_final.csv,COPIADO,
2026-04-28 22:42:35,D:\TRABAJO DE GRADO BEN-MAP\SALIDAS_BENMAP\benmap_health_impact_functions_candidate_final_working.csv,D:\TRABAJO DE GRADO BEN-MAP\GITHUB\Analisis_sensibilidad\01_datos_procesados\funciones_cr\benmap_health_impact_functions_candidate_final_working.csv,COPIADO,
2026-04-28 22:42:35,D:\TRABAJO DE GRADO BEN-MAP\SALIDAS_BENMAP\benmap_health_impact_functions_import_full.csv,D:\TRABAJO DE GRADO BEN-MAP\GITHUB\Analisis_sensibilidad\01_datos_procesados\funciones_cr\benmap_health_impact_functions_import_full.csv,COPIADO,
2026-04-28 22:42:35,D:\TRABAJO DE GRADO BEN-MAP\SALIDAS_BENMAP\benmap_health_impact_functions_import_full_v2.csv,D:\TRABAJO DE GRADO BEN-MAP\GITHUB\Analisis_sensibilidad\01_datos_procesados\funciones_cr\benmap_health_impact_functions_import_full_v2.csv,COPIADO,
2026-04-28 22:42:35,D:\TRABAJO DE GRADO BEN-MAP\SALIDAS_BENMAP\benmap_health_impact_functions_import_full_v3.csv,D:\TRABAJO DE GRADO BEN-MAP\GITHUB\Analisis_sensibilidad\01_datos_procesados\funciones_cr\benmap_health_impact_functions_import_full_v3.csv,COPIADO,
2026-04-28 22:42:35,D:\TRABAJO DE GRADO BEN-MAP\SALIDAS_BENMAP\benmap_health_impact_functions_import_full_v4.csv,D:\TRABAJO DE GRADO BEN-MAP\GITHUB\Analisis_sensibilidad\01_datos_procesados\funciones_cr\benmap_health_impact_functions_import_full_v4.csv,COPIADO,
2026-04-28 22:42:35,D:\TRABAJO DE GRADO BEN-MAP\SALIDAS_BENMAP\benmap_health_impact_functions_min_pm25.csv,D:\TRABAJO DE GRADO BEN-MAP\GITHUB\Analisis_sensibilidad\01_datos_procesados\funciones_cr\benmap_health_impact_functions_min_pm25.csv,COPIADO,
2026-04-28 22:42:35,D:\TRABAJO DE GRADO BEN-MAP\SALIDAS_BENMAP\benmap_health_impact_functions_min_pm25_v2.csv,D:\TRABAJO DE GRADO BEN-MAP\GITHUB\Analisis_sensibilidad\01_datos_procesados\funciones_cr\benmap_health_impact_functions_min_pm25_v2.csv,COPIADO,
2026-04-28 22:42:35,D:\TRABAJO DE GRADO BEN-MAP\SALIDAS_BENMAP\benmap_health_impact_functions_min_pm25_v3.csv,D:\TRABAJO DE GRADO BEN-MAP\GITHUB\Analisis_sensibilidad\01_datos_procesados\funciones_cr\benmap_health_impact_functions_min_pm25_v3.csv,COPIADO,
2026-04-28 22:42:35,D:\TRABAJO DE GRADO BEN-MAP\SALIDAS_BENMAP\benmap_health_impact_functions_min_pm25_v4.csv,D:\TRABAJO DE GRADO BEN-MAP\GITHUB\Analisis_sensibilidad\01_datos_procesados\funciones_cr\benmap_health_impact_functions_min_pm25_v4.csv,COPIADO,
2026-04-28 22:42:35,D:\TRABAJO DE GRADO BEN-MAP\SALIDAS_BENMAP\benmap_health_impact_functions_ready_only.csv,D:\TRABAJO DE GRADO BEN-MAP\GITHUB\Analisis_sensibilidad\01_datos_procesados\funciones_cr\benmap_health_impact_functions_ready_only.csv,COPIADO,
2026-04-28 22:42:35,D:\TRABAJO DE GRADO BEN-MAP\SALIDAS_BENMAP\benmap_health_impact_functions_ready_only_working.csv,D:\TRABAJO DE GRADO BEN-MAP\GITHUB\Analisis_sensibilidad\01_datos_procesados\funciones_cr\benmap_health_impact_functions_ready_only_working.csv,COPIADO,
2026-04-28 22:42:35,D:\TRABAJO DE GRADO BEN-MAP\SALIDAS_BENMAP\benmap_health_impact_functions_working.csv,D:\TRABAJO DE GRADO BEN-MAP\GITHUB\Analisis_sensibilidad\01_datos_procesados\funciones_cr\benmap_health_impact_functions_working.csv,COPIADO,
2026-04-28 22:42:35,D:\TRABAJO DE GRADO BEN-MAP\SALIDAS_SENSIBILIDAD\01_insumos\benmap\benmap_health_impact_functions_import_full.csv,D:\TRABAJO DE GRADO BEN-MAP\GITHUB\Analisis_sensibilidad\01_datos_procesados\funciones_cr\benmap_health_impact_functions_import_full_copy.csv,COPIADO,
2026-04-28 22:42:35,D:\TRABAJO DE GRADO BEN-MAP\SALIDAS_SENSIBILIDAD\01_insumos\benmap\benmap_health_impact_functions_import_full_v2.csv,D:\TRABAJO DE GRADO BEN-MAP\GITHUB\Analisis_sensibilidad\01_datos_procesados\funciones_cr\benmap_health_impact_functions_import_full_v2_copy.csv,COPIADO,
2026-04-28 22:42:35,D:\TRABAJO DE GRADO BEN-MAP\SALIDAS_SENSIBILIDAD\01_insumos\benmap\benmap_health_impact_functions_import_full_v3.csv,D:\TRABAJO DE GRADO BEN-MAP\GITHUB\Analisis_sensibilidad\01_datos_procesados\funciones_cr\benmap_health_impact_functions_import_full_v3_copy.csv,COPIADO,
2026-04-28 22:42:35,D:\TRABAJO DE GRADO BEN-MAP\SALIDAS_SENSIBILIDAD\01_insumos\benmap\benmap_health_impact_functions_import_full_v4.csv,D:\TRABAJO DE GRADO BEN-MAP\GITHUB\Analisis_sensibilidad\01_datos_procesados\funciones_cr\benmap_health_impact_functions_import_full_v4_copy.csv,COPIADO,
2026-04-28 22:42:35,D:\TRABAJO DE GRADO BEN-MAP\SALIDAS_SENSIBILIDAD\01_insumos\benmap\benmap_health_impact_functions_ready_only.csv,D:\TRABAJO DE GRADO BEN-MAP\GITHUB\Analisis_sensibilidad\01_datos_procesados\funciones_cr\benmap_health_impact_functions_ready_only_copy.csv,COPIADO,
2026-04-28 22:42:35,D:\TRABAJO DE GRADO BEN-MAP\SALIDAS_SENSIBILIDAD\01_insumos\benmap\benmap_health_impact_functions_ready_only_working.csv,D:\TRABAJO DE GRADO BEN-MAP\GITHUB\Analisis_sensibilidad\01_datos_procesados\funciones_cr\benmap_health_impact_functions_ready_only_working_copy.csv,COPIADO,
2026-04-28 22:42:35,D:\TRABAJO DE GRADO BEN-MAP\SALIDAS_SENSIBILIDAD\01_insumos\benmap\benmap_health_impact_functions_working.csv,D:\TRABAJO DE GRADO BEN-MAP\GITHUB\Analisis_sensibilidad\01_datos_procesados\funciones_cr\benmap_health_impact_functions_working_copy.csv,COPIADO,
2026-04-28 22:42:35,D:\TRABAJO DE GRADO BEN-MAP\SALIDAS_SENSIBILIDAD\04_sensibilidad\funcion_cr\inventario_funciones_cr.csv,D:\TRABAJO DE GRADO BEN-MAP\GITHUB\Analisis_sensibilidad\01_datos_procesados\funciones_cr\inventario_funciones_cr.csv,COPIADO,
2026-04-28 22:42:35,D:\TRABAJO DE GRADO BEN-MAP\SALIDAS_SENSIBILIDAD\04_sensibilidad\funcion_cr\inventario_funciones_cr_preview.csv,D:\TRABAJO DE GRADO BEN-MAP\GITHUB\Analisis_sensibilidad\01_datos_procesados\funciones_cr\inventario_funciones_cr_preview.csv,COPIADO,
2026-04-28 22:42:37,D:\TRABAJO DE GRADO BEN-MAP\.venv\Lib\site-packages\sklearn\naive_bayes.py,D:\TRABAJO DE GRADO BEN-MAP\GITHUB\Analisis_sensibilidad\02_codigo\02_hbm\naive_bayes.py,COPIADO,
2026-04-28 22:42:37,D:\TRABAJO DE GRADO BEN-MAP\.venv\Lib\site-packages\sklearn\cluster\tests\test_hierarchical.py,D:\TRABAJO DE GRADO BEN-MAP\GITHUB\Analisis_sensibilidad\02_codigo\02_hbm\test_hierarchical.py,COPIADO,
2026-04-28 22:42:37,D:\TRABAJO DE GRADO BEN-MAP\.venv\Lib\site-packages\sklearn\linear_model\_bayes.py,D:\TRABAJO DE GRADO BEN-MAP\GITHUB\Analisis_sensibilidad\02_codigo\02_hbm\_bayes.py,COPIADO,
2026-04-28 22:42:37,D:\TRABAJO DE GRADO BEN-MAP\.venv\Lib\site-packages\sklearn\linear_model\tests\test_bayes.py,D:\TRABAJO DE GRADO BEN-MAP\GITHUB\Analisis_sensibilidad\02_codigo\02_hbm\test_bayes.py,COPIADO,
2026-04-28 22:42:37,D:\TRABAJO DE GRADO BEN-MAP\.venv\Lib\site-packages\sklearn\mixture\_bayesian_mixture.py,D:\TRABAJO DE GRADO BEN-MAP\GITHUB\Analisis_sensibilidad\02_codigo\02_hbm\_bayesian_mixture.py,COPIADO,
2026-04-28 22:42:37,D:\TRABAJO DE GRADO BEN-MAP\.venv\Lib\site-packages\sklearn\mixture\tests\test_bayesian_mixture.py,D:\TRABAJO DE GRADO BEN-MAP\GITHUB\Analisis_sensibilidad\02_codigo\02_hbm\test_bayesian_mixture.py,COPIADO,
2026-04-28 22:42:37,D:\TRABAJO DE GRADO BEN-MAP\.venv\Lib\site-packages\sklearn\tests\test_naive_bayes.py,D:\TRABAJO DE GRADO BEN-MAP\GITHUB\Analisis_sensibilidad\02_codigo\02_hbm\test_naive_bayes.py,COPIADO,
2026-04-28 22:42:37,D:\TRABAJO DE GRADO BEN-MAP\CODIGO\HBM.ipynb,D:\TRABAJO DE GRADO BEN-MAP\GITHUB\Analisis_sensibilidad\02_codigo\02_hbm\HBM.ipynb,COPIADO,
2026-04-28 22:42:37,D:\TRABAJO DE GRADO BEN-MAP\CODIGO\HBM_V2_O3.ipynb,D:\TRABAJO DE GRADO BEN-MAP\GITHUB\Analisis_sensibilidad\02_codigo\02_hbm\HBM_V2_O3.ipynb,COPIADO,
2026-04-28 22:42:37,D:\TRABAJO DE GRADO BEN-MAP\CODIGO\CODIGO USADO\correcion_hbm_O3.ipynb,D:\TRABAJO DE GRADO BEN-MAP\GITHUB\Analisis_sensibilidad\02_codigo\02_hbm\correcion_hbm_O3.ipynb,COPIADO,
2026-04-28 22:42:37,D:\TRABAJO DE GRADO BEN-MAP\CODIGO\CODIGO USADO\HBM_V2.ipynb,D:\TRABAJO DE GRADO BEN-MAP\GITHUB\Analisis_sensibilidad\02_codigo\02_hbm\HBM_V2.ipynb,COPIADO,
2026-04-28 22:42:37,D:\TRABAJO DE GRADO BEN-MAP\CODIGO\CODIGO USADO\HBM_V2_NO.ipynb,D:\TRABAJO DE GRADO BEN-MAP\GITHUB\Analisis_sensibilidad\02_codigo\02_hbm\HBM_V2_NO.ipynb,COPIADO,
2026-04-28 22:42:37,D:\TRABAJO DE GRADO BEN-MAP\GITHUB\Analisis_sensibilidad\02_codigo\02_hbm\correcion_hbm_O3.ipynb,D:\TRABAJO DE GRADO BEN-MAP\GITHUB\Analisis_sensibilidad\02_codigo\02_hbm\correcion_hbm_O3_copy.ipynb,COPIADO,
2026-04-28 22:42:37,D:\TRABAJO DE GRADO BEN-MAP\GITHUB\Analisis_sensibilidad\02_codigo\02_hbm\HBM.ipynb,D:\TRABAJO DE GRADO BEN-MAP\GITHUB\Analisis_sensibilidad\02_codigo\02_hbm\HBM_copy.ipynb,COPIADO,
2026-04-28 22:42:37,D:\TRABAJO DE GRADO BEN-MAP\GITHUB\Analisis_sensibilidad\02_codigo\02_hbm\HBM_V2.ipynb,D:\TRABAJO DE GRADO BEN-MAP\GITHUB\Analisis_sensibilidad\02_codigo\02_hbm\HBM_V2_copy.ipynb,COPIADO,
2026-04-28 22:42:37,D:\TRABAJO DE GRADO BEN-MAP\GITHUB\Analisis_sensibilidad\02_codigo\02_hbm\HBM_V2_NO.ipynb,D:\TRABAJO DE GRADO BEN-MAP\GITHUB\Analisis_sensibilidad\02_codigo\02_hbm\HBM_V2_NO_copy.ipynb,COPIADO,
2026-04-28 22:42:37,D:\TRABAJO DE GRADO BEN-MAP\GITHUB\Analisis_sensibilidad\02_codigo\02_hbm\HBM_V2_O3.ipynb,D:\TRABAJO DE GRADO BEN-MAP\GITHUB\Analisis_sensibilidad\02_codigo\02_hbm\HBM_V2_O3_copy.ipynb,COPIADO,
2026-04-28 22:42:37,D:\TRABAJO DE GRADO BEN-MAP\GITHUB\Analisis_sensibilidad\02_codigo\02_hbm\naive_bayes.py,D:\TRABAJO DE GRADO BEN-MAP\GITHUB\Analisis_sensibilidad\02_codigo\02_hbm\naive_bayes_copy.py,COPIADO,
2026-04-28 22:42:37,D:\TRABAJO DE GRADO BEN-MAP\GITHUB\Analisis_sensibilidad\02_codigo\02_hbm\test_bayes.py,D:\TRABAJO DE GRADO BEN-MAP\GITHUB\Analisis_sensibilidad\02_codigo\02_hbm\test_bayes_copy.py,COPIADO,
2026-04-28 22:42:37,D:\TRABAJO DE GRADO BEN-MAP\GITHUB\Analisis_sensibilidad\02_codigo\02_hbm\test_bayesian_mixture.py,D:\TRABAJO DE GRADO BEN-MAP\GITHUB\Analisis_sensibilidad\02_codigo\02_hbm\test_bayesian_mixture_copy.py,COPIADO,
2026-04-28 22:42:37,D:\TRABAJO DE GRADO BEN-MAP\GITHUB\Analisis_sensibilidad\02_codigo\02_hbm\test_hierarchical.py,D:\TRABAJO DE GRADO BEN-MAP\GITHUB\Analisis_sensibilidad\02_codigo\02_hbm\test_hierarchical_copy.py,COPIADO,
2026-04-28 22:42:37,D:\TRABAJO DE GRADO BEN-MAP\GITHUB\Analisis_sensibilidad\02_codigo\02_hbm\test_naive_bayes.py,D:\TRABAJO DE GRADO BEN-MAP\GITHUB\Analisis_sensibilidad\02_codigo\02_hbm\test_naive_bayes_copy.py,COPIADO,
2026-04-28 22:42:37,D:\TRABAJO DE GRADO BEN-MAP\GITHUB\Analisis_sensibilidad\02_codigo\02_hbm\_bayes.py,D:\TRABAJO DE GRADO BEN-MAP\GITHUB\Analisis_sensibilidad\02_codigo\02_hbm\_bayes_copy.py,COPIADO,
2026-04-28 22:42:37,D:\TRABAJO DE GRADO BEN-MAP\GITHUB\Analisis_sensibilidad\02_codigo\02_hbm\_bayesian_mixture.py,D:\TRABAJO DE GRADO BEN-MAP\GITHUB\Analisis_sensibilidad\02_codigo\02_hbm\_bayesian_mixture_copy.py,COPIADO,
2026-04-28 22:42:37,D:\TRABAJO DE GRADO BEN-MAP\RESULTADOS_FINALES\06_trazabilidad_archivos\00_codigo_usado\HBM.ipynb,D:\TRABAJO DE GRADO BEN-MAP\GITHUB\Analisis_sensibilidad\02_codigo\02_hbm\HBM_copy.ipynb,COPIADO,
2026-04-28 22:42:38,D:\TRABAJO DE GRADO BEN-MAP\CODIGO\Inputs_benmap.ipynb,D:\TRABAJO DE GRADO BEN-MAP\GITHUB\Analisis_sensibilidad\02_codigo\03_modulo_sanitario_economico\Inputs_benmap.ipynb,COPIADO,
2026-04-28 22:42:38,D:\TRABAJO DE GRADO BEN-MAP\GITHUB\Analisis_sensibilidad\02_codigo\03_modulo_sanitario_economico\Inputs_benmap.ipynb,D:\TRABAJO DE GRADO BEN-MAP\GITHUB\Analisis_sensibilidad\02_codigo\03_modulo_sanitario_economico\Inputs_benmap_copy.ipynb,COPIADO,
2026-04-28 22:42:38,D:\TRABAJO DE GRADO BEN-MAP\RESULTADOS_FINALES\06_trazabilidad_archivos\00_codigo_usado\Inputs_benmap.ipynb,D:\TRABAJO DE GRADO BEN-MAP\GITHUB\Analisis_sensibilidad\02_codigo\03_modulo_sanitario_economico\Inputs_benmap_copy.ipynb,COPIADO,
2026-04-28 22:42:39,D:\TRABAJO DE GRADO BEN-MAP\.venv\Lib\site-packages\scipy\stats\_sensitivity_analysis.py,D:\TRABAJO DE GRADO BEN-MAP\GITHUB\Analisis_sensibilidad\02_codigo\04_sensibilidad\_sensitivity_analysis.py,COPIADO,
2026-04-28 22:42:39,D:\TRABAJO DE GRADO BEN-MAP\.venv\Lib\site-packages\scipy\stats\tests\test_sensitivity_analysis.py,D:\TRABAJO DE GRADO BEN-MAP\GITHUB\Analisis_sensibilidad\02_codigo\04_sensibilidad\test_sensitivity_analysis.py,COPIADO,
2026-04-28 22:42:39,D:\TRABAJO DE GRADO BEN-MAP\CODIGO\sensibilidad.ipynb,D:\TRABAJO DE GRADO BEN-MAP\GITHUB\Analisis_sensibilidad\02_codigo\04_sensibilidad\sensibilidad.ipynb,COPIADO,
2026-04-28 22:42:39,D:\TRABAJO DE GRADO BEN-MAP\GITHUB\Analisis_sensibilidad\02_codigo\02_hbm\correcion_hbm_O3.ipynb,D:\TRABAJO DE GRADO BEN-MAP\GITHUB\Analisis_sensibilidad\02_codigo\04_sensibilidad\correcion_hbm_O3.ipynb,COPIADO,
2026-04-28 22:42:39,D:\TRABAJO DE GRADO BEN-MAP\GITHUB\Analisis_sensibilidad\02_codigo\02_hbm\correcion_hbm_O3_copy.ipynb,D:\TRABAJO DE GRADO BEN-MAP\GITHUB\Analisis_sensibilidad\02_codigo\04_sensibilidad\correcion_hbm_O3_copy.ipynb,COPIADO,
2026-04-28 22:42:39,D:\TRABAJO DE GRADO BEN-MAP\GITHUB\Analisis_sensibilidad\02_codigo\02_hbm\HBM.ipynb,D:\TRABAJO DE GRADO BEN-MAP\GITHUB\Analisis_sensibilidad\02_codigo\04_sensibilidad\HBM.ipynb,COPIADO,
2026-04-28 22:42:39,D:\TRABAJO DE GRADO BEN-MAP\GITHUB\Analisis_sensibilidad\02_codigo\02_hbm\HBM_copy.ipynb,D:\TRABAJO DE GRADO BEN-MAP\GITHUB\Analisis_sensibilidad\02_codigo\04_sensibilidad\HBM_copy.ipynb,COPIADO,
2026-04-28 22:42:39,D:\TRABAJO DE GRADO BEN-MAP\GITHUB\Analisis_sensibilidad\02_codigo\02_hbm\HBM_V2.ipynb,D:\TRABAJO DE GRADO BEN-MAP\GITHUB\Analisis_sensibilidad\02_codigo\04_sensibilidad\HBM_V2.ipynb,COPIADO,
2026-04-28 22:42:39,D:\TRABAJO DE GRADO BEN-MAP\GITHUB\Analisis_sensibilidad\02_codigo\02_hbm\HBM_V2_copy.ipynb,D:\TRABAJO DE GRADO BEN-MAP\GITHUB\Analisis_sensibilidad\02_codigo\04_sensibilidad\HBM_V2_copy.ipynb,COPIADO,
2026-04-28 22:42:39,D:\TRABAJO DE GRADO BEN-MAP\GITHUB\Analisis_sensibilidad\02_codigo\02_hbm\HBM_V2_NO.ipynb,D:\TRABAJO DE GRADO BEN-MAP\GITHUB\Analisis_sensibilidad\02_codigo\04_sensibilidad\HBM_V2_NO.ipynb,COPIADO,
2026-04-28 22:42:39,D:\TRABAJO DE GRADO BEN-MAP\GITHUB\Analisis_sensibilidad\02_codigo\02_hbm\HBM_V2_NO_copy.ipynb,D:\TRABAJO DE GRADO BEN-MAP\GITHUB\Analisis_sensibilidad\02_codigo\04_sensibilidad\HBM_V2_NO_copy.ipynb,COPIADO,
2026-04-28 22:42:39,D:\TRABAJO DE GRADO BEN-MAP\GITHUB\Analisis_sensibilidad\02_codigo\02_hbm\HBM_V2_O3.ipynb,D:\TRABAJO DE GRADO BEN-MAP\GITHUB\Analisis_sensibilidad\02_codigo\04_sensibilidad\HBM_V2_O3.ipynb,COPIADO,
2026-04-28 22:42:39,D:\TRABAJO DE GRADO BEN-MAP\GITHUB\Analisis_sensibilidad\02_codigo\02_hbm\HBM_V2_O3_copy.ipynb,D:\TRABAJO DE GRADO BEN-MAP\GITHUB\Analisis_sensibilidad\02_codigo\04_sensibilidad\HBM_V2_O3_copy.ipynb,COPIADO,
2026-04-28 22:42:39,D:\TRABAJO DE GRADO BEN-MAP\GITHUB\Analisis_sensibilidad\02_codigo\02_hbm\naive_bayes.py,D:\TRABAJO DE GRADO BEN-MAP\GITHUB\Analisis_sensibilidad\02_codigo\04_sensibilidad\naive_bayes.py,COPIADO,
2026-04-28 22:42:39,D:\TRABAJO DE GRADO BEN-MAP\GITHUB\Analisis_sensibilidad\02_codigo\02_hbm\naive_bayes_copy.py,D:\TRABAJO DE GRADO BEN-MAP\GITHUB\Analisis_sensibilidad\02_codigo\04_sensibilidad\naive_bayes_copy.py,COPIADO,
2026-04-28 22:42:39,D:\TRABAJO DE GRADO BEN-MAP\GITHUB\Analisis_sensibilidad\02_codigo\02_hbm\test_bayes.py,D:\TRABAJO DE GRADO BEN-MAP\GITHUB\Analisis_sensibilidad\02_codigo\04_sensibilidad\test_bayes.py,COPIADO,
2026-04-28 22:42:39,D:\TRABAJO DE GRADO BEN-MAP\GITHUB\Analisis_sensibilidad\02_codigo\02_hbm\test_bayesian_mixture.py,D:\TRABAJO DE GRADO BEN-MAP\GITHUB\Analisis_sensibilidad\02_codigo\04_sensibilidad\test_bayesian_mixture.py,COPIADO,
2026-04-28 22:42:39,D:\TRABAJO DE GRADO BEN-MAP\GITHUB\Analisis_sensibilidad\02_codigo\02_hbm\test_bayesian_mixture_copy.py,D:\TRABAJO DE GRADO BEN-MAP\GITHUB\Analisis_sensibilidad\02_codigo\04_sensibilidad\test_bayesian_mixture_copy.py,COPIADO,
2026-04-28 22:42:39,D:\TRABAJO DE GRADO BEN-MAP\GITHUB\Analisis_sensibilidad\02_codigo\02_hbm\test_bayes_copy.py,D:\TRABAJO DE GRADO BEN-MAP\GITHUB\Analisis_sensibilidad\02_codigo\04_sensibilidad\test_bayes_copy.py,COPIADO,
2026-04-28 22:42:39,D:\TRABAJO DE GRADO BEN-MAP\GITHUB\Analisis_sensibilidad\02_codigo\02_hbm\test_hierarchical.py,D:\TRABAJO DE GRADO BEN-MAP\GITHUB\Analisis_sensibilidad\02_codigo\04_sensibilidad\test_hierarchical.py,COPIADO,
2026-04-28 22:42:39,D:\TRABAJO DE GRADO BEN-MAP\GITHUB\Analisis_sensibilidad\02_codigo\02_hbm\test_hierarchical_copy.py,D:\TRABAJO DE GRADO BEN-MAP\GITHUB\Analisis_sensibilidad\02_codigo\04_sensibilidad\test_hierarchical_copy.py,COPIADO,
2026-04-28 22:42:39,D:\TRABAJO DE GRADO BEN-MAP\GITHUB\Analisis_sensibilidad\02_codigo\02_hbm\test_naive_bayes.py,D:\TRABAJO DE GRADO BEN-MAP\GITHUB\Analisis_sensibilidad\02_codigo\04_sensibilidad\test_naive_bayes.py,COPIADO,
2026-04-28 22:42:39,D:\TRABAJO DE GRADO BEN-MAP\GITHUB\Analisis_sensibilidad\02_codigo\02_hbm\test_naive_bayes_copy.py,D:\TRABAJO DE GRADO BEN-MAP\GITHUB\Analisis_sensibilidad\02_codigo\04_sensibilidad\test_naive_bayes_copy.py,COPIADO,
2026-04-28 22:42:39,D:\TRABAJO DE GRADO BEN-MAP\GITHUB\Analisis_sensibilidad\02_codigo\02_hbm\_bayes.py,D:\TRABAJO DE GRADO BEN-MAP\GITHUB\Analisis_sensibilidad\02_codigo\04_sensibilidad\_bayes.py,COPIADO,
2026-04-28 22:42:39,D:\TRABAJO DE GRADO BEN-MAP\GITHUB\Analisis_sensibilidad\02_codigo\02_hbm\_bayesian_mixture.py,D:\TRABAJO DE GRADO BEN-MAP\GITHUB\Analisis_sensibilidad\02_codigo\04_sensibilidad\_bayesian_mixture.py,COPIADO,
2026-04-28 22:42:39,D:\TRABAJO DE GRADO BEN-MAP\GITHUB\Analisis_sensibilidad\02_codigo\02_hbm\_bayesian_mixture_copy.py,D:\TRABAJO DE GRADO BEN-MAP\GITHUB\Analisis_sensibilidad\02_codigo\04_sensibilidad\_bayesian_mixture_copy.py,COPIADO,
2026-04-28 22:42:39,D:\TRABAJO DE GRADO BEN-MAP\GITHUB\Analisis_sensibilidad\02_codigo\02_hbm\_bayes_copy.py,D:\TRABAJO DE GRADO BEN-MAP\GITHUB\Analisis_sensibilidad\02_codigo\04_sensibilidad\_bayes_copy.py,COPIADO,
2026-04-28 22:42:39,D:\TRABAJO DE GRADO BEN-MAP\GITHUB\Analisis_sensibilidad\02_codigo\03_modulo_sanitario_economico\Inputs_benmap.ipynb,D:\TRABAJO DE GRADO BEN-MAP\GITHUB\Analisis_sensibilidad\02_codigo\04_sensibilidad\Inputs_benmap.ipynb,COPIADO,
2026-04-28 22:42:39,D:\TRABAJO DE GRADO BEN-MAP\GITHUB\Analisis_sensibilidad\02_codigo\03_modulo_sanitario_economico\Inputs_benmap_copy.ipynb,D:\TRABAJO DE GRADO BEN-MAP\GITHUB\Analisis_sensibilidad\02_codigo\04_sensibilidad\Inputs_benmap_copy.ipynb,COPIADO,
2026-04-28 22:42:39,D:\TRABAJO DE GRADO BEN-MAP\GITHUB\Analisis_sensibilidad\02_codigo\04_sensibilidad\correcion_hbm_O3.ipynb,D:\TRABAJO DE GRADO BEN-MAP\GITHUB\Analisis_sensibilidad\02_codigo\04_sensibilidad\correcion_hbm_O3_copy.ipynb,COPIADO,
2026-04-28 22:42:39,D:\TRABAJO DE GRADO BEN-MAP\GITHUB\Analisis_sensibilidad\02_codigo\04_sensibilidad\correcion_hbm_O3_copy.ipynb,D:\TRABAJO DE GRADO BEN-MAP\GITHUB\Analisis_sensibilidad\02_codigo\04_sensibilidad\correcion_hbm_O3_copy_copy.ipynb,COPIADO,
2026-04-28 22:42:39,D:\TRABAJO DE GRADO BEN-MAP\GITHUB\Analisis_sensibilidad\02_codigo\04_sensibilidad\HBM.ipynb,D:\TRABAJO DE GRADO BEN-MAP\GITHUB\Analisis_sensibilidad\02_codigo\04_sensibilidad\HBM_copy.ipynb,COPIADO,
2026-04-28 22:42:39,D:\TRABAJO DE GRADO BEN-MAP\GITHUB\Analisis_sensibilidad\02_codigo\04_sensibilidad\HBM_copy.ipynb,D:\TRABAJO DE GRADO BEN-MAP\GITHUB\Analisis_sensibilidad\02_codigo\04_sensibilidad\HBM_copy_copy.ipynb,COPIADO,
2026-04-28 22:42:40,D:\TRABAJO DE GRADO BEN-MAP\GITHUB\Analisis_sensibilidad\02_codigo\04_sensibilidad\HBM_V2.ipynb,D:\TRABAJO DE GRADO BEN-MAP\GITHUB\Analisis_sensibilidad\02_codigo\04_sensibilidad\HBM_V2_copy.ipynb,COPIADO,
2026-04-28 22:42:40,D:\TRABAJO DE GRADO BEN-MAP\GITHUB\Analisis_sensibilidad\02_codigo\04_sensibilidad\HBM_V2_copy.ipynb,D:\TRABAJO DE GRADO BEN-MAP\GITHUB\Analisis_sensibilidad\02_codigo\04_sensibilidad\HBM_V2_copy_copy.ipynb,COPIADO,
2026-04-28 22:42:40,D:\TRABAJO DE GRADO BEN-MAP\GITHUB\Analisis_sensibilidad\02_codigo\04_sensibilidad\HBM_V2_NO.ipynb,D:\TRABAJO DE GRADO BEN-MAP\GITHUB\Analisis_sensibilidad\02_codigo\04_sensibilidad\HBM_V2_NO_copy.ipynb,COPIADO,
2026-04-28 22:42:40,D:\TRABAJO DE GRADO BEN-MAP\GITHUB\Analisis_sensibilidad\02_codigo\04_sensibilidad\HBM_V2_NO_copy.ipynb,D:\TRABAJO DE GRADO BEN-MAP\GITHUB\Analisis_sensibilidad\02_codigo\04_sensibilidad\HBM_V2_NO_copy_copy.ipynb,COPIADO,
2026-04-28 22:42:40,D:\TRABAJO DE GRADO BEN-MAP\GITHUB\Analisis_sensibilidad\02_codigo\04_sensibilidad\HBM_V2_O3.ipynb,D:\TRABAJO DE GRADO BEN-MAP\GITHUB\Analisis_sensibilidad\02_codigo\04_sensibilidad\HBM_V2_O3_copy.ipynb,COPIADO,
2026-04-28 22:42:40,D:\TRABAJO DE GRADO BEN-MAP\GITHUB\Analisis_sensibilidad\02_codigo\04_sensibilidad\HBM_V2_O3_copy.ipynb,D:\TRABAJO DE GRADO BEN-MAP\GITHUB\Analisis_sensibilidad\02_codigo\04_sensibilidad\HBM_V2_O3_copy_copy.ipynb,COPIADO,
2026-04-28 22:42:40,D:\TRABAJO DE GRADO BEN-MAP\GITHUB\Analisis_sensibilidad\02_codigo\04_sensibilidad\Inputs_benmap.ipynb,D:\TRABAJO DE GRADO BEN-MAP\GITHUB\Analisis_sensibilidad\02_codigo\04_sensibilidad\Inputs_benmap_copy.ipynb,COPIADO,
2026-04-28 22:42:40,D:\TRABAJO DE GRADO BEN-MAP\GITHUB\Analisis_sensibilidad\02_codigo\04_sensibilidad\Inputs_benmap_copy.ipynb,D:\TRABAJO DE GRADO BEN-MAP\GITHUB\Analisis_sensibilidad\02_codigo\04_sensibilidad\Inputs_benmap_copy_copy.ipynb,COPIADO,
2026-04-28 22:42:40,D:\TRABAJO DE GRADO BEN-MAP\GITHUB\Analisis_sensibilidad\02_codigo\04_sensibilidad\naive_bayes.py,D:\TRABAJO DE GRADO BEN-MAP\GITHUB\Analisis_sensibilidad\02_codigo\04_sensibilidad\naive_bayes_copy.py,COPIADO,
2026-04-28 22:42:40,D:\TRABAJO DE GRADO BEN-MAP\GITHUB\Analisis_sensibilidad\02_codigo\04_sensibilidad\naive_bayes_copy.py,D:\TRABAJO DE GRADO BEN-MAP\GITHUB\Analisis_sensibilidad\02_codigo\04_sensibilidad\naive_bayes_copy_copy.py,COPIADO,
2026-04-28 22:42:40,D:\TRABAJO DE GRADO BEN-MAP\GITHUB\Analisis_sensibilidad\02_codigo\04_sensibilidad\sensibilidad.ipynb,D:\TRABAJO DE GRADO BEN-MAP\GITHUB\Analisis_sensibilidad\02_codigo\04_sensibilidad\sensibilidad_copy.ipynb,COPIADO,
2026-04-28 22:42:40,D:\TRABAJO DE GRADO BEN-MAP\GITHUB\Analisis_sensibilidad\02_codigo\04_sensibilidad\test_bayes.py,D:\TRABAJO DE GRADO BEN-MAP\GITHUB\Analisis_sensibilidad\02_codigo\04_sensibilidad\test_bayes_copy.py,COPIADO,
2026-04-28 22:42:40,D:\TRABAJO DE GRADO BEN-MAP\GITHUB\Analisis_sensibilidad\02_codigo\04_sensibilidad\test_bayesian_mixture.py,D:\TRABAJO DE GRADO BEN-MAP\GITHUB\Analisis_sensibilidad\02_codigo\04_sensibilidad\test_bayesian_mixture_copy.py,COPIADO,
2026-04-28 22:42:40,D:\TRABAJO DE GRADO BEN-MAP\GITHUB\Analisis_sensibilidad\02_codigo\04_sensibilidad\test_bayesian_mixture_copy.py,D:\TRABAJO DE GRADO BEN-MAP\GITHUB\Analisis_sensibilidad\02_codigo\04_sensibilidad\test_bayesian_mixture_copy_copy.py,COPIADO,
2026-04-28 22:42:40,D:\TRABAJO DE GRADO BEN-MAP\GITHUB\Analisis_sensibilidad\02_codigo\04_sensibilidad\test_bayes_copy.py,D:\TRABAJO DE GRADO BEN-MAP\GITHUB\Analisis_sensibilidad\02_codigo\04_sensibilidad\test_bayes_copy_copy.py,COPIADO,
2026-04-28 22:42:40,D:\TRABAJO DE GRADO BEN-MAP\GITHUB\Analisis_sensibilidad\02_codigo\04_sensibilidad\test_hierarchical.py,D:\TRABAJO DE GRADO BEN-MAP\GITHUB\Analisis_sensibilidad\02_codigo\04_sensibilidad\test_hierarchical_copy.py,COPIADO,
2026-04-28 22:42:40,D:\TRABAJO DE GRADO BEN-MAP\GITHUB\Analisis_sensibilidad\02_codigo\04_sensibilidad\test_hierarchical_copy.py,D:\TRABAJO DE GRADO BEN-MAP\GITHUB\Analisis_sensibilidad\02_codigo\04_sensibilidad\test_hierarchical_copy_copy.py,COPIADO,
2026-04-28 22:42:40,D:\TRABAJO DE GRADO BEN-MAP\GITHUB\Analisis_sensibilidad\02_codigo\04_sensibilidad\test_naive_bayes.py,D:\TRABAJO DE GRADO BEN-MAP\GITHUB\Analisis_sensibilidad\02_codigo\04_sensibilidad\test_naive_bayes_copy.py,COPIADO,
2026-04-28 22:42:40,D:\TRABAJO DE GRADO BEN-MAP\GITHUB\Analisis_sensibilidad\02_codigo\04_sensibilidad\test_naive_bayes_copy.py,D:\TRABAJO DE GRADO BEN-MAP\GITHUB\Analisis_sensibilidad\02_codigo\04_sensibilidad\test_naive_bayes_copy_copy.py,COPIADO,
2026-04-28 22:42:40,D:\TRABAJO DE GRADO BEN-MAP\GITHUB\Analisis_sensibilidad\02_codigo\04_sensibilidad\test_sensitivity_analysis.py,D:\TRABAJO DE GRADO BEN-MAP\GITHUB\Analisis_sensibilidad\02_codigo\04_sensibilidad\test_sensitivity_analysis_copy.py,COPIADO,
2026-04-28 22:42:40,D:\TRABAJO DE GRADO BEN-MAP\GITHUB\Analisis_sensibilidad\02_codigo\04_sensibilidad\_bayes.py,D:\TRABAJO DE GRADO BEN-MAP\GITHUB\Analisis_sensibilidad\02_codigo\04_sensibilidad\_bayes_copy.py,COPIADO,
2026-04-28 22:42:40,D:\TRABAJO DE GRADO BEN-MAP\GITHUB\Analisis_sensibilidad\02_codigo\04_sensibilidad\_bayesian_mixture.py,D:\TRABAJO DE GRADO BEN-MAP\GITHUB\Analisis_sensibilidad\02_codigo\04_sensibilidad\_bayesian_mixture_copy.py,COPIADO,
2026-04-28 22:42:40,D:\TRABAJO DE GRADO BEN-MAP\GITHUB\Analisis_sensibilidad\02_codigo\04_sensibilidad\_bayesian_mixture_copy.py,D:\TRABAJO DE GRADO BEN-MAP\GITHUB\Analisis_sensibilidad\02_codigo\04_sensibilidad\_bayesian_mixture_copy_copy.py,COPIADO,
2026-04-28 22:42:40,D:\TRABAJO DE GRADO BEN-MAP\GITHUB\Analisis_sensibilidad\02_codigo\04_sensibilidad\_bayes_copy.py,D:\TRABAJO DE GRADO BEN-MAP\GITHUB\Analisis_sensibilidad\02_codigo\04_sensibilidad\_bayes_copy_copy.py,COPIADO,
2026-04-28 22:42:40,D:\TRABAJO DE GRADO BEN-MAP\GITHUB\Analisis_sensibilidad\02_codigo\04_sensibilidad\_sensitivity_analysis.py,D:\TRABAJO DE GRADO BEN-MAP\GITHUB\Analisis_sensibilidad\02_codigo\04_sensibilidad\_sensitivity_analysis_copy.py,COPIADO,
2026-04-28 22:42:40,D:\TRABAJO DE GRADO BEN-MAP\RESULTADOS_FINALES\06_trazabilidad_archivos\00_codigo_usado\sensibilidad.ipynb,D:\TRABAJO DE GRADO BEN-MAP\GITHUB\Analisis_sensibilidad\02_codigo\04_sensibilidad\sensibilidad_copy.ipynb,COPIADO,
2026-04-28 22:42:41,D:\TRABAJO DE GRADO BEN-MAP\CODIGO\00_resultados_finales.ipynb,D:\TRABAJO DE GRADO BEN-MAP\GITHUB\Analisis_sensibilidad\02_codigo\05_resultados_finales\00_resultados_finales.ipynb,COPIADO,
2026-04-28 22:42:41,D:\TRABAJO DE GRADO BEN-MAP\CODIGO\CODIGO USADO\verificacion_sumapaz.ipynb,D:\TRABAJO DE GRADO BEN-MAP\GITHUB\Analisis_sensibilidad\02_codigo\05_resultados_finales\verificacion_sumapaz.ipynb,COPIADO,
2026-04-28 22:42:41,D:\TRABAJO DE GRADO BEN-MAP\GITHUB\Analisis_sensibilidad\02_codigo\05_resultados_finales\00_resultados_finales.ipynb,D:\TRABAJO DE GRADO BEN-MAP\GITHUB\Analisis_sensibilidad\02_codigo\05_resultados_finales\00_resultados_finales_copy.ipynb,COPIADO,
2026-04-28 22:42:41,D:\TRABAJO DE GRADO BEN-MAP\GITHUB\Analisis_sensibilidad\02_codigo\05_resultados_finales\verificacion_sumapaz.ipynb,D:\TRABAJO DE GRADO BEN-MAP\GITHUB\Analisis_sensibilidad\02_codigo\05_resultados_finales\verificacion_sumapaz_copy.ipynb,COPIADO,
2026-04-28 22:42:41,D:\TRABAJO DE GRADO BEN-MAP\RESULTADOS_FINALES\06_trazabilidad_archivos\00_codigo_usado\00_resultados_finales.ipynb,D:\TRABAJO DE GRADO BEN-MAP\GITHUB\Analisis_sensibilidad\02_codigo\05_resultados_finales\00_resultados_finales_copy.ipynb,COPIADO,
2026-04-28 22:42:41,D:\TRABAJO DE GRADO BEN-MAP\RESULTADOS_FINALES\06_trazabilidad_archivos\00_codigo_usado\Final_datos_objetivo_1.ipynb,D:\TRABAJO DE GRADO BEN-MAP\GITHUB\Analisis_sensibilidad\02_codigo\05_resultados_finales\Final_datos_objetivo_1.ipynb,COPIADO,
2026-04-28 22:42:41,D:\TRABAJO DE GRADO BEN-MAP\RESULTADOS_FINALES\06_trazabilidad_archivos\00_codigo_usado\HBM.ipynb,D:\TRABAJO DE GRADO BEN-MAP\GITHUB\Analisis_sensibilidad\02_codigo\05_resultados_finales\HBM.ipynb,COPIADO,
2026-04-28 22:42:41,D:\TRABAJO DE GRADO BEN-MAP\RESULTADOS_FINALES\06_trazabilidad_archivos\00_codigo_usado\Inputs_benmap.ipynb,D:\TRABAJO DE GRADO BEN-MAP\GITHUB\Analisis_sensibilidad\02_codigo\05_resultados_finales\Inputs_benmap.ipynb,COPIADO,
2026-04-28 22:42:41,D:\TRABAJO DE GRADO BEN-MAP\RESULTADOS_FINALES\06_trazabilidad_archivos\00_codigo_usado\RESULTADOS.ipynb,D:\TRABAJO DE GRADO BEN-MAP\GITHUB\Analisis_sensibilidad\02_codigo\05_resultados_finales\RESULTADOS.ipynb,COPIADO,
2026-04-28 22:42:41,D:\TRABAJO DE GRADO BEN-MAP\RESULTADOS_FINALES\06_trazabilidad_archivos\00_codigo_usado\sensibilidad.ipynb,D:\TRABAJO DE GRADO BEN-MAP\GITHUB\Analisis_sensibilidad\02_codigo\05_resultados_finales\sensibilidad.ipynb,COPIADO,
2026-04-28 22:42:41,D:\TRABAJO DE GRADO BEN-MAP\GITHUB\Analisis_sensibilidad\04_resultados_tablas\metricas_hbm\georgia_BS_F_listwise.csv,D:\TRABAJO DE GRADO BEN-MAP\GITHUB\Analisis_sensibilidad\05_anexos\anexo_metricas_hbm\georgia_BS_F_listwise.csv,COPIADO,
2026-04-28 22:42:41,D:\TRABAJO DE GRADO BEN-MAP\GITHUB\Analisis_sensibilidad\04_resultados_tablas\metricas_hbm\georgia_BS_F_listwise_copy.csv,D:\TRABAJO DE GRADO BEN-MAP\GITHUB\Analisis_sensibilidad\05_anexos\anexo_metricas_hbm\georgia_BS_F_listwise_copy.csv,COPIADO,
2026-04-28 22:42:41,D:\TRABAJO DE GRADO BEN-MAP\GITHUB\Analisis_sensibilidad\04_resultados_tablas\metricas_hbm\georgia_BS_NN_listwise.csv,D:\TRABAJO DE GRADO BEN-MAP\GITHUB\Analisis_sensibilidad\05_anexos\anexo_metricas_hbm\georgia_BS_NN_listwise.csv,COPIADO,
2026-04-28 22:42:41,D:\TRABAJO DE GRADO BEN-MAP\GITHUB\Analisis_sensibilidad\04_resultados_tablas\metricas_hbm\georgia_BS_NN_listwise_copy.csv,D:\TRABAJO DE GRADO BEN-MAP\GITHUB\Analisis_sensibilidad\05_anexos\anexo_metricas_hbm\georgia_BS_NN_listwise_copy.csv,COPIADO,
2026-04-28 22:42:41,D:\TRABAJO DE GRADO BEN-MAP\GITHUB\Analisis_sensibilidad\04_resultados_tablas\metricas_hbm\georgia_GS_F_listwise.csv,D:\TRABAJO DE GRADO BEN-MAP\GITHUB\Analisis_sensibilidad\05_anexos\anexo_metricas_hbm\georgia_GS_F_listwise.csv,COPIADO,
2026-04-28 22:42:41,D:\TRABAJO DE GRADO BEN-MAP\GITHUB\Analisis_sensibilidad\04_resultados_tablas\metricas_hbm\georgia_GS_F_listwise_copy.csv,D:\TRABAJO DE GRADO BEN-MAP\GITHUB\Analisis_sensibilidad\05_anexos\anexo_metricas_hbm\georgia_GS_F_listwise_copy.csv,COPIADO,
2026-04-28 22:42:41,D:\TRABAJO DE GRADO BEN-MAP\GITHUB\Analisis_sensibilidad\04_resultados_tablas\metricas_hbm\georgia_GS_NN_listwise.csv,D:\TRABAJO DE GRADO BEN-MAP\GITHUB\Analisis_sensibilidad\05_anexos\anexo_metricas_hbm\georgia_GS_NN_listwise.csv,COPIADO,
2026-04-28 22:42:41,D:\TRABAJO DE GRADO BEN-MAP\GITHUB\Analisis_sensibilidad\04_resultados_tablas\metricas_hbm\georgia_GS_NN_listwise_copy.csv,D:\TRABAJO DE GRADO BEN-MAP\GITHUB\Analisis_sensibilidad\05_anexos\anexo_metricas_hbm\georgia_GS_NN_listwise_copy.csv,COPIADO,
2026-04-28 22:42:41,D:\TRABAJO DE GRADO BEN-MAP\GITHUB\Analisis_sensibilidad\04_resultados_tablas\metricas_hbm\tokyo_BS_F_listwise.csv,D:\TRABAJO DE GRADO BEN-MAP\GITHUB\Analisis_sensibilidad\05_anexos\anexo_metricas_hbm\tokyo_BS_F_listwise.csv,COPIADO,
2026-04-28 22:42:41,D:\TRABAJO DE GRADO BEN-MAP\GITHUB\Analisis_sensibilidad\04_resultados_tablas\metricas_hbm\tokyo_BS_F_listwise_copy.csv,D:\TRABAJO DE GRADO BEN-MAP\GITHUB\Analisis_sensibilidad\05_anexos\anexo_metricas_hbm\tokyo_BS_F_listwise_copy.csv,COPIADO,
2026-04-28 22:42:41,D:\TRABAJO DE GRADO BEN-MAP\GITHUB\Analisis_sensibilidad\04_resultados_tablas\metricas_hbm\tokyo_BS_NN_listwise.csv,D:\TRABAJO DE GRADO BEN-MAP\GITHUB\Analisis_sensibilidad\05_anexos\anexo_metricas_hbm\tokyo_BS_NN_listwise.csv,COPIADO,
2026-04-28 22:42:41,D:\TRABAJO DE GRADO BEN-MAP\GITHUB\Analisis_sensibilidad\04_resultados_tablas\metricas_hbm\tokyo_BS_NN_listwise_copy.csv,D:\TRABAJO DE GRADO BEN-MAP\GITHUB\Analisis_sensibilidad\05_anexos\anexo_metricas_hbm\tokyo_BS_NN_listwise_copy.csv,COPIADO,
2026-04-28 22:42:41,D:\TRABAJO DE GRADO BEN-MAP\GITHUB\Analisis_sensibilidad\04_resultados_tablas\metricas_hbm\tokyo_BS_NN_OFF_listwise.csv,D:\TRABAJO DE GRADO BEN-MAP\GITHUB\Analisis_sensibilidad\05_anexos\anexo_metricas_hbm\tokyo_BS_NN_OFF_listwise.csv,COPIADO,
2026-04-28 22:42:41,D:\TRABAJO DE GRADO BEN-MAP\GITHUB\Analisis_sensibilidad\04_resultados_tablas\metricas_hbm\tokyo_BS_NN_OFF_listwise_copy.csv,D:\TRABAJO DE GRADO BEN-MAP\GITHUB\Analisis_sensibilidad\05_anexos\anexo_metricas_hbm\tokyo_BS_NN_OFF_listwise_copy.csv,COPIADO,
2026-04-28 22:42:41,D:\TRABAJO DE GRADO BEN-MAP\GITHUB\Analisis_sensibilidad\04_resultados_tablas\metricas_hbm\tokyo_GS_F_listwise.csv,D:\TRABAJO DE GRADO BEN-MAP\GITHUB\Analisis_sensibilidad\05_anexos\anexo_metricas_hbm\tokyo_GS_F_listwise.csv,COPIADO,
2026-04-28 22:42:41,D:\TRABAJO DE GRADO BEN-MAP\GITHUB\Analisis_sensibilidad\04_resultados_tablas\metricas_hbm\tokyo_GS_F_listwise_copy.csv,D:\TRABAJO DE GRADO BEN-MAP\GITHUB\Analisis_sensibilidad\05_anexos\anexo_metricas_hbm\tokyo_GS_F_listwise_copy.csv,COPIADO,
2026-04-28 22:42:41,D:\TRABAJO DE GRADO BEN-MAP\GITHUB\Analisis_sensibilidad\04_resultados_tablas\metricas_hbm\tokyo_GS_NN_listwise.csv,D:\TRABAJO DE GRADO BEN-MAP\GITHUB\Analisis_sensibilidad\05_anexos\anexo_metricas_hbm\tokyo_GS_NN_listwise.csv,COPIADO,
2026-04-28 22:42:41,D:\TRABAJO DE GRADO BEN-MAP\GITHUB\Analisis_sensibilidad\04_resultados_tablas\metricas_hbm\tokyo_GS_NN_listwise_copy.csv,D:\TRABAJO DE GRADO BEN-MAP\GITHUB\Analisis_sensibilidad\05_anexos\anexo_metricas_hbm\tokyo_GS_NN_listwise_copy.csv,COPIADO,
2026-04-28 22:42:41,D:\TRABAJO DE GRADO BEN-MAP\GITHUB\Analisis_sensibilidad\04_resultados_tablas\validacion_idw\grid_3km_idw_mensual_2020_2024.csv,D:\TRABAJO DE GRADO BEN-MAP\GITHUB\Analisis_sensibilidad\05_anexos\anexo_validacion_idw\grid_3km_idw_mensual_2020_2024.csv,COPIADO,
2026-04-28 22:42:41,D:\TRABAJO DE GRADO BEN-MAP\GITHUB\Analisis_sensibilidad\04_resultados_tablas\validacion_idw\grid_3km_idw_mensual_2020_2024_copy.csv,D:\TRABAJO DE GRADO BEN-MAP\GITHUB\Analisis_sensibilidad\05_anexos\anexo_validacion_idw\grid_3km_idw_mensual_2020_2024_copy.csv,COPIADO,
2026-04-28 22:42:41,D:\TRABAJO DE GRADO BEN-MAP\GITHUB\Analisis_sensibilidad\04_resultados_tablas\validacion_idw\validacion_idw_metricas_globales.csv,D:\TRABAJO DE GRADO BEN-MAP\GITHUB\Analisis_sensibilidad\05_anexos\anexo_validacion_idw\validacion_idw_metricas_globales.csv,COPIADO,
2026-04-28 22:42:41,D:\TRABAJO DE GRADO BEN-MAP\GITHUB\Analisis_sensibilidad\04_resultados_tablas\validacion_idw\validacion_idw_predicciones_leave_one_out.csv,D:\TRABAJO DE GRADO BEN-MAP\GITHUB\Analisis_sensibilidad\05_anexos\anexo_validacion_idw\validacion_idw_predicciones_leave_one_out.csv,COPIADO,
2026-04-28 22:42:41,D:\TRABAJO DE GRADO BEN-MAP\GITHUB\Analisis_sensibilidad\04_resultados_tablas\validacion_idw\validacion_idw_metricas_globales.xlsx,D:\TRABAJO DE GRADO BEN-MAP\GITHUB\Analisis_sensibilidad\05_anexos\anexo_validacion_idw\validacion_idw_metricas_globales.xlsx,COPIADO,
2026-04-28 22:42:41,D:\TRABAJO DE GRADO BEN-MAP\GITHUB\Analisis_sensibilidad\01_datos_procesados\funciones_cr\benmap_health_impact_functions.csv,D:\TRABAJO DE GRADO BEN-MAP\GITHUB\Analisis_sensibilidad\05_anexos\anexo_funciones_cr\benmap_health_impact_functions.csv,COPIADO,
2026-04-28 22:42:41,D:\TRABAJO DE GRADO BEN-MAP\GITHUB\Analisis_sensibilidad\01_datos_procesados\funciones_cr\benmap_health_impact_functions_candidate_final.csv,D:\TRABAJO DE GRADO BEN-MAP\GITHUB\Analisis_sensibilidad\05_anexos\anexo_funciones_cr\benmap_health_impact_functions_candidate_final.csv,COPIADO,
2026-04-28 22:42:41,D:\TRABAJO DE GRADO BEN-MAP\GITHUB\Analisis_sensibilidad\01_datos_procesados\funciones_cr\benmap_health_impact_functions_candidate_final_working.csv,D:\TRABAJO DE GRADO BEN-MAP\GITHUB\Analisis_sensibilidad\05_anexos\anexo_funciones_cr\benmap_health_impact_functions_candidate_final_working.csv,COPIADO,
2026-04-28 22:42:41,D:\TRABAJO DE GRADO BEN-MAP\GITHUB\Analisis_sensibilidad\01_datos_procesados\funciones_cr\benmap_health_impact_functions_import_full.csv,D:\TRABAJO DE GRADO BEN-MAP\GITHUB\Analisis_sensibilidad\05_anexos\anexo_funciones_cr\benmap_health_impact_functions_import_full.csv,COPIADO,
2026-04-28 22:42:41,D:\TRABAJO DE GRADO BEN-MAP\GITHUB\Analisis_sensibilidad\01_datos_procesados\funciones_cr\benmap_health_impact_functions_import_full_copy.csv,D:\TRABAJO DE GRADO BEN-MAP\GITHUB\Analisis_sensibilidad\05_anexos\anexo_funciones_cr\benmap_health_impact_functions_import_full_copy.csv,COPIADO,
2026-04-28 22:42:41,D:\TRABAJO DE GRADO BEN-MAP\GITHUB\Analisis_sensibilidad\01_datos_procesados\funciones_cr\benmap_health_impact_functions_import_full_v2.csv,D:\TRABAJO DE GRADO BEN-MAP\GITHUB\Analisis_sensibilidad\05_anexos\anexo_funciones_cr\benmap_health_impact_functions_import_full_v2.csv,COPIADO,
2026-04-28 22:42:41,D:\TRABAJO DE GRADO BEN-MAP\GITHUB\Analisis_sensibilidad\01_datos_procesados\funciones_cr\benmap_health_impact_functions_import_full_v2_copy.csv,D:\TRABAJO DE GRADO BEN-MAP\GITHUB\Analisis_sensibilidad\05_anexos\anexo_funciones_cr\benmap_health_impact_functions_import_full_v2_copy.csv,COPIADO,
2026-04-28 22:42:41,D:\TRABAJO DE GRADO BEN-MAP\GITHUB\Analisis_sensibilidad\01_datos_procesados\funciones_cr\benmap_health_impact_functions_import_full_v3.csv,D:\TRABAJO DE GRADO BEN-MAP\GITHUB\Analisis_sensibilidad\05_anexos\anexo_funciones_cr\benmap_health_impact_functions_import_full_v3.csv,COPIADO,
2026-04-28 22:42:41,D:\TRABAJO DE GRADO BEN-MAP\GITHUB\Analisis_sensibilidad\01_datos_procesados\funciones_cr\benmap_health_impact_functions_import_full_v3_copy.csv,D:\TRABAJO DE GRADO BEN-MAP\GITHUB\Analisis_sensibilidad\05_anexos\anexo_funciones_cr\benmap_health_impact_functions_import_full_v3_copy.csv,COPIADO,
2026-04-28 22:42:41,D:\TRABAJO DE GRADO BEN-MAP\GITHUB\Analisis_sensibilidad\01_datos_procesados\funciones_cr\benmap_health_impact_functions_import_full_v4.csv,D:\TRABAJO DE GRADO BEN-MAP\GITHUB\Analisis_sensibilidad\05_anexos\anexo_funciones_cr\benmap_health_impact_functions_import_full_v4.csv,COPIADO,
2026-04-28 22:42:41,D:\TRABAJO DE GRADO BEN-MAP\GITHUB\Analisis_sensibilidad\01_datos_procesados\funciones_cr\benmap_health_impact_functions_import_full_v4_copy.csv,D:\TRABAJO DE GRADO BEN-MAP\GITHUB\Analisis_sensibilidad\05_anexos\anexo_funciones_cr\benmap_health_impact_functions_import_full_v4_copy.csv,COPIADO,
2026-04-28 22:42:41,D:\TRABAJO DE GRADO BEN-MAP\GITHUB\Analisis_sensibilidad\01_datos_procesados\funciones_cr\benmap_health_impact_functions_min_pm25.csv,D:\TRABAJO DE GRADO BEN-MAP\GITHUB\Analisis_sensibilidad\05_anexos\anexo_funciones_cr\benmap_health_impact_functions_min_pm25.csv,COPIADO,
2026-04-28 22:42:41,D:\TRABAJO DE GRADO BEN-MAP\GITHUB\Analisis_sensibilidad\01_datos_procesados\funciones_cr\benmap_health_impact_functions_min_pm25_v2.csv,D:\TRABAJO DE GRADO BEN-MAP\GITHUB\Analisis_sensibilidad\05_anexos\anexo_funciones_cr\benmap_health_impact_functions_min_pm25_v2.csv,COPIADO,
2026-04-28 22:42:41,D:\TRABAJO DE GRADO BEN-MAP\GITHUB\Analisis_sensibilidad\01_datos_procesados\funciones_cr\benmap_health_impact_functions_min_pm25_v3.csv,D:\TRABAJO DE GRADO BEN-MAP\GITHUB\Analisis_sensibilidad\05_anexos\anexo_funciones_cr\benmap_health_impact_functions_min_pm25_v3.csv,COPIADO,
2026-04-28 22:42:41,D:\TRABAJO DE GRADO BEN-MAP\GITHUB\Analisis_sensibilidad\01_datos_procesados\funciones_cr\benmap_health_impact_functions_min_pm25_v4.csv,D:\TRABAJO DE GRADO BEN-MAP\GITHUB\Analisis_sensibilidad\05_anexos\anexo_funciones_cr\benmap_health_impact_functions_min_pm25_v4.csv,COPIADO,
2026-04-28 22:42:41,D:\TRABAJO DE GRADO BEN-MAP\GITHUB\Analisis_sensibilidad\01_datos_procesados\funciones_cr\benmap_health_impact_functions_ready_only.csv,D:\TRABAJO DE GRADO BEN-MAP\GITHUB\Analisis_sensibilidad\05_anexos\anexo_funciones_cr\benmap_health_impact_functions_ready_only.csv,COPIADO,
2026-04-28 22:42:41,D:\TRABAJO DE GRADO BEN-MAP\GITHUB\Analisis_sensibilidad\01_datos_procesados\funciones_cr\benmap_health_impact_functions_ready_only_copy.csv,D:\TRABAJO DE GRADO BEN-MAP\GITHUB\Analisis_sensibilidad\05_anexos\anexo_funciones_cr\benmap_health_impact_functions_ready_only_copy.csv,COPIADO,
2026-04-28 22:42:41,D:\TRABAJO DE GRADO BEN-MAP\GITHUB\Analisis_sensibilidad\01_datos_procesados\funciones_cr\benmap_health_impact_functions_ready_only_working.csv,D:\TRABAJO DE GRADO BEN-MAP\GITHUB\Analisis_sensibilidad\05_anexos\anexo_funciones_cr\benmap_health_impact_functions_ready_only_working.csv,COPIADO,
2026-04-28 22:42:41,D:\TRABAJO DE GRADO BEN-MAP\GITHUB\Analisis_sensibilidad\01_datos_procesados\funciones_cr\benmap_health_impact_functions_ready_only_working_copy.csv,D:\TRABAJO DE GRADO BEN-MAP\GITHUB\Analisis_sensibilidad\05_anexos\anexo_funciones_cr\benmap_health_impact_functions_ready_only_working_copy.csv,COPIADO,
2026-04-28 22:42:41,D:\TRABAJO DE GRADO BEN-MAP\GITHUB\Analisis_sensibilidad\01_datos_procesados\funciones_cr\benmap_health_impact_functions_working.csv,D:\TRABAJO DE GRADO BEN-MAP\GITHUB\Analisis_sensibilidad\05_anexos\anexo_funciones_cr\benmap_health_impact_functions_working.csv,COPIADO,
2026-04-28 22:42:41,D:\TRABAJO DE GRADO BEN-MAP\GITHUB\Analisis_sensibilidad\01_datos_procesados\funciones_cr\benmap_health_impact_functions_working_copy.csv,D:\TRABAJO DE GRADO BEN-MAP\GITHUB\Analisis_sensibilidad\05_anexos\anexo_funciones_cr\benmap_health_impact_functions_working_copy.csv,COPIADO,
2026-04-28 22:42:41,D:\TRABAJO DE GRADO BEN-MAP\GITHUB\Analisis_sensibilidad\01_datos_procesados\funciones_cr\inventario_funciones_cr.csv,D:\TRABAJO DE GRADO BEN-MAP\GITHUB\Analisis_sensibilidad\05_anexos\anexo_funciones_cr\inventario_funciones_cr.csv,COPIADO,
2026-04-28 22:42:42,D:\TRABAJO DE GRADO BEN-MAP\GITHUB\Analisis_sensibilidad\01_datos_procesados\funciones_cr\inventario_funciones_cr_preview.csv,D:\TRABAJO DE GRADO BEN-MAP\GITHUB\Analisis_sensibilidad\05_anexos\anexo_funciones_cr\inventario_funciones_cr_preview.csv,COPIADO,
2026-04-28 22:42:42,D:\TRABAJO DE GRADO BEN-MAP\GITHUB\Analisis_sensibilidad\04_resultados_tablas\corrida_base\valoracion_economica_por_celda_cop.csv,D:\TRABAJO DE GRADO BEN-MAP\GITHUB\Analisis_sensibilidad\05_anexos\anexo_valoracion_economica\valoracion_economica_por_celda_cop.csv,COPIADO,
2026-04-28 22:42:42,D:\TRABAJO DE GRADO BEN-MAP\GITHUB\Analisis_sensibilidad\04_resultados_tablas\corrida_base\valoracion_economica_por_celda_cop.csv,D:\TRABAJO DE GRADO BEN-MAP\GITHUB\Analisis_sensibilidad\05_anexos\anexo_valoracion_economica\valoracion_economica_por_celda_cop_copy.csv,COPIADO,
2026-04-28 22:42:42,D:\TRABAJO DE GRADO BEN-MAP\GITHUB\Analisis_sensibilidad\04_resultados_tablas\auditoria_sumapaz\auditoria_agregacion_por_localidad.csv,D:\TRABAJO DE GRADO BEN-MAP\GITHUB\Analisis_sensibilidad\05_anexos\anexo_auditoria_sumapaz\auditoria_agregacion_por_localidad.csv,COPIADO,
2026-04-28 22:42:42,D:\TRABAJO DE GRADO BEN-MAP\GITHUB\Analisis_sensibilidad\04_resultados_tablas\auditoria_sumapaz\auditoria_agregacion_por_localidad_CORREGIDA.csv,D:\TRABAJO DE GRADO BEN-MAP\GITHUB\Analisis_sensibilidad\05_anexos\anexo_auditoria_sumapaz\auditoria_agregacion_por_localidad_CORREGIDA.csv,COPIADO,
2026-04-28 22:42:42,D:\TRABAJO DE GRADO BEN-MAP\GITHUB\Analisis_sensibilidad\04_resultados_tablas\auditoria_sumapaz\control_pesos_area_por_celda.csv,D:\TRABAJO DE GRADO BEN-MAP\GITHUB\Analisis_sensibilidad\05_anexos\anexo_auditoria_sumapaz\control_pesos_area_por_celda.csv,COPIADO,
2026-04-28 22:42:42,D:\TRABAJO DE GRADO BEN-MAP\GITHUB\Analisis_sensibilidad\04_resultados_tablas\auditoria_sumapaz\detalle_localidad_contaminante_endpoint.csv,D:\TRABAJO DE GRADO BEN-MAP\GITHUB\Analisis_sensibilidad\05_anexos\anexo_auditoria_sumapaz\detalle_localidad_contaminante_endpoint.csv,COPIADO,
2026-04-28 22:42:42,D:\TRABAJO DE GRADO BEN-MAP\GITHUB\Analisis_sensibilidad\04_resultados_tablas\auditoria_sumapaz\detalle_localidad_contaminante_endpoint_CORREGIDO.csv,D:\TRABAJO DE GRADO BEN-MAP\GITHUB\Analisis_sensibilidad\05_anexos\anexo_auditoria_sumapaz\detalle_localidad_contaminante_endpoint_CORREGIDO.csv,COPIADO,
2026-04-28 22:42:42,D:\TRABAJO DE GRADO BEN-MAP\GITHUB\Analisis_sensibilidad\04_resultados_tablas\auditoria_sumapaz\diagnostico_dominancia_espacial_sumapaz.csv,D:\TRABAJO DE GRADO BEN-MAP\GITHUB\Analisis_sensibilidad\05_anexos\anexo_auditoria_sumapaz\diagnostico_dominancia_espacial_sumapaz.csv,COPIADO,
2026-04-28 22:42:42,D:\TRABAJO DE GRADO BEN-MAP\GITHUB\Analisis_sensibilidad\04_resultados_tablas\auditoria_sumapaz\panorama_morbilidad_por_localidad.csv,D:\TRABAJO DE GRADO BEN-MAP\GITHUB\Analisis_sensibilidad\05_anexos\anexo_auditoria_sumapaz\panorama_morbilidad_por_localidad.csv,COPIADO,
2026-04-28 22:42:42,D:\TRABAJO DE GRADO BEN-MAP\GITHUB\Analisis_sensibilidad\04_resultados_tablas\auditoria_sumapaz\panorama_morbilidad_por_localidad_CORREGIDO.csv,D:\TRABAJO DE GRADO BEN-MAP\GITHUB\Analisis_sensibilidad\05_anexos\anexo_auditoria_sumapaz\panorama_morbilidad_por_localidad_CORREGIDO.csv,COPIADO,
2026-04-28 22:42:42,D:\TRABAJO DE GRADO BEN-MAP\GITHUB\Analisis_sensibilidad\04_resultados_tablas\auditoria_sumapaz\ranking_casos_totales.csv,D:\TRABAJO DE GRADO BEN-MAP\GITHUB\Analisis_sensibilidad\05_anexos\anexo_auditoria_sumapaz\ranking_casos_totales.csv,COPIADO,
2026-04-28 22:42:42,D:\TRABAJO DE GRADO BEN-MAP\GITHUB\Analisis_sensibilidad\04_resultados_tablas\auditoria_sumapaz\ranking_casos_totales_CORREGIDO.csv,D:\TRABAJO DE GRADO BEN-MAP\GITHUB\Analisis_sensibilidad\05_anexos\anexo_auditoria_sumapaz\ranking_casos_totales_CORREGIDO.csv,COPIADO,
2026-04-28 22:42:42,D:\TRABAJO DE GRADO BEN-MAP\GITHUB\Analisis_sensibilidad\04_resultados_tablas\auditoria_sumapaz\ranking_tasa_casos_100k.csv,D:\TRABAJO DE GRADO BEN-MAP\GITHUB\Analisis_sensibilidad\05_anexos\anexo_auditoria_sumapaz\ranking_tasa_casos_100k.csv,COPIADO,
2026-04-28 22:42:42,D:\TRABAJO DE GRADO BEN-MAP\GITHUB\Analisis_sensibilidad\04_resultados_tablas\auditoria_sumapaz\ranking_tasa_casos_100k_CORREGIDO.csv,D:\TRABAJO DE GRADO BEN-MAP\GITHUB\Analisis_sensibilidad\05_anexos\anexo_auditoria_sumapaz\ranking_tasa_casos_100k_CORREGIDO.csv,COPIADO,
2026-04-28 22:42:42,D:\TRABAJO DE GRADO BEN-MAP\GITHUB\Analisis_sensibilidad\04_resultados_tablas\auditoria_sumapaz\ranking_valor_percapita.csv,D:\TRABAJO DE GRADO BEN-MAP\GITHUB\Analisis_sensibilidad\05_anexos\anexo_auditoria_sumapaz\ranking_valor_percapita.csv,COPIADO,
2026-04-28 22:42:42,D:\TRABAJO DE GRADO BEN-MAP\GITHUB\Analisis_sensibilidad\04_resultados_tablas\auditoria_sumapaz\ranking_valor_percapita_CORREGIDO.csv,D:\TRABAJO DE GRADO BEN-MAP\GITHUB\Analisis_sensibilidad\05_anexos\anexo_auditoria_sumapaz\ranking_valor_percapita_CORREGIDO.csv,COPIADO,
2026-04-28 22:42:42,D:\TRABAJO DE GRADO BEN-MAP\GITHUB\Analisis_sensibilidad\04_resultados_tablas\auditoria_sumapaz\ranking_valor_total.csv,D:\TRABAJO DE GRADO BEN-MAP\GITHUB\Analisis_sensibilidad\05_anexos\anexo_auditoria_sumapaz\ranking_valor_total.csv,COPIADO,
2026-04-28 22:42:42,D:\TRABAJO DE GRADO BEN-MAP\GITHUB\Analisis_sensibilidad\04_resultados_tablas\auditoria_sumapaz\ranking_valor_total_CORREGIDO.csv,D:\TRABAJO DE GRADO BEN-MAP\GITHUB\Analisis_sensibilidad\05_anexos\anexo_auditoria_sumapaz\ranking_valor_total_CORREGIDO.csv,COPIADO,
