Año,Mes,Estacion,Localidad,Fuente,Temp_media,HR,Vel_viento,Presión,Precipitación,Precipitación_media,lat,lon,dias_esperados
2020,1,Bolivia,Engativá,NASA_POWER,18.848064516129032,79.68354838709678,1.5032258064516129,,23.509999999999998,0.7583870967741935,4.736978,-74.555,31
2020,1,Carvajal - Sevillana,Tunjuelito,NASA_POWER,18.848064516129032,79.68354838709678,1.5032258064516129,,23.509999999999998,0.7583870967741935,4.589722,-74.2175,31
2020,1,Centro de Alto Rendimiento,Barrios Unidos,NASA_POWER,18.848064516129032,79.68354838709678,1.5032258064516129,,23.509999999999998,0.7583870967741935,4.658556,-74.088556,31
2020,1,Ciudad Bolivar,Ciudad Bolívar,NASA_POWER,18.848064516129032,79.68354838709678,1.5032258064516129,,23.509999999999998,0.7583870967741935,4.577778,-74.165167,31
2020,1,Colina,Suba,NASA_POWER,18.848064516129032,79.68354838709678,1.5032258064516129,,23.509999999999998,0.7583870967741935,4.737194444444445,-74.06947222222222,31
2020,1,Fontibon,Fontibón,NASA_POWER,18.848064516129032,79.68354838709678,1.5032258064516129,,23.509999999999998,0.7583870967741935,4.679722,-74.1425,31
2020,1,Guaymaral,Suba,NASA_POWER,13.868709677419355,86.58129032258064,1.1025806451612903,,29.07,0.937741935483871,4.7837556,-74.044183,31
2020,1,Kennedy,Kennedy,NASA_POWER,18.848064516129032,79.68354838709678,1.5032258064516129,,23.509999999999998,0.7583870967741935,4.621389,-74.140833,31
2020,1,Las Ferias,Engativá,NASA_POWER,18.848064516129032,79.68354838709678,1.5032258064516129,,23.509999999999998,0.7583870967741935,4.690722,-74.0986,31
2020,1,MinAmbiente,Teusaquillo,NASA_POWER,18.848064516129032,79.68354838709678,1.5032258064516129,,23.509999999999998,0.7583870967741935,4.629306,-74.186944,31
2020,1,Movil Fontibon,Fontibón,NASA_POWER,23.338387096774195,74.0958064516129,1.2509677419354839,,42.64,1.375483870967742,4.640764,-74.870833,31
2020,1,Puente Aranda,Puente Aranda,NASA_POWER,18.848064516129032,79.68354838709678,1.5032258064516129,,23.509999999999998,0.7583870967741935,4.592444,-74.106667,31
2020,1,SUBA,Suba,NASA_POWER,18.848064516129032,79.68354838709678,1.5032258064516129,,23.509999999999998,0.7583870967741935,4.68025,-74.596111,31
2020,1,San Cristobal,San Cristóbal,NASA_POWER,18.848064516129032,79.68354838709678,1.5032258064516129,,23.509999999999998,0.7583870967741935,4.5725,-74.086389,31
2020,1,Suba,Suba,NASA_POWER,18.848064516129032,79.68354838709678,1.5032258064516129,,23.509999999999998,0.7583870967741935,4.68025,-74.596111,31
2020,1,Tunal,Tunjuelito,NASA_POWER,18.848064516129032,79.68354838709678,1.5032258064516129,,23.509999999999998,0.7583870967741935,4.575556,-74.138889,31
2020,1,Usaquen,Usaquén,NASA_POWER,18.848064516129032,79.68354838709678,1.5032258064516129,,23.509999999999998,0.7583870967741935,4.707306,-74.330417,31
2020,2,Bolivia,Engativá,NASA_POWER,19.266896551724138,76.77137931034483,1.3617241379310345,,132.39,4.565172413793103,4.736978,-74.555,29
2020,2,Carvajal - Sevillana,Tunjuelito,NASA_POWER,19.266896551724138,76.77137931034483,1.3617241379310345,,132.39,4.565172413793103,4.589722,-74.2175,29
2020,2,Centro de Alto Rendimiento,Barrios Unidos,NASA_POWER,19.266896551724138,76.77137931034483,1.3617241379310345,,132.39,4.565172413793103,4.658556,-74.088556,29
2020,2,Ciudad Bolivar,Ciudad Bolívar,NASA_POWER,19.266896551724138,76.77137931034483,1.3617241379310345,,132.39,4.565172413793103,4.577778,-74.165167,29
2020,2,Colina,Suba,NASA_POWER,19.266896551724138,76.77137931034483,1.3617241379310345,,132.39,4.565172413793103,4.737194444444445,-74.06947222222222,29
2020,2,Fontibon,Fontibón,NASA_POWER,19.266896551724138,76.77137931034483,1.3617241379310345,,132.39,4.565172413793103,4.679722,-74.1425,29
2020,2,Guaymaral,Suba,NASA_POWER,13.895862068965517,84.87758620689655,1.1675862068965517,,113.80999999999999,3.924482758620689,4.7837556,-74.044183,29
2020,2,Kennedy,Kennedy,NASA_POWER,19.266896551724138,76.77137931034483,1.3617241379310345,,132.39,4.565172413793103,4.621389,-74.140833,29
2020,2,Las Ferias,Engativá,NASA_POWER,19.266896551724138,76.77137931034483,1.3617241379310345,,132.39,4.565172413793103,4.690722,-74.0986,29
2020,2,MinAmbiente,Teusaquillo,NASA_POWER,19.266896551724138,76.77137931034483,1.3617241379310345,,132.39,4.565172413793103,4.629306,-74.186944,29
2020,2,Movil Fontibon,Fontibón,NASA_POWER,23.988275862068964,70.36413793103448,1.0379310344827586,,162.76999999999998,5.612758620689655,4.640764,-74.870833,29
2020,2,Puente Aranda,Puente Aranda,NASA_POWER,19.266896551724138,76.77137931034483,1.3617241379310345,,132.39,4.565172413793103,4.592444,-74.106667,29
2020,2,SUBA,Suba,NASA_POWER,19.266896551724138,76.77137931034483,1.3617241379310345,,132.39,4.565172413793103,4.68025,-74.596111,29
2020,2,San Cristobal,San Cristóbal,NASA_POWER,19.266896551724138,76.77137931034483,1.3617241379310345,,132.39,4.565172413793103,4.5725,-74.086389,29
2020,2,Suba,Suba,NASA_POWER,19.266896551724138,76.77137931034483,1.3617241379310345,,132.39,4.565172413793103,4.68025,-74.596111,29
2020,2,Tunal,Tunjuelito,NASA_POWER,19.266896551724138,76.77137931034483,1.3617241379310345,,132.39,4.565172413793103,4.575556,-74.138889,29
2020,2,Usaquen,Usaquén,NASA_POWER,19.266896551724138,76.77137931034483,1.3617241379310345,,132.39,4.565172413793103,4.707306,-74.330417,29
2020,3,Bolivia,Engativá,NASA_POWER,19.381612903225808,80.22322580645161,1.0503225806451613,,106.01,3.419677419354839,4.736978,-74.555,31
2020,3,Carvajal - Sevillana,Tunjuelito,NASA_POWER,19.381612903225808,80.22322580645161,1.0503225806451613,,106.01,3.419677419354839,4.589722,-74.2175,31
2020,3,Centro de Alto Rendimiento,Barrios Unidos,NASA_POWER,19.381612903225808,80.22322580645161,1.0503225806451613,,106.01,3.419677419354839,4.658556,-74.088556,31
2020,3,Ciudad Bolivar,Ciudad Bolívar,NASA_POWER,19.381612903225808,80.22322580645161,1.0503225806451613,,106.01,3.419677419354839,4.577778,-74.165167,31
2020,3,Colina,Suba,NASA_POWER,19.381612903225808,80.22322580645161,1.0503225806451613,,106.01,3.419677419354839,4.737194444444445,-74.06947222222222,31
2020,3,Fontibon,Fontibón,NASA_POWER,19.381612903225808,80.22322580645161,1.0503225806451613,,106.01,3.419677419354839,4.679722,-74.1425,31
2020,3,Guaymaral,Suba,NASA_POWER,14.388064516129031,85.81903225806451,0.8203225806451613,,121.62,3.923225806451613,4.7837556,-74.044183,31
2020,3,Kennedy,Kennedy,NASA_POWER,19.381612903225808,80.22322580645161,1.0503225806451613,,106.01,3.419677419354839,4.621389,-74.140833,31
2020,3,Las Ferias,Engativá,NASA_POWER,19.381612903225808,80.22322580645161,1.0503225806451613,,106.01,3.419677419354839,4.690722,-74.0986,31
2020,3,MinAmbiente,Teusaquillo,NASA_POWER,19.381612903225808,80.22322580645161,1.0503225806451613,,106.01,3.419677419354839,4.629306,-74.186944,31
2020,3,Movil Fontibon,Fontibón,NASA_POWER,23.328064516129032,76.91451612903225,1.129677419354839,,114.7,3.7,4.640764,-74.870833,31
2020,3,Puente Aranda,Puente Aranda,NASA_POWER,19.381612903225808,80.22322580645161,1.0503225806451613,,106.01,3.419677419354839,4.592444,-74.106667,31
2020,3,SUBA,Suba,NASA_POWER,19.381612903225808,80.22322580645161,1.0503225806451613,,106.01,3.419677419354839,4.68025,-74.596111,31
2020,3,San Cristobal,San Cristóbal,NASA_POWER,19.381612903225808,80.22322580645161,1.0503225806451613,,106.01,3.419677419354839,4.5725,-74.086389,31
2020,3,Suba,Suba,NASA_POWER,19.381612903225808,80.22322580645161,1.0503225806451613,,106.01,3.419677419354839,4.68025,-74.596111,31
2020,3,Tunal,Tunjuelito,NASA_POWER,19.381612903225808,80.22322580645161,1.0503225806451613,,106.01,3.419677419354839,4.575556,-74.138889,31
2020,3,Usaquen,Usaquén,NASA_POWER,19.381612903225808,80.22322580645161,1.0503225806451613,,106.01,3.419677419354839,4.707306,-74.330417,31
2020,4,Bolivia,Engativá,NASA_POWER,19.68166666666667,79.98333333333333,0.8903333333333333,,156.11,5.203666666666667,4.736978,-74.555,30
2020,4,Carvajal - Sevillana,Tunjuelito,NASA_POWER,19.68166666666667,79.98333333333333,0.8903333333333333,,156.11,5.203666666666667,4.589722,-74.2175,30
2020,4,Centro de Alto Rendimiento,Barrios Unidos,NASA_POWER,19.68166666666667,79.98333333333333,0.8903333333333333,,156.11,5.203666666666667,4.658556,-74.088556,30
2020,4,Ciudad Bolivar,Ciudad Bolívar,NASA_POWER,19.68166666666667,79.98333333333333,0.8903333333333333,,156.11,5.203666666666667,4.577778,-74.165167,30
2020,4,Colina,Suba,NASA_POWER,19.68166666666667,79.98333333333333,0.8903333333333333,,156.11,5.203666666666667,4.737194444444445,-74.06947222222222,30
2020,4,Fontibon,Fontibón,NASA_POWER,19.68166666666667,79.98333333333333,0.8903333333333333,,156.11,5.203666666666667,4.679722,-74.1425,30
2020,4,Guaymaral,Suba,NASA_POWER,14.608333333333333,86.70700000000001,0.9023333333333333,,183.1,6.1033333333333335,4.7837556,-74.044183,30
2020,4,Kennedy,Kennedy,NASA_POWER,19.68166666666667,79.98333333333333,0.8903333333333333,,156.11,5.203666666666667,4.621389,-74.140833,30
2020,4,Las Ferias,Engativá,NASA_POWER,19.68166666666667,79.98333333333333,0.8903333333333333,,156.11,5.203666666666667,4.690722,-74.0986,30
2020,4,MinAmbiente,Teusaquillo,NASA_POWER,19.68166666666667,79.98333333333333,0.8903333333333333,,156.11,5.203666666666667,4.629306,-74.186944,30
2020,4,Movil Fontibon,Fontibón,NASA_POWER,23.705333333333332,75.975,1.0386666666666666,,164.76,5.492,4.640764,-74.870833,30
2020,4,Puente Aranda,Puente Aranda,NASA_POWER,19.68166666666667,79.98333333333333,0.8903333333333333,,156.11,5.203666666666667,4.592444,-74.106667,30
2020,4,SUBA,Suba,NASA_POWER,19.68166666666667,79.98333333333333,0.8903333333333333,,156.11,5.203666666666667,4.68025,-74.596111,30
2020,4,San Cristobal,San Cristóbal,NASA_POWER,19.68166666666667,79.98333333333333,0.8903333333333333,,156.11,5.203666666666667,4.5725,-74.086389,30
2020,4,Suba,Suba,NASA_POWER,19.68166666666667,79.98333333333333,0.8903333333333333,,156.11,5.203666666666667,4.68025,-74.596111,30
2020,4,Tunal,Tunjuelito,NASA_POWER,19.68166666666667,79.98333333333333,0.8903333333333333,,156.11,5.203666666666667,4.575556,-74.138889,30
2020,4,Usaquen,Usaquén,NASA_POWER,19.68166666666667,79.98333333333333,0.8903333333333333,,156.11,5.203666666666667,4.707306,-74.330417,30
2020,5,Bolivia,Engativá,NASA_POWER,19.649677419354838,78.75709677419356,1.1441935483870966,,140.88,4.5445161290322575,4.736978,-74.555,31
2020,5,Carvajal - Sevillana,Tunjuelito,NASA_POWER,19.649677419354838,78.75709677419356,1.1441935483870966,,140.88,4.5445161290322575,4.589722,-74.2175,31
2020,5,Centro de Alto Rendimiento,Barrios Unidos,NASA_POWER,19.649677419354838,78.75709677419356,1.1441935483870966,,140.88,4.5445161290322575,4.658556,-74.088556,31
2020,5,Ciudad Bolivar,Ciudad Bolívar,NASA_POWER,19.649677419354838,78.75709677419356,1.1441935483870966,,140.88,4.5445161290322575,4.577778,-74.165167,31
2020,5,Colina,Suba,NASA_POWER,19.649677419354838,78.75709677419356,1.1441935483870966,,140.88,4.5445161290322575,4.737194444444445,-74.06947222222222,31
2020,5,Fontibon,Fontibón,NASA_POWER,19.649677419354838,78.75709677419356,1.1441935483870966,,140.88,4.5445161290322575,4.679722,-74.1425,31
2020,5,Guaymaral,Suba,NASA_POWER,14.216451612903224,87.92774193548388,1.1306451612903226,,201.79,6.509354838709677,4.7837556,-74.044183,31
2020,5,Kennedy,Kennedy,NASA_POWER,19.649677419354838,78.75709677419356,1.1441935483870966,,140.88,4.5445161290322575,4.621389,-74.140833,31
2020,5,Las Ferias,Engativá,NASA_POWER,19.649677419354838,78.75709677419356,1.1441935483870966,,140.88,4.5445161290322575,4.690722,-74.0986,31
2020,5,MinAmbiente,Teusaquillo,NASA_POWER,19.649677419354838,78.75709677419356,1.1441935483870966,,140.88,4.5445161290322575,4.629306,-74.186944,31
2020,5,Movil Fontibon,Fontibón,NASA_POWER,23.740967741935485,74.69580645161291,1.2748387096774194,,112.87,3.640967741935484,4.640764,-74.870833,31
2020,5,Puente Aranda,Puente Aranda,NASA_POWER,19.649677419354838,78.75709677419356,1.1441935483870966,,140.88,4.5445161290322575,4.592444,-74.106667,31
2020,5,SUBA,Suba,NASA_POWER,19.649677419354838,78.75709677419356,1.1441935483870966,,140.88,4.5445161290322575,4.68025,-74.596111,31
2020,5,San Cristobal,San Cristóbal,NASA_POWER,19.649677419354838,78.75709677419356,1.1441935483870966,,140.88,4.5445161290322575,4.5725,-74.086389,31
2020,5,Suba,Suba,NASA_POWER,19.649677419354838,78.75709677419356,1.1441935483870966,,140.88,4.5445161290322575,4.68025,-74.596111,31
2020,5,Tunal,Tunjuelito,NASA_POWER,19.649677419354838,78.75709677419356,1.1441935483870966,,140.88,4.5445161290322575,4.575556,-74.138889,31
2020,5,Usaquen,Usaquén,NASA_POWER,19.649677419354838,78.75709677419356,1.1441935483870966,,140.88,4.5445161290322575,4.707306,-74.330417,31
2020,6,Bolivia,Engativá,NASA_POWER,18.525333333333332,79.155,1.244,,312.54,10.418000000000001,4.736978,-74.555,30
2020,6,Carvajal - Sevillana,Tunjuelito,NASA_POWER,18.525333333333332,79.155,1.244,,312.54,10.418000000000001,4.589722,-74.2175,30
2020,6,Centro de Alto Rendimiento,Barrios Unidos,NASA_POWER,18.525333333333332,79.155,1.244,,312.54,10.418000000000001,4.658556,-74.088556,30
2020,6,Ciudad Bolivar,Ciudad Bolívar,NASA_POWER,18.525333333333332,79.155,1.244,,312.54,10.418000000000001,4.577778,-74.165167,30
2020,6,Colina,Suba,NASA_POWER,18.525333333333332,79.155,1.244,,312.54,10.418000000000001,4.737194444444445,-74.06947222222222,30
2020,6,Fontibon,Fontibón,NASA_POWER,18.525333333333332,79.155,1.244,,312.54,10.418000000000001,4.679722,-74.1425,30
2020,6,Guaymaral,Suba,NASA_POWER,13.203333333333335,88.04566666666666,1.2313333333333332,,415.18,13.839333333333334,4.7837556,-74.044183,30
2020,6,Kennedy,Kennedy,NASA_POWER,18.525333333333332,79.155,1.244,,312.54,10.418000000000001,4.621389,-74.140833,30
2020,6,Las Ferias,Engativá,NASA_POWER,18.525333333333332,79.155,1.244,,312.54,10.418000000000001,4.690722,-74.0986,30
2020,6,MinAmbiente,Teusaquillo,NASA_POWER,18.525333333333332,79.155,1.244,,312.54,10.418000000000001,4.629306,-74.186944,30
2020,6,Movil Fontibon,Fontibón,NASA_POWER,22.77733333333333,74.04933333333334,1.2783333333333333,,137.37,4.579,4.640764,-74.870833,30
2020,6,Puente Aranda,Puente Aranda,NASA_POWER,18.525333333333332,79.155,1.244,,312.54,10.418000000000001,4.592444,-74.106667,30
2020,6,SUBA,Suba,NASA_POWER,18.525333333333332,79.155,1.244,,312.54,10.418000000000001,4.68025,-74.596111,30
2020,6,San Cristobal,San Cristóbal,NASA_POWER,18.525333333333332,79.155,1.244,,312.54,10.418000000000001,4.5725,-74.086389,30
2020,6,Suba,Suba,NASA_POWER,18.525333333333332,79.155,1.244,,312.54,10.418000000000001,4.68025,-74.596111,30
2020,6,Tunal,Tunjuelito,NASA_POWER,18.525333333333332,79.155,1.244,,312.54,10.418000000000001,4.575556,-74.138889,30
2020,6,Usaquen,Usaquén,NASA_POWER,18.525333333333332,79.155,1.244,,312.54,10.418000000000001,4.707306,-74.330417,30
2020,7,Bolivia,Engativá,NASA_POWER,18.291935483870965,78.14645161290322,1.1312903225806452,,205.21,6.619677419354839,4.736978,-74.555,31
2020,7,Carvajal - Sevillana,Tunjuelito,NASA_POWER,18.291935483870965,78.14645161290322,1.1312903225806452,,205.21,6.619677419354839,4.589722,-74.2175,31
2020,7,Centro de Alto Rendimiento,Barrios Unidos,NASA_POWER,18.291935483870965,78.14645161290322,1.1312903225806452,,205.21,6.619677419354839,4.658556,-74.088556,31
2020,7,Ciudad Bolivar,Ciudad Bolívar,NASA_POWER,18.291935483870965,78.14645161290322,1.1312903225806452,,205.21,6.619677419354839,4.577778,-74.165167,31
2020,7,Colina,Suba,NASA_POWER,18.291935483870965,78.14645161290322,1.1312903225806452,,205.21,6.619677419354839,4.737194444444445,-74.06947222222222,31
2020,7,Fontibon,Fontibón,NASA_POWER,18.291935483870965,78.14645161290322,1.1312903225806452,,205.21,6.619677419354839,4.679722,-74.1425,31
2020,7,Guaymaral,Suba,NASA_POWER,12.850000000000001,87.60903225806452,1.1864516129032259,,275.88,8.899354838709677,4.7837556,-74.044183,31
2020,7,Kennedy,Kennedy,NASA_POWER,18.291935483870965,78.14645161290322,1.1312903225806452,,205.21,6.619677419354839,4.621389,-74.140833,31
2020,7,Las Ferias,Engativá,NASA_POWER,18.291935483870965,78.14645161290322,1.1312903225806452,,205.21,6.619677419354839,4.690722,-74.0986,31
2020,7,MinAmbiente,Teusaquillo,NASA_POWER,18.291935483870965,78.14645161290322,1.1312903225806452,,205.21,6.619677419354839,4.629306,-74.186944,31
2020,7,Movil Fontibon,Fontibón,NASA_POWER,22.70483870967742,72.77741935483871,1.385483870967742,,122.91,3.9648387096774194,4.640764,-74.870833,31
2020,7,Puente Aranda,Puente Aranda,NASA_POWER,18.291935483870965,78.14645161290322,1.1312903225806452,,205.21,6.619677419354839,4.592444,-74.106667,31
2020,7,SUBA,Suba,NASA_POWER,18.291935483870965,78.14645161290322,1.1312903225806452,,205.21,6.619677419354839,4.68025,-74.596111,31
2020,7,San Cristobal,San Cristóbal,NASA_POWER,18.291935483870965,78.14645161290322,1.1312903225806452,,205.21,6.619677419354839,4.5725,-74.086389,31
2020,7,Suba,Suba,NASA_POWER,18.291935483870965,78.14645161290322,1.1312903225806452,,205.21,6.619677419354839,4.68025,-74.596111,31
2020,7,Tunal,Tunjuelito,NASA_POWER,18.291935483870965,78.14645161290322,1.1312903225806452,,205.21,6.619677419354839,4.575556,-74.138889,31
2020,7,Usaquen,Usaquén,NASA_POWER,18.291935483870965,78.14645161290322,1.1312903225806452,,205.21,6.619677419354839,4.707306,-74.330417,31
2020,8,Bolivia,Engativá,NASA_POWER,18.786129032258064,77.94483870967741,1.1151612903225807,,121.34,3.914193548387097,4.736978,-74.555,31
2020,8,Carvajal - Sevillana,Tunjuelito,NASA_POWER,18.786129032258064,77.94483870967741,1.1151612903225807,,121.34,3.914193548387097,4.589722,-74.2175,31
2020,8,Centro de Alto Rendimiento,Barrios Unidos,NASA_POWER,18.786129032258064,77.94483870967741,1.1151612903225807,,121.34,3.914193548387097,4.658556,-74.088556,31
2020,8,Ciudad Bolivar,Ciudad Bolívar,NASA_POWER,18.786129032258064,77.94483870967741,1.1151612903225807,,121.34,3.914193548387097,4.577778,-74.165167,31
2020,8,Colina,Suba,NASA_POWER,18.786129032258064,77.94483870967741,1.1151612903225807,,121.34,3.914193548387097,4.737194444444445,-74.06947222222222,31
2020,8,Fontibon,Fontibón,NASA_POWER,18.786129032258064,77.94483870967741,1.1151612903225807,,121.34,3.914193548387097,4.679722,-74.1425,31
2020,8,Guaymaral,Suba,NASA_POWER,13.425483870967742,86.28096774193548,1.0506451612903225,,149.65,4.827419354838709,4.7837556,-74.044183,31
2020,8,Kennedy,Kennedy,NASA_POWER,18.786129032258064,77.94483870967741,1.1151612903225807,,121.34,3.914193548387097,4.621389,-74.140833,31
2020,8,Las Ferias,Engativá,NASA_POWER,18.786129032258064,77.94483870967741,1.1151612903225807,,121.34,3.914193548387097,4.690722,-74.0986,31
2020,8,MinAmbiente,Teusaquillo,NASA_POWER,18.786129032258064,77.94483870967741,1.1151612903225807,,121.34,3.914193548387097,4.629306,-74.186944,31
2020,8,Movil Fontibon,Fontibón,NASA_POWER,23.50483870967742,70.25354838709679,1.340967741935484,,126.19,4.070645161290322,4.640764,-74.870833,31
2020,8,Puente Aranda,Puente Aranda,NASA_POWER,18.786129032258064,77.94483870967741,1.1151612903225807,,121.34,3.914193548387097,4.592444,-74.106667,31
2020,8,SUBA,Suba,NASA_POWER,18.786129032258064,77.94483870967741,1.1151612903225807,,121.34,3.914193548387097,4.68025,-74.596111,31
2020,8,San Cristobal,San Cristóbal,NASA_POWER,18.786129032258064,77.94483870967741,1.1151612903225807,,121.34,3.914193548387097,4.5725,-74.086389,31
2020,8,Suba,Suba,NASA_POWER,18.786129032258064,77.94483870967741,1.1151612903225807,,121.34,3.914193548387097,4.68025,-74.596111,31
2020,8,Tunal,Tunjuelito,NASA_POWER,18.786129032258064,77.94483870967741,1.1151612903225807,,121.34,3.914193548387097,4.575556,-74.138889,31
2020,8,Usaquen,Usaquén,NASA_POWER,18.786129032258064,77.94483870967741,1.1151612903225807,,121.34,3.914193548387097,4.707306,-74.330417,31
2020,9,Bolivia,Engativá,NASA_POWER,18.945333333333334,76.04299999999999,1.1340000000000001,,119.27000000000001,3.975666666666667,4.736978,-74.555,30
2020,9,Carvajal - Sevillana,Tunjuelito,NASA_POWER,18.945333333333334,76.04299999999999,1.1340000000000001,,119.27000000000001,3.975666666666667,4.589722,-74.2175,30
2020,9,Centro de Alto Rendimiento,Barrios Unidos,NASA_POWER,18.945333333333334,76.04299999999999,1.1340000000000001,,119.27000000000001,3.975666666666667,4.658556,-74.088556,30
2020,9,Ciudad Bolivar,Ciudad Bolívar,NASA_POWER,18.945333333333334,76.04299999999999,1.1340000000000001,,119.27000000000001,3.975666666666667,4.577778,-74.165167,30
2020,9,Colina,Suba,NASA_POWER,18.945333333333334,76.04299999999999,1.1340000000000001,,119.27000000000001,3.975666666666667,4.737194444444445,-74.06947222222222,30
2020,9,Fontibon,Fontibón,NASA_POWER,18.945333333333334,76.04299999999999,1.1340000000000001,,119.27000000000001,3.975666666666667,4.679722,-74.1425,30
2020,9,Guaymaral,Suba,NASA_POWER,13.546333333333333,85.146,0.978,,166.47,5.549,4.7837556,-74.044183,30
2020,9,Kennedy,Kennedy,NASA_POWER,18.945333333333334,76.04299999999999,1.1340000000000001,,119.27000000000001,3.975666666666667,4.621389,-74.140833,30
2020,9,Las Ferias,Engativá,NASA_POWER,18.945333333333334,76.04299999999999,1.1340000000000001,,119.27000000000001,3.975666666666667,4.690722,-74.0986,30
2020,9,MinAmbiente,Teusaquillo,NASA_POWER,18.945333333333334,76.04299999999999,1.1340000000000001,,119.27000000000001,3.975666666666667,4.629306,-74.186944,30
2020,9,Movil Fontibon,Fontibón,NASA_POWER,23.928,67.68266666666666,1.2280000000000002,,73.7,2.4566666666666666,4.640764,-74.870833,30
2020,9,Puente Aranda,Puente Aranda,NASA_POWER,18.945333333333334,76.04299999999999,1.1340000000000001,,119.27000000000001,3.975666666666667,4.592444,-74.106667,30
2020,9,SUBA,Suba,NASA_POWER,18.945333333333334,76.04299999999999,1.1340000000000001,,119.27000000000001,3.975666666666667,4.68025,-74.596111,30
2020,9,San Cristobal,San Cristóbal,NASA_POWER,18.945333333333334,76.04299999999999,1.1340000000000001,,119.27000000000001,3.975666666666667,4.5725,-74.086389,30
2020,9,Suba,Suba,NASA_POWER,18.945333333333334,76.04299999999999,1.1340000000000001,,119.27000000000001,3.975666666666667,4.68025,-74.596111,30
2020,9,Tunal,Tunjuelito,NASA_POWER,18.945333333333334,76.04299999999999,1.1340000000000001,,119.27000000000001,3.975666666666667,4.575556,-74.138889,30
2020,9,Usaquen,Usaquén,NASA_POWER,18.945333333333334,76.04299999999999,1.1340000000000001,,119.27000000000001,3.975666666666667,4.707306,-74.330417,30
2020,10,Bolivia,Engativá,NASA_POWER,19.17096774193548,72.35612903225807,1.274516129032258,,60.73,1.959032258064516,4.736978,-74.555,31
2020,10,Carvajal - Sevillana,Tunjuelito,NASA_POWER,19.17096774193548,72.35612903225807,1.274516129032258,,60.73,1.959032258064516,4.589722,-74.2175,31
2020,10,Centro de Alto Rendimiento,Barrios Unidos,NASA_POWER,19.17096774193548,72.35612903225807,1.274516129032258,,60.73,1.959032258064516,4.658556,-74.088556,31
2020,10,Ciudad Bolivar,Ciudad Bolívar,NASA_POWER,19.17096774193548,72.35612903225807,1.274516129032258,,60.73,1.959032258064516,4.577778,-74.165167,31
2020,10,Colina,Suba,NASA_POWER,19.17096774193548,72.35612903225807,1.274516129032258,,60.73,1.959032258064516,4.737194444444445,-74.06947222222222,31
2020,10,Fontibon,Fontibón,NASA_POWER,19.17096774193548,72.35612903225807,1.274516129032258,,60.73,1.959032258064516,4.679722,-74.1425,31
2020,10,Guaymaral,Suba,NASA_POWER,13.533225806451613,83.77709677419355,0.9903225806451613,,51.26,1.6535483870967742,4.7837556,-74.044183,31
2020,10,Kennedy,Kennedy,NASA_POWER,19.17096774193548,72.35612903225807,1.274516129032258,,60.73,1.959032258064516,4.621389,-74.140833,31
2020,10,Las Ferias,Engativá,NASA_POWER,19.17096774193548,72.35612903225807,1.274516129032258,,60.73,1.959032258064516,4.690722,-74.0986,31
2020,10,MinAmbiente,Teusaquillo,NASA_POWER,19.17096774193548,72.35612903225807,1.274516129032258,,60.73,1.959032258064516,4.629306,-74.186944,31
2020,10,Movil Fontibon,Fontibón,NASA_POWER,24.365161290322582,62.97032258064516,1.3351612903225807,,100.68,3.2477419354838712,4.640764,-74.870833,31
2020,10,Puente Aranda,Puente Aranda,NASA_POWER,19.17096774193548,72.35612903225807,1.274516129032258,,60.73,1.959032258064516,4.592444,-74.106667,31
2020,10,SUBA,Suba,NASA_POWER,19.17096774193548,72.35612903225807,1.274516129032258,,60.73,1.959032258064516,4.68025,-74.596111,31
2020,10,San Cristobal,San Cristóbal,NASA_POWER,19.17096774193548,72.35612903225807,1.274516129032258,,60.73,1.959032258064516,4.5725,-74.086389,31
2020,10,Suba,Suba,NASA_POWER,19.17096774193548,72.35612903225807,1.274516129032258,,60.73,1.959032258064516,4.68025,-74.596111,31
2020,10,Tunal,Tunjuelito,NASA_POWER,19.17096774193548,72.35612903225807,1.274516129032258,,60.73,1.959032258064516,4.575556,-74.138889,31
2020,10,Usaquen,Usaquén,NASA_POWER,19.17096774193548,72.35612903225807,1.274516129032258,,60.73,1.959032258064516,4.707306,-74.330417,31
2020,11,Bolivia,Engativá,NASA_POWER,18.611333333333334,81.52933333333334,0.8076666666666666,,71.11,2.3703333333333334,4.736978,-74.555,30
2020,11,Carvajal - Sevillana,Tunjuelito,NASA_POWER,18.611333333333334,81.52933333333334,0.8076666666666666,,71.11,2.3703333333333334,4.589722,-74.2175,30
2020,11,Centro de Alto Rendimiento,Barrios Unidos,NASA_POWER,18.611333333333334,81.52933333333334,0.8076666666666666,,71.11,2.3703333333333334,4.658556,-74.088556,30
2020,11,Ciudad Bolivar,Ciudad Bolívar,NASA_POWER,18.611333333333334,81.52933333333334,0.8076666666666666,,71.11,2.3703333333333334,4.577778,-74.165167,30
2020,11,Colina,Suba,NASA_POWER,18.611333333333334,81.52933333333334,0.8076666666666666,,71.11,2.3703333333333334,4.737194444444445,-74.06947222222222,30
2020,11,Fontibon,Fontibón,NASA_POWER,18.611333333333334,81.52933333333334,0.8076666666666666,,71.11,2.3703333333333334,4.679722,-74.1425,30
2020,11,Guaymaral,Suba,NASA_POWER,14.366333333333333,87.069,0.484,,49.800000000000004,1.6600000000000001,4.7837556,-74.044183,30
2020,11,Kennedy,Kennedy,NASA_POWER,18.611333333333334,81.52933333333334,0.8076666666666666,,71.11,2.3703333333333334,4.621389,-74.140833,30
2020,11,Las Ferias,Engativá,NASA_POWER,18.611333333333334,81.52933333333334,0.8076666666666666,,71.11,2.3703333333333334,4.690722,-74.0986,30
2020,11,MinAmbiente,Teusaquillo,NASA_POWER,18.611333333333334,81.52933333333334,0.8076666666666666,,71.11,2.3703333333333334,4.629306,-74.186944,30
2020,11,Movil Fontibon,Fontibón,NASA_POWER,23.036333333333335,75.56833333333334,0.932,,108.84,3.628,4.640764,-74.870833,30
2020,11,Puente Aranda,Puente Aranda,NASA_POWER,18.611333333333334,81.52933333333334,0.8076666666666666,,71.11,2.3703333333333334,4.592444,-74.106667,30
2020,11,SUBA,Suba,NASA_POWER,18.611333333333334,81.52933333333334,0.8076666666666666,,71.11,2.3703333333333334,4.68025,-74.596111,30
2020,11,San Cristobal,San Cristóbal,NASA_POWER,18.611333333333334,81.52933333333334,0.8076666666666666,,71.11,2.3703333333333334,4.5725,-74.086389,30
2020,11,Suba,Suba,NASA_POWER,18.611333333333334,81.52933333333334,0.8076666666666666,,71.11,2.3703333333333334,4.68025,-74.596111,30
2020,11,Tunal,Tunjuelito,NASA_POWER,18.611333333333334,81.52933333333334,0.8076666666666666,,71.11,2.3703333333333334,4.575556,-74.138889,30
2020,11,Usaquen,Usaquén,NASA_POWER,18.611333333333334,81.52933333333334,0.8076666666666666,,71.11,2.3703333333333334,4.707306,-74.330417,30
2020,12,Bolivia,Engativá,NASA_POWER,19.31935483870968,74.79225806451613,0.8703225806451613,,113.99000000000001,3.6770967741935485,4.736978,-74.555,31
2020,12,Carvajal - Sevillana,Tunjuelito,NASA_POWER,19.31935483870968,74.79225806451613,0.8703225806451613,,113.99000000000001,3.6770967741935485,4.589722,-74.2175,31
2020,12,Centro de Alto Rendimiento,Barrios Unidos,NASA_POWER,19.31935483870968,74.79225806451613,0.8703225806451613,,113.99000000000001,3.6770967741935485,4.658556,-74.088556,31
2020,12,Ciudad Bolivar,Ciudad Bolívar,NASA_POWER,19.31935483870968,74.79225806451613,0.8703225806451613,,113.99000000000001,3.6770967741935485,4.577778,-74.165167,31
2020,12,Colina,Suba,NASA_POWER,19.31935483870968,74.79225806451613,0.8703225806451613,,113.99000000000001,3.6770967741935485,4.737194444444445,-74.06947222222222,31
2020,12,Fontibon,Fontibón,NASA_POWER,19.31935483870968,74.79225806451613,0.8703225806451613,,113.99000000000001,3.6770967741935485,4.679722,-74.1425,31
2020,12,Guaymaral,Suba,NASA_POWER,14.196451612903225,85.69290322580645,0.7341935483870968,,87.41,2.8196774193548384,4.7837556,-74.044183,31
2020,12,Kennedy,Kennedy,NASA_POWER,19.31935483870968,74.79225806451613,0.8703225806451613,,113.99000000000001,3.6770967741935485,4.621389,-74.140833,31
2020,12,Las Ferias,Engativá,NASA_POWER,19.31935483870968,74.79225806451613,0.8703225806451613,,113.99000000000001,3.6770967741935485,4.690722,-74.0986,31
2020,12,MinAmbiente,Teusaquillo,NASA_POWER,19.31935483870968,74.79225806451613,0.8703225806451613,,113.99000000000001,3.6770967741935485,4.629306,-74.186944,31
2020,12,Movil Fontibon,Fontibón,NASA_POWER,23.468064516129033,71.74741935483871,0.8629032258064516,,143.4,4.625806451612903,4.640764,-74.870833,31
2020,12,Puente Aranda,Puente Aranda,NASA_POWER,19.31935483870968,74.79225806451613,0.8703225806451613,,113.99000000000001,3.6770967741935485,4.592444,-74.106667,31
2020,12,SUBA,Suba,NASA_POWER,19.31935483870968,74.79225806451613,0.8703225806451613,,113.99000000000001,3.6770967741935485,4.68025,-74.596111,31
2020,12,San Cristobal,San Cristóbal,NASA_POWER,19.31935483870968,74.79225806451613,0.8703225806451613,,113.99000000000001,3.6770967741935485,4.5725,-74.086389,31
2020,12,Suba,Suba,NASA_POWER,19.31935483870968,74.79225806451613,0.8703225806451613,,113.99000000000001,3.6770967741935485,4.68025,-74.596111,31
2020,12,Tunal,Tunjuelito,NASA_POWER,19.31935483870968,74.79225806451613,0.8703225806451613,,113.99000000000001,3.6770967741935485,4.575556,-74.138889,31
2020,12,Usaquen,Usaquén,NASA_POWER,19.31935483870968,74.79225806451613,0.8703225806451613,,113.99000000000001,3.6770967741935485,4.707306,-74.330417,31
2021,1,Bolivia,Engativá,NASA_POWER,18.838064516129034,73.38612903225807,1.0696774193548386,,105.14,3.3916129032258064,4.736978,-74.555,31
2021,1,Carvajal - Sevillana,Tunjuelito,NASA_POWER,18.838064516129034,73.38612903225807,1.0696774193548386,,105.14,3.3916129032258064,4.589722,-74.2175,31
2021,1,Centro de Alto Rendimiento,Barrios Unidos,NASA_POWER,18.838064516129034,73.38612903225807,1.0696774193548386,,105.14,3.3916129032258064,4.658556,-74.088556,31
2021,1,Ciudad Bolivar,Ciudad Bolívar,NASA_POWER,18.838064516129034,73.38612903225807,1.0696774193548386,,105.14,3.3916129032258064,4.577778,-74.165167,31
2021,1,Colina,Suba,NASA_POWER,18.838064516129034,73.38612903225807,1.0696774193548386,,105.14,3.3916129032258064,4.737194444444445,-74.06947222222222,31
2021,1,Fontibon,Fontibón,NASA_POWER,18.838064516129034,73.38612903225807,1.0696774193548386,,105.14,3.3916129032258064,4.679722,-74.1425,31
2021,1,Guaymaral,Suba,NASA_POWER,13.322903225806451,84.68354838709678,0.9583870967741935,,91.89,2.964193548387097,4.7837556,-74.044183,31
2021,1,Kennedy,Kennedy,NASA_POWER,18.838064516129034,73.38612903225807,1.0696774193548386,,105.14,3.3916129032258064,4.621389,-74.140833,31
2021,1,Las Ferias,Engativá,NASA_POWER,18.838064516129034,73.38612903225807,1.0696774193548386,,105.14,3.3916129032258064,4.690722,-74.0986,31
2021,1,MinAmbiente,Teusaquillo,NASA_POWER,18.838064516129034,73.38612903225807,1.0696774193548386,,105.14,3.3916129032258064,4.629306,-74.186944,31
2021,1,Movil Fontibon,Fontibón,NASA_POWER,22.868387096774192,73.04709677419355,1.0803225806451613,,108.23,3.491290322580645,4.640764,-74.870833,31
2021,1,Puente Aranda,Puente Aranda,NASA_POWER,18.838064516129034,73.38612903225807,1.0696774193548386,,105.14,3.3916129032258064,4.592444,-74.106667,31
2021,1,SUBA,Suba,NASA_POWER,18.838064516129034,73.38612903225807,1.0696774193548386,,105.14,3.3916129032258064,4.68025,-74.596111,31
2021,1,San Cristobal,San Cristóbal,NASA_POWER,18.838064516129034,73.38612903225807,1.0696774193548386,,105.14,3.3916129032258064,4.5725,-74.086389,31
2021,1,Suba,Suba,NASA_POWER,18.838064516129034,73.38612903225807,1.0696774193548386,,105.14,3.3916129032258064,4.68025,-74.596111,31
2021,1,Tunal,Tunjuelito,NASA_POWER,18.838064516129034,73.38612903225807,1.0696774193548386,,105.14,3.3916129032258064,4.575556,-74.138889,31
2021,1,Usaquen,Usaquén,NASA_POWER,18.838064516129034,73.38612903225807,1.0696774193548386,,105.14,3.3916129032258064,4.707306,-74.330417,31
2021,2,Bolivia,Engativá,NASA_POWER,19.620714285714286,74.44678571428572,1.0442857142857143,,98.38,3.5135714285714283,4.736978,-74.555,28
2021,2,Carvajal - Sevillana,Tunjuelito,NASA_POWER,19.620714285714286,74.44678571428572,1.0442857142857143,,98.38,3.5135714285714283,4.589722,-74.2175,28
2021,2,Centro de Alto Rendimiento,Barrios Unidos,NASA_POWER,19.620714285714286,74.44678571428572,1.0442857142857143,,98.38,3.5135714285714283,4.658556,-74.088556,28
2021,2,Ciudad Bolivar,Ciudad Bolívar,NASA_POWER,19.620714285714286,74.44678571428572,1.0442857142857143,,98.38,3.5135714285714283,4.577778,-74.165167,28
2021,2,Colina,Suba,NASA_POWER,19.620714285714286,74.44678571428572,1.0442857142857143,,98.38,3.5135714285714283,4.737194444444445,-74.06947222222222,28
2021,2,Fontibon,Fontibón,NASA_POWER,19.620714285714286,74.44678571428572,1.0442857142857143,,98.38,3.5135714285714283,4.679722,-74.1425,28
2021,2,Guaymaral,Suba,NASA_POWER,14.053571428571429,85.95178571428572,0.8278571428571428,,96.04,3.43,4.7837556,-74.044183,28
2021,2,Kennedy,Kennedy,NASA_POWER,19.620714285714286,74.44678571428572,1.0442857142857143,,98.38,3.5135714285714283,4.621389,-74.140833,28
2021,2,Las Ferias,Engativá,NASA_POWER,19.620714285714286,74.44678571428572,1.0442857142857143,,98.38,3.5135714285714283,4.690722,-74.0986,28
2021,2,MinAmbiente,Teusaquillo,NASA_POWER,19.620714285714286,74.44678571428572,1.0442857142857143,,98.38,3.5135714285714283,4.629306,-74.186944,28
2021,2,Movil Fontibon,Fontibón,NASA_POWER,23.574285714285715,73.33035714285714,1.0174999999999998,,93.71,3.3467857142857143,4.640764,-74.870833,28
2021,2,Puente Aranda,Puente Aranda,NASA_POWER,19.620714285714286,74.44678571428572,1.0442857142857143,,98.38,3.5135714285714283,4.592444,-74.106667,28
2021,2,SUBA,Suba,NASA_POWER,19.620714285714286,74.44678571428572,1.0442857142857143,,98.38,3.5135714285714283,4.68025,-74.596111,28
2021,2,San Cristobal,San Cristóbal,NASA_POWER,19.620714285714286,74.44678571428572,1.0442857142857143,,98.38,3.5135714285714283,4.5725,-74.086389,28
2021,2,Suba,Suba,NASA_POWER,19.620714285714286,74.44678571428572,1.0442857142857143,,98.38,3.5135714285714283,4.68025,-74.596111,28
2021,2,Tunal,Tunjuelito,NASA_POWER,19.620714285714286,74.44678571428572,1.0442857142857143,,98.38,3.5135714285714283,4.575556,-74.138889,28
2021,2,Usaquen,Usaquén,NASA_POWER,19.620714285714286,74.44678571428572,1.0442857142857143,,98.38,3.5135714285714283,4.707306,-74.330417,28
2021,3,Bolivia,Engativá,NASA_POWER,18.69483870967742,79.48903225806451,0.9319354838709678,,132.12,4.2619354838709675,4.736978,-74.555,31
2021,3,Carvajal - Sevillana,Tunjuelito,NASA_POWER,18.69483870967742,79.48903225806451,0.9319354838709678,,132.12,4.2619354838709675,4.589722,-74.2175,31
2021,3,Centro de Alto Rendimiento,Barrios Unidos,NASA_POWER,18.69483870967742,79.48903225806451,0.9319354838709678,,132.12,4.2619354838709675,4.658556,-74.088556,31
2021,3,Ciudad Bolivar,Ciudad Bolívar,NASA_POWER,18.69483870967742,79.48903225806451,0.9319354838709678,,132.12,4.2619354838709675,4.577778,-74.165167,31
2021,3,Colina,Suba,NASA_POWER,18.69483870967742,79.48903225806451,0.9319354838709678,,132.12,4.2619354838709675,4.737194444444445,-74.06947222222222,31
2021,3,Fontibon,Fontibón,NASA_POWER,18.69483870967742,79.48903225806451,0.9319354838709678,,132.12,4.2619354838709675,4.679722,-74.1425,31
2021,3,Guaymaral,Suba,NASA_POWER,13.863870967741935,86.32225806451613,0.7658064516129033,,108.25,3.4919354838709675,4.7837556,-74.044183,31
2021,3,Kennedy,Kennedy,NASA_POWER,18.69483870967742,79.48903225806451,0.9319354838709678,,132.12,4.2619354838709675,4.621389,-74.140833,31
2021,3,Las Ferias,Engativá,NASA_POWER,18.69483870967742,79.48903225806451,0.9319354838709678,,132.12,4.2619354838709675,4.690722,-74.0986,31
2021,3,MinAmbiente,Teusaquillo,NASA_POWER,18.69483870967742,79.48903225806451,0.9319354838709678,,132.12,4.2619354838709675,4.629306,-74.186944,31
2021,3,Movil Fontibon,Fontibón,NASA_POWER,22.909354838709678,75.94225806451612,0.8990322580645161,,135.16,4.36,4.640764,-74.870833,31
2021,3,Puente Aranda,Puente Aranda,NASA_POWER,18.69483870967742,79.48903225806451,0.9319354838709678,,132.12,4.2619354838709675,4.592444,-74.106667,31
2021,3,SUBA,Suba,NASA_POWER,18.69483870967742,79.48903225806451,0.9319354838709678,,132.12,4.2619354838709675,4.68025,-74.596111,31
2021,3,San Cristobal,San Cristóbal,NASA_POWER,18.69483870967742,79.48903225806451,0.9319354838709678,,132.12,4.2619354838709675,4.5725,-74.086389,31
2021,3,Suba,Suba,NASA_POWER,18.69483870967742,79.48903225806451,0.9319354838709678,,132.12,4.2619354838709675,4.68025,-74.596111,31
2021,3,Tunal,Tunjuelito,NASA_POWER,18.69483870967742,79.48903225806451,0.9319354838709678,,132.12,4.2619354838709675,4.575556,-74.138889,31
2021,3,Usaquen,Usaquén,NASA_POWER,18.69483870967742,79.48903225806451,0.9319354838709678,,132.12,4.2619354838709675,4.707306,-74.330417,31
2021,4,Bolivia,Engativá,NASA_POWER,19.200333333333333,79.31633333333333,0.9443333333333334,,176.72,5.890666666666666,4.736978,-74.555,30
2021,4,Carvajal - Sevillana,Tunjuelito,NASA_POWER,19.200333333333333,79.31633333333333,0.9443333333333334,,176.72,5.890666666666666,4.589722,-74.2175,30
2021,4,Centro de Alto Rendimiento,Barrios Unidos,NASA_POWER,19.200333333333333,79.31633333333333,0.9443333333333334,,176.72,5.890666666666666,4.658556,-74.088556,30
2021,4,Ciudad Bolivar,Ciudad Bolívar,NASA_POWER,19.200333333333333,79.31633333333333,0.9443333333333334,,176.72,5.890666666666666,4.577778,-74.165167,30
2021,4,Colina,Suba,NASA_POWER,19.200333333333333,79.31633333333333,0.9443333333333334,,176.72,5.890666666666666,4.737194444444445,-74.06947222222222,30
2021,4,Fontibon,Fontibón,NASA_POWER,19.200333333333333,79.31633333333333,0.9443333333333334,,176.72,5.890666666666666,4.679722,-74.1425,30
2021,4,Guaymaral,Suba,NASA_POWER,14.189666666666666,86.45100000000001,1.0013333333333334,,146.64000000000001,4.888000000000001,4.7837556,-74.044183,30
2021,4,Kennedy,Kennedy,NASA_POWER,19.200333333333333,79.31633333333333,0.9443333333333334,,176.72,5.890666666666666,4.621389,-74.140833,30
2021,4,Las Ferias,Engativá,NASA_POWER,19.200333333333333,79.31633333333333,0.9443333333333334,,176.72,5.890666666666666,4.690722,-74.0986,30
2021,4,MinAmbiente,Teusaquillo,NASA_POWER,19.200333333333333,79.31633333333333,0.9443333333333334,,176.72,5.890666666666666,4.629306,-74.186944,30
2021,4,Movil Fontibon,Fontibón,NASA_POWER,22.60533333333333,79.244,1.294,,206.14,6.871333333333333,4.640764,-74.870833,30
2021,4,Puente Aranda,Puente Aranda,NASA_POWER,19.200333333333333,79.31633333333333,0.9443333333333334,,176.72,5.890666666666666,4.592444,-74.106667,30
2021,4,SUBA,Suba,NASA_POWER,19.200333333333333,79.31633333333333,0.9443333333333334,,176.72,5.890666666666666,4.68025,-74.596111,30
2021,4,San Cristobal,San Cristóbal,NASA_POWER,19.200333333333333,79.31633333333333,0.9443333333333334,,176.72,5.890666666666666,4.5725,-74.086389,30
2021,4,Suba,Suba,NASA_POWER,19.200333333333333,79.31633333333333,0.9443333333333334,,176.72,5.890666666666666,4.68025,-74.596111,30
2021,4,Tunal,Tunjuelito,NASA_POWER,19.200333333333333,79.31633333333333,0.9443333333333334,,176.72,5.890666666666666,4.575556,-74.138889,30
2021,4,Usaquen,Usaquén,NASA_POWER,19.200333333333333,79.31633333333333,0.9443333333333334,,176.72,5.890666666666666,4.707306,-74.330417,30
2021,5,Bolivia,Engativá,NASA_POWER,19.156774193548387,78.49290322580646,1.1796774193548387,,53.85,1.7370967741935484,4.736978,-74.555,31
2021,5,Carvajal - Sevillana,Tunjuelito,NASA_POWER,19.156774193548387,78.49290322580646,1.1796774193548387,,53.85,1.7370967741935484,4.589722,-74.2175,31
2021,5,Centro de Alto Rendimiento,Barrios Unidos,NASA_POWER,19.156774193548387,78.49290322580646,1.1796774193548387,,53.85,1.7370967741935484,4.658556,-74.088556,31
2021,5,Ciudad Bolivar,Ciudad Bolívar,NASA_POWER,19.156774193548387,78.49290322580646,1.1796774193548387,,53.85,1.7370967741935484,4.577778,-74.165167,31
2021,5,Colina,Suba,NASA_POWER,19.156774193548387,78.49290322580646,1.1796774193548387,,53.85,1.7370967741935484,4.737194444444445,-74.06947222222222,31
2021,5,Fontibon,Fontibón,NASA_POWER,19.156774193548387,78.49290322580646,1.1796774193548387,,53.85,1.7370967741935484,4.679722,-74.1425,31
2021,5,Guaymaral,Suba,NASA_POWER,14.178387096774193,86.09096774193549,1.1193548387096774,,2.18,0.0703225806451613,4.7837556,-74.044183,31
2021,5,Kennedy,Kennedy,NASA_POWER,19.156774193548387,78.49290322580646,1.1796774193548387,,53.85,1.7370967741935484,4.621389,-74.140833,31
2021,5,Las Ferias,Engativá,NASA_POWER,19.156774193548387,78.49290322580646,1.1796774193548387,,53.85,1.7370967741935484,4.690722,-74.0986,31
2021,5,MinAmbiente,Teusaquillo,NASA_POWER,19.156774193548387,78.49290322580646,1.1796774193548387,,53.85,1.7370967741935484,4.629306,-74.186944,31
2021,5,Movil Fontibon,Fontibón,NASA_POWER,22.725483870967743,77.41967741935484,1.429032258064516,,101.84,3.2851612903225806,4.640764,-74.870833,31
2021,5,Puente Aranda,Puente Aranda,NASA_POWER,19.156774193548387,78.49290322580646,1.1796774193548387,,53.85,1.7370967741935484,4.592444,-74.106667,31
2021,5,SUBA,Suba,NASA_POWER,19.156774193548387,78.49290322580646,1.1796774193548387,,53.85,1.7370967741935484,4.68025,-74.596111,31
2021,5,San Cristobal,San Cristóbal,NASA_POWER,19.156774193548387,78.49290322580646,1.1796774193548387,,53.85,1.7370967741935484,4.5725,-74.086389,31
2021,5,Suba,Suba,NASA_POWER,19.156774193548387,78.49290322580646,1.1796774193548387,,53.85,1.7370967741935484,4.68025,-74.596111,31
2021,5,Tunal,Tunjuelito,NASA_POWER,19.156774193548387,78.49290322580646,1.1796774193548387,,53.85,1.7370967741935484,4.575556,-74.138889,31
2021,5,Usaquen,Usaquén,NASA_POWER,19.156774193548387,78.49290322580646,1.1796774193548387,,53.85,1.7370967741935484,4.707306,-74.330417,31
2021,6,Bolivia,Engativá,NASA_POWER,18.355666666666664,79.12733333333334,1.1006666666666665,,196.89,6.563,4.736978,-74.555,30
2021,6,Carvajal - Sevillana,Tunjuelito,NASA_POWER,18.355666666666664,79.12733333333334,1.1006666666666665,,196.89,6.563,4.589722,-74.2175,30
2021,6,Centro de Alto Rendimiento,Barrios Unidos,NASA_POWER,18.355666666666664,79.12733333333334,1.1006666666666665,,196.89,6.563,4.658556,-74.088556,30
2021,6,Ciudad Bolivar,Ciudad Bolívar,NASA_POWER,18.355666666666664,79.12733333333334,1.1006666666666665,,196.89,6.563,4.577778,-74.165167,30
2021,6,Colina,Suba,NASA_POWER,18.355666666666664,79.12733333333334,1.1006666666666665,,196.89,6.563,4.737194444444445,-74.06947222222222,30
2021,6,Fontibon,Fontibón,NASA_POWER,18.355666666666664,79.12733333333334,1.1006666666666665,,196.89,6.563,4.679722,-74.1425,30
2021,6,Guaymaral,Suba,NASA_POWER,13.51,85.107,1.227,,78.04,2.6013333333333337,4.7837556,-74.044183,30
2021,6,Kennedy,Kennedy,NASA_POWER,18.355666666666664,79.12733333333334,1.1006666666666665,,196.89,6.563,4.621389,-74.140833,30
2021,6,Las Ferias,Engativá,NASA_POWER,18.355666666666664,79.12733333333334,1.1006666666666665,,196.89,6.563,4.690722,-74.0986,30
2021,6,MinAmbiente,Teusaquillo,NASA_POWER,18.355666666666664,79.12733333333334,1.1006666666666665,,196.89,6.563,4.629306,-74.186944,30
2021,6,Movil Fontibon,Fontibón,NASA_POWER,21.489666666666665,81.18466666666667,1.4923333333333335,,204.75,6.825,4.640764,-74.870833,30
2021,6,Puente Aranda,Puente Aranda,NASA_POWER,18.355666666666664,79.12733333333334,1.1006666666666665,,196.89,6.563,4.592444,-74.106667,30
2021,6,SUBA,Suba,NASA_POWER,18.355666666666664,79.12733333333334,1.1006666666666665,,196.89,6.563,4.68025,-74.596111,30
2021,6,San Cristobal,San Cristóbal,NASA_POWER,18.355666666666664,79.12733333333334,1.1006666666666665,,196.89,6.563,4.5725,-74.086389,30
2021,6,Suba,Suba,NASA_POWER,18.355666666666664,79.12733333333334,1.1006666666666665,,196.89,6.563,4.68025,-74.596111,30
2021,6,Tunal,Tunjuelito,NASA_POWER,18.355666666666664,79.12733333333334,1.1006666666666665,,196.89,6.563,4.575556,-74.138889,30
2021,6,Usaquen,Usaquén,NASA_POWER,18.355666666666664,79.12733333333334,1.1006666666666665,,196.89,6.563,4.707306,-74.330417,30
2021,7,Bolivia,Engativá,NASA_POWER,18.631612903225808,75.01322580645162,1.6390322580645162,,57.61,1.8583870967741936,4.736978,-74.555,31
2021,7,Carvajal - Sevillana,Tunjuelito,NASA_POWER,18.631612903225808,75.01322580645162,1.6390322580645162,,57.61,1.8583870967741936,4.589722,-74.2175,31
2021,7,Centro de Alto Rendimiento,Barrios Unidos,NASA_POWER,18.631612903225808,75.01322580645162,1.6390322580645162,,57.61,1.8583870967741936,4.658556,-74.088556,31
2021,7,Ciudad Bolivar,Ciudad Bolívar,NASA_POWER,18.631612903225808,75.01322580645162,1.6390322580645162,,57.61,1.8583870967741936,4.577778,-74.165167,31
2021,7,Colina,Suba,NASA_POWER,18.631612903225808,75.01322580645162,1.6390322580645162,,57.61,1.8583870967741936,4.737194444444445,-74.06947222222222,31
2021,7,Fontibon,Fontibón,NASA_POWER,18.631612903225808,75.01322580645162,1.6390322580645162,,57.61,1.8583870967741936,4.679722,-74.1425,31
2021,7,Guaymaral,Suba,NASA_POWER,13.621935483870967,82.80612903225806,1.5980645161290323,,15.0,0.4838709677419355,4.7837556,-74.044183,31
2021,7,Kennedy,Kennedy,NASA_POWER,18.631612903225808,75.01322580645162,1.6390322580645162,,57.61,1.8583870967741936,4.621389,-74.140833,31
2021,7,Las Ferias,Engativá,NASA_POWER,18.631612903225808,75.01322580645162,1.6390322580645162,,57.61,1.8583870967741936,4.690722,-74.0986,31
2021,7,MinAmbiente,Teusaquillo,NASA_POWER,18.631612903225808,75.01322580645162,1.6390322580645162,,57.61,1.8583870967741936,4.629306,-74.186944,31
2021,7,Movil Fontibon,Fontibón,NASA_POWER,21.978064516129034,74.57322580645162,1.9138709677419354,,60.67,1.9570967741935485,4.640764,-74.870833,31
2021,7,Puente Aranda,Puente Aranda,NASA_POWER,18.631612903225808,75.01322580645162,1.6390322580645162,,57.61,1.8583870967741936,4.592444,-74.106667,31
2021,7,SUBA,Suba,NASA_POWER,18.631612903225808,75.01322580645162,1.6390322580645162,,57.61,1.8583870967741936,4.68025,-74.596111,31
2021,7,San Cristobal,San Cristóbal,NASA_POWER,18.631612903225808,75.01322580645162,1.6390322580645162,,57.61,1.8583870967741936,4.5725,-74.086389,31
2021,7,Suba,Suba,NASA_POWER,18.631612903225808,75.01322580645162,1.6390322580645162,,57.61,1.8583870967741936,4.68025,-74.596111,31
2021,7,Tunal,Tunjuelito,NASA_POWER,18.631612903225808,75.01322580645162,1.6390322580645162,,57.61,1.8583870967741936,4.575556,-74.138889,31
2021,7,Usaquen,Usaquén,NASA_POWER,18.631612903225808,75.01322580645162,1.6390322580645162,,57.61,1.8583870967741936,4.707306,-74.330417,31
2021,8,Bolivia,Engativá,NASA_POWER,19.18290322580645,73.33967741935484,1.2638709677419355,,71.11,2.2938709677419356,4.736978,-74.555,31
2021,8,Carvajal - Sevillana,Tunjuelito,NASA_POWER,19.18290322580645,73.33967741935484,1.2638709677419355,,71.11,2.2938709677419356,4.589722,-74.2175,31
2021,8,Centro de Alto Rendimiento,Barrios Unidos,NASA_POWER,19.18290322580645,73.33967741935484,1.2638709677419355,,71.11,2.2938709677419356,4.658556,-74.088556,31
2021,8,Ciudad Bolivar,Ciudad Bolívar,NASA_POWER,19.18290322580645,73.33967741935484,1.2638709677419355,,71.11,2.2938709677419356,4.577778,-74.165167,31
2021,8,Colina,Suba,NASA_POWER,19.18290322580645,73.33967741935484,1.2638709677419355,,71.11,2.2938709677419356,4.737194444444445,-74.06947222222222,31
2021,8,Fontibon,Fontibón,NASA_POWER,19.18290322580645,73.33967741935484,1.2638709677419355,,71.11,2.2938709677419356,4.679722,-74.1425,31
2021,8,Guaymaral,Suba,NASA_POWER,14.284193548387098,79.1258064516129,1.2603225806451612,,14.91,0.48096774193548386,4.7837556,-74.044183,31
2021,8,Kennedy,Kennedy,NASA_POWER,19.18290322580645,73.33967741935484,1.2638709677419355,,71.11,2.2938709677419356,4.621389,-74.140833,31
2021,8,Las Ferias,Engativá,NASA_POWER,19.18290322580645,73.33967741935484,1.2638709677419355,,71.11,2.2938709677419356,4.690722,-74.0986,31
2021,8,MinAmbiente,Teusaquillo,NASA_POWER,19.18290322580645,73.33967741935484,1.2638709677419355,,71.11,2.2938709677419356,4.629306,-74.186944,31
2021,8,Movil Fontibon,Fontibón,NASA_POWER,23.223225806451612,69.61225806451613,1.5696774193548388,,69.54,2.2432258064516133,4.640764,-74.870833,31
2021,8,Puente Aranda,Puente Aranda,NASA_POWER,19.18290322580645,73.33967741935484,1.2638709677419355,,71.11,2.2938709677419356,4.592444,-74.106667,31
2021,8,SUBA,Suba,NASA_POWER,19.18290322580645,73.33967741935484,1.2638709677419355,,71.11,2.2938709677419356,4.68025,-74.596111,31
2021,8,San Cristobal,San Cristóbal,NASA_POWER,19.18290322580645,73.33967741935484,1.2638709677419355,,71.11,2.2938709677419356,4.5725,-74.086389,31
2021,8,Suba,Suba,NASA_POWER,19.18290322580645,73.33967741935484,1.2638709677419355,,71.11,2.2938709677419356,4.68025,-74.596111,31
2021,8,Tunal,Tunjuelito,NASA_POWER,19.18290322580645,73.33967741935484,1.2638709677419355,,71.11,2.2938709677419356,4.575556,-74.138889,31
2021,8,Usaquen,Usaquén,NASA_POWER,19.18290322580645,73.33967741935484,1.2638709677419355,,71.11,2.2938709677419356,4.707306,-74.330417,31
2021,9,Bolivia,Engativá,NASA_POWER,19.142999999999997,72.27333333333333,1.2813333333333332,,145.0,4.833333333333333,4.736978,-74.555,30
2021,9,Carvajal - Sevillana,Tunjuelito,NASA_POWER,19.142999999999997,72.27333333333333,1.2813333333333332,,145.0,4.833333333333333,4.589722,-74.2175,30
2021,9,Centro de Alto Rendimiento,Barrios Unidos,NASA_POWER,19.142999999999997,72.27333333333333,1.2813333333333332,,145.0,4.833333333333333,4.658556,-74.088556,30
2021,9,Ciudad Bolivar,Ciudad Bolívar,NASA_POWER,19.142999999999997,72.27333333333333,1.2813333333333332,,145.0,4.833333333333333,4.577778,-74.165167,30
2021,9,Colina,Suba,NASA_POWER,19.142999999999997,72.27333333333333,1.2813333333333332,,145.0,4.833333333333333,4.737194444444445,-74.06947222222222,30
2021,9,Fontibon,Fontibón,NASA_POWER,19.142999999999997,72.27333333333333,1.2813333333333332,,145.0,4.833333333333333,4.679722,-74.1425,30
2021,9,Guaymaral,Suba,NASA_POWER,14.275333333333332,78.40666666666667,1.273,,70.06,2.3353333333333333,4.7837556,-74.044183,30
2021,9,Kennedy,Kennedy,NASA_POWER,19.142999999999997,72.27333333333333,1.2813333333333332,,145.0,4.833333333333333,4.621389,-74.140833,30
2021,9,Las Ferias,Engativá,NASA_POWER,19.142999999999997,72.27333333333333,1.2813333333333332,,145.0,4.833333333333333,4.690722,-74.0986,30
2021,9,MinAmbiente,Teusaquillo,NASA_POWER,19.142999999999997,72.27333333333333,1.2813333333333332,,145.0,4.833333333333333,4.629306,-74.186944,30
2021,9,Movil Fontibon,Fontibón,NASA_POWER,23.415666666666667,67.766,1.6520000000000001,,118.01,3.933666666666667,4.640764,-74.870833,30
2021,9,Puente Aranda,Puente Aranda,NASA_POWER,19.142999999999997,72.27333333333333,1.2813333333333332,,145.0,4.833333333333333,4.592444,-74.106667,30
2021,9,SUBA,Suba,NASA_POWER,19.142999999999997,72.27333333333333,1.2813333333333332,,145.0,4.833333333333333,4.68025,-74.596111,30
2021,9,San Cristobal,San Cristóbal,NASA_POWER,19.142999999999997,72.27333333333333,1.2813333333333332,,145.0,4.833333333333333,4.5725,-74.086389,30
2021,9,Suba,Suba,NASA_POWER,19.142999999999997,72.27333333333333,1.2813333333333332,,145.0,4.833333333333333,4.68025,-74.596111,30
2021,9,Tunal,Tunjuelito,NASA_POWER,19.142999999999997,72.27333333333333,1.2813333333333332,,145.0,4.833333333333333,4.575556,-74.138889,30
2021,9,Usaquen,Usaquén,NASA_POWER,19.142999999999997,72.27333333333333,1.2813333333333332,,145.0,4.833333333333333,4.707306,-74.330417,30
2021,10,Bolivia,Engativá,NASA_POWER,19.622903225806454,76.90709677419355,0.8551612903225807,,96.44,3.1109677419354838,4.736978,-74.555,31
2021,10,Carvajal - Sevillana,Tunjuelito,NASA_POWER,19.622903225806454,76.90709677419355,0.8551612903225807,,96.44,3.1109677419354838,4.589722,-74.2175,31
2021,10,Centro de Alto Rendimiento,Barrios Unidos,NASA_POWER,19.622903225806454,76.90709677419355,0.8551612903225807,,96.44,3.1109677419354838,4.658556,-74.088556,31
2021,10,Ciudad Bolivar,Ciudad Bolívar,NASA_POWER,19.622903225806454,76.90709677419355,0.8551612903225807,,96.44,3.1109677419354838,4.577778,-74.165167,31
2021,10,Colina,Suba,NASA_POWER,19.622903225806454,76.90709677419355,0.8551612903225807,,96.44,3.1109677419354838,4.737194444444445,-74.06947222222222,31
2021,10,Fontibon,Fontibón,NASA_POWER,19.622903225806454,76.90709677419355,0.8551612903225807,,96.44,3.1109677419354838,4.679722,-74.1425,31
2021,10,Guaymaral,Suba,NASA_POWER,15.02290322580645,82.11516129032259,0.8458064516129032,,75.41,2.4325806451612904,4.7837556,-74.044183,31
2021,10,Kennedy,Kennedy,NASA_POWER,19.622903225806454,76.90709677419355,0.8551612903225807,,96.44,3.1109677419354838,4.621389,-74.140833,31
2021,10,Las Ferias,Engativá,NASA_POWER,19.622903225806454,76.90709677419355,0.8551612903225807,,96.44,3.1109677419354838,4.690722,-74.0986,31
2021,10,MinAmbiente,Teusaquillo,NASA_POWER,19.622903225806454,76.90709677419355,0.8551612903225807,,96.44,3.1109677419354838,4.629306,-74.186944,31
2021,10,Movil Fontibon,Fontibón,NASA_POWER,24.108064516129033,70.8483870967742,1.0467741935483872,,72.67,2.344193548387097,4.640764,-74.870833,31
2021,10,Puente Aranda,Puente Aranda,NASA_POWER,19.622903225806454,76.90709677419355,0.8551612903225807,,96.44,3.1109677419354838,4.592444,-74.106667,31
2021,10,SUBA,Suba,NASA_POWER,19.622903225806454,76.90709677419355,0.8551612903225807,,96.44,3.1109677419354838,4.68025,-74.596111,31
2021,10,San Cristobal,San Cristóbal,NASA_POWER,19.622903225806454,76.90709677419355,0.8551612903225807,,96.44,3.1109677419354838,4.5725,-74.086389,31
2021,10,Suba,Suba,NASA_POWER,19.622903225806454,76.90709677419355,0.8551612903225807,,96.44,3.1109677419354838,4.68025,-74.596111,31
2021,10,Tunal,Tunjuelito,NASA_POWER,19.622903225806454,76.90709677419355,0.8551612903225807,,96.44,3.1109677419354838,4.575556,-74.138889,31
2021,10,Usaquen,Usaquén,NASA_POWER,19.622903225806454,76.90709677419355,0.8551612903225807,,96.44,3.1109677419354838,4.707306,-74.330417,31
2021,11,Bolivia,Engativá,NASA_POWER,19.259666666666664,77.90433333333334,0.9016666666666667,,86.48,2.8826666666666667,4.736978,-74.555,30
2021,11,Carvajal - Sevillana,Tunjuelito,NASA_POWER,19.259666666666664,77.90433333333334,0.9016666666666667,,86.48,2.8826666666666667,4.589722,-74.2175,30
2021,11,Centro de Alto Rendimiento,Barrios Unidos,NASA_POWER,19.259666666666664,77.90433333333334,0.9016666666666667,,86.48,2.8826666666666667,4.658556,-74.088556,30
2021,11,Ciudad Bolivar,Ciudad Bolívar,NASA_POWER,19.259666666666664,77.90433333333334,0.9016666666666667,,86.48,2.8826666666666667,4.577778,-74.165167,30
2021,11,Colina,Suba,NASA_POWER,19.259666666666664,77.90433333333334,0.9016666666666667,,86.48,2.8826666666666667,4.737194444444445,-74.06947222222222,30
2021,11,Fontibon,Fontibón,NASA_POWER,19.259666666666664,77.90433333333334,0.9016666666666667,,86.48,2.8826666666666667,4.679722,-74.1425,30
2021,11,Guaymaral,Suba,NASA_POWER,14.844333333333333,82.166,0.7556666666666667,,58.39,1.9463333333333332,4.7837556,-74.044183,30
2021,11,Kennedy,Kennedy,NASA_POWER,19.259666666666664,77.90433333333334,0.9016666666666667,,86.48,2.8826666666666667,4.621389,-74.140833,30
2021,11,Las Ferias,Engativá,NASA_POWER,19.259666666666664,77.90433333333334,0.9016666666666667,,86.48,2.8826666666666667,4.690722,-74.0986,30
2021,11,MinAmbiente,Teusaquillo,NASA_POWER,19.259666666666664,77.90433333333334,0.9016666666666667,,86.48,2.8826666666666667,4.629306,-74.186944,30
2021,11,Movil Fontibon,Fontibón,NASA_POWER,23.445666666666668,73.52833333333334,0.9946666666666667,,108.32,3.6106666666666665,4.640764,-74.870833,30
2021,11,Puente Aranda,Puente Aranda,NASA_POWER,19.259666666666664,77.90433333333334,0.9016666666666667,,86.48,2.8826666666666667,4.592444,-74.106667,30
2021,11,SUBA,Suba,NASA_POWER,19.259666666666664,77.90433333333334,0.9016666666666667,,86.48,2.8826666666666667,4.68025,-74.596111,30
2021,11,San Cristobal,San Cristóbal,NASA_POWER,19.259666666666664,77.90433333333334,0.9016666666666667,,86.48,2.8826666666666667,4.5725,-74.086389,30
2021,11,Suba,Suba,NASA_POWER,19.259666666666664,77.90433333333334,0.9016666666666667,,86.48,2.8826666666666667,4.68025,-74.596111,30
2021,11,Tunal,Tunjuelito,NASA_POWER,19.259666666666664,77.90433333333334,0.9016666666666667,,86.48,2.8826666666666667,4.575556,-74.138889,30
2021,11,Usaquen,Usaquén,NASA_POWER,19.259666666666664,77.90433333333334,0.9016666666666667,,86.48,2.8826666666666667,4.707306,-74.330417,30
2021,12,Bolivia,Engativá,NASA_POWER,19.739032258064515,76.7441935483871,1.0374193548387096,,65.48,2.112258064516129,4.736978,-74.555,31
2021,12,Carvajal - Sevillana,Tunjuelito,NASA_POWER,19.739032258064515,76.7441935483871,1.0374193548387096,,65.48,2.112258064516129,4.589722,-74.2175,31
2021,12,Centro de Alto Rendimiento,Barrios Unidos,NASA_POWER,19.739032258064515,76.7441935483871,1.0374193548387096,,65.48,2.112258064516129,4.658556,-74.088556,31
2021,12,Ciudad Bolivar,Ciudad Bolívar,NASA_POWER,19.739032258064515,76.7441935483871,1.0374193548387096,,65.48,2.112258064516129,4.577778,-74.165167,31
2021,12,Colina,Suba,NASA_POWER,19.739032258064515,76.7441935483871,1.0374193548387096,,65.48,2.112258064516129,4.737194444444445,-74.06947222222222,31
2021,12,Fontibon,Fontibón,NASA_POWER,19.739032258064515,76.7441935483871,1.0374193548387096,,65.48,2.112258064516129,4.679722,-74.1425,31
2021,12,Guaymaral,Suba,NASA_POWER,14.904193548387095,83.20290322580645,0.8087096774193548,,47.769999999999996,1.5409677419354837,4.7837556,-74.044183,31
2021,12,Kennedy,Kennedy,NASA_POWER,19.739032258064515,76.7441935483871,1.0374193548387096,,65.48,2.112258064516129,4.621389,-74.140833,31
2021,12,Las Ferias,Engativá,NASA_POWER,19.739032258064515,76.7441935483871,1.0374193548387096,,65.48,2.112258064516129,4.690722,-74.0986,31
2021,12,MinAmbiente,Teusaquillo,NASA_POWER,19.739032258064515,76.7441935483871,1.0374193548387096,,65.48,2.112258064516129,4.629306,-74.186944,31
2021,12,Movil Fontibon,Fontibón,NASA_POWER,23.576451612903227,75.06645161290322,1.0235483870967743,,111.23,3.5880645161290325,4.640764,-74.870833,31
2021,12,Puente Aranda,Puente Aranda,NASA_POWER,19.739032258064515,76.7441935483871,1.0374193548387096,,65.48,2.112258064516129,4.592444,-74.106667,31
2021,12,SUBA,Suba,NASA_POWER,19.739032258064515,76.7441935483871,1.0374193548387096,,65.48,2.112258064516129,4.68025,-74.596111,31
2021,12,San Cristobal,San Cristóbal,NASA_POWER,19.739032258064515,76.7441935483871,1.0374193548387096,,65.48,2.112258064516129,4.5725,-74.086389,31
2021,12,Suba,Suba,NASA_POWER,19.739032258064515,76.7441935483871,1.0374193548387096,,65.48,2.112258064516129,4.68025,-74.596111,31
2021,12,Tunal,Tunjuelito,NASA_POWER,19.739032258064515,76.7441935483871,1.0374193548387096,,65.48,2.112258064516129,4.575556,-74.138889,31
2021,12,Usaquen,Usaquén,NASA_POWER,19.739032258064515,76.7441935483871,1.0374193548387096,,65.48,2.112258064516129,4.707306,-74.330417,31
2022,1,Bolivia,Engativá,NASA_POWER,19.448709677419355,71.82548387096774,1.1783870967741936,,57.49,1.854516129032258,4.736978,-74.555,31
2022,1,Carvajal - Sevillana,Tunjuelito,NASA_POWER,19.448709677419355,71.82548387096774,1.1783870967741936,,57.49,1.854516129032258,4.589722,-74.2175,31
2022,1,Centro de Alto Rendimiento,Barrios Unidos,NASA_POWER,19.448709677419355,71.82548387096774,1.1783870967741936,,57.49,1.854516129032258,4.658556,-74.088556,31
2022,1,Ciudad Bolivar,Ciudad Bolívar,NASA_POWER,19.448709677419355,71.82548387096774,1.1783870967741936,,57.49,1.854516129032258,4.577778,-74.165167,31
2022,1,Colina,Suba,NASA_POWER,19.448709677419355,71.82548387096774,1.1783870967741936,,57.49,1.854516129032258,4.737194444444445,-74.06947222222222,31
2022,1,Fontibon,Fontibón,NASA_POWER,19.448709677419355,71.82548387096774,1.1783870967741936,,57.49,1.854516129032258,4.679722,-74.1425,31
2022,1,Guaymaral,Suba,NASA_POWER,14.558387096774194,78.0067741935484,0.8758064516129032,,35.67,1.1506451612903226,4.7837556,-74.044183,31
2022,1,Kennedy,Kennedy,NASA_POWER,19.448709677419355,71.82548387096774,1.1783870967741936,,57.49,1.854516129032258,4.621389,-74.140833,31
2022,1,Las Ferias,Engativá,NASA_POWER,19.448709677419355,71.82548387096774,1.1783870967741936,,57.49,1.854516129032258,4.690722,-74.0986,31
2022,1,MinAmbiente,Teusaquillo,NASA_POWER,19.448709677419355,71.82548387096774,1.1783870967741936,,57.49,1.854516129032258,4.629306,-74.186944,31
2022,1,Movil Fontibon,Fontibón,NASA_POWER,23.19709677419355,72.65225806451613,1.1051612903225805,,100.07,3.2280645161290322,4.640764,-74.870833,31
2022,1,Puente Aranda,Puente Aranda,NASA_POWER,19.448709677419355,71.82548387096774,1.1783870967741936,,57.49,1.854516129032258,4.592444,-74.106667,31
2022,1,SUBA,Suba,NASA_POWER,19.448709677419355,71.82548387096774,1.1783870967741936,,57.49,1.854516129032258,4.68025,-74.596111,31
2022,1,San Cristobal,San Cristóbal,NASA_POWER,19.448709677419355,71.82548387096774,1.1783870967741936,,57.49,1.854516129032258,4.5725,-74.086389,31
2022,1,Suba,Suba,NASA_POWER,19.448709677419355,71.82548387096774,1.1783870967741936,,57.49,1.854516129032258,4.68025,-74.596111,31
2022,1,Tunal,Tunjuelito,NASA_POWER,19.448709677419355,71.82548387096774,1.1783870967741936,,57.49,1.854516129032258,4.575556,-74.138889,31
2022,1,Usaquen,Usaquén,NASA_POWER,19.448709677419355,71.82548387096774,1.1783870967741936,,57.49,1.854516129032258,4.707306,-74.330417,31
2022,2,Bolivia,Engativá,NASA_POWER,19.290714285714284,75.20714285714287,0.8960714285714285,,131.69,4.703214285714286,4.736978,-74.555,28
2022,2,Carvajal - Sevillana,Tunjuelito,NASA_POWER,19.290714285714284,75.20714285714287,0.8960714285714285,,131.69,4.703214285714286,4.589722,-74.2175,28
2022,2,Centro de Alto Rendimiento,Barrios Unidos,NASA_POWER,19.290714285714284,75.20714285714287,0.8960714285714285,,131.69,4.703214285714286,4.658556,-74.088556,28
2022,2,Ciudad Bolivar,Ciudad Bolívar,NASA_POWER,19.290714285714284,75.20714285714287,0.8960714285714285,,131.69,4.703214285714286,4.577778,-74.165167,28
2022,2,Colina,Suba,NASA_POWER,19.290714285714284,75.20714285714287,0.8960714285714285,,131.69,4.703214285714286,4.737194444444445,-74.06947222222222,28
2022,2,Fontibon,Fontibón,NASA_POWER,19.290714285714284,75.20714285714287,0.8960714285714285,,131.69,4.703214285714286,4.679722,-74.1425,28
2022,2,Guaymaral,Suba,NASA_POWER,14.296428571428573,81.74749999999999,0.8157142857142857,,111.58,3.985,4.7837556,-74.044183,28
2022,2,Kennedy,Kennedy,NASA_POWER,19.290714285714284,75.20714285714287,0.8960714285714285,,131.69,4.703214285714286,4.621389,-74.140833,28
2022,2,Las Ferias,Engativá,NASA_POWER,19.290714285714284,75.20714285714287,0.8960714285714285,,131.69,4.703214285714286,4.690722,-74.0986,28
2022,2,MinAmbiente,Teusaquillo,NASA_POWER,19.290714285714284,75.20714285714287,0.8960714285714285,,131.69,4.703214285714286,4.629306,-74.186944,28
2022,2,Movil Fontibon,Fontibón,NASA_POWER,22.985357142857143,75.86214285714286,0.8564285714285714,,192.27,6.866785714285714,4.640764,-74.870833,28
2022,2,Puente Aranda,Puente Aranda,NASA_POWER,19.290714285714284,75.20714285714287,0.8960714285714285,,131.69,4.703214285714286,4.592444,-74.106667,28
2022,2,SUBA,Suba,NASA_POWER,19.290714285714284,75.20714285714287,0.8960714285714285,,131.69,4.703214285714286,4.68025,-74.596111,28
2022,2,San Cristobal,San Cristóbal,NASA_POWER,19.290714285714284,75.20714285714287,0.8960714285714285,,131.69,4.703214285714286,4.5725,-74.086389,28
2022,2,Suba,Suba,NASA_POWER,19.290714285714284,75.20714285714287,0.8960714285714285,,131.69,4.703214285714286,4.68025,-74.596111,28
2022,2,Tunal,Tunjuelito,NASA_POWER,19.290714285714284,75.20714285714287,0.8960714285714285,,131.69,4.703214285714286,4.575556,-74.138889,28
2022,2,Usaquen,Usaquén,NASA_POWER,19.290714285714284,75.20714285714287,0.8960714285714285,,131.69,4.703214285714286,4.707306,-74.330417,28
2022,3,Bolivia,Engativá,NASA_POWER,18.864838709677418,81.53903225806452,0.8858064516129033,,199.88,6.4477419354838705,4.736978,-74.555,31
2022,3,Carvajal - Sevillana,Tunjuelito,NASA_POWER,18.864838709677418,81.53903225806452,0.8858064516129033,,199.88,6.4477419354838705,4.589722,-74.2175,31
2022,3,Centro de Alto Rendimiento,Barrios Unidos,NASA_POWER,18.864838709677418,81.53903225806452,0.8858064516129033,,199.88,6.4477419354838705,4.658556,-74.088556,31
2022,3,Ciudad Bolivar,Ciudad Bolívar,NASA_POWER,18.864838709677418,81.53903225806452,0.8858064516129033,,199.88,6.4477419354838705,4.577778,-74.165167,31
2022,3,Colina,Suba,NASA_POWER,18.864838709677418,81.53903225806452,0.8858064516129033,,199.88,6.4477419354838705,4.737194444444445,-74.06947222222222,31
2022,3,Fontibon,Fontibón,NASA_POWER,18.864838709677418,81.53903225806452,0.8858064516129033,,199.88,6.4477419354838705,4.679722,-74.1425,31
2022,3,Guaymaral,Suba,NASA_POWER,14.231612903225807,86.61,0.7912903225806452,,172.67,5.569999999999999,4.7837556,-74.044183,31
2022,3,Kennedy,Kennedy,NASA_POWER,18.864838709677418,81.53903225806452,0.8858064516129033,,199.88,6.4477419354838705,4.621389,-74.140833,31
2022,3,Las Ferias,Engativá,NASA_POWER,18.864838709677418,81.53903225806452,0.8858064516129033,,199.88,6.4477419354838705,4.690722,-74.0986,31
2022,3,MinAmbiente,Teusaquillo,NASA_POWER,18.864838709677418,81.53903225806452,0.8858064516129033,,199.88,6.4477419354838705,4.629306,-74.186944,31
2022,3,Movil Fontibon,Fontibón,NASA_POWER,22.616129032258065,80.14290322580645,0.954516129032258,,259.09,8.35774193548387,4.640764,-74.870833,31
2022,3,Puente Aranda,Puente Aranda,NASA_POWER,18.864838709677418,81.53903225806452,0.8858064516129033,,199.88,6.4477419354838705,4.592444,-74.106667,31
2022,3,SUBA,Suba,NASA_POWER,18.864838709677418,81.53903225806452,0.8858064516129033,,199.88,6.4477419354838705,4.68025,-74.596111,31
2022,3,San Cristobal,San Cristóbal,NASA_POWER,18.864838709677418,81.53903225806452,0.8858064516129033,,199.88,6.4477419354838705,4.5725,-74.086389,31
2022,3,Suba,Suba,NASA_POWER,18.864838709677418,81.53903225806452,0.8858064516129033,,199.88,6.4477419354838705,4.68025,-74.596111,31
2022,3,Tunal,Tunjuelito,NASA_POWER,18.864838709677418,81.53903225806452,0.8858064516129033,,199.88,6.4477419354838705,4.575556,-74.138889,31
2022,3,Usaquen,Usaquén,NASA_POWER,18.864838709677418,81.53903225806452,0.8858064516129033,,199.88,6.4477419354838705,4.707306,-74.330417,31
2022,4,Bolivia,Engativá,NASA_POWER,18.88,81.47,0.995,,260.12,8.670666666666667,4.736978,-74.555,30
2022,4,Carvajal - Sevillana,Tunjuelito,NASA_POWER,18.88,81.47,0.995,,260.12,8.670666666666667,4.589722,-74.2175,30
2022,4,Centro de Alto Rendimiento,Barrios Unidos,NASA_POWER,18.88,81.47,0.995,,260.12,8.670666666666667,4.658556,-74.088556,30
2022,4,Ciudad Bolivar,Ciudad Bolívar,NASA_POWER,18.88,81.47,0.995,,260.12,8.670666666666667,4.577778,-74.165167,30
2022,4,Colina,Suba,NASA_POWER,18.88,81.47,0.995,,260.12,8.670666666666667,4.737194444444445,-74.06947222222222,30
2022,4,Fontibon,Fontibón,NASA_POWER,18.88,81.47,0.995,,260.12,8.670666666666667,4.679722,-74.1425,30
2022,4,Guaymaral,Suba,NASA_POWER,13.964666666666666,86.59933333333333,0.9163333333333333,,278.73,9.291,4.7837556,-74.044183,30
2022,4,Kennedy,Kennedy,NASA_POWER,18.88,81.47,0.995,,260.12,8.670666666666667,4.621389,-74.140833,30
2022,4,Las Ferias,Engativá,NASA_POWER,18.88,81.47,0.995,,260.12,8.670666666666667,4.690722,-74.0986,30
2022,4,MinAmbiente,Teusaquillo,NASA_POWER,18.88,81.47,0.995,,260.12,8.670666666666667,4.629306,-74.186944,30
2022,4,Movil Fontibon,Fontibón,NASA_POWER,22.596,80.50566666666667,1.2373333333333332,,280.74,9.358,4.640764,-74.870833,30
2022,4,Puente Aranda,Puente Aranda,NASA_POWER,18.88,81.47,0.995,,260.12,8.670666666666667,4.592444,-74.106667,30
2022,4,SUBA,Suba,NASA_POWER,18.88,81.47,0.995,,260.12,8.670666666666667,4.68025,-74.596111,30
2022,4,San Cristobal,San Cristóbal,NASA_POWER,18.88,81.47,0.995,,260.12,8.670666666666667,4.5725,-74.086389,30
2022,4,Suba,Suba,NASA_POWER,18.88,81.47,0.995,,260.12,8.670666666666667,4.68025,-74.596111,30
2022,4,Tunal,Tunjuelito,NASA_POWER,18.88,81.47,0.995,,260.12,8.670666666666667,4.575556,-74.138889,30
2022,4,Usaquen,Usaquén,NASA_POWER,18.88,81.47,0.995,,260.12,8.670666666666667,4.707306,-74.330417,30
2022,5,Bolivia,Engativá,NASA_POWER,18.71741935483871,80.96806451612903,0.9874193548387097,,319.0,10.290322580645162,4.736978,-74.555,31
2022,5,Carvajal - Sevillana,Tunjuelito,NASA_POWER,18.71741935483871,80.96806451612903,0.9874193548387097,,319.0,10.290322580645162,4.589722,-74.2175,31
2022,5,Centro de Alto Rendimiento,Barrios Unidos,NASA_POWER,18.71741935483871,80.96806451612903,0.9874193548387097,,319.0,10.290322580645162,4.658556,-74.088556,31
2022,5,Ciudad Bolivar,Ciudad Bolívar,NASA_POWER,18.71741935483871,80.96806451612903,0.9874193548387097,,319.0,10.290322580645162,4.577778,-74.165167,31
2022,5,Colina,Suba,NASA_POWER,18.71741935483871,80.96806451612903,0.9874193548387097,,319.0,10.290322580645162,4.737194444444445,-74.06947222222222,31
2022,5,Fontibon,Fontibón,NASA_POWER,18.71741935483871,80.96806451612903,0.9874193548387097,,319.0,10.290322580645162,4.679722,-74.1425,31
2022,5,Guaymaral,Suba,NASA_POWER,13.595161290322581,88.28935483870967,1.0380645161290323,,414.69,13.377096774193548,4.7837556,-74.044183,31
2022,5,Kennedy,Kennedy,NASA_POWER,18.71741935483871,80.96806451612903,0.9874193548387097,,319.0,10.290322580645162,4.621389,-74.140833,31
2022,5,Las Ferias,Engativá,NASA_POWER,18.71741935483871,80.96806451612903,0.9874193548387097,,319.0,10.290322580645162,4.690722,-74.0986,31
2022,5,MinAmbiente,Teusaquillo,NASA_POWER,18.71741935483871,80.96806451612903,0.9874193548387097,,319.0,10.290322580645162,4.629306,-74.186944,31
2022,5,Movil Fontibon,Fontibón,NASA_POWER,22.111290322580647,81.62161290322581,1.3480645161290323,,212.78,6.863870967741936,4.640764,-74.870833,31
2022,5,Puente Aranda,Puente Aranda,NASA_POWER,18.71741935483871,80.96806451612903,0.9874193548387097,,319.0,10.290322580645162,4.592444,-74.106667,31
2022,5,SUBA,Suba,NASA_POWER,18.71741935483871,80.96806451612903,0.9874193548387097,,319.0,10.290322580645162,4.68025,-74.596111,31
2022,5,San Cristobal,San Cristóbal,NASA_POWER,18.71741935483871,80.96806451612903,0.9874193548387097,,319.0,10.290322580645162,4.5725,-74.086389,31
2022,5,Suba,Suba,NASA_POWER,18.71741935483871,80.96806451612903,0.9874193548387097,,319.0,10.290322580645162,4.68025,-74.596111,31
2022,5,Tunal,Tunjuelito,NASA_POWER,18.71741935483871,80.96806451612903,0.9874193548387097,,319.0,10.290322580645162,4.575556,-74.138889,31
2022,5,Usaquen,Usaquén,NASA_POWER,18.71741935483871,80.96806451612903,0.9874193548387097,,319.0,10.290322580645162,4.707306,-74.330417,31
2022,6,Bolivia,Engativá,NASA_POWER,17.939666666666668,81.945,0.9073333333333333,,207.29,6.909666666666666,4.736978,-74.555,30
2022,6,Carvajal - Sevillana,Tunjuelito,NASA_POWER,17.939666666666668,81.945,0.9073333333333333,,207.29,6.909666666666666,4.589722,-74.2175,30
2022,6,Centro de Alto Rendimiento,Barrios Unidos,NASA_POWER,17.939666666666668,81.945,0.9073333333333333,,207.29,6.909666666666666,4.658556,-74.088556,30
2022,6,Ciudad Bolivar,Ciudad Bolívar,NASA_POWER,17.939666666666668,81.945,0.9073333333333333,,207.29,6.909666666666666,4.577778,-74.165167,30
2022,6,Colina,Suba,NASA_POWER,17.939666666666668,81.945,0.9073333333333333,,207.29,6.909666666666666,4.737194444444445,-74.06947222222222,30
2022,6,Fontibon,Fontibón,NASA_POWER,17.939666666666668,81.945,0.9073333333333333,,207.29,6.909666666666666,4.679722,-74.1425,30
2022,6,Guaymaral,Suba,NASA_POWER,13.023666666666665,88.36866666666667,0.9183333333333333,,263.74,8.791333333333334,4.7837556,-74.044183,30
2022,6,Kennedy,Kennedy,NASA_POWER,17.939666666666668,81.945,0.9073333333333333,,207.29,6.909666666666666,4.621389,-74.140833,30
2022,6,Las Ferias,Engativá,NASA_POWER,17.939666666666668,81.945,0.9073333333333333,,207.29,6.909666666666666,4.690722,-74.0986,30
2022,6,MinAmbiente,Teusaquillo,NASA_POWER,17.939666666666668,81.945,0.9073333333333333,,207.29,6.909666666666666,4.629306,-74.186944,30
2022,6,Movil Fontibon,Fontibón,NASA_POWER,21.442666666666664,81.92699999999999,1.2456666666666665,,177.75,5.925,4.640764,-74.870833,30
2022,6,Puente Aranda,Puente Aranda,NASA_POWER,17.939666666666668,81.945,0.9073333333333333,,207.29,6.909666666666666,4.592444,-74.106667,30
2022,6,SUBA,Suba,NASA_POWER,17.939666666666668,81.945,0.9073333333333333,,207.29,6.909666666666666,4.68025,-74.596111,30
2022,6,San Cristobal,San Cristóbal,NASA_POWER,17.939666666666668,81.945,0.9073333333333333,,207.29,6.909666666666666,4.5725,-74.086389,30
2022,6,Suba,Suba,NASA_POWER,17.939666666666668,81.945,0.9073333333333333,,207.29,6.909666666666666,4.68025,-74.596111,30
2022,6,Tunal,Tunjuelito,NASA_POWER,17.939666666666668,81.945,0.9073333333333333,,207.29,6.909666666666666,4.575556,-74.138889,30
2022,6,Usaquen,Usaquén,NASA_POWER,17.939666666666668,81.945,0.9073333333333333,,207.29,6.909666666666666,4.707306,-74.330417,30
2022,7,Bolivia,Engativá,NASA_POWER,18.19483870967742,79.52129032258064,1.1383870967741936,,228.31,7.36483870967742,4.736978,-74.555,31
2022,7,Carvajal - Sevillana,Tunjuelito,NASA_POWER,18.19483870967742,79.52129032258064,1.1383870967741936,,228.31,7.36483870967742,4.589722,-74.2175,31
2022,7,Centro de Alto Rendimiento,Barrios Unidos,NASA_POWER,18.19483870967742,79.52129032258064,1.1383870967741936,,228.31,7.36483870967742,4.658556,-74.088556,31
2022,7,Ciudad Bolivar,Ciudad Bolívar,NASA_POWER,18.19483870967742,79.52129032258064,1.1383870967741936,,228.31,7.36483870967742,4.577778,-74.165167,31
2022,7,Colina,Suba,NASA_POWER,18.19483870967742,79.52129032258064,1.1383870967741936,,228.31,7.36483870967742,4.737194444444445,-74.06947222222222,31
2022,7,Fontibon,Fontibón,NASA_POWER,18.19483870967742,79.52129032258064,1.1383870967741936,,228.31,7.36483870967742,4.679722,-74.1425,31
2022,7,Guaymaral,Suba,NASA_POWER,12.899999999999999,87.8958064516129,1.1887096774193548,,301.55,9.72741935483871,4.7837556,-74.044183,31
2022,7,Kennedy,Kennedy,NASA_POWER,18.19483870967742,79.52129032258064,1.1383870967741936,,228.31,7.36483870967742,4.621389,-74.140833,31
2022,7,Las Ferias,Engativá,NASA_POWER,18.19483870967742,79.52129032258064,1.1383870967741936,,228.31,7.36483870967742,4.690722,-74.0986,31
2022,7,MinAmbiente,Teusaquillo,NASA_POWER,18.19483870967742,79.52129032258064,1.1383870967741936,,228.31,7.36483870967742,4.629306,-74.186944,31
2022,7,Movil Fontibon,Fontibón,NASA_POWER,21.78806451612903,79.85903225806452,1.3900000000000001,,189.97,6.128064516129032,4.640764,-74.870833,31
2022,7,Puente Aranda,Puente Aranda,NASA_POWER,18.19483870967742,79.52129032258064,1.1383870967741936,,228.31,7.36483870967742,4.592444,-74.106667,31
2022,7,SUBA,Suba,NASA_POWER,18.19483870967742,79.52129032258064,1.1383870967741936,,228.31,7.36483870967742,4.68025,-74.596111,31
2022,7,San Cristobal,San Cristóbal,NASA_POWER,18.19483870967742,79.52129032258064,1.1383870967741936,,228.31,7.36483870967742,4.5725,-74.086389,31
2022,7,Suba,Suba,NASA_POWER,18.19483870967742,79.52129032258064,1.1383870967741936,,228.31,7.36483870967742,4.68025,-74.596111,31
2022,7,Tunal,Tunjuelito,NASA_POWER,18.19483870967742,79.52129032258064,1.1383870967741936,,228.31,7.36483870967742,4.575556,-74.138889,31
2022,7,Usaquen,Usaquén,NASA_POWER,18.19483870967742,79.52129032258064,1.1383870967741936,,228.31,7.36483870967742,4.707306,-74.330417,31
2022,8,Bolivia,Engativá,NASA_POWER,18.116774193548387,77.78548387096774,1.2158064516129032,,162.59,5.24483870967742,4.736978,-74.555,31
2022,8,Carvajal - Sevillana,Tunjuelito,NASA_POWER,18.116774193548387,77.78548387096774,1.2158064516129032,,162.59,5.24483870967742,4.589722,-74.2175,31
2022,8,Centro de Alto Rendimiento,Barrios Unidos,NASA_POWER,18.116774193548387,77.78548387096774,1.2158064516129032,,162.59,5.24483870967742,4.658556,-74.088556,31
2022,8,Ciudad Bolivar,Ciudad Bolívar,NASA_POWER,18.116774193548387,77.78548387096774,1.2158064516129032,,162.59,5.24483870967742,4.577778,-74.165167,31
2022,8,Colina,Suba,NASA_POWER,18.116774193548387,77.78548387096774,1.2158064516129032,,162.59,5.24483870967742,4.737194444444445,-74.06947222222222,31
2022,8,Fontibon,Fontibón,NASA_POWER,18.116774193548387,77.78548387096774,1.2158064516129032,,162.59,5.24483870967742,4.679722,-74.1425,31
2022,8,Guaymaral,Suba,NASA_POWER,12.67483870967742,86.77225806451614,1.1680645161290324,,211.8,6.83225806451613,4.7837556,-74.044183,31
2022,8,Kennedy,Kennedy,NASA_POWER,18.116774193548387,77.78548387096774,1.2158064516129032,,162.59,5.24483870967742,4.621389,-74.140833,31
2022,8,Las Ferias,Engativá,NASA_POWER,18.116774193548387,77.78548387096774,1.2158064516129032,,162.59,5.24483870967742,4.690722,-74.0986,31
2022,8,MinAmbiente,Teusaquillo,NASA_POWER,18.116774193548387,77.78548387096774,1.2158064516129032,,162.59,5.24483870967742,4.629306,-74.186944,31
2022,8,Movil Fontibon,Fontibón,NASA_POWER,21.80548387096774,77.19612903225806,1.415483870967742,,133.63,4.3106451612903225,4.640764,-74.870833,31
2022,8,Puente Aranda,Puente Aranda,NASA_POWER,18.116774193548387,77.78548387096774,1.2158064516129032,,162.59,5.24483870967742,4.592444,-74.106667,31
2022,8,SUBA,Suba,NASA_POWER,18.116774193548387,77.78548387096774,1.2158064516129032,,162.59,5.24483870967742,4.68025,-74.596111,31
2022,8,San Cristobal,San Cristóbal,NASA_POWER,18.116774193548387,77.78548387096774,1.2158064516129032,,162.59,5.24483870967742,4.5725,-74.086389,31
2022,8,Suba,Suba,NASA_POWER,18.116774193548387,77.78548387096774,1.2158064516129032,,162.59,5.24483870967742,4.68025,-74.596111,31
2022,8,Tunal,Tunjuelito,NASA_POWER,18.116774193548387,77.78548387096774,1.2158064516129032,,162.59,5.24483870967742,4.575556,-74.138889,31
2022,8,Usaquen,Usaquén,NASA_POWER,18.116774193548387,77.78548387096774,1.2158064516129032,,162.59,5.24483870967742,4.707306,-74.330417,31
2022,9,Bolivia,Engativá,NASA_POWER,18.666,78.09733333333334,1.0056666666666667,,135.09,4.503,4.736978,-74.555,30
2022,9,Carvajal - Sevillana,Tunjuelito,NASA_POWER,18.666,78.09733333333334,1.0056666666666667,,135.09,4.503,4.589722,-74.2175,30
2022,9,Centro de Alto Rendimiento,Barrios Unidos,NASA_POWER,18.666,78.09733333333334,1.0056666666666667,,135.09,4.503,4.658556,-74.088556,30
2022,9,Ciudad Bolivar,Ciudad Bolívar,NASA_POWER,18.666,78.09733333333334,1.0056666666666667,,135.09,4.503,4.577778,-74.165167,30
2022,9,Colina,Suba,NASA_POWER,18.666,78.09733333333334,1.0056666666666667,,135.09,4.503,4.737194444444445,-74.06947222222222,30
2022,9,Fontibon,Fontibón,NASA_POWER,18.666,78.09733333333334,1.0056666666666667,,135.09,4.503,4.679722,-74.1425,30
2022,9,Guaymaral,Suba,NASA_POWER,13.368666666666666,85.53099999999999,0.9823333333333333,,180.79000000000002,6.026333333333334,4.7837556,-74.044183,30
2022,9,Kennedy,Kennedy,NASA_POWER,18.666,78.09733333333334,1.0056666666666667,,135.09,4.503,4.621389,-74.140833,30
2022,9,Las Ferias,Engativá,NASA_POWER,18.666,78.09733333333334,1.0056666666666667,,135.09,4.503,4.690722,-74.0986,30
2022,9,MinAmbiente,Teusaquillo,NASA_POWER,18.666,78.09733333333334,1.0056666666666667,,135.09,4.503,4.629306,-74.186944,30
2022,9,Movil Fontibon,Fontibón,NASA_POWER,22.936666666666667,74.16266666666667,1.155,,122.12,4.070666666666667,4.640764,-74.870833,30
2022,9,Puente Aranda,Puente Aranda,NASA_POWER,18.666,78.09733333333334,1.0056666666666667,,135.09,4.503,4.592444,-74.106667,30
2022,9,SUBA,Suba,NASA_POWER,18.666,78.09733333333334,1.0056666666666667,,135.09,4.503,4.68025,-74.596111,30
2022,9,San Cristobal,San Cristóbal,NASA_POWER,18.666,78.09733333333334,1.0056666666666667,,135.09,4.503,4.5725,-74.086389,30
2022,9,Suba,Suba,NASA_POWER,18.666,78.09733333333334,1.0056666666666667,,135.09,4.503,4.68025,-74.596111,30
2022,9,Tunal,Tunjuelito,NASA_POWER,18.666,78.09733333333334,1.0056666666666667,,135.09,4.503,4.575556,-74.138889,30
2022,9,Usaquen,Usaquén,NASA_POWER,18.666,78.09733333333334,1.0056666666666667,,135.09,4.503,4.707306,-74.330417,30
2022,10,Bolivia,Engativá,NASA_POWER,18.324193548387097,83.24870967741936,1.0612903225806452,,252.6,8.148387096774194,4.736978,-74.555,31
2022,10,Carvajal - Sevillana,Tunjuelito,NASA_POWER,18.324193548387097,83.24870967741936,1.0612903225806452,,252.6,8.148387096774194,4.589722,-74.2175,31
2022,10,Centro de Alto Rendimiento,Barrios Unidos,NASA_POWER,18.324193548387097,83.24870967741936,1.0612903225806452,,252.6,8.148387096774194,4.658556,-74.088556,31
2022,10,Ciudad Bolivar,Ciudad Bolívar,NASA_POWER,18.324193548387097,83.24870967741936,1.0612903225806452,,252.6,8.148387096774194,4.577778,-74.165167,31
2022,10,Colina,Suba,NASA_POWER,18.324193548387097,83.24870967741936,1.0612903225806452,,252.6,8.148387096774194,4.737194444444445,-74.06947222222222,31
2022,10,Fontibon,Fontibón,NASA_POWER,18.324193548387097,83.24870967741936,1.0612903225806452,,252.6,8.148387096774194,4.679722,-74.1425,31
2022,10,Guaymaral,Suba,NASA_POWER,13.759354838709678,87.32806451612903,0.7458064516129033,,252.71,8.151935483870968,4.7837556,-74.044183,31
2022,10,Kennedy,Kennedy,NASA_POWER,18.324193548387097,83.24870967741936,1.0612903225806452,,252.6,8.148387096774194,4.621389,-74.140833,31
2022,10,Las Ferias,Engativá,NASA_POWER,18.324193548387097,83.24870967741936,1.0612903225806452,,252.6,8.148387096774194,4.690722,-74.0986,31
2022,10,MinAmbiente,Teusaquillo,NASA_POWER,18.324193548387097,83.24870967741936,1.0612903225806452,,252.6,8.148387096774194,4.629306,-74.186944,31
2022,10,Movil Fontibon,Fontibón,NASA_POWER,22.069032258064517,80.77,1.183548387096774,,279.23,9.00741935483871,4.640764,-74.870833,31
2022,10,Puente Aranda,Puente Aranda,NASA_POWER,18.324193548387097,83.24870967741936,1.0612903225806452,,252.6,8.148387096774194,4.592444,-74.106667,31
2022,10,SUBA,Suba,NASA_POWER,18.324193548387097,83.24870967741936,1.0612903225806452,,252.6,8.148387096774194,4.68025,-74.596111,31
2022,10,San Cristobal,San Cristóbal,NASA_POWER,18.324193548387097,83.24870967741936,1.0612903225806452,,252.6,8.148387096774194,4.5725,-74.086389,31
2022,10,Suba,Suba,NASA_POWER,18.324193548387097,83.24870967741936,1.0612903225806452,,252.6,8.148387096774194,4.68025,-74.596111,31
2022,10,Tunal,Tunjuelito,NASA_POWER,18.324193548387097,83.24870967741936,1.0612903225806452,,252.6,8.148387096774194,4.575556,-74.138889,31
2022,10,Usaquen,Usaquén,NASA_POWER,18.324193548387097,83.24870967741936,1.0612903225806452,,252.6,8.148387096774194,4.707306,-74.330417,31
2022,11,Bolivia,Engativá,NASA_POWER,17.981333333333332,87.00733333333332,0.9713333333333334,,179.19,5.973,4.736978,-74.555,30
2022,11,Carvajal - Sevillana,Tunjuelito,NASA_POWER,17.981333333333332,87.00733333333332,0.9713333333333334,,179.19,5.973,4.589722,-74.2175,30
2022,11,Centro de Alto Rendimiento,Barrios Unidos,NASA_POWER,17.981333333333332,87.00733333333332,0.9713333333333334,,179.19,5.973,4.658556,-74.088556,30
2022,11,Ciudad Bolivar,Ciudad Bolívar,NASA_POWER,17.981333333333332,87.00733333333332,0.9713333333333334,,179.19,5.973,4.577778,-74.165167,30
2022,11,Colina,Suba,NASA_POWER,17.981333333333332,87.00733333333332,0.9713333333333334,,179.19,5.973,4.737194444444445,-74.06947222222222,30
2022,11,Fontibon,Fontibón,NASA_POWER,17.981333333333332,87.00733333333332,0.9713333333333334,,179.19,5.973,4.679722,-74.1425,30
2022,11,Guaymaral,Suba,NASA_POWER,13.972,90.00166666666668,0.542,,185.99,6.199666666666667,4.7837556,-74.044183,30
2022,11,Kennedy,Kennedy,NASA_POWER,17.981333333333332,87.00733333333332,0.9713333333333334,,179.19,5.973,4.621389,-74.140833,30
2022,11,Las Ferias,Engativá,NASA_POWER,17.981333333333332,87.00733333333332,0.9713333333333334,,179.19,5.973,4.690722,-74.0986,30
2022,11,MinAmbiente,Teusaquillo,NASA_POWER,17.981333333333332,87.00733333333332,0.9713333333333334,,179.19,5.973,4.629306,-74.186944,30
2022,11,Movil Fontibon,Fontibón,NASA_POWER,21.651999999999997,83.744,1.0743333333333334,,244.45,8.148333333333333,4.640764,-74.870833,30
2022,11,Puente Aranda,Puente Aranda,NASA_POWER,17.981333333333332,87.00733333333332,0.9713333333333334,,179.19,5.973,4.592444,-74.106667,30
2022,11,SUBA,Suba,NASA_POWER,17.981333333333332,87.00733333333332,0.9713333333333334,,179.19,5.973,4.68025,-74.596111,30
2022,11,San Cristobal,San Cristóbal,NASA_POWER,17.981333333333332,87.00733333333332,0.9713333333333334,,179.19,5.973,4.5725,-74.086389,30
2022,11,Suba,Suba,NASA_POWER,17.981333333333332,87.00733333333332,0.9713333333333334,,179.19,5.973,4.68025,-74.596111,30
2022,11,Tunal,Tunjuelito,NASA_POWER,17.981333333333332,87.00733333333332,0.9713333333333334,,179.19,5.973,4.575556,-74.138889,30
2022,11,Usaquen,Usaquén,NASA_POWER,17.981333333333332,87.00733333333332,0.9713333333333334,,179.19,5.973,4.707306,-74.330417,30
2022,12,Bolivia,Engativá,NASA_POWER,18.003548387096775,82.19999999999999,0.9396774193548387,,70.75,2.282258064516129,4.736978,-74.555,31
2022,12,Carvajal - Sevillana,Tunjuelito,NASA_POWER,18.003548387096775,82.19999999999999,0.9396774193548387,,70.75,2.282258064516129,4.589722,-74.2175,31
2022,12,Centro de Alto Rendimiento,Barrios Unidos,NASA_POWER,18.003548387096775,82.19999999999999,0.9396774193548387,,70.75,2.282258064516129,4.658556,-74.088556,31
2022,12,Ciudad Bolivar,Ciudad Bolívar,NASA_POWER,18.003548387096775,82.19999999999999,0.9396774193548387,,70.75,2.282258064516129,4.577778,-74.165167,31
2022,12,Colina,Suba,NASA_POWER,18.003548387096775,82.19999999999999,0.9396774193548387,,70.75,2.282258064516129,4.737194444444445,-74.06947222222222,31
2022,12,Fontibon,Fontibón,NASA_POWER,18.003548387096775,82.19999999999999,0.9396774193548387,,70.75,2.282258064516129,4.679722,-74.1425,31
2022,12,Guaymaral,Suba,NASA_POWER,13.299032258064516,86.99580645161289,0.7554838709677419,,76.45,2.4661290322580647,4.7837556,-74.044183,31
2022,12,Kennedy,Kennedy,NASA_POWER,18.003548387096775,82.19999999999999,0.9396774193548387,,70.75,2.282258064516129,4.621389,-74.140833,31
2022,12,Las Ferias,Engativá,NASA_POWER,18.003548387096775,82.19999999999999,0.9396774193548387,,70.75,2.282258064516129,4.690722,-74.0986,31
2022,12,MinAmbiente,Teusaquillo,NASA_POWER,18.003548387096775,82.19999999999999,0.9396774193548387,,70.75,2.282258064516129,4.629306,-74.186944,31
2022,12,Movil Fontibon,Fontibón,NASA_POWER,21.675806451612903,81.27516129032257,0.9761290322580645,,112.39999999999999,3.625806451612903,4.640764,-74.870833,31
2022,12,Puente Aranda,Puente Aranda,NASA_POWER,18.003548387096775,82.19999999999999,0.9396774193548387,,70.75,2.282258064516129,4.592444,-74.106667,31
2022,12,SUBA,Suba,NASA_POWER,18.003548387096775,82.19999999999999,0.9396774193548387,,70.75,2.282258064516129,4.68025,-74.596111,31
2022,12,San Cristobal,San Cristóbal,NASA_POWER,18.003548387096775,82.19999999999999,0.9396774193548387,,70.75,2.282258064516129,4.5725,-74.086389,31
2022,12,Suba,Suba,NASA_POWER,18.003548387096775,82.19999999999999,0.9396774193548387,,70.75,2.282258064516129,4.68025,-74.596111,31
2022,12,Tunal,Tunjuelito,NASA_POWER,18.003548387096775,82.19999999999999,0.9396774193548387,,70.75,2.282258064516129,4.575556,-74.138889,31
2022,12,Usaquen,Usaquén,NASA_POWER,18.003548387096775,82.19999999999999,0.9396774193548387,,70.75,2.282258064516129,4.707306,-74.330417,31
2023,1,Bolivia,Engativá,NASA_POWER,17.54,82.15516129032258,0.9661290322580645,,181.32,5.849032258064516,4.736978,-74.555,31
2023,1,Carvajal - Sevillana,Tunjuelito,NASA_POWER,17.54,82.15516129032258,0.9661290322580645,,181.32,5.849032258064516,4.589722,-74.2175,31
2023,1,Centro de Alto Rendimiento,Barrios Unidos,NASA_POWER,17.54,82.15516129032258,0.9661290322580645,,181.32,5.849032258064516,4.658556,-74.088556,31
2023,1,Ciudad Bolivar,Ciudad Bolívar,NASA_POWER,17.54,82.15516129032258,0.9661290322580645,,181.32,5.849032258064516,4.577778,-74.165167,31
2023,1,Colina,Suba,NASA_POWER,17.54,82.15516129032258,0.9661290322580645,,181.32,5.849032258064516,4.737194444444445,-74.06947222222222,31
2023,1,Fontibon,Fontibón,NASA_POWER,17.54,82.15516129032258,0.9661290322580645,,181.32,5.849032258064516,4.679722,-74.1425,31
2023,1,Guaymaral,Suba,NASA_POWER,12.815483870967741,87.54129032258065,0.8096774193548387,,196.86,6.3503225806451615,4.7837556,-74.044183,31
2023,1,Kennedy,Kennedy,NASA_POWER,17.54,82.15516129032258,0.9661290322580645,,181.32,5.849032258064516,4.621389,-74.140833,31
2023,1,Las Ferias,Engativá,NASA_POWER,17.54,82.15516129032258,0.9661290322580645,,181.32,5.849032258064516,4.690722,-74.0986,31
2023,1,MinAmbiente,Teusaquillo,NASA_POWER,17.54,82.15516129032258,0.9661290322580645,,181.32,5.849032258064516,4.629306,-74.186944,31
2023,1,Movil Fontibon,Fontibón,NASA_POWER,21.146774193548385,81.11193548387098,0.984516129032258,,217.32999999999998,7.010645161290322,4.640764,-74.870833,31
2023,1,Puente Aranda,Puente Aranda,NASA_POWER,17.54,82.15516129032258,0.9661290322580645,,181.32,5.849032258064516,4.592444,-74.106667,31
2023,1,SUBA,Suba,NASA_POWER,17.54,82.15516129032258,0.9661290322580645,,181.32,5.849032258064516,4.68025,-74.596111,31
2023,1,San Cristobal,San Cristóbal,NASA_POWER,17.54,82.15516129032258,0.9661290322580645,,181.32,5.849032258064516,4.5725,-74.086389,31
2023,1,Suba,Suba,NASA_POWER,17.54,82.15516129032258,0.9661290322580645,,181.32,5.849032258064516,4.68025,-74.596111,31
2023,1,Tunal,Tunjuelito,NASA_POWER,17.54,82.15516129032258,0.9661290322580645,,181.32,5.849032258064516,4.575556,-74.138889,31
2023,1,Usaquen,Usaquén,NASA_POWER,17.54,82.15516129032258,0.9661290322580645,,181.32,5.849032258064516,4.707306,-74.330417,31
2023,2,Bolivia,Engativá,NASA_POWER,18.753214285714286,78.37249999999999,0.9896428571428572,,54.03,1.9296428571428572,4.736978,-74.555,28
2023,2,Carvajal - Sevillana,Tunjuelito,NASA_POWER,18.753214285714286,78.37249999999999,0.9896428571428572,,54.03,1.9296428571428572,4.589722,-74.2175,28
2023,2,Centro de Alto Rendimiento,Barrios Unidos,NASA_POWER,18.753214285714286,78.37249999999999,0.9896428571428572,,54.03,1.9296428571428572,4.658556,-74.088556,28
2023,2,Ciudad Bolivar,Ciudad Bolívar,NASA_POWER,18.753214285714286,78.37249999999999,0.9896428571428572,,54.03,1.9296428571428572,4.577778,-74.165167,28
2023,2,Colina,Suba,NASA_POWER,18.753214285714286,78.37249999999999,0.9896428571428572,,54.03,1.9296428571428572,4.737194444444445,-74.06947222222222,28
2023,2,Fontibon,Fontibón,NASA_POWER,18.753214285714286,78.37249999999999,0.9896428571428572,,54.03,1.9296428571428572,4.679722,-74.1425,28
2023,2,Guaymaral,Suba,NASA_POWER,13.222142857142858,85.4275,1.0803571428571428,,40.57,1.4489285714285713,4.7837556,-74.044183,28
2023,2,Kennedy,Kennedy,NASA_POWER,18.753214285714286,78.37249999999999,0.9896428571428572,,54.03,1.9296428571428572,4.621389,-74.140833,28
2023,2,Las Ferias,Engativá,NASA_POWER,18.753214285714286,78.37249999999999,0.9896428571428572,,54.03,1.9296428571428572,4.690722,-74.0986,28
2023,2,MinAmbiente,Teusaquillo,NASA_POWER,18.753214285714286,78.37249999999999,0.9896428571428572,,54.03,1.9296428571428572,4.629306,-74.186944,28
2023,2,Movil Fontibon,Fontibón,NASA_POWER,22.221785714285716,79.96857142857142,0.9425,,78.28,2.795714285714286,4.640764,-74.870833,28
2023,2,Puente Aranda,Puente Aranda,NASA_POWER,18.753214285714286,78.37249999999999,0.9896428571428572,,54.03,1.9296428571428572,4.592444,-74.106667,28
2023,2,SUBA,Suba,NASA_POWER,18.753214285714286,78.37249999999999,0.9896428571428572,,54.03,1.9296428571428572,4.68025,-74.596111,28
2023,2,San Cristobal,San Cristóbal,NASA_POWER,18.753214285714286,78.37249999999999,0.9896428571428572,,54.03,1.9296428571428572,4.5725,-74.086389,28
2023,2,Suba,Suba,NASA_POWER,18.753214285714286,78.37249999999999,0.9896428571428572,,54.03,1.9296428571428572,4.68025,-74.596111,28
2023,2,Tunal,Tunjuelito,NASA_POWER,18.753214285714286,78.37249999999999,0.9896428571428572,,54.03,1.9296428571428572,4.575556,-74.138889,28
2023,2,Usaquen,Usaquén,NASA_POWER,18.753214285714286,78.37249999999999,0.9896428571428572,,54.03,1.9296428571428572,4.707306,-74.330417,28
2023,3,Bolivia,Engativá,NASA_POWER,18.51451612903226,84.31870967741936,0.8709677419354839,,165.16,5.32774193548387,4.736978,-74.555,31
2023,3,Carvajal - Sevillana,Tunjuelito,NASA_POWER,18.51451612903226,84.31870967741936,0.8709677419354839,,165.16,5.32774193548387,4.589722,-74.2175,31
2023,3,Centro de Alto Rendimiento,Barrios Unidos,NASA_POWER,18.51451612903226,84.31870967741936,0.8709677419354839,,165.16,5.32774193548387,4.658556,-74.088556,31
2023,3,Ciudad Bolivar,Ciudad Bolívar,NASA_POWER,18.51451612903226,84.31870967741936,0.8709677419354839,,165.16,5.32774193548387,4.577778,-74.165167,31
2023,3,Colina,Suba,NASA_POWER,18.51451612903226,84.31870967741936,0.8709677419354839,,165.16,5.32774193548387,4.737194444444445,-74.06947222222222,31
2023,3,Fontibon,Fontibón,NASA_POWER,18.51451612903226,84.31870967741936,0.8709677419354839,,165.16,5.32774193548387,4.679722,-74.1425,31
2023,3,Guaymaral,Suba,NASA_POWER,13.99483870967742,87.92032258064516,0.7154838709677419,,140.47,4.531290322580645,4.7837556,-74.044183,31
2023,3,Kennedy,Kennedy,NASA_POWER,18.51451612903226,84.31870967741936,0.8709677419354839,,165.16,5.32774193548387,4.621389,-74.140833,31
2023,3,Las Ferias,Engativá,NASA_POWER,18.51451612903226,84.31870967741936,0.8709677419354839,,165.16,5.32774193548387,4.690722,-74.0986,31
2023,3,MinAmbiente,Teusaquillo,NASA_POWER,18.51451612903226,84.31870967741936,0.8709677419354839,,165.16,5.32774193548387,4.629306,-74.186944,31
2023,3,Movil Fontibon,Fontibón,NASA_POWER,22.363548387096774,81.59161290322581,0.8964516129032257,,237.9,7.674193548387097,4.640764,-74.870833,31
2023,3,Puente Aranda,Puente Aranda,NASA_POWER,18.51451612903226,84.31870967741936,0.8709677419354839,,165.16,5.32774193548387,4.592444,-74.106667,31
2023,3,SUBA,Suba,NASA_POWER,18.51451612903226,84.31870967741936,0.8709677419354839,,165.16,5.32774193548387,4.68025,-74.596111,31
2023,3,San Cristobal,San Cristóbal,NASA_POWER,18.51451612903226,84.31870967741936,0.8709677419354839,,165.16,5.32774193548387,4.5725,-74.086389,31
2023,3,Suba,Suba,NASA_POWER,18.51451612903226,84.31870967741936,0.8709677419354839,,165.16,5.32774193548387,4.68025,-74.596111,31
2023,3,Tunal,Tunjuelito,NASA_POWER,18.51451612903226,84.31870967741936,0.8709677419354839,,165.16,5.32774193548387,4.575556,-74.138889,31
2023,3,Usaquen,Usaquén,NASA_POWER,18.51451612903226,84.31870967741936,0.8709677419354839,,165.16,5.32774193548387,4.707306,-74.330417,31
2023,4,Bolivia,Engativá,NASA_POWER,18.597666666666665,83.93033333333332,0.8996666666666666,,218.01,7.2669999999999995,4.736978,-74.555,30
2023,4,Carvajal - Sevillana,Tunjuelito,NASA_POWER,18.597666666666665,83.93033333333332,0.8996666666666666,,218.01,7.2669999999999995,4.589722,-74.2175,30
2023,4,Centro de Alto Rendimiento,Barrios Unidos,NASA_POWER,18.597666666666665,83.93033333333332,0.8996666666666666,,218.01,7.2669999999999995,4.658556,-74.088556,30
2023,4,Ciudad Bolivar,Ciudad Bolívar,NASA_POWER,18.597666666666665,83.93033333333332,0.8996666666666666,,218.01,7.2669999999999995,4.577778,-74.165167,30
2023,4,Colina,Suba,NASA_POWER,18.597666666666665,83.93033333333332,0.8996666666666666,,218.01,7.2669999999999995,4.737194444444445,-74.06947222222222,30
2023,4,Fontibon,Fontibón,NASA_POWER,18.597666666666665,83.93033333333332,0.8996666666666666,,218.01,7.2669999999999995,4.679722,-74.1425,30
2023,4,Guaymaral,Suba,NASA_POWER,14.213666666666667,88.52033333333334,0.8093333333333333,,239.32,7.977333333333333,4.7837556,-74.044183,30
2023,4,Kennedy,Kennedy,NASA_POWER,18.597666666666665,83.93033333333332,0.8996666666666666,,218.01,7.2669999999999995,4.621389,-74.140833,30
2023,4,Las Ferias,Engativá,NASA_POWER,18.597666666666665,83.93033333333332,0.8996666666666666,,218.01,7.2669999999999995,4.690722,-74.0986,30
2023,4,MinAmbiente,Teusaquillo,NASA_POWER,18.597666666666665,83.93033333333332,0.8996666666666666,,218.01,7.2669999999999995,4.629306,-74.186944,30
2023,4,Movil Fontibon,Fontibón,NASA_POWER,22.176666666666666,82.74766666666666,1.1529999999999998,,210.51,7.0169999999999995,4.640764,-74.870833,30
2023,4,Puente Aranda,Puente Aranda,NASA_POWER,18.597666666666665,83.93033333333332,0.8996666666666666,,218.01,7.2669999999999995,4.592444,-74.106667,30
2023,4,SUBA,Suba,NASA_POWER,18.597666666666665,83.93033333333332,0.8996666666666666,,218.01,7.2669999999999995,4.68025,-74.596111,30
2023,4,San Cristobal,San Cristóbal,NASA_POWER,18.597666666666665,83.93033333333332,0.8996666666666666,,218.01,7.2669999999999995,4.5725,-74.086389,30
2023,4,Suba,Suba,NASA_POWER,18.597666666666665,83.93033333333332,0.8996666666666666,,218.01,7.2669999999999995,4.68025,-74.596111,30
2023,4,Tunal,Tunjuelito,NASA_POWER,18.597666666666665,83.93033333333332,0.8996666666666666,,218.01,7.2669999999999995,4.575556,-74.138889,30
2023,4,Usaquen,Usaquén,NASA_POWER,18.597666666666665,83.93033333333332,0.8996666666666666,,218.01,7.2669999999999995,4.707306,-74.330417,30
2023,5,Bolivia,Engativá,NASA_POWER,19.260322580645163,81.58612903225807,1.115483870967742,,220.91,7.126129032258064,4.736978,-74.555,31
2023,5,Carvajal - Sevillana,Tunjuelito,NASA_POWER,19.260322580645163,81.58612903225807,1.115483870967742,,220.91,7.126129032258064,4.589722,-74.2175,31
2023,5,Centro de Alto Rendimiento,Barrios Unidos,NASA_POWER,19.260322580645163,81.58612903225807,1.115483870967742,,220.91,7.126129032258064,4.658556,-74.088556,31
2023,5,Ciudad Bolivar,Ciudad Bolívar,NASA_POWER,19.260322580645163,81.58612903225807,1.115483870967742,,220.91,7.126129032258064,4.577778,-74.165167,31
2023,5,Colina,Suba,NASA_POWER,19.260322580645163,81.58612903225807,1.115483870967742,,220.91,7.126129032258064,4.737194444444445,-74.06947222222222,31
2023,5,Fontibon,Fontibón,NASA_POWER,19.260322580645163,81.58612903225807,1.115483870967742,,220.91,7.126129032258064,4.679722,-74.1425,31
2023,5,Guaymaral,Suba,NASA_POWER,14.345161290322581,88.0716129032258,1.072258064516129,,291.67,9.408709677419356,4.7837556,-74.044183,31
2023,5,Kennedy,Kennedy,NASA_POWER,19.260322580645163,81.58612903225807,1.115483870967742,,220.91,7.126129032258064,4.621389,-74.140833,31
2023,5,Las Ferias,Engativá,NASA_POWER,19.260322580645163,81.58612903225807,1.115483870967742,,220.91,7.126129032258064,4.690722,-74.0986,31
2023,5,MinAmbiente,Teusaquillo,NASA_POWER,19.260322580645163,81.58612903225807,1.115483870967742,,220.91,7.126129032258064,4.629306,-74.186944,31
2023,5,Movil Fontibon,Fontibón,NASA_POWER,22.56967741935484,82.37774193548387,1.4248387096774193,,151.59,4.89,4.640764,-74.870833,31
2023,5,Puente Aranda,Puente Aranda,NASA_POWER,19.260322580645163,81.58612903225807,1.115483870967742,,220.91,7.126129032258064,4.592444,-74.106667,31
2023,5,SUBA,Suba,NASA_POWER,19.260322580645163,81.58612903225807,1.115483870967742,,220.91,7.126129032258064,4.68025,-74.596111,31
2023,5,San Cristobal,San Cristóbal,NASA_POWER,19.260322580645163,81.58612903225807,1.115483870967742,,220.91,7.126129032258064,4.5725,-74.086389,31
2023,5,Suba,Suba,NASA_POWER,19.260322580645163,81.58612903225807,1.115483870967742,,220.91,7.126129032258064,4.68025,-74.596111,31
2023,5,Tunal,Tunjuelito,NASA_POWER,19.260322580645163,81.58612903225807,1.115483870967742,,220.91,7.126129032258064,4.575556,-74.138889,31
2023,5,Usaquen,Usaquén,NASA_POWER,19.260322580645163,81.58612903225807,1.115483870967742,,220.91,7.126129032258064,4.707306,-74.330417,31
2023,6,Bolivia,Engativá,NASA_POWER,18.427666666666667,79.40100000000001,1.6053333333333333,,151.78,5.059333333333333,4.736978,-74.555,30
2023,6,Carvajal - Sevillana,Tunjuelito,NASA_POWER,18.427666666666667,79.40100000000001,1.6053333333333333,,151.78,5.059333333333333,4.589722,-74.2175,30
2023,6,Centro de Alto Rendimiento,Barrios Unidos,NASA_POWER,18.427666666666667,79.40100000000001,1.6053333333333333,,151.78,5.059333333333333,4.658556,-74.088556,30
2023,6,Ciudad Bolivar,Ciudad Bolívar,NASA_POWER,18.427666666666667,79.40100000000001,1.6053333333333333,,151.78,5.059333333333333,4.577778,-74.165167,30
2023,6,Colina,Suba,NASA_POWER,18.427666666666667,79.40100000000001,1.6053333333333333,,151.78,5.059333333333333,4.737194444444445,-74.06947222222222,30
2023,6,Fontibon,Fontibón,NASA_POWER,18.427666666666667,79.40100000000001,1.6053333333333333,,151.78,5.059333333333333,4.679722,-74.1425,30
2023,6,Guaymaral,Suba,NASA_POWER,13.073666666666666,87.92433333333334,1.518,,227.20000000000002,7.573333333333334,4.7837556,-74.044183,30
2023,6,Kennedy,Kennedy,NASA_POWER,18.427666666666667,79.40100000000001,1.6053333333333333,,151.78,5.059333333333333,4.621389,-74.140833,30
2023,6,Las Ferias,Engativá,NASA_POWER,18.427666666666667,79.40100000000001,1.6053333333333333,,151.78,5.059333333333333,4.690722,-74.0986,30
2023,6,MinAmbiente,Teusaquillo,NASA_POWER,18.427666666666667,79.40100000000001,1.6053333333333333,,151.78,5.059333333333333,4.629306,-74.186944,30
2023,6,Movil Fontibon,Fontibón,NASA_POWER,21.834666666666667,79.98433333333334,1.8960000000000001,,94.48,3.1493333333333333,4.640764,-74.870833,30
2023,6,Puente Aranda,Puente Aranda,NASA_POWER,18.427666666666667,79.40100000000001,1.6053333333333333,,151.78,5.059333333333333,4.592444,-74.106667,30
2023,6,SUBA,Suba,NASA_POWER,18.427666666666667,79.40100000000001,1.6053333333333333,,151.78,5.059333333333333,4.68025,-74.596111,30
2023,6,San Cristobal,San Cristóbal,NASA_POWER,18.427666666666667,79.40100000000001,1.6053333333333333,,151.78,5.059333333333333,4.5725,-74.086389,30
2023,6,Suba,Suba,NASA_POWER,18.427666666666667,79.40100000000001,1.6053333333333333,,151.78,5.059333333333333,4.68025,-74.596111,30
2023,6,Tunal,Tunjuelito,NASA_POWER,18.427666666666667,79.40100000000001,1.6053333333333333,,151.78,5.059333333333333,4.575556,-74.138889,30
2023,6,Usaquen,Usaquén,NASA_POWER,18.427666666666667,79.40100000000001,1.6053333333333333,,151.78,5.059333333333333,4.707306,-74.330417,30
2023,7,Bolivia,Engativá,NASA_POWER,18.774193548387096,78.48967741935483,1.717741935483871,,151.41,4.884193548387096,4.736978,-74.555,31
2023,7,Carvajal - Sevillana,Tunjuelito,NASA_POWER,18.774193548387096,78.48967741935483,1.717741935483871,,151.41,4.884193548387096,4.589722,-74.2175,31
2023,7,Centro de Alto Rendimiento,Barrios Unidos,NASA_POWER,18.774193548387096,78.48967741935483,1.717741935483871,,151.41,4.884193548387096,4.658556,-74.088556,31
2023,7,Ciudad Bolivar,Ciudad Bolívar,NASA_POWER,18.774193548387096,78.48967741935483,1.717741935483871,,151.41,4.884193548387096,4.577778,-74.165167,31
2023,7,Colina,Suba,NASA_POWER,18.774193548387096,78.48967741935483,1.717741935483871,,151.41,4.884193548387096,4.737194444444445,-74.06947222222222,31
2023,7,Fontibon,Fontibón,NASA_POWER,18.774193548387096,78.48967741935483,1.717741935483871,,151.41,4.884193548387096,4.679722,-74.1425,31
2023,7,Guaymaral,Suba,NASA_POWER,13.422258064516129,88.22387096774193,1.6258064516129032,,213.14000000000001,6.875483870967742,4.7837556,-74.044183,31
2023,7,Kennedy,Kennedy,NASA_POWER,18.774193548387096,78.48967741935483,1.717741935483871,,151.41,4.884193548387096,4.621389,-74.140833,31
2023,7,Las Ferias,Engativá,NASA_POWER,18.774193548387096,78.48967741935483,1.717741935483871,,151.41,4.884193548387096,4.690722,-74.0986,31
2023,7,MinAmbiente,Teusaquillo,NASA_POWER,18.774193548387096,78.48967741935483,1.717741935483871,,151.41,4.884193548387096,4.629306,-74.186944,31
2023,7,Movil Fontibon,Fontibón,NASA_POWER,22.655483870967743,77.00741935483872,1.625483870967742,,109.28,3.525161290322581,4.640764,-74.870833,31
2023,7,Puente Aranda,Puente Aranda,NASA_POWER,18.774193548387096,78.48967741935483,1.717741935483871,,151.41,4.884193548387096,4.592444,-74.106667,31
2023,7,SUBA,Suba,NASA_POWER,18.774193548387096,78.48967741935483,1.717741935483871,,151.41,4.884193548387096,4.68025,-74.596111,31
2023,7,San Cristobal,San Cristóbal,NASA_POWER,18.774193548387096,78.48967741935483,1.717741935483871,,151.41,4.884193548387096,4.5725,-74.086389,31
2023,7,Suba,Suba,NASA_POWER,18.774193548387096,78.48967741935483,1.717741935483871,,151.41,4.884193548387096,4.68025,-74.596111,31
2023,7,Tunal,Tunjuelito,NASA_POWER,18.774193548387096,78.48967741935483,1.717741935483871,,151.41,4.884193548387096,4.575556,-74.138889,31
2023,7,Usaquen,Usaquén,NASA_POWER,18.774193548387096,78.48967741935483,1.717741935483871,,151.41,4.884193548387096,4.707306,-74.330417,31
2023,8,Bolivia,Engativá,NASA_POWER,18.869032258064518,76.52032258064517,1.5912903225806452,,131.76,4.250322580645161,4.736978,-74.555,31
2023,8,Carvajal - Sevillana,Tunjuelito,NASA_POWER,18.869032258064518,76.52032258064517,1.5912903225806452,,131.76,4.250322580645161,4.589722,-74.2175,31
2023,8,Centro de Alto Rendimiento,Barrios Unidos,NASA_POWER,18.869032258064518,76.52032258064517,1.5912903225806452,,131.76,4.250322580645161,4.658556,-74.088556,31
2023,8,Ciudad Bolivar,Ciudad Bolívar,NASA_POWER,18.869032258064518,76.52032258064517,1.5912903225806452,,131.76,4.250322580645161,4.577778,-74.165167,31
2023,8,Colina,Suba,NASA_POWER,18.869032258064518,76.52032258064517,1.5912903225806452,,131.76,4.250322580645161,4.737194444444445,-74.06947222222222,31
2023,8,Fontibon,Fontibón,NASA_POWER,18.869032258064518,76.52032258064517,1.5912903225806452,,131.76,4.250322580645161,4.679722,-74.1425,31
2023,8,Guaymaral,Suba,NASA_POWER,13.38774193548387,85.63870967741936,1.3696774193548387,,170.08,5.486451612903227,4.7837556,-74.044183,31
2023,8,Kennedy,Kennedy,NASA_POWER,18.869032258064518,76.52032258064517,1.5912903225806452,,131.76,4.250322580645161,4.621389,-74.140833,31
2023,8,Las Ferias,Engativá,NASA_POWER,18.869032258064518,76.52032258064517,1.5912903225806452,,131.76,4.250322580645161,4.690722,-74.0986,31
2023,8,MinAmbiente,Teusaquillo,NASA_POWER,18.869032258064518,76.52032258064517,1.5912903225806452,,131.76,4.250322580645161,4.629306,-74.186944,31
2023,8,Movil Fontibon,Fontibón,NASA_POWER,23.620322580645162,70.9816129032258,1.4848387096774194,,111.58,3.599354838709677,4.640764,-74.870833,31
2023,8,Puente Aranda,Puente Aranda,NASA_POWER,18.869032258064518,76.52032258064517,1.5912903225806452,,131.76,4.250322580645161,4.592444,-74.106667,31
2023,8,SUBA,Suba,NASA_POWER,18.869032258064518,76.52032258064517,1.5912903225806452,,131.76,4.250322580645161,4.68025,-74.596111,31
2023,8,San Cristobal,San Cristóbal,NASA_POWER,18.869032258064518,76.52032258064517,1.5912903225806452,,131.76,4.250322580645161,4.5725,-74.086389,31
2023,8,Suba,Suba,NASA_POWER,18.869032258064518,76.52032258064517,1.5912903225806452,,131.76,4.250322580645161,4.68025,-74.596111,31
2023,8,Tunal,Tunjuelito,NASA_POWER,18.869032258064518,76.52032258064517,1.5912903225806452,,131.76,4.250322580645161,4.575556,-74.138889,31
2023,8,Usaquen,Usaquén,NASA_POWER,18.869032258064518,76.52032258064517,1.5912903225806452,,131.76,4.250322580645161,4.707306,-74.330417,31
2023,9,Bolivia,Engativá,NASA_POWER,19.59466666666667,75.409,1.4340000000000002,,139.46,4.648666666666667,4.736978,-74.555,30
2023,9,Carvajal - Sevillana,Tunjuelito,NASA_POWER,19.59466666666667,75.409,1.4340000000000002,,139.46,4.648666666666667,4.589722,-74.2175,30
2023,9,Centro de Alto Rendimiento,Barrios Unidos,NASA_POWER,19.59466666666667,75.409,1.4340000000000002,,139.46,4.648666666666667,4.658556,-74.088556,30
2023,9,Ciudad Bolivar,Ciudad Bolívar,NASA_POWER,19.59466666666667,75.409,1.4340000000000002,,139.46,4.648666666666667,4.577778,-74.165167,30
2023,9,Colina,Suba,NASA_POWER,19.59466666666667,75.409,1.4340000000000002,,139.46,4.648666666666667,4.737194444444445,-74.06947222222222,30
2023,9,Fontibon,Fontibón,NASA_POWER,19.59466666666667,75.409,1.4340000000000002,,139.46,4.648666666666667,4.679722,-74.1425,30
2023,9,Guaymaral,Suba,NASA_POWER,14.113,85.291,1.2403333333333333,,173.16,5.772,4.7837556,-74.044183,30
2023,9,Kennedy,Kennedy,NASA_POWER,19.59466666666667,75.409,1.4340000000000002,,139.46,4.648666666666667,4.621389,-74.140833,30
2023,9,Las Ferias,Engativá,NASA_POWER,19.59466666666667,75.409,1.4340000000000002,,139.46,4.648666666666667,4.690722,-74.0986,30
2023,9,MinAmbiente,Teusaquillo,NASA_POWER,19.59466666666667,75.409,1.4340000000000002,,139.46,4.648666666666667,4.629306,-74.186944,30
2023,9,Movil Fontibon,Fontibón,NASA_POWER,24.497,68.20833333333333,1.3766666666666665,,97.73,3.2576666666666667,4.640764,-74.870833,30
2023,9,Puente Aranda,Puente Aranda,NASA_POWER,19.59466666666667,75.409,1.4340000000000002,,139.46,4.648666666666667,4.592444,-74.106667,30
2023,9,SUBA,Suba,NASA_POWER,19.59466666666667,75.409,1.4340000000000002,,139.46,4.648666666666667,4.68025,-74.596111,30
2023,9,San Cristobal,San Cristóbal,NASA_POWER,19.59466666666667,75.409,1.4340000000000002,,139.46,4.648666666666667,4.5725,-74.086389,30
2023,9,Suba,Suba,NASA_POWER,19.59466666666667,75.409,1.4340000000000002,,139.46,4.648666666666667,4.68025,-74.596111,30
2023,9,Tunal,Tunjuelito,NASA_POWER,19.59466666666667,75.409,1.4340000000000002,,139.46,4.648666666666667,4.575556,-74.138889,30
2023,9,Usaquen,Usaquén,NASA_POWER,19.59466666666667,75.409,1.4340000000000002,,139.46,4.648666666666667,4.707306,-74.330417,30
2023,10,Bolivia,Engativá,NASA_POWER,19.38935483870968,80.40064516129033,0.9116129032258063,,200.76,6.476129032258064,4.736978,-74.555,31
2023,10,Carvajal - Sevillana,Tunjuelito,NASA_POWER,19.38935483870968,80.40064516129033,0.9116129032258063,,200.76,6.476129032258064,4.589722,-74.2175,31
2023,10,Centro de Alto Rendimiento,Barrios Unidos,NASA_POWER,19.38935483870968,80.40064516129033,0.9116129032258063,,200.76,6.476129032258064,4.658556,-74.088556,31
2023,10,Ciudad Bolivar,Ciudad Bolívar,NASA_POWER,19.38935483870968,80.40064516129033,0.9116129032258063,,200.76,6.476129032258064,4.577778,-74.165167,31
2023,10,Colina,Suba,NASA_POWER,19.38935483870968,80.40064516129033,0.9116129032258063,,200.76,6.476129032258064,4.737194444444445,-74.06947222222222,31
2023,10,Fontibon,Fontibón,NASA_POWER,19.38935483870968,80.40064516129033,0.9116129032258063,,200.76,6.476129032258064,4.679722,-74.1425,31
2023,10,Guaymaral,Suba,NASA_POWER,14.21032258064516,85.81612903225808,0.7729032258064517,,229.84,7.414193548387097,4.7837556,-74.044183,31
2023,10,Kennedy,Kennedy,NASA_POWER,19.38935483870968,80.40064516129033,0.9116129032258063,,200.76,6.476129032258064,4.621389,-74.140833,31
2023,10,Las Ferias,Engativá,NASA_POWER,19.38935483870968,80.40064516129033,0.9116129032258063,,200.76,6.476129032258064,4.690722,-74.0986,31
2023,10,MinAmbiente,Teusaquillo,NASA_POWER,19.38935483870968,80.40064516129033,0.9116129032258063,,200.76,6.476129032258064,4.629306,-74.186944,31
2023,10,Movil Fontibon,Fontibón,NASA_POWER,23.794516129032257,75.72935483870968,0.9851612903225806,,193.68,6.247741935483871,4.640764,-74.870833,31
2023,10,Puente Aranda,Puente Aranda,NASA_POWER,19.38935483870968,80.40064516129033,0.9116129032258063,,200.76,6.476129032258064,4.592444,-74.106667,31
2023,10,SUBA,Suba,NASA_POWER,19.38935483870968,80.40064516129033,0.9116129032258063,,200.76,6.476129032258064,4.68025,-74.596111,31
2023,10,San Cristobal,San Cristóbal,NASA_POWER,19.38935483870968,80.40064516129033,0.9116129032258063,,200.76,6.476129032258064,4.5725,-74.086389,31
2023,10,Suba,Suba,NASA_POWER,19.38935483870968,80.40064516129033,0.9116129032258063,,200.76,6.476129032258064,4.68025,-74.596111,31
2023,10,Tunal,Tunjuelito,NASA_POWER,19.38935483870968,80.40064516129033,0.9116129032258063,,200.76,6.476129032258064,4.575556,-74.138889,31
2023,10,Usaquen,Usaquén,NASA_POWER,19.38935483870968,80.40064516129033,0.9116129032258063,,200.76,6.476129032258064,4.707306,-74.330417,31
2023,11,Bolivia,Engativá,NASA_POWER,19.18,81.34533333333334,0.989,,170.2,5.673333333333333,4.736978,-74.555,30
2023,11,Carvajal - Sevillana,Tunjuelito,NASA_POWER,19.18,81.34533333333334,0.989,,170.2,5.673333333333333,4.589722,-74.2175,30
2023,11,Centro de Alto Rendimiento,Barrios Unidos,NASA_POWER,19.18,81.34533333333334,0.989,,170.2,5.673333333333333,4.658556,-74.088556,30
2023,11,Ciudad Bolivar,Ciudad Bolívar,NASA_POWER,19.18,81.34533333333334,0.989,,170.2,5.673333333333333,4.577778,-74.165167,30
2023,11,Colina,Suba,NASA_POWER,19.18,81.34533333333334,0.989,,170.2,5.673333333333333,4.737194444444445,-74.06947222222222,30
2023,11,Fontibon,Fontibón,NASA_POWER,19.18,81.34533333333334,0.989,,170.2,5.673333333333333,4.679722,-74.1425,30
2023,11,Guaymaral,Suba,NASA_POWER,14.228666666666667,87.27333333333333,0.9019999999999999,,175.22,5.8406666666666665,4.7837556,-74.044183,30
2023,11,Kennedy,Kennedy,NASA_POWER,19.18,81.34533333333334,0.989,,170.2,5.673333333333333,4.621389,-74.140833,30
2023,11,Las Ferias,Engativá,NASA_POWER,19.18,81.34533333333334,0.989,,170.2,5.673333333333333,4.690722,-74.0986,30
2023,11,MinAmbiente,Teusaquillo,NASA_POWER,19.18,81.34533333333334,0.989,,170.2,5.673333333333333,4.629306,-74.186944,30
2023,11,Movil Fontibon,Fontibón,NASA_POWER,23.139666666666663,78.63366666666667,1.09,,190.07,6.335666666666667,4.640764,-74.870833,30
2023,11,Puente Aranda,Puente Aranda,NASA_POWER,19.18,81.34533333333334,0.989,,170.2,5.673333333333333,4.592444,-74.106667,30
2023,11,SUBA,Suba,NASA_POWER,19.18,81.34533333333334,0.989,,170.2,5.673333333333333,4.68025,-74.596111,30
2023,11,San Cristobal,San Cristóbal,NASA_POWER,19.18,81.34533333333334,0.989,,170.2,5.673333333333333,4.5725,-74.086389,30
2023,11,Suba,Suba,NASA_POWER,19.18,81.34533333333334,0.989,,170.2,5.673333333333333,4.68025,-74.596111,30
2023,11,Tunal,Tunjuelito,NASA_POWER,19.18,81.34533333333334,0.989,,170.2,5.673333333333333,4.575556,-74.138889,30
2023,11,Usaquen,Usaquén,NASA_POWER,19.18,81.34533333333334,0.989,,170.2,5.673333333333333,4.707306,-74.330417,30
2023,12,Bolivia,Engativá,NASA_POWER,19.54258064516129,80.67806451612903,1.0270967741935484,,133.78,4.315483870967742,4.736978,-74.555,31
2023,12,Carvajal - Sevillana,Tunjuelito,NASA_POWER,19.54258064516129,80.67806451612903,1.0270967741935484,,133.78,4.315483870967742,4.589722,-74.2175,31
2023,12,Centro de Alto Rendimiento,Barrios Unidos,NASA_POWER,19.54258064516129,80.67806451612903,1.0270967741935484,,133.78,4.315483870967742,4.658556,-74.088556,31
2023,12,Ciudad Bolivar,Ciudad Bolívar,NASA_POWER,19.54258064516129,80.67806451612903,1.0270967741935484,,133.78,4.315483870967742,4.577778,-74.165167,31
2023,12,Colina,Suba,NASA_POWER,19.54258064516129,80.67806451612903,1.0270967741935484,,133.78,4.315483870967742,4.737194444444445,-74.06947222222222,31
2023,12,Fontibon,Fontibón,NASA_POWER,19.54258064516129,80.67806451612903,1.0270967741935484,,133.78,4.315483870967742,4.679722,-74.1425,31
2023,12,Guaymaral,Suba,NASA_POWER,14.670645161290324,88.86548387096774,0.8483870967741935,,159.98999999999998,5.160967741935483,4.7837556,-74.044183,31
2023,12,Kennedy,Kennedy,NASA_POWER,19.54258064516129,80.67806451612903,1.0270967741935484,,133.78,4.315483870967742,4.621389,-74.140833,31
2023,12,Las Ferias,Engativá,NASA_POWER,19.54258064516129,80.67806451612903,1.0270967741935484,,133.78,4.315483870967742,4.690722,-74.0986,31
2023,12,MinAmbiente,Teusaquillo,NASA_POWER,19.54258064516129,80.67806451612903,1.0270967741935484,,133.78,4.315483870967742,4.629306,-74.186944,31
2023,12,Movil Fontibon,Fontibón,NASA_POWER,23.49483870967742,77.2641935483871,0.9690322580645161,,116.41,3.7551612903225804,4.640764,-74.870833,31
2023,12,Puente Aranda,Puente Aranda,NASA_POWER,19.54258064516129,80.67806451612903,1.0270967741935484,,133.78,4.315483870967742,4.592444,-74.106667,31
2023,12,SUBA,Suba,NASA_POWER,19.54258064516129,80.67806451612903,1.0270967741935484,,133.78,4.315483870967742,4.68025,-74.596111,31
2023,12,San Cristobal,San Cristóbal,NASA_POWER,19.54258064516129,80.67806451612903,1.0270967741935484,,133.78,4.315483870967742,4.5725,-74.086389,31
2023,12,Suba,Suba,NASA_POWER,19.54258064516129,80.67806451612903,1.0270967741935484,,133.78,4.315483870967742,4.68025,-74.596111,31
2023,12,Tunal,Tunjuelito,NASA_POWER,19.54258064516129,80.67806451612903,1.0270967741935484,,133.78,4.315483870967742,4.575556,-74.138889,31
2023,12,Usaquen,Usaquén,NASA_POWER,19.54258064516129,80.67806451612903,1.0270967741935484,,133.78,4.315483870967742,4.707306,-74.330417,31
2024,1,Bolivia,Engativá,NASA_POWER,20.018387096774195,71.83064516129032,1.3596774193548387,,19.18,0.6187096774193548,4.736978,-74.555,31
2024,1,Carvajal - Sevillana,Tunjuelito,NASA_POWER,20.018387096774195,71.83064516129032,1.3596774193548387,,19.18,0.6187096774193548,4.589722,-74.2175,31
2024,1,Centro de Alto Rendimiento,Barrios Unidos,NASA_POWER,20.018387096774195,71.83064516129032,1.3596774193548387,,19.18,0.6187096774193548,4.658556,-74.088556,31
2024,1,Ciudad Bolivar,Ciudad Bolívar,NASA_POWER,20.018387096774195,71.83064516129032,1.3596774193548387,,19.18,0.6187096774193548,4.577778,-74.165167,31
2024,1,Colina,Suba,NASA_POWER,20.018387096774195,71.83064516129032,1.3596774193548387,,19.18,0.6187096774193548,4.737194444444445,-74.06947222222222,31
2024,1,Fontibon,Fontibón,NASA_POWER,20.018387096774195,71.83064516129032,1.3596774193548387,,19.18,0.6187096774193548,4.679722,-74.1425,31
2024,1,Guaymaral,Suba,NASA_POWER,14.101290322580645,83.31161290322581,1.2370967741935484,,7.0200000000000005,0.22645161290322582,4.7837556,-74.044183,31
2024,1,Kennedy,Kennedy,NASA_POWER,20.018387096774195,71.83064516129032,1.3596774193548387,,19.18,0.6187096774193548,4.621389,-74.140833,31
2024,1,Las Ferias,Engativá,NASA_POWER,20.018387096774195,71.83064516129032,1.3596774193548387,,19.18,0.6187096774193548,4.690722,-74.0986,31
2024,1,MinAmbiente,Teusaquillo,NASA_POWER,20.018387096774195,71.83064516129032,1.3596774193548387,,19.18,0.6187096774193548,4.629306,-74.186944,31
2024,1,Movil Fontibon,Fontibón,NASA_POWER,24.726129032258065,67.16225806451614,0.9696774193548388,,33.75,1.0887096774193548,4.640764,-74.870833,31
2024,1,Puente Aranda,Puente Aranda,NASA_POWER,20.018387096774195,71.83064516129032,1.3596774193548387,,19.18,0.6187096774193548,4.592444,-74.106667,31
2024,1,SUBA,Suba,NASA_POWER,20.018387096774195,71.83064516129032,1.3596774193548387,,19.18,0.6187096774193548,4.68025,-74.596111,31
2024,1,San Cristobal,San Cristóbal,NASA_POWER,20.018387096774195,71.83064516129032,1.3596774193548387,,19.18,0.6187096774193548,4.5725,-74.086389,31
2024,1,Suba,Suba,NASA_POWER,20.018387096774195,71.83064516129032,1.3596774193548387,,19.18,0.6187096774193548,4.68025,-74.596111,31
2024,1,Tunal,Tunjuelito,NASA_POWER,20.018387096774195,71.83064516129032,1.3596774193548387,,19.18,0.6187096774193548,4.575556,-74.138889,31
2024,1,Usaquen,Usaquén,NASA_POWER,20.018387096774195,71.83064516129032,1.3596774193548387,,19.18,0.6187096774193548,4.707306,-74.330417,31
2024,2,Bolivia,Engativá,NASA_POWER,20.71896551724138,74.39793103448275,1.2134482758620688,,67.75,2.336206896551724,4.736978,-74.555,29
2024,2,Carvajal - Sevillana,Tunjuelito,NASA_POWER,20.71896551724138,74.39793103448275,1.2134482758620688,,67.75,2.336206896551724,4.589722,-74.2175,29
2024,2,Centro de Alto Rendimiento,Barrios Unidos,NASA_POWER,20.71896551724138,74.39793103448275,1.2134482758620688,,67.75,2.336206896551724,4.658556,-74.088556,29
2024,2,Ciudad Bolivar,Ciudad Bolívar,NASA_POWER,20.71896551724138,74.39793103448275,1.2134482758620688,,67.75,2.336206896551724,4.577778,-74.165167,29
2024,2,Colina,Suba,NASA_POWER,20.71896551724138,74.39793103448275,1.2134482758620688,,67.75,2.336206896551724,4.737194444444445,-74.06947222222222,29
2024,2,Fontibon,Fontibón,NASA_POWER,20.71896551724138,74.39793103448275,1.2134482758620688,,67.75,2.336206896551724,4.679722,-74.1425,29
2024,2,Guaymaral,Suba,NASA_POWER,15.18896551724138,84.73517241379311,1.0220689655172415,,52.15,1.7982758620689654,4.7837556,-74.044183,29
2024,2,Kennedy,Kennedy,NASA_POWER,20.71896551724138,74.39793103448275,1.2134482758620688,,67.75,2.336206896551724,4.621389,-74.140833,29
2024,2,Las Ferias,Engativá,NASA_POWER,20.71896551724138,74.39793103448275,1.2134482758620688,,67.75,2.336206896551724,4.690722,-74.0986,29
2024,2,MinAmbiente,Teusaquillo,NASA_POWER,20.71896551724138,74.39793103448275,1.2134482758620688,,67.75,2.336206896551724,4.629306,-74.186944,29
2024,2,Movil Fontibon,Fontibón,NASA_POWER,24.768275862068965,71.7103448275862,1.206896551724138,,114.03999999999999,3.932413793103448,4.640764,-74.870833,29
2024,2,Puente Aranda,Puente Aranda,NASA_POWER,20.71896551724138,74.39793103448275,1.2134482758620688,,67.75,2.336206896551724,4.592444,-74.106667,29
2024,2,SUBA,Suba,NASA_POWER,20.71896551724138,74.39793103448275,1.2134482758620688,,67.75,2.336206896551724,4.68025,-74.596111,29
2024,2,San Cristobal,San Cristóbal,NASA_POWER,20.71896551724138,74.39793103448275,1.2134482758620688,,67.75,2.336206896551724,4.5725,-74.086389,29
2024,2,Suba,Suba,NASA_POWER,20.71896551724138,74.39793103448275,1.2134482758620688,,67.75,2.336206896551724,4.68025,-74.596111,29
2024,2,Tunal,Tunjuelito,NASA_POWER,20.71896551724138,74.39793103448275,1.2134482758620688,,67.75,2.336206896551724,4.575556,-74.138889,29
2024,2,Usaquen,Usaquén,NASA_POWER,20.71896551724138,74.39793103448275,1.2134482758620688,,67.75,2.336206896551724,4.707306,-74.330417,29
2024,3,Bolivia,Engativá,NASA_POWER,21.388387096774192,71.98322580645161,1.1596774193548387,,80.08,2.5832258064516127,4.736978,-74.555,31
2024,3,Carvajal - Sevillana,Tunjuelito,NASA_POWER,21.388387096774192,71.98322580645161,1.1596774193548387,,80.08,2.5832258064516127,4.589722,-74.2175,31
2024,3,Centro de Alto Rendimiento,Barrios Unidos,NASA_POWER,21.388387096774192,71.98322580645161,1.1596774193548387,,80.08,2.5832258064516127,4.658556,-74.088556,31
2024,3,Ciudad Bolivar,Ciudad Bolívar,NASA_POWER,21.388387096774192,71.98322580645161,1.1596774193548387,,80.08,2.5832258064516127,4.577778,-74.165167,31
2024,3,Colina,Suba,NASA_POWER,21.388387096774192,71.98322580645161,1.1596774193548387,,80.08,2.5832258064516127,4.737194444444445,-74.06947222222222,31
2024,3,Fontibon,Fontibón,NASA_POWER,21.388387096774192,71.98322580645161,1.1596774193548387,,80.08,2.5832258064516127,4.679722,-74.1425,31
2024,3,Guaymaral,Suba,NASA_POWER,15.74,83.94129032258064,1.0512903225806454,,92.23,2.9751612903225806,4.7837556,-74.044183,31
2024,3,Kennedy,Kennedy,NASA_POWER,21.388387096774192,71.98322580645161,1.1596774193548387,,80.08,2.5832258064516127,4.621389,-74.140833,31
2024,3,Las Ferias,Engativá,NASA_POWER,21.388387096774192,71.98322580645161,1.1596774193548387,,80.08,2.5832258064516127,4.690722,-74.0986,31
2024,3,MinAmbiente,Teusaquillo,NASA_POWER,21.388387096774192,71.98322580645161,1.1596774193548387,,80.08,2.5832258064516127,4.629306,-74.186944,31
2024,3,Movil Fontibon,Fontibón,NASA_POWER,25.697741935483872,68.24193548387096,1.1129032258064515,,79.85,2.575806451612903,4.640764,-74.870833,31
2024,3,Puente Aranda,Puente Aranda,NASA_POWER,21.388387096774192,71.98322580645161,1.1596774193548387,,80.08,2.5832258064516127,4.592444,-74.106667,31
2024,3,SUBA,Suba,NASA_POWER,21.388387096774192,71.98322580645161,1.1596774193548387,,80.08,2.5832258064516127,4.68025,-74.596111,31
2024,3,San Cristobal,San Cristóbal,NASA_POWER,21.388387096774192,71.98322580645161,1.1596774193548387,,80.08,2.5832258064516127,4.5725,-74.086389,31
2024,3,Suba,Suba,NASA_POWER,21.388387096774192,71.98322580645161,1.1596774193548387,,80.08,2.5832258064516127,4.68025,-74.596111,31
2024,3,Tunal,Tunjuelito,NASA_POWER,21.388387096774192,71.98322580645161,1.1596774193548387,,80.08,2.5832258064516127,4.575556,-74.138889,31
2024,3,Usaquen,Usaquén,NASA_POWER,21.388387096774192,71.98322580645161,1.1596774193548387,,80.08,2.5832258064516127,4.707306,-74.330417,31
2024,4,Bolivia,Engativá,NASA_POWER,20.540666666666667,76.39433333333334,0.9806666666666666,,223.34,7.4446666666666665,4.736978,-74.555,30
2024,4,Carvajal - Sevillana,Tunjuelito,NASA_POWER,20.540666666666667,76.39433333333334,0.9806666666666666,,223.34,7.4446666666666665,4.589722,-74.2175,30
2024,4,Centro de Alto Rendimiento,Barrios Unidos,NASA_POWER,20.540666666666667,76.39433333333334,0.9806666666666666,,223.34,7.4446666666666665,4.658556,-74.088556,30
2024,4,Ciudad Bolivar,Ciudad Bolívar,NASA_POWER,20.540666666666667,76.39433333333334,0.9806666666666666,,223.34,7.4446666666666665,4.577778,-74.165167,30
2024,4,Colina,Suba,NASA_POWER,20.540666666666667,76.39433333333334,0.9806666666666666,,223.34,7.4446666666666665,4.737194444444445,-74.06947222222222,30
2024,4,Fontibon,Fontibón,NASA_POWER,20.540666666666667,76.39433333333334,0.9806666666666666,,223.34,7.4446666666666665,4.679722,-74.1425,30
2024,4,Guaymaral,Suba,NASA_POWER,15.127999999999998,84.914,1.002,,193.62,6.454,4.7837556,-74.044183,30
2024,4,Kennedy,Kennedy,NASA_POWER,20.540666666666667,76.39433333333334,0.9806666666666666,,223.34,7.4446666666666665,4.621389,-74.140833,30
2024,4,Las Ferias,Engativá,NASA_POWER,20.540666666666667,76.39433333333334,0.9806666666666666,,223.34,7.4446666666666665,4.690722,-74.0986,30
2024,4,MinAmbiente,Teusaquillo,NASA_POWER,20.540666666666667,76.39433333333334,0.9806666666666666,,223.34,7.4446666666666665,4.629306,-74.186944,30
2024,4,Movil Fontibon,Fontibón,NASA_POWER,24.275666666666666,75.62166666666667,0.9513333333333333,,267.02,8.900666666666666,4.640764,-74.870833,30
2024,4,Puente Aranda,Puente Aranda,NASA_POWER,20.540666666666667,76.39433333333334,0.9806666666666666,,223.34,7.4446666666666665,4.592444,-74.106667,30
2024,4,SUBA,Suba,NASA_POWER,20.540666666666667,76.39433333333334,0.9806666666666666,,223.34,7.4446666666666665,4.68025,-74.596111,30
2024,4,San Cristobal,San Cristóbal,NASA_POWER,20.540666666666667,76.39433333333334,0.9806666666666666,,223.34,7.4446666666666665,4.5725,-74.086389,30
2024,4,Suba,Suba,NASA_POWER,20.540666666666667,76.39433333333334,0.9806666666666666,,223.34,7.4446666666666665,4.68025,-74.596111,30
2024,4,Tunal,Tunjuelito,NASA_POWER,20.540666666666667,76.39433333333334,0.9806666666666666,,223.34,7.4446666666666665,4.575556,-74.138889,30
2024,4,Usaquen,Usaquén,NASA_POWER,20.540666666666667,76.39433333333334,0.9806666666666666,,223.34,7.4446666666666665,4.707306,-74.330417,30
2024,5,Bolivia,Engativá,NASA_POWER,19.726774193548387,82.56838709677419,0.9661290322580645,,371.83,11.994516129032258,4.736978,-74.555,31
2024,5,Carvajal - Sevillana,Tunjuelito,NASA_POWER,19.726774193548387,82.56838709677419,0.9661290322580645,,371.83,11.994516129032258,4.589722,-74.2175,31
2024,5,Centro de Alto Rendimiento,Barrios Unidos,NASA_POWER,19.726774193548387,82.56838709677419,0.9661290322580645,,371.83,11.994516129032258,4.658556,-74.088556,31
2024,5,Ciudad Bolivar,Ciudad Bolívar,NASA_POWER,19.726774193548387,82.56838709677419,0.9661290322580645,,371.83,11.994516129032258,4.577778,-74.165167,31
2024,5,Colina,Suba,NASA_POWER,19.726774193548387,82.56838709677419,0.9661290322580645,,371.83,11.994516129032258,4.737194444444445,-74.06947222222222,31
2024,5,Fontibon,Fontibón,NASA_POWER,19.726774193548387,82.56838709677419,0.9661290322580645,,371.83,11.994516129032258,4.679722,-74.1425,31
2024,5,Guaymaral,Suba,NASA_POWER,14.821935483870968,88.54387096774194,1.0941935483870968,,392.62,12.665161290322581,4.7837556,-74.044183,31
2024,5,Kennedy,Kennedy,NASA_POWER,19.726774193548387,82.56838709677419,0.9661290322580645,,371.83,11.994516129032258,4.621389,-74.140833,31
2024,5,Las Ferias,Engativá,NASA_POWER,19.726774193548387,82.56838709677419,0.9661290322580645,,371.83,11.994516129032258,4.690722,-74.0986,31
2024,5,MinAmbiente,Teusaquillo,NASA_POWER,19.726774193548387,82.56838709677419,0.9661290322580645,,371.83,11.994516129032258,4.629306,-74.186944,31
2024,5,Movil Fontibon,Fontibón,NASA_POWER,23.061935483870965,83.82516129032258,1.3529032258064515,,348.78000000000003,11.250967741935485,4.640764,-74.870833,31
2024,5,Puente Aranda,Puente Aranda,NASA_POWER,19.726774193548387,82.56838709677419,0.9661290322580645,,371.83,11.994516129032258,4.592444,-74.106667,31
2024,5,SUBA,Suba,NASA_POWER,19.726774193548387,82.56838709677419,0.9661290322580645,,371.83,11.994516129032258,4.68025,-74.596111,31
2024,5,San Cristobal,San Cristóbal,NASA_POWER,19.726774193548387,82.56838709677419,0.9661290322580645,,371.83,11.994516129032258,4.5725,-74.086389,31
2024,5,Suba,Suba,NASA_POWER,19.726774193548387,82.56838709677419,0.9661290322580645,,371.83,11.994516129032258,4.68025,-74.596111,31
2024,5,Tunal,Tunjuelito,NASA_POWER,19.726774193548387,82.56838709677419,0.9661290322580645,,371.83,11.994516129032258,4.575556,-74.138889,31
2024,5,Usaquen,Usaquén,NASA_POWER,19.726774193548387,82.56838709677419,0.9661290322580645,,371.83,11.994516129032258,4.707306,-74.330417,31
2024,6,Bolivia,Engativá,NASA_POWER,19.017666666666667,81.55966666666667,1.1303333333333332,,247.96,8.265333333333334,4.736978,-74.555,30
2024,6,Carvajal - Sevillana,Tunjuelito,NASA_POWER,19.017666666666667,81.55966666666667,1.1303333333333332,,247.96,8.265333333333334,4.589722,-74.2175,30
2024,6,Centro de Alto Rendimiento,Barrios Unidos,NASA_POWER,19.017666666666667,81.55966666666667,1.1303333333333332,,247.96,8.265333333333334,4.658556,-74.088556,30
2024,6,Ciudad Bolivar,Ciudad Bolívar,NASA_POWER,19.017666666666667,81.55966666666667,1.1303333333333332,,247.96,8.265333333333334,4.577778,-74.165167,30
2024,6,Colina,Suba,NASA_POWER,19.017666666666667,81.55966666666667,1.1303333333333332,,247.96,8.265333333333334,4.737194444444445,-74.06947222222222,30
2024,6,Fontibon,Fontibón,NASA_POWER,19.017666666666667,81.55966666666667,1.1303333333333332,,247.96,8.265333333333334,4.679722,-74.1425,30
2024,6,Guaymaral,Suba,NASA_POWER,13.854999999999999,88.67733333333334,1.1553333333333333,,253.89,8.463,4.7837556,-74.044183,30
2024,6,Kennedy,Kennedy,NASA_POWER,19.017666666666667,81.55966666666667,1.1303333333333332,,247.96,8.265333333333334,4.621389,-74.140833,30
2024,6,Las Ferias,Engativá,NASA_POWER,19.017666666666667,81.55966666666667,1.1303333333333332,,247.96,8.265333333333334,4.690722,-74.0986,30
2024,6,MinAmbiente,Teusaquillo,NASA_POWER,19.017666666666667,81.55966666666667,1.1303333333333332,,247.96,8.265333333333334,4.629306,-74.186944,30
2024,6,Movil Fontibon,Fontibón,NASA_POWER,22.4,83.38133333333333,1.415,,283.88,9.462666666666667,4.640764,-74.870833,30
2024,6,Puente Aranda,Puente Aranda,NASA_POWER,19.017666666666667,81.55966666666667,1.1303333333333332,,247.96,8.265333333333334,4.592444,-74.106667,30
2024,6,SUBA,Suba,NASA_POWER,19.017666666666667,81.55966666666667,1.1303333333333332,,247.96,8.265333333333334,4.68025,-74.596111,30
2024,6,San Cristobal,San Cristóbal,NASA_POWER,19.017666666666667,81.55966666666667,1.1303333333333332,,247.96,8.265333333333334,4.5725,-74.086389,30
2024,6,Suba,Suba,NASA_POWER,19.017666666666667,81.55966666666667,1.1303333333333332,,247.96,8.265333333333334,4.68025,-74.596111,30
2024,6,Tunal,Tunjuelito,NASA_POWER,19.017666666666667,81.55966666666667,1.1303333333333332,,247.96,8.265333333333334,4.575556,-74.138889,30
2024,6,Usaquen,Usaquén,NASA_POWER,19.017666666666667,81.55966666666667,1.1303333333333332,,247.96,8.265333333333334,4.707306,-74.330417,30
2024,7,Bolivia,Engativá,NASA_POWER,18.71451612903226,80.19419354838709,1.4970967741935486,,128.74,4.152903225806452,4.736978,-74.555,31
2024,7,Carvajal - Sevillana,Tunjuelito,NASA_POWER,18.71451612903226,80.19419354838709,1.4970967741935486,,128.74,4.152903225806452,4.589722,-74.2175,31
2024,7,Centro de Alto Rendimiento,Barrios Unidos,NASA_POWER,18.71451612903226,80.19419354838709,1.4970967741935486,,128.74,4.152903225806452,4.658556,-74.088556,31
2024,7,Ciudad Bolivar,Ciudad Bolívar,NASA_POWER,18.71451612903226,80.19419354838709,1.4970967741935486,,128.74,4.152903225806452,4.577778,-74.165167,31
2024,7,Colina,Suba,NASA_POWER,18.71451612903226,80.19419354838709,1.4970967741935486,,128.74,4.152903225806452,4.737194444444445,-74.06947222222222,31
2024,7,Fontibon,Fontibón,NASA_POWER,18.71451612903226,80.19419354838709,1.4970967741935486,,128.74,4.152903225806452,4.679722,-74.1425,31
2024,7,Guaymaral,Suba,NASA_POWER,13.419032258064517,88.49580645161289,1.4503225806451614,,158.89000000000001,5.125483870967742,4.7837556,-74.044183,31
2024,7,Kennedy,Kennedy,NASA_POWER,18.71451612903226,80.19419354838709,1.4970967741935486,,128.74,4.152903225806452,4.621389,-74.140833,31
2024,7,Las Ferias,Engativá,NASA_POWER,18.71451612903226,80.19419354838709,1.4970967741935486,,128.74,4.152903225806452,4.690722,-74.0986,31
2024,7,MinAmbiente,Teusaquillo,NASA_POWER,18.71451612903226,80.19419354838709,1.4970967741935486,,128.74,4.152903225806452,4.629306,-74.186944,31
2024,7,Movil Fontibon,Fontibón,NASA_POWER,21.88806451612903,80.97516129032257,1.9190322580645163,,105.32000000000001,3.3974193548387097,4.640764,-74.870833,31
2024,7,Puente Aranda,Puente Aranda,NASA_POWER,18.71451612903226,80.19419354838709,1.4970967741935486,,128.74,4.152903225806452,4.592444,-74.106667,31
2024,7,SUBA,Suba,NASA_POWER,18.71451612903226,80.19419354838709,1.4970967741935486,,128.74,4.152903225806452,4.68025,-74.596111,31
2024,7,San Cristobal,San Cristóbal,NASA_POWER,18.71451612903226,80.19419354838709,1.4970967741935486,,128.74,4.152903225806452,4.5725,-74.086389,31
2024,7,Suba,Suba,NASA_POWER,18.71451612903226,80.19419354838709,1.4970967741935486,,128.74,4.152903225806452,4.68025,-74.596111,31
2024,7,Tunal,Tunjuelito,NASA_POWER,18.71451612903226,80.19419354838709,1.4970967741935486,,128.74,4.152903225806452,4.575556,-74.138889,31
2024,7,Usaquen,Usaquén,NASA_POWER,18.71451612903226,80.19419354838709,1.4970967741935486,,128.74,4.152903225806452,4.707306,-74.330417,31
2024,8,Bolivia,Engativá,NASA_POWER,18.966451612903228,75.88193548387098,1.4709677419354839,,59.62,1.9232258064516128,4.736978,-74.555,31
2024,8,Carvajal - Sevillana,Tunjuelito,NASA_POWER,18.966451612903228,75.88193548387098,1.4709677419354839,,59.62,1.9232258064516128,4.589722,-74.2175,31
2024,8,Centro de Alto Rendimiento,Barrios Unidos,NASA_POWER,18.966451612903228,75.88193548387098,1.4709677419354839,,59.62,1.9232258064516128,4.658556,-74.088556,31
2024,8,Ciudad Bolivar,Ciudad Bolívar,NASA_POWER,18.966451612903228,75.88193548387098,1.4709677419354839,,59.62,1.9232258064516128,4.577778,-74.165167,31
2024,8,Colina,Suba,NASA_POWER,18.966451612903228,75.88193548387098,1.4709677419354839,,59.62,1.9232258064516128,4.737194444444445,-74.06947222222222,31
2024,8,Fontibon,Fontibón,NASA_POWER,18.966451612903228,75.88193548387098,1.4709677419354839,,59.62,1.9232258064516128,4.679722,-74.1425,31
2024,8,Guaymaral,Suba,NASA_POWER,13.589354838709676,85.30516129032259,1.318709677419355,,83.87,2.705483870967742,4.7837556,-74.044183,31
2024,8,Kennedy,Kennedy,NASA_POWER,18.966451612903228,75.88193548387098,1.4709677419354839,,59.62,1.9232258064516128,4.621389,-74.140833,31
2024,8,Las Ferias,Engativá,NASA_POWER,18.966451612903228,75.88193548387098,1.4709677419354839,,59.62,1.9232258064516128,4.690722,-74.0986,31
2024,8,MinAmbiente,Teusaquillo,NASA_POWER,18.966451612903228,75.88193548387098,1.4709677419354839,,59.62,1.9232258064516128,4.629306,-74.186944,31
2024,8,Movil Fontibon,Fontibón,NASA_POWER,23.056774193548385,73.37290322580645,1.4503225806451614,,64.99,2.0964516129032256,4.640764,-74.870833,31
2024,8,Puente Aranda,Puente Aranda,NASA_POWER,18.966451612903228,75.88193548387098,1.4709677419354839,,59.62,1.9232258064516128,4.592444,-74.106667,31
2024,8,SUBA,Suba,NASA_POWER,18.966451612903228,75.88193548387098,1.4709677419354839,,59.62,1.9232258064516128,4.68025,-74.596111,31
2024,8,San Cristobal,San Cristóbal,NASA_POWER,18.966451612903228,75.88193548387098,1.4709677419354839,,59.62,1.9232258064516128,4.5725,-74.086389,31
2024,8,Suba,Suba,NASA_POWER,18.966451612903228,75.88193548387098,1.4709677419354839,,59.62,1.9232258064516128,4.68025,-74.596111,31
2024,8,Tunal,Tunjuelito,NASA_POWER,18.966451612903228,75.88193548387098,1.4709677419354839,,59.62,1.9232258064516128,4.575556,-74.138889,31
2024,8,Usaquen,Usaquén,NASA_POWER,18.966451612903228,75.88193548387098,1.4709677419354839,,59.62,1.9232258064516128,4.707306,-74.330417,31
2024,9,Bolivia,Engativá,NASA_POWER,19.767666666666667,73.34766666666665,1.438,,85.99,2.866333333333333,4.736978,-74.555,30
2024,9,Carvajal - Sevillana,Tunjuelito,NASA_POWER,19.767666666666667,73.34766666666665,1.438,,85.99,2.866333333333333,4.589722,-74.2175,30
2024,9,Centro de Alto Rendimiento,Barrios Unidos,NASA_POWER,19.767666666666667,73.34766666666665,1.438,,85.99,2.866333333333333,4.658556,-74.088556,30
2024,9,Ciudad Bolivar,Ciudad Bolívar,NASA_POWER,19.767666666666667,73.34766666666665,1.438,,85.99,2.866333333333333,4.577778,-74.165167,30
2024,9,Colina,Suba,NASA_POWER,19.767666666666667,73.34766666666665,1.438,,85.99,2.866333333333333,4.737194444444445,-74.06947222222222,30
2024,9,Fontibon,Fontibón,NASA_POWER,19.767666666666667,73.34766666666665,1.438,,85.99,2.866333333333333,4.679722,-74.1425,30
2024,9,Guaymaral,Suba,NASA_POWER,14.068999999999999,84.42633333333333,1.3123333333333334,,98.59,3.2863333333333333,4.7837556,-74.044183,30
2024,9,Kennedy,Kennedy,NASA_POWER,19.767666666666667,73.34766666666665,1.438,,85.99,2.866333333333333,4.621389,-74.140833,30
2024,9,Las Ferias,Engativá,NASA_POWER,19.767666666666667,73.34766666666665,1.438,,85.99,2.866333333333333,4.690722,-74.0986,30
2024,9,MinAmbiente,Teusaquillo,NASA_POWER,19.767666666666667,73.34766666666665,1.438,,85.99,2.866333333333333,4.629306,-74.186944,30
2024,9,Movil Fontibon,Fontibón,NASA_POWER,24.432666666666666,67.79566666666666,1.3306666666666667,,85.92,2.864,4.640764,-74.870833,30
2024,9,Puente Aranda,Puente Aranda,NASA_POWER,19.767666666666667,73.34766666666665,1.438,,85.99,2.866333333333333,4.592444,-74.106667,30
2024,9,SUBA,Suba,NASA_POWER,19.767666666666667,73.34766666666665,1.438,,85.99,2.866333333333333,4.68025,-74.596111,30
2024,9,San Cristobal,San Cristóbal,NASA_POWER,19.767666666666667,73.34766666666665,1.438,,85.99,2.866333333333333,4.5725,-74.086389,30
2024,9,Suba,Suba,NASA_POWER,19.767666666666667,73.34766666666665,1.438,,85.99,2.866333333333333,4.68025,-74.596111,30
2024,9,Tunal,Tunjuelito,NASA_POWER,19.767666666666667,73.34766666666665,1.438,,85.99,2.866333333333333,4.575556,-74.138889,30
2024,9,Usaquen,Usaquén,NASA_POWER,19.767666666666667,73.34766666666665,1.438,,85.99,2.866333333333333,4.707306,-74.330417,30
2024,10,Bolivia,Engativá,NASA_POWER,19.448709677419355,77.96000000000001,1.1380645161290324,,178.05,5.743548387096775,4.736978,-74.555,31
2024,10,Carvajal - Sevillana,Tunjuelito,NASA_POWER,19.448709677419355,77.96000000000001,1.1380645161290324,,178.05,5.743548387096775,4.589722,-74.2175,31
2024,10,Centro de Alto Rendimiento,Barrios Unidos,NASA_POWER,19.448709677419355,77.96000000000001,1.1380645161290324,,178.05,5.743548387096775,4.658556,-74.088556,31
2024,10,Ciudad Bolivar,Ciudad Bolívar,NASA_POWER,19.448709677419355,77.96000000000001,1.1380645161290324,,178.05,5.743548387096775,4.577778,-74.165167,31
2024,10,Colina,Suba,NASA_POWER,19.448709677419355,77.96000000000001,1.1380645161290324,,178.05,5.743548387096775,4.737194444444445,-74.06947222222222,31
2024,10,Fontibon,Fontibón,NASA_POWER,19.448709677419355,77.96000000000001,1.1380645161290324,,178.05,5.743548387096775,4.679722,-74.1425,31
2024,10,Guaymaral,Suba,NASA_POWER,14.25290322580645,85.90516129032258,1.0490322580645162,,221.39,7.141612903225806,4.7837556,-74.044183,31
2024,10,Kennedy,Kennedy,NASA_POWER,19.448709677419355,77.96000000000001,1.1380645161290324,,178.05,5.743548387096775,4.621389,-74.140833,31
2024,10,Las Ferias,Engativá,NASA_POWER,19.448709677419355,77.96000000000001,1.1380645161290324,,178.05,5.743548387096775,4.690722,-74.0986,31
2024,10,MinAmbiente,Teusaquillo,NASA_POWER,19.448709677419355,77.96000000000001,1.1380645161290324,,178.05,5.743548387096775,4.629306,-74.186944,31
2024,10,Movil Fontibon,Fontibón,NASA_POWER,23.52225806451613,75.65193548387097,1.034516129032258,,161.51,5.21,4.640764,-74.870833,31
2024,10,Puente Aranda,Puente Aranda,NASA_POWER,19.448709677419355,77.96000000000001,1.1380645161290324,,178.05,5.743548387096775,4.592444,-74.106667,31
2024,10,SUBA,Suba,NASA_POWER,19.448709677419355,77.96000000000001,1.1380645161290324,,178.05,5.743548387096775,4.68025,-74.596111,31
2024,10,San Cristobal,San Cristóbal,NASA_POWER,19.448709677419355,77.96000000000001,1.1380645161290324,,178.05,5.743548387096775,4.5725,-74.086389,31
2024,10,Suba,Suba,NASA_POWER,19.448709677419355,77.96000000000001,1.1380645161290324,,178.05,5.743548387096775,4.68025,-74.596111,31
2024,10,Tunal,Tunjuelito,NASA_POWER,19.448709677419355,77.96000000000001,1.1380645161290324,,178.05,5.743548387096775,4.575556,-74.138889,31
2024,10,Usaquen,Usaquén,NASA_POWER,19.448709677419355,77.96000000000001,1.1380645161290324,,178.05,5.743548387096775,4.707306,-74.330417,31
2024,11,Bolivia,Engativá,NASA_POWER,18.587,84.712,0.9796666666666667,,195.92000000000002,6.530666666666667,4.736978,-74.555,30
2024,11,Carvajal - Sevillana,Tunjuelito,NASA_POWER,18.587,84.712,0.9796666666666667,,195.92000000000002,6.530666666666667,4.589722,-74.2175,30
2024,11,Centro de Alto Rendimiento,Barrios Unidos,NASA_POWER,18.587,84.712,0.9796666666666667,,195.92000000000002,6.530666666666667,4.658556,-74.088556,30
2024,11,Ciudad Bolivar,Ciudad Bolívar,NASA_POWER,18.587,84.712,0.9796666666666667,,195.92000000000002,6.530666666666667,4.577778,-74.165167,30
2024,11,Colina,Suba,NASA_POWER,18.587,84.712,0.9796666666666667,,195.92000000000002,6.530666666666667,4.737194444444445,-74.06947222222222,30
2024,11,Fontibon,Fontibón,NASA_POWER,18.587,84.712,0.9796666666666667,,195.92000000000002,6.530666666666667,4.679722,-74.1425,30
2024,11,Guaymaral,Suba,NASA_POWER,14.166333333333334,89.13733333333333,0.685,,229.26,7.6419999999999995,4.7837556,-74.044183,30
2024,11,Kennedy,Kennedy,NASA_POWER,18.587,84.712,0.9796666666666667,,195.92000000000002,6.530666666666667,4.621389,-74.140833,30
2024,11,Las Ferias,Engativá,NASA_POWER,18.587,84.712,0.9796666666666667,,195.92000000000002,6.530666666666667,4.690722,-74.0986,30
2024,11,MinAmbiente,Teusaquillo,NASA_POWER,18.587,84.712,0.9796666666666667,,195.92000000000002,6.530666666666667,4.629306,-74.186944,30
2024,11,Movil Fontibon,Fontibón,NASA_POWER,22.68433333333333,81.13366666666666,1.0143333333333333,,189.41,6.313666666666666,4.640764,-74.870833,30
2024,11,Puente Aranda,Puente Aranda,NASA_POWER,18.587,84.712,0.9796666666666667,,195.92000000000002,6.530666666666667,4.592444,-74.106667,30
2024,11,SUBA,Suba,NASA_POWER,18.587,84.712,0.9796666666666667,,195.92000000000002,6.530666666666667,4.68025,-74.596111,30
2024,11,San Cristobal,San Cristóbal,NASA_POWER,18.587,84.712,0.9796666666666667,,195.92000000000002,6.530666666666667,4.5725,-74.086389,30
2024,11,Suba,Suba,NASA_POWER,18.587,84.712,0.9796666666666667,,195.92000000000002,6.530666666666667,4.68025,-74.596111,30
2024,11,Tunal,Tunjuelito,NASA_POWER,18.587,84.712,0.9796666666666667,,195.92000000000002,6.530666666666667,4.575556,-74.138889,30
2024,11,Usaquen,Usaquén,NASA_POWER,18.587,84.712,0.9796666666666667,,195.92000000000002,6.530666666666667,4.707306,-74.330417,30
2024,12,Bolivia,Engativá,NASA_POWER,19.18322580645161,82.05612903225806,0.9064516129032258,,157.62,5.0845161290322585,4.736978,-74.555,31
2024,12,Carvajal - Sevillana,Tunjuelito,NASA_POWER,19.18322580645161,82.05612903225806,0.9064516129032258,,157.62,5.0845161290322585,4.589722,-74.2175,31
2024,12,Centro de Alto Rendimiento,Barrios Unidos,NASA_POWER,19.18322580645161,82.05612903225806,0.9064516129032258,,157.62,5.0845161290322585,4.658556,-74.088556,31
2024,12,Ciudad Bolivar,Ciudad Bolívar,NASA_POWER,19.18322580645161,82.05612903225806,0.9064516129032258,,157.62,5.0845161290322585,4.577778,-74.165167,31
2024,12,Colina,Suba,NASA_POWER,19.18322580645161,82.05612903225806,0.9064516129032258,,157.62,5.0845161290322585,4.737194444444445,-74.06947222222222,31
2024,12,Fontibon,Fontibón,NASA_POWER,19.18322580645161,82.05612903225806,0.9064516129032258,,157.62,5.0845161290322585,4.679722,-74.1425,31
2024,12,Guaymaral,Suba,NASA_POWER,14.499354838709678,88.43903225806451,0.7609677419354839,,152.14,4.9077419354838705,4.7837556,-74.044183,31
2024,12,Kennedy,Kennedy,NASA_POWER,19.18322580645161,82.05612903225806,0.9064516129032258,,157.62,5.0845161290322585,4.621389,-74.140833,31
2024,12,Las Ferias,Engativá,NASA_POWER,19.18322580645161,82.05612903225806,0.9064516129032258,,157.62,5.0845161290322585,4.690722,-74.0986,31
2024,12,MinAmbiente,Teusaquillo,NASA_POWER,19.18322580645161,82.05612903225806,0.9064516129032258,,157.62,5.0845161290322585,4.629306,-74.186944,31
2024,12,Movil Fontibon,Fontibón,NASA_POWER,23.020967741935483,79.97225806451613,0.9509677419354838,,184.78,5.960645161290323,4.640764,-74.870833,31
2024,12,Puente Aranda,Puente Aranda,NASA_POWER,19.18322580645161,82.05612903225806,0.9064516129032258,,157.62,5.0845161290322585,4.592444,-74.106667,31
2024,12,SUBA,Suba,NASA_POWER,19.18322580645161,82.05612903225806,0.9064516129032258,,157.62,5.0845161290322585,4.68025,-74.596111,31
2024,12,San Cristobal,San Cristóbal,NASA_POWER,19.18322580645161,82.05612903225806,0.9064516129032258,,157.62,5.0845161290322585,4.5725,-74.086389,31
2024,12,Suba,Suba,NASA_POWER,19.18322580645161,82.05612903225806,0.9064516129032258,,157.62,5.0845161290322585,4.68025,-74.596111,31
2024,12,Tunal,Tunjuelito,NASA_POWER,19.18322580645161,82.05612903225806,0.9064516129032258,,157.62,5.0845161290322585,4.575556,-74.138889,31
2024,12,Usaquen,Usaquén,NASA_POWER,19.18322580645161,82.05612903225806,0.9064516129032258,,157.62,5.0845161290322585,4.707306,-74.330417,31
