run_id,pollutant,endpoint_group,endpoint,economic_method,economic_scenario,valuation_reference,cell_id,Row,Column,avoided_cases,valuation_value_usd_2015,economic_value_usd_2015,economic_value_cop_2015
NO2_ASTHMA,NO2,Hospital Admissions,Asthma,UNIT_VALUE_ASTHMA_HA,Escenario económico alto,UNIT_VALUE_ASTHMA_HA_2015_USD_x_1.20,0,1,1,0.0519391981325674,13478.4,700.0572881099964,1941559.8845629073
NO2_ASTHMA,NO2,Hospital Admissions,Asthma,UNIT_VALUE_ASTHMA_HA,Escenario económico alto,UNIT_VALUE_ASTHMA_HA_2015_USD_x_1.20,1,2,1,0.0288323741391321,13478.4,388.6142715968781,1077794.4792749295
NO2_ASTHMA,NO2,Hospital Admissions,Asthma,UNIT_VALUE_ASTHMA_HA,Escenario económico alto,UNIT_VALUE_ASTHMA_HA_2015_USD_x_1.20,2,3,1,0.0005279125002268,13478.4,7.115415843056901,19734.1077616093
NO2_ASTHMA,NO2,Hospital Admissions,Asthma,UNIT_VALUE_ASTHMA_HA,Escenario económico alto,UNIT_VALUE_ASTHMA_HA_2015_USD_x_1.20,41,1,2,0.0425711727887762,13478.4,573.7912953162412,1591369.9921689227
NO2_ASTHMA,NO2,Hospital Admissions,Asthma,UNIT_VALUE_ASTHMA_HA,Escenario económico alto,UNIT_VALUE_ASTHMA_HA_2015_USD_x_1.20,42,2,2,0.0666288502759448,13478.4,898.0502955592943,2490679.6312130135
NO2_ASTHMA,NO2,Hospital Admissions,Asthma,UNIT_VALUE_ASTHMA_HA,Escenario económico alto,UNIT_VALUE_ASTHMA_HA_2015_USD_x_1.20,43,3,2,0.051455145439375,13478.4,693.533032290072,1923465.3177442544
NO2_ASTHMA,NO2,Hospital Admissions,Asthma,UNIT_VALUE_ASTHMA_HA,Escenario económico alto,UNIT_VALUE_ASTHMA_HA_2015_USD_x_1.20,44,4,2,0.0069678141998643,13478.4,93.91498691145098,260466.6421498255
NO2_ASTHMA,NO2,Hospital Admissions,Asthma,UNIT_VALUE_ASTHMA_HA,Escenario económico alto,UNIT_VALUE_ASTHMA_HA_2015_USD_x_1.20,82,1,3,0.004799968537945,13478.4,64.69589594183789,179429.53868197143
NO2_ASTHMA,NO2,Hospital Admissions,Asthma,UNIT_VALUE_ASTHMA_HA,Escenario económico alto,UNIT_VALUE_ASTHMA_HA_2015_USD_x_1.20,83,2,3,0.0304287731021319,13478.4,410.13117537977456,1137470.105733528
NO2_ASTHMA,NO2,Hospital Admissions,Asthma,UNIT_VALUE_ASTHMA_HA,Escenario económico alto,UNIT_VALUE_ASTHMA_HA_2015_USD_x_1.20,84,3,3,0.0682807538397557,13478.4,920.3153125537632,2552430.097295983
NO2_ASTHMA,NO2,Hospital Admissions,Asthma,UNIT_VALUE_ASTHMA_HA,Escenario económico alto,UNIT_VALUE_ASTHMA_HA_2015_USD_x_1.20,85,4,3,0.0679890345092599,13478.4,916.3834027296086,2541525.2206323785
NO2_ASTHMA,NO2,Hospital Admissions,Asthma,UNIT_VALUE_ASTHMA_HA,Escenario económico alto,UNIT_VALUE_ASTHMA_HA_2015_USD_x_1.20,86,5,3,0.0503274116815618,13478.4,678.3329856087626,1881309.0522769103
NO2_ASTHMA,NO2,Hospital Admissions,Asthma,UNIT_VALUE_ASTHMA_HA,Escenario económico alto,UNIT_VALUE_ASTHMA_HA_2015_USD_x_1.20,87,6,3,0.0171621236117248,13478.4,231.31796688827154,641544.1889069389
NO2_ASTHMA,NO2,Hospital Admissions,Asthma,UNIT_VALUE_ASTHMA_HA,Escenario económico alto,UNIT_VALUE_ASTHMA_HA_2015_USD_x_1.20,91,10,3,0.0039764289299275,13478.4,53.59589968913482,148644.47607483718
NO2_ASTHMA,NO2,Hospital Admissions,Asthma,UNIT_VALUE_ASTHMA_HA,Escenario económico alto,UNIT_VALUE_ASTHMA_HA_2015_USD_x_1.20,125,3,4,0.0286819392957606,13478.4,386.58665060397965,1072171.0143845952
NO2_ASTHMA,NO2,Hospital Admissions,Asthma,UNIT_VALUE_ASTHMA_HA,Escenario económico alto,UNIT_VALUE_ASTHMA_HA_2015_USD_x_1.20,126,4,4,0.0705927795794735,13478.4,951.4777202839757,2638856.8537671864
NO2_ASTHMA,NO2,Hospital Admissions,Asthma,UNIT_VALUE_ASTHMA_HA,Escenario económico alto,UNIT_VALUE_ASTHMA_HA_2015_USD_x_1.20,127,5,4,0.0697850754442343,13478.4,940.5911608675676,2608663.743284938
NO2_ASTHMA,NO2,Hospital Admissions,Asthma,UNIT_VALUE_ASTHMA_HA,Escenario económico alto,UNIT_VALUE_ASTHMA_HA_2015_USD_x_1.20,128,6,4,0.0699302639599679,13478.4,942.5480697580314,2614091.093109017
NO2_ASTHMA,NO2,Hospital Admissions,Asthma,UNIT_VALUE_ASTHMA_HA,Escenario económico alto,UNIT_VALUE_ASTHMA_HA_2015_USD_x_1.20,129,7,4,0.0544585052258557,13478.4,734.0135168361735,2035735.1079989485
NO2_ASTHMA,NO2,Hospital Admissions,Asthma,UNIT_VALUE_ASTHMA_HA,Escenario económico alto,UNIT_VALUE_ASTHMA_HA_2015_USD_x_1.20,130,8,4,0.0384451611024519,13478.4,518.1792594032877,1437133.90340686
NO2_ASTHMA,NO2,Hospital Admissions,Asthma,UNIT_VALUE_ASTHMA_HA,Escenario económico alto,UNIT_VALUE_ASTHMA_HA_2015_USD_x_1.20,131,9,4,0.0389203477794579,13478.4,524.5840155106454,1454897.0461376891
NO2_ASTHMA,NO2,Hospital Admissions,Asthma,UNIT_VALUE_ASTHMA_HA,Escenario económico alto,UNIT_VALUE_ASTHMA_HA_2015_USD_x_1.20,132,10,4,0.0661136883905421,13478.4,891.1067376030827,2471422.1592705175
NO2_ASTHMA,NO2,Hospital Admissions,Asthma,UNIT_VALUE_ASTHMA_HA,Escenario económico alto,UNIT_VALUE_ASTHMA_HA_2015_USD_x_1.20,133,11,4,0.0557103121148935,13478.4,750.8858708093805,2082529.4006788603
NO2_ASTHMA,NO2,Hospital Admissions,Asthma,UNIT_VALUE_ASTHMA_HA,Escenario económico alto,UNIT_VALUE_ASTHMA_HA_2015_USD_x_1.20,134,12,4,0.0510982055061876,13478.4,688.7220530945989,1910122.4037141532
NO2_ASTHMA,NO2,Hospital Admissions,Asthma,UNIT_VALUE_ASTHMA_HA,Escenario económico alto,UNIT_VALUE_ASTHMA_HA_2015_USD_x_1.20,135,13,4,0.0215710231605144,13478.4,290.74287856667723,806355.0217031796
NO2_ASTHMA,NO2,Hospital Admissions,Asthma,UNIT_VALUE_ASTHMA_HA,Escenario económico alto,UNIT_VALUE_ASTHMA_HA_2015_USD_x_1.20,136,14,4,0.0046901874438096,13478.4,63.216222442643314,175325.76780910025
NO2_ASTHMA,NO2,Hospital Admissions,Asthma,UNIT_VALUE_ASTHMA_HA,Escenario económico alto,UNIT_VALUE_ASTHMA_HA_2015_USD_x_1.20,166,3,5,4.3281033305123946e-05,13478.4,0.5833590792997826,1617.9055713023959
NO2_ASTHMA,NO2,Hospital Admissions,Asthma,UNIT_VALUE_ASTHMA_HA,Escenario económico alto,UNIT_VALUE_ASTHMA_HA_2015_USD_x_1.20,167,4,5,0.048125248544674,13478.4,648.651349984534,1798989.113587606
NO2_ASTHMA,NO2,Hospital Admissions,Asthma,UNIT_VALUE_ASTHMA_HA,Escenario económico alto,UNIT_VALUE_ASTHMA_HA_2015_USD_x_1.20,168,5,5,0.0704810477015147,13478.4,949.9717533400957,2634680.1598660215
NO2_ASTHMA,NO2,Hospital Admissions,Asthma,UNIT_VALUE_ASTHMA_HA,Escenario económico alto,UNIT_VALUE_ASTHMA_HA_2015_USD_x_1.20,169,6,5,0.0693796223318781,13478.4,935.1263016379858,2593507.3387518385
NO2_ASTHMA,NO2,Hospital Admissions,Asthma,UNIT_VALUE_ASTHMA_HA,Escenario económico alto,UNIT_VALUE_ASTHMA_HA_2015_USD_x_1.20,170,7,5,0.0686361450764776,13478.4,925.1054177987957,2565715.1188857136
NO2_ASTHMA,NO2,Hospital Admissions,Asthma,UNIT_VALUE_ASTHMA_HA,Escenario económico alto,UNIT_VALUE_ASTHMA_HA_2015_USD_x_1.20,171,8,5,0.0706118716079883,13478.4,951.7350502811096,2639570.5405011377
NO2_ASTHMA,NO2,Hospital Admissions,Asthma,UNIT_VALUE_ASTHMA_HA,Escenario económico alto,UNIT_VALUE_ASTHMA_HA_2015_USD_x_1.20,172,9,5,0.0708813915737925,13478.4,955.3677481882048,2649645.573857613
NO2_ASTHMA,NO2,Hospital Admissions,Asthma,UNIT_VALUE_ASTHMA_HA,Escenario económico alto,UNIT_VALUE_ASTHMA_HA_2015_USD_x_1.20,173,10,5,0.0707293984406468,13478.4,953.3191239424137,2643963.857915608
NO2_ASTHMA,NO2,Hospital Admissions,Asthma,UNIT_VALUE_ASTHMA_HA,Escenario económico alto,UNIT_VALUE_ASTHMA_HA_2015_USD_x_1.20,174,11,5,0.0709381040702815,13478.4,956.1321419008822,2651765.5663121636
NO2_ASTHMA,NO2,Hospital Admissions,Asthma,UNIT_VALUE_ASTHMA_HA,Escenario económico alto,UNIT_VALUE_ASTHMA_HA_2015_USD_x_1.20,175,12,5,0.0704573609535341,13478.4,949.6524938761139,2633794.7160908305
NO2_ASTHMA,NO2,Hospital Admissions,Asthma,UNIT_VALUE_ASTHMA_HA,Escenario económico alto,UNIT_VALUE_ASTHMA_HA_2015_USD_x_1.20,176,13,5,0.0705452860789677,13478.4,950.8375838867584,2637081.480279052
NO2_ASTHMA,NO2,Hospital Admissions,Asthma,UNIT_VALUE_ASTHMA_HA,Escenario económico alto,UNIT_VALUE_ASTHMA_HA_2015_USD_x_1.20,177,14,5,0.0668313122875865,13478.4,900.7791595370059,2498247.9444347178
NO2_ASTHMA,NO2,Hospital Admissions,Asthma,UNIT_VALUE_ASTHMA_HA,Escenario económico alto,UNIT_VALUE_ASTHMA_HA_2015_USD_x_1.20,178,15,5,0.0250478538569103,13478.4,337.6049934249798,936323.8169146416
NO2_ASTHMA,NO2,Hospital Admissions,Asthma,UNIT_VALUE_ASTHMA_HA,Escenario económico alto,UNIT_VALUE_ASTHMA_HA_2015_USD_x_1.20,208,4,6,0.0373057683670015,13478.4,502.822068357793,1394541.8090455537
NO2_ASTHMA,NO2,Hospital Admissions,Asthma,UNIT_VALUE_ASTHMA_HA,Escenario económico alto,UNIT_VALUE_ASTHMA_HA_2015_USD_x_1.20,209,5,6,0.0169558961135048,13478.4,228.5383501762631,633835.1165293533
NO2_ASTHMA,NO2,Hospital Admissions,Asthma,UNIT_VALUE_ASTHMA_HA,Escenario económico alto,UNIT_VALUE_ASTHMA_HA_2015_USD_x_1.20,210,6,6,0.0218279024759586,13478.4,294.20520073196036,815957.5298660408
NO2_ASTHMA,NO2,Hospital Admissions,Asthma,UNIT_VALUE_ASTHMA_HA,Escenario económico alto,UNIT_VALUE_ASTHMA_HA_2015_USD_x_1.20,211,7,6,0.0696458923764449,13478.4,938.715195806675,2603460.8855061065
NO2_ASTHMA,NO2,Hospital Admissions,Asthma,UNIT_VALUE_ASTHMA_HA,Escenario económico alto,UNIT_VALUE_ASTHMA_HA_2015_USD_x_1.20,212,8,6,0.0718271674199872,13478.4,968.1152933535553,2684999.9980455507
NO2_ASTHMA,NO2,Hospital Admissions,Asthma,UNIT_VALUE_ASTHMA_HA,Escenario económico alto,UNIT_VALUE_ASTHMA_HA_2015_USD_x_1.20,213,9,6,0.0699398464392209,13478.4,942.6772262463949,2614449.2995885387
NO2_ASTHMA,NO2,Hospital Admissions,Asthma,UNIT_VALUE_ASTHMA_HA,Escenario económico alto,UNIT_VALUE_ASTHMA_HA_2015_USD_x_1.20,214,10,6,0.068430120979263,13478.4,922.3285426068984,2558013.64992225
NO2_ASTHMA,NO2,Hospital Admissions,Asthma,UNIT_VALUE_ASTHMA_HA,Escenario económico alto,UNIT_VALUE_ASTHMA_HA_2015_USD_x_1.20,215,11,6,0.0720428550136442,13478.4,971.022417015902,2693062.702024413
NO2_ASTHMA,NO2,Hospital Admissions,Asthma,UNIT_VALUE_ASTHMA_HA,Escenario económico alto,UNIT_VALUE_ASTHMA_HA_2015_USD_x_1.20,216,12,6,0.0713572136520924,13478.4,961.7810684883622,2667432.468777678
NO2_ASTHMA,NO2,Hospital Admissions,Asthma,UNIT_VALUE_ASTHMA_HA,Escenario económico alto,UNIT_VALUE_ASTHMA_HA_2015_USD_x_1.20,217,13,6,0.0698162919942927,13478.4,941.0119100158748,2609830.661595328
NO2_ASTHMA,NO2,Hospital Admissions,Asthma,UNIT_VALUE_ASTHMA_HA,Escenario económico alto,UNIT_VALUE_ASTHMA_HA_2015_USD_x_1.20,218,14,6,0.0606273614728221,13478.4,817.1598288752854,2266335.5841975827
NO2_ASTHMA,NO2,Hospital Admissions,Asthma,UNIT_VALUE_ASTHMA_HA,Escenario económico alto,UNIT_VALUE_ASTHMA_HA_2015_USD_x_1.20,219,15,6,0.0040588880843606,13478.4,54.707317156245914,151726.9146206471
NO2_ASTHMA,NO2,Hospital Admissions,Asthma,UNIT_VALUE_ASTHMA_HA,Escenario económico alto,UNIT_VALUE_ASTHMA_HA_2015_USD_x_1.20,251,6,7,6.315454627610004e-05,13478.4,0.8512222365277867,2360.8052874532596
NO2_ASTHMA,NO2,Hospital Admissions,Asthma,UNIT_VALUE_ASTHMA_HA,Escenario económico alto,UNIT_VALUE_ASTHMA_HA_2015_USD_x_1.20,252,7,7,0.0226876304450855,13478.4,305.7929581910404,848095.364035777
NO2_ASTHMA,NO2,Hospital Admissions,Asthma,UNIT_VALUE_ASTHMA_HA,Escenario económico alto,UNIT_VALUE_ASTHMA_HA_2015_USD_x_1.20,253,8,7,0.0601272773655688,13478.4,810.4194952440824,2247641.7406947953
NO2_ASTHMA,NO2,Hospital Admissions,Asthma,UNIT_VALUE_ASTHMA_HA,Escenario económico alto,UNIT_VALUE_ASTHMA_HA_2015_USD_x_1.20,254,9,7,0.067371655749618,13478.4,908.0621248556512,2518446.7389384084
NO2_ASTHMA,NO2,Hospital Admissions,Asthma,UNIT_VALUE_ASTHMA_HA,Escenario económico alto,UNIT_VALUE_ASTHMA_HA_2015_USD_x_1.20,255,10,7,0.0676901340945497,13478.4,912.3547033799787,2530351.904995134
NO2_ASTHMA,NO2,Hospital Admissions,Asthma,UNIT_VALUE_ASTHMA_HA,Escenario económico alto,UNIT_VALUE_ASTHMA_HA_2015_USD_x_1.20,256,11,7,0.06860752955994,13478.4,924.7197264206952,2564645.4308469486
NO2_ASTHMA,NO2,Hospital Admissions,Asthma,UNIT_VALUE_ASTHMA_HA,Escenario económico alto,UNIT_VALUE_ASTHMA_HA_2015_USD_x_1.20,257,12,7,0.0681522082932947,13478.4,918.5827242603433,2547624.8849453637
NO2_ASTHMA,NO2,Hospital Admissions,Asthma,UNIT_VALUE_ASTHMA_HA,Escenario económico alto,UNIT_VALUE_ASTHMA_HA_2015_USD_x_1.20,258,13,7,0.0698645794843463,13478.4,941.662748121813,2611635.71552348
NO2_ASTHMA,NO2,Hospital Admissions,Asthma,UNIT_VALUE_ASTHMA_HA,Escenario económico alto,UNIT_VALUE_ASTHMA_HA_2015_USD_x_1.20,259,14,7,0.0357648308672176,13478.4,482.0526963607057,1336939.409667672
NO2_ASTHMA,NO2,Hospital Admissions,Asthma,UNIT_VALUE_ASTHMA_HA,Escenario económico alto,UNIT_VALUE_ASTHMA_HA_2015_USD_x_1.20,294,8,8,0.0081437669796128,13478.4,109.76494885801317,304425.4021112794
NO2_ASTHMA,NO2,Hospital Admissions,Asthma,UNIT_VALUE_ASTHMA_HA,Escenario económico alto,UNIT_VALUE_ASTHMA_HA_2015_USD_x_1.20,295,9,8,0.0467355477680829,13478.4,629.9204070373286,1747040.1544895382
NO2_ASTHMA,NO2,Hospital Admissions,Asthma,UNIT_VALUE_ASTHMA_HA,Escenario económico alto,UNIT_VALUE_ASTHMA_HA_2015_USD_x_1.20,296,10,8,0.0698753467461475,13478.4,941.8078735832744,2612038.2108320603
NO2_ASTHMA,NO2,Hospital Admissions,Asthma,UNIT_VALUE_ASTHMA_HA,Escenario económico alto,UNIT_VALUE_ASTHMA_HA_2015_USD_x_1.20,297,11,8,0.0702833993391131,13478.4,947.3077696523019,2627291.7875867835
NO2_ASTHMA,NO2,Hospital Admissions,Asthma,UNIT_VALUE_ASTHMA_HA,Escenario económico alto,UNIT_VALUE_ASTHMA_HA_2015_USD_x_1.20,298,12,8,0.0724958109847476,13478.4,977.127538776822,2709994.829869801
NO2_ASTHMA,NO2,Hospital Admissions,Asthma,UNIT_VALUE_ASTHMA_HA,Escenario económico alto,UNIT_VALUE_ASTHMA_HA_2015_USD_x_1.20,299,13,8,0.0693917065916975,13478.4,935.2891781255355,2593959.065288704
NO2_ASTHMA,NO2,Hospital Admissions,Asthma,UNIT_VALUE_ASTHMA_HA,Escenario económico alto,UNIT_VALUE_ASTHMA_HA_2015_USD_x_1.20,300,14,8,0.0511521418653419,13478.4,689.4490289178243,1912138.6202715614
NO2_ASTHMA,NO2,Hospital Admissions,Asthma,UNIT_VALUE_ASTHMA_HA,Escenario económico alto,UNIT_VALUE_ASTHMA_HA_2015_USD_x_1.20,301,15,8,0.0278250109166152,13478.4,375.03662713850633,1040137.8328047475
NO2_ASTHMA,NO2,Hospital Admissions,Asthma,UNIT_VALUE_ASTHMA_HA,Escenario económico alto,UNIT_VALUE_ASTHMA_HA_2015_USD_x_1.20,302,16,8,0.0252725437873047,13478.4,340.63345418280767,944723.0408342242
NO2_ASTHMA,NO2,Hospital Admissions,Asthma,UNIT_VALUE_ASTHMA_HA,Escenario económico alto,UNIT_VALUE_ASTHMA_HA_2015_USD_x_1.20,303,17,8,0.0198884484811689,13478.4,268.06446400858687,743458.026415335
NO2_ASTHMA,NO2,Hospital Admissions,Asthma,UNIT_VALUE_ASTHMA_HA,Escenario económico alto,UNIT_VALUE_ASTHMA_HA_2015_USD_x_1.20,304,18,8,0.0064708813467943,13478.4,87.2171271446323,241890.59693673754
NO2_ASTHMA,NO2,Hospital Admissions,Asthma,UNIT_VALUE_ASTHMA_HA,Escenario económico alto,UNIT_VALUE_ASTHMA_HA_2015_USD_x_1.20,337,10,9,0.0098927982876289,13478.4,133.33909243997735,369806.6391458064
NO2_ASTHMA,NO2,Hospital Admissions,Asthma,UNIT_VALUE_ASTHMA_HA,Escenario económico alto,UNIT_VALUE_ASTHMA_HA_2015_USD_x_1.20,338,11,9,0.0585734326034323,13478.4,789.4761540021019,2189556.8497940493
NO2_ASTHMA,NO2,Hospital Admissions,Asthma,UNIT_VALUE_ASTHMA_HA,Escenario económico alto,UNIT_VALUE_ASTHMA_HA_2015_USD_x_1.20,339,12,9,0.0697472260727931,13478.4,940.0810118995345,2607248.880832526
NO2_ASTHMA,NO2,Hospital Admissions,Asthma,UNIT_VALUE_ASTHMA_HA,Escenario económico alto,UNIT_VALUE_ASTHMA_HA_2015_USD_x_1.20,340,13,9,0.0705640680767688,13478.4,951.0907351659205,2637783.577631219
NO2_ASTHMA,NO2,Hospital Admissions,Asthma,UNIT_VALUE_ASTHMA_HA,Escenario económico alto,UNIT_VALUE_ASTHMA_HA_2015_USD_x_1.20,341,14,9,0.0710103638920326,13478.4,957.106088682372,2654466.739534351
NO2_ASTHMA,NO2,Hospital Admissions,Asthma,UNIT_VALUE_ASTHMA_HA,Escenario económico alto,UNIT_VALUE_ASTHMA_HA_2015_USD_x_1.20,342,15,9,0.0695100271806066,13478.4,936.883950351088,2598382.054422218
NO2_ASTHMA,NO2,Hospital Admissions,Asthma,UNIT_VALUE_ASTHMA_HA,Escenario económico alto,UNIT_VALUE_ASTHMA_HA_2015_USD_x_1.20,343,16,9,0.0701415083502657,13478.4,945.3953061482212,2621987.7039306606
NO2_ASTHMA,NO2,Hospital Admissions,Asthma,UNIT_VALUE_ASTHMA_HA,Escenario económico alto,UNIT_VALUE_ASTHMA_HA_2015_USD_x_1.20,344,17,9,0.0689705590164575,13478.4,929.6127826474208,2578215.9797778362
NO2_ASTHMA,NO2,Hospital Admissions,Asthma,UNIT_VALUE_ASTHMA_HA,Escenario económico alto,UNIT_VALUE_ASTHMA_HA_2015_USD_x_1.20,345,18,9,0.0678560795973353,13478.4,914.5913832447242,2536555.1800324153
NO2_ASTHMA,NO2,Hospital Admissions,Asthma,UNIT_VALUE_ASTHMA_HA,Escenario económico alto,UNIT_VALUE_ASTHMA_HA_2015_USD_x_1.20,346,19,9,0.026998759909968,13478.4,363.9000855705127,1009251.414323827
NO2_ASTHMA,NO2,Hospital Admissions,Asthma,UNIT_VALUE_ASTHMA_HA,Escenario económico alto,UNIT_VALUE_ASTHMA_HA_2015_USD_x_1.20,347,20,9,0.0017083187341436,13478.4,23.025403226281096,63859.344069864776
NO2_ASTHMA,NO2,Hospital Admissions,Asthma,UNIT_VALUE_ASTHMA_HA,Escenario económico alto,UNIT_VALUE_ASTHMA_HA_2015_USD_x_1.20,348,21,9,0.0256291590677265,13478.4,345.44005757844485,958053.8188897863
NO2_ASTHMA,NO2,Hospital Admissions,Asthma,UNIT_VALUE_ASTHMA_HA,Escenario económico alto,UNIT_VALUE_ASTHMA_HA_2015_USD_x_1.20,349,22,9,0.02379320176036,13478.4,320.6942906068362,889423.1663977177
NO2_ASTHMA,NO2,Hospital Admissions,Asthma,UNIT_VALUE_ASTHMA_HA,Escenario económico alto,UNIT_VALUE_ASTHMA_HA_2015_USD_x_1.20,350,23,9,0.0333706933733636,13478.4,449.7835535635439,1247443.2009597395
NO2_ASTHMA,NO2,Hospital Admissions,Asthma,UNIT_VALUE_ASTHMA_HA,Escenario económico alto,UNIT_VALUE_ASTHMA_HA_2015_USD_x_1.20,351,24,9,0.0248047059383854,13478.4,334.3277485199338,927234.6075776399
NO2_ASTHMA,NO2,Hospital Admissions,Asthma,UNIT_VALUE_ASTHMA_HA,Escenario económico alto,UNIT_VALUE_ASTHMA_HA_2015_USD_x_1.20,352,25,9,0.0095140902056443,13478.4,128.23471342775613,355650.0012619417
NO2_ASTHMA,NO2,Hospital Admissions,Asthma,UNIT_VALUE_ASTHMA_HA,Escenario económico alto,UNIT_VALUE_ASTHMA_HA_2015_USD_x_1.20,353,26,9,2.401393071233633e-05,13478.4,0.32366936371315397,897.6743234029725
NO2_ASTHMA,NO2,Hospital Admissions,Asthma,UNIT_VALUE_ASTHMA_HA,Escenario económico alto,UNIT_VALUE_ASTHMA_HA_2015_USD_x_1.20,360,33,9,0.0203161186247057,13478.4,273.82877327123333,759444.9346536367
NO2_ASTHMA,NO2,Hospital Admissions,Asthma,UNIT_VALUE_ASTHMA_HA,Escenario económico alto,UNIT_VALUE_ASTHMA_HA_2015_USD_x_1.20,361,34,9,0.0163956611528694,13478.4,220.98727928283492,612892.7499813928
NO2_ASTHMA,NO2,Hospital Admissions,Asthma,UNIT_VALUE_ASTHMA_HA,Escenario económico alto,UNIT_VALUE_ASTHMA_HA_2015_USD_x_1.20,379,11,10,0.0427039944996386,13478.4,575.5815194639289,1596335.0535268441
NO2_ASTHMA,NO2,Hospital Admissions,Asthma,UNIT_VALUE_ASTHMA_HA,Escenario económico alto,UNIT_VALUE_ASTHMA_HA_2015_USD_x_1.20,380,12,10,0.0705006616652468,13478.4,950.2361181888624,2635413.3572685365
NO2_ASTHMA,NO2,Hospital Admissions,Asthma,UNIT_VALUE_ASTHMA_HA,Escenario económico alto,UNIT_VALUE_ASTHMA_HA_2015_USD_x_1.20,381,13,10,0.0704623328106436,13478.4,949.7195065549786,2633980.571064774
NO2_ASTHMA,NO2,Hospital Admissions,Asthma,UNIT_VALUE_ASTHMA_HA,Escenario económico alto,UNIT_VALUE_ASTHMA_HA_2015_USD_x_1.20,382,14,10,0.0689401973052594,13478.4,929.2035553592082,2577081.0165398885
NO2_ASTHMA,NO2,Hospital Admissions,Asthma,UNIT_VALUE_ASTHMA_HA,Escenario económico alto,UNIT_VALUE_ASTHMA_HA_2015_USD_x_1.20,383,15,10,0.0695617630758686,13478.4,937.5812674417873,2600316.014561076
NO2_ASTHMA,NO2,Hospital Admissions,Asthma,UNIT_VALUE_ASTHMA_HA,Escenario económico alto,UNIT_VALUE_ASTHMA_HA_2015_USD_x_1.20,384,16,10,0.0692918911819418,13478.4,933.9438261066844,2590227.8256390616
NO2_ASTHMA,NO2,Hospital Admissions,Asthma,UNIT_VALUE_ASTHMA_HA,Escenario económico alto,UNIT_VALUE_ASTHMA_HA_2015_USD_x_1.20,385,17,10,0.0690879902787899,13478.4,931.1955681736417,2582605.724639823
NO2_ASTHMA,NO2,Hospital Admissions,Asthma,UNIT_VALUE_ASTHMA_HA,Escenario económico alto,UNIT_VALUE_ASTHMA_HA_2015_USD_x_1.20,386,18,10,0.0690064490480947,13478.4,930.0965228498396,2579557.5993674304
NO2_ASTHMA,NO2,Hospital Admissions,Asthma,UNIT_VALUE_ASTHMA_HA,Escenario económico alto,UNIT_VALUE_ASTHMA_HA_2015_USD_x_1.20,387,19,10,0.0685778948641539,13478.4,924.320298137012,2563537.644462133
NO2_ASTHMA,NO2,Hospital Admissions,Asthma,UNIT_VALUE_ASTHMA_HA,Escenario económico alto,UNIT_VALUE_ASTHMA_HA_2015_USD_x_1.20,388,20,10,0.0682258934655516,13478.4,919.5758824860906,2550379.339763398
NO2_ASTHMA,NO2,Hospital Admissions,Asthma,UNIT_VALUE_ASTHMA_HA,Escenario económico alto,UNIT_VALUE_ASTHMA_HA_2015_USD_x_1.20,389,21,10,0.0688627696373095,13478.4,928.1599542795124,2574186.6619974277
NO2_ASTHMA,NO2,Hospital Admissions,Asthma,UNIT_VALUE_ASTHMA_HA,Escenario económico alto,UNIT_VALUE_ASTHMA_HA_2015_USD_x_1.20,390,22,10,0.0692314992527768,13478.4,933.1298395286268,2587970.2908438793
NO2_ASTHMA,NO2,Hospital Admissions,Asthma,UNIT_VALUE_ASTHMA_HA,Escenario económico alto,UNIT_VALUE_ASTHMA_HA_2015_USD_x_1.20,391,23,10,0.0687640273412767,13478.4,926.829066116664,2570495.536839939
NO2_ASTHMA,NO2,Hospital Admissions,Asthma,UNIT_VALUE_ASTHMA_HA,Escenario económico alto,UNIT_VALUE_ASTHMA_HA_2015_USD_x_1.20,392,24,10,0.0695282403634284,13478.4,937.1294349144333,2599062.8886747365
NO2_ASTHMA,NO2,Hospital Admissions,Asthma,UNIT_VALUE_ASTHMA_HA,Escenario económico alto,UNIT_VALUE_ASTHMA_HA_2015_USD_x_1.20,393,25,10,0.070094940201418,13478.4,944.7676420107923,2620246.9213819914
NO2_ASTHMA,NO2,Hospital Admissions,Asthma,UNIT_VALUE_ASTHMA_HA,Escenario económico alto,UNIT_VALUE_ASTHMA_HA_2015_USD_x_1.20,394,26,10,0.0514112943112221,13478.4,692.9419892443759,1921826.1012300295
NO2_ASTHMA,NO2,Hospital Admissions,Asthma,UNIT_VALUE_ASTHMA_HA,Escenario económico alto,UNIT_VALUE_ASTHMA_HA_2015_USD_x_1.20,395,27,10,0.0233280087620396,13478.4,314.42423329827454,872033.6013564335
NO2_ASTHMA,NO2,Hospital Admissions,Asthma,UNIT_VALUE_ASTHMA_HA,Escenario económico alto,UNIT_VALUE_ASTHMA_HA_2015_USD_x_1.20,396,28,10,0.0056016350331439,13478.4,75.50107763072674,209396.95373338644
NO2_ASTHMA,NO2,Hospital Admissions,Asthma,UNIT_VALUE_ASTHMA_HA,Escenario económico alto,UNIT_VALUE_ASTHMA_HA_2015_USD_x_1.20,397,29,10,0.002039141813018,13478.4,27.484369012581812,76225.97355056477
NO2_ASTHMA,NO2,Hospital Admissions,Asthma,UNIT_VALUE_ASTHMA_HA,Escenario económico alto,UNIT_VALUE_ASTHMA_HA_2015_USD_x_1.20,398,30,10,0.0078581453580104,13478.4,105.91522639340737,293748.46633626777
NO2_ASTHMA,NO2,Hospital Admissions,Asthma,UNIT_VALUE_ASTHMA_HA,Escenario económico alto,UNIT_VALUE_ASTHMA_HA_2015_USD_x_1.20,400,32,10,0.0053492345715804,13478.4,72.09912324958925,199961.8713941083
NO2_ASTHMA,NO2,Hospital Admissions,Asthma,UNIT_VALUE_ASTHMA_HA,Escenario económico alto,UNIT_VALUE_ASTHMA_HA_2015_USD_x_1.20,401,33,10,0.0657152698285748,13478.4,885.7366928574626,2456528.7160716723
NO2_ASTHMA,NO2,Hospital Admissions,Asthma,UNIT_VALUE_ASTHMA_HA,Escenario económico alto,UNIT_VALUE_ASTHMA_HA_2015_USD_x_1.20,402,34,10,0.0606199520218317,13478.4,817.0599613310563,2266058.6085543917
NO2_ASTHMA,NO2,Hospital Admissions,Asthma,UNIT_VALUE_ASTHMA_HA,Escenario económico alto,UNIT_VALUE_ASTHMA_HA_2015_USD_x_1.20,403,35,10,0.0005463974280989,13478.4,7.364563094888213,20425.100224255817
NO2_ASTHMA,NO2,Hospital Admissions,Asthma,UNIT_VALUE_ASTHMA_HA,Escenario económico alto,UNIT_VALUE_ASTHMA_HA_2015_USD_x_1.20,420,11,11,0.0358320061402186,13478.4,482.9581115603224,1339450.5153447448
NO2_ASTHMA,NO2,Hospital Admissions,Asthma,UNIT_VALUE_ASTHMA_HA,Escenario económico alto,UNIT_VALUE_ASTHMA_HA_2015_USD_x_1.20,421,12,11,0.0689982981385406,13478.4,929.9866616305055,2579252.9069658928
NO2_ASTHMA,NO2,Hospital Admissions,Asthma,UNIT_VALUE_ASTHMA_HA,Escenario económico alto,UNIT_VALUE_ASTHMA_HA_2015_USD_x_1.20,422,13,11,0.0714062980486905,13478.4,962.44264761947,2669267.3121872665
NO2_ASTHMA,NO2,Hospital Admissions,Asthma,UNIT_VALUE_ASTHMA_HA,Escenario económico alto,UNIT_VALUE_ASTHMA_HA_2015_USD_x_1.20,423,14,11,0.069745046014976,13478.4,940.0516282082525,2607167.3872216134
NO2_ASTHMA,NO2,Hospital Admissions,Asthma,UNIT_VALUE_ASTHMA_HA,Escenario económico alto,UNIT_VALUE_ASTHMA_HA_2015_USD_x_1.20,424,15,11,0.0692891615908554,13478.4,933.9070355861853,2590125.789705794
NO2_ASTHMA,NO2,Hospital Admissions,Asthma,UNIT_VALUE_ASTHMA_HA,Escenario económico alto,UNIT_VALUE_ASTHMA_HA_2015_USD_x_1.20,425,16,11,0.0694067878274081,13478.4,935.4924490529373,2594522.8229768877
NO2_ASTHMA,NO2,Hospital Admissions,Asthma,UNIT_VALUE_ASTHMA_HA,Escenario económico alto,UNIT_VALUE_ASTHMA_HA_2015_USD_x_1.20,426,17,11,0.0692880498549208,13478.4,933.8920511645646,2590084.2314613382
NO2_ASTHMA,NO2,Hospital Admissions,Asthma,UNIT_VALUE_ASTHMA_HA,Escenario económico alto,UNIT_VALUE_ASTHMA_HA_2015_USD_x_1.20,427,18,11,0.0705402232840435,13478.4,950.7693455116519,2636892.2259223806
NO2_ASTHMA,NO2,Hospital Admissions,Asthma,UNIT_VALUE_ASTHMA_HA,Escenario económico alto,UNIT_VALUE_ASTHMA_HA_2015_USD_x_1.20,428,19,11,0.0709577977483371,13478.4,956.3975811711867,2652501.7435476044
NO2_ASTHMA,NO2,Hospital Admissions,Asthma,UNIT_VALUE_ASTHMA_HA,Escenario económico alto,UNIT_VALUE_ASTHMA_HA_2015_USD_x_1.20,429,20,11,0.0678047592234462,13478.4,913.8996667172972,2534636.7526637535
NO2_ASTHMA,NO2,Hospital Admissions,Asthma,UNIT_VALUE_ASTHMA_HA,Escenario económico alto,UNIT_VALUE_ASTHMA_HA_2015_USD_x_1.20,430,21,11,0.0700008961692005,13478.4,943.5000789269519,2616731.423898376
NO2_ASTHMA,NO2,Hospital Admissions,Asthma,UNIT_VALUE_ASTHMA_HA,Escenario económico alto,UNIT_VALUE_ASTHMA_HA_2015_USD_x_1.20,431,22,11,0.0675808814861619,13478.4,910.8821530230845,2526267.889658813
NO2_ASTHMA,NO2,Hospital Admissions,Asthma,UNIT_VALUE_ASTHMA_HA,Escenario económico alto,UNIT_VALUE_ASTHMA_HA_2015_USD_x_1.20,432,23,11,0.0698915505703143,13478.4,942.0262752069243,2612643.93244714
NO2_ASTHMA,NO2,Hospital Admissions,Asthma,UNIT_VALUE_ASTHMA_HA,Escenario económico alto,UNIT_VALUE_ASTHMA_HA_2015_USD_x_1.20,433,24,11,0.0688572061631753,13478.4,928.0849675497419,2573978.6915514804
NO2_ASTHMA,NO2,Hospital Admissions,Asthma,UNIT_VALUE_ASTHMA_HA,Escenario económico alto,UNIT_VALUE_ASTHMA_HA_2015_USD_x_1.20,434,25,11,0.0678086052014646,13478.4,913.9515043474205,2534780.520702266
NO2_ASTHMA,NO2,Hospital Admissions,Asthma,UNIT_VALUE_ASTHMA_HA,Escenario económico alto,UNIT_VALUE_ASTHMA_HA_2015_USD_x_1.20,435,26,11,0.0701786647105857,13478.4,945.8961144351583,2623376.660657901
NO2_ASTHMA,NO2,Hospital Admissions,Asthma,UNIT_VALUE_ASTHMA_HA,Escenario económico alto,UNIT_VALUE_ASTHMA_HA_2015_USD_x_1.20,436,27,11,0.0708059990035906,13478.4,954.3515769699954,2646827.2941158945
NO2_ASTHMA,NO2,Hospital Admissions,Asthma,UNIT_VALUE_ASTHMA_HA,Escenario económico alto,UNIT_VALUE_ASTHMA_HA_2015_USD_x_1.20,437,28,11,0.0718907394251123,13478.4,968.9721422674336,2687376.408528768
NO2_ASTHMA,NO2,Hospital Admissions,Asthma,UNIT_VALUE_ASTHMA_HA,Escenario económico alto,UNIT_VALUE_ASTHMA_HA_2015_USD_x_1.20,438,29,11,0.0663032224326426,13478.4,893.6613532361299,2478507.20690568
NO2_ASTHMA,NO2,Hospital Admissions,Asthma,UNIT_VALUE_ASTHMA_HA,Escenario económico alto,UNIT_VALUE_ASTHMA_HA_2015_USD_x_1.20,439,30,11,0.0664855612691242,13478.4,896.1189890097635,2485323.287689348
NO2_ASTHMA,NO2,Hospital Admissions,Asthma,UNIT_VALUE_ASTHMA_HA,Escenario económico alto,UNIT_VALUE_ASTHMA_HA_2015_USD_x_1.20,440,31,11,0.0619401539560413,13478.4,834.854171081107,2315409.6037014746
NO2_ASTHMA,NO2,Hospital Admissions,Asthma,UNIT_VALUE_ASTHMA_HA,Escenario económico alto,UNIT_VALUE_ASTHMA_HA_2015_USD_x_1.20,441,32,11,0.0641882785906279,13478.4,865.155294155919,2399447.6474708505
NO2_ASTHMA,NO2,Hospital Admissions,Asthma,UNIT_VALUE_ASTHMA_HA,Escenario económico alto,UNIT_VALUE_ASTHMA_HA_2015_USD_x_1.20,442,33,11,0.0938758672886851,13478.4,1265.2964896638132,3509211.243328309
NO2_ASTHMA,NO2,Hospital Admissions,Asthma,UNIT_VALUE_ASTHMA_HA,Escenario económico alto,UNIT_VALUE_ASTHMA_HA_2015_USD_x_1.20,443,34,11,0.0691603126884518,13478.4,932.1703585400287,2585309.2374856714
NO2_ASTHMA,NO2,Hospital Admissions,Asthma,UNIT_VALUE_ASTHMA_HA,Escenario económico alto,UNIT_VALUE_ASTHMA_HA_2015_USD_x_1.20,444,35,11,0.0349817239447363,13478.4,471.49766801673377,1307665.77740765
NO2_ASTHMA,NO2,Hospital Admissions,Asthma,UNIT_VALUE_ASTHMA_HA,Escenario económico alto,UNIT_VALUE_ASTHMA_HA_2015_USD_x_1.20,445,36,11,0.045580306517837,13478.4,614.3496033700143,1703855.6204744985
NO2_ASTHMA,NO2,Hospital Admissions,Asthma,UNIT_VALUE_ASTHMA_HA,Escenario económico alto,UNIT_VALUE_ASTHMA_HA_2015_USD_x_1.20,446,37,11,0.0061883609693538,13478.4,83.40920448933825,231329.59000686536
NO2_ASTHMA,NO2,Hospital Admissions,Asthma,UNIT_VALUE_ASTHMA_HA,Escenario económico alto,UNIT_VALUE_ASTHMA_HA_2015_USD_x_1.20,461,11,12,0.0182772021164826,13478.4,246.34744100679907,683227.3833114867
NO2_ASTHMA,NO2,Hospital Admissions,Asthma,UNIT_VALUE_ASTHMA_HA,Escenario económico alto,UNIT_VALUE_ASTHMA_HA_2015_USD_x_1.20,462,12,12,0.0595875193038655,13478.4,803.1444201852207,2227464.8292742968
NO2_ASTHMA,NO2,Hospital Admissions,Asthma,UNIT_VALUE_ASTHMA_HA,Escenario económico alto,UNIT_VALUE_ASTHMA_HA_2015_USD_x_1.20,463,13,12,0.0629000524231744,13478.4,847.7920665805137,2351291.951216394
NO2_ASTHMA,NO2,Hospital Admissions,Asthma,UNIT_VALUE_ASTHMA_HA,Escenario económico alto,UNIT_VALUE_ASTHMA_HA_2015_USD_x_1.20,464,14,12,0.0655589871265879,13478.4,883.6302520870024,2450686.650045655
NO2_ASTHMA,NO2,Hospital Admissions,Asthma,UNIT_VALUE_ASTHMA_HA,Escenario económico alto,UNIT_VALUE_ASTHMA_HA_2015_USD_x_1.20,465,15,12,0.0676434881706765,13478.4,911.7259909596462,2528608.2151072114
NO2_ASTHMA,NO2,Hospital Admissions,Asthma,UNIT_VALUE_ASTHMA_HA,Escenario económico alto,UNIT_VALUE_ASTHMA_HA_2015_USD_x_1.20,466,16,12,0.0695302365653322,13478.4,937.1563405221735,2599137.5094944118
NO2_ASTHMA,NO2,Hospital Admissions,Asthma,UNIT_VALUE_ASTHMA_HA,Escenario económico alto,UNIT_VALUE_ASTHMA_HA_2015_USD_x_1.20,467,17,12,0.0695200353219151,13478.4,937.0188440829005,2598756.1727448385
NO2_ASTHMA,NO2,Hospital Admissions,Asthma,UNIT_VALUE_ASTHMA_HA,Escenario económico alto,UNIT_VALUE_ASTHMA_HA_2015_USD_x_1.20,468,18,12,0.0461125428370945,13478.4,621.5232973754945,1723751.3586401176
NO2_ASTHMA,NO2,Hospital Admissions,Asthma,UNIT_VALUE_ASTHMA_HA,Escenario económico alto,UNIT_VALUE_ASTHMA_HA_2015_USD_x_1.20,469,19,12,0.0296389706408512,13478.4,399.4859018856488,1107946.1848667148
NO2_ASTHMA,NO2,Hospital Admissions,Asthma,UNIT_VALUE_ASTHMA_HA,Escenario económico alto,UNIT_VALUE_ASTHMA_HA_2015_USD_x_1.20,470,20,12,0.0119469108061611,13478.4,161.02524260976176,446592.2386111915
NO2_ASTHMA,NO2,Hospital Admissions,Asthma,UNIT_VALUE_ASTHMA_HA,Escenario económico alto,UNIT_VALUE_ASTHMA_HA_2015_USD_x_1.20,471,21,12,0.0438483829286325,13478.4,591.0060444652803,1639113.8939013423
NO2_ASTHMA,NO2,Hospital Admissions,Asthma,UNIT_VALUE_ASTHMA_HA,Escenario económico alto,UNIT_VALUE_ASTHMA_HA_2015_USD_x_1.20,472,22,12,0.0675609908601968,13478.4,910.6140592100766,2525524.3502350026
NO2_ASTHMA,NO2,Hospital Admissions,Asthma,UNIT_VALUE_ASTHMA_HA,Escenario económico alto,UNIT_VALUE_ASTHMA_HA_2015_USD_x_1.20,473,23,12,0.0711136591602567,13478.4,958.498343625604,2658328.0611615586
NO2_ASTHMA,NO2,Hospital Admissions,Asthma,UNIT_VALUE_ASTHMA_HA,Escenario económico alto,UNIT_VALUE_ASTHMA_HA_2015_USD_x_1.20,474,24,12,0.0682715343014366,13478.4,920.1910479284832,2552085.458056293
NO2_ASTHMA,NO2,Hospital Admissions,Asthma,UNIT_VALUE_ASTHMA_HA,Escenario económico alto,UNIT_VALUE_ASTHMA_HA_2015_USD_x_1.20,475,25,12,0.0687431764063049,13478.4,926.5480288747399,2569716.0997220697
NO2_ASTHMA,NO2,Hospital Admissions,Asthma,UNIT_VALUE_ASTHMA_HA,Escenario económico alto,UNIT_VALUE_ASTHMA_HA_2015_USD_x_1.20,476,26,12,0.0713844992833204,13478.4,962.1488351403057,2668452.443843178
NO2_ASTHMA,NO2,Hospital Admissions,Asthma,UNIT_VALUE_ASTHMA_HA,Escenario económico alto,UNIT_VALUE_ASTHMA_HA_2015_USD_x_1.20,477,27,12,0.0737990962739509,13478.4,994.6937392188198,2758713.4571616515
NO2_ASTHMA,NO2,Hospital Admissions,Asthma,UNIT_VALUE_ASTHMA_HA,Escenario económico alto,UNIT_VALUE_ASTHMA_HA_2015_USD_x_1.20,478,28,12,0.0702381066028761,13478.4,946.6972960362052,2625598.6817456926
NO2_ASTHMA,NO2,Hospital Admissions,Asthma,UNIT_VALUE_ASTHMA_HA,Escenario económico alto,UNIT_VALUE_ASTHMA_HA_2015_USD_x_1.20,479,29,12,0.0717989072495115,13478.4,967.7343914718158,2683943.593339678
NO2_ASTHMA,NO2,Hospital Admissions,Asthma,UNIT_VALUE_ASTHMA_HA,Escenario económico alto,UNIT_VALUE_ASTHMA_HA_2015_USD_x_1.20,480,30,12,0.0709586731538838,13478.4,956.4093802373073,2652534.467431555
NO2_ASTHMA,NO2,Hospital Admissions,Asthma,UNIT_VALUE_ASTHMA_HA,Escenario económico alto,UNIT_VALUE_ASTHMA_HA_2015_USD_x_1.20,481,31,12,0.0652974352364764,13478.4,880.1049510913234,2440909.474505209
NO2_ASTHMA,NO2,Hospital Admissions,Asthma,UNIT_VALUE_ASTHMA_HA,Escenario económico alto,UNIT_VALUE_ASTHMA_HA_2015_USD_x_1.20,482,32,12,0.0540303363641592,13478.4,728.2424856506833,2019729.5569781745
NO2_ASTHMA,NO2,Hospital Admissions,Asthma,UNIT_VALUE_ASTHMA_HA,Escenario económico alto,UNIT_VALUE_ASTHMA_HA_2015_USD_x_1.20,483,33,12,0.0745846795640464,13478.4,1005.2821450360428,2788079.6595073123
NO2_ASTHMA,NO2,Hospital Admissions,Asthma,UNIT_VALUE_ASTHMA_HA,Escenario económico alto,UNIT_VALUE_ASTHMA_HA_2015_USD_x_1.20,484,34,12,0.0736716943833661,13478.4,992.9765655767616,2753950.9962675576
NO2_ASTHMA,NO2,Hospital Admissions,Asthma,UNIT_VALUE_ASTHMA_HA,Escenario económico alto,UNIT_VALUE_ASTHMA_HA_2015_USD_x_1.20,485,35,12,0.0955772874416735,13478.4,1288.228911053852,3572812.7087840848
NO2_ASTHMA,NO2,Hospital Admissions,Asthma,UNIT_VALUE_ASTHMA_HA,Escenario económico alto,UNIT_VALUE_ASTHMA_HA_2015_USD_x_1.20,486,36,12,0.0739025038514602,13478.4,996.0875079115211,2762578.97706705
NO2_ASTHMA,NO2,Hospital Admissions,Asthma,UNIT_VALUE_ASTHMA_HA,Escenario económico alto,UNIT_VALUE_ASTHMA_HA_2015_USD_x_1.20,487,37,12,0.0534808430806269,13478.4,720.8361953779216,1999188.729346989
NO2_ASTHMA,NO2,Hospital Admissions,Asthma,UNIT_VALUE_ASTHMA_HA,Escenario económico alto,UNIT_VALUE_ASTHMA_HA_2015_USD_x_1.20,488,38,12,0.006301148261913,13478.4,84.92939673336818,235545.73678222529
NO2_ASTHMA,NO2,Hospital Admissions,Asthma,UNIT_VALUE_ASTHMA_HA,Escenario económico alto,UNIT_VALUE_ASTHMA_HA_2015_USD_x_1.20,503,12,13,8.615789331612163e-05,13478.4,1.1612705492720137,3220.7025794674805
NO2_ASTHMA,NO2,Hospital Admissions,Asthma,UNIT_VALUE_ASTHMA_HA,Escenario económico alto,UNIT_VALUE_ASTHMA_HA_2015_USD_x_1.20,504,13,13,0.0004635390297886,13478.4,6.247764459102666,17327.737383809108
NO2_ASTHMA,NO2,Hospital Admissions,Asthma,UNIT_VALUE_ASTHMA_HA,Escenario económico alto,UNIT_VALUE_ASTHMA_HA_2015_USD_x_1.20,505,14,13,0.0241073970323489,13478.4,324.9291401608114,901168.2251961991
NO2_ASTHMA,NO2,Hospital Admissions,Asthma,UNIT_VALUE_ASTHMA_HA,Escenario económico alto,UNIT_VALUE_ASTHMA_HA_2015_USD_x_1.20,506,15,13,0.0564375672728657,13478.4,760.6881067305931,2109715.2158498284
NO2_ASTHMA,NO2,Hospital Admissions,Asthma,UNIT_VALUE_ASTHMA_HA,Escenario económico alto,UNIT_VALUE_ASTHMA_HA_2015_USD_x_1.20,507,16,13,0.0294162444205562,13478.4,396.48390879802463,1099620.3671777053
NO2_ASTHMA,NO2,Hospital Admissions,Asthma,UNIT_VALUE_ASTHMA_HA,Escenario económico alto,UNIT_VALUE_ASTHMA_HA_2015_USD_x_1.20,508,17,13,0.025331183063055,13478.4,341.42381779708046,946915.0589929568
NO2_ASTHMA,NO2,Hospital Admissions,Asthma,UNIT_VALUE_ASTHMA_HA,Escenario económico alto,UNIT_VALUE_ASTHMA_HA_2015_USD_x_1.20,509,18,13,0.0003392339003753,13478.4,4.572330202818444,12681.037754402756
NO2_ASTHMA,NO2,Hospital Admissions,Asthma,UNIT_VALUE_ASTHMA_HA,Escenario económico alto,UNIT_VALUE_ASTHMA_HA_2015_USD_x_1.20,513,22,13,0.0234841916204147,13478.4,316.5293283365975,877871.9350885695
NO2_ASTHMA,NO2,Hospital Admissions,Asthma,UNIT_VALUE_ASTHMA_HA,Escenario económico alto,UNIT_VALUE_ASTHMA_HA_2015_USD_x_1.20,514,23,13,0.0632423736663844,13478.4,852.4060092249954,2364088.3981648786
NO2_ASTHMA,NO2,Hospital Admissions,Asthma,UNIT_VALUE_ASTHMA_HA,Escenario económico alto,UNIT_VALUE_ASTHMA_HA_2015_USD_x_1.20,515,24,13,0.0665861141555859,13478.4,897.4742810346489,2489082.095249926
NO2_ASTHMA,NO2,Hospital Admissions,Asthma,UNIT_VALUE_ASTHMA_HA,Escenario económico alto,UNIT_VALUE_ASTHMA_HA_2015_USD_x_1.20,516,25,13,0.0323206769728982,13478.4,435.6310125115111,1208192.1190298002
NO2_ASTHMA,NO2,Hospital Admissions,Asthma,UNIT_VALUE_ASTHMA_HA,Escenario económico alto,UNIT_VALUE_ASTHMA_HA_2015_USD_x_1.20,517,26,13,0.0338711969536749,13478.4,456.5295410204118,1266152.7249522405
NO2_ASTHMA,NO2,Hospital Admissions,Asthma,UNIT_VALUE_ASTHMA_HA,Escenario económico alto,UNIT_VALUE_ASTHMA_HA_2015_USD_x_1.20,518,27,13,0.0557619576093521,13478.4,751.5819694418913,2084459.9815092243
NO2_ASTHMA,NO2,Hospital Admissions,Asthma,UNIT_VALUE_ASTHMA_HA,Escenario económico alto,UNIT_VALUE_ASTHMA_HA_2015_USD_x_1.20,519,28,13,0.0696714048683563,13478.4,939.0590633776535,2604414.5781434854
NO2_ASTHMA,NO2,Hospital Admissions,Asthma,UNIT_VALUE_ASTHMA_HA,Escenario económico alto,UNIT_VALUE_ASTHMA_HA_2015_USD_x_1.20,520,29,13,0.0700622581533622,13478.4,944.327140294277,2619025.2207063567
NO2_ASTHMA,NO2,Hospital Admissions,Asthma,UNIT_VALUE_ASTHMA_HA,Escenario económico alto,UNIT_VALUE_ASTHMA_HA_2015_USD_x_1.20,521,30,13,0.0728122387794133,13478.4,981.3924791644442,2721823.3434890443
NO2_ASTHMA,NO2,Hospital Admissions,Asthma,UNIT_VALUE_ASTHMA_HA,Escenario económico alto,UNIT_VALUE_ASTHMA_HA_2015_USD_x_1.20,522,31,13,0.0694762109209988,13478.4,936.4281612775902,2597117.955332107
NO2_ASTHMA,NO2,Hospital Admissions,Asthma,UNIT_VALUE_ASTHMA_HA,Escenario económico alto,UNIT_VALUE_ASTHMA_HA_2015_USD_x_1.20,523,32,13,0.0736817235363323,13478.4,993.1117425121013,2754325.900035337
NO2_ASTHMA,NO2,Hospital Admissions,Asthma,UNIT_VALUE_ASTHMA_HA,Escenario económico alto,UNIT_VALUE_ASTHMA_HA_2015_USD_x_1.20,524,33,13,0.0771237410756144,13478.4,1039.5046317135611,2882993.3307333416
NO2_ASTHMA,NO2,Hospital Admissions,Asthma,UNIT_VALUE_ASTHMA_HA,Escenario económico alto,UNIT_VALUE_ASTHMA_HA_2015_USD_x_1.20,525,34,13,0.095207073858749,13478.4,1283.2390242977626,3558973.6071581435
NO2_ASTHMA,NO2,Hospital Admissions,Asthma,UNIT_VALUE_ASTHMA_HA,Escenario económico alto,UNIT_VALUE_ASTHMA_HA_2015_USD_x_1.20,526,35,13,0.0658622086519094,13478.4,887.7171930938957,2462021.494842403
NO2_ASTHMA,NO2,Hospital Admissions,Asthma,UNIT_VALUE_ASTHMA_HA,Escenario económico alto,UNIT_VALUE_ASTHMA_HA_2015_USD_x_1.20,527,36,13,0.0689665024248517,13478.4,929.5581062831211,2578064.3387087965
NO2_ASTHMA,NO2,Hospital Admissions,Asthma,UNIT_VALUE_ASTHMA_HA,Escenario económico alto,UNIT_VALUE_ASTHMA_HA_2015_USD_x_1.20,528,37,13,0.0689358314564805,13478.4,929.1447107030267,2576917.815005095
NO2_ASTHMA,NO2,Hospital Admissions,Asthma,UNIT_VALUE_ASTHMA_HA,Escenario económico alto,UNIT_VALUE_ASTHMA_HA_2015_USD_x_1.20,529,38,13,0.0656705265404231,13478.4,885.1336249224387,2454856.149368639
NO2_ASTHMA,NO2,Hospital Admissions,Asthma,UNIT_VALUE_ASTHMA_HA,Escenario económico alto,UNIT_VALUE_ASTHMA_HA_2015_USD_x_1.20,530,39,13,0.0423951264690435,13478.4,571.4184726003558,1584789.1344640048
NO2_ASTHMA,NO2,Hospital Admissions,Asthma,UNIT_VALUE_ASTHMA_HA,Escenario económico alto,UNIT_VALUE_ASTHMA_HA_2015_USD_x_1.20,531,40,13,0.0070530113816744,13478.4,95.06330860676023,263651.43198924704
NO2_ASTHMA,NO2,Hospital Admissions,Asthma,UNIT_VALUE_ASTHMA_HA,Escenario económico alto,UNIT_VALUE_ASTHMA_HA_2015_USD_x_1.20,546,14,14,2.587222072244514e-05,13478.4,0.34871613978540456,967.1398035650345
NO2_ASTHMA,NO2,Hospital Admissions,Asthma,UNIT_VALUE_ASTHMA_HA,Escenario económico alto,UNIT_VALUE_ASTHMA_HA_2015_USD_x_1.20,547,15,14,0.0040068908721626,13478.4,54.006477931356386,149783.18608916173
NO2_ASTHMA,NO2,Hospital Admissions,Asthma,UNIT_VALUE_ASTHMA_HA,Escenario económico alto,UNIT_VALUE_ASTHMA_HA_2015_USD_x_1.20,555,23,14,0.0006302692508305,13478.4,8.495021070393811,23560.346287262306
NO2_ASTHMA,NO2,Hospital Admissions,Asthma,UNIT_VALUE_ASTHMA_HA,Escenario económico alto,UNIT_VALUE_ASTHMA_HA_2015_USD_x_1.20,556,24,14,0.0051887739647227,13478.4,69.93637100611843,193963.62943949903
NO2_ASTHMA,NO2,Hospital Admissions,Asthma,UNIT_VALUE_ASTHMA_HA,Escenario económico alto,UNIT_VALUE_ASTHMA_HA_2015_USD_x_1.20,559,27,14,0.0122035199518442,13478.4,164.48392331893686,456184.64745043905
NO2_ASTHMA,NO2,Hospital Admissions,Asthma,UNIT_VALUE_ASTHMA_HA,Escenario económico alto,UNIT_VALUE_ASTHMA_HA_2015_USD_x_1.20,560,28,14,0.0622708986025557,13478.4,839.3120797246867,2327773.3012708374
NO2_ASTHMA,NO2,Hospital Admissions,Asthma,UNIT_VALUE_ASTHMA_HA,Escenario económico alto,UNIT_VALUE_ASTHMA_HA_2015_USD_x_1.20,561,29,14,0.0690962450770831,13478.4,931.3068296469569,2582914.3005477595
NO2_ASTHMA,NO2,Hospital Admissions,Asthma,UNIT_VALUE_ASTHMA_HA,Escenario económico alto,UNIT_VALUE_ASTHMA_HA_2015_USD_x_1.20,562,30,14,0.0690763753994544,13478.4,931.0390181840061,2582171.544202068
NO2_ASTHMA,NO2,Hospital Admissions,Asthma,UNIT_VALUE_ASTHMA_HA,Escenario económico alto,UNIT_VALUE_ASTHMA_HA_2015_USD_x_1.20,563,31,14,0.0652854380600225,13478.4,879.9432483482072,2440461.003266368
NO2_ASTHMA,NO2,Hospital Admissions,Asthma,UNIT_VALUE_ASTHMA_HA,Escenario económico alto,UNIT_VALUE_ASTHMA_HA_2015_USD_x_1.20,564,32,14,0.0585479557967829,13478.4,789.1327674113586,2188604.491121684
NO2_ASTHMA,NO2,Hospital Admissions,Asthma,UNIT_VALUE_ASTHMA_HA,Escenario económico alto,UNIT_VALUE_ASTHMA_HA_2015_USD_x_1.20,565,33,14,0.0736151578851327,13478.4,992.2145440389726,2751837.5828740075
NO2_ASTHMA,NO2,Hospital Admissions,Asthma,UNIT_VALUE_ASTHMA_HA,Escenario económico alto,UNIT_VALUE_ASTHMA_HA_2015_USD_x_1.20,566,34,14,0.0648252954773198,13478.4,873.7412625615071,2423260.2298259605
NO2_ASTHMA,NO2,Hospital Admissions,Asthma,UNIT_VALUE_ASTHMA_HA,Escenario económico alto,UNIT_VALUE_ASTHMA_HA_2015_USD_x_1.20,567,35,14,0.0630718934852733,13478.4,850.1082091519075,2357715.6105081746
NO2_ASTHMA,NO2,Hospital Admissions,Asthma,UNIT_VALUE_ASTHMA_HA,Escenario económico alto,UNIT_VALUE_ASTHMA_HA_2015_USD_x_1.20,568,36,14,0.0763918364577316,13478.4,1029.6397285118894,2855633.7122467295
NO2_ASTHMA,NO2,Hospital Admissions,Asthma,UNIT_VALUE_ASTHMA_HA,Escenario económico alto,UNIT_VALUE_ASTHMA_HA_2015_USD_x_1.20,569,37,14,0.0747505455988532,13478.4,1007.517753799583,2794279.963920377
NO2_ASTHMA,NO2,Hospital Admissions,Asthma,UNIT_VALUE_ASTHMA_HA,Escenario económico alto,UNIT_VALUE_ASTHMA_HA_2015_USD_x_1.20,570,38,14,0.0553441830894217,13478.4,745.9510373524614,2068842.985524437
NO2_ASTHMA,NO2,Hospital Admissions,Asthma,UNIT_VALUE_ASTHMA_HA,Escenario económico alto,UNIT_VALUE_ASTHMA_HA_2015_USD_x_1.20,571,39,14,0.072271129283684,13478.4,974.0991889372063,2701595.913574116
NO2_ASTHMA,NO2,Hospital Admissions,Asthma,UNIT_VALUE_ASTHMA_HA,Escenario económico alto,UNIT_VALUE_ASTHMA_HA_2015_USD_x_1.20,572,40,14,0.043335569423578,13478.4,584.0941389187537,1619944.207701439
NO2_ASTHMA,NO2,Hospital Admissions,Asthma,UNIT_VALUE_ASTHMA_HA,Escenario económico alto,UNIT_VALUE_ASTHMA_HA_2015_USD_x_1.20,573,41,14,0.0223096415641455,13478.4,300.6982728581787,833965.6108930586
NO2_ASTHMA,NO2,Hospital Admissions,Asthma,UNIT_VALUE_ASTHMA_HA,Escenario económico alto,UNIT_VALUE_ASTHMA_HA_2015_USD_x_1.20,601,28,15,0.003100253347047,13478.4,41.786454712838285,115891.80709422707
NO2_ASTHMA,NO2,Hospital Admissions,Asthma,UNIT_VALUE_ASTHMA_HA,Escenario económico alto,UNIT_VALUE_ASTHMA_HA_2015_USD_x_1.20,602,29,15,0.0428485353019731,13478.4,577.5296982141142,1601738.1909179706
NO2_ASTHMA,NO2,Hospital Admissions,Asthma,UNIT_VALUE_ASTHMA_HA,Escenario económico alto,UNIT_VALUE_ASTHMA_HA_2015_USD_x_1.20,603,30,15,0.0729861855575917,13478.4,983.737003419444,2728325.7173935883
NO2_ASTHMA,NO2,Hospital Admissions,Asthma,UNIT_VALUE_ASTHMA_HA,Escenario económico alto,UNIT_VALUE_ASTHMA_HA_2015_USD_x_1.20,604,31,15,0.0683948081200913,13478.4,921.8525817658385,2556693.6058468292
NO2_ASTHMA,NO2,Hospital Admissions,Asthma,UNIT_VALUE_ASTHMA_HA,Escenario económico alto,UNIT_VALUE_ASTHMA_HA_2015_USD_x_1.20,605,32,15,0.0672409728380315,13478.4,906.3007283001238,2513561.628889412
NO2_ASTHMA,NO2,Hospital Admissions,Asthma,UNIT_VALUE_ASTHMA_HA,Escenario económico alto,UNIT_VALUE_ASTHMA_HA_2015_USD_x_1.20,606,33,15,0.0687529276717388,13478.4,926.6794603307642,2570080.6156651513
NO2_ASTHMA,NO2,Hospital Admissions,Asthma,UNIT_VALUE_ASTHMA_HA,Escenario económico alto,UNIT_VALUE_ASTHMA_HA_2015_USD_x_1.20,607,34,15,0.070243490587087,13478.4,946.7698635289934,2625799.942607216
NO2_ASTHMA,NO2,Hospital Admissions,Asthma,UNIT_VALUE_ASTHMA_HA,Escenario económico alto,UNIT_VALUE_ASTHMA_HA_2015_USD_x_1.20,608,35,15,0.0680066256192777,13478.4,916.6205027468725,2542182.8009332586
NO2_ASTHMA,NO2,Hospital Admissions,Asthma,UNIT_VALUE_ASTHMA_HA,Escenario económico alto,UNIT_VALUE_ASTHMA_HA_2015_USD_x_1.20,609,36,15,0.0709557002629202,13478.4,956.3693104237435,2652423.336608523
NO2_ASTHMA,NO2,Hospital Admissions,Asthma,UNIT_VALUE_ASTHMA_HA,Escenario económico alto,UNIT_VALUE_ASTHMA_HA_2015_USD_x_1.20,610,37,15,0.075558122237393,13478.4,1018.4025947644777,2824468.308397645
NO2_ASTHMA,NO2,Hospital Admissions,Asthma,UNIT_VALUE_ASTHMA_HA,Escenario económico alto,UNIT_VALUE_ASTHMA_HA_2015_USD_x_1.20,611,38,15,0.0906327337786032,13478.4,1221.5842389615254,3387978.375863063
NO2_ASTHMA,NO2,Hospital Admissions,Asthma,UNIT_VALUE_ASTHMA_HA,Escenario económico alto,UNIT_VALUE_ASTHMA_HA_2015_USD_x_1.20,612,39,15,0.0660849738825715,13478.4,890.7197119788516,2470348.7707935064
NO2_ASTHMA,NO2,Hospital Admissions,Asthma,UNIT_VALUE_ASTHMA_HA,Escenario económico alto,UNIT_VALUE_ASTHMA_HA_2015_USD_x_1.20,613,40,15,0.0671016164634416,13478.4,904.4224273408512,2508352.292659937
NO2_ASTHMA,NO2,Hospital Admissions,Asthma,UNIT_VALUE_ASTHMA_HA,Escenario económico alto,UNIT_VALUE_ASTHMA_HA_2015_USD_x_1.20,614,41,15,0.03932995180984,13478.4,530.1048224737475,1470208.6177933654
NO2_ASTHMA,NO2,Hospital Admissions,Asthma,UNIT_VALUE_ASTHMA_HA,Escenario económico alto,UNIT_VALUE_ASTHMA_HA_2015_USD_x_1.20,643,29,16,0.001841464064001,13478.4,24.819989240231077,68836.50275853407
NO2_ASTHMA,NO2,Hospital Admissions,Asthma,UNIT_VALUE_ASTHMA_HA,Escenario económico alto,UNIT_VALUE_ASTHMA_HA_2015_USD_x_1.20,644,30,16,0.0210391760187787,13478.4,283.57443005150685,786473.8315377505
NO2_ASTHMA,NO2,Hospital Admissions,Asthma,UNIT_VALUE_ASTHMA_HA,Escenario económico alto,UNIT_VALUE_ASTHMA_HA_2015_USD_x_1.20,645,31,16,0.0543436941858804,13478.4,732.4660477149704,2031443.3107141303
NO2_ASTHMA,NO2,Hospital Admissions,Asthma,UNIT_VALUE_ASTHMA_HA,Escenario económico alto,UNIT_VALUE_ASTHMA_HA_2015_USD_x_1.20,646,32,16,0.0709643369674378,13478.4,956.4857193819136,2652746.1887053805
NO2_ASTHMA,NO2,Hospital Admissions,Asthma,UNIT_VALUE_ASTHMA_HA,Escenario económico alto,UNIT_VALUE_ASTHMA_HA_2015_USD_x_1.20,647,33,16,0.0721735827112633,13478.4,972.7844172154912,2697949.4862379595
NO2_ASTHMA,NO2,Hospital Admissions,Asthma,UNIT_VALUE_ASTHMA_HA,Escenario económico alto,UNIT_VALUE_ASTHMA_HA_2015_USD_x_1.20,648,34,16,0.0558555375663388,13478.4,752.8432775341408,2087958.131211512
NO2_ASTHMA,NO2,Hospital Admissions,Asthma,UNIT_VALUE_ASTHMA_HA,Escenario económico alto,UNIT_VALUE_ASTHMA_HA_2015_USD_x_1.20,649,35,16,0.0606679279913964,13478.4,817.7066006392372,2267852.0174108795
NO2_ASTHMA,NO2,Hospital Admissions,Asthma,UNIT_VALUE_ASTHMA_HA,Escenario económico alto,UNIT_VALUE_ASTHMA_HA_2015_USD_x_1.20,650,36,16,0.0705914438169923,13478.4,951.4597163429489,2638806.921097025
NO2_ASTHMA,NO2,Hospital Admissions,Asthma,UNIT_VALUE_ASTHMA_HA,Escenario económico alto,UNIT_VALUE_ASTHMA_HA_2015_USD_x_1.20,651,37,16,0.0465855539790888,13478.4,627.8987307517505,1741433.1768288272
NO2_ASTHMA,NO2,Hospital Admissions,Asthma,UNIT_VALUE_ASTHMA_HA,Escenario económico alto,UNIT_VALUE_ASTHMA_HA_2015_USD_x_1.20,652,38,16,0.0722124718020135,13478.4,973.3085799362588,2699403.214852618
NO2_ASTHMA,NO2,Hospital Admissions,Asthma,UNIT_VALUE_ASTHMA_HA,Escenario económico alto,UNIT_VALUE_ASTHMA_HA_2015_USD_x_1.20,653,39,16,0.0487941057872022,13478.4,657.6664754422261,1823991.932985733
NO2_ASTHMA,NO2,Hospital Admissions,Asthma,UNIT_VALUE_ASTHMA_HA,Escenario económico alto,UNIT_VALUE_ASTHMA_HA_2015_USD_x_1.20,654,40,16,0.0678242495682441,13478.4,914.1623653806212,2535365.329017576
NO2_ASTHMA,NO2,Hospital Admissions,Asthma,UNIT_VALUE_ASTHMA_HA,Escenario económico alto,UNIT_VALUE_ASTHMA_HA_2015_USD_x_1.20,655,41,16,0.0230438054180004,13478.4,310.59362694597655,861409.6827807797
NO2_ASTHMA,NO2,Hospital Admissions,Asthma,UNIT_VALUE_ASTHMA_HA,Escenario económico alto,UNIT_VALUE_ASTHMA_HA_2015_USD_x_1.20,686,31,17,0.0135506608392879,13478.4,182.64122705625803,506542.6583546377
NO2_ASTHMA,NO2,Hospital Admissions,Asthma,UNIT_VALUE_ASTHMA_HA,Escenario económico alto,UNIT_VALUE_ASTHMA_HA_2015_USD_x_1.20,687,32,17,0.0401398082324662,13478.4,541.0203912804724,1500482.1837890004
NO2_ASTHMA,NO2,Hospital Admissions,Asthma,UNIT_VALUE_ASTHMA_HA,Escenario económico alto,UNIT_VALUE_ASTHMA_HA_2015_USD_x_1.20,688,33,17,0.0643148385047042,13478.4,866.8611193018049,2404178.6341052046
NO2_ASTHMA,NO2,Hospital Admissions,Asthma,UNIT_VALUE_ASTHMA_HA,Escenario económico alto,UNIT_VALUE_ASTHMA_HA_2015_USD_x_1.20,689,34,17,0.0119694980959358,13478.4,161.32968313626108,447436.5831006005
NO2_ASTHMA,NO2,Hospital Admissions,Asthma,UNIT_VALUE_ASTHMA_HA,Escenario económico alto,UNIT_VALUE_ASTHMA_HA_2015_USD_x_1.20,690,35,17,0.020906451373057,13478.4,281.78551418661146,781512.3986105738
NO2_ASTHMA,NO2,Hospital Admissions,Asthma,UNIT_VALUE_ASTHMA_HA,Escenario económico alto,UNIT_VALUE_ASTHMA_HA_2015_USD_x_1.20,691,36,17,0.0145198644734499,13478.4,195.70454131894712,542772.8460302075
NO2_ASTHMA,NO2,Hospital Admissions,Asthma,UNIT_VALUE_ASTHMA_HA,Escenario económico alto,UNIT_VALUE_ASTHMA_HA_2015_USD_x_1.20,692,37,17,0.0234030627530177,13478.4,315.43584101027375,874839.2245331234
NO2_ASTHMA,NO2,Hospital Admissions,Asthma,UNIT_VALUE_ASTHMA_HA,Escenario económico alto,UNIT_VALUE_ASTHMA_HA_2015_USD_x_1.20,693,38,17,0.022030534935382,13478.4,296.9363620730527,823532.2146642664
NO2_ASTHMA,NO2,Hospital Admissions,Asthma,UNIT_VALUE_ASTHMA_HA,Escenario económico alto,UNIT_VALUE_ASTHMA_HA_2015_USD_x_1.20,694,39,17,0.0027072670610125,13478.4,36.48962835515088,101201.4299690261
NO2_ASTHMA,NO2,Hospital Admissions,Asthma,UNIT_VALUE_ASTHMA_HA,Escenario económico alto,UNIT_VALUE_ASTHMA_HA_2015_USD_x_1.20,695,40,17,0.0287187185024791,13478.4,387.0823754638143,1073545.8725826065
NO2_ASTHMA,NO2,Hospital Admissions,Asthma,UNIT_VALUE_ASTHMA_HA,Escenario económico alto,UNIT_VALUE_ASTHMA_HA_2015_USD_x_1.20,696,41,17,0.0071462408459429,13478.4,96.31989261795678,267136.47978341987
NO2_ASTHMA,NO2,Hospital Admissions,Asthma,UNIT_VALUE_ASTHMA_HA,Escenario económico alto,UNIT_VALUE_ASTHMA_HA_2015_USD_x_1.20,729,33,18,0.0003619369631836,13478.4,4.878331164573834,13529.710001764008
NO2_ASTHMA,NO2,Hospital Admissions,Asthma,UNIT_VALUE_ASTHMA_HA,Escenario económico alto,UNIT_VALUE_ASTHMA_HA_2015_USD_x_1.20,730,34,18,0.0012825260976617,13478.4,17.28639975472346,47942.61967174268
NO2_ASTHMA,NO2,Hospital Admissions,Asthma,UNIT_VALUE_ASTHMA_HA,Escenario económico bajo,UNIT_VALUE_ASTHMA_HA_2015_USD_x_0.80,0,1,1,0.0519391981325674,8985.6,466.70485873999763,1294373.2563752716
NO2_ASTHMA,NO2,Hospital Admissions,Asthma,UNIT_VALUE_ASTHMA_HA,Escenario económico bajo,UNIT_VALUE_ASTHMA_HA_2015_USD_x_0.80,1,2,1,0.0288323741391321,8985.6,259.0761810645854,718529.652849953
NO2_ASTHMA,NO2,Hospital Admissions,Asthma,UNIT_VALUE_ASTHMA_HA,Escenario económico bajo,UNIT_VALUE_ASTHMA_HA_2015_USD_x_0.80,2,3,1,0.0005279125002268,8985.6,4.743610562037935,13156.071841072868
NO2_ASTHMA,NO2,Hospital Admissions,Asthma,UNIT_VALUE_ASTHMA_HA,Escenario económico bajo,UNIT_VALUE_ASTHMA_HA_2015_USD_x_0.80,41,1,2,0.0425711727887762,8985.6,382.5275302108275,1060913.3281126153
NO2_ASTHMA,NO2,Hospital Admissions,Asthma,UNIT_VALUE_ASTHMA_HA,Escenario económico bajo,UNIT_VALUE_ASTHMA_HA_2015_USD_x_0.80,42,2,2,0.0666288502759448,8985.6,598.7001970395296,1660453.0874753424
NO2_ASTHMA,NO2,Hospital Admissions,Asthma,UNIT_VALUE_ASTHMA_HA,Escenario económico bajo,UNIT_VALUE_ASTHMA_HA_2015_USD_x_0.80,43,3,2,0.051455145439375,8985.6,462.35535486004807,1282310.211829503
NO2_ASTHMA,NO2,Hospital Admissions,Asthma,UNIT_VALUE_ASTHMA_HA,Escenario económico bajo,UNIT_VALUE_ASTHMA_HA_2015_USD_x_0.80,44,4,2,0.0069678141998643,8985.6,62.609991274300654,173644.42809988366
NO2_ASTHMA,NO2,Hospital Admissions,Asthma,UNIT_VALUE_ASTHMA_HA,Escenario económico bajo,UNIT_VALUE_ASTHMA_HA_2015_USD_x_0.80,82,1,3,0.004799968537945,8985.6,43.1305972945586,119619.69245464765
NO2_ASTHMA,NO2,Hospital Admissions,Asthma,UNIT_VALUE_ASTHMA_HA,Escenario económico bajo,UNIT_VALUE_ASTHMA_HA_2015_USD_x_0.80,83,2,3,0.0304287731021319,8985.6,273.4207835865164,758313.4038223521
NO2_ASTHMA,NO2,Hospital Admissions,Asthma,UNIT_VALUE_ASTHMA_HA,Escenario económico bajo,UNIT_VALUE_ASTHMA_HA_2015_USD_x_0.80,84,3,3,0.0682807538397557,8985.6,613.5435417025088,1701620.064863989
NO2_ASTHMA,NO2,Hospital Admissions,Asthma,UNIT_VALUE_ASTHMA_HA,Escenario económico bajo,UNIT_VALUE_ASTHMA_HA_2015_USD_x_0.80,85,4,3,0.0679890345092599,8985.6,610.9222684864058,1694350.1470882522
NO2_ASTHMA,NO2,Hospital Admissions,Asthma,UNIT_VALUE_ASTHMA_HA,Escenario económico bajo,UNIT_VALUE_ASTHMA_HA_2015_USD_x_0.80,86,5,3,0.0503274116815618,8985.6,452.2219904058417,1254206.0348512735
NO2_ASTHMA,NO2,Hospital Admissions,Asthma,UNIT_VALUE_ASTHMA_HA,Escenario económico bajo,UNIT_VALUE_ASTHMA_HA_2015_USD_x_0.80,87,6,3,0.0171621236117248,8985.6,154.21197792551436,427696.1259379593
NO2_ASTHMA,NO2,Hospital Admissions,Asthma,UNIT_VALUE_ASTHMA_HA,Escenario económico bajo,UNIT_VALUE_ASTHMA_HA_2015_USD_x_0.80,91,10,3,0.0039764289299275,8985.6,35.73059979275655,99096.3173832248
NO2_ASTHMA,NO2,Hospital Admissions,Asthma,UNIT_VALUE_ASTHMA_HA,Escenario económico bajo,UNIT_VALUE_ASTHMA_HA_2015_USD_x_0.80,125,3,4,0.0286819392957606,8985.6,257.72443373598645,714780.6762563968
NO2_ASTHMA,NO2,Hospital Admissions,Asthma,UNIT_VALUE_ASTHMA_HA,Escenario económico bajo,UNIT_VALUE_ASTHMA_HA_2015_USD_x_0.80,126,4,4,0.0705927795794735,8985.6,634.3184801893171,1759237.9025114577
NO2_ASTHMA,NO2,Hospital Admissions,Asthma,UNIT_VALUE_ASTHMA_HA,Escenario económico bajo,UNIT_VALUE_ASTHMA_HA_2015_USD_x_0.80,127,5,4,0.0697850754442343,8985.6,627.0607739117117,1739109.1621899586
NO2_ASTHMA,NO2,Hospital Admissions,Asthma,UNIT_VALUE_ASTHMA_HA,Escenario económico bajo,UNIT_VALUE_ASTHMA_HA_2015_USD_x_0.80,128,6,4,0.0699302639599679,8985.6,628.3653798386877,1742727.3954060115
NO2_ASTHMA,NO2,Hospital Admissions,Asthma,UNIT_VALUE_ASTHMA_HA,Escenario económico bajo,UNIT_VALUE_ASTHMA_HA_2015_USD_x_0.80,129,7,4,0.0544585052258557,8985.6,489.342344557449,1357156.7386659656
NO2_ASTHMA,NO2,Hospital Admissions,Asthma,UNIT_VALUE_ASTHMA_HA,Escenario económico bajo,UNIT_VALUE_ASTHMA_HA_2015_USD_x_0.80,130,8,4,0.0384451611024519,8985.6,345.45283960219183,958089.2689379068
NO2_ASTHMA,NO2,Hospital Admissions,Asthma,UNIT_VALUE_ASTHMA_HA,Escenario económico bajo,UNIT_VALUE_ASTHMA_HA_2015_USD_x_0.80,131,9,4,0.0389203477794579,8985.6,349.72267700709693,969931.3640917928
NO2_ASTHMA,NO2,Hospital Admissions,Asthma,UNIT_VALUE_ASTHMA_HA,Escenario económico bajo,UNIT_VALUE_ASTHMA_HA_2015_USD_x_0.80,132,10,4,0.0661136883905421,8985.6,594.0711584020552,1647614.7728470117
NO2_ASTHMA,NO2,Hospital Admissions,Asthma,UNIT_VALUE_ASTHMA_HA,Escenario económico bajo,UNIT_VALUE_ASTHMA_HA_2015_USD_x_0.80,133,11,4,0.0557103121148935,8985.6,500.59058053958705,1388352.9337859068
NO2_ASTHMA,NO2,Hospital Admissions,Asthma,UNIT_VALUE_ASTHMA_HA,Escenario económico bajo,UNIT_VALUE_ASTHMA_HA_2015_USD_x_0.80,134,12,4,0.0510982055061876,8985.6,459.14803539639934,1273414.9358094358
NO2_ASTHMA,NO2,Hospital Admissions,Asthma,UNIT_VALUE_ASTHMA_HA,Escenario económico bajo,UNIT_VALUE_ASTHMA_HA_2015_USD_x_0.80,135,13,4,0.0215710231605144,8985.6,193.8285857111182,537570.0144687865
NO2_ASTHMA,NO2,Hospital Admissions,Asthma,UNIT_VALUE_ASTHMA_HA,Escenario económico bajo,UNIT_VALUE_ASTHMA_HA_2015_USD_x_0.80,136,14,4,0.0046901874438096,8985.6,42.14414829509555,116883.84520606684
NO2_ASTHMA,NO2,Hospital Admissions,Asthma,UNIT_VALUE_ASTHMA_HA,Escenario económico bajo,UNIT_VALUE_ASTHMA_HA_2015_USD_x_0.80,166,3,5,4.3281033305123946e-05,8985.6,0.38890605286652175,1078.6037142015973
NO2_ASTHMA,NO2,Hospital Admissions,Asthma,UNIT_VALUE_ASTHMA_HA,Escenario económico bajo,UNIT_VALUE_ASTHMA_HA_2015_USD_x_0.80,167,4,5,0.048125248544674,8985.6,432.43423332302274,1199326.075725071
NO2_ASTHMA,NO2,Hospital Admissions,Asthma,UNIT_VALUE_ASTHMA_HA,Escenario económico bajo,UNIT_VALUE_ASTHMA_HA_2015_USD_x_0.80,168,5,5,0.0704810477015147,8985.6,633.3145022267305,1756453.439910681
NO2_ASTHMA,NO2,Hospital Admissions,Asthma,UNIT_VALUE_ASTHMA_HA,Escenario económico bajo,UNIT_VALUE_ASTHMA_HA_2015_USD_x_0.80,169,6,5,0.0693796223318781,8985.6,623.4175344253239,1729004.892501226
NO2_ASTHMA,NO2,Hospital Admissions,Asthma,UNIT_VALUE_ASTHMA_HA,Escenario económico bajo,UNIT_VALUE_ASTHMA_HA_2015_USD_x_0.80,170,7,5,0.0686361450764776,8985.6,616.7369451991972,1710476.7459238092
NO2_ASTHMA,NO2,Hospital Admissions,Asthma,UNIT_VALUE_ASTHMA_HA,Escenario económico bajo,UNIT_VALUE_ASTHMA_HA_2015_USD_x_0.80,171,8,5,0.0706118716079883,8985.6,634.4900335207398,1759713.693667425
NO2_ASTHMA,NO2,Hospital Admissions,Asthma,UNIT_VALUE_ASTHMA_HA,Escenario económico bajo,UNIT_VALUE_ASTHMA_HA_2015_USD_x_0.80,172,9,5,0.0708813915737925,8985.6,636.9118321254699,1766430.382571742
NO2_ASTHMA,NO2,Hospital Admissions,Asthma,UNIT_VALUE_ASTHMA_HA,Escenario económico bajo,UNIT_VALUE_ASTHMA_HA_2015_USD_x_0.80,173,10,5,0.0707293984406468,8985.6,635.5460826282758,1762642.571943739
NO2_ASTHMA,NO2,Hospital Admissions,Asthma,UNIT_VALUE_ASTHMA_HA,Escenario económico bajo,UNIT_VALUE_ASTHMA_HA_2015_USD_x_0.80,174,11,5,0.0709381040702815,8985.6,637.4214279339216,1767843.710874776
NO2_ASTHMA,NO2,Hospital Admissions,Asthma,UNIT_VALUE_ASTHMA_HA,Escenario económico bajo,UNIT_VALUE_ASTHMA_HA_2015_USD_x_0.80,175,12,5,0.0704573609535341,8985.6,633.1016625840759,1755863.1440605535
NO2_ASTHMA,NO2,Hospital Admissions,Asthma,UNIT_VALUE_ASTHMA_HA,Escenario económico bajo,UNIT_VALUE_ASTHMA_HA_2015_USD_x_0.80,176,13,5,0.0705452860789677,8985.6,633.8917225911722,1758054.3201860345
NO2_ASTHMA,NO2,Hospital Admissions,Asthma,UNIT_VALUE_ASTHMA_HA,Escenario económico bajo,UNIT_VALUE_ASTHMA_HA_2015_USD_x_0.80,177,14,5,0.0668313122875865,8985.6,600.5194396913373,1665498.6296231456
NO2_ASTHMA,NO2,Hospital Admissions,Asthma,UNIT_VALUE_ASTHMA_HA,Escenario económico bajo,UNIT_VALUE_ASTHMA_HA_2015_USD_x_0.80,178,15,5,0.0250478538569103,8985.6,225.06999561665322,624215.8779430945
NO2_ASTHMA,NO2,Hospital Admissions,Asthma,UNIT_VALUE_ASTHMA_HA,Escenario económico bajo,UNIT_VALUE_ASTHMA_HA_2015_USD_x_0.80,208,4,6,0.0373057683670015,8985.6,335.2147122385287,929694.5393637026
NO2_ASTHMA,NO2,Hospital Admissions,Asthma,UNIT_VALUE_ASTHMA_HA,Escenario económico bajo,UNIT_VALUE_ASTHMA_HA_2015_USD_x_0.80,209,5,6,0.0169558961135048,8985.6,152.35890011750874,422556.7443529022
NO2_ASTHMA,NO2,Hospital Admissions,Asthma,UNIT_VALUE_ASTHMA_HA,Escenario económico bajo,UNIT_VALUE_ASTHMA_HA_2015_USD_x_0.80,210,6,6,0.0218279024759586,8985.6,196.1368004879736,543971.6865773606
NO2_ASTHMA,NO2,Hospital Admissions,Asthma,UNIT_VALUE_ASTHMA_HA,Escenario económico bajo,UNIT_VALUE_ASTHMA_HA_2015_USD_x_0.80,211,7,6,0.0696458923764449,8985.6,625.8101305377834,1735640.5903374045
NO2_ASTHMA,NO2,Hospital Admissions,Asthma,UNIT_VALUE_ASTHMA_HA,Escenario económico bajo,UNIT_VALUE_ASTHMA_HA_2015_USD_x_0.80,212,8,6,0.0718271674199872,8985.6,645.410195569037,1789999.998697034
NO2_ASTHMA,NO2,Hospital Admissions,Asthma,UNIT_VALUE_ASTHMA_HA,Escenario económico bajo,UNIT_VALUE_ASTHMA_HA_2015_USD_x_0.80,213,9,6,0.0699398464392209,8985.6,628.4514841642633,1742966.1997256926
NO2_ASTHMA,NO2,Hospital Admissions,Asthma,UNIT_VALUE_ASTHMA_HA,Escenario económico bajo,UNIT_VALUE_ASTHMA_HA_2015_USD_x_0.80,214,10,6,0.068430120979263,8985.6,614.8856950712657,1705342.4332815004
NO2_ASTHMA,NO2,Hospital Admissions,Asthma,UNIT_VALUE_ASTHMA_HA,Escenario económico bajo,UNIT_VALUE_ASTHMA_HA_2015_USD_x_0.80,215,11,6,0.0720428550136442,8985.6,647.3482780106013,1795375.134682942
NO2_ASTHMA,NO2,Hospital Admissions,Asthma,UNIT_VALUE_ASTHMA_HA,Escenario económico bajo,UNIT_VALUE_ASTHMA_HA_2015_USD_x_0.80,216,12,6,0.0713572136520924,8985.6,641.1873789922415,1778288.3125184523
NO2_ASTHMA,NO2,Hospital Admissions,Asthma,UNIT_VALUE_ASTHMA_HA,Escenario económico bajo,UNIT_VALUE_ASTHMA_HA_2015_USD_x_0.80,217,13,6,0.0698162919942927,8985.6,627.3412733439166,1739887.1077302184
NO2_ASTHMA,NO2,Hospital Admissions,Asthma,UNIT_VALUE_ASTHMA_HA,Escenario económico bajo,UNIT_VALUE_ASTHMA_HA_2015_USD_x_0.80,218,14,6,0.0606273614728221,8985.6,544.7732192501903,1510890.3894650552
NO2_ASTHMA,NO2,Hospital Admissions,Asthma,UNIT_VALUE_ASTHMA_HA,Escenario económico bajo,UNIT_VALUE_ASTHMA_HA_2015_USD_x_0.80,219,15,6,0.0040588880843606,8985.6,36.47154477083061,101151.27641376473
NO2_ASTHMA,NO2,Hospital Admissions,Asthma,UNIT_VALUE_ASTHMA_HA,Escenario económico bajo,UNIT_VALUE_ASTHMA_HA_2015_USD_x_0.80,251,6,7,6.315454627610004e-05,8985.6,0.5674814910185245,1573.8701916355064
NO2_ASTHMA,NO2,Hospital Admissions,Asthma,UNIT_VALUE_ASTHMA_HA,Escenario económico bajo,UNIT_VALUE_ASTHMA_HA_2015_USD_x_0.80,252,7,7,0.0226876304450855,8985.6,203.86197212736027,565396.9093571848
NO2_ASTHMA,NO2,Hospital Admissions,Asthma,UNIT_VALUE_ASTHMA_HA,Escenario económico bajo,UNIT_VALUE_ASTHMA_HA_2015_USD_x_0.80,253,8,7,0.0601272773655688,8985.6,540.279663496055,1498427.827129864
NO2_ASTHMA,NO2,Hospital Admissions,Asthma,UNIT_VALUE_ASTHMA_HA,Escenario económico bajo,UNIT_VALUE_ASTHMA_HA_2015_USD_x_0.80,254,9,7,0.067371655749618,8985.6,605.3747499037675,1678964.4926256055
NO2_ASTHMA,NO2,Hospital Admissions,Asthma,UNIT_VALUE_ASTHMA_HA,Escenario económico bajo,UNIT_VALUE_ASTHMA_HA_2015_USD_x_0.80,255,10,7,0.0676901340945497,8985.6,608.2364689199858,1686901.269996756
NO2_ASTHMA,NO2,Hospital Admissions,Asthma,UNIT_VALUE_ASTHMA_HA,Escenario económico bajo,UNIT_VALUE_ASTHMA_HA_2015_USD_x_0.80,256,11,7,0.06860752955994,8985.6,616.4798176137969,1709763.6205646326
NO2_ASTHMA,NO2,Hospital Admissions,Asthma,UNIT_VALUE_ASTHMA_HA,Escenario económico bajo,UNIT_VALUE_ASTHMA_HA_2015_USD_x_0.80,257,12,7,0.0681522082932947,8985.6,612.3884828402289,1698416.589963576
NO2_ASTHMA,NO2,Hospital Admissions,Asthma,UNIT_VALUE_ASTHMA_HA,Escenario económico bajo,UNIT_VALUE_ASTHMA_HA_2015_USD_x_0.80,258,13,7,0.0698645794843463,8985.6,627.7751654145421,1741090.4770156534
NO2_ASTHMA,NO2,Hospital Admissions,Asthma,UNIT_VALUE_ASTHMA_HA,Escenario económico bajo,UNIT_VALUE_ASTHMA_HA_2015_USD_x_0.80,259,14,7,0.0357648308672176,8985.6,321.3684642404705,891292.939778448
NO2_ASTHMA,NO2,Hospital Admissions,Asthma,UNIT_VALUE_ASTHMA_HA,Escenario económico bajo,UNIT_VALUE_ASTHMA_HA_2015_USD_x_0.80,294,8,8,0.0081437669796128,8985.6,73.17663257200878,202950.26807418632
NO2_ASTHMA,NO2,Hospital Admissions,Asthma,UNIT_VALUE_ASTHMA_HA,Escenario económico bajo,UNIT_VALUE_ASTHMA_HA_2015_USD_x_0.80,295,9,8,0.0467355477680829,8985.6,419.9469380248857,1164693.4363263587
NO2_ASTHMA,NO2,Hospital Admissions,Asthma,UNIT_VALUE_ASTHMA_HA,Escenario económico bajo,UNIT_VALUE_ASTHMA_HA_2015_USD_x_0.80,296,10,8,0.0698753467461475,8985.6,627.871915722183,1741358.8072213738
NO2_ASTHMA,NO2,Hospital Admissions,Asthma,UNIT_VALUE_ASTHMA_HA,Escenario económico bajo,UNIT_VALUE_ASTHMA_HA_2015_USD_x_0.80,297,11,8,0.0702833993391131,8985.6,631.5385131015347,1751527.8583911892
NO2_ASTHMA,NO2,Hospital Admissions,Asthma,UNIT_VALUE_ASTHMA_HA,Escenario económico bajo,UNIT_VALUE_ASTHMA_HA_2015_USD_x_0.80,298,12,8,0.0724958109847476,8985.6,651.4183591845481,1806663.2199132012
NO2_ASTHMA,NO2,Hospital Admissions,Asthma,UNIT_VALUE_ASTHMA_HA,Escenario económico bajo,UNIT_VALUE_ASTHMA_HA_2015_USD_x_0.80,299,13,8,0.0693917065916975,8985.6,623.526118750357,1729306.0435258024
NO2_ASTHMA,NO2,Hospital Admissions,Asthma,UNIT_VALUE_ASTHMA_HA,Escenario económico bajo,UNIT_VALUE_ASTHMA_HA_2015_USD_x_0.80,300,14,8,0.0511521418653419,8985.6,459.6326859452162,1274759.080181041
NO2_ASTHMA,NO2,Hospital Admissions,Asthma,UNIT_VALUE_ASTHMA_HA,Escenario económico bajo,UNIT_VALUE_ASTHMA_HA_2015_USD_x_0.80,301,15,8,0.0278250109166152,8985.6,250.02441809233756,693425.2218698317
NO2_ASTHMA,NO2,Hospital Admissions,Asthma,UNIT_VALUE_ASTHMA_HA,Escenario económico bajo,UNIT_VALUE_ASTHMA_HA_2015_USD_x_0.80,302,16,8,0.0252725437873047,8985.6,227.0889694552051,629815.3605561495
NO2_ASTHMA,NO2,Hospital Admissions,Asthma,UNIT_VALUE_ASTHMA_HA,Escenario económico bajo,UNIT_VALUE_ASTHMA_HA_2015_USD_x_0.80,303,17,8,0.0198884484811689,8985.6,178.70964267239128,495638.6842768901
NO2_ASTHMA,NO2,Hospital Admissions,Asthma,UNIT_VALUE_ASTHMA_HA,Escenario económico bajo,UNIT_VALUE_ASTHMA_HA_2015_USD_x_0.80,304,18,8,0.0064708813467943,8985.6,58.14475142975487,161260.39795782504
NO2_ASTHMA,NO2,Hospital Admissions,Asthma,UNIT_VALUE_ASTHMA_HA,Escenario económico bajo,UNIT_VALUE_ASTHMA_HA_2015_USD_x_0.80,337,10,9,0.0098927982876289,8985.6,88.89272829331824,246537.7594305376
NO2_ASTHMA,NO2,Hospital Admissions,Asthma,UNIT_VALUE_ASTHMA_HA,Escenario económico bajo,UNIT_VALUE_ASTHMA_HA_2015_USD_x_0.80,338,11,9,0.0585734326034323,8985.6,526.3174360014012,1459704.5665293662
NO2_ASTHMA,NO2,Hospital Admissions,Asthma,UNIT_VALUE_ASTHMA_HA,Escenario económico bajo,UNIT_VALUE_ASTHMA_HA_2015_USD_x_0.80,339,12,9,0.0697472260727931,8985.6,626.7206745996897,1738165.9205550172
NO2_ASTHMA,NO2,Hospital Admissions,Asthma,UNIT_VALUE_ASTHMA_HA,Escenario económico bajo,UNIT_VALUE_ASTHMA_HA_2015_USD_x_0.80,340,13,9,0.0705640680767688,8985.6,634.0604901106137,1758522.3850874794
NO2_ASTHMA,NO2,Hospital Admissions,Asthma,UNIT_VALUE_ASTHMA_HA,Escenario económico bajo,UNIT_VALUE_ASTHMA_HA_2015_USD_x_0.80,341,14,9,0.0710103638920326,8985.6,638.0707257882481,1769644.4930229008
NO2_ASTHMA,NO2,Hospital Admissions,Asthma,UNIT_VALUE_ASTHMA_HA,Escenario económico bajo,UNIT_VALUE_ASTHMA_HA_2015_USD_x_0.80,342,15,9,0.0695100271806066,8985.6,624.5893002340587,1732254.7029481453
NO2_ASTHMA,NO2,Hospital Admissions,Asthma,UNIT_VALUE_ASTHMA_HA,Escenario económico bajo,UNIT_VALUE_ASTHMA_HA_2015_USD_x_0.80,343,16,9,0.0701415083502657,8985.6,630.2635374321475,1747991.8026204407
NO2_ASTHMA,NO2,Hospital Admissions,Asthma,UNIT_VALUE_ASTHMA_HA,Escenario económico bajo,UNIT_VALUE_ASTHMA_HA_2015_USD_x_0.80,344,17,9,0.0689705590164575,8985.6,619.7418550982806,1718810.6531852242
NO2_ASTHMA,NO2,Hospital Admissions,Asthma,UNIT_VALUE_ASTHMA_HA,Escenario económico bajo,UNIT_VALUE_ASTHMA_HA_2015_USD_x_0.80,345,18,9,0.0678560795973353,8985.6,609.7275888298161,1691036.7866882768
NO2_ASTHMA,NO2,Hospital Admissions,Asthma,UNIT_VALUE_ASTHMA_HA,Escenario económico bajo,UNIT_VALUE_ASTHMA_HA_2015_USD_x_0.80,346,19,9,0.026998759909968,8985.6,242.60005704700848,672834.2762158847
NO2_ASTHMA,NO2,Hospital Admissions,Asthma,UNIT_VALUE_ASTHMA_HA,Escenario económico bajo,UNIT_VALUE_ASTHMA_HA_2015_USD_x_0.80,347,20,9,0.0017083187341436,8985.6,15.350268817520732,42572.89604657652
NO2_ASTHMA,NO2,Hospital Admissions,Asthma,UNIT_VALUE_ASTHMA_HA,Escenario económico bajo,UNIT_VALUE_ASTHMA_HA_2015_USD_x_0.80,348,21,9,0.0256291590677265,8985.6,230.29337171896324,638702.5459265242
NO2_ASTHMA,NO2,Hospital Admissions,Asthma,UNIT_VALUE_ASTHMA_HA,Escenario económico bajo,UNIT_VALUE_ASTHMA_HA_2015_USD_x_0.80,349,22,9,0.02379320176036,8985.6,213.79619373789083,592948.7775984785
NO2_ASTHMA,NO2,Hospital Admissions,Asthma,UNIT_VALUE_ASTHMA_HA,Escenario económico bajo,UNIT_VALUE_ASTHMA_HA_2015_USD_x_0.80,350,23,9,0.0333706933733636,8985.6,299.85570237569596,831628.8006398263
NO2_ASTHMA,NO2,Hospital Admissions,Asthma,UNIT_VALUE_ASTHMA_HA,Escenario económico bajo,UNIT_VALUE_ASTHMA_HA_2015_USD_x_0.80,351,24,9,0.0248047059383854,8985.6,222.88516567995586,618156.4050517599
NO2_ASTHMA,NO2,Hospital Admissions,Asthma,UNIT_VALUE_ASTHMA_HA,Escenario económico bajo,UNIT_VALUE_ASTHMA_HA_2015_USD_x_0.80,352,25,9,0.0095140902056443,8985.6,85.48980895183742,237100.00084129444
NO2_ASTHMA,NO2,Hospital Admissions,Asthma,UNIT_VALUE_ASTHMA_HA,Escenario económico bajo,UNIT_VALUE_ASTHMA_HA_2015_USD_x_0.80,353,26,9,2.401393071233633e-05,8985.6,0.21577957580876933,598.4495489353151
NO2_ASTHMA,NO2,Hospital Admissions,Asthma,UNIT_VALUE_ASTHMA_HA,Escenario económico bajo,UNIT_VALUE_ASTHMA_HA_2015_USD_x_0.80,360,33,9,0.0203161186247057,8985.6,182.55251551415554,506296.6231024244
NO2_ASTHMA,NO2,Hospital Admissions,Asthma,UNIT_VALUE_ASTHMA_HA,Escenario económico bajo,UNIT_VALUE_ASTHMA_HA_2015_USD_x_0.80,361,34,9,0.0163956611528694,8985.6,147.3248528552233,408595.16665426194
NO2_ASTHMA,NO2,Hospital Admissions,Asthma,UNIT_VALUE_ASTHMA_HA,Escenario económico bajo,UNIT_VALUE_ASTHMA_HA_2015_USD_x_0.80,379,11,10,0.0427039944996386,8985.6,383.72101297595265,1064223.3690178962
NO2_ASTHMA,NO2,Hospital Admissions,Asthma,UNIT_VALUE_ASTHMA_HA,Escenario económico bajo,UNIT_VALUE_ASTHMA_HA_2015_USD_x_0.80,380,12,10,0.0705006616652468,8985.6,633.4907454592416,1756942.2381790243
NO2_ASTHMA,NO2,Hospital Admissions,Asthma,UNIT_VALUE_ASTHMA_HA,Escenario económico bajo,UNIT_VALUE_ASTHMA_HA_2015_USD_x_0.80,381,13,10,0.0704623328106436,8985.6,633.1463377033191,1755987.0473765163
NO2_ASTHMA,NO2,Hospital Admissions,Asthma,UNIT_VALUE_ASTHMA_HA,Escenario económico bajo,UNIT_VALUE_ASTHMA_HA_2015_USD_x_0.80,382,14,10,0.0689401973052594,8985.6,619.4690369061389,1718054.0110265927
NO2_ASTHMA,NO2,Hospital Admissions,Asthma,UNIT_VALUE_ASTHMA_HA,Escenario económico bajo,UNIT_VALUE_ASTHMA_HA_2015_USD_x_0.80,383,15,10,0.0695617630758686,8985.6,625.054178294525,1733544.0097073843
NO2_ASTHMA,NO2,Hospital Admissions,Asthma,UNIT_VALUE_ASTHMA_HA,Escenario económico bajo,UNIT_VALUE_ASTHMA_HA_2015_USD_x_0.80,384,16,10,0.0692918911819418,8985.6,622.6292174044563,1726818.5504260412
NO2_ASTHMA,NO2,Hospital Admissions,Asthma,UNIT_VALUE_ASTHMA_HA,Escenario económico bajo,UNIT_VALUE_ASTHMA_HA_2015_USD_x_0.80,385,17,10,0.0690879902787899,8985.6,620.7970454490945,1721737.1497598821
NO2_ASTHMA,NO2,Hospital Admissions,Asthma,UNIT_VALUE_ASTHMA_HA,Escenario económico bajo,UNIT_VALUE_ASTHMA_HA_2015_USD_x_0.80,386,18,10,0.0690064490480947,8985.6,620.0643485665598,1719705.066244954
NO2_ASTHMA,NO2,Hospital Admissions,Asthma,UNIT_VALUE_ASTHMA_HA,Escenario económico bajo,UNIT_VALUE_ASTHMA_HA_2015_USD_x_0.80,387,19,10,0.0685778948641539,8985.6,616.2135320913413,1709025.0963080886
NO2_ASTHMA,NO2,Hospital Admissions,Asthma,UNIT_VALUE_ASTHMA_HA,Escenario económico bajo,UNIT_VALUE_ASTHMA_HA_2015_USD_x_0.80,388,20,10,0.0682258934655516,8985.6,613.0505883240604,1700252.8931755987
NO2_ASTHMA,NO2,Hospital Admissions,Asthma,UNIT_VALUE_ASTHMA_HA,Escenario económico bajo,UNIT_VALUE_ASTHMA_HA_2015_USD_x_0.80,389,21,10,0.0688627696373095,8985.6,618.7733028530083,1716124.4413316187
NO2_ASTHMA,NO2,Hospital Admissions,Asthma,UNIT_VALUE_ASTHMA_HA,Escenario económico bajo,UNIT_VALUE_ASTHMA_HA_2015_USD_x_0.80,390,22,10,0.0692314992527768,8985.6,622.0865596857512,1725313.527229253
NO2_ASTHMA,NO2,Hospital Admissions,Asthma,UNIT_VALUE_ASTHMA_HA,Escenario económico bajo,UNIT_VALUE_ASTHMA_HA_2015_USD_x_0.80,391,23,10,0.0687640273412767,8985.6,617.886044077776,1713663.691226626
NO2_ASTHMA,NO2,Hospital Admissions,Asthma,UNIT_VALUE_ASTHMA_HA,Escenario económico bajo,UNIT_VALUE_ASTHMA_HA_2015_USD_x_0.80,392,24,10,0.0695282403634284,8985.6,624.7529566096223,1732708.5924498246
NO2_ASTHMA,NO2,Hospital Admissions,Asthma,UNIT_VALUE_ASTHMA_HA,Escenario económico bajo,UNIT_VALUE_ASTHMA_HA_2015_USD_x_0.80,393,25,10,0.070094940201418,8985.6,629.8450946738616,1746831.2809213279
NO2_ASTHMA,NO2,Hospital Admissions,Asthma,UNIT_VALUE_ASTHMA_HA,Escenario económico bajo,UNIT_VALUE_ASTHMA_HA_2015_USD_x_0.80,394,26,10,0.0514112943112221,8985.6,461.9613261629173,1281217.4008200197
NO2_ASTHMA,NO2,Hospital Admissions,Asthma,UNIT_VALUE_ASTHMA_HA,Escenario económico bajo,UNIT_VALUE_ASTHMA_HA_2015_USD_x_0.80,395,27,10,0.0233280087620396,8985.6,209.61615553218303,581355.7342376224
NO2_ASTHMA,NO2,Hospital Admissions,Asthma,UNIT_VALUE_ASTHMA_HA,Escenario económico bajo,UNIT_VALUE_ASTHMA_HA_2015_USD_x_0.80,396,28,10,0.0056016350331439,8985.6,50.334051753817825,139597.96915559095
NO2_ASTHMA,NO2,Hospital Admissions,Asthma,UNIT_VALUE_ASTHMA_HA,Escenario económico bajo,UNIT_VALUE_ASTHMA_HA_2015_USD_x_0.80,397,29,10,0.002039141813018,8985.6,18.322912675054543,50817.315700376515
NO2_ASTHMA,NO2,Hospital Admissions,Asthma,UNIT_VALUE_ASTHMA_HA,Escenario económico bajo,UNIT_VALUE_ASTHMA_HA_2015_USD_x_0.80,398,30,10,0.0078581453580104,8985.6,70.61015092893825,195832.3108908452
NO2_ASTHMA,NO2,Hospital Admissions,Asthma,UNIT_VALUE_ASTHMA_HA,Escenario económico bajo,UNIT_VALUE_ASTHMA_HA_2015_USD_x_0.80,400,32,10,0.0053492345715804,8985.6,48.06608216639284,133307.9142627389
NO2_ASTHMA,NO2,Hospital Admissions,Asthma,UNIT_VALUE_ASTHMA_HA,Escenario económico bajo,UNIT_VALUE_ASTHMA_HA_2015_USD_x_0.80,401,33,10,0.0657152698285748,8985.6,590.4911285716418,1637685.8107144483
NO2_ASTHMA,NO2,Hospital Admissions,Asthma,UNIT_VALUE_ASTHMA_HA,Escenario económico bajo,UNIT_VALUE_ASTHMA_HA_2015_USD_x_0.80,402,34,10,0.0606199520218317,8985.6,544.706640887371,1510705.7390362613
NO2_ASTHMA,NO2,Hospital Admissions,Asthma,UNIT_VALUE_ASTHMA_HA,Escenario económico bajo,UNIT_VALUE_ASTHMA_HA_2015_USD_x_0.80,403,35,10,0.0005463974280989,8985.6,4.909708729925476,13616.733482837211
NO2_ASTHMA,NO2,Hospital Admissions,Asthma,UNIT_VALUE_ASTHMA_HA,Escenario económico bajo,UNIT_VALUE_ASTHMA_HA_2015_USD_x_0.80,420,11,11,0.0358320061402186,8985.6,321.97207437354825,892967.0102298299
NO2_ASTHMA,NO2,Hospital Admissions,Asthma,UNIT_VALUE_ASTHMA_HA,Escenario económico bajo,UNIT_VALUE_ASTHMA_HA_2015_USD_x_0.80,421,12,11,0.0689982981385406,8985.6,619.9911077536703,1719501.9379772618
NO2_ASTHMA,NO2,Hospital Admissions,Asthma,UNIT_VALUE_ASTHMA_HA,Escenario económico bajo,UNIT_VALUE_ASTHMA_HA_2015_USD_x_0.80,422,13,11,0.0714062980486905,8985.6,641.6284317463134,1779511.5414581778
NO2_ASTHMA,NO2,Hospital Admissions,Asthma,UNIT_VALUE_ASTHMA_HA,Escenario económico bajo,UNIT_VALUE_ASTHMA_HA_2015_USD_x_0.80,423,14,11,0.069745046014976,8985.6,626.7010854721683,1738111.5914810756
NO2_ASTHMA,NO2,Hospital Admissions,Asthma,UNIT_VALUE_ASTHMA_HA,Escenario económico bajo,UNIT_VALUE_ASTHMA_HA_2015_USD_x_0.80,424,15,11,0.0692891615908554,8985.6,622.6046903907902,1726750.5264705291
NO2_ASTHMA,NO2,Hospital Admissions,Asthma,UNIT_VALUE_ASTHMA_HA,Escenario económico bajo,UNIT_VALUE_ASTHMA_HA_2015_USD_x_0.80,425,16,11,0.0694067878274081,8985.6,623.6616327019582,1729681.8819845917
NO2_ASTHMA,NO2,Hospital Admissions,Asthma,UNIT_VALUE_ASTHMA_HA,Escenario económico bajo,UNIT_VALUE_ASTHMA_HA_2015_USD_x_0.80,426,17,11,0.0692880498549208,8985.6,622.5947007763764,1726722.8209742254
NO2_ASTHMA,NO2,Hospital Admissions,Asthma,UNIT_VALUE_ASTHMA_HA,Escenario económico bajo,UNIT_VALUE_ASTHMA_HA_2015_USD_x_0.80,427,18,11,0.0705402232840435,8985.6,633.8462303411013,1757928.1506149205
NO2_ASTHMA,NO2,Hospital Admissions,Asthma,UNIT_VALUE_ASTHMA_HA,Escenario económico bajo,UNIT_VALUE_ASTHMA_HA_2015_USD_x_0.80,428,19,11,0.0709577977483371,8985.6,637.5983874474579,1768334.4956984029
NO2_ASTHMA,NO2,Hospital Admissions,Asthma,UNIT_VALUE_ASTHMA_HA,Escenario económico bajo,UNIT_VALUE_ASTHMA_HA_2015_USD_x_0.80,429,20,11,0.0678047592234462,8985.6,609.2664444781982,1689757.8351091691
NO2_ASTHMA,NO2,Hospital Admissions,Asthma,UNIT_VALUE_ASTHMA_HA,Escenario económico bajo,UNIT_VALUE_ASTHMA_HA_2015_USD_x_0.80,430,21,11,0.0700008961692005,8985.6,629.000052617968,1744487.6159322509
NO2_ASTHMA,NO2,Hospital Admissions,Asthma,UNIT_VALUE_ASTHMA_HA,Escenario económico bajo,UNIT_VALUE_ASTHMA_HA_2015_USD_x_0.80,431,22,11,0.0675808814861619,8985.6,607.2547686820564,1684178.5931058754
NO2_ASTHMA,NO2,Hospital Admissions,Asthma,UNIT_VALUE_ASTHMA_HA,Escenario económico bajo,UNIT_VALUE_ASTHMA_HA_2015_USD_x_0.80,432,23,11,0.0698915505703143,8985.6,628.0175168046162,1741762.6216314267
NO2_ASTHMA,NO2,Hospital Admissions,Asthma,UNIT_VALUE_ASTHMA_HA,Escenario económico bajo,UNIT_VALUE_ASTHMA_HA_2015_USD_x_0.80,433,24,11,0.0688572061631753,8985.6,618.723311699828,1715985.7943676538
NO2_ASTHMA,NO2,Hospital Admissions,Asthma,UNIT_VALUE_ASTHMA_HA,Escenario económico bajo,UNIT_VALUE_ASTHMA_HA_2015_USD_x_0.80,434,25,11,0.0678086052014646,8985.6,609.3010028982803,1689853.6804681774
NO2_ASTHMA,NO2,Hospital Admissions,Asthma,UNIT_VALUE_ASTHMA_HA,Escenario económico bajo,UNIT_VALUE_ASTHMA_HA_2015_USD_x_0.80,435,26,11,0.0701786647105857,8985.6,630.5974096234389,1748917.7737719342
NO2_ASTHMA,NO2,Hospital Admissions,Asthma,UNIT_VALUE_ASTHMA_HA,Escenario económico bajo,UNIT_VALUE_ASTHMA_HA_2015_USD_x_0.80,436,27,11,0.0708059990035906,8985.6,636.2343846466637,1764551.5294105962
NO2_ASTHMA,NO2,Hospital Admissions,Asthma,UNIT_VALUE_ASTHMA_HA,Escenario económico bajo,UNIT_VALUE_ASTHMA_HA_2015_USD_x_0.80,437,28,11,0.0718907394251123,8985.6,645.9814281782891,1791584.2723525122
NO2_ASTHMA,NO2,Hospital Admissions,Asthma,UNIT_VALUE_ASTHMA_HA,Escenario económico bajo,UNIT_VALUE_ASTHMA_HA_2015_USD_x_0.80,438,29,11,0.0663032224326426,8985.6,595.7742354907533,1652338.13793712
NO2_ASTHMA,NO2,Hospital Admissions,Asthma,UNIT_VALUE_ASTHMA_HA,Escenario económico bajo,UNIT_VALUE_ASTHMA_HA_2015_USD_x_0.80,439,30,11,0.0664855612691242,8985.6,597.4126593398424,1656882.191792899
NO2_ASTHMA,NO2,Hospital Admissions,Asthma,UNIT_VALUE_ASTHMA_HA,Escenario económico bajo,UNIT_VALUE_ASTHMA_HA_2015_USD_x_0.80,440,31,11,0.0619401539560413,8985.6,556.5694473874047,1543606.4024676497
NO2_ASTHMA,NO2,Hospital Admissions,Asthma,UNIT_VALUE_ASTHMA_HA,Escenario económico bajo,UNIT_VALUE_ASTHMA_HA_2015_USD_x_0.80,441,32,11,0.0641882785906279,8985.6,576.7701961039461,1599631.7649805672
NO2_ASTHMA,NO2,Hospital Admissions,Asthma,UNIT_VALUE_ASTHMA_HA,Escenario económico bajo,UNIT_VALUE_ASTHMA_HA_2015_USD_x_0.80,442,33,11,0.0938758672886851,8985.6,843.5309931092089,2339474.162218873
NO2_ASTHMA,NO2,Hospital Admissions,Asthma,UNIT_VALUE_ASTHMA_HA,Escenario económico bajo,UNIT_VALUE_ASTHMA_HA_2015_USD_x_0.80,443,34,11,0.0691603126884518,8985.6,621.4469056933525,1723539.4916571146
NO2_ASTHMA,NO2,Hospital Admissions,Asthma,UNIT_VALUE_ASTHMA_HA,Escenario económico bajo,UNIT_VALUE_ASTHMA_HA_2015_USD_x_0.80,444,35,11,0.0349817239447363,8985.6,314.3317786778225,871777.1849384332
NO2_ASTHMA,NO2,Hospital Admissions,Asthma,UNIT_VALUE_ASTHMA_HA,Escenario económico bajo,UNIT_VALUE_ASTHMA_HA_2015_USD_x_0.80,445,36,11,0.045580306517837,8985.6,409.5664022466762,1135903.7469829991
NO2_ASTHMA,NO2,Hospital Admissions,Asthma,UNIT_VALUE_ASTHMA_HA,Escenario económico bajo,UNIT_VALUE_ASTHMA_HA_2015_USD_x_0.80,446,37,11,0.0061883609693538,8985.6,55.60613632622551,154219.7266712436
NO2_ASTHMA,NO2,Hospital Admissions,Asthma,UNIT_VALUE_ASTHMA_HA,Escenario económico bajo,UNIT_VALUE_ASTHMA_HA_2015_USD_x_0.80,461,11,12,0.0182772021164826,8985.6,164.23162733786606,455484.92220765783
NO2_ASTHMA,NO2,Hospital Admissions,Asthma,UNIT_VALUE_ASTHMA_HA,Escenario económico bajo,UNIT_VALUE_ASTHMA_HA_2015_USD_x_0.80,462,12,12,0.0595875193038655,8985.6,535.4296134568139,1484976.5528495312
NO2_ASTHMA,NO2,Hospital Admissions,Asthma,UNIT_VALUE_ASTHMA_HA,Escenario económico bajo,UNIT_VALUE_ASTHMA_HA_2015_USD_x_0.80,463,13,12,0.0629000524231744,8985.6,565.1947110536759,1567527.9674775961
NO2_ASTHMA,NO2,Hospital Admissions,Asthma,UNIT_VALUE_ASTHMA_HA,Escenario económico bajo,UNIT_VALUE_ASTHMA_HA_2015_USD_x_0.80,464,14,12,0.0655589871265879,8985.6,589.0868347246683,1633791.1000304366
NO2_ASTHMA,NO2,Hospital Admissions,Asthma,UNIT_VALUE_ASTHMA_HA,Escenario económico bajo,UNIT_VALUE_ASTHMA_HA_2015_USD_x_0.80,465,15,12,0.0676434881706765,8985.6,607.8173273064308,1685738.8100714742
NO2_ASTHMA,NO2,Hospital Admissions,Asthma,UNIT_VALUE_ASTHMA_HA,Escenario económico bajo,UNIT_VALUE_ASTHMA_HA_2015_USD_x_0.80,466,16,12,0.0695302365653322,8985.6,624.7708936814491,1732758.3396629414
NO2_ASTHMA,NO2,Hospital Admissions,Asthma,UNIT_VALUE_ASTHMA_HA,Escenario económico bajo,UNIT_VALUE_ASTHMA_HA_2015_USD_x_0.80,467,17,12,0.0695200353219151,8985.6,624.6792293886003,1732504.1151632257
NO2_ASTHMA,NO2,Hospital Admissions,Asthma,UNIT_VALUE_ASTHMA_HA,Escenario económico bajo,UNIT_VALUE_ASTHMA_HA_2015_USD_x_0.80,468,18,12,0.0461125428370945,8985.6,414.3488649169963,1149167.572426745
NO2_ASTHMA,NO2,Hospital Admissions,Asthma,UNIT_VALUE_ASTHMA_HA,Escenario económico bajo,UNIT_VALUE_ASTHMA_HA_2015_USD_x_0.80,469,19,12,0.0296389706408512,8985.6,266.32393459043254,738630.7899111432
NO2_ASTHMA,NO2,Hospital Admissions,Asthma,UNIT_VALUE_ASTHMA_HA,Escenario económico bajo,UNIT_VALUE_ASTHMA_HA_2015_USD_x_0.80,470,20,12,0.0119469108061611,8985.6,107.35016173984118,297728.15907412773
NO2_ASTHMA,NO2,Hospital Admissions,Asthma,UNIT_VALUE_ASTHMA_HA,Escenario económico bajo,UNIT_VALUE_ASTHMA_HA_2015_USD_x_0.80,471,21,12,0.0438483829286325,8985.6,394.00402964352025,1092742.5959342283
NO2_ASTHMA,NO2,Hospital Admissions,Asthma,UNIT_VALUE_ASTHMA_HA,Escenario económico bajo,UNIT_VALUE_ASTHMA_HA_2015_USD_x_0.80,472,22,12,0.0675609908601968,8985.6,607.0760394733844,1683682.9001566684
NO2_ASTHMA,NO2,Hospital Admissions,Asthma,UNIT_VALUE_ASTHMA_HA,Escenario económico bajo,UNIT_VALUE_ASTHMA_HA_2015_USD_x_0.80,473,23,12,0.0711136591602567,8985.6,638.9988957504027,1772218.7074410392
NO2_ASTHMA,NO2,Hospital Admissions,Asthma,UNIT_VALUE_ASTHMA_HA,Escenario económico bajo,UNIT_VALUE_ASTHMA_HA_2015_USD_x_0.80,474,24,12,0.0682715343014366,8985.6,613.4606986189888,1701390.305370862
NO2_ASTHMA,NO2,Hospital Admissions,Asthma,UNIT_VALUE_ASTHMA_HA,Escenario económico bajo,UNIT_VALUE_ASTHMA_HA_2015_USD_x_0.80,475,25,12,0.0687431764063049,8985.6,617.6986859164933,1713144.06648138
NO2_ASTHMA,NO2,Hospital Admissions,Asthma,UNIT_VALUE_ASTHMA_HA,Escenario económico bajo,UNIT_VALUE_ASTHMA_HA_2015_USD_x_0.80,476,26,12,0.0713844992833204,8985.6,641.4325567602039,1778968.2958954521
NO2_ASTHMA,NO2,Hospital Admissions,Asthma,UNIT_VALUE_ASTHMA_HA,Escenario económico bajo,UNIT_VALUE_ASTHMA_HA_2015_USD_x_0.80,477,27,12,0.0737990962739509,8985.6,663.1291594792132,1839142.304774434
NO2_ASTHMA,NO2,Hospital Admissions,Asthma,UNIT_VALUE_ASTHMA_HA,Escenario económico bajo,UNIT_VALUE_ASTHMA_HA_2015_USD_x_0.80,478,28,12,0.0702381066028761,8985.6,631.1315306908035,1750399.121163795
NO2_ASTHMA,NO2,Hospital Admissions,Asthma,UNIT_VALUE_ASTHMA_HA,Escenario económico bajo,UNIT_VALUE_ASTHMA_HA_2015_USD_x_0.80,479,29,12,0.0717989072495115,8985.6,645.1562609812106,1789295.728893119
NO2_ASTHMA,NO2,Hospital Admissions,Asthma,UNIT_VALUE_ASTHMA_HA,Escenario económico bajo,UNIT_VALUE_ASTHMA_HA_2015_USD_x_0.80,480,30,12,0.0709586731538838,8985.6,637.6062534915383,1768356.3116210368
NO2_ASTHMA,NO2,Hospital Admissions,Asthma,UNIT_VALUE_ASTHMA_HA,Escenario económico bajo,UNIT_VALUE_ASTHMA_HA_2015_USD_x_0.80,481,31,12,0.0652974352364764,8985.6,586.7366340608824,1627272.983003473
NO2_ASTHMA,NO2,Hospital Admissions,Asthma,UNIT_VALUE_ASTHMA_HA,Escenario económico bajo,UNIT_VALUE_ASTHMA_HA_2015_USD_x_0.80,482,32,12,0.0540303363641592,8985.6,485.4949904337889,1346486.3713187831
NO2_ASTHMA,NO2,Hospital Admissions,Asthma,UNIT_VALUE_ASTHMA_HA,Escenario económico bajo,UNIT_VALUE_ASTHMA_HA_2015_USD_x_0.80,483,33,12,0.0745846795640464,8985.6,670.1880966906953,1858719.7730048748
NO2_ASTHMA,NO2,Hospital Admissions,Asthma,UNIT_VALUE_ASTHMA_HA,Escenario económico bajo,UNIT_VALUE_ASTHMA_HA_2015_USD_x_0.80,484,34,12,0.0736716943833661,8985.6,661.9843770511744,1835967.3308450386
NO2_ASTHMA,NO2,Hospital Admissions,Asthma,UNIT_VALUE_ASTHMA_HA,Escenario económico bajo,UNIT_VALUE_ASTHMA_HA_2015_USD_x_0.80,485,35,12,0.0955772874416735,8985.6,858.8192740359015,2381875.13918939
NO2_ASTHMA,NO2,Hospital Admissions,Asthma,UNIT_VALUE_ASTHMA_HA,Escenario económico bajo,UNIT_VALUE_ASTHMA_HA_2015_USD_x_0.80,486,36,12,0.0739025038514602,8985.6,664.0583386076809,1841719.3180447002
NO2_ASTHMA,NO2,Hospital Admissions,Asthma,UNIT_VALUE_ASTHMA_HA,Escenario económico bajo,UNIT_VALUE_ASTHMA_HA_2015_USD_x_0.80,487,37,12,0.0534808430806269,8985.6,480.5574635852811,1332792.4862313261
NO2_ASTHMA,NO2,Hospital Admissions,Asthma,UNIT_VALUE_ASTHMA_HA,Escenario económico bajo,UNIT_VALUE_ASTHMA_HA_2015_USD_x_0.80,488,38,12,0.006301148261913,8985.6,56.61959782224546,157030.49118815022
NO2_ASTHMA,NO2,Hospital Admissions,Asthma,UNIT_VALUE_ASTHMA_HA,Escenario económico bajo,UNIT_VALUE_ASTHMA_HA_2015_USD_x_0.80,503,12,13,8.615789331612163e-05,8985.6,0.7741803661813426,2147.135052978321
NO2_ASTHMA,NO2,Hospital Admissions,Asthma,UNIT_VALUE_ASTHMA_HA,Escenario económico bajo,UNIT_VALUE_ASTHMA_HA_2015_USD_x_0.80,504,13,13,0.0004635390297886,8985.6,4.165176306068444,11551.824922539405
NO2_ASTHMA,NO2,Hospital Admissions,Asthma,UNIT_VALUE_ASTHMA_HA,Escenario económico bajo,UNIT_VALUE_ASTHMA_HA_2015_USD_x_0.80,505,14,13,0.0241073970323489,8985.6,216.6194267738743,600778.8167974661
NO2_ASTHMA,NO2,Hospital Admissions,Asthma,UNIT_VALUE_ASTHMA_HA,Escenario económico bajo,UNIT_VALUE_ASTHMA_HA_2015_USD_x_0.80,506,15,13,0.0564375672728657,8985.6,507.1254044870621,1406476.8105665524
NO2_ASTHMA,NO2,Hospital Admissions,Asthma,UNIT_VALUE_ASTHMA_HA,Escenario económico bajo,UNIT_VALUE_ASTHMA_HA_2015_USD_x_0.80,507,16,13,0.0294162444205562,8985.6,264.3226058653498,733080.244785137
NO2_ASTHMA,NO2,Hospital Admissions,Asthma,UNIT_VALUE_ASTHMA_HA,Escenario económico bajo,UNIT_VALUE_ASTHMA_HA_2015_USD_x_0.80,508,17,13,0.025331183063055,8985.6,227.615878531387,631276.7059953046
NO2_ASTHMA,NO2,Hospital Admissions,Asthma,UNIT_VALUE_ASTHMA_HA,Escenario económico bajo,UNIT_VALUE_ASTHMA_HA_2015_USD_x_0.80,509,18,13,0.0003392339003753,8985.6,3.0482201352122957,8454.025169601837
NO2_ASTHMA,NO2,Hospital Admissions,Asthma,UNIT_VALUE_ASTHMA_HA,Escenario económico bajo,UNIT_VALUE_ASTHMA_HA_2015_USD_x_0.80,513,22,13,0.0234841916204147,8985.6,211.01955222439835,585247.9567257131
NO2_ASTHMA,NO2,Hospital Admissions,Asthma,UNIT_VALUE_ASTHMA_HA,Escenario económico bajo,UNIT_VALUE_ASTHMA_HA_2015_USD_x_0.80,514,23,13,0.0632423736663844,8985.6,568.2706728166637,1576058.9321099196
NO2_ASTHMA,NO2,Hospital Admissions,Asthma,UNIT_VALUE_ASTHMA_HA,Escenario económico bajo,UNIT_VALUE_ASTHMA_HA_2015_USD_x_0.80,515,24,13,0.0665861141555859,8985.6,598.3161873564326,1659388.0634999508
NO2_ASTHMA,NO2,Hospital Admissions,Asthma,UNIT_VALUE_ASTHMA_HA,Escenario económico bajo,UNIT_VALUE_ASTHMA_HA_2015_USD_x_0.80,516,25,13,0.0323206769728982,8985.6,290.42067500767405,805461.4126865334
NO2_ASTHMA,NO2,Hospital Admissions,Asthma,UNIT_VALUE_ASTHMA_HA,Escenario económico bajo,UNIT_VALUE_ASTHMA_HA_2015_USD_x_0.80,517,26,13,0.0338711969536749,8985.6,304.3530273469412,844101.8166348271
NO2_ASTHMA,NO2,Hospital Admissions,Asthma,UNIT_VALUE_ASTHMA_HA,Escenario económico bajo,UNIT_VALUE_ASTHMA_HA_2015_USD_x_0.80,518,27,13,0.0557619576093521,8985.6,501.05464629459425,1389639.9876728165
NO2_ASTHMA,NO2,Hospital Admissions,Asthma,UNIT_VALUE_ASTHMA_HA,Escenario económico bajo,UNIT_VALUE_ASTHMA_HA_2015_USD_x_0.80,519,28,13,0.0696714048683563,8985.6,626.0393755851023,1736276.3854289902
NO2_ASTHMA,NO2,Hospital Admissions,Asthma,UNIT_VALUE_ASTHMA_HA,Escenario económico bajo,UNIT_VALUE_ASTHMA_HA_2015_USD_x_0.80,520,29,13,0.0700622581533622,8985.6,629.5514268628514,1746016.8138042379
NO2_ASTHMA,NO2,Hospital Admissions,Asthma,UNIT_VALUE_ASTHMA_HA,Escenario económico bajo,UNIT_VALUE_ASTHMA_HA_2015_USD_x_0.80,521,30,13,0.0728122387794133,8985.6,654.2616527762962,1814548.895659363
NO2_ASTHMA,NO2,Hospital Admissions,Asthma,UNIT_VALUE_ASTHMA_HA,Escenario económico bajo,UNIT_VALUE_ASTHMA_HA_2015_USD_x_0.80,522,31,13,0.0694762109209988,8985.6,624.2854408517269,1731411.970221405
NO2_ASTHMA,NO2,Hospital Admissions,Asthma,UNIT_VALUE_ASTHMA_HA,Escenario económico bajo,UNIT_VALUE_ASTHMA_HA_2015_USD_x_0.80,523,32,13,0.0736817235363323,8985.6,662.0744950080675,1836217.2666902246
NO2_ASTHMA,NO2,Hospital Admissions,Asthma,UNIT_VALUE_ASTHMA_HA,Escenario económico bajo,UNIT_VALUE_ASTHMA_HA_2015_USD_x_0.80,524,33,13,0.0771237410756144,8985.6,693.0030878090407,1921995.5538222278
NO2_ASTHMA,NO2,Hospital Admissions,Asthma,UNIT_VALUE_ASTHMA_HA,Escenario económico bajo,UNIT_VALUE_ASTHMA_HA_2015_USD_x_0.80,525,34,13,0.095207073858749,8985.6,855.4926828651751,2372649.0714387624
NO2_ASTHMA,NO2,Hospital Admissions,Asthma,UNIT_VALUE_ASTHMA_HA,Escenario económico bajo,UNIT_VALUE_ASTHMA_HA_2015_USD_x_0.80,526,35,13,0.0658622086519094,8985.6,591.8114620625972,1641347.663228269
NO2_ASTHMA,NO2,Hospital Admissions,Asthma,UNIT_VALUE_ASTHMA_HA,Escenario económico bajo,UNIT_VALUE_ASTHMA_HA_2015_USD_x_0.80,527,36,13,0.0689665024248517,8985.6,619.7054041887474,1718709.5591391975
NO2_ASTHMA,NO2,Hospital Admissions,Asthma,UNIT_VALUE_ASTHMA_HA,Escenario económico bajo,UNIT_VALUE_ASTHMA_HA_2015_USD_x_0.80,528,37,13,0.0689358314564805,8985.6,619.4298071353512,1717945.210003397
NO2_ASTHMA,NO2,Hospital Admissions,Asthma,UNIT_VALUE_ASTHMA_HA,Escenario económico bajo,UNIT_VALUE_ASTHMA_HA_2015_USD_x_0.80,529,38,13,0.0656705265404231,8985.6,590.0890832816259,1636570.7662457596
NO2_ASTHMA,NO2,Hospital Admissions,Asthma,UNIT_VALUE_ASTHMA_HA,Escenario económico bajo,UNIT_VALUE_ASTHMA_HA_2015_USD_x_0.80,530,39,13,0.0423951264690435,8985.6,380.94564840023725,1056526.08964267
NO2_ASTHMA,NO2,Hospital Admissions,Asthma,UNIT_VALUE_ASTHMA_HA,Escenario económico bajo,UNIT_VALUE_ASTHMA_HA_2015_USD_x_0.80,531,40,13,0.0070530113816744,8985.6,63.37553907117349,175767.6213261647
NO2_ASTHMA,NO2,Hospital Admissions,Asthma,UNIT_VALUE_ASTHMA_HA,Escenario económico bajo,UNIT_VALUE_ASTHMA_HA_2015_USD_x_0.80,546,14,14,2.587222072244514e-05,8985.6,0.23247742652360304,644.7598690433564
NO2_ASTHMA,NO2,Hospital Admissions,Asthma,UNIT_VALUE_ASTHMA_HA,Escenario económico bajo,UNIT_VALUE_ASTHMA_HA_2015_USD_x_0.80,547,15,14,0.0040068908721626,8985.6,36.00431862090426,99855.4573927745
NO2_ASTHMA,NO2,Hospital Admissions,Asthma,UNIT_VALUE_ASTHMA_HA,Escenario económico bajo,UNIT_VALUE_ASTHMA_HA_2015_USD_x_0.80,555,23,14,0.0006302692508305,8985.6,5.6633473802625405,15706.897524841537
NO2_ASTHMA,NO2,Hospital Admissions,Asthma,UNIT_VALUE_ASTHMA_HA,Escenario económico bajo,UNIT_VALUE_ASTHMA_HA_2015_USD_x_0.80,556,24,14,0.0051887739647227,8985.6,46.62424733741229,129309.08629299936
NO2_ASTHMA,NO2,Hospital Admissions,Asthma,UNIT_VALUE_ASTHMA_HA,Escenario económico bajo,UNIT_VALUE_ASTHMA_HA_2015_USD_x_0.80,559,27,14,0.0122035199518442,8985.6,109.65594887929124,304123.0983002927
NO2_ASTHMA,NO2,Hospital Admissions,Asthma,UNIT_VALUE_ASTHMA_HA,Escenario económico bajo,UNIT_VALUE_ASTHMA_HA_2015_USD_x_0.80,560,28,14,0.0622708986025557,8985.6,559.5413864831245,1551848.8675138918
NO2_ASTHMA,NO2,Hospital Admissions,Asthma,UNIT_VALUE_ASTHMA_HA,Escenario económico bajo,UNIT_VALUE_ASTHMA_HA_2015_USD_x_0.80,561,29,14,0.0690962450770831,8985.6,620.871219764638,1721942.86703184
NO2_ASTHMA,NO2,Hospital Admissions,Asthma,UNIT_VALUE_ASTHMA_HA,Escenario económico bajo,UNIT_VALUE_ASTHMA_HA_2015_USD_x_0.80,562,30,14,0.0690763753994544,8985.6,620.6926787893375,1721447.696134712
NO2_ASTHMA,NO2,Hospital Admissions,Asthma,UNIT_VALUE_ASTHMA_HA,Escenario económico bajo,UNIT_VALUE_ASTHMA_HA_2015_USD_x_0.80,563,31,14,0.0652854380600225,8985.6,586.6288322321382,1626974.0021775789
NO2_ASTHMA,NO2,Hospital Admissions,Asthma,UNIT_VALUE_ASTHMA_HA,Escenario económico bajo,UNIT_VALUE_ASTHMA_HA_2015_USD_x_0.80,564,32,14,0.0585479557967829,8985.6,526.0885116075725,1459069.6607477898
NO2_ASTHMA,NO2,Hospital Admissions,Asthma,UNIT_VALUE_ASTHMA_HA,Escenario económico bajo,UNIT_VALUE_ASTHMA_HA_2015_USD_x_0.80,565,33,14,0.0736151578851327,8985.6,661.4763626926484,1834558.3885826718
NO2_ASTHMA,NO2,Hospital Admissions,Asthma,UNIT_VALUE_ASTHMA_HA,Escenario económico bajo,UNIT_VALUE_ASTHMA_HA_2015_USD_x_0.80,566,34,14,0.0648252954773198,8985.6,582.4941750410048,1615506.819883974
NO2_ASTHMA,NO2,Hospital Admissions,Asthma,UNIT_VALUE_ASTHMA_HA,Escenario económico bajo,UNIT_VALUE_ASTHMA_HA_2015_USD_x_0.80,567,35,14,0.0630718934852733,8985.6,566.7388061012717,1571810.40700545
NO2_ASTHMA,NO2,Hospital Admissions,Asthma,UNIT_VALUE_ASTHMA_HA,Escenario económico bajo,UNIT_VALUE_ASTHMA_HA_2015_USD_x_0.80,568,36,14,0.0763918364577316,8985.6,686.426485674593,1903755.8081644862
NO2_ASTHMA,NO2,Hospital Admissions,Asthma,UNIT_VALUE_ASTHMA_HA,Escenario económico bajo,UNIT_VALUE_ASTHMA_HA_2015_USD_x_0.80,569,37,14,0.0747505455988532,8985.6,671.6785025330554,1862853.3092802516
NO2_ASTHMA,NO2,Hospital Admissions,Asthma,UNIT_VALUE_ASTHMA_HA,Escenario económico bajo,UNIT_VALUE_ASTHMA_HA_2015_USD_x_0.80,570,38,14,0.0553441830894217,8985.6,497.3006915683076,1379228.6570162913
NO2_ASTHMA,NO2,Hospital Admissions,Asthma,UNIT_VALUE_ASTHMA_HA,Escenario económico bajo,UNIT_VALUE_ASTHMA_HA_2015_USD_x_0.80,571,39,14,0.072271129283684,8985.6,649.399459291471,1801063.9423827443
NO2_ASTHMA,NO2,Hospital Admissions,Asthma,UNIT_VALUE_ASTHMA_HA,Escenario económico bajo,UNIT_VALUE_ASTHMA_HA_2015_USD_x_0.80,572,40,14,0.043335569423578,8985.6,389.3960926125025,1079962.8051342927
NO2_ASTHMA,NO2,Hospital Admissions,Asthma,UNIT_VALUE_ASTHMA_HA,Escenario económico bajo,UNIT_VALUE_ASTHMA_HA_2015_USD_x_0.80,573,41,14,0.0223096415641455,8985.6,200.4655152387858,555977.0739287056
NO2_ASTHMA,NO2,Hospital Admissions,Asthma,UNIT_VALUE_ASTHMA_HA,Escenario económico bajo,UNIT_VALUE_ASTHMA_HA_2015_USD_x_0.80,601,28,15,0.003100253347047,8985.6,27.857636475225522,77261.20472948471
NO2_ASTHMA,NO2,Hospital Admissions,Asthma,UNIT_VALUE_ASTHMA_HA,Escenario económico bajo,UNIT_VALUE_ASTHMA_HA_2015_USD_x_0.80,602,29,15,0.0428485353019731,8985.6,385.0197988094095,1067825.4606119806
NO2_ASTHMA,NO2,Hospital Admissions,Asthma,UNIT_VALUE_ASTHMA_HA,Escenario económico bajo,UNIT_VALUE_ASTHMA_HA_2015_USD_x_0.80,603,30,15,0.0729861855575917,8985.6,655.824668946296,1818883.8115957256
NO2_ASTHMA,NO2,Hospital Admissions,Asthma,UNIT_VALUE_ASTHMA_HA,Escenario económico bajo,UNIT_VALUE_ASTHMA_HA_2015_USD_x_0.80,604,31,15,0.0683948081200913,8985.6,614.5683878438924,1704462.4038978864
NO2_ASTHMA,NO2,Hospital Admissions,Asthma,UNIT_VALUE_ASTHMA_HA,Escenario económico bajo,UNIT_VALUE_ASTHMA_HA_2015_USD_x_0.80,605,32,15,0.0672409728380315,8985.6,604.2004855334159,1675707.7525929415
NO2_ASTHMA,NO2,Hospital Admissions,Asthma,UNIT_VALUE_ASTHMA_HA,Escenario económico bajo,UNIT_VALUE_ASTHMA_HA_2015_USD_x_0.80,606,33,15,0.0687529276717388,8985.6,617.7863068871761,1713387.0771101008
NO2_ASTHMA,NO2,Hospital Admissions,Asthma,UNIT_VALUE_ASTHMA_HA,Escenario económico bajo,UNIT_VALUE_ASTHMA_HA_2015_USD_x_0.80,607,34,15,0.070243490587087,8985.6,631.179909019329,1750533.2950714775
NO2_ASTHMA,NO2,Hospital Admissions,Asthma,UNIT_VALUE_ASTHMA_HA,Escenario económico bajo,UNIT_VALUE_ASTHMA_HA_2015_USD_x_0.80,608,35,15,0.0680066256192777,8985.6,611.0803351645817,1694788.5339555058
NO2_ASTHMA,NO2,Hospital Admissions,Asthma,UNIT_VALUE_ASTHMA_HA,Escenario económico bajo,UNIT_VALUE_ASTHMA_HA_2015_USD_x_0.80,609,36,15,0.0709557002629202,8985.6,637.5795402824957,1768282.224405682
NO2_ASTHMA,NO2,Hospital Admissions,Asthma,UNIT_VALUE_ASTHMA_HA,Escenario económico bajo,UNIT_VALUE_ASTHMA_HA_2015_USD_x_0.80,610,37,15,0.075558122237393,8985.6,678.9350631763185,1882978.872265097
NO2_ASTHMA,NO2,Hospital Admissions,Asthma,UNIT_VALUE_ASTHMA_HA,Escenario económico bajo,UNIT_VALUE_ASTHMA_HA_2015_USD_x_0.80,611,38,15,0.0906327337786032,8985.6,814.389492641017,2258652.2505753757
NO2_ASTHMA,NO2,Hospital Admissions,Asthma,UNIT_VALUE_ASTHMA_HA,Escenario económico bajo,UNIT_VALUE_ASTHMA_HA_2015_USD_x_0.80,612,39,15,0.0660849738825715,8985.6,593.8131413192344,1646899.1805290042
NO2_ASTHMA,NO2,Hospital Admissions,Asthma,UNIT_VALUE_ASTHMA_HA,Escenario económico bajo,UNIT_VALUE_ASTHMA_HA_2015_USD_x_0.80,613,40,15,0.0671016164634416,8985.6,602.9482848939008,1672234.8617732911
NO2_ASTHMA,NO2,Hospital Admissions,Asthma,UNIT_VALUE_ASTHMA_HA,Escenario económico bajo,UNIT_VALUE_ASTHMA_HA_2015_USD_x_0.80,614,41,15,0.03932995180984,8985.6,353.40321498249835,980139.0785289104
NO2_ASTHMA,NO2,Hospital Admissions,Asthma,UNIT_VALUE_ASTHMA_HA,Escenario económico bajo,UNIT_VALUE_ASTHMA_HA_2015_USD_x_0.80,643,29,16,0.001841464064001,8985.6,16.546659493487386,45891.00183902272
NO2_ASTHMA,NO2,Hospital Admissions,Asthma,UNIT_VALUE_ASTHMA_HA,Escenario económico bajo,UNIT_VALUE_ASTHMA_HA_2015_USD_x_0.80,644,30,16,0.0210391760187787,8985.6,189.0496200343379,524315.8876918337
NO2_ASTHMA,NO2,Hospital Admissions,Asthma,UNIT_VALUE_ASTHMA_HA,Escenario económico bajo,UNIT_VALUE_ASTHMA_HA_2015_USD_x_0.80,645,31,16,0.0543436941858804,8985.6,488.31069847664696,1354295.540476087
NO2_ASTHMA,NO2,Hospital Admissions,Asthma,UNIT_VALUE_ASTHMA_HA,Escenario económico bajo,UNIT_VALUE_ASTHMA_HA_2015_USD_x_0.80,646,32,16,0.0709643369674378,8985.6,637.6571462546091,1768497.4591369203
NO2_ASTHMA,NO2,Hospital Admissions,Asthma,UNIT_VALUE_ASTHMA_HA,Escenario económico bajo,UNIT_VALUE_ASTHMA_HA_2015_USD_x_0.80,647,33,16,0.0721735827112633,8985.6,648.5229448103275,1798632.9908253066
NO2_ASTHMA,NO2,Hospital Admissions,Asthma,UNIT_VALUE_ASTHMA_HA,Escenario económico bajo,UNIT_VALUE_ASTHMA_HA_2015_USD_x_0.80,648,34,16,0.0558555375663388,8985.6,501.89551835609393,1391972.0874743415
NO2_ASTHMA,NO2,Hospital Admissions,Asthma,UNIT_VALUE_ASTHMA_HA,Escenario económico bajo,UNIT_VALUE_ASTHMA_HA_2015_USD_x_0.80,649,35,16,0.0606679279913964,8985.6,545.1377337594915,1511901.3449405865
NO2_ASTHMA,NO2,Hospital Admissions,Asthma,UNIT_VALUE_ASTHMA_HA,Escenario económico bajo,UNIT_VALUE_ASTHMA_HA_2015_USD_x_0.80,650,36,16,0.0705914438169923,8985.6,634.3064775619661,1759204.6140646834
NO2_ASTHMA,NO2,Hospital Admissions,Asthma,UNIT_VALUE_ASTHMA_HA,Escenario económico bajo,UNIT_VALUE_ASTHMA_HA_2015_USD_x_0.80,651,37,16,0.0465855539790888,8985.6,418.5991538345003,1160955.451219218
NO2_ASTHMA,NO2,Hospital Admissions,Asthma,UNIT_VALUE_ASTHMA_HA,Escenario económico bajo,UNIT_VALUE_ASTHMA_HA_2015_USD_x_0.80,652,38,16,0.0722124718020135,8985.6,648.8723866241725,1799602.1432350785
NO2_ASTHMA,NO2,Hospital Admissions,Asthma,UNIT_VALUE_ASTHMA_HA,Escenario económico bajo,UNIT_VALUE_ASTHMA_HA_2015_USD_x_0.80,653,39,16,0.0487941057872022,8985.6,438.44431696148405,1215994.6219904886
NO2_ASTHMA,NO2,Hospital Admissions,Asthma,UNIT_VALUE_ASTHMA_HA,Escenario económico bajo,UNIT_VALUE_ASTHMA_HA_2015_USD_x_0.80,654,40,16,0.0678242495682441,8985.6,609.4415769204141,1690243.5526783841
NO2_ASTHMA,NO2,Hospital Admissions,Asthma,UNIT_VALUE_ASTHMA_HA,Escenario económico bajo,UNIT_VALUE_ASTHMA_HA_2015_USD_x_0.80,655,41,16,0.0230438054180004,8985.6,207.0624179639844,574273.1218538532
NO2_ASTHMA,NO2,Hospital Admissions,Asthma,UNIT_VALUE_ASTHMA_HA,Escenario económico bajo,UNIT_VALUE_ASTHMA_HA_2015_USD_x_0.80,686,31,17,0.0135506608392879,8985.6,121.76081803750536,337695.10556975845
NO2_ASTHMA,NO2,Hospital Admissions,Asthma,UNIT_VALUE_ASTHMA_HA,Escenario económico bajo,UNIT_VALUE_ASTHMA_HA_2015_USD_x_0.80,687,32,17,0.0401398082324662,8985.6,360.6802608536483,1000321.4558593337
NO2_ASTHMA,NO2,Hospital Admissions,Asthma,UNIT_VALUE_ASTHMA_HA,Escenario económico bajo,UNIT_VALUE_ASTHMA_HA_2015_USD_x_0.80,688,33,17,0.0643148385047042,8985.6,577.90741286787,1602785.7560701366
NO2_ASTHMA,NO2,Hospital Admissions,Asthma,UNIT_VALUE_ASTHMA_HA,Escenario económico bajo,UNIT_VALUE_ASTHMA_HA_2015_USD_x_0.80,689,34,17,0.0119694980959358,8985.6,107.55312209084073,298291.05540040036
NO2_ASTHMA,NO2,Hospital Admissions,Asthma,UNIT_VALUE_ASTHMA_HA,Escenario económico bajo,UNIT_VALUE_ASTHMA_HA_2015_USD_x_0.80,690,35,17,0.020906451373057,8985.6,187.857009457741,521008.26574038254
NO2_ASTHMA,NO2,Hospital Admissions,Asthma,UNIT_VALUE_ASTHMA_HA,Escenario económico bajo,UNIT_VALUE_ASTHMA_HA_2015_USD_x_0.80,691,36,17,0.0145198644734499,8985.6,130.46969421263142,361848.56402013835
NO2_ASTHMA,NO2,Hospital Admissions,Asthma,UNIT_VALUE_ASTHMA_HA,Escenario económico bajo,UNIT_VALUE_ASTHMA_HA_2015_USD_x_0.80,692,37,17,0.0234030627530177,8985.6,210.29056067351584,583226.149688749
NO2_ASTHMA,NO2,Hospital Admissions,Asthma,UNIT_VALUE_ASTHMA_HA,Escenario económico bajo,UNIT_VALUE_ASTHMA_HA_2015_USD_x_0.80,693,38,17,0.022030534935382,8985.6,197.95757471536848,549021.4764428444
NO2_ASTHMA,NO2,Hospital Admissions,Asthma,UNIT_VALUE_ASTHMA_HA,Escenario económico bajo,UNIT_VALUE_ASTHMA_HA_2015_USD_x_0.80,694,39,17,0.0027072670610125,8985.6,24.32641890343392,67467.61997935074
NO2_ASTHMA,NO2,Hospital Admissions,Asthma,UNIT_VALUE_ASTHMA_HA,Escenario económico bajo,UNIT_VALUE_ASTHMA_HA_2015_USD_x_0.80,695,40,17,0.0287187185024791,8985.6,258.0549169758762,715697.2483884043
NO2_ASTHMA,NO2,Hospital Admissions,Asthma,UNIT_VALUE_ASTHMA_HA,Escenario económico bajo,UNIT_VALUE_ASTHMA_HA_2015_USD_x_0.80,696,41,17,0.0071462408459429,8985.6,64.21326174530452,178090.9865222799
NO2_ASTHMA,NO2,Hospital Admissions,Asthma,UNIT_VALUE_ASTHMA_HA,Escenario económico bajo,UNIT_VALUE_ASTHMA_HA_2015_USD_x_0.80,729,33,18,0.0003619369631836,8985.6,3.252220776382556,9019.806667842671
NO2_ASTHMA,NO2,Hospital Admissions,Asthma,UNIT_VALUE_ASTHMA_HA,Escenario económico bajo,UNIT_VALUE_ASTHMA_HA_2015_USD_x_0.80,730,34,18,0.0012825260976617,8985.6,11.524266503148972,31961.746447828453
NO2_ASTHMA,NO2,Hospital Admissions,Asthma,UNIT_VALUE_ASTHMA_HA,Escenario económico central,UNIT_VALUE_ASTHMA_HA_2015_USD_x_1.00,0,1,1,0.0519391981325674,11232.0,583.381073424997,1617966.5704690893
NO2_ASTHMA,NO2,Hospital Admissions,Asthma,UNIT_VALUE_ASTHMA_HA,Escenario económico central,UNIT_VALUE_ASTHMA_HA_2015_USD_x_1.00,1,2,1,0.0288323741391321,11232.0,323.84522633073175,898162.0660624413
NO2_ASTHMA,NO2,Hospital Admissions,Asthma,UNIT_VALUE_ASTHMA_HA,Escenario económico central,UNIT_VALUE_ASTHMA_HA_2015_USD_x_1.00,2,3,1,0.0005279125002268,11232.0,5.929513202547418,16445.089801341084
NO2_ASTHMA,NO2,Hospital Admissions,Asthma,UNIT_VALUE_ASTHMA_HA,Escenario económico central,UNIT_VALUE_ASTHMA_HA_2015_USD_x_1.00,41,1,2,0.0425711727887762,11232.0,478.1594127635343,1326141.6601407689
NO2_ASTHMA,NO2,Hospital Admissions,Asthma,UNIT_VALUE_ASTHMA_HA,Escenario económico central,UNIT_VALUE_ASTHMA_HA_2015_USD_x_1.00,42,2,2,0.0666288502759448,11232.0,748.375246299412,2075566.359344178
NO2_ASTHMA,NO2,Hospital Admissions,Asthma,UNIT_VALUE_ASTHMA_HA,Escenario económico central,UNIT_VALUE_ASTHMA_HA_2015_USD_x_1.00,43,3,2,0.051455145439375,11232.0,577.94419357506,1602887.7647868786
NO2_ASTHMA,NO2,Hospital Admissions,Asthma,UNIT_VALUE_ASTHMA_HA,Escenario económico central,UNIT_VALUE_ASTHMA_HA_2015_USD_x_1.00,44,4,2,0.0069678141998643,11232.0,78.26248909287581,217055.53512485453
NO2_ASTHMA,NO2,Hospital Admissions,Asthma,UNIT_VALUE_ASTHMA_HA,Escenario económico central,UNIT_VALUE_ASTHMA_HA_2015_USD_x_1.00,82,1,3,0.004799968537945,11232.0,53.913246618198244,149524.61556830956
NO2_ASTHMA,NO2,Hospital Admissions,Asthma,UNIT_VALUE_ASTHMA_HA,Escenario económico central,UNIT_VALUE_ASTHMA_HA_2015_USD_x_1.00,83,2,3,0.0304287731021319,11232.0,341.7759794831455,947891.7547779401
NO2_ASTHMA,NO2,Hospital Admissions,Asthma,UNIT_VALUE_ASTHMA_HA,Escenario económico central,UNIT_VALUE_ASTHMA_HA_2015_USD_x_1.00,84,3,3,0.0682807538397557,11232.0,766.929427128136,2127025.081079986
NO2_ASTHMA,NO2,Hospital Admissions,Asthma,UNIT_VALUE_ASTHMA_HA,Escenario económico central,UNIT_VALUE_ASTHMA_HA_2015_USD_x_1.00,85,4,3,0.0679890345092599,11232.0,763.6528356080072,2117937.6838603155
NO2_ASTHMA,NO2,Hospital Admissions,Asthma,UNIT_VALUE_ASTHMA_HA,Escenario económico central,UNIT_VALUE_ASTHMA_HA_2015_USD_x_1.00,86,5,3,0.0503274116815618,11232.0,565.2774880073022,1567757.543564092
NO2_ASTHMA,NO2,Hospital Admissions,Asthma,UNIT_VALUE_ASTHMA_HA,Escenario económico central,UNIT_VALUE_ASTHMA_HA_2015_USD_x_1.00,87,6,3,0.0171621236117248,11232.0,192.76497240689295,534620.1574224491
NO2_ASTHMA,NO2,Hospital Admissions,Asthma,UNIT_VALUE_ASTHMA_HA,Escenario económico central,UNIT_VALUE_ASTHMA_HA_2015_USD_x_1.00,91,10,3,0.0039764289299275,11232.0,44.66324974094568,123870.39672903097
NO2_ASTHMA,NO2,Hospital Admissions,Asthma,UNIT_VALUE_ASTHMA_HA,Escenario económico central,UNIT_VALUE_ASTHMA_HA_2015_USD_x_1.00,125,3,4,0.0286819392957606,11232.0,322.15554216998305,893475.845320496
NO2_ASTHMA,NO2,Hospital Admissions,Asthma,UNIT_VALUE_ASTHMA_HA,Escenario económico central,UNIT_VALUE_ASTHMA_HA_2015_USD_x_1.00,126,4,4,0.0705927795794735,11232.0,792.8981002366464,2199047.378139322
NO2_ASTHMA,NO2,Hospital Admissions,Asthma,UNIT_VALUE_ASTHMA_HA,Escenario económico central,UNIT_VALUE_ASTHMA_HA_2015_USD_x_1.00,127,5,4,0.0697850754442343,11232.0,783.8259673896397,2173886.4527374483
NO2_ASTHMA,NO2,Hospital Admissions,Asthma,UNIT_VALUE_ASTHMA_HA,Escenario económico central,UNIT_VALUE_ASTHMA_HA_2015_USD_x_1.00,128,6,4,0.0699302639599679,11232.0,785.4567247983595,2178409.244257514
NO2_ASTHMA,NO2,Hospital Admissions,Asthma,UNIT_VALUE_ASTHMA_HA,Escenario económico central,UNIT_VALUE_ASTHMA_HA_2015_USD_x_1.00,129,7,4,0.0544585052258557,11232.0,611.6779306968112,1696445.9233324572
NO2_ASTHMA,NO2,Hospital Admissions,Asthma,UNIT_VALUE_ASTHMA_HA,Escenario económico central,UNIT_VALUE_ASTHMA_HA_2015_USD_x_1.00,130,8,4,0.0384451611024519,11232.0,431.81604950273976,1197611.5861723835
NO2_ASTHMA,NO2,Hospital Admissions,Asthma,UNIT_VALUE_ASTHMA_HA,Escenario económico central,UNIT_VALUE_ASTHMA_HA_2015_USD_x_1.00,131,9,4,0.0389203477794579,11232.0,437.1533462588712,1212414.205114741
NO2_ASTHMA,NO2,Hospital Admissions,Asthma,UNIT_VALUE_ASTHMA_HA,Escenario económico central,UNIT_VALUE_ASTHMA_HA_2015_USD_x_1.00,132,10,4,0.0661136883905421,11232.0,742.5889480025689,2059518.4660587646
NO2_ASTHMA,NO2,Hospital Admissions,Asthma,UNIT_VALUE_ASTHMA_HA,Escenario económico central,UNIT_VALUE_ASTHMA_HA_2015_USD_x_1.00,133,11,4,0.0557103121148935,11232.0,625.7382256744838,1735441.1672323835
NO2_ASTHMA,NO2,Hospital Admissions,Asthma,UNIT_VALUE_ASTHMA_HA,Escenario económico central,UNIT_VALUE_ASTHMA_HA_2015_USD_x_1.00,134,12,4,0.0510982055061876,11232.0,573.9350442454992,1591768.6697617946
NO2_ASTHMA,NO2,Hospital Admissions,Asthma,UNIT_VALUE_ASTHMA_HA,Escenario económico central,UNIT_VALUE_ASTHMA_HA_2015_USD_x_1.00,135,13,4,0.0215710231605144,11232.0,242.2857321388977,671962.518085983
NO2_ASTHMA,NO2,Hospital Admissions,Asthma,UNIT_VALUE_ASTHMA_HA,Escenario económico central,UNIT_VALUE_ASTHMA_HA_2015_USD_x_1.00,136,14,4,0.0046901874438096,11232.0,52.68018536886943,146104.80650758353
NO2_ASTHMA,NO2,Hospital Admissions,Asthma,UNIT_VALUE_ASTHMA_HA,Escenario económico central,UNIT_VALUE_ASTHMA_HA_2015_USD_x_1.00,166,3,5,4.3281033305123946e-05,11232.0,0.48613256608315214,1348.2546427519965
NO2_ASTHMA,NO2,Hospital Admissions,Asthma,UNIT_VALUE_ASTHMA_HA,Escenario económico central,UNIT_VALUE_ASTHMA_HA_2015_USD_x_1.00,167,4,5,0.048125248544674,11232.0,540.5427916537784,1499157.5946563384
NO2_ASTHMA,NO2,Hospital Admissions,Asthma,UNIT_VALUE_ASTHMA_HA,Escenario económico central,UNIT_VALUE_ASTHMA_HA_2015_USD_x_1.00,168,5,5,0.0704810477015147,11232.0,791.6431277834131,2195566.7998883515
NO2_ASTHMA,NO2,Hospital Admissions,Asthma,UNIT_VALUE_ASTHMA_HA,Escenario económico central,UNIT_VALUE_ASTHMA_HA_2015_USD_x_1.00,169,6,5,0.0693796223318781,11232.0,779.2719180316548,2161256.115626532
NO2_ASTHMA,NO2,Hospital Admissions,Asthma,UNIT_VALUE_ASTHMA_HA,Escenario económico central,UNIT_VALUE_ASTHMA_HA_2015_USD_x_1.00,170,7,5,0.0686361450764776,11232.0,770.9211814989964,2138095.932404761
NO2_ASTHMA,NO2,Hospital Admissions,Asthma,UNIT_VALUE_ASTHMA_HA,Escenario económico central,UNIT_VALUE_ASTHMA_HA_2015_USD_x_1.00,171,8,5,0.0706118716079883,11232.0,793.1125419009246,2199642.117084281
NO2_ASTHMA,NO2,Hospital Admissions,Asthma,UNIT_VALUE_ASTHMA_HA,Escenario económico central,UNIT_VALUE_ASTHMA_HA_2015_USD_x_1.00,172,9,5,0.0708813915737925,11232.0,796.1397901568374,2208037.9782146774
NO2_ASTHMA,NO2,Hospital Admissions,Asthma,UNIT_VALUE_ASTHMA_HA,Escenario económico central,UNIT_VALUE_ASTHMA_HA_2015_USD_x_1.00,173,10,5,0.0707293984406468,11232.0,794.4326032853448,2203303.214929674
NO2_ASTHMA,NO2,Hospital Admissions,Asthma,UNIT_VALUE_ASTHMA_HA,Escenario económico central,UNIT_VALUE_ASTHMA_HA_2015_USD_x_1.00,174,11,5,0.0709381040702815,11232.0,796.7767849174019,2209804.6385934697
NO2_ASTHMA,NO2,Hospital Admissions,Asthma,UNIT_VALUE_ASTHMA_HA,Escenario económico central,UNIT_VALUE_ASTHMA_HA_2015_USD_x_1.00,175,12,5,0.0704573609535341,11232.0,791.377078230095,2194828.930075692
NO2_ASTHMA,NO2,Hospital Admissions,Asthma,UNIT_VALUE_ASTHMA_HA,Escenario económico central,UNIT_VALUE_ASTHMA_HA_2015_USD_x_1.00,176,13,5,0.0705452860789677,11232.0,792.3646532389653,2197567.9002325432
NO2_ASTHMA,NO2,Hospital Admissions,Asthma,UNIT_VALUE_ASTHMA_HA,Escenario económico central,UNIT_VALUE_ASTHMA_HA_2015_USD_x_1.00,177,14,5,0.0668313122875865,11232.0,750.6492996141716,2081873.2870289318
NO2_ASTHMA,NO2,Hospital Admissions,Asthma,UNIT_VALUE_ASTHMA_HA,Escenario económico central,UNIT_VALUE_ASTHMA_HA_2015_USD_x_1.00,178,15,5,0.0250478538569103,11232.0,281.3374945208165,780269.8474288681
NO2_ASTHMA,NO2,Hospital Admissions,Asthma,UNIT_VALUE_ASTHMA_HA,Escenario económico central,UNIT_VALUE_ASTHMA_HA_2015_USD_x_1.00,208,4,6,0.0373057683670015,11232.0,419.01839029816085,1162118.1742046282
NO2_ASTHMA,NO2,Hospital Admissions,Asthma,UNIT_VALUE_ASTHMA_HA,Escenario económico central,UNIT_VALUE_ASTHMA_HA_2015_USD_x_1.00,209,5,6,0.0169558961135048,11232.0,190.44862514688592,528195.9304411277
NO2_ASTHMA,NO2,Hospital Admissions,Asthma,UNIT_VALUE_ASTHMA_HA,Escenario económico central,UNIT_VALUE_ASTHMA_HA_2015_USD_x_1.00,210,6,6,0.0218279024759586,11232.0,245.17100060996697,679964.6082217006
NO2_ASTHMA,NO2,Hospital Admissions,Asthma,UNIT_VALUE_ASTHMA_HA,Escenario económico central,UNIT_VALUE_ASTHMA_HA_2015_USD_x_1.00,211,7,6,0.0696458923764449,11232.0,782.2626631722292,2169550.7379217553
NO2_ASTHMA,NO2,Hospital Admissions,Asthma,UNIT_VALUE_ASTHMA_HA,Escenario económico central,UNIT_VALUE_ASTHMA_HA_2015_USD_x_1.00,212,8,6,0.0718271674199872,11232.0,806.7627444612962,2237499.9983712924
NO2_ASTHMA,NO2,Hospital Admissions,Asthma,UNIT_VALUE_ASTHMA_HA,Escenario económico central,UNIT_VALUE_ASTHMA_HA_2015_USD_x_1.00,213,9,6,0.0699398464392209,11232.0,785.5643552053291,2178707.749657116
NO2_ASTHMA,NO2,Hospital Admissions,Asthma,UNIT_VALUE_ASTHMA_HA,Escenario económico central,UNIT_VALUE_ASTHMA_HA_2015_USD_x_1.00,214,10,6,0.068430120979263,11232.0,768.607118839082,2131678.041601875
NO2_ASTHMA,NO2,Hospital Admissions,Asthma,UNIT_VALUE_ASTHMA_HA,Escenario económico central,UNIT_VALUE_ASTHMA_HA_2015_USD_x_1.00,215,11,6,0.0720428550136442,11232.0,809.1853475132516,2244218.9183536773
NO2_ASTHMA,NO2,Hospital Admissions,Asthma,UNIT_VALUE_ASTHMA_HA,Escenario económico central,UNIT_VALUE_ASTHMA_HA_2015_USD_x_1.00,216,12,6,0.0713572136520924,11232.0,801.4842237403018,2222860.390648065
NO2_ASTHMA,NO2,Hospital Admissions,Asthma,UNIT_VALUE_ASTHMA_HA,Escenario económico central,UNIT_VALUE_ASTHMA_HA_2015_USD_x_1.00,217,13,6,0.0698162919942927,11232.0,784.1765916798956,2174858.884662773
NO2_ASTHMA,NO2,Hospital Admissions,Asthma,UNIT_VALUE_ASTHMA_HA,Escenario económico central,UNIT_VALUE_ASTHMA_HA_2015_USD_x_1.00,218,14,6,0.0606273614728221,11232.0,680.9665240627378,1888612.9868313188
NO2_ASTHMA,NO2,Hospital Admissions,Asthma,UNIT_VALUE_ASTHMA_HA,Escenario económico central,UNIT_VALUE_ASTHMA_HA_2015_USD_x_1.00,219,15,6,0.0040588880843606,11232.0,45.58943096353826,126439.09551720592
NO2_ASTHMA,NO2,Hospital Admissions,Asthma,UNIT_VALUE_ASTHMA_HA,Escenario económico central,UNIT_VALUE_ASTHMA_HA_2015_USD_x_1.00,251,6,7,6.315454627610004e-05,11232.0,0.7093518637731556,1967.3377395443829
NO2_ASTHMA,NO2,Hospital Admissions,Asthma,UNIT_VALUE_ASTHMA_HA,Escenario económico central,UNIT_VALUE_ASTHMA_HA_2015_USD_x_1.00,252,7,7,0.0226876304450855,11232.0,254.82746515920033,706746.1366964809
NO2_ASTHMA,NO2,Hospital Admissions,Asthma,UNIT_VALUE_ASTHMA_HA,Escenario económico central,UNIT_VALUE_ASTHMA_HA_2015_USD_x_1.00,253,8,7,0.0601272773655688,11232.0,675.3495793700687,1873034.7839123295
NO2_ASTHMA,NO2,Hospital Admissions,Asthma,UNIT_VALUE_ASTHMA_HA,Escenario económico central,UNIT_VALUE_ASTHMA_HA_2015_USD_x_1.00,254,9,7,0.067371655749618,11232.0,756.7184373797094,2098705.615782007
NO2_ASTHMA,NO2,Hospital Admissions,Asthma,UNIT_VALUE_ASTHMA_HA,Escenario económico central,UNIT_VALUE_ASTHMA_HA_2015_USD_x_1.00,255,10,7,0.0676901340945497,11232.0,760.2955861499822,2108626.587495945
NO2_ASTHMA,NO2,Hospital Admissions,Asthma,UNIT_VALUE_ASTHMA_HA,Escenario económico central,UNIT_VALUE_ASTHMA_HA_2015_USD_x_1.00,256,11,7,0.06860752955994,11232.0,770.5997720172461,2137204.5257057906
NO2_ASTHMA,NO2,Hospital Admissions,Asthma,UNIT_VALUE_ASTHMA_HA,Escenario económico central,UNIT_VALUE_ASTHMA_HA_2015_USD_x_1.00,257,12,7,0.0681522082932947,11232.0,765.4856035502861,2123020.73745447
NO2_ASTHMA,NO2,Hospital Admissions,Asthma,UNIT_VALUE_ASTHMA_HA,Escenario económico central,UNIT_VALUE_ASTHMA_HA_2015_USD_x_1.00,258,13,7,0.0698645794843463,11232.0,784.7189567681776,2176363.0962695666
NO2_ASTHMA,NO2,Hospital Admissions,Asthma,UNIT_VALUE_ASTHMA_HA,Escenario económico central,UNIT_VALUE_ASTHMA_HA_2015_USD_x_1.00,259,14,7,0.0357648308672176,11232.0,401.7105803005881,1114116.17472306
NO2_ASTHMA,NO2,Hospital Admissions,Asthma,UNIT_VALUE_ASTHMA_HA,Escenario económico central,UNIT_VALUE_ASTHMA_HA_2015_USD_x_1.00,294,8,8,0.0081437669796128,11232.0,91.47079071501098,253687.8350927329
NO2_ASTHMA,NO2,Hospital Admissions,Asthma,UNIT_VALUE_ASTHMA_HA,Escenario económico central,UNIT_VALUE_ASTHMA_HA_2015_USD_x_1.00,295,9,8,0.0467355477680829,11232.0,524.9336725311072,1455866.7954079485
NO2_ASTHMA,NO2,Hospital Admissions,Asthma,UNIT_VALUE_ASTHMA_HA,Escenario económico central,UNIT_VALUE_ASTHMA_HA_2015_USD_x_1.00,296,10,8,0.0698753467461475,11232.0,784.8398946527286,2176698.509026717
NO2_ASTHMA,NO2,Hospital Admissions,Asthma,UNIT_VALUE_ASTHMA_HA,Escenario económico central,UNIT_VALUE_ASTHMA_HA_2015_USD_x_1.00,297,11,8,0.0702833993391131,11232.0,789.4231413769182,2189409.822988986
NO2_ASTHMA,NO2,Hospital Admissions,Asthma,UNIT_VALUE_ASTHMA_HA,Escenario económico central,UNIT_VALUE_ASTHMA_HA_2015_USD_x_1.00,298,12,8,0.0724958109847476,11232.0,814.272948980685,2258329.024891501
NO2_ASTHMA,NO2,Hospital Admissions,Asthma,UNIT_VALUE_ASTHMA_HA,Escenario económico central,UNIT_VALUE_ASTHMA_HA_2015_USD_x_1.00,299,13,8,0.0693917065916975,11232.0,779.4076484379462,2161632.554407253
NO2_ASTHMA,NO2,Hospital Admissions,Asthma,UNIT_VALUE_ASTHMA_HA,Escenario económico central,UNIT_VALUE_ASTHMA_HA_2015_USD_x_1.00,300,14,8,0.0511521418653419,11232.0,574.5408574315202,1593448.850226301
NO2_ASTHMA,NO2,Hospital Admissions,Asthma,UNIT_VALUE_ASTHMA_HA,Escenario económico central,UNIT_VALUE_ASTHMA_HA_2015_USD_x_1.00,301,15,8,0.0278250109166152,11232.0,312.53052261542194,866781.5273372896
NO2_ASTHMA,NO2,Hospital Admissions,Asthma,UNIT_VALUE_ASTHMA_HA,Escenario económico central,UNIT_VALUE_ASTHMA_HA_2015_USD_x_1.00,302,16,8,0.0252725437873047,11232.0,283.86121181900637,787269.2006951867
NO2_ASTHMA,NO2,Hospital Admissions,Asthma,UNIT_VALUE_ASTHMA_HA,Escenario económico central,UNIT_VALUE_ASTHMA_HA_2015_USD_x_1.00,303,17,8,0.0198884484811689,11232.0,223.38705334048908,619548.3553461126
NO2_ASTHMA,NO2,Hospital Admissions,Asthma,UNIT_VALUE_ASTHMA_HA,Escenario económico central,UNIT_VALUE_ASTHMA_HA_2015_USD_x_1.00,304,18,8,0.0064708813467943,11232.0,72.68093928719358,201575.4974472813
NO2_ASTHMA,NO2,Hospital Admissions,Asthma,UNIT_VALUE_ASTHMA_HA,Escenario económico central,UNIT_VALUE_ASTHMA_HA_2015_USD_x_1.00,337,10,9,0.0098927982876289,11232.0,111.1159103666478,308172.199288172
NO2_ASTHMA,NO2,Hospital Admissions,Asthma,UNIT_VALUE_ASTHMA_HA,Escenario económico central,UNIT_VALUE_ASTHMA_HA_2015_USD_x_1.00,338,11,9,0.0585734326034323,11232.0,657.8967950017516,1824630.7081617077
NO2_ASTHMA,NO2,Hospital Admissions,Asthma,UNIT_VALUE_ASTHMA_HA,Escenario económico central,UNIT_VALUE_ASTHMA_HA_2015_USD_x_1.00,339,12,9,0.0697472260727931,11232.0,783.4008432496121,2172707.4006937714
NO2_ASTHMA,NO2,Hospital Admissions,Asthma,UNIT_VALUE_ASTHMA_HA,Escenario económico central,UNIT_VALUE_ASTHMA_HA_2015_USD_x_1.00,340,13,9,0.0705640680767688,11232.0,792.5756126382671,2198152.981359349
NO2_ASTHMA,NO2,Hospital Admissions,Asthma,UNIT_VALUE_ASTHMA_HA,Escenario económico central,UNIT_VALUE_ASTHMA_HA_2015_USD_x_1.00,341,14,9,0.0710103638920326,11232.0,797.5884072353101,2212055.616278626
NO2_ASTHMA,NO2,Hospital Admissions,Asthma,UNIT_VALUE_ASTHMA_HA,Escenario económico central,UNIT_VALUE_ASTHMA_HA_2015_USD_x_1.00,342,15,9,0.0695100271806066,11232.0,780.7366252925733,2165318.3786851815
NO2_ASTHMA,NO2,Hospital Admissions,Asthma,UNIT_VALUE_ASTHMA_HA,Escenario económico central,UNIT_VALUE_ASTHMA_HA_2015_USD_x_1.00,343,16,9,0.0701415083502657,11232.0,787.8294217901843,2184989.7532755504
NO2_ASTHMA,NO2,Hospital Admissions,Asthma,UNIT_VALUE_ASTHMA_HA,Escenario económico central,UNIT_VALUE_ASTHMA_HA_2015_USD_x_1.00,344,17,9,0.0689705590164575,11232.0,774.6773188728507,2148513.31648153
NO2_ASTHMA,NO2,Hospital Admissions,Asthma,UNIT_VALUE_ASTHMA_HA,Escenario económico central,UNIT_VALUE_ASTHMA_HA_2015_USD_x_1.00,345,18,9,0.0678560795973353,11232.0,762.1594860372702,2113795.983360346
NO2_ASTHMA,NO2,Hospital Admissions,Asthma,UNIT_VALUE_ASTHMA_HA,Escenario económico central,UNIT_VALUE_ASTHMA_HA_2015_USD_x_1.00,346,19,9,0.026998759909968,11232.0,303.2500713087606,841042.8452698558
NO2_ASTHMA,NO2,Hospital Admissions,Asthma,UNIT_VALUE_ASTHMA_HA,Escenario económico central,UNIT_VALUE_ASTHMA_HA_2015_USD_x_1.00,347,20,9,0.0017083187341436,11232.0,19.187836021900914,53216.12005822065
NO2_ASTHMA,NO2,Hospital Admissions,Asthma,UNIT_VALUE_ASTHMA_HA,Escenario económico central,UNIT_VALUE_ASTHMA_HA_2015_USD_x_1.00,348,21,9,0.0256291590677265,11232.0,287.86671464870403,798378.1824081552
NO2_ASTHMA,NO2,Hospital Admissions,Asthma,UNIT_VALUE_ASTHMA_HA,Escenario económico central,UNIT_VALUE_ASTHMA_HA_2015_USD_x_1.00,349,22,9,0.02379320176036,11232.0,267.24524217236353,741185.9719980982
NO2_ASTHMA,NO2,Hospital Admissions,Asthma,UNIT_VALUE_ASTHMA_HA,Escenario económico central,UNIT_VALUE_ASTHMA_HA_2015_USD_x_1.00,350,23,9,0.0333706933733636,11232.0,374.81962796961994,1039536.0007997829
NO2_ASTHMA,NO2,Hospital Admissions,Asthma,UNIT_VALUE_ASTHMA_HA,Escenario económico central,UNIT_VALUE_ASTHMA_HA_2015_USD_x_1.00,351,24,9,0.0248047059383854,11232.0,278.6064570999448,772695.5063146999
NO2_ASTHMA,NO2,Hospital Admissions,Asthma,UNIT_VALUE_ASTHMA_HA,Escenario económico central,UNIT_VALUE_ASTHMA_HA_2015_USD_x_1.00,352,25,9,0.0095140902056443,11232.0,106.86226118979677,296375.001051618
NO2_ASTHMA,NO2,Hospital Admissions,Asthma,UNIT_VALUE_ASTHMA_HA,Escenario económico central,UNIT_VALUE_ASTHMA_HA_2015_USD_x_1.00,353,26,9,2.401393071233633e-05,11232.0,0.26972446976096165,748.0619361691438
NO2_ASTHMA,NO2,Hospital Admissions,Asthma,UNIT_VALUE_ASTHMA_HA,Escenario económico central,UNIT_VALUE_ASTHMA_HA_2015_USD_x_1.00,360,33,9,0.0203161186247057,11232.0,228.19064439269445,632870.7788780305
NO2_ASTHMA,NO2,Hospital Admissions,Asthma,UNIT_VALUE_ASTHMA_HA,Escenario económico central,UNIT_VALUE_ASTHMA_HA_2015_USD_x_1.00,361,34,9,0.0163956611528694,11232.0,184.1560660690291,510743.9583178273
NO2_ASTHMA,NO2,Hospital Admissions,Asthma,UNIT_VALUE_ASTHMA_HA,Escenario económico central,UNIT_VALUE_ASTHMA_HA_2015_USD_x_1.00,379,11,10,0.0427039944996386,11232.0,479.6512662199408,1330279.2112723703
NO2_ASTHMA,NO2,Hospital Admissions,Asthma,UNIT_VALUE_ASTHMA_HA,Escenario económico central,UNIT_VALUE_ASTHMA_HA_2015_USD_x_1.00,380,12,10,0.0705006616652468,11232.0,791.863431824052,2196177.7977237804
NO2_ASTHMA,NO2,Hospital Admissions,Asthma,UNIT_VALUE_ASTHMA_HA,Escenario económico central,UNIT_VALUE_ASTHMA_HA_2015_USD_x_1.00,381,13,10,0.0704623328106436,11232.0,791.4329221291489,2194983.809220645
NO2_ASTHMA,NO2,Hospital Admissions,Asthma,UNIT_VALUE_ASTHMA_HA,Escenario económico central,UNIT_VALUE_ASTHMA_HA_2015_USD_x_1.00,382,14,10,0.0689401973052594,11232.0,774.3362961326735,2147567.5137832407
NO2_ASTHMA,NO2,Hospital Admissions,Asthma,UNIT_VALUE_ASTHMA_HA,Escenario económico central,UNIT_VALUE_ASTHMA_HA_2015_USD_x_1.00,383,15,10,0.0695617630758686,11232.0,781.3177228681561,2166930.01213423
NO2_ASTHMA,NO2,Hospital Admissions,Asthma,UNIT_VALUE_ASTHMA_HA,Escenario económico central,UNIT_VALUE_ASTHMA_HA_2015_USD_x_1.00,384,16,10,0.0692918911819418,11232.0,778.2865217555703,2158523.188032551
NO2_ASTHMA,NO2,Hospital Admissions,Asthma,UNIT_VALUE_ASTHMA_HA,Escenario económico central,UNIT_VALUE_ASTHMA_HA_2015_USD_x_1.00,385,17,10,0.0690879902787899,11232.0,775.9963068113681,2152171.4371998524
NO2_ASTHMA,NO2,Hospital Admissions,Asthma,UNIT_VALUE_ASTHMA_HA,Escenario económico central,UNIT_VALUE_ASTHMA_HA_2015_USD_x_1.00,386,18,10,0.0690064490480947,11232.0,775.0804357081997,2149631.3328061923
NO2_ASTHMA,NO2,Hospital Admissions,Asthma,UNIT_VALUE_ASTHMA_HA,Escenario económico central,UNIT_VALUE_ASTHMA_HA_2015_USD_x_1.00,387,19,10,0.0685778948641539,11232.0,770.2669151141766,2136281.370385111
NO2_ASTHMA,NO2,Hospital Admissions,Asthma,UNIT_VALUE_ASTHMA_HA,Escenario económico central,UNIT_VALUE_ASTHMA_HA_2015_USD_x_1.00,388,20,10,0.0682258934655516,11232.0,766.3132354050755,2125316.1164694983
NO2_ASTHMA,NO2,Hospital Admissions,Asthma,UNIT_VALUE_ASTHMA_HA,Escenario económico central,UNIT_VALUE_ASTHMA_HA_2015_USD_x_1.00,389,21,10,0.0688627696373095,11232.0,773.4666285662603,2145155.5516645233
NO2_ASTHMA,NO2,Hospital Admissions,Asthma,UNIT_VALUE_ASTHMA_HA,Escenario económico central,UNIT_VALUE_ASTHMA_HA_2015_USD_x_1.00,390,22,10,0.0692314992527768,11232.0,777.608199607189,2156641.909036566
NO2_ASTHMA,NO2,Hospital Admissions,Asthma,UNIT_VALUE_ASTHMA_HA,Escenario económico central,UNIT_VALUE_ASTHMA_HA_2015_USD_x_1.00,391,23,10,0.0687640273412767,11232.0,772.3575550972199,2142079.6140332827
NO2_ASTHMA,NO2,Hospital Admissions,Asthma,UNIT_VALUE_ASTHMA_HA,Escenario económico central,UNIT_VALUE_ASTHMA_HA_2015_USD_x_1.00,392,24,10,0.0695282403634284,11232.0,780.9411957620279,2165885.7405622806
NO2_ASTHMA,NO2,Hospital Admissions,Asthma,UNIT_VALUE_ASTHMA_HA,Escenario económico central,UNIT_VALUE_ASTHMA_HA_2015_USD_x_1.00,393,25,10,0.070094940201418,11232.0,787.306368342327,2183539.10115166
NO2_ASTHMA,NO2,Hospital Admissions,Asthma,UNIT_VALUE_ASTHMA_HA,Escenario económico central,UNIT_VALUE_ASTHMA_HA_2015_USD_x_1.00,394,26,10,0.0514112943112221,11232.0,577.4516577036467,1601521.7510250248
NO2_ASTHMA,NO2,Hospital Admissions,Asthma,UNIT_VALUE_ASTHMA_HA,Escenario económico central,UNIT_VALUE_ASTHMA_HA_2015_USD_x_1.00,395,27,10,0.0233280087620396,11232.0,262.0201944152288,726694.667797028
NO2_ASTHMA,NO2,Hospital Admissions,Asthma,UNIT_VALUE_ASTHMA_HA,Escenario económico central,UNIT_VALUE_ASTHMA_HA_2015_USD_x_1.00,396,28,10,0.0056016350331439,11232.0,62.91756469227228,174497.4614444887
NO2_ASTHMA,NO2,Hospital Admissions,Asthma,UNIT_VALUE_ASTHMA_HA,Escenario económico central,UNIT_VALUE_ASTHMA_HA_2015_USD_x_1.00,397,29,10,0.002039141813018,11232.0,22.903640843818177,63521.644625470646
NO2_ASTHMA,NO2,Hospital Admissions,Asthma,UNIT_VALUE_ASTHMA_HA,Escenario económico central,UNIT_VALUE_ASTHMA_HA_2015_USD_x_1.00,398,30,10,0.0078581453580104,11232.0,88.2626886611728,244790.38861355648
NO2_ASTHMA,NO2,Hospital Admissions,Asthma,UNIT_VALUE_ASTHMA_HA,Escenario económico central,UNIT_VALUE_ASTHMA_HA_2015_USD_x_1.00,400,32,10,0.0053492345715804,11232.0,60.08260270799105,166634.89282842362
NO2_ASTHMA,NO2,Hospital Admissions,Asthma,UNIT_VALUE_ASTHMA_HA,Escenario económico central,UNIT_VALUE_ASTHMA_HA_2015_USD_x_1.00,401,33,10,0.0657152698285748,11232.0,738.1139107145522,2047107.2633930603
NO2_ASTHMA,NO2,Hospital Admissions,Asthma,UNIT_VALUE_ASTHMA_HA,Escenario económico central,UNIT_VALUE_ASTHMA_HA_2015_USD_x_1.00,402,34,10,0.0606199520218317,11232.0,680.8833011092137,1888382.1737953264
NO2_ASTHMA,NO2,Hospital Admissions,Asthma,UNIT_VALUE_ASTHMA_HA,Escenario económico central,UNIT_VALUE_ASTHMA_HA_2015_USD_x_1.00,403,35,10,0.0005463974280989,11232.0,6.137135912406845,17020.916853546514
NO2_ASTHMA,NO2,Hospital Admissions,Asthma,UNIT_VALUE_ASTHMA_HA,Escenario económico central,UNIT_VALUE_ASTHMA_HA_2015_USD_x_1.00,420,11,11,0.0358320061402186,11232.0,402.46509296693534,1116208.7627872874
NO2_ASTHMA,NO2,Hospital Admissions,Asthma,UNIT_VALUE_ASTHMA_HA,Escenario económico central,UNIT_VALUE_ASTHMA_HA_2015_USD_x_1.00,421,12,11,0.0689982981385406,11232.0,774.9888846920879,2149377.4224715773
NO2_ASTHMA,NO2,Hospital Admissions,Asthma,UNIT_VALUE_ASTHMA_HA,Escenario económico central,UNIT_VALUE_ASTHMA_HA_2015_USD_x_1.00,422,13,11,0.0714062980486905,11232.0,802.0355396828917,2224389.426822722
NO2_ASTHMA,NO2,Hospital Admissions,Asthma,UNIT_VALUE_ASTHMA_HA,Escenario económico central,UNIT_VALUE_ASTHMA_HA_2015_USD_x_1.00,423,14,11,0.069745046014976,11232.0,783.3763568402104,2172639.4893513448
NO2_ASTHMA,NO2,Hospital Admissions,Asthma,UNIT_VALUE_ASTHMA_HA,Escenario económico central,UNIT_VALUE_ASTHMA_HA_2015_USD_x_1.00,424,15,11,0.0692891615908554,11232.0,778.2558629884878,2158438.1580881616
NO2_ASTHMA,NO2,Hospital Admissions,Asthma,UNIT_VALUE_ASTHMA_HA,Escenario económico central,UNIT_VALUE_ASTHMA_HA_2015_USD_x_1.00,425,16,11,0.0694067878274081,11232.0,779.5770408774478,2162102.35248074
NO2_ASTHMA,NO2,Hospital Admissions,Asthma,UNIT_VALUE_ASTHMA_HA,Escenario económico central,UNIT_VALUE_ASTHMA_HA_2015_USD_x_1.00,426,17,11,0.0692880498549208,11232.0,778.2433759704705,2158403.526217782
NO2_ASTHMA,NO2,Hospital Admissions,Asthma,UNIT_VALUE_ASTHMA_HA,Escenario económico central,UNIT_VALUE_ASTHMA_HA_2015_USD_x_1.00,427,18,11,0.0705402232840435,11232.0,792.3077879263766,2197410.1882686503
NO2_ASTHMA,NO2,Hospital Admissions,Asthma,UNIT_VALUE_ASTHMA_HA,Escenario económico central,UNIT_VALUE_ASTHMA_HA_2015_USD_x_1.00,428,19,11,0.0709577977483371,11232.0,796.9979843093223,2210418.1196230035
NO2_ASTHMA,NO2,Hospital Admissions,Asthma,UNIT_VALUE_ASTHMA_HA,Escenario económico central,UNIT_VALUE_ASTHMA_HA_2015_USD_x_1.00,429,20,11,0.0678047592234462,11232.0,761.5830555977477,2112197.2938864613
NO2_ASTHMA,NO2,Hospital Admissions,Asthma,UNIT_VALUE_ASTHMA_HA,Escenario económico central,UNIT_VALUE_ASTHMA_HA_2015_USD_x_1.00,430,21,11,0.0700008961692005,11232.0,786.25006577246,2180609.5199153135
NO2_ASTHMA,NO2,Hospital Admissions,Asthma,UNIT_VALUE_ASTHMA_HA,Escenario económico central,UNIT_VALUE_ASTHMA_HA_2015_USD_x_1.00,431,22,11,0.0675808814861619,11232.0,759.0684608525704,2105223.241382344
NO2_ASTHMA,NO2,Hospital Admissions,Asthma,UNIT_VALUE_ASTHMA_HA,Escenario económico central,UNIT_VALUE_ASTHMA_HA_2015_USD_x_1.00,432,23,11,0.0698915505703143,11232.0,785.0218960057703,2177203.2770392834
NO2_ASTHMA,NO2,Hospital Admissions,Asthma,UNIT_VALUE_ASTHMA_HA,Escenario económico central,UNIT_VALUE_ASTHMA_HA_2015_USD_x_1.00,433,24,11,0.0688572061631753,11232.0,773.404139624785,2144982.2429595673
NO2_ASTHMA,NO2,Hospital Admissions,Asthma,UNIT_VALUE_ASTHMA_HA,Escenario económico central,UNIT_VALUE_ASTHMA_HA_2015_USD_x_1.00,434,25,11,0.0678086052014646,11232.0,761.6262536228504,2112317.100585222
NO2_ASTHMA,NO2,Hospital Admissions,Asthma,UNIT_VALUE_ASTHMA_HA,Escenario económico central,UNIT_VALUE_ASTHMA_HA_2015_USD_x_1.00,435,26,11,0.0701786647105857,11232.0,788.2467620292986,2186147.2172149173
NO2_ASTHMA,NO2,Hospital Admissions,Asthma,UNIT_VALUE_ASTHMA_HA,Escenario económico central,UNIT_VALUE_ASTHMA_HA_2015_USD_x_1.00,436,27,11,0.0708059990035906,11232.0,795.2929808083295,2205689.4117632452
NO2_ASTHMA,NO2,Hospital Admissions,Asthma,UNIT_VALUE_ASTHMA_HA,Escenario económico central,UNIT_VALUE_ASTHMA_HA_2015_USD_x_1.00,437,28,11,0.0718907394251123,11232.0,807.4767852228614,2239480.34044064
NO2_ASTHMA,NO2,Hospital Admissions,Asthma,UNIT_VALUE_ASTHMA_HA,Escenario económico central,UNIT_VALUE_ASTHMA_HA_2015_USD_x_1.00,438,29,11,0.0663032224326426,11232.0,744.7177943634416,2065422.6724213997
NO2_ASTHMA,NO2,Hospital Admissions,Asthma,UNIT_VALUE_ASTHMA_HA,Escenario económico central,UNIT_VALUE_ASTHMA_HA_2015_USD_x_1.00,439,30,11,0.0664855612691242,11232.0,746.7658241748029,2071102.7397411235
NO2_ASTHMA,NO2,Hospital Admissions,Asthma,UNIT_VALUE_ASTHMA_HA,Escenario económico central,UNIT_VALUE_ASTHMA_HA_2015_USD_x_1.00,440,31,11,0.0619401539560413,11232.0,695.7118092342558,1929508.003084562
NO2_ASTHMA,NO2,Hospital Admissions,Asthma,UNIT_VALUE_ASTHMA_HA,Escenario económico central,UNIT_VALUE_ASTHMA_HA_2015_USD_x_1.00,441,32,11,0.0641882785906279,11232.0,720.9627451299325,1999539.7062257086
NO2_ASTHMA,NO2,Hospital Admissions,Asthma,UNIT_VALUE_ASTHMA_HA,Escenario económico central,UNIT_VALUE_ASTHMA_HA_2015_USD_x_1.00,442,33,11,0.0938758672886851,11232.0,1054.413741386511,2924342.702773591
NO2_ASTHMA,NO2,Hospital Admissions,Asthma,UNIT_VALUE_ASTHMA_HA,Escenario económico central,UNIT_VALUE_ASTHMA_HA_2015_USD_x_1.00,443,34,11,0.0691603126884518,11232.0,776.8086321166905,2154424.364571393
NO2_ASTHMA,NO2,Hospital Admissions,Asthma,UNIT_VALUE_ASTHMA_HA,Escenario económico central,UNIT_VALUE_ASTHMA_HA_2015_USD_x_1.00,444,35,11,0.0349817239447363,11232.0,392.91472334727814,1089721.4811730415
NO2_ASTHMA,NO2,Hospital Admissions,Asthma,UNIT_VALUE_ASTHMA_HA,Escenario económico central,UNIT_VALUE_ASTHMA_HA_2015_USD_x_1.00,445,36,11,0.045580306517837,11232.0,511.9580028083452,1419879.6837287487
NO2_ASTHMA,NO2,Hospital Admissions,Asthma,UNIT_VALUE_ASTHMA_HA,Escenario económico central,UNIT_VALUE_ASTHMA_HA_2015_USD_x_1.00,446,37,11,0.0061883609693538,11232.0,69.50767040778187,192774.65833905447
NO2_ASTHMA,NO2,Hospital Admissions,Asthma,UNIT_VALUE_ASTHMA_HA,Escenario económico central,UNIT_VALUE_ASTHMA_HA_2015_USD_x_1.00,461,11,12,0.0182772021164826,11232.0,205.28953417233257,569356.1527595723
NO2_ASTHMA,NO2,Hospital Admissions,Asthma,UNIT_VALUE_ASTHMA_HA,Escenario económico central,UNIT_VALUE_ASTHMA_HA_2015_USD_x_1.00,462,12,12,0.0595875193038655,11232.0,669.2870168210173,1856220.691061914
NO2_ASTHMA,NO2,Hospital Admissions,Asthma,UNIT_VALUE_ASTHMA_HA,Escenario económico central,UNIT_VALUE_ASTHMA_HA_2015_USD_x_1.00,463,13,12,0.0629000524231744,11232.0,706.4933888170948,1959409.959346995
NO2_ASTHMA,NO2,Hospital Admissions,Asthma,UNIT_VALUE_ASTHMA_HA,Escenario económico central,UNIT_VALUE_ASTHMA_HA_2015_USD_x_1.00,464,14,12,0.0655589871265879,11232.0,736.3585434058353,2042238.875038046
NO2_ASTHMA,NO2,Hospital Admissions,Asthma,UNIT_VALUE_ASTHMA_HA,Escenario económico central,UNIT_VALUE_ASTHMA_HA_2015_USD_x_1.00,465,15,12,0.0676434881706765,11232.0,759.7716591330385,2107173.512589343
NO2_ASTHMA,NO2,Hospital Admissions,Asthma,UNIT_VALUE_ASTHMA_HA,Escenario económico central,UNIT_VALUE_ASTHMA_HA_2015_USD_x_1.00,466,16,12,0.0695302365653322,11232.0,780.9636171018113,2165947.9245786765
NO2_ASTHMA,NO2,Hospital Admissions,Asthma,UNIT_VALUE_ASTHMA_HA,Escenario económico central,UNIT_VALUE_ASTHMA_HA_2015_USD_x_1.00,467,17,12,0.0695200353219151,11232.0,780.8490367357504,2165630.143954032
NO2_ASTHMA,NO2,Hospital Admissions,Asthma,UNIT_VALUE_ASTHMA_HA,Escenario económico central,UNIT_VALUE_ASTHMA_HA_2015_USD_x_1.00,468,18,12,0.0461125428370945,11232.0,517.9360811462454,1436459.4655334314
NO2_ASTHMA,NO2,Hospital Admissions,Asthma,UNIT_VALUE_ASTHMA_HA,Escenario económico central,UNIT_VALUE_ASTHMA_HA_2015_USD_x_1.00,469,19,12,0.0296389706408512,11232.0,332.9049182380407,923288.4873889291
NO2_ASTHMA,NO2,Hospital Admissions,Asthma,UNIT_VALUE_ASTHMA_HA,Escenario económico central,UNIT_VALUE_ASTHMA_HA_2015_USD_x_1.00,470,20,12,0.0119469108061611,11232.0,134.18770217480147,372160.19884265965
NO2_ASTHMA,NO2,Hospital Admissions,Asthma,UNIT_VALUE_ASTHMA_HA,Escenario económico central,UNIT_VALUE_ASTHMA_HA_2015_USD_x_1.00,471,21,12,0.0438483829286325,11232.0,492.50503705440025,1365928.2449177853
NO2_ASTHMA,NO2,Hospital Admissions,Asthma,UNIT_VALUE_ASTHMA_HA,Escenario económico central,UNIT_VALUE_ASTHMA_HA_2015_USD_x_1.00,472,22,12,0.0675609908601968,11232.0,758.8450493417305,2104603.6251958353
NO2_ASTHMA,NO2,Hospital Admissions,Asthma,UNIT_VALUE_ASTHMA_HA,Escenario económico central,UNIT_VALUE_ASTHMA_HA_2015_USD_x_1.00,473,23,12,0.0711136591602567,11232.0,798.7486196880034,2215273.384301299
NO2_ASTHMA,NO2,Hospital Admissions,Asthma,UNIT_VALUE_ASTHMA_HA,Escenario económico central,UNIT_VALUE_ASTHMA_HA_2015_USD_x_1.00,474,24,12,0.0682715343014366,11232.0,766.825873273736,2126737.8817135775
NO2_ASTHMA,NO2,Hospital Admissions,Asthma,UNIT_VALUE_ASTHMA_HA,Escenario económico central,UNIT_VALUE_ASTHMA_HA_2015_USD_x_1.00,475,25,12,0.0687431764063049,11232.0,772.1233573956166,2141430.0831017247
NO2_ASTHMA,NO2,Hospital Admissions,Asthma,UNIT_VALUE_ASTHMA_HA,Escenario económico central,UNIT_VALUE_ASTHMA_HA_2015_USD_x_1.00,476,26,12,0.0713844992833204,11232.0,801.7906959502548,2223710.369869315
NO2_ASTHMA,NO2,Hospital Admissions,Asthma,UNIT_VALUE_ASTHMA_HA,Escenario económico central,UNIT_VALUE_ASTHMA_HA_2015_USD_x_1.00,477,27,12,0.0737990962739509,11232.0,828.9114493490165,2298927.8809680426
NO2_ASTHMA,NO2,Hospital Admissions,Asthma,UNIT_VALUE_ASTHMA_HA,Escenario económico central,UNIT_VALUE_ASTHMA_HA_2015_USD_x_1.00,478,28,12,0.0702381066028761,11232.0,788.9144133635044,2187998.901454744
NO2_ASTHMA,NO2,Hospital Admissions,Asthma,UNIT_VALUE_ASTHMA_HA,Escenario económico central,UNIT_VALUE_ASTHMA_HA_2015_USD_x_1.00,479,29,12,0.0717989072495115,11232.0,806.4453262265132,2236619.6611163984
NO2_ASTHMA,NO2,Hospital Admissions,Asthma,UNIT_VALUE_ASTHMA_HA,Escenario económico central,UNIT_VALUE_ASTHMA_HA_2015_USD_x_1.00,480,30,12,0.0709586731538838,11232.0,797.0078168644228,2210445.389526296
NO2_ASTHMA,NO2,Hospital Admissions,Asthma,UNIT_VALUE_ASTHMA_HA,Escenario económico central,UNIT_VALUE_ASTHMA_HA_2015_USD_x_1.00,481,31,12,0.0652974352364764,11232.0,733.4207925761028,2034091.2287543407
NO2_ASTHMA,NO2,Hospital Admissions,Asthma,UNIT_VALUE_ASTHMA_HA,Escenario económico central,UNIT_VALUE_ASTHMA_HA_2015_USD_x_1.00,482,32,12,0.0540303363641592,11232.0,606.8687380422361,1683107.9641484788
NO2_ASTHMA,NO2,Hospital Admissions,Asthma,UNIT_VALUE_ASTHMA_HA,Escenario económico central,UNIT_VALUE_ASTHMA_HA_2015_USD_x_1.00,483,33,12,0.0745846795640464,11232.0,837.735120863369,2323399.7162560937
NO2_ASTHMA,NO2,Hospital Admissions,Asthma,UNIT_VALUE_ASTHMA_HA,Escenario económico central,UNIT_VALUE_ASTHMA_HA_2015_USD_x_1.00,484,34,12,0.0736716943833661,11232.0,827.480471313968,2294959.1635562982
NO2_ASTHMA,NO2,Hospital Admissions,Asthma,UNIT_VALUE_ASTHMA_HA,Escenario económico central,UNIT_VALUE_ASTHMA_HA_2015_USD_x_1.00,485,35,12,0.0955772874416735,11232.0,1073.5240925448768,2977343.9239867376
NO2_ASTHMA,NO2,Hospital Admissions,Asthma,UNIT_VALUE_ASTHMA_HA,Escenario económico central,UNIT_VALUE_ASTHMA_HA_2015_USD_x_1.00,486,36,12,0.0739025038514602,11232.0,830.072923259601,2302149.147555875
NO2_ASTHMA,NO2,Hospital Admissions,Asthma,UNIT_VALUE_ASTHMA_HA,Escenario económico central,UNIT_VALUE_ASTHMA_HA_2015_USD_x_1.00,487,37,12,0.0534808430806269,11232.0,600.6968294816013,1665990.6077891574
NO2_ASTHMA,NO2,Hospital Admissions,Asthma,UNIT_VALUE_ASTHMA_HA,Escenario económico central,UNIT_VALUE_ASTHMA_HA_2015_USD_x_1.00,488,38,12,0.006301148261913,11232.0,70.77449727780682,196288.11398518775
NO2_ASTHMA,NO2,Hospital Admissions,Asthma,UNIT_VALUE_ASTHMA_HA,Escenario económico central,UNIT_VALUE_ASTHMA_HA_2015_USD_x_1.00,503,12,13,8.615789331612163e-05,11232.0,0.9677254577266782,2683.918816222901
NO2_ASTHMA,NO2,Hospital Admissions,Asthma,UNIT_VALUE_ASTHMA_HA,Escenario económico central,UNIT_VALUE_ASTHMA_HA_2015_USD_x_1.00,504,13,13,0.0004635390297886,11232.0,5.206470382585555,14439.781153174254
NO2_ASTHMA,NO2,Hospital Admissions,Asthma,UNIT_VALUE_ASTHMA_HA,Escenario económico central,UNIT_VALUE_ASTHMA_HA_2015_USD_x_1.00,505,14,13,0.0241073970323489,11232.0,270.77428346734285,750973.5209968326
NO2_ASTHMA,NO2,Hospital Admissions,Asthma,UNIT_VALUE_ASTHMA_HA,Escenario económico central,UNIT_VALUE_ASTHMA_HA_2015_USD_x_1.00,506,15,13,0.0564375672728657,11232.0,633.9067556088276,1758096.0132081904
NO2_ASTHMA,NO2,Hospital Admissions,Asthma,UNIT_VALUE_ASTHMA_HA,Escenario económico central,UNIT_VALUE_ASTHMA_HA_2015_USD_x_1.00,507,16,13,0.0294162444205562,11232.0,330.4032573316872,916350.3059814211
NO2_ASTHMA,NO2,Hospital Admissions,Asthma,UNIT_VALUE_ASTHMA_HA,Escenario económico central,UNIT_VALUE_ASTHMA_HA_2015_USD_x_1.00,508,17,13,0.025331183063055,11232.0,284.51984816423374,789095.8824941308
NO2_ASTHMA,NO2,Hospital Admissions,Asthma,UNIT_VALUE_ASTHMA_HA,Escenario económico central,UNIT_VALUE_ASTHMA_HA_2015_USD_x_1.00,509,18,13,0.0003392339003753,11232.0,3.8102751690153696,10567.531462002296
NO2_ASTHMA,NO2,Hospital Admissions,Asthma,UNIT_VALUE_ASTHMA_HA,Escenario económico central,UNIT_VALUE_ASTHMA_HA_2015_USD_x_1.00,513,22,13,0.0234841916204147,11232.0,263.7744402804979,731559.9459071413
NO2_ASTHMA,NO2,Hospital Admissions,Asthma,UNIT_VALUE_ASTHMA_HA,Escenario económico central,UNIT_VALUE_ASTHMA_HA_2015_USD_x_1.00,514,23,13,0.0632423736663844,11232.0,710.3383410208295,1970073.665137399
NO2_ASTHMA,NO2,Hospital Admissions,Asthma,UNIT_VALUE_ASTHMA_HA,Escenario económico central,UNIT_VALUE_ASTHMA_HA_2015_USD_x_1.00,515,24,13,0.0665861141555859,11232.0,747.8952341955408,2074235.0793749385
NO2_ASTHMA,NO2,Hospital Admissions,Asthma,UNIT_VALUE_ASTHMA_HA,Escenario económico central,UNIT_VALUE_ASTHMA_HA_2015_USD_x_1.00,516,25,13,0.0323206769728982,11232.0,363.0258437595926,1006826.7658581669
NO2_ASTHMA,NO2,Hospital Admissions,Asthma,UNIT_VALUE_ASTHMA_HA,Escenario económico central,UNIT_VALUE_ASTHMA_HA_2015_USD_x_1.00,517,26,13,0.0338711969536749,11232.0,380.4412841836765,1055127.270793534
NO2_ASTHMA,NO2,Hospital Admissions,Asthma,UNIT_VALUE_ASTHMA_HA,Escenario económico central,UNIT_VALUE_ASTHMA_HA_2015_USD_x_1.00,518,27,13,0.0557619576093521,11232.0,626.3183078682428,1737049.9845910205
NO2_ASTHMA,NO2,Hospital Admissions,Asthma,UNIT_VALUE_ASTHMA_HA,Escenario económico central,UNIT_VALUE_ASTHMA_HA_2015_USD_x_1.00,519,28,13,0.0696714048683563,11232.0,782.5492194813779,2170345.481786238
NO2_ASTHMA,NO2,Hospital Admissions,Asthma,UNIT_VALUE_ASTHMA_HA,Escenario económico central,UNIT_VALUE_ASTHMA_HA_2015_USD_x_1.00,520,29,13,0.0700622581533622,11232.0,786.9392835785642,2182521.017255297
NO2_ASTHMA,NO2,Hospital Admissions,Asthma,UNIT_VALUE_ASTHMA_HA,Escenario económico central,UNIT_VALUE_ASTHMA_HA_2015_USD_x_1.00,521,30,13,0.0728122387794133,11232.0,817.8270659703702,2268186.1195742036
NO2_ASTHMA,NO2,Hospital Admissions,Asthma,UNIT_VALUE_ASTHMA_HA,Escenario económico central,UNIT_VALUE_ASTHMA_HA_2015_USD_x_1.00,522,31,13,0.0694762109209988,11232.0,780.3568010646585,2164264.962776756
NO2_ASTHMA,NO2,Hospital Admissions,Asthma,UNIT_VALUE_ASTHMA_HA,Escenario económico central,UNIT_VALUE_ASTHMA_HA_2015_USD_x_1.00,523,32,13,0.0736817235363323,11232.0,827.5931187600844,2295271.5833627805
NO2_ASTHMA,NO2,Hospital Admissions,Asthma,UNIT_VALUE_ASTHMA_HA,Escenario económico central,UNIT_VALUE_ASTHMA_HA_2015_USD_x_1.00,524,33,13,0.0771237410756144,11232.0,866.253859761301,2402494.442277785
NO2_ASTHMA,NO2,Hospital Admissions,Asthma,UNIT_VALUE_ASTHMA_HA,Escenario económico central,UNIT_VALUE_ASTHMA_HA_2015_USD_x_1.00,525,34,13,0.095207073858749,11232.0,1069.3658535814689,2965811.339298453
NO2_ASTHMA,NO2,Hospital Admissions,Asthma,UNIT_VALUE_ASTHMA_HA,Escenario económico central,UNIT_VALUE_ASTHMA_HA_2015_USD_x_1.00,526,35,13,0.0658622086519094,11232.0,739.7643275782465,2051684.579035336
NO2_ASTHMA,NO2,Hospital Admissions,Asthma,UNIT_VALUE_ASTHMA_HA,Escenario económico central,UNIT_VALUE_ASTHMA_HA_2015_USD_x_1.00,527,36,13,0.0689665024248517,11232.0,774.6317552359342,2148386.9489239966
NO2_ASTHMA,NO2,Hospital Admissions,Asthma,UNIT_VALUE_ASTHMA_HA,Escenario económico central,UNIT_VALUE_ASTHMA_HA_2015_USD_x_1.00,528,37,13,0.0689358314564805,11232.0,774.287258919189,2147431.512504246
NO2_ASTHMA,NO2,Hospital Admissions,Asthma,UNIT_VALUE_ASTHMA_HA,Escenario económico central,UNIT_VALUE_ASTHMA_HA_2015_USD_x_1.00,529,38,13,0.0656705265404231,11232.0,737.6113541020322,2045713.457807199
NO2_ASTHMA,NO2,Hospital Admissions,Asthma,UNIT_VALUE_ASTHMA_HA,Escenario económico central,UNIT_VALUE_ASTHMA_HA_2015_USD_x_1.00,530,39,13,0.0423951264690435,11232.0,476.18206050029653,1320657.6120533373
NO2_ASTHMA,NO2,Hospital Admissions,Asthma,UNIT_VALUE_ASTHMA_HA,Escenario económico central,UNIT_VALUE_ASTHMA_HA_2015_USD_x_1.00,531,40,13,0.0070530113816744,11232.0,79.21942383896686,219709.52665770584
NO2_ASTHMA,NO2,Hospital Admissions,Asthma,UNIT_VALUE_ASTHMA_HA,Escenario económico central,UNIT_VALUE_ASTHMA_HA_2015_USD_x_1.00,546,14,14,2.587222072244514e-05,11232.0,0.29059678315450377,805.9498363041953
NO2_ASTHMA,NO2,Hospital Admissions,Asthma,UNIT_VALUE_ASTHMA_HA,Escenario económico central,UNIT_VALUE_ASTHMA_HA_2015_USD_x_1.00,547,15,14,0.0040068908721626,11232.0,45.00539827613032,124819.32174096811
NO2_ASTHMA,NO2,Hospital Admissions,Asthma,UNIT_VALUE_ASTHMA_HA,Escenario económico central,UNIT_VALUE_ASTHMA_HA_2015_USD_x_1.00,555,23,14,0.0006302692508305,11232.0,7.079184225328175,19633.62190605192
NO2_ASTHMA,NO2,Hospital Admissions,Asthma,UNIT_VALUE_ASTHMA_HA,Escenario económico central,UNIT_VALUE_ASTHMA_HA_2015_USD_x_1.00,556,24,14,0.0051887739647227,11232.0,58.28030917176537,161636.35786624922
NO2_ASTHMA,NO2,Hospital Admissions,Asthma,UNIT_VALUE_ASTHMA_HA,Escenario económico central,UNIT_VALUE_ASTHMA_HA_2015_USD_x_1.00,559,27,14,0.0122035199518442,11232.0,137.06993609911405,380153.87287536584
NO2_ASTHMA,NO2,Hospital Admissions,Asthma,UNIT_VALUE_ASTHMA_HA,Escenario económico central,UNIT_VALUE_ASTHMA_HA_2015_USD_x_1.00,560,28,14,0.0622708986025557,11232.0,699.4267331039056,1939811.0843923648
NO2_ASTHMA,NO2,Hospital Admissions,Asthma,UNIT_VALUE_ASTHMA_HA,Escenario económico central,UNIT_VALUE_ASTHMA_HA_2015_USD_x_1.00,561,29,14,0.0690962450770831,11232.0,776.0890247057974,2152428.5837898
NO2_ASTHMA,NO2,Hospital Admissions,Asthma,UNIT_VALUE_ASTHMA_HA,Escenario económico central,UNIT_VALUE_ASTHMA_HA_2015_USD_x_1.00,562,30,14,0.0690763753994544,11232.0,775.8658484866718,2151809.62016839
NO2_ASTHMA,NO2,Hospital Admissions,Asthma,UNIT_VALUE_ASTHMA_HA,Escenario económico central,UNIT_VALUE_ASTHMA_HA_2015_USD_x_1.00,563,31,14,0.0652854380600225,11232.0,733.2860402901728,2033717.5027219737
NO2_ASTHMA,NO2,Hospital Admissions,Asthma,UNIT_VALUE_ASTHMA_HA,Escenario económico central,UNIT_VALUE_ASTHMA_HA_2015_USD_x_1.00,564,32,14,0.0585479557967829,11232.0,657.6106395094656,1823837.0759347372
NO2_ASTHMA,NO2,Hospital Admissions,Asthma,UNIT_VALUE_ASTHMA_HA,Escenario económico central,UNIT_VALUE_ASTHMA_HA_2015_USD_x_1.00,565,33,14,0.0736151578851327,11232.0,826.8454533658105,2293197.9857283398
NO2_ASTHMA,NO2,Hospital Admissions,Asthma,UNIT_VALUE_ASTHMA_HA,Escenario económico central,UNIT_VALUE_ASTHMA_HA_2015_USD_x_1.00,566,34,14,0.0648252954773198,11232.0,728.117718801256,2019383.5248549674
NO2_ASTHMA,NO2,Hospital Admissions,Asthma,UNIT_VALUE_ASTHMA_HA,Escenario económico central,UNIT_VALUE_ASTHMA_HA_2015_USD_x_1.00,567,35,14,0.0630718934852733,11232.0,708.4235076265896,1964763.0087568124
NO2_ASTHMA,NO2,Hospital Admissions,Asthma,UNIT_VALUE_ASTHMA_HA,Escenario económico central,UNIT_VALUE_ASTHMA_HA_2015_USD_x_1.00,568,36,14,0.0763918364577316,11232.0,858.0331070932413,2379694.760205608
NO2_ASTHMA,NO2,Hospital Admissions,Asthma,UNIT_VALUE_ASTHMA_HA,Escenario económico central,UNIT_VALUE_ASTHMA_HA_2015_USD_x_1.00,569,37,14,0.0747505455988532,11232.0,839.5981281663192,2328566.636600314
NO2_ASTHMA,NO2,Hospital Admissions,Asthma,UNIT_VALUE_ASTHMA_HA,Escenario económico central,UNIT_VALUE_ASTHMA_HA_2015_USD_x_1.00,570,38,14,0.0553441830894217,11232.0,621.6258644603845,1724035.821270364
NO2_ASTHMA,NO2,Hospital Admissions,Asthma,UNIT_VALUE_ASTHMA_HA,Escenario económico central,UNIT_VALUE_ASTHMA_HA_2015_USD_x_1.00,571,39,14,0.072271129283684,11232.0,811.7493241143386,2251329.92797843
NO2_ASTHMA,NO2,Hospital Admissions,Asthma,UNIT_VALUE_ASTHMA_HA,Escenario económico central,UNIT_VALUE_ASTHMA_HA_2015_USD_x_1.00,572,40,14,0.043335569423578,11232.0,486.74511576562816,1349953.506417866
NO2_ASTHMA,NO2,Hospital Admissions,Asthma,UNIT_VALUE_ASTHMA_HA,Escenario económico central,UNIT_VALUE_ASTHMA_HA_2015_USD_x_1.00,573,41,14,0.0223096415641455,11232.0,250.58189404848224,694971.342410882
NO2_ASTHMA,NO2,Hospital Admissions,Asthma,UNIT_VALUE_ASTHMA_HA,Escenario económico central,UNIT_VALUE_ASTHMA_HA_2015_USD_x_1.00,601,28,15,0.003100253347047,11232.0,34.822045594031906,96576.5059118559
NO2_ASTHMA,NO2,Hospital Admissions,Asthma,UNIT_VALUE_ASTHMA_HA,Escenario económico central,UNIT_VALUE_ASTHMA_HA_2015_USD_x_1.00,602,29,15,0.0428485353019731,11232.0,481.27474851176186,1334781.8257649755
NO2_ASTHMA,NO2,Hospital Admissions,Asthma,UNIT_VALUE_ASTHMA_HA,Escenario económico central,UNIT_VALUE_ASTHMA_HA_2015_USD_x_1.00,603,30,15,0.0729861855575917,11232.0,819.7808361828701,2273604.764494657
NO2_ASTHMA,NO2,Hospital Admissions,Asthma,UNIT_VALUE_ASTHMA_HA,Escenario económico central,UNIT_VALUE_ASTHMA_HA_2015_USD_x_1.00,604,31,15,0.0683948081200913,11232.0,768.2104848048655,2130578.004872358
NO2_ASTHMA,NO2,Hospital Admissions,Asthma,UNIT_VALUE_ASTHMA_HA,Escenario económico central,UNIT_VALUE_ASTHMA_HA_2015_USD_x_1.00,605,32,15,0.0672409728380315,11232.0,755.2506069167698,2094634.6907411767
NO2_ASTHMA,NO2,Hospital Admissions,Asthma,UNIT_VALUE_ASTHMA_HA,Escenario económico central,UNIT_VALUE_ASTHMA_HA_2015_USD_x_1.00,606,33,15,0.0687529276717388,11232.0,772.2328836089702,2141733.846387626
NO2_ASTHMA,NO2,Hospital Admissions,Asthma,UNIT_VALUE_ASTHMA_HA,Escenario económico central,UNIT_VALUE_ASTHMA_HA_2015_USD_x_1.00,607,34,15,0.070243490587087,11232.0,788.9748862741611,2188166.6188393463
NO2_ASTHMA,NO2,Hospital Admissions,Asthma,UNIT_VALUE_ASTHMA_HA,Escenario económico central,UNIT_VALUE_ASTHMA_HA_2015_USD_x_1.00,608,35,15,0.0680066256192777,11232.0,763.8504189557272,2118485.6674443823
NO2_ASTHMA,NO2,Hospital Admissions,Asthma,UNIT_VALUE_ASTHMA_HA,Escenario económico central,UNIT_VALUE_ASTHMA_HA_2015_USD_x_1.00,609,36,15,0.0709557002629202,11232.0,796.9744253531196,2210352.7805071026
NO2_ASTHMA,NO2,Hospital Admissions,Asthma,UNIT_VALUE_ASTHMA_HA,Escenario económico central,UNIT_VALUE_ASTHMA_HA_2015_USD_x_1.00,610,37,15,0.075558122237393,11232.0,848.6688289703982,2353723.5903313714
NO2_ASTHMA,NO2,Hospital Admissions,Asthma,UNIT_VALUE_ASTHMA_HA,Escenario económico central,UNIT_VALUE_ASTHMA_HA_2015_USD_x_1.00,611,38,15,0.0906327337786032,11232.0,1017.9868658012712,2823315.3132192194
NO2_ASTHMA,NO2,Hospital Admissions,Asthma,UNIT_VALUE_ASTHMA_HA,Escenario económico central,UNIT_VALUE_ASTHMA_HA_2015_USD_x_1.00,612,39,15,0.0660849738825715,11232.0,742.2664266490431,2058623.9756612554
NO2_ASTHMA,NO2,Hospital Admissions,Asthma,UNIT_VALUE_ASTHMA_HA,Escenario económico central,UNIT_VALUE_ASTHMA_HA_2015_USD_x_1.00,613,40,15,0.0671016164634416,11232.0,753.6853561173759,2090293.5772166138
NO2_ASTHMA,NO2,Hospital Admissions,Asthma,UNIT_VALUE_ASTHMA_HA,Escenario económico central,UNIT_VALUE_ASTHMA_HA_2015_USD_x_1.00,614,41,15,0.03932995180984,11232.0,441.7540187281229,1225173.848161138
NO2_ASTHMA,NO2,Hospital Admissions,Asthma,UNIT_VALUE_ASTHMA_HA,Escenario económico central,UNIT_VALUE_ASTHMA_HA_2015_USD_x_1.00,643,29,16,0.001841464064001,11232.0,20.68332436685923,57363.752298778396
NO2_ASTHMA,NO2,Hospital Admissions,Asthma,UNIT_VALUE_ASTHMA_HA,Escenario económico central,UNIT_VALUE_ASTHMA_HA_2015_USD_x_1.00,644,30,16,0.0210391760187787,11232.0,236.31202504292236,655394.8596147922
NO2_ASTHMA,NO2,Hospital Admissions,Asthma,UNIT_VALUE_ASTHMA_HA,Escenario económico central,UNIT_VALUE_ASTHMA_HA_2015_USD_x_1.00,645,31,16,0.0543436941858804,11232.0,610.3883730958087,1692869.4255951087
NO2_ASTHMA,NO2,Hospital Admissions,Asthma,UNIT_VALUE_ASTHMA_HA,Escenario económico central,UNIT_VALUE_ASTHMA_HA_2015_USD_x_1.00,646,32,16,0.0709643369674378,11232.0,797.0714328182613,2210621.8239211505
NO2_ASTHMA,NO2,Hospital Admissions,Asthma,UNIT_VALUE_ASTHMA_HA,Escenario económico central,UNIT_VALUE_ASTHMA_HA_2015_USD_x_1.00,647,33,16,0.0721735827112633,11232.0,810.6536810129094,2248291.2385316333
NO2_ASTHMA,NO2,Hospital Admissions,Asthma,UNIT_VALUE_ASTHMA_HA,Escenario económico central,UNIT_VALUE_ASTHMA_HA_2015_USD_x_1.00,648,34,16,0.0558555375663388,11232.0,627.3693979451174,1739965.1093429269
NO2_ASTHMA,NO2,Hospital Admissions,Asthma,UNIT_VALUE_ASTHMA_HA,Escenario económico central,UNIT_VALUE_ASTHMA_HA_2015_USD_x_1.00,649,35,16,0.0606679279913964,11232.0,681.4221671993644,1889876.681175733
NO2_ASTHMA,NO2,Hospital Admissions,Asthma,UNIT_VALUE_ASTHMA_HA,Escenario económico central,UNIT_VALUE_ASTHMA_HA_2015_USD_x_1.00,650,36,16,0.0705914438169923,11232.0,792.8830969524574,2199005.767580854
NO2_ASTHMA,NO2,Hospital Admissions,Asthma,UNIT_VALUE_ASTHMA_HA,Escenario económico central,UNIT_VALUE_ASTHMA_HA_2015_USD_x_1.00,651,37,16,0.0465855539790888,11232.0,523.2489422931254,1451194.3140240228
NO2_ASTHMA,NO2,Hospital Admissions,Asthma,UNIT_VALUE_ASTHMA_HA,Escenario económico central,UNIT_VALUE_ASTHMA_HA_2015_USD_x_1.00,652,38,16,0.0722124718020135,11232.0,811.0904832802156,2249502.679043848
NO2_ASTHMA,NO2,Hospital Admissions,Asthma,UNIT_VALUE_ASTHMA_HA,Escenario económico central,UNIT_VALUE_ASTHMA_HA_2015_USD_x_1.00,653,39,16,0.0487941057872022,11232.0,548.055396201855,1519993.2774881108
NO2_ASTHMA,NO2,Hospital Admissions,Asthma,UNIT_VALUE_ASTHMA_HA,Escenario económico central,UNIT_VALUE_ASTHMA_HA_2015_USD_x_1.00,654,40,16,0.0678242495682441,11232.0,761.8019711505177,2112804.4408479803
NO2_ASTHMA,NO2,Hospital Admissions,Asthma,UNIT_VALUE_ASTHMA_HA,Escenario económico central,UNIT_VALUE_ASTHMA_HA_2015_USD_x_1.00,655,41,16,0.0230438054180004,11232.0,258.8280224549805,717841.4023173165
NO2_ASTHMA,NO2,Hospital Admissions,Asthma,UNIT_VALUE_ASTHMA_HA,Escenario económico central,UNIT_VALUE_ASTHMA_HA_2015_USD_x_1.00,686,31,17,0.0135506608392879,11232.0,152.2010225468817,422118.88196219807
NO2_ASTHMA,NO2,Hospital Admissions,Asthma,UNIT_VALUE_ASTHMA_HA,Escenario económico central,UNIT_VALUE_ASTHMA_HA_2015_USD_x_1.00,687,32,17,0.0401398082324662,11232.0,450.85032606706034,1250401.819824167
NO2_ASTHMA,NO2,Hospital Admissions,Asthma,UNIT_VALUE_ASTHMA_HA,Escenario económico central,UNIT_VALUE_ASTHMA_HA_2015_USD_x_1.00,688,33,17,0.0643148385047042,11232.0,722.3842660848375,2003482.1950876706
NO2_ASTHMA,NO2,Hospital Admissions,Asthma,UNIT_VALUE_ASTHMA_HA,Escenario económico central,UNIT_VALUE_ASTHMA_HA_2015_USD_x_1.00,689,34,17,0.0119694980959358,11232.0,134.4414026135509,372863.81925050047
NO2_ASTHMA,NO2,Hospital Admissions,Asthma,UNIT_VALUE_ASTHMA_HA,Escenario económico central,UNIT_VALUE_ASTHMA_HA_2015_USD_x_1.00,690,35,17,0.020906451373057,11232.0,234.82126182217624,651260.3321754782
NO2_ASTHMA,NO2,Hospital Admissions,Asthma,UNIT_VALUE_ASTHMA_HA,Escenario económico central,UNIT_VALUE_ASTHMA_HA_2015_USD_x_1.00,691,36,17,0.0145198644734499,11232.0,163.08711776578926,452310.70502517285
NO2_ASTHMA,NO2,Hospital Admissions,Asthma,UNIT_VALUE_ASTHMA_HA,Escenario económico central,UNIT_VALUE_ASTHMA_HA_2015_USD_x_1.00,692,37,17,0.0234030627530177,11232.0,262.8632008418948,729032.6871109363
NO2_ASTHMA,NO2,Hospital Admissions,Asthma,UNIT_VALUE_ASTHMA_HA,Escenario económico central,UNIT_VALUE_ASTHMA_HA_2015_USD_x_1.00,693,38,17,0.022030534935382,11232.0,247.44696839421061,686276.8455535555
NO2_ASTHMA,NO2,Hospital Admissions,Asthma,UNIT_VALUE_ASTHMA_HA,Escenario económico central,UNIT_VALUE_ASTHMA_HA_2015_USD_x_1.00,694,39,17,0.0027072670610125,11232.0,30.408023629292398,84334.5249741884
NO2_ASTHMA,NO2,Hospital Admissions,Asthma,UNIT_VALUE_ASTHMA_HA,Escenario económico central,UNIT_VALUE_ASTHMA_HA_2015_USD_x_1.00,695,40,17,0.0287187185024791,11232.0,322.5686462198453,894621.5604855054
NO2_ASTHMA,NO2,Hospital Admissions,Asthma,UNIT_VALUE_ASTHMA_HA,Escenario económico central,UNIT_VALUE_ASTHMA_HA_2015_USD_x_1.00,696,41,17,0.0071462408459429,11232.0,80.26657718163065,222613.7331528499
NO2_ASTHMA,NO2,Hospital Admissions,Asthma,UNIT_VALUE_ASTHMA_HA,Escenario económico central,UNIT_VALUE_ASTHMA_HA_2015_USD_x_1.00,729,33,18,0.0003619369631836,11232.0,4.065275970478195,11274.75833480334
NO2_ASTHMA,NO2,Hospital Admissions,Asthma,UNIT_VALUE_ASTHMA_HA,Escenario económico central,UNIT_VALUE_ASTHMA_HA_2015_USD_x_1.00,730,34,18,0.0012825260976617,11232.0,14.405333128936215,39952.183059785566
NO2_CLD,NO2,Hospital Admissions,Chronic Lung Disease,UNIT_VALUE_CLD_HA,Escenario económico alto,UNIT_VALUE_CLD_HA_2015_USD_x_1.20,0,1,1,0.038624553500357,18450.0,712.6230120815866,1976410.0403974345
NO2_CLD,NO2,Hospital Admissions,Chronic Lung Disease,UNIT_VALUE_CLD_HA,Escenario económico alto,UNIT_VALUE_CLD_HA_2015_USD_x_1.20,1,2,1,0.0214421497614719,18450.0,395.6076630991566,1097190.1610690937
NO2_CLD,NO2,Hospital Admissions,Chronic Lung Disease,UNIT_VALUE_CLD_HA,Escenario económico alto,UNIT_VALUE_CLD_HA_2015_USD_x_1.20,2,3,1,0.0003958959885258,18450.0,7.30428098830101,20257.91202138367
NO2_CLD,NO2,Hospital Admissions,Chronic Lung Disease,UNIT_VALUE_CLD_HA,Escenario económico alto,UNIT_VALUE_CLD_HA_2015_USD_x_1.20,41,1,2,0.0316597456590578,18450.0,584.1223074096164,1620022.3310390522
NO2_CLD,NO2,Hospital Admissions,Chronic Lung Disease,UNIT_VALUE_CLD_HA,Escenario económico alto,UNIT_VALUE_CLD_HA_2015_USD_x_1.20,42,2,2,0.049545559242222,18450.0,914.115568018996,2535235.539810924
NO2_CLD,NO2,Hospital Admissions,Chronic Lung Disease,UNIT_VALUE_CLD_HA,Escenario económico alto,UNIT_VALUE_CLD_HA_2015_USD_x_1.20,43,3,2,0.0382616631772855,18450.0,705.9276856209175,1957841.021131621
NO2_CLD,NO2,Hospital Admissions,Chronic Lung Disease,UNIT_VALUE_CLD_HA,Escenario económico alto,UNIT_VALUE_CLD_HA_2015_USD_x_1.20,44,4,2,0.0051768035463699,18450.0,95.51202543052464,264895.91668977996
NO2_CLD,NO2,Hospital Admissions,Chronic Lung Disease,UNIT_VALUE_CLD_HA,Escenario económico alto,UNIT_VALUE_CLD_HA_2015_USD_x_1.20,82,1,3,0.003569734763038,18450.0,65.8616063780511,182662.55497707828
NO2_CLD,NO2,Hospital Admissions,Chronic Lung Disease,UNIT_VALUE_CLD_HA,Escenario económico alto,UNIT_VALUE_CLD_HA_2015_USD_x_1.20,83,2,3,0.022627028433438,18450.0,417.4686745969311,1157820.1461873667
NO2_CLD,NO2,Hospital Admissions,Chronic Lung Disease,UNIT_VALUE_CLD_HA,Escenario económico alto,UNIT_VALUE_CLD_HA_2015_USD_x_1.20,84,3,3,0.0507798401063393,18450.0,936.8880499619601,2598393.4244059986
NO2_CLD,NO2,Hospital Admissions,Chronic Lung Disease,UNIT_VALUE_CLD_HA,Escenario económico alto,UNIT_VALUE_CLD_HA_2015_USD_x_1.20,85,4,3,0.0505591827063073,18450.0,932.8169209313696,2587102.433018688
NO2_CLD,NO2,Hospital Admissions,Chronic Lung Disease,UNIT_VALUE_CLD_HA,Escenario económico alto,UNIT_VALUE_CLD_HA_2015_USD_x_1.20,86,5,3,0.0374219722360261,18450.0,690.4353877546815,1914874.2174604663
NO2_CLD,NO2,Hospital Admissions,Chronic Lung Disease,UNIT_VALUE_CLD_HA,Escenario económico alto,UNIT_VALUE_CLD_HA_2015_USD_x_1.20,87,6,3,0.0127633414650343,18450.0,235.48365002988285,653097.419502378
NO2_CLD,NO2,Hospital Admissions,Chronic Lung Disease,UNIT_VALUE_CLD_HA,Escenario económico alto,UNIT_VALUE_CLD_HA_2015_USD_x_1.20,91,10,3,0.0029584370309718,18450.0,54.583163221429714,151382.5823732098
NO2_CLD,NO2,Hospital Admissions,Chronic Lung Disease,UNIT_VALUE_CLD_HA,Escenario económico alto,UNIT_VALUE_CLD_HA_2015_USD_x_1.20,125,3,4,0.0213292106101474,18450.0,393.52393575721953,1091411.0891471454
NO2_CLD,NO2,Hospital Admissions,Chronic Lung Disease,UNIT_VALUE_CLD_HA,Escenario económico alto,UNIT_VALUE_CLD_HA_2015_USD_x_1.20,126,4,4,0.0524947213858895,18450.0,968.5276095696613,2686143.5282087857
NO2_CLD,NO2,Hospital Admissions,Chronic Lung Disease,UNIT_VALUE_CLD_HA,Escenario económico alto,UNIT_VALUE_CLD_HA_2015_USD_x_1.20,127,5,4,0.051895017688034,18450.0,957.4630763442273,2655456.81982537
NO2_CLD,NO2,Hospital Admissions,Chronic Lung Disease,UNIT_VALUE_CLD_HA,Escenario económico alto,UNIT_VALUE_CLD_HA_2015_USD_x_1.20,128,6,4,0.0520028572350805,18450.0,959.4527159872353,2660974.9461004776
NO2_CLD,NO2,Hospital Admissions,Chronic Lung Disease,UNIT_VALUE_CLD_HA,Escenario económico alto,UNIT_VALUE_CLD_HA_2015_USD_x_1.20,129,7,4,0.0404979051328741,18450.0,747.1863497015272,2072269.0378527064
NO2_CLD,NO2,Hospital Admissions,Chronic Lung Disease,UNIT_VALUE_CLD_HA,Escenario económico alto,UNIT_VALUE_CLD_HA_2015_USD_x_1.20,130,8,4,0.0285876855003391,18450.0,527.4427974812564,1462825.6778184408
NO2_CLD,NO2,Hospital Admissions,Chronic Lung Disease,UNIT_VALUE_CLD_HA,Escenario económico alto,UNIT_VALUE_CLD_HA_2015_USD_x_1.20,131,9,4,0.0289407848797625,18450.0,533.9574810316182,1480893.6966175206
NO2_CLD,NO2,Hospital Admissions,Chronic Lung Disease,UNIT_VALUE_CLD_HA,Escenario económico alto,UNIT_VALUE_CLD_HA_2015_USD_x_1.20,132,10,4,0.0491670027919122,18450.0,907.13120151078,2515864.8882060423
NO2_CLD,NO2,Hospital Admissions,Chronic Lung Disease,UNIT_VALUE_CLD_HA,Escenario económico alto,UNIT_VALUE_CLD_HA_2015_USD_x_1.20,133,11,4,0.041426819423613,18450.0,764.3248183656599,2119801.380999872
NO2_CLD,NO2,Hospital Admissions,Chronic Lung Disease,UNIT_VALUE_CLD_HA,Escenario económico alto,UNIT_VALUE_CLD_HA_2015_USD_x_1.20,134,12,4,0.0379922351694193,18450.0,700.9567388757861,1944054.4483002713
NO2_CLD,NO2,Hospital Admissions,Chronic Lung Disease,UNIT_VALUE_CLD_HA,Escenario económico alto,UNIT_VALUE_CLD_HA_2015_USD_x_1.20,135,13,4,0.0160371993270962,18450.0,295.88632758492486,820620.0175138582
NO2_CLD,NO2,Hospital Admissions,Chronic Lung Disease,UNIT_VALUE_CLD_HA,Escenario económico alto,UNIT_VALUE_CLD_HA_2015_USD_x_1.20,136,14,4,0.0034903059887923,18450.0,64.39614549321794,178598.20179525545
NO2_CLD,NO2,Hospital Admissions,Chronic Lung Disease,UNIT_VALUE_CLD_HA,Escenario económico alto,UNIT_VALUE_CLD_HA_2015_USD_x_1.20,166,3,5,3.248933519709782e-05,18450.0,0.5994282343864548,1662.4722480944251
NO2_CLD,NO2,Hospital Admissions,Chronic Lung Disease,UNIT_VALUE_CLD_HA,Escenario económico alto,UNIT_VALUE_CLD_HA_2015_USD_x_1.20,167,4,5,0.0357877921196355,18450.0,660.284764607275,1831253.5747047544
NO2_CLD,NO2,Hospital Admissions,Chronic Lung Disease,UNIT_VALUE_CLD_HA,Escenario económico alto,UNIT_VALUE_CLD_HA_2015_USD_x_1.20,168,5,5,0.0524125280638002,18450.0,967.0111427771137,2681937.7137123304
NO2_CLD,NO2,Hospital Admissions,Chronic Lung Disease,UNIT_VALUE_CLD_HA,Escenario económico alto,UNIT_VALUE_CLD_HA_2015_USD_x_1.20,169,6,5,0.0515956532726292,18450.0,951.9398028800088,2640138.4075015024
NO2_CLD,NO2,Hospital Admissions,Chronic Lung Disease,UNIT_VALUE_CLD_HA,Escenario económico alto,UNIT_VALUE_CLD_HA_2015_USD_x_1.20,170,7,5,0.0510391627899863,18450.0,941.6725534752472,2611662.909984855
NO2_CLD,NO2,Hospital Admissions,Chronic Lung Disease,UNIT_VALUE_CLD_HA,Escenario económico alto,UNIT_VALUE_CLD_HA_2015_USD_x_1.20,171,8,5,0.0525099176899532,18450.0,968.8079813796365,2686921.119797725
NO2_CLD,NO2,Hospital Admissions,Chronic Lung Disease,UNIT_VALUE_CLD_HA,Escenario económico alto,UNIT_VALUE_CLD_HA_2015_USD_x_1.20,172,9,5,0.0527105584466737,18450.0,972.5098033411298,2697187.8638803894
NO2_CLD,NO2,Hospital Admissions,Chronic Lung Disease,UNIT_VALUE_CLD_HA,Escenario económico alto,UNIT_VALUE_CLD_HA_2015_USD_x_1.20,173,10,5,0.0525968130809869,18450.0,970.4112013442083,2691367.5381440674
NO2_CLD,NO2,Hospital Admissions,Chronic Lung Disease,UNIT_VALUE_CLD_HA,Escenario económico alto,UNIT_VALUE_CLD_HA_2015_USD_x_1.20,174,11,5,0.0527521800157341,18450.0,973.277721290294,2699317.63055814
NO2_CLD,NO2,Hospital Admissions,Chronic Lung Disease,UNIT_VALUE_CLD_HA,Escenario económico alto,UNIT_VALUE_CLD_HA_2015_USD_x_1.20,175,12,5,0.0523943014219699,18450.0,966.6748612353447,2681005.0603959416
NO2_CLD,NO2,Hospital Admissions,Chronic Lung Disease,UNIT_VALUE_CLD_HA,Escenario económico alto,UNIT_VALUE_CLD_HA_2015_USD_x_1.20,176,13,5,0.0524597549506191,18450.0,967.8824788389225,2684354.3032862325
NO2_CLD,NO2,Hospital Admissions,Chronic Lung Disease,UNIT_VALUE_CLD_HA,Escenario económico alto,UNIT_VALUE_CLD_HA_2015_USD_x_1.20,177,14,5,0.0496989789066165,18450.0,916.9461608270744,2543085.990822633
NO2_CLD,NO2,Hospital Admissions,Chronic Lung Disease,UNIT_VALUE_CLD_HA,Escenario económico alto,UNIT_VALUE_CLD_HA_2015_USD_x_1.20,178,15,5,0.0186249169563929,18450.0,343.629717845449,953032.9683641036
NO2_CLD,NO2,Hospital Admissions,Chronic Lung Disease,UNIT_VALUE_CLD_HA,Escenario económico alto,UNIT_VALUE_CLD_HA_2015_USD_x_1.20,208,4,6,0.0277405819313746,18450.0,511.81373663386137,1419479.5715924501
NO2_CLD,NO2,Hospital Admissions,Chronic Lung Disease,UNIT_VALUE_CLD_HA,Escenario económico alto,UNIT_VALUE_CLD_HA_2015_USD_x_1.20,209,5,6,0.0126084997290928,18450.0,232.62682000176216,645174.2013974872
NO2_CLD,NO2,Hospital Admissions,Chronic Lung Disease,UNIT_VALUE_CLD_HA,Escenario económico alto,UNIT_VALUE_CLD_HA_2015_USD_x_1.20,210,6,6,0.0162305770018271,18450.0,299.45414568371,830515.1112635718
NO2_CLD,NO2,Hospital Admissions,Chronic Lung Disease,UNIT_VALUE_CLD_HA,Escenario económico alto,UNIT_VALUE_CLD_HA_2015_USD_x_1.20,211,7,6,0.051790233366552,18450.0,955.5298056128844,2650095.028780942
NO2_CLD,NO2,Hospital Admissions,Chronic Lung Disease,UNIT_VALUE_CLD_HA,Escenario económico alto,UNIT_VALUE_CLD_HA_2015_USD_x_1.20,212,8,6,0.0534140372948058,18450.0,985.488988089167,2733184.724236138
NO2_CLD,NO2,Hospital Admissions,Chronic Lung Disease,UNIT_VALUE_CLD_HA,Escenario económico alto,UNIT_VALUE_CLD_HA_2015_USD_x_1.20,213,9,6,0.0520096441069902,18450.0,959.5779337739692,2661322.228866739
NO2_CLD,NO2,Hospital Admissions,Chronic Lung Disease,UNIT_VALUE_CLD_HA,Escenario económico alto,UNIT_VALUE_CLD_HA_2015_USD_x_1.20,214,10,6,0.0508852246246363,18450.0,938.8323943245398,2603785.927391508
NO2_CLD,NO2,Hospital Admissions,Chronic Lung Disease,UNIT_VALUE_CLD_HA,Escenario económico alto,UNIT_VALUE_CLD_HA_2015_USD_x_1.20,215,11,6,0.0535752140387339,18450.0,988.4626990146405,2741432.1033281744
NO2_CLD,NO2,Hospital Admissions,Chronic Lung Disease,UNIT_VALUE_CLD_HA,Escenario económico alto,UNIT_VALUE_CLD_HA_2015_USD_x_1.20,216,12,6,0.0530647822142904,18450.0,979.0452318536579,2715313.4173798906
NO2_CLD,NO2,Hospital Admissions,Chronic Lung Disease,UNIT_VALUE_CLD_HA,Escenario económico alto,UNIT_VALUE_CLD_HA_2015_USD_x_1.20,217,13,6,0.0519170798903476,18450.0,957.8701239769132,2656585.7379412903
NO2_CLD,NO2,Hospital Admissions,Chronic Lung Disease,UNIT_VALUE_CLD_HA,Escenario económico alto,UNIT_VALUE_CLD_HA_2015_USD_x_1.20,218,14,6,0.0450823110683828,18450.0,831.7686392116626,2306852.0970488014
NO2_CLD,NO2,Hospital Admissions,Chronic Lung Disease,UNIT_VALUE_CLD_HA,Escenario económico alto,UNIT_VALUE_CLD_HA_2015_USD_x_1.20,219,15,6,0.0030156729867014,18450.0,55.63916660464083,154311.333836309
NO2_CLD,NO2,Hospital Admissions,Chronic Lung Disease,UNIT_VALUE_CLD_HA,Escenario económico alto,UNIT_VALUE_CLD_HA_2015_USD_x_1.20,251,6,7,4.424805598073638e-05,18450.0,0.8163766328445862,2264.1634448301606
NO2_CLD,NO2,Hospital Admissions,Chronic Lung Disease,UNIT_VALUE_CLD_HA,Escenario económico alto,UNIT_VALUE_CLD_HA_2015_USD_x_1.20,252,7,7,0.0168698134594301,18450.0,311.2480583264853,863224.7024044241
NO2_CLD,NO2,Hospital Admissions,Chronic Lung Disease,UNIT_VALUE_CLD_HA,Escenario económico alto,UNIT_VALUE_CLD_HA_2015_USD_x_1.20,253,8,7,0.044710389033021,18450.0,824.9066776592374,2287820.9270204585
NO2_CLD,NO2,Hospital Admissions,Chronic Lung Disease,UNIT_VALUE_CLD_HA,Escenario económico alto,UNIT_VALUE_CLD_HA_2015_USD_x_1.20,254,9,7,0.0500979076377387,18450.0,924.306395916279,2563499.0876260856
NO2_CLD,NO2,Hospital Admissions,Chronic Lung Disease,UNIT_VALUE_CLD_HA,Escenario económico alto,UNIT_VALUE_CLD_HA_2015_USD_x_1.20,255,10,7,0.0503349717946829,18450.0,928.6802296118996,2575629.6092125303
NO2_CLD,NO2,Hospital Admissions,Chronic Lung Disease,UNIT_VALUE_CLD_HA,Escenario económico alto,UNIT_VALUE_CLD_HA_2015_USD_x_1.20,256,11,7,0.0510178616963267,18450.0,941.2795482972276,2610572.93763398
NO2_CLD,NO2,Hospital Admissions,Chronic Lung Disease,UNIT_VALUE_CLD_HA,Escenario económico alto,UNIT_VALUE_CLD_HA_2015_USD_x_1.20,257,12,7,0.0506783537180984,18450.0,935.0156260989155,2593200.387891515
NO2_CLD,NO2,Hospital Admissions,Chronic Lung Disease,UNIT_VALUE_CLD_HA,Escenario económico alto,UNIT_VALUE_CLD_HA_2015_USD_x_1.20,258,13,7,0.0519536139975187,18450.0,958.54417825422,2658455.1802956015
NO2_CLD,NO2,Hospital Admissions,Chronic Lung Disease,UNIT_VALUE_CLD_HA,Escenario económico alto,UNIT_VALUE_CLD_HA_2015_USD_x_1.20,259,14,7,0.0265904690314163,18450.0,490.5941536296307,1360628.5435010265
NO2_CLD,NO2,Hospital Admissions,Chronic Lung Disease,UNIT_VALUE_CLD_HA,Escenario económico alto,UNIT_VALUE_CLD_HA_2015_USD_x_1.20,294,8,8,0.0060566123649896,18450.0,111.74449813405812,309915.5434599408
NO2_CLD,NO2,Hospital Admissions,Chronic Lung Disease,UNIT_VALUE_CLD_HA,Escenario económico alto,UNIT_VALUE_CLD_HA_2015_USD_x_1.20,295,9,8,0.0347508548191386,18450.0,641.1532714131072,1778193.7175352538
NO2_CLD,NO2,Hospital Admissions,Chronic Lung Disease,UNIT_VALUE_CLD_HA,Escenario económico alto,UNIT_VALUE_CLD_HA_2015_USD_x_1.20,296,10,8,0.0519602034425825,18450.0,958.6657535156471,2658792.360772901
NO2_CLD,NO2,Hospital Admissions,Chronic Lung Disease,UNIT_VALUE_CLD_HA,Escenario económico alto,UNIT_VALUE_CLD_HA_2015_USD_x_1.20,297,11,8,0.0522653928417357,18450.0,964.2964979300237,2674408.8362540654
NO2_CLD,NO2,Hospital Admissions,Chronic Lung Disease,UNIT_VALUE_CLD_HA,Escenario económico alto,UNIT_VALUE_CLD_HA_2015_USD_x_1.20,298,12,8,0.0539130376647933,18450.0,994.6955449154364,2758718.4651348186
NO2_CLD,NO2,Hospital Admissions,Chronic Lung Disease,UNIT_VALUE_CLD_HA,Escenario económico alto,UNIT_VALUE_CLD_HA_2015_USD_x_1.20,299,13,8,0.0516021861169143,18450.0,952.0603338570688,2640472.6917292103
NO2_CLD,NO2,Hospital Admissions,Chronic Lung Disease,UNIT_VALUE_CLD_HA,Escenario económico alto,UNIT_VALUE_CLD_HA_2015_USD_x_1.20,300,14,8,0.0380357276403899,18450.0,701.7591749651937,1946279.948623717
NO2_CLD,NO2,Hospital Admissions,Chronic Lung Disease,UNIT_VALUE_CLD_HA,Escenario económico alto,UNIT_VALUE_CLD_HA_2015_USD_x_1.20,301,15,8,0.0206902660998913,18450.0,381.7354095429945,1058716.4368888272
NO2_CLD,NO2,Hospital Admissions,Chronic Lung Disease,UNIT_VALUE_CLD_HA,Escenario económico alto,UNIT_VALUE_CLD_HA_2015_USD_x_1.20,302,16,8,0.0187935659282688,18450.0,346.7412913765594,961662.699742491
NO2_CLD,NO2,Hospital Admissions,Chronic Lung Disease,UNIT_VALUE_CLD_HA,Escenario económico alto,UNIT_VALUE_CLD_HA_2015_USD_x_1.20,303,17,8,0.0147892616202139,18450.0,272.8618768929465,756763.3152312046
NO2_CLD,NO2,Hospital Admissions,Chronic Lung Disease,UNIT_VALUE_CLD_HA,Escenario económico alto,UNIT_VALUE_CLD_HA_2015_USD_x_1.20,304,18,8,0.0048095586282052,18450.0,88.73635669038593,246104.07373581704
NO2_CLD,NO2,Hospital Admissions,Chronic Lung Disease,UNIT_VALUE_CLD_HA,Escenario económico alto,UNIT_VALUE_CLD_HA_2015_USD_x_1.20,337,10,9,0.0073562068762346,18450.0,135.72201686652838,376415.5132381358
NO2_CLD,NO2,Hospital Admissions,Chronic Lung Disease,UNIT_VALUE_CLD_HA,Escenario económico alto,UNIT_VALUE_CLD_HA_2015_USD_x_1.20,338,11,9,0.0435536170865308,18450.0,803.5642352464932,2228629.156959682
NO2_CLD,NO2,Hospital Admissions,Chronic Lung Disease,UNIT_VALUE_CLD_HA,Escenario económico alto,UNIT_VALUE_CLD_HA_2015_USD_x_1.20,339,12,9,0.0518668417142446,18450.0,956.9432296278128,2654015.0613466646
NO2_CLD,NO2,Hospital Admissions,Chronic Lung Disease,UNIT_VALUE_CLD_HA,Escenario económico alto,UNIT_VALUE_CLD_HA_2015_USD_x_1.20,340,13,9,0.0524737367335103,18450.0,968.1404427332651,2685069.748089719
NO2_CLD,NO2,Hospital Admissions,Chronic Lung Disease,UNIT_VALUE_CLD_HA,Escenario económico alto,UNIT_VALUE_CLD_HA_2015_USD_x_1.20,341,14,9,0.0528071690182992,18450.0,974.2922683876203,2702131.405914278
NO2_CLD,NO2,Hospital Admissions,Chronic Lung Disease,UNIT_VALUE_CLD_HA,Escenario económico alto,UNIT_VALUE_CLD_HA_2015_USD_x_1.20,342,15,9,0.0516902659423652,18450.0,953.6854066366379,2644979.7173282504
NO2_CLD,NO2,Hospital Admissions,Chronic Lung Disease,UNIT_VALUE_CLD_HA,Escenario económico alto,UNIT_VALUE_CLD_HA_2015_USD_x_1.20,343,16,9,0.0521603564162896,18450.0,962.3585758805431,2669034.1451043743
NO2_CLD,NO2,Hospital Admissions,Chronic Lung Disease,UNIT_VALUE_CLD_HA,Escenario económico alto,UNIT_VALUE_CLD_HA_2015_USD_x_1.20,344,17,9,0.0512875174864825,18450.0,946.254697625602,2624371.166035773
NO2_CLD,NO2,Hospital Admissions,Chronic Lung Disease,UNIT_VALUE_CLD_HA,Escenario económico alto,UNIT_VALUE_CLD_HA_2015_USD_x_1.20,345,18,9,0.0504561114820612,18450.0,930.9152568440292,2581828.3007889357
NO2_CLD,NO2,Hospital Admissions,Chronic Lung Disease,UNIT_VALUE_CLD_HA,Escenario económico alto,UNIT_VALUE_CLD_HA_2015_USD_x_1.20,346,19,9,0.0200741821217299,18450.0,370.36866014591664,1027191.5531084895
NO2_CLD,NO2,Hospital Admissions,Chronic Lung Disease,UNIT_VALUE_CLD_HA,Escenario económico alto,UNIT_VALUE_CLD_HA_2015_USD_x_1.20,347,20,9,0.0012726021962403,18450.0,23.479510520633532,65118.77886324065
NO2_CLD,NO2,Hospital Admissions,Chronic Lung Disease,UNIT_VALUE_CLD_HA,Escenario económico alto,UNIT_VALUE_CLD_HA_2015_USD_x_1.20,348,21,9,0.019059593571859,18450.0,351.64950140079856,975275.2766700167
NO2_CLD,NO2,Hospital Admissions,Chronic Lung Disease,UNIT_VALUE_CLD_HA,Escenario económico alto,UNIT_VALUE_CLD_HA_2015_USD_x_1.20,349,22,9,0.0176915094234793,18450.0,326.4083488631931,905270.7069876456
NO2_CLD,NO2,Hospital Admissions,Chronic Lung Disease,UNIT_VALUE_CLD_HA,Escenario económico alto,UNIT_VALUE_CLD_HA_2015_USD_x_1.20,350,23,9,0.0248153870615958,18450.0,457.8438912864425,1269797.9834105582
NO2_CLD,NO2,Hospital Admissions,Chronic Lung Disease,UNIT_VALUE_CLD_HA,Escenario económico alto,UNIT_VALUE_CLD_HA_2015_USD_x_1.20,351,24,9,0.0184477841947466,18450.0,340.36161839307476,943969.1232999053
NO2_CLD,NO2,Hospital Admissions,Chronic Lung Disease,UNIT_VALUE_CLD_HA,Escenario económico alto,UNIT_VALUE_CLD_HA_2015_USD_x_1.20,352,25,9,0.0070759007311527,18450.0,130.5503684897673,362072.3084805753
NO2_CLD,NO2,Hospital Admissions,Chronic Lung Disease,UNIT_VALUE_CLD_HA,Escenario económico alto,UNIT_VALUE_CLD_HA_2015_USD_x_1.20,353,26,9,1.6825160773336653e-05,18450.0,0.3104242162680612,860.939834124329
NO2_CLD,NO2,Hospital Admissions,Chronic Lung Disease,UNIT_VALUE_CLD_HA,Escenario económico alto,UNIT_VALUE_CLD_HA_2015_USD_x_1.20,360,33,9,0.0151096849724707,18450.0,278.7736877420844,773159.3087945291
NO2_CLD,NO2,Hospital Admissions,Chronic Lung Disease,UNIT_VALUE_CLD_HA,Escenario económico alto,UNIT_VALUE_CLD_HA_2015_USD_x_1.20,361,34,9,0.0121910417622561,18450.0,224.92472051362503,623812.967614103
NO2_CLD,NO2,Hospital Admissions,Chronic Lung Disease,UNIT_VALUE_CLD_HA,Escenario económico alto,UNIT_VALUE_CLD_HA_2015_USD_x_1.20,379,11,10,0.0317530504219966,18450.0,585.8437802858373,1624796.7155581496
NO2_CLD,NO2,Hospital Admissions,Chronic Lung Disease,UNIT_VALUE_CLD_HA,Escenario económico alto,UNIT_VALUE_CLD_HA_2015_USD_x_1.20,380,12,10,0.0524271293200607,18450.0,967.28053595512,2682684.8568340084
NO2_CLD,NO2,Hospital Admissions,Chronic Lung Disease,UNIT_VALUE_CLD_HA,Escenario económico alto,UNIT_VALUE_CLD_HA_2015_USD_x_1.20,381,13,10,0.0523985961139474,18450.0,966.7540983023295,2681224.8188546295
NO2_CLD,NO2,Hospital Admissions,Chronic Lung Disease,UNIT_VALUE_CLD_HA,Escenario económico alto,UNIT_VALUE_CLD_HA_2015_USD_x_1.20,382,14,10,0.051266077947505,18450.0,945.8591381314673,2623274.1094679553
NO2_CLD,NO2,Hospital Admissions,Chronic Lung Disease,UNIT_VALUE_CLD_HA,Escenario económico alto,UNIT_VALUE_CLD_HA_2015_USD_x_1.20,383,15,10,0.0517281931662665,18450.0,954.3851639176169,2646920.445164036
NO2_CLD,NO2,Hospital Admissions,Chronic Lung Disease,UNIT_VALUE_CLD_HA,Escenario económico alto,UNIT_VALUE_CLD_HA_2015_USD_x_1.20,384,16,10,0.0515267147887732,18450.0,950.6678878528655,2636610.840207773
NO2_CLD,NO2,Hospital Admissions,Chronic Lung Disease,UNIT_VALUE_CLD_HA,Escenario económico alto,UNIT_VALUE_CLD_HA_2015_USD_x_1.20,385,17,10,0.0513755141142617,18450.0,947.8782354081284,2628873.9344279654
NO2_CLD,NO2,Hospital Admissions,Chronic Lung Disease,UNIT_VALUE_CLD_HA,Escenario económico alto,UNIT_VALUE_CLD_HA_2015_USD_x_1.20,386,18,10,0.0513148148873515,18450.0,946.7583346716351,2625767.968128353
NO2_CLD,NO2,Hospital Admissions,Chronic Lung Disease,UNIT_VALUE_CLD_HA,Escenario económico alto,UNIT_VALUE_CLD_HA_2015_USD_x_1.20,387,19,10,0.0509959707719916,18450.0,940.875660743245,2609452.7837751377
NO2_CLD,NO2,Hospital Admissions,Chronic Lung Disease,UNIT_VALUE_CLD_HA,Escenario económico alto,UNIT_VALUE_CLD_HA_2015_USD_x_1.20,388,20,10,0.0507325424183505,18450.0,936.0154076185667,2595973.2119515613
NO2_CLD,NO2,Hospital Admissions,Chronic Lung Disease,UNIT_VALUE_CLD_HA,Escenario económico alto,UNIT_VALUE_CLD_HA_2015_USD_x_1.20,389,21,10,0.0512072803853843,18450.0,944.7743231103403,2620265.450943911
NO2_CLD,NO2,Hospital Admissions,Chronic Lung Disease,UNIT_VALUE_CLD_HA,Escenario económico alto,UNIT_VALUE_CLD_HA_2015_USD_x_1.20,390,22,10,0.0514817593032248,18450.0,949.8384591444976,2634310.4777451237
NO2_CLD,NO2,Hospital Admissions,Chronic Lung Disease,UNIT_VALUE_CLD_HA,Escenario económico alto,UNIT_VALUE_CLD_HA_2015_USD_x_1.20,391,23,10,0.0511343572464901,18450.0,943.4288911977422,2616533.989714554
NO2_CLD,NO2,Hospital Admissions,Chronic Lung Disease,UNIT_VALUE_CLD_HA,Escenario económico alto,UNIT_VALUE_CLD_HA_2015_USD_x_1.20,392,24,10,0.0517026528656831,18450.0,953.9139453718533,2645613.553512659
NO2_CLD,NO2,Hospital Admissions,Chronic Lung Disease,UNIT_VALUE_CLD_HA,Escenario económico alto,UNIT_VALUE_CLD_HA_2015_USD_x_1.20,393,25,10,0.0521250991662961,18450.0,961.7080796181631,2667230.039255402
NO2_CLD,NO2,Hospital Admissions,Chronic Lung Disease,UNIT_VALUE_CLD_HA,Escenario económico alto,UNIT_VALUE_CLD_HA_2015_USD_x_1.20,394,26,10,0.0382328728794693,18450.0,705.3965046262085,1956367.8278254655
NO2_CLD,NO2,Hospital Admissions,Chronic Lung Disease,UNIT_VALUE_CLD_HA,Escenario económico alto,UNIT_VALUE_CLD_HA_2015_USD_x_1.20,395,27,10,0.0173499906758752,18450.0,320.1073279698974,887795.2666115526
NO2_CLD,NO2,Hospital Admissions,Chronic Lung Disease,UNIT_VALUE_CLD_HA,Escenario económico alto,UNIT_VALUE_CLD_HA_2015_USD_x_1.20,396,28,10,0.0041672027467323,18450.0,76.88489067721093,213234.8623508971
NO2_CLD,NO2,Hospital Admissions,Chronic Lung Disease,UNIT_VALUE_CLD_HA,Escenario económico alto,UNIT_VALUE_CLD_HA_2015_USD_x_1.20,397,29,10,0.0015160725839778,18450.0,27.971539174390408,77577.10589242958
NO2_CLD,NO2,Hospital Admissions,Chronic Lung Disease,UNIT_VALUE_CLD_HA,Escenario económico alto,UNIT_VALUE_CLD_HA_2015_USD_x_1.20,398,30,10,0.0058416118141803,18450.0,107.77773797162652,298914.0118226481
NO2_CLD,NO2,Hospital Admissions,Chronic Lung Disease,UNIT_VALUE_CLD_HA,Escenario económico alto,UNIT_VALUE_CLD_HA_2015_USD_x_1.20,400,32,10,0.0039797657057756,18450.0,73.42667727155983,203643.74954526217
NO2_CLD,NO2,Hospital Admissions,Chronic Lung Disease,UNIT_VALUE_CLD_HA,Escenario económico alto,UNIT_VALUE_CLD_HA_2015_USD_x_1.20,401,33,10,0.0488606416709394,18450.0,901.4788388288318,2500188.455973047
NO2_CLD,NO2,Hospital Admissions,Chronic Lung Disease,UNIT_VALUE_CLD_HA,Escenario económico alto,UNIT_VALUE_CLD_HA_2015_USD_x_1.20,402,34,10,0.0450766361731934,18450.0,831.6639373954182,2306561.7138905744
NO2_CLD,NO2,Hospital Admissions,Chronic Lung Disease,UNIT_VALUE_CLD_HA,Escenario económico alto,UNIT_VALUE_CLD_HA_2015_USD_x_1.20,403,35,10,0.0004097731611313,18450.0,7.560314822872485,20968.003939199236
NO2_CLD,NO2,Hospital Admissions,Chronic Lung Disease,UNIT_VALUE_CLD_HA,Escenario económico alto,UNIT_VALUE_CLD_HA_2015_USD_x_1.20,420,11,11,0.0266417083350041,18450.0,491.5395187808257,1363250.4475723053
NO2_CLD,NO2,Hospital Admissions,Chronic Lung Disease,UNIT_VALUE_CLD_HA,Escenario económico alto,UNIT_VALUE_CLD_HA_2015_USD_x_1.20,421,12,11,0.0513087473650257,18450.0,946.6463888847242,2625457.4943245603
NO2_CLD,NO2,Hospital Admissions,Chronic Lung Disease,UNIT_VALUE_CLD_HA,Escenario económico alto,UNIT_VALUE_CLD_HA_2015_USD_x_1.20,422,13,11,0.0531001201970136,18450.0,979.6972176349009,2717121.654305163
NO2_CLD,NO2,Hospital Admissions,Chronic Lung Disease,UNIT_VALUE_CLD_HA,Escenario económico alto,UNIT_VALUE_CLD_HA_2015_USD_x_1.20,423,14,11,0.0518634564041616,18450.0,956.8807706567816,2653841.8357626377
NO2_CLD,NO2,Hospital Admissions,Chronic Lung Disease,UNIT_VALUE_CLD_HA,Escenario económico alto,UNIT_VALUE_CLD_HA_2015_USD_x_1.20,424,15,11,0.051524099278007,18450.0,950.6196316792292,2636477.0050881244
NO2_CLD,NO2,Hospital Admissions,Chronic Lung Disease,UNIT_VALUE_CLD_HA,Escenario económico alto,UNIT_VALUE_CLD_HA_2015_USD_x_1.20,425,16,11,0.0516122435712427,18450.0,952.2458938894279,2640987.329489756
NO2_CLD,NO2,Hospital Admissions,Chronic Lung Disease,UNIT_VALUE_CLD_HA,Escenario económico alto,UNIT_VALUE_CLD_HA_2015_USD_x_1.20,426,17,11,0.0515238553194453,18450.0,950.6151306437657,2636464.521781339
NO2_CLD,NO2,Hospital Admissions,Chronic Lung Disease,UNIT_VALUE_CLD_HA,Escenario económico alto,UNIT_VALUE_CLD_HA_2015_USD_x_1.20,427,18,11,0.052455986082435,18450.0,967.8129432209257,2684161.451117212
NO2_CLD,NO2,Hospital Admissions,Chronic Lung Disease,UNIT_VALUE_CLD_HA,Escenario económico alto,UNIT_VALUE_CLD_HA_2015_USD_x_1.20,428,19,11,0.0527668406502614,18450.0,973.5482099973228,2700067.812052875
NO2_CLD,NO2,Hospital Admissions,Chronic Lung Disease,UNIT_VALUE_CLD_HA,Escenario económico alto,UNIT_VALUE_CLD_HA_2015_USD_x_1.20,429,20,11,0.0504202952958934,18450.0,930.2544482092331,2579995.594296933
NO2_CLD,NO2,Hospital Admissions,Chronic Lung Disease,UNIT_VALUE_CLD_HA,Escenario económico alto,UNIT_VALUE_CLD_HA_2015_USD_x_1.20,430,21,11,0.0520539114903798,18450.0,960.3946669975073,2663587.381290897
NO2_CLD,NO2,Hospital Admissions,Chronic Lung Disease,UNIT_VALUE_CLD_HA,Escenario económico alto,UNIT_VALUE_CLD_HA_2015_USD_x_1.20,431,22,11,0.0502530785031858,18450.0,927.169298383778,2571439.147216521
NO2_CLD,NO2,Hospital Admissions,Chronic Lung Disease,UNIT_VALUE_CLD_HA,Escenario económico alto,UNIT_VALUE_CLD_HA_2015_USD_x_1.20,432,23,11,0.051973103045383,18450.0,958.9037511873164,2659452.430655439
NO2_CLD,NO2,Hospital Admissions,Chronic Lung Disease,UNIT_VALUE_CLD_HA,Escenario económico alto,UNIT_VALUE_CLD_HA_2015_USD_x_1.20,433,24,11,0.0512037189907906,18450.0,944.7086153800865,2620083.215153593
NO2_CLD,NO2,Hospital Admissions,Chronic Lung Disease,UNIT_VALUE_CLD_HA,Escenario económico alto,UNIT_VALUE_CLD_HA_2015_USD_x_1.20,434,25,11,0.0504243004308498,18450.0,930.3283429491788,2580200.5361855407
NO2_CLD,NO2,Hospital Admissions,Chronic Lung Disease,UNIT_VALUE_CLD_HA,Escenario económico alto,UNIT_VALUE_CLD_HA_2015_USD_x_1.20,435,26,11,0.0521836352818102,18450.0,962.7880709493982,2670225.319613189
NO2_CLD,NO2,Hospital Admissions,Chronic Lung Disease,UNIT_VALUE_CLD_HA,Escenario económico alto,UNIT_VALUE_CLD_HA_2015_USD_x_1.20,436,27,11,0.0526506089316059,18450.0,971.4037347881289,2694120.26017344
NO2_CLD,NO2,Hospital Admissions,Chronic Lung Disease,UNIT_VALUE_CLD_HA,Escenario económico alto,UNIT_VALUE_CLD_HA_2015_USD_x_1.20,437,28,11,0.0534598600711267,18450.0,986.3344183122877,2735529.465779848
NO2_CLD,NO2,Hospital Admissions,Chronic Lung Disease,UNIT_VALUE_CLD_HA,Escenario económico alto,UNIT_VALUE_CLD_HA_2015_USD_x_1.20,438,29,11,0.0493048116175882,18450.0,909.6737743445022,2522916.5359802726
NO2_CLD,NO2,Hospital Admissions,Chronic Lung Disease,UNIT_VALUE_CLD_HA,Escenario económico alto,UNIT_VALUE_CLD_HA_2015_USD_x_1.20,439,30,11,0.0494391525846642,18450.0,912.1523651870544,2529790.734180732
NO2_CLD,NO2,Hospital Admissions,Chronic Lung Disease,UNIT_VALUE_CLD_HA,Escenario económico alto,UNIT_VALUE_CLD_HA_2015_USD_x_1.20,440,31,11,0.0460594635885904,18450.0,849.7971032094929,2356852.7799543035
NO2_CLD,NO2,Hospital Admissions,Chronic Lung Disease,UNIT_VALUE_CLD_HA,Escenario económico alto,UNIT_VALUE_CLD_HA_2015_USD_x_1.20,441,32,11,0.0477265406292227,18450.0,880.5546746091588,2442156.7512012795
NO2_CLD,NO2,Hospital Admissions,Chronic Lung Disease,UNIT_VALUE_CLD_HA,Escenario económico alto,UNIT_VALUE_CLD_HA_2015_USD_x_1.20,442,33,11,0.0698302530297863,18450.0,1288.3681683995571,3573198.9292843835
NO2_CLD,NO2,Hospital Admissions,Chronic Lung Disease,UNIT_VALUE_CLD_HA,Escenario económico alto,UNIT_VALUE_CLD_HA_2015_USD_x_1.20,443,34,11,0.0514314078830391,18450.0,948.9094754420714,2631734.006475304
NO2_CLD,NO2,Hospital Admissions,Chronic Lung Disease,UNIT_VALUE_CLD_HA,Escenario económico alto,UNIT_VALUE_CLD_HA_2015_USD_x_1.20,444,35,11,0.0260098141281418,18450.0,479.88107066421617,1330916.557812257
NO2_CLD,NO2,Hospital Admissions,Chronic Lung Disease,UNIT_VALUE_CLD_HA,Escenario económico alto,UNIT_VALUE_CLD_HA_2015_USD_x_1.20,445,36,11,0.0338971325299207,18450.0,625.4020951770369,1734508.9328268494
NO2_CLD,NO2,Hospital Admissions,Chronic Lung Disease,UNIT_VALUE_CLD_HA,Escenario económico alto,UNIT_VALUE_CLD_HA_2015_USD_x_1.20,446,37,11,0.0046016367433178,18450.0,84.90019791421341,235464.75590121688
NO2_CLD,NO2,Hospital Admissions,Chronic Lung Disease,UNIT_VALUE_CLD_HA,Escenario económico alto,UNIT_VALUE_CLD_HA_2015_USD_x_1.20,461,11,12,0.0135929104486059,18450.0,250.78919777677885,695546.2847900518
NO2_CLD,NO2,Hospital Admissions,Chronic Lung Disease,UNIT_VALUE_CLD_HA,Escenario económico alto,UNIT_VALUE_CLD_HA_2015_USD_x_1.20,462,12,12,0.044309879984726,18450.0,817.5172857181947,2267326.9657294126
NO2_CLD,NO2,Hospital Admissions,Chronic Lung Disease,UNIT_VALUE_CLD_HA,Escenario económico alto,UNIT_VALUE_CLD_HA_2015_USD_x_1.20,463,13,12,0.0467720629845994,18450.0,862.9445620658589,2393316.336770315
NO2_CLD,NO2,Hospital Admissions,Chronic Lung Disease,UNIT_VALUE_CLD_HA,Escenario económico alto,UNIT_VALUE_CLD_HA_2015_USD_x_1.20,464,14,12,0.0487497124221351,18450.0,899.4321941883926,2494512.2303279135
NO2_CLD,NO2,Hospital Admissions,Chronic Lung Disease,UNIT_VALUE_CLD_HA,Escenario económico alto,UNIT_VALUE_CLD_HA_2015_USD_x_1.20,465,15,12,0.0502977361288322,18450.0,927.993231576954,2573724.2682524715
NO2_CLD,NO2,Hospital Admissions,Chronic Lung Disease,UNIT_VALUE_CLD_HA,Escenario económico alto,UNIT_VALUE_CLD_HA_2015_USD_x_1.20,466,16,12,0.0517021404667505,18450.0,953.9044916115467,2645587.334170212
NO2_CLD,NO2,Hospital Admissions,Chronic Lung Disease,UNIT_VALUE_CLD_HA,Escenario económico alto,UNIT_VALUE_CLD_HA_2015_USD_x_1.20,467,17,12,0.0516957181370601,18450.0,953.7859996287589,2645258.7049503885
NO2_CLD,NO2,Hospital Admissions,Chronic Lung Disease,UNIT_VALUE_CLD_HA,Escenario económico alto,UNIT_VALUE_CLD_HA_2015_USD_x_1.20,468,18,12,0.0342866457001032,18450.0,632.5886131669041,1754440.2374154867
NO2_CLD,NO2,Hospital Admissions,Chronic Lung Disease,UNIT_VALUE_CLD_HA,Escenario económico alto,UNIT_VALUE_CLD_HA_2015_USD_x_1.20,469,19,12,0.0220434280673914,18450.0,406.7012478433713,1127957.4418062412
NO2_CLD,NO2,Hospital Admissions,Chronic Lung Disease,UNIT_VALUE_CLD_HA,Escenario económico alto,UNIT_VALUE_CLD_HA_2015_USD_x_1.20,470,20,12,0.0088874407751284,18450.0,163.97328230111899,454768.4203323924
NO2_CLD,NO2,Hospital Admissions,Chronic Lung Disease,UNIT_VALUE_CLD_HA,Escenario económico alto,UNIT_VALUE_CLD_HA_2015_USD_x_1.20,471,21,12,0.0326044555649791,18450.0,601.5522051738644,1668362.9323953507
NO2_CLD,NO2,Hospital Admissions,Chronic Lung Disease,UNIT_VALUE_CLD_HA,Escenario económico alto,UNIT_VALUE_CLD_HA_2015_USD_x_1.20,472,22,12,0.0502384063112028,18450.0,926.8985964416917,2570688.3743292806
NO2_CLD,NO2,Hospital Admissions,Chronic Lung Disease,UNIT_VALUE_CLD_HA,Escenario económico alto,UNIT_VALUE_CLD_HA_2015_USD_x_1.20,473,23,12,0.0528840674899778,18450.0,975.7110451900904,2706066.2840615525
NO2_CLD,NO2,Hospital Admissions,Chronic Lung Disease,UNIT_VALUE_CLD_HA,Escenario económico alto,UNIT_VALUE_CLD_HA_2015_USD_x_1.20,474,24,12,0.0507646393845232,18450.0,936.607596644453,2597615.606761625
NO2_CLD,NO2,Hospital Admissions,Chronic Lung Disease,UNIT_VALUE_CLD_HA,Escenario económico alto,UNIT_VALUE_CLD_HA_2015_USD_x_1.20,475,25,12,0.0511205730983751,18450.0,943.1745736650206,2615828.657839778
NO2_CLD,NO2,Hospital Admissions,Chronic Lung Disease,UNIT_VALUE_CLD_HA,Escenario económico alto,UNIT_VALUE_CLD_HA_2015_USD_x_1.20,476,26,12,0.0530875004353807,18450.0,979.4643830327739,2716475.903834586
NO2_CLD,NO2,Hospital Admissions,Chronic Lung Disease,UNIT_VALUE_CLD_HA,Escenario económico alto,UNIT_VALUE_CLD_HA_2015_USD_x_1.20,477,27,12,0.0548845769613277,18450.0,1012.6204449364961,2808431.920600226
NO2_CLD,NO2,Hospital Admissions,Chronic Lung Disease,UNIT_VALUE_CLD_HA,Escenario económico alto,UNIT_VALUE_CLD_HA_2015_USD_x_1.20,478,28,12,0.0522290653879482,18450.0,963.6262564076443,2672549.9683086528
NO2_CLD,NO2,Hospital Admissions,Chronic Lung Disease,UNIT_VALUE_CLD_HA,Escenario económico alto,UNIT_VALUE_CLD_HA_2015_USD_x_1.20,479,29,12,0.053395418256995,18450.0,985.1454668415578,2732231.9921023813
NO2_CLD,NO2,Hospital Admissions,Chronic Lung Disease,UNIT_VALUE_CLD_HA,Escenario económico alto,UNIT_VALUE_CLD_HA_2015_USD_x_1.20,480,30,12,0.0527698832898651,18450.0,973.6043466980111,2700223.5032626647
NO2_CLD,NO2,Hospital Admissions,Chronic Lung Disease,UNIT_VALUE_CLD_HA,Escenario económico alto,UNIT_VALUE_CLD_HA_2015_USD_x_1.20,481,31,12,0.048555086082921,18450.0,895.8413382298925,2484553.2426869306
NO2_CLD,NO2,Hospital Admissions,Chronic Lung Disease,UNIT_VALUE_CLD_HA,Escenario económico alto,UNIT_VALUE_CLD_HA_2015_USD_x_1.20,482,32,12,0.0401700548934868,18450.0,741.1375127848315,2055493.0120828352
NO2_CLD,NO2,Hospital Admissions,Chronic Lung Disease,UNIT_VALUE_CLD_HA,Escenario económico alto,UNIT_VALUE_CLD_HA_2015_USD_x_1.20,483,33,12,0.0554694754210691,18450.0,1023.4118215187249,2838361.048154677
NO2_CLD,NO2,Hospital Admissions,Chronic Lung Disease,UNIT_VALUE_CLD_HA,Escenario económico alto,UNIT_VALUE_CLD_HA_2015_USD_x_1.20,484,34,12,0.0547897224225074,18450.0,1010.8703786952616,2803578.2343847994
NO2_CLD,NO2,Hospital Admissions,Chronic Lung Disease,UNIT_VALUE_CLD_HA,Escenario económico alto,UNIT_VALUE_CLD_HA_2015_USD_x_1.20,485,35,12,0.0711044706005588,18450.0,1311.8774825803098,3638400.3665127084
NO2_CLD,NO2,Hospital Admissions,Chronic Lung Disease,UNIT_VALUE_CLD_HA,Escenario económico alto,UNIT_VALUE_CLD_HA_2015_USD_x_1.20,486,36,12,0.0549621899096199,18450.0,1014.0524038324872,2812403.358361135
NO2_CLD,NO2,Hospital Admissions,Chronic Lung Disease,UNIT_VALUE_CLD_HA,Escenario económico alto,UNIT_VALUE_CLD_HA_2015_USD_x_1.20,487,37,12,0.0397702158487723,18450.0,733.7604824098489,2035033.3347299471
NO2_CLD,NO2,Hospital Admissions,Chronic Lung Disease,UNIT_VALUE_CLD_HA,Escenario económico alto,UNIT_VALUE_CLD_HA_2015_USD_x_1.20,488,38,12,0.0046824944623194,18450.0,86.39202282979294,239602.22787683262
NO2_CLD,NO2,Hospital Admissions,Chronic Lung Disease,UNIT_VALUE_CLD_HA,Escenario económico alto,UNIT_VALUE_CLD_HA_2015_USD_x_1.20,503,12,13,6.585209972128477e-05,18450.0,1.214971239857704,3369.6376857585515
NO2_CLD,NO2,Hospital Admissions,Chronic Lung Disease,UNIT_VALUE_CLD_HA,Escenario económico alto,UNIT_VALUE_CLD_HA_2015_USD_x_1.20,504,13,13,0.0003442020176676,18450.0,6.3505272259672205,17612.742724314267
NO2_CLD,NO2,Hospital Admissions,Chronic Lung Disease,UNIT_VALUE_CLD_HA,Escenario económico alto,UNIT_VALUE_CLD_HA_2015_USD_x_1.20,505,14,13,0.0179295971314101,18450.0,330.80106707451637,917453.6034564759
NO2_CLD,NO2,Hospital Admissions,Chronic Lung Disease,UNIT_VALUE_CLD_HA,Escenario económico alto,UNIT_VALUE_CLD_HA_2015_USD_x_1.20,506,15,13,0.041969743665013,18450.0,774.3417706194898,2147582.6968892114
NO2_CLD,NO2,Hospital Admissions,Chronic Lung Disease,UNIT_VALUE_CLD_HA,Escenario económico alto,UNIT_VALUE_CLD_HA_2015_USD_x_1.20,507,16,13,0.0218757480852976,18450.0,403.6075521737407,1119377.2934252177
NO2_CLD,NO2,Hospital Admissions,Chronic Lung Disease,UNIT_VALUE_CLD_HA,Escenario económico alto,UNIT_VALUE_CLD_HA_2015_USD_x_1.20,508,17,13,0.018839119056835,18450.0,347.5817465986058,963993.6434689711
NO2_CLD,NO2,Hospital Admissions,Chronic Lung Disease,UNIT_VALUE_CLD_HA,Escenario económico alto,UNIT_VALUE_CLD_HA_2015_USD_x_1.20,509,18,13,0.0002528530724644,18450.0,4.66513918696818,12938.43697531316
NO2_CLD,NO2,Hospital Admissions,Chronic Lung Disease,UNIT_VALUE_CLD_HA,Escenario económico alto,UNIT_VALUE_CLD_HA_2015_USD_x_1.20,513,22,13,0.0174638690122462,18450.0,322.2083832759424,893622.3964289969
NO2_CLD,NO2,Hospital Admissions,Chronic Lung Disease,UNIT_VALUE_CLD_HA,Escenario económico alto,UNIT_VALUE_CLD_HA_2015_USD_x_1.20,514,23,13,0.0470272620072639,18450.0,867.6529840340189,2406374.815509469
NO2_CLD,NO2,Hospital Admissions,Chronic Lung Disease,UNIT_VALUE_CLD_HA,Escenario económico alto,UNIT_VALUE_CLD_HA_2015_USD_x_1.20,515,24,13,0.0495135151111228,18450.0,913.5243538002156,2533595.848560132
NO2_CLD,NO2,Hospital Admissions,Chronic Lung Disease,UNIT_VALUE_CLD_HA,Escenario económico alto,UNIT_VALUE_CLD_HA_2015_USD_x_1.20,516,25,13,0.0240343514780678,18450.0,443.4337847703509,1229832.5616956342
NO2_CLD,NO2,Hospital Admissions,Chronic Lung Disease,UNIT_VALUE_CLD_HA,Escenario económico alto,UNIT_VALUE_CLD_HA_2015_USD_x_1.20,517,26,13,0.0251878031329035,18450.0,464.71496780206957,1288854.4331512938
NO2_CLD,NO2,Hospital Admissions,Chronic Lung Disease,UNIT_VALUE_CLD_HA,Escenario económico alto,UNIT_VALUE_CLD_HA_2015_USD_x_1.20,518,27,13,0.0414684550636484,18450.0,765.092995924313,2121931.867686367
NO2_CLD,NO2,Hospital Admissions,Chronic Lung Disease,UNIT_VALUE_CLD_HA,Escenario económico alto,UNIT_VALUE_CLD_HA_2015_USD_x_1.20,519,28,13,0.0518115724730455,18450.0,955.9235121276895,2651186.9462402975
NO2_CLD,NO2,Hospital Admissions,Chronic Lung Disease,UNIT_VALUE_CLD_HA,Escenario económico alto,UNIT_VALUE_CLD_HA_2015_USD_x_1.20,520,29,13,0.0521025404542547,18450.0,961.2918713809992,2666075.7148442045
NO2_CLD,NO2,Hospital Admissions,Chronic Lung Disease,UNIT_VALUE_CLD_HA,Escenario económico alto,UNIT_VALUE_CLD_HA_2015_USD_x_1.20,521,30,13,0.0541486146254399,18450.0,999.0419398393661,2770772.887208693
NO2_CLD,NO2,Hospital Admissions,Chronic Lung Disease,UNIT_VALUE_CLD_HA,Escenario económico alto,UNIT_VALUE_CLD_HA_2015_USD_x_1.20,522,31,13,0.0516656777529418,18450.0,953.2317545417762,2643721.5449987985
NO2_CLD,NO2,Hospital Admissions,Chronic Lung Disease,UNIT_VALUE_CLD_HA,Escenario económico alto,UNIT_VALUE_CLD_HA_2015_USD_x_1.20,523,32,13,0.0547965686651371,18450.0,1010.9966918717795,2803928.555137949
NO2_CLD,NO2,Hospital Admissions,Chronic Lung Disease,UNIT_VALUE_CLD_HA,Escenario económico alto,UNIT_VALUE_CLD_HA_2015_USD_x_1.20,524,33,13,0.0573587046177372,18450.0,1058.2681001972512,2935032.4971300624
NO2_CLD,NO2,Hospital Admissions,Chronic Lung Disease,UNIT_VALUE_CLD_HA,Escenario económico alto,UNIT_VALUE_CLD_HA_2015_USD_x_1.20,525,34,13,0.0708278520932925,18450.0,1306.7738711212464,3624245.8573837983
NO2_CLD,NO2,Hospital Admissions,Chronic Lung Disease,UNIT_VALUE_CLD_HA,Escenario económico alto,UNIT_VALUE_CLD_HA_2015_USD_x_1.20,526,35,13,0.0489749136968958,18450.0,903.5871577077276,2506035.7308013425
NO2_CLD,NO2,Hospital Admissions,Chronic Lung Disease,UNIT_VALUE_CLD_HA,Escenario económico alto,UNIT_VALUE_CLD_HA_2015_USD_x_1.20,527,36,13,0.0512856596239458,18450.0,946.2204200618,2624276.099611998
NO2_CLD,NO2,Hospital Admissions,Chronic Lung Disease,UNIT_VALUE_CLD_HA,Escenario económico alto,UNIT_VALUE_CLD_HA_2015_USD_x_1.20,528,37,13,0.0512628279870452,18450.0,945.7991763609839,2623107.8096948434
NO2_CLD,NO2,Hospital Admissions,Chronic Lung Disease,UNIT_VALUE_CLD_HA,Escenario económico alto,UNIT_VALUE_CLD_HA_2015_USD_x_1.20,529,38,13,0.0488328680584936,18450.0,900.9664156792069,2498767.2862371826
NO2_CLD,NO2,Hospital Admissions,Chronic Lung Disease,UNIT_VALUE_CLD_HA,Escenario económico alto,UNIT_VALUE_CLD_HA_2015_USD_x_1.20,530,39,13,0.0315269431758722,18450.0,581.672101594842,1613226.8567261826
NO2_CLD,NO2,Hospital Admissions,Chronic Lung Disease,UNIT_VALUE_CLD_HA,Escenario económico alto,UNIT_VALUE_CLD_HA_2015_USD_x_1.20,531,40,13,0.0052413436177164,18450.0,96.70278974686757,268198.4181676549
NO2_CLD,NO2,Hospital Admissions,Chronic Lung Disease,UNIT_VALUE_CLD_HA,Escenario económico alto,UNIT_VALUE_CLD_HA_2015_USD_x_1.20,546,14,14,1.6478870997461683e-05,18450.0,0.30403516990316803,843.2202612645433
NO2_CLD,NO2,Hospital Admissions,Chronic Lung Disease,UNIT_VALUE_CLD_HA,Escenario económico alto,UNIT_VALUE_CLD_HA_2015_USD_x_1.20,547,15,14,0.002979290799028,18450.0,54.967915242066596,152449.66516980474
NO2_CLD,NO2,Hospital Admissions,Chronic Lung Disease,UNIT_VALUE_CLD_HA,Escenario económico alto,UNIT_VALUE_CLD_HA_2015_USD_x_1.20,555,23,14,0.0004659584692892,18450.0,8.59693375838574,23842.99399351976
NO2_CLD,NO2,Hospital Admissions,Chronic Lung Disease,UNIT_VALUE_CLD_HA,Escenario económico alto,UNIT_VALUE_CLD_HA_2015_USD_x_1.20,556,24,14,0.003854496701769,18450.0,71.11546414763805,197233.7617309838
NO2_CLD,NO2,Hospital Admissions,Chronic Lung Disease,UNIT_VALUE_CLD_HA,Escenario económico alto,UNIT_VALUE_CLD_HA_2015_USD_x_1.20,559,27,14,0.0090701803226164,18450.0,167.34482695227257,464119.1634142413
NO2_CLD,NO2,Hospital Admissions,Chronic Lung Disease,UNIT_VALUE_CLD_HA,Escenario económico alto,UNIT_VALUE_CLD_HA_2015_USD_x_1.20,560,28,14,0.0463029214897876,18450.0,854.2889014865813,2369310.468049929
NO2_CLD,NO2,Hospital Admissions,Chronic Lung Disease,UNIT_VALUE_CLD_HA,Escenario económico alto,UNIT_VALUE_CLD_HA_2015_USD_x_1.20,561,29,14,0.051378509075965,18450.0,947.9334924515542,2629027.185969914
NO2_CLD,NO2,Hospital Admissions,Chronic Lung Disease,UNIT_VALUE_CLD_HA,Escenario económico alto,UNIT_VALUE_CLD_HA_2015_USD_x_1.20,562,30,14,0.0513637189923983,18450.0,947.6606154097486,2628270.380595859
NO2_CLD,NO2,Hospital Admissions,Chronic Lung Disease,UNIT_VALUE_CLD_HA,Escenario económico alto,UNIT_VALUE_CLD_HA_2015_USD_x_1.20,563,31,14,0.0485420803523993,18450.0,895.601382501767,2483887.7422718755
NO2_CLD,NO2,Hospital Admissions,Chronic Lung Disease,UNIT_VALUE_CLD_HA,Escenario económico alto,UNIT_VALUE_CLD_HA_2015_USD_x_1.20,564,32,14,0.0435285850292208,18450.0,803.1023937891238,2227348.2720065694
NO2_CLD,NO2,Hospital Admissions,Chronic Lung Disease,UNIT_VALUE_CLD_HA,Escenario económico alto,UNIT_VALUE_CLD_HA_2015_USD_x_1.20,565,33,14,0.0547417927822057,18450.0,1009.9860768316952,2801125.685067328
NO2_CLD,NO2,Hospital Admissions,Chronic Lung Disease,UNIT_VALUE_CLD_HA,Escenario económico alto,UNIT_VALUE_CLD_HA_2015_USD_x_1.20,566,34,14,0.0481996128971575,18450.0,889.2828579525558,2466363.7567313565
NO2_CLD,NO2,Hospital Admissions,Chronic Lung Disease,UNIT_VALUE_CLD_HA,Escenario económico alto,UNIT_VALUE_CLD_HA_2015_USD_x_1.20,567,35,14,0.0468951941321215,18450.0,865.2163317376417,2399616.930931127
NO2_CLD,NO2,Hospital Admissions,Chronic Lung Disease,UNIT_VALUE_CLD_HA,Escenario económico alto,UNIT_VALUE_CLD_HA_2015_USD_x_1.20,568,36,14,0.0568096159559817,18450.0,1048.1374143878622,2906935.7491857284
NO2_CLD,NO2,Hospital Admissions,Chronic Lung Disease,UNIT_VALUE_CLD_HA,Escenario económico alto,UNIT_VALUE_CLD_HA_2015_USD_x_1.20,569,37,14,0.0555929711541149,18450.0,1025.6903177934198,2844680.298077804
NO2_CLD,NO2,Hospital Admissions,Chronic Lung Disease,UNIT_VALUE_CLD_HA,Escenario económico alto,UNIT_VALUE_CLD_HA_2015_USD_x_1.20,570,38,14,0.041147679166817,18450.0,759.1746806277736,2105517.8344934857
NO2_CLD,NO2,Hospital Admissions,Chronic Lung Disease,UNIT_VALUE_CLD_HA,Escenario económico alto,UNIT_VALUE_CLD_HA_2015_USD_x_1.20,571,39,14,0.0537469836819449,18450.0,991.6318489318834,2750221.518783153
NO2_CLD,NO2,Hospital Admissions,Chronic Lung Disease,UNIT_VALUE_CLD_HA,Escenario económico alto,UNIT_VALUE_CLD_HA_2015_USD_x_1.20,572,40,14,0.0322234227891603,18450.0,594.5221504600075,1648865.5677502987
NO2_CLD,NO2,Hospital Admissions,Chronic Lung Disease,UNIT_VALUE_CLD_HA,Escenario económico alto,UNIT_VALUE_CLD_HA_2015_USD_x_1.20,573,41,14,0.0165922293672668,18450.0,306.12663182607247,849020.7845053842
NO2_CLD,NO2,Hospital Admissions,Chronic Lung Disease,UNIT_VALUE_CLD_HA,Escenario económico alto,UNIT_VALUE_CLD_HA_2015_USD_x_1.20,601,28,15,0.0023056112115714,18450.0,42.53852685349233,117977.62653128122
NO2_CLD,NO2,Hospital Admissions,Chronic Lung Disease,UNIT_VALUE_CLD_HA,Escenario económico alto,UNIT_VALUE_CLD_HA_2015_USD_x_1.20,602,29,15,0.0318623769292104,18450.0,587.8608543439319,1630390.929263091
NO2_CLD,NO2,Hospital Admissions,Chronic Lung Disease,UNIT_VALUE_CLD_HA,Escenario económico alto,UNIT_VALUE_CLD_HA_2015_USD_x_1.20,603,30,15,0.0542735600503976,18450.0,1001.3471829298358,2777166.317553094
NO2_CLD,NO2,Hospital Admissions,Chronic Lung Disease,UNIT_VALUE_CLD_HA,Escenario económico alto,UNIT_VALUE_CLD_HA_2015_USD_x_1.20,604,31,15,0.0508558206455574,18450.0,938.289890910534,2602281.3321480025
NO2_CLD,NO2,Hospital Admissions,Chronic Lung Disease,UNIT_VALUE_CLD_HA,Escenario económico alto,UNIT_VALUE_CLD_HA_2015_USD_x_1.20,605,32,15,0.0500023315986788,18450.0,922.5430179956238,2558608.482399603
NO2_CLD,NO2,Hospital Admissions,Chronic Lung Disease,UNIT_VALUE_CLD_HA,Escenario económico alto,UNIT_VALUE_CLD_HA_2015_USD_x_1.20,606,33,15,0.0511272529739362,18450.0,943.2978173691229,2616170.465626046
NO2_CLD,NO2,Hospital Admissions,Chronic Lung Disease,UNIT_VALUE_CLD_HA,Escenario económico alto,UNIT_VALUE_CLD_HA_2015_USD_x_1.20,607,34,15,0.0522318898073929,18450.0,963.678366946399,2672694.493240151
NO2_CLD,NO2,Hospital Admissions,Chronic Lung Disease,UNIT_VALUE_CLD_HA,Escenario económico alto,UNIT_VALUE_CLD_HA_2015_USD_x_1.20,608,35,15,0.0505717049353838,18450.0,933.0479560578311,2587743.1927694706
NO2_CLD,NO2,Hospital Admissions,Chronic Lung Disease,UNIT_VALUE_CLD_HA,Escenario económico alto,UNIT_VALUE_CLD_HA_2015_USD_x_1.20,609,36,15,0.052767072334357,18450.0,973.5524845688866,2700079.667277887
NO2_CLD,NO2,Hospital Admissions,Chronic Lung Disease,UNIT_VALUE_CLD_HA,Escenario económico alto,UNIT_VALUE_CLD_HA_2015_USD_x_1.20,610,37,15,0.056188271194361,18450.0,1036.6736035359604,2875141.6722547384
NO2_CLD,NO2,Hospital Admissions,Chronic Lung Disease,UNIT_VALUE_CLD_HA,Escenario económico alto,UNIT_VALUE_CLD_HA_2015_USD_x_1.20,611,38,15,0.0674201789332774,18450.0,1243.902301318968,3449875.959547065
NO2_CLD,NO2,Hospital Admissions,Chronic Lung Disease,UNIT_VALUE_CLD_HA,Escenario económico alto,UNIT_VALUE_CLD_HA_2015_USD_x_1.20,612,39,15,0.0491418396584844,18450.0,906.6669416990371,2514577.2961163605
NO2_CLD,NO2,Hospital Admissions,Chronic Lung Disease,UNIT_VALUE_CLD_HA,Escenario económico alto,UNIT_VALUE_CLD_HA_2015_USD_x_1.20,613,40,15,0.0498985971797287,18450.0,920.6291179659945,2553300.414640428
NO2_CLD,NO2,Hospital Admissions,Chronic Lung Disease,UNIT_VALUE_CLD_HA,Escenario económico alto,UNIT_VALUE_CLD_HA_2015_USD_x_1.20,614,41,15,0.029244527901617,18450.0,539.5615397848336,1496436.161285451
NO2_CLD,NO2,Hospital Admissions,Chronic Lung Disease,UNIT_VALUE_CLD_HA,Escenario económico alto,UNIT_VALUE_CLD_HA_2015_USD_x_1.20,643,29,16,0.0013693723625074,18450.0,25.26492008826153,70070.48732038717
NO2_CLD,NO2,Hospital Admissions,Chronic Lung Disease,UNIT_VALUE_CLD_HA,Escenario económico alto,UNIT_VALUE_CLD_HA_2015_USD_x_1.20,644,30,16,0.015641205752752,18450.0,288.58024613827445,800357.1120472745
NO2_CLD,NO2,Hospital Admissions,Chronic Lung Disease,UNIT_VALUE_CLD_HA,Escenario económico alto,UNIT_VALUE_CLD_HA_2015_USD_x_1.20,645,31,16,0.040412533980996,18450.0,745.6112519493762,2067900.6144939582
NO2_CLD,NO2,Hospital Admissions,Chronic Lung Disease,UNIT_VALUE_CLD_HA,Escenario económico alto,UNIT_VALUE_CLD_HA_2015_USD_x_1.20,646,32,16,0.0527740998156352,18450.0,973.6821415984695,2700439.261973443
NO2_CLD,NO2,Hospital Admissions,Chronic Lung Disease,UNIT_VALUE_CLD_HA,Escenario económico alto,UNIT_VALUE_CLD_HA_2015_USD_x_1.20,647,33,16,0.0536737526320547,18450.0,990.2807360614091,2746474.3018147936
NO2_CLD,NO2,Hospital Admissions,Chronic Lung Disease,UNIT_VALUE_CLD_HA,Escenario económico alto,UNIT_VALUE_CLD_HA_2015_USD_x_1.20,648,34,16,0.0415342651499067,18450.0,766.3071920157786,2125299.355552321
NO2_CLD,NO2,Hospital Admissions,Chronic Lung Disease,UNIT_VALUE_CLD_HA,Escenario económico alto,UNIT_VALUE_CLD_HA_2015_USD_x_1.20,649,35,16,0.0451148020918966,18450.0,832.3680985954923,2308514.655687696
NO2_CLD,NO2,Hospital Admissions,Chronic Lung Disease,UNIT_VALUE_CLD_HA,Escenario económico alto,UNIT_VALUE_CLD_HA_2015_USD_x_1.20,650,36,16,0.0524953051766756,18450.0,968.5383805096648,2686173.4006569195
NO2_CLD,NO2,Hospital Admissions,Chronic Lung Disease,UNIT_VALUE_CLD_HA,Escenario económico alto,UNIT_VALUE_CLD_HA_2015_USD_x_1.20,651,37,16,0.0346311763497398,18450.0,638.9452036526993,1772069.7961665057
NO2_CLD,NO2,Hospital Admissions,Chronic Lung Disease,UNIT_VALUE_CLD_HA,Escenario económico alto,UNIT_VALUE_CLD_HA_2015_USD_x_1.20,652,38,16,0.0537027050506501,18450.0,990.8149081844944,2747955.790806122
NO2_CLD,NO2,Hospital Admissions,Chronic Lung Disease,UNIT_VALUE_CLD_HA,Escenario económico alto,UNIT_VALUE_CLD_HA_2015_USD_x_1.20,653,39,16,0.0362729121606813,18450.0,669.2352293645699,1856077.0621765791
NO2_CLD,NO2,Hospital Admissions,Chronic Lung Disease,UNIT_VALUE_CLD_HA,Escenario económico alto,UNIT_VALUE_CLD_HA_2015_USD_x_1.20,654,40,16,0.050435945915703,18450.0,930.5432021447203,2580796.4331242316
NO2_CLD,NO2,Hospital Admissions,Chronic Lung Disease,UNIT_VALUE_CLD_HA,Escenario económico alto,UNIT_VALUE_CLD_HA_2015_USD_x_1.20,655,41,16,0.0171334697151619,18450.0,316.11251624473704,876715.935928641
NO2_CLD,NO2,Hospital Admissions,Chronic Lung Disease,UNIT_VALUE_CLD_HA,Escenario económico alto,UNIT_VALUE_CLD_HA_2015_USD_x_1.20,686,31,17,0.0100731968865333,18450.0,185.85048255653936,515443.3038367829
NO2_CLD,NO2,Hospital Admissions,Chronic Lung Disease,UNIT_VALUE_CLD_HA,Escenario económico alto,UNIT_VALUE_CLD_HA_2015_USD_x_1.20,687,32,17,0.0298481561841097,18450.0,550.698481596824,1527323.6898150793
NO2_CLD,NO2,Hospital Admissions,Chronic Lung Disease,UNIT_VALUE_CLD_HA,Escenario económico alto,UNIT_VALUE_CLD_HA_2015_USD_x_1.20,688,33,17,0.0478279755499206,18450.0,882.426148896035,2447347.1541327303
NO2_CLD,NO2,Hospital Admissions,Chronic Lung Disease,UNIT_VALUE_CLD_HA,Escenario económico alto,UNIT_VALUE_CLD_HA_2015_USD_x_1.20,689,34,17,0.0089008392001644,18450.0,164.2204832430332,455454.0148407255
NO2_CLD,NO2,Hospital Admissions,Chronic Lung Disease,UNIT_VALUE_CLD_HA,Escenario económico alto,UNIT_VALUE_CLD_HA_2015_USD_x_1.20,690,35,17,0.0155471891448553,18450.0,286.8456397225803,795546.3025757958
NO2_CLD,NO2,Hospital Admissions,Chronic Lung Disease,UNIT_VALUE_CLD_HA,Escenario económico alto,UNIT_VALUE_CLD_HA_2015_USD_x_1.20,691,36,17,0.0107979314591387,18450.0,199.221835421109,552527.8150119663
NO2_CLD,NO2,Hospital Admissions,Chronic Lung Disease,UNIT_VALUE_CLD_HA,Escenario económico alto,UNIT_VALUE_CLD_HA_2015_USD_x_1.20,692,37,17,0.0174004678371331,18450.0,321.03863159510564,890378.1720248138
NO2_CLD,NO2,Hospital Admissions,Chronic Lung Disease,UNIT_VALUE_CLD_HA,Escenario económico alto,UNIT_VALUE_CLD_HA_2015_USD_x_1.20,693,38,17,0.0163850897684111,18450.0,302.3049062271848,838421.496077661
NO2_CLD,NO2,Hospital Admissions,Chronic Lung Disease,UNIT_VALUE_CLD_HA,Escenario económico alto,UNIT_VALUE_CLD_HA_2015_USD_x_1.20,694,39,17,0.0020116570130117,18450.0,37.11507189006586,102936.05383206536
NO2_CLD,NO2,Hospital Admissions,Chronic Lung Disease,UNIT_VALUE_CLD_HA,Escenario económico alto,UNIT_VALUE_CLD_HA_2015_USD_x_1.20,695,40,17,0.0213538421547241,18450.0,393.97838775465965,1092671.4799504057
NO2_CLD,NO2,Hospital Admissions,Chronic Lung Disease,UNIT_VALUE_CLD_HA,Escenario económico alto,UNIT_VALUE_CLD_HA_2015_USD_x_1.20,696,41,17,0.005312523867267,18450.0,98.01606535107615,271840.6961266351
NO2_CLD,NO2,Hospital Admissions,Chronic Lung Disease,UNIT_VALUE_CLD_HA,Escenario económico alto,UNIT_VALUE_CLD_HA_2015_USD_x_1.20,729,33,18,0.0002724935564274,18450.0,5.027506116085529,13943.436287535089
NO2_CLD,NO2,Hospital Admissions,Chronic Lung Disease,UNIT_VALUE_CLD_HA,Escenario económico alto,UNIT_VALUE_CLD_HA_2015_USD_x_1.20,730,34,18,0.0009525322012092,18450.0,17.57421911230974,48740.8665126532
NO2_CLD,NO2,Hospital Admissions,Chronic Lung Disease,UNIT_VALUE_CLD_HA,Escenario económico bajo,UNIT_VALUE_CLD_HA_2015_USD_x_0.80,0,1,1,0.038624553500357,12300.0,475.08200805439105,1317606.6935982897
NO2_CLD,NO2,Hospital Admissions,Chronic Lung Disease,UNIT_VALUE_CLD_HA,Escenario económico bajo,UNIT_VALUE_CLD_HA_2015_USD_x_0.80,1,2,1,0.0214421497614719,12300.0,263.73844206610437,731460.1073793957
NO2_CLD,NO2,Hospital Admissions,Chronic Lung Disease,UNIT_VALUE_CLD_HA,Escenario económico bajo,UNIT_VALUE_CLD_HA_2015_USD_x_0.80,2,3,1,0.0003958959885258,12300.0,4.86952065886734,13505.274680922446
NO2_CLD,NO2,Hospital Admissions,Chronic Lung Disease,UNIT_VALUE_CLD_HA,Escenario económico bajo,UNIT_VALUE_CLD_HA_2015_USD_x_0.80,41,1,2,0.0316597456590578,12300.0,389.4148716064109,1080014.8873593681
NO2_CLD,NO2,Hospital Admissions,Chronic Lung Disease,UNIT_VALUE_CLD_HA,Escenario económico bajo,UNIT_VALUE_CLD_HA_2015_USD_x_0.80,42,2,2,0.049545559242222,12300.0,609.4103786793306,1690157.0265406158
NO2_CLD,NO2,Hospital Admissions,Chronic Lung Disease,UNIT_VALUE_CLD_HA,Escenario económico bajo,UNIT_VALUE_CLD_HA_2015_USD_x_0.80,43,3,2,0.0382616631772855,12300.0,470.6184570806117,1305227.3474210808
NO2_CLD,NO2,Hospital Admissions,Chronic Lung Disease,UNIT_VALUE_CLD_HA,Escenario económico bajo,UNIT_VALUE_CLD_HA_2015_USD_x_0.80,44,4,2,0.0051768035463699,12300.0,63.67468362034977,176597.27779318666
NO2_CLD,NO2,Hospital Admissions,Chronic Lung Disease,UNIT_VALUE_CLD_HA,Escenario económico bajo,UNIT_VALUE_CLD_HA_2015_USD_x_0.80,82,1,3,0.003569734763038,12300.0,43.9077375853674,121775.0366513855
NO2_CLD,NO2,Hospital Admissions,Chronic Lung Disease,UNIT_VALUE_CLD_HA,Escenario económico bajo,UNIT_VALUE_CLD_HA_2015_USD_x_0.80,83,2,3,0.022627028433438,12300.0,278.3124497312874,771880.0974582444
NO2_CLD,NO2,Hospital Admissions,Chronic Lung Disease,UNIT_VALUE_CLD_HA,Escenario económico bajo,UNIT_VALUE_CLD_HA_2015_USD_x_0.80,84,3,3,0.0507798401063393,12300.0,624.5920333079733,1732262.2829373323
NO2_CLD,NO2,Hospital Admissions,Chronic Lung Disease,UNIT_VALUE_CLD_HA,Escenario económico bajo,UNIT_VALUE_CLD_HA_2015_USD_x_0.80,85,4,3,0.0505591827063073,12300.0,621.8779472875798,1724734.9553457922
NO2_CLD,NO2,Hospital Admissions,Chronic Lung Disease,UNIT_VALUE_CLD_HA,Escenario económico bajo,UNIT_VALUE_CLD_HA_2015_USD_x_0.80,86,5,3,0.0374219722360261,12300.0,460.29025850312104,1276582.8116403108
NO2_CLD,NO2,Hospital Admissions,Chronic Lung Disease,UNIT_VALUE_CLD_HA,Escenario económico bajo,UNIT_VALUE_CLD_HA_2015_USD_x_0.80,87,6,3,0.0127633414650343,12300.0,156.9891000199219,435398.2796682519
NO2_CLD,NO2,Hospital Admissions,Chronic Lung Disease,UNIT_VALUE_CLD_HA,Escenario económico bajo,UNIT_VALUE_CLD_HA_2015_USD_x_0.80,91,10,3,0.0029584370309718,12300.0,36.38877548095314,100921.72158213987
NO2_CLD,NO2,Hospital Admissions,Chronic Lung Disease,UNIT_VALUE_CLD_HA,Escenario económico bajo,UNIT_VALUE_CLD_HA_2015_USD_x_0.80,125,3,4,0.0213292106101474,12300.0,262.349290504813,727607.3927647634
NO2_CLD,NO2,Hospital Admissions,Chronic Lung Disease,UNIT_VALUE_CLD_HA,Escenario económico bajo,UNIT_VALUE_CLD_HA_2015_USD_x_0.80,126,4,4,0.0524947213858895,12300.0,645.6850730464408,1790762.3521391903
NO2_CLD,NO2,Hospital Admissions,Chronic Lung Disease,UNIT_VALUE_CLD_HA,Escenario económico bajo,UNIT_VALUE_CLD_HA_2015_USD_x_0.80,127,5,4,0.051895017688034,12300.0,638.3087175628182,1770304.5465502467
NO2_CLD,NO2,Hospital Admissions,Chronic Lung Disease,UNIT_VALUE_CLD_HA,Escenario económico bajo,UNIT_VALUE_CLD_HA_2015_USD_x_0.80,128,6,4,0.0520028572350805,12300.0,639.6351439914902,1773983.2974003186
NO2_CLD,NO2,Hospital Admissions,Chronic Lung Disease,UNIT_VALUE_CLD_HA,Escenario económico bajo,UNIT_VALUE_CLD_HA_2015_USD_x_0.80,129,7,4,0.0404979051328741,12300.0,498.12423313435147,1381512.6919018044
NO2_CLD,NO2,Hospital Admissions,Chronic Lung Disease,UNIT_VALUE_CLD_HA,Escenario económico bajo,UNIT_VALUE_CLD_HA_2015_USD_x_0.80,130,8,4,0.0285876855003391,12300.0,351.62853165417096,975217.1185456273
NO2_CLD,NO2,Hospital Admissions,Chronic Lung Disease,UNIT_VALUE_CLD_HA,Escenario económico bajo,UNIT_VALUE_CLD_HA_2015_USD_x_0.80,131,9,4,0.0289407848797625,12300.0,355.97165402107873,987262.4644116804
NO2_CLD,NO2,Hospital Admissions,Chronic Lung Disease,UNIT_VALUE_CLD_HA,Escenario económico bajo,UNIT_VALUE_CLD_HA_2015_USD_x_0.80,132,10,4,0.0491670027919122,12300.0,604.7541343405201,1677243.2588040284
NO2_CLD,NO2,Hospital Admissions,Chronic Lung Disease,UNIT_VALUE_CLD_HA,Escenario económico bajo,UNIT_VALUE_CLD_HA_2015_USD_x_0.80,133,11,4,0.041426819423613,12300.0,509.54987891043993,1413200.9206665813
NO2_CLD,NO2,Hospital Admissions,Chronic Lung Disease,UNIT_VALUE_CLD_HA,Escenario económico bajo,UNIT_VALUE_CLD_HA_2015_USD_x_0.80,134,12,4,0.0379922351694193,12300.0,467.3044925838574,1296036.2988668475
NO2_CLD,NO2,Hospital Admissions,Chronic Lung Disease,UNIT_VALUE_CLD_HA,Escenario económico bajo,UNIT_VALUE_CLD_HA_2015_USD_x_0.80,135,13,4,0.0160371993270962,12300.0,197.25755172328326,547080.0116759054
NO2_CLD,NO2,Hospital Admissions,Chronic Lung Disease,UNIT_VALUE_CLD_HA,Escenario económico bajo,UNIT_VALUE_CLD_HA_2015_USD_x_0.80,136,14,4,0.0034903059887923,12300.0,42.930763662145296,119065.46786350363
NO2_CLD,NO2,Hospital Admissions,Chronic Lung Disease,UNIT_VALUE_CLD_HA,Escenario económico bajo,UNIT_VALUE_CLD_HA_2015_USD_x_0.80,166,3,5,3.248933519709782e-05,12300.0,0.3996188229243032,1108.31483206295
NO2_CLD,NO2,Hospital Admissions,Chronic Lung Disease,UNIT_VALUE_CLD_HA,Escenario económico bajo,UNIT_VALUE_CLD_HA_2015_USD_x_0.80,167,4,5,0.0357877921196355,12300.0,440.1898430715167,1220835.7164698364
NO2_CLD,NO2,Hospital Admissions,Chronic Lung Disease,UNIT_VALUE_CLD_HA,Escenario económico bajo,UNIT_VALUE_CLD_HA_2015_USD_x_0.80,168,5,5,0.0524125280638002,12300.0,644.6740951847424,1787958.4758082202
NO2_CLD,NO2,Hospital Admissions,Chronic Lung Disease,UNIT_VALUE_CLD_HA,Escenario económico bajo,UNIT_VALUE_CLD_HA_2015_USD_x_0.80,169,6,5,0.0515956532726292,12300.0,634.6265352533392,1760092.2716676684
NO2_CLD,NO2,Hospital Admissions,Chronic Lung Disease,UNIT_VALUE_CLD_HA,Escenario económico bajo,UNIT_VALUE_CLD_HA_2015_USD_x_0.80,170,7,5,0.0510391627899863,12300.0,627.7817023168315,1741108.6066565698
NO2_CLD,NO2,Hospital Admissions,Chronic Lung Disease,UNIT_VALUE_CLD_HA,Escenario económico bajo,UNIT_VALUE_CLD_HA_2015_USD_x_0.80,171,8,5,0.0525099176899532,12300.0,645.8719875864244,1791280.7465318171
NO2_CLD,NO2,Hospital Admissions,Chronic Lung Disease,UNIT_VALUE_CLD_HA,Escenario económico bajo,UNIT_VALUE_CLD_HA_2015_USD_x_0.80,172,9,5,0.0527105584466737,12300.0,648.3398688940865,1798125.2425869263
NO2_CLD,NO2,Hospital Admissions,Chronic Lung Disease,UNIT_VALUE_CLD_HA,Escenario económico bajo,UNIT_VALUE_CLD_HA_2015_USD_x_0.80,173,10,5,0.0525968130809869,12300.0,646.9408008961389,1794245.0254293783
NO2_CLD,NO2,Hospital Admissions,Chronic Lung Disease,UNIT_VALUE_CLD_HA,Escenario económico bajo,UNIT_VALUE_CLD_HA_2015_USD_x_0.80,174,11,5,0.0527521800157341,12300.0,648.8518141935294,1799545.0870387603
NO2_CLD,NO2,Hospital Admissions,Chronic Lung Disease,UNIT_VALUE_CLD_HA,Escenario económico bajo,UNIT_VALUE_CLD_HA_2015_USD_x_0.80,175,12,5,0.0523943014219699,12300.0,644.4499074902297,1787336.7069306278
NO2_CLD,NO2,Hospital Admissions,Chronic Lung Disease,UNIT_VALUE_CLD_HA,Escenario económico bajo,UNIT_VALUE_CLD_HA_2015_USD_x_0.80,176,13,5,0.0524597549506191,12300.0,645.254985892615,1789569.535524155
NO2_CLD,NO2,Hospital Admissions,Chronic Lung Disease,UNIT_VALUE_CLD_HA,Escenario económico bajo,UNIT_VALUE_CLD_HA_2015_USD_x_0.80,177,14,5,0.0496989789066165,12300.0,611.2974405513829,1695390.6605484218
NO2_CLD,NO2,Hospital Admissions,Chronic Lung Disease,UNIT_VALUE_CLD_HA,Escenario económico bajo,UNIT_VALUE_CLD_HA_2015_USD_x_0.80,178,15,5,0.0186249169563929,12300.0,229.08647856363268,635355.3122427358
NO2_CLD,NO2,Hospital Admissions,Chronic Lung Disease,UNIT_VALUE_CLD_HA,Escenario económico bajo,UNIT_VALUE_CLD_HA_2015_USD_x_0.80,208,4,6,0.0277405819313746,12300.0,341.2091577559076,946319.7143949667
NO2_CLD,NO2,Hospital Admissions,Chronic Lung Disease,UNIT_VALUE_CLD_HA,Escenario económico bajo,UNIT_VALUE_CLD_HA_2015_USD_x_0.80,209,5,6,0.0126084997290928,12300.0,155.08454666784144,430116.13426499144
NO2_CLD,NO2,Hospital Admissions,Chronic Lung Disease,UNIT_VALUE_CLD_HA,Escenario económico bajo,UNIT_VALUE_CLD_HA_2015_USD_x_0.80,210,6,6,0.0162305770018271,12300.0,199.63609712247333,553676.7408423811
NO2_CLD,NO2,Hospital Admissions,Chronic Lung Disease,UNIT_VALUE_CLD_HA,Escenario económico bajo,UNIT_VALUE_CLD_HA_2015_USD_x_0.80,211,7,6,0.051790233366552,12300.0,637.0198704085897,1766730.0191872946
NO2_CLD,NO2,Hospital Admissions,Chronic Lung Disease,UNIT_VALUE_CLD_HA,Escenario económico bajo,UNIT_VALUE_CLD_HA_2015_USD_x_0.80,212,8,6,0.0534140372948058,12300.0,656.9926587261114,1822123.149490759
NO2_CLD,NO2,Hospital Admissions,Chronic Lung Disease,UNIT_VALUE_CLD_HA,Escenario económico bajo,UNIT_VALUE_CLD_HA_2015_USD_x_0.80,213,9,6,0.0520096441069902,12300.0,639.7186225159795,1774214.819244493
NO2_CLD,NO2,Hospital Admissions,Chronic Lung Disease,UNIT_VALUE_CLD_HA,Escenario económico bajo,UNIT_VALUE_CLD_HA_2015_USD_x_0.80,214,10,6,0.0508852246246363,12300.0,625.8882628830265,1735857.2849276722
NO2_CLD,NO2,Hospital Admissions,Chronic Lung Disease,UNIT_VALUE_CLD_HA,Escenario económico bajo,UNIT_VALUE_CLD_HA_2015_USD_x_0.80,215,11,6,0.0535752140387339,12300.0,658.9751326764269,1827621.4022187826
NO2_CLD,NO2,Hospital Admissions,Chronic Lung Disease,UNIT_VALUE_CLD_HA,Escenario económico bajo,UNIT_VALUE_CLD_HA_2015_USD_x_0.80,216,12,6,0.0530647822142904,12300.0,652.696821235772,1810208.9449199268
NO2_CLD,NO2,Hospital Admissions,Chronic Lung Disease,UNIT_VALUE_CLD_HA,Escenario económico bajo,UNIT_VALUE_CLD_HA_2015_USD_x_0.80,217,13,6,0.0519170798903476,12300.0,638.5800826512755,1771057.1586275268
NO2_CLD,NO2,Hospital Admissions,Chronic Lung Disease,UNIT_VALUE_CLD_HA,Escenario económico bajo,UNIT_VALUE_CLD_HA_2015_USD_x_0.80,218,14,6,0.0450823110683828,12300.0,554.5124261411084,1537901.3980325344
NO2_CLD,NO2,Hospital Admissions,Chronic Lung Disease,UNIT_VALUE_CLD_HA,Escenario económico bajo,UNIT_VALUE_CLD_HA_2015_USD_x_0.80,219,15,6,0.0030156729867014,12300.0,37.092777736427216,102874.22255753932
NO2_CLD,NO2,Hospital Admissions,Chronic Lung Disease,UNIT_VALUE_CLD_HA,Escenario económico bajo,UNIT_VALUE_CLD_HA_2015_USD_x_0.80,251,6,7,4.424805598073638e-05,12300.0,0.5442510885630575,1509.4422965534404
NO2_CLD,NO2,Hospital Admissions,Chronic Lung Disease,UNIT_VALUE_CLD_HA,Escenario económico bajo,UNIT_VALUE_CLD_HA_2015_USD_x_0.80,252,7,7,0.0168698134594301,12300.0,207.49870555099022,575483.1349362828
NO2_CLD,NO2,Hospital Admissions,Chronic Lung Disease,UNIT_VALUE_CLD_HA,Escenario económico bajo,UNIT_VALUE_CLD_HA_2015_USD_x_0.80,253,8,7,0.044710389033021,12300.0,549.9377851061582,1525213.9513469723
NO2_CLD,NO2,Hospital Admissions,Chronic Lung Disease,UNIT_VALUE_CLD_HA,Escenario económico bajo,UNIT_VALUE_CLD_HA_2015_USD_x_0.80,254,9,7,0.0500979076377387,12300.0,616.204263944186,1708999.3917507236
NO2_CLD,NO2,Hospital Admissions,Chronic Lung Disease,UNIT_VALUE_CLD_HA,Escenario económico bajo,UNIT_VALUE_CLD_HA_2015_USD_x_0.80,255,10,7,0.0503349717946829,12300.0,619.1201530745997,1717086.406141687
NO2_CLD,NO2,Hospital Admissions,Chronic Lung Disease,UNIT_VALUE_CLD_HA,Escenario económico bajo,UNIT_VALUE_CLD_HA_2015_USD_x_0.80,256,11,7,0.0510178616963267,12300.0,627.5196988648185,1740381.9584226534
NO2_CLD,NO2,Hospital Admissions,Chronic Lung Disease,UNIT_VALUE_CLD_HA,Escenario económico bajo,UNIT_VALUE_CLD_HA_2015_USD_x_0.80,257,12,7,0.0506783537180984,12300.0,623.3437507326104,1728800.2585943434
NO2_CLD,NO2,Hospital Admissions,Chronic Lung Disease,UNIT_VALUE_CLD_HA,Escenario económico bajo,UNIT_VALUE_CLD_HA_2015_USD_x_0.80,258,13,7,0.0519536139975187,12300.0,639.02945216948,1772303.4535304008
NO2_CLD,NO2,Hospital Admissions,Chronic Lung Disease,UNIT_VALUE_CLD_HA,Escenario económico bajo,UNIT_VALUE_CLD_HA_2015_USD_x_0.80,259,14,7,0.0265904690314163,12300.0,327.0627690864205,907085.6956673511
NO2_CLD,NO2,Hospital Admissions,Chronic Lung Disease,UNIT_VALUE_CLD_HA,Escenario económico bajo,UNIT_VALUE_CLD_HA_2015_USD_x_0.80,294,8,8,0.0060566123649896,12300.0,74.49633208937207,206610.36230662718
NO2_CLD,NO2,Hospital Admissions,Chronic Lung Disease,UNIT_VALUE_CLD_HA,Escenario económico bajo,UNIT_VALUE_CLD_HA_2015_USD_x_0.80,295,9,8,0.0347508548191386,12300.0,427.4355142754048,1185462.478356836
NO2_CLD,NO2,Hospital Admissions,Chronic Lung Disease,UNIT_VALUE_CLD_HA,Escenario económico bajo,UNIT_VALUE_CLD_HA_2015_USD_x_0.80,296,10,8,0.0519602034425825,12300.0,639.1105023437648,1772528.2405152675
NO2_CLD,NO2,Hospital Admissions,Chronic Lung Disease,UNIT_VALUE_CLD_HA,Escenario económico bajo,UNIT_VALUE_CLD_HA_2015_USD_x_0.80,297,11,8,0.0522653928417357,12300.0,642.8643319533492,1782939.224169377
NO2_CLD,NO2,Hospital Admissions,Chronic Lung Disease,UNIT_VALUE_CLD_HA,Escenario económico bajo,UNIT_VALUE_CLD_HA_2015_USD_x_0.80,298,12,8,0.0539130376647933,12300.0,663.1303632769576,1839145.6434232125
NO2_CLD,NO2,Hospital Admissions,Chronic Lung Disease,UNIT_VALUE_CLD_HA,Escenario económico bajo,UNIT_VALUE_CLD_HA_2015_USD_x_0.80,299,13,8,0.0516021861169143,12300.0,634.7068892380458,1760315.1278194734
NO2_CLD,NO2,Hospital Admissions,Chronic Lung Disease,UNIT_VALUE_CLD_HA,Escenario económico bajo,UNIT_VALUE_CLD_HA_2015_USD_x_0.80,300,14,8,0.0380357276403899,12300.0,467.8394499767958,1297519.9657491446
NO2_CLD,NO2,Hospital Admissions,Chronic Lung Disease,UNIT_VALUE_CLD_HA,Escenario económico bajo,UNIT_VALUE_CLD_HA_2015_USD_x_0.80,301,15,8,0.0206902660998913,12300.0,254.49027302866298,705810.9579258848
NO2_CLD,NO2,Hospital Admissions,Chronic Lung Disease,UNIT_VALUE_CLD_HA,Escenario económico bajo,UNIT_VALUE_CLD_HA_2015_USD_x_0.80,302,16,8,0.0187935659282688,12300.0,231.16086091770623,641108.466494994
NO2_CLD,NO2,Hospital Admissions,Chronic Lung Disease,UNIT_VALUE_CLD_HA,Escenario económico bajo,UNIT_VALUE_CLD_HA_2015_USD_x_0.80,303,17,8,0.0147892616202139,12300.0,181.90791792863098,504508.876820803
NO2_CLD,NO2,Hospital Admissions,Chronic Lung Disease,UNIT_VALUE_CLD_HA,Escenario económico bajo,UNIT_VALUE_CLD_HA_2015_USD_x_0.80,304,18,8,0.0048095586282052,12300.0,59.15757112692396,164069.38249054473
NO2_CLD,NO2,Hospital Admissions,Chronic Lung Disease,UNIT_VALUE_CLD_HA,Escenario económico bajo,UNIT_VALUE_CLD_HA_2015_USD_x_0.80,337,10,9,0.0073562068762346,12300.0,90.48134457768558,250943.6754920905
NO2_CLD,NO2,Hospital Admissions,Chronic Lung Disease,UNIT_VALUE_CLD_HA,Escenario económico bajo,UNIT_VALUE_CLD_HA_2015_USD_x_0.80,338,11,9,0.0435536170865308,12300.0,535.7094901643288,1485752.7713064544
NO2_CLD,NO2,Hospital Admissions,Chronic Lung Disease,UNIT_VALUE_CLD_HA,Escenario económico bajo,UNIT_VALUE_CLD_HA_2015_USD_x_0.80,339,12,9,0.0518668417142446,12300.0,637.9621530852086,1769343.3742311099
NO2_CLD,NO2,Hospital Admissions,Chronic Lung Disease,UNIT_VALUE_CLD_HA,Escenario económico bajo,UNIT_VALUE_CLD_HA_2015_USD_x_0.80,340,13,9,0.0524737367335103,12300.0,645.4269618221767,1790046.4987264795
NO2_CLD,NO2,Hospital Admissions,Chronic Lung Disease,UNIT_VALUE_CLD_HA,Escenario económico bajo,UNIT_VALUE_CLD_HA_2015_USD_x_0.80,341,14,9,0.0528071690182992,12300.0,649.5281789250802,1801420.937276185
NO2_CLD,NO2,Hospital Admissions,Chronic Lung Disease,UNIT_VALUE_CLD_HA,Escenario económico bajo,UNIT_VALUE_CLD_HA_2015_USD_x_0.80,342,15,9,0.0516902659423652,12300.0,635.790271091092,1763319.8115521672
NO2_CLD,NO2,Hospital Admissions,Chronic Lung Disease,UNIT_VALUE_CLD_HA,Escenario económico bajo,UNIT_VALUE_CLD_HA_2015_USD_x_0.80,343,16,9,0.0521603564162896,12300.0,641.5723839203621,1779356.0967362497
NO2_CLD,NO2,Hospital Admissions,Chronic Lung Disease,UNIT_VALUE_CLD_HA,Escenario económico bajo,UNIT_VALUE_CLD_HA_2015_USD_x_0.80,344,17,9,0.0512875174864825,12300.0,630.8364650837348,1749580.7773571825
NO2_CLD,NO2,Hospital Admissions,Chronic Lung Disease,UNIT_VALUE_CLD_HA,Escenario económico bajo,UNIT_VALUE_CLD_HA_2015_USD_x_0.80,345,18,9,0.0504561114820612,12300.0,620.6101712293528,1721218.8671926237
NO2_CLD,NO2,Hospital Admissions,Chronic Lung Disease,UNIT_VALUE_CLD_HA,Escenario económico bajo,UNIT_VALUE_CLD_HA_2015_USD_x_0.80,346,19,9,0.0200741821217299,12300.0,246.91244009727777,684794.3687389931
NO2_CLD,NO2,Hospital Admissions,Chronic Lung Disease,UNIT_VALUE_CLD_HA,Escenario económico bajo,UNIT_VALUE_CLD_HA_2015_USD_x_0.80,347,20,9,0.0012726021962403,12300.0,15.653007013755689,43412.51924216044
NO2_CLD,NO2,Hospital Admissions,Chronic Lung Disease,UNIT_VALUE_CLD_HA,Escenario económico bajo,UNIT_VALUE_CLD_HA_2015_USD_x_0.80,348,21,9,0.019059593571859,12300.0,234.4330009338657,650183.5177800112
NO2_CLD,NO2,Hospital Admissions,Chronic Lung Disease,UNIT_VALUE_CLD_HA,Escenario económico bajo,UNIT_VALUE_CLD_HA_2015_USD_x_0.80,349,22,9,0.0176915094234793,12300.0,217.6055659087954,603513.8046584304
NO2_CLD,NO2,Hospital Admissions,Chronic Lung Disease,UNIT_VALUE_CLD_HA,Escenario económico bajo,UNIT_VALUE_CLD_HA_2015_USD_x_0.80,350,23,9,0.0248153870615958,12300.0,305.22926085762833,846531.9889403721
NO2_CLD,NO2,Hospital Admissions,Chronic Lung Disease,UNIT_VALUE_CLD_HA,Escenario económico bajo,UNIT_VALUE_CLD_HA_2015_USD_x_0.80,351,24,9,0.0184477841947466,12300.0,226.90774559538318,629312.7488666035
NO2_CLD,NO2,Hospital Admissions,Chronic Lung Disease,UNIT_VALUE_CLD_HA,Escenario económico bajo,UNIT_VALUE_CLD_HA_2015_USD_x_0.80,352,25,9,0.0070759007311527,12300.0,87.03357899317821,241381.53898705024
NO2_CLD,NO2,Hospital Admissions,Chronic Lung Disease,UNIT_VALUE_CLD_HA,Escenario económico bajo,UNIT_VALUE_CLD_HA_2015_USD_x_0.80,353,26,9,1.6825160773336653e-05,12300.0,0.20694947751204082,573.9598894162193
NO2_CLD,NO2,Hospital Admissions,Chronic Lung Disease,UNIT_VALUE_CLD_HA,Escenario económico bajo,UNIT_VALUE_CLD_HA_2015_USD_x_0.80,360,33,9,0.0151096849724707,12300.0,185.8491251613896,515439.5391963527
NO2_CLD,NO2,Hospital Admissions,Chronic Lung Disease,UNIT_VALUE_CLD_HA,Escenario económico bajo,UNIT_VALUE_CLD_HA_2015_USD_x_0.80,361,34,9,0.0121910417622561,12300.0,149.94981367575002,415875.3117427354
NO2_CLD,NO2,Hospital Admissions,Chronic Lung Disease,UNIT_VALUE_CLD_HA,Escenario económico bajo,UNIT_VALUE_CLD_HA_2015_USD_x_0.80,379,11,10,0.0317530504219966,12300.0,390.5625201905582,1083197.8103720997
NO2_CLD,NO2,Hospital Admissions,Chronic Lung Disease,UNIT_VALUE_CLD_HA,Escenario económico bajo,UNIT_VALUE_CLD_HA_2015_USD_x_0.80,380,12,10,0.0524271293200607,12300.0,644.8536906367466,1788456.571222672
NO2_CLD,NO2,Hospital Admissions,Chronic Lung Disease,UNIT_VALUE_CLD_HA,Escenario económico bajo,UNIT_VALUE_CLD_HA_2015_USD_x_0.80,381,13,10,0.0523985961139474,12300.0,644.502732201553,1787483.2125697532
NO2_CLD,NO2,Hospital Admissions,Chronic Lung Disease,UNIT_VALUE_CLD_HA,Escenario económico bajo,UNIT_VALUE_CLD_HA_2015_USD_x_0.80,382,14,10,0.051266077947505,12300.0,630.5727587543115,1748849.40631197
NO2_CLD,NO2,Hospital Admissions,Chronic Lung Disease,UNIT_VALUE_CLD_HA,Escenario económico bajo,UNIT_VALUE_CLD_HA_2015_USD_x_0.80,383,15,10,0.0517281931662665,12300.0,636.256775945078,1764613.6301093574
NO2_CLD,NO2,Hospital Admissions,Chronic Lung Disease,UNIT_VALUE_CLD_HA,Escenario económico bajo,UNIT_VALUE_CLD_HA_2015_USD_x_0.80,384,16,10,0.0515267147887732,12300.0,633.7785919019103,1757740.560138515
NO2_CLD,NO2,Hospital Admissions,Chronic Lung Disease,UNIT_VALUE_CLD_HA,Escenario económico bajo,UNIT_VALUE_CLD_HA_2015_USD_x_0.80,385,17,10,0.0513755141142617,12300.0,631.9188236054189,1752582.6229519767
NO2_CLD,NO2,Hospital Admissions,Chronic Lung Disease,UNIT_VALUE_CLD_HA,Escenario económico bajo,UNIT_VALUE_CLD_HA_2015_USD_x_0.80,386,18,10,0.0513148148873515,12300.0,631.1722231144234,1750511.9787522354
NO2_CLD,NO2,Hospital Admissions,Chronic Lung Disease,UNIT_VALUE_CLD_HA,Escenario económico bajo,UNIT_VALUE_CLD_HA_2015_USD_x_0.80,387,19,10,0.0509959707719916,12300.0,627.2504404954966,1739635.1891834252
NO2_CLD,NO2,Hospital Admissions,Chronic Lung Disease,UNIT_VALUE_CLD_HA,Escenario económico bajo,UNIT_VALUE_CLD_HA_2015_USD_x_0.80,388,20,10,0.0507325424183505,12300.0,624.0102717457112,1730648.8079677077
NO2_CLD,NO2,Hospital Admissions,Chronic Lung Disease,UNIT_VALUE_CLD_HA,Escenario económico bajo,UNIT_VALUE_CLD_HA_2015_USD_x_0.80,389,21,10,0.0512072803853843,12300.0,629.849548740227,1746843.6339626075
NO2_CLD,NO2,Hospital Admissions,Chronic Lung Disease,UNIT_VALUE_CLD_HA,Escenario económico bajo,UNIT_VALUE_CLD_HA_2015_USD_x_0.80,390,22,10,0.0514817593032248,12300.0,633.2256394296651,1756206.985163416
NO2_CLD,NO2,Hospital Admissions,Chronic Lung Disease,UNIT_VALUE_CLD_HA,Escenario económico bajo,UNIT_VALUE_CLD_HA_2015_USD_x_0.80,391,23,10,0.0511343572464901,12300.0,628.9525941318282,1744355.993143036
NO2_CLD,NO2,Hospital Admissions,Chronic Lung Disease,UNIT_VALUE_CLD_HA,Escenario económico bajo,UNIT_VALUE_CLD_HA_2015_USD_x_0.80,392,24,10,0.0517026528656831,12300.0,635.9426302479021,1763742.3690084391
NO2_CLD,NO2,Hospital Admissions,Chronic Lung Disease,UNIT_VALUE_CLD_HA,Escenario económico bajo,UNIT_VALUE_CLD_HA_2015_USD_x_0.80,393,25,10,0.0521250991662961,12300.0,641.138719745442,1778153.3595036012
NO2_CLD,NO2,Hospital Admissions,Chronic Lung Disease,UNIT_VALUE_CLD_HA,Escenario económico bajo,UNIT_VALUE_CLD_HA_2015_USD_x_0.80,394,26,10,0.0382328728794693,12300.0,470.26433641747235,1304245.2185503102
NO2_CLD,NO2,Hospital Admissions,Chronic Lung Disease,UNIT_VALUE_CLD_HA,Escenario económico bajo,UNIT_VALUE_CLD_HA_2015_USD_x_0.80,395,27,10,0.0173499906758752,12300.0,213.40488531326494,591863.5110743684
NO2_CLD,NO2,Hospital Admissions,Chronic Lung Disease,UNIT_VALUE_CLD_HA,Escenario económico bajo,UNIT_VALUE_CLD_HA_2015_USD_x_0.80,396,28,10,0.0041672027467323,12300.0,51.25659378480729,142156.5749005981
NO2_CLD,NO2,Hospital Admissions,Chronic Lung Disease,UNIT_VALUE_CLD_HA,Escenario económico bajo,UNIT_VALUE_CLD_HA_2015_USD_x_0.80,397,29,10,0.0015160725839778,12300.0,18.64769278292694,51718.07059495305
NO2_CLD,NO2,Hospital Admissions,Chronic Lung Disease,UNIT_VALUE_CLD_HA,Escenario económico bajo,UNIT_VALUE_CLD_HA_2015_USD_x_0.80,398,30,10,0.0058416118141803,12300.0,71.85182531441768,199276.00788176543
NO2_CLD,NO2,Hospital Admissions,Chronic Lung Disease,UNIT_VALUE_CLD_HA,Escenario económico bajo,UNIT_VALUE_CLD_HA_2015_USD_x_0.80,400,32,10,0.0039797657057756,12300.0,48.95111818103988,135762.49969684143
NO2_CLD,NO2,Hospital Admissions,Chronic Lung Disease,UNIT_VALUE_CLD_HA,Escenario económico bajo,UNIT_VALUE_CLD_HA_2015_USD_x_0.80,401,33,10,0.0488606416709394,12300.0,600.9858925525546,1666792.3039820313
NO2_CLD,NO2,Hospital Admissions,Chronic Lung Disease,UNIT_VALUE_CLD_HA,Escenario económico bajo,UNIT_VALUE_CLD_HA_2015_USD_x_0.80,402,34,10,0.0450766361731934,12300.0,554.4426249302788,1537707.8092603832
NO2_CLD,NO2,Hospital Admissions,Chronic Lung Disease,UNIT_VALUE_CLD_HA,Escenario económico bajo,UNIT_VALUE_CLD_HA_2015_USD_x_0.80,403,35,10,0.0004097731611313,12300.0,5.04020988191499,13978.66929279949
NO2_CLD,NO2,Hospital Admissions,Chronic Lung Disease,UNIT_VALUE_CLD_HA,Escenario económico bajo,UNIT_VALUE_CLD_HA_2015_USD_x_0.80,420,11,11,0.0266417083350041,12300.0,327.69301252055044,908833.6317148701
NO2_CLD,NO2,Hospital Admissions,Chronic Lung Disease,UNIT_VALUE_CLD_HA,Escenario económico bajo,UNIT_VALUE_CLD_HA_2015_USD_x_0.80,421,12,11,0.0513087473650257,12300.0,631.0975925898161,1750304.9962163738
NO2_CLD,NO2,Hospital Admissions,Chronic Lung Disease,UNIT_VALUE_CLD_HA,Escenario económico bajo,UNIT_VALUE_CLD_HA_2015_USD_x_0.80,422,13,11,0.0531001201970136,12300.0,653.1314784232673,1811414.436203442
NO2_CLD,NO2,Hospital Admissions,Chronic Lung Disease,UNIT_VALUE_CLD_HA,Escenario económico bajo,UNIT_VALUE_CLD_HA_2015_USD_x_0.80,423,14,11,0.0518634564041616,12300.0,637.9205137711878,1769227.8905084252
NO2_CLD,NO2,Hospital Admissions,Chronic Lung Disease,UNIT_VALUE_CLD_HA,Escenario económico bajo,UNIT_VALUE_CLD_HA_2015_USD_x_0.80,424,15,11,0.051524099278007,12300.0,633.7464211194862,1757651.3367254164
NO2_CLD,NO2,Hospital Admissions,Chronic Lung Disease,UNIT_VALUE_CLD_HA,Escenario económico bajo,UNIT_VALUE_CLD_HA_2015_USD_x_0.80,425,16,11,0.0516122435712427,12300.0,634.8305959262852,1760658.2196598372
NO2_CLD,NO2,Hospital Admissions,Chronic Lung Disease,UNIT_VALUE_CLD_HA,Escenario económico bajo,UNIT_VALUE_CLD_HA_2015_USD_x_0.80,426,17,11,0.0515238553194453,12300.0,633.7434204291771,1757643.0145208926
NO2_CLD,NO2,Hospital Admissions,Chronic Lung Disease,UNIT_VALUE_CLD_HA,Escenario económico bajo,UNIT_VALUE_CLD_HA_2015_USD_x_0.80,427,18,11,0.052455986082435,12300.0,645.2086288139504,1789440.9674114746
NO2_CLD,NO2,Hospital Admissions,Chronic Lung Disease,UNIT_VALUE_CLD_HA,Escenario económico bajo,UNIT_VALUE_CLD_HA_2015_USD_x_0.80,428,19,11,0.0527668406502614,12300.0,649.0321399982153,1800045.20803525
NO2_CLD,NO2,Hospital Admissions,Chronic Lung Disease,UNIT_VALUE_CLD_HA,Escenario económico bajo,UNIT_VALUE_CLD_HA_2015_USD_x_0.80,429,20,11,0.0504202952958934,12300.0,620.1696321394887,1719997.062864622
NO2_CLD,NO2,Hospital Admissions,Chronic Lung Disease,UNIT_VALUE_CLD_HA,Escenario económico bajo,UNIT_VALUE_CLD_HA_2015_USD_x_0.80,430,21,11,0.0520539114903798,12300.0,640.2631113316716,1775724.9208605976
NO2_CLD,NO2,Hospital Admissions,Chronic Lung Disease,UNIT_VALUE_CLD_HA,Escenario económico bajo,UNIT_VALUE_CLD_HA_2015_USD_x_0.80,431,22,11,0.0502530785031858,12300.0,618.1128655891853,1714292.764811014
NO2_CLD,NO2,Hospital Admissions,Chronic Lung Disease,UNIT_VALUE_CLD_HA,Escenario económico bajo,UNIT_VALUE_CLD_HA_2015_USD_x_0.80,432,23,11,0.051973103045383,12300.0,639.269167458211,1772968.287103626
NO2_CLD,NO2,Hospital Admissions,Chronic Lung Disease,UNIT_VALUE_CLD_HA,Escenario económico bajo,UNIT_VALUE_CLD_HA_2015_USD_x_0.80,433,24,11,0.0512037189907906,12300.0,629.8057435867244,1746722.1434357287
NO2_CLD,NO2,Hospital Admissions,Chronic Lung Disease,UNIT_VALUE_CLD_HA,Escenario económico bajo,UNIT_VALUE_CLD_HA_2015_USD_x_0.80,434,25,11,0.0504243004308498,12300.0,620.2188952994525,1720133.6907903603
NO2_CLD,NO2,Hospital Admissions,Chronic Lung Disease,UNIT_VALUE_CLD_HA,Escenario económico bajo,UNIT_VALUE_CLD_HA_2015_USD_x_0.80,435,26,11,0.0521836352818102,12300.0,641.8587139662654,1780150.2130754595
NO2_CLD,NO2,Hospital Admissions,Chronic Lung Disease,UNIT_VALUE_CLD_HA,Escenario económico bajo,UNIT_VALUE_CLD_HA_2015_USD_x_0.80,436,27,11,0.0526506089316059,12300.0,647.6024898587525,1796080.1734489598
NO2_CLD,NO2,Hospital Admissions,Chronic Lung Disease,UNIT_VALUE_CLD_HA,Escenario económico bajo,UNIT_VALUE_CLD_HA_2015_USD_x_0.80,437,28,11,0.0534598600711267,12300.0,657.5562788748584,1823686.3105198985
NO2_CLD,NO2,Hospital Admissions,Chronic Lung Disease,UNIT_VALUE_CLD_HA,Escenario económico bajo,UNIT_VALUE_CLD_HA_2015_USD_x_0.80,438,29,11,0.0493048116175882,12300.0,606.4491828963348,1681944.3573201818
NO2_CLD,NO2,Hospital Admissions,Chronic Lung Disease,UNIT_VALUE_CLD_HA,Escenario económico bajo,UNIT_VALUE_CLD_HA_2015_USD_x_0.80,439,30,11,0.0494391525846642,12300.0,608.1015767913697,1686527.1561204882
NO2_CLD,NO2,Hospital Admissions,Chronic Lung Disease,UNIT_VALUE_CLD_HA,Escenario económico bajo,UNIT_VALUE_CLD_HA_2015_USD_x_0.80,440,31,11,0.0460594635885904,12300.0,566.531402139662,1571235.1866362025
NO2_CLD,NO2,Hospital Admissions,Chronic Lung Disease,UNIT_VALUE_CLD_HA,Escenario económico bajo,UNIT_VALUE_CLD_HA_2015_USD_x_0.80,441,32,11,0.0477265406292227,12300.0,587.0364497394391,1628104.5008008527
NO2_CLD,NO2,Hospital Admissions,Chronic Lung Disease,UNIT_VALUE_CLD_HA,Escenario económico bajo,UNIT_VALUE_CLD_HA_2015_USD_x_0.80,442,33,11,0.0698302530297863,12300.0,858.9121122663714,2382132.619522922
NO2_CLD,NO2,Hospital Admissions,Chronic Lung Disease,UNIT_VALUE_CLD_HA,Escenario económico bajo,UNIT_VALUE_CLD_HA_2015_USD_x_0.80,443,34,11,0.0514314078830391,12300.0,632.6063169613809,1754489.3376502024
NO2_CLD,NO2,Hospital Admissions,Chronic Lung Disease,UNIT_VALUE_CLD_HA,Escenario económico bajo,UNIT_VALUE_CLD_HA_2015_USD_x_0.80,444,35,11,0.0260098141281418,12300.0,319.9207137761441,887277.7052081713
NO2_CLD,NO2,Hospital Admissions,Chronic Lung Disease,UNIT_VALUE_CLD_HA,Escenario económico bajo,UNIT_VALUE_CLD_HA_2015_USD_x_0.80,445,36,11,0.0338971325299207,12300.0,416.9347301180246,1156339.288551233
NO2_CLD,NO2,Hospital Admissions,Chronic Lung Disease,UNIT_VALUE_CLD_HA,Escenario económico bajo,UNIT_VALUE_CLD_HA_2015_USD_x_0.80,446,37,11,0.0046016367433178,12300.0,56.600131942808936,156976.50393414457
NO2_CLD,NO2,Hospital Admissions,Chronic Lung Disease,UNIT_VALUE_CLD_HA,Escenario económico bajo,UNIT_VALUE_CLD_HA_2015_USD_x_0.80,461,11,12,0.0135929104486059,12300.0,167.19279851785257,463697.5231933678
NO2_CLD,NO2,Hospital Admissions,Chronic Lung Disease,UNIT_VALUE_CLD_HA,Escenario económico bajo,UNIT_VALUE_CLD_HA_2015_USD_x_0.80,462,12,12,0.044309879984726,12300.0,545.0115238121298,1511551.310486275
NO2_CLD,NO2,Hospital Admissions,Chronic Lung Disease,UNIT_VALUE_CLD_HA,Escenario económico bajo,UNIT_VALUE_CLD_HA_2015_USD_x_0.80,463,13,12,0.0467720629845994,12300.0,575.2963747105726,1595544.2245135433
NO2_CLD,NO2,Hospital Admissions,Chronic Lung Disease,UNIT_VALUE_CLD_HA,Escenario económico bajo,UNIT_VALUE_CLD_HA_2015_USD_x_0.80,464,14,12,0.0487497124221351,12300.0,599.6214627922617,1663008.1535519422
NO2_CLD,NO2,Hospital Admissions,Chronic Lung Disease,UNIT_VALUE_CLD_HA,Escenario económico bajo,UNIT_VALUE_CLD_HA_2015_USD_x_0.80,465,15,12,0.0502977361288322,12300.0,618.662154384636,1715816.1788349808
NO2_CLD,NO2,Hospital Admissions,Chronic Lung Disease,UNIT_VALUE_CLD_HA,Escenario económico bajo,UNIT_VALUE_CLD_HA_2015_USD_x_0.80,466,16,12,0.0517021404667505,12300.0,635.9363277410312,1763724.889446808
NO2_CLD,NO2,Hospital Admissions,Chronic Lung Disease,UNIT_VALUE_CLD_HA,Escenario económico bajo,UNIT_VALUE_CLD_HA_2015_USD_x_0.80,467,17,12,0.0516957181370601,12300.0,635.8573330858393,1763505.8033002592
NO2_CLD,NO2,Hospital Admissions,Chronic Lung Disease,UNIT_VALUE_CLD_HA,Escenario económico bajo,UNIT_VALUE_CLD_HA_2015_USD_x_0.80,468,18,12,0.0342866457001032,12300.0,421.72574211126937,1169626.8249436577
NO2_CLD,NO2,Hospital Admissions,Chronic Lung Disease,UNIT_VALUE_CLD_HA,Escenario económico bajo,UNIT_VALUE_CLD_HA_2015_USD_x_0.80,469,19,12,0.0220434280673914,12300.0,271.1341652289142,751971.6278708274
NO2_CLD,NO2,Hospital Admissions,Chronic Lung Disease,UNIT_VALUE_CLD_HA,Escenario económico bajo,UNIT_VALUE_CLD_HA_2015_USD_x_0.80,470,20,12,0.0088874407751284,12300.0,109.31552153407932,303178.9468882616
NO2_CLD,NO2,Hospital Admissions,Chronic Lung Disease,UNIT_VALUE_CLD_HA,Escenario económico bajo,UNIT_VALUE_CLD_HA_2015_USD_x_0.80,471,21,12,0.0326044555649791,12300.0,401.034803449243,1112241.954930234
NO2_CLD,NO2,Hospital Admissions,Chronic Lung Disease,UNIT_VALUE_CLD_HA,Escenario económico bajo,UNIT_VALUE_CLD_HA_2015_USD_x_0.80,472,22,12,0.0502384063112028,12300.0,617.9323976277944,1713792.2495528539
NO2_CLD,NO2,Hospital Admissions,Chronic Lung Disease,UNIT_VALUE_CLD_HA,Escenario económico bajo,UNIT_VALUE_CLD_HA_2015_USD_x_0.80,473,23,12,0.0528840674899778,12300.0,650.4740301267269,1804044.1893743682
NO2_CLD,NO2,Hospital Admissions,Chronic Lung Disease,UNIT_VALUE_CLD_HA,Escenario económico bajo,UNIT_VALUE_CLD_HA_2015_USD_x_0.80,474,24,12,0.0507646393845232,12300.0,624.4050644296353,1731743.7378410834
NO2_CLD,NO2,Hospital Admissions,Chronic Lung Disease,UNIT_VALUE_CLD_HA,Escenario económico bajo,UNIT_VALUE_CLD_HA_2015_USD_x_0.80,475,25,12,0.0511205730983751,12300.0,628.7830491100137,1743885.7718931853
NO2_CLD,NO2,Hospital Admissions,Chronic Lung Disease,UNIT_VALUE_CLD_HA,Escenario económico bajo,UNIT_VALUE_CLD_HA_2015_USD_x_0.80,476,26,12,0.0530875004353807,12300.0,652.9762553551826,1810983.935889724
NO2_CLD,NO2,Hospital Admissions,Chronic Lung Disease,UNIT_VALUE_CLD_HA,Escenario económico bajo,UNIT_VALUE_CLD_HA_2015_USD_x_0.80,477,27,12,0.0548845769613277,12300.0,675.0802966243307,1872287.9470668174
NO2_CLD,NO2,Hospital Admissions,Chronic Lung Disease,UNIT_VALUE_CLD_HA,Escenario económico bajo,UNIT_VALUE_CLD_HA_2015_USD_x_0.80,478,28,12,0.0522290653879482,12300.0,642.4175042717628,1781699.9788724352
NO2_CLD,NO2,Hospital Admissions,Chronic Lung Disease,UNIT_VALUE_CLD_HA,Escenario económico bajo,UNIT_VALUE_CLD_HA_2015_USD_x_0.80,479,29,12,0.053395418256995,12300.0,656.7636445610385,1821487.994734921
NO2_CLD,NO2,Hospital Admissions,Chronic Lung Disease,UNIT_VALUE_CLD_HA,Escenario económico bajo,UNIT_VALUE_CLD_HA_2015_USD_x_0.80,480,30,12,0.0527698832898651,12300.0,649.0695644653407,1800149.0021751097
NO2_CLD,NO2,Hospital Admissions,Chronic Lung Disease,UNIT_VALUE_CLD_HA,Escenario económico bajo,UNIT_VALUE_CLD_HA_2015_USD_x_0.80,481,31,12,0.048555086082921,12300.0,597.2275588199283,1656368.8284579536
NO2_CLD,NO2,Hospital Admissions,Chronic Lung Disease,UNIT_VALUE_CLD_HA,Escenario económico bajo,UNIT_VALUE_CLD_HA_2015_USD_x_0.80,482,32,12,0.0401700548934868,12300.0,494.09167518988767,1370328.6747218901
NO2_CLD,NO2,Hospital Admissions,Chronic Lung Disease,UNIT_VALUE_CLD_HA,Escenario económico bajo,UNIT_VALUE_CLD_HA_2015_USD_x_0.80,483,33,12,0.0554694754210691,12300.0,682.2745476791499,1892240.6987697845
NO2_CLD,NO2,Hospital Admissions,Chronic Lung Disease,UNIT_VALUE_CLD_HA,Escenario económico bajo,UNIT_VALUE_CLD_HA_2015_USD_x_0.80,484,34,12,0.0547897224225074,12300.0,673.9135857968411,1869052.1562565328
NO2_CLD,NO2,Hospital Admissions,Chronic Lung Disease,UNIT_VALUE_CLD_HA,Escenario económico bajo,UNIT_VALUE_CLD_HA_2015_USD_x_0.80,485,35,12,0.0711044706005588,12300.0,874.5849883868732,2425600.2443418056
NO2_CLD,NO2,Hospital Admissions,Chronic Lung Disease,UNIT_VALUE_CLD_HA,Escenario económico bajo,UNIT_VALUE_CLD_HA_2015_USD_x_0.80,486,36,12,0.0549621899096199,12300.0,676.0349358883248,1874935.5722407564
NO2_CLD,NO2,Hospital Admissions,Chronic Lung Disease,UNIT_VALUE_CLD_HA,Escenario económico bajo,UNIT_VALUE_CLD_HA_2015_USD_x_0.80,487,37,12,0.0397702158487723,12300.0,489.1736549398993,1356688.8898199648
NO2_CLD,NO2,Hospital Admissions,Chronic Lung Disease,UNIT_VALUE_CLD_HA,Escenario económico bajo,UNIT_VALUE_CLD_HA_2015_USD_x_0.80,488,38,12,0.0046824944623194,12300.0,57.594681886528626,159734.8185845551
NO2_CLD,NO2,Hospital Admissions,Chronic Lung Disease,UNIT_VALUE_CLD_HA,Escenario económico bajo,UNIT_VALUE_CLD_HA_2015_USD_x_0.80,503,12,13,6.585209972128477e-05,12300.0,0.8099808265718027,2246.4251238390348
NO2_CLD,NO2,Hospital Admissions,Chronic Lung Disease,UNIT_VALUE_CLD_HA,Escenario económico bajo,UNIT_VALUE_CLD_HA_2015_USD_x_0.80,504,13,13,0.0003442020176676,12300.0,4.23368481731148,11741.828482876177
NO2_CLD,NO2,Hospital Admissions,Chronic Lung Disease,UNIT_VALUE_CLD_HA,Escenario económico bajo,UNIT_VALUE_CLD_HA_2015_USD_x_0.80,505,14,13,0.0179295971314101,12300.0,220.53404471634423,611635.7356376505
NO2_CLD,NO2,Hospital Admissions,Chronic Lung Disease,UNIT_VALUE_CLD_HA,Escenario económico bajo,UNIT_VALUE_CLD_HA_2015_USD_x_0.80,506,15,13,0.041969743665013,12300.0,516.2278470796599,1431721.7979261412
NO2_CLD,NO2,Hospital Admissions,Chronic Lung Disease,UNIT_VALUE_CLD_HA,Escenario económico bajo,UNIT_VALUE_CLD_HA_2015_USD_x_0.80,507,16,13,0.0218757480852976,12300.0,269.07170144916046,746251.528950145
NO2_CLD,NO2,Hospital Admissions,Chronic Lung Disease,UNIT_VALUE_CLD_HA,Escenario económico bajo,UNIT_VALUE_CLD_HA_2015_USD_x_0.80,508,17,13,0.018839119056835,12300.0,231.7211643990705,642662.428979314
NO2_CLD,NO2,Hospital Admissions,Chronic Lung Disease,UNIT_VALUE_CLD_HA,Escenario económico bajo,UNIT_VALUE_CLD_HA_2015_USD_x_0.80,509,18,13,0.0002528530724644,12300.0,3.11009279131212,8625.624650208772
NO2_CLD,NO2,Hospital Admissions,Chronic Lung Disease,UNIT_VALUE_CLD_HA,Escenario económico bajo,UNIT_VALUE_CLD_HA_2015_USD_x_0.80,513,22,13,0.0174638690122462,12300.0,214.80558885062825,595748.2642859978
NO2_CLD,NO2,Hospital Admissions,Chronic Lung Disease,UNIT_VALUE_CLD_HA,Escenario económico bajo,UNIT_VALUE_CLD_HA_2015_USD_x_0.80,514,23,13,0.0470272620072639,12300.0,578.435322689346,1604249.8770063128
NO2_CLD,NO2,Hospital Admissions,Chronic Lung Disease,UNIT_VALUE_CLD_HA,Escenario económico bajo,UNIT_VALUE_CLD_HA_2015_USD_x_0.80,515,24,13,0.0495135151111228,12300.0,609.0162358668105,1689063.899040088
NO2_CLD,NO2,Hospital Admissions,Chronic Lung Disease,UNIT_VALUE_CLD_HA,Escenario económico bajo,UNIT_VALUE_CLD_HA_2015_USD_x_0.80,516,25,13,0.0240343514780678,12300.0,295.62252318023394,819888.3744637562
NO2_CLD,NO2,Hospital Admissions,Chronic Lung Disease,UNIT_VALUE_CLD_HA,Escenario económico bajo,UNIT_VALUE_CLD_HA_2015_USD_x_0.80,517,26,13,0.0251878031329035,12300.0,309.809978534713,859236.2887675291
NO2_CLD,NO2,Hospital Admissions,Chronic Lung Disease,UNIT_VALUE_CLD_HA,Escenario económico bajo,UNIT_VALUE_CLD_HA_2015_USD_x_0.80,518,27,13,0.0414684550636484,12300.0,510.0619972828753,1414621.2451242448
NO2_CLD,NO2,Hospital Admissions,Chronic Lung Disease,UNIT_VALUE_CLD_HA,Escenario económico bajo,UNIT_VALUE_CLD_HA_2015_USD_x_0.80,519,28,13,0.0518115724730455,12300.0,637.2823414184596,1767457.9641601983
NO2_CLD,NO2,Hospital Admissions,Chronic Lung Disease,UNIT_VALUE_CLD_HA,Escenario económico bajo,UNIT_VALUE_CLD_HA_2015_USD_x_0.80,520,29,13,0.0521025404542547,12300.0,640.8612475873329,1777383.8098961364
NO2_CLD,NO2,Hospital Admissions,Chronic Lung Disease,UNIT_VALUE_CLD_HA,Escenario económico bajo,UNIT_VALUE_CLD_HA_2015_USD_x_0.80,521,30,13,0.0541486146254399,12300.0,666.0279598929108,1847181.9248057953
NO2_CLD,NO2,Hospital Admissions,Chronic Lung Disease,UNIT_VALUE_CLD_HA,Escenario económico bajo,UNIT_VALUE_CLD_HA_2015_USD_x_0.80,522,31,13,0.0516656777529418,12300.0,635.4878363611841,1762481.0299991989
NO2_CLD,NO2,Hospital Admissions,Chronic Lung Disease,UNIT_VALUE_CLD_HA,Escenario económico bajo,UNIT_VALUE_CLD_HA_2015_USD_x_0.80,523,32,13,0.0547965686651371,12300.0,673.9977945811863,1869285.7034252994
NO2_CLD,NO2,Hospital Admissions,Chronic Lung Disease,UNIT_VALUE_CLD_HA,Escenario económico bajo,UNIT_VALUE_CLD_HA_2015_USD_x_0.80,524,33,13,0.0573587046177372,12300.0,705.5120667981676,1956688.3314200416
NO2_CLD,NO2,Hospital Admissions,Chronic Lung Disease,UNIT_VALUE_CLD_HA,Escenario económico bajo,UNIT_VALUE_CLD_HA_2015_USD_x_0.80,525,34,13,0.0708278520932925,12300.0,871.1825807474977,2416163.9049225324
NO2_CLD,NO2,Hospital Admissions,Chronic Lung Disease,UNIT_VALUE_CLD_HA,Escenario económico bajo,UNIT_VALUE_CLD_HA_2015_USD_x_0.80,526,35,13,0.0489749136968958,12300.0,602.3914384718183,1670690.487200895
NO2_CLD,NO2,Hospital Admissions,Chronic Lung Disease,UNIT_VALUE_CLD_HA,Escenario económico bajo,UNIT_VALUE_CLD_HA_2015_USD_x_0.80,527,36,13,0.0512856596239458,12300.0,630.8136133745334,1749517.399741332
NO2_CLD,NO2,Hospital Admissions,Chronic Lung Disease,UNIT_VALUE_CLD_HA,Escenario económico bajo,UNIT_VALUE_CLD_HA_2015_USD_x_0.80,528,37,13,0.0512628279870452,12300.0,630.5327842406559,1748738.5397965622
NO2_CLD,NO2,Hospital Admissions,Chronic Lung Disease,UNIT_VALUE_CLD_HA,Escenario económico bajo,UNIT_VALUE_CLD_HA_2015_USD_x_0.80,529,38,13,0.0488328680584936,12300.0,600.6442771194713,1665844.8574914553
NO2_CLD,NO2,Hospital Admissions,Chronic Lung Disease,UNIT_VALUE_CLD_HA,Escenario económico bajo,UNIT_VALUE_CLD_HA_2015_USD_x_0.80,530,39,13,0.0315269431758722,12300.0,387.7814010632281,1075484.5711507886
NO2_CLD,NO2,Hospital Admissions,Chronic Lung Disease,UNIT_VALUE_CLD_HA,Escenario económico bajo,UNIT_VALUE_CLD_HA_2015_USD_x_0.80,531,40,13,0.0052413436177164,12300.0,64.46852649791171,178798.94544510328
NO2_CLD,NO2,Hospital Admissions,Chronic Lung Disease,UNIT_VALUE_CLD_HA,Escenario económico bajo,UNIT_VALUE_CLD_HA_2015_USD_x_0.80,546,14,14,1.6478870997461683e-05,12300.0,0.2026901132687787,562.1468408430288
NO2_CLD,NO2,Hospital Admissions,Chronic Lung Disease,UNIT_VALUE_CLD_HA,Escenario económico bajo,UNIT_VALUE_CLD_HA_2015_USD_x_0.80,547,15,14,0.002979290799028,12300.0,36.6452768280444,101633.11011320318
NO2_CLD,NO2,Hospital Admissions,Chronic Lung Disease,UNIT_VALUE_CLD_HA,Escenario económico bajo,UNIT_VALUE_CLD_HA_2015_USD_x_0.80,555,23,14,0.0004659584692892,12300.0,5.73128917225716,15895.329329013175
NO2_CLD,NO2,Hospital Admissions,Chronic Lung Disease,UNIT_VALUE_CLD_HA,Escenario económico bajo,UNIT_VALUE_CLD_HA_2015_USD_x_0.80,556,24,14,0.003854496701769,12300.0,47.4103094317587,131489.1744873225
NO2_CLD,NO2,Hospital Admissions,Chronic Lung Disease,UNIT_VALUE_CLD_HA,Escenario económico bajo,UNIT_VALUE_CLD_HA_2015_USD_x_0.80,559,27,14,0.0090701803226164,12300.0,111.56321796818172,309412.7756094942
NO2_CLD,NO2,Hospital Admissions,Chronic Lung Disease,UNIT_VALUE_CLD_HA,Escenario económico bajo,UNIT_VALUE_CLD_HA_2015_USD_x_0.80,560,28,14,0.0463029214897876,12300.0,569.5259343243875,1579540.312033286
NO2_CLD,NO2,Hospital Admissions,Chronic Lung Disease,UNIT_VALUE_CLD_HA,Escenario económico bajo,UNIT_VALUE_CLD_HA_2015_USD_x_0.80,561,29,14,0.051378509075965,12300.0,631.9556616343696,1752684.7906466094
NO2_CLD,NO2,Hospital Admissions,Chronic Lung Disease,UNIT_VALUE_CLD_HA,Escenario económico bajo,UNIT_VALUE_CLD_HA_2015_USD_x_0.80,562,30,14,0.0513637189923983,12300.0,631.773743606499,1752180.2537305725
NO2_CLD,NO2,Hospital Admissions,Chronic Lung Disease,UNIT_VALUE_CLD_HA,Escenario económico bajo,UNIT_VALUE_CLD_HA_2015_USD_x_0.80,563,31,14,0.0485420803523993,12300.0,597.0675883345114,1655925.1615145837
NO2_CLD,NO2,Hospital Admissions,Chronic Lung Disease,UNIT_VALUE_CLD_HA,Escenario económico bajo,UNIT_VALUE_CLD_HA_2015_USD_x_0.80,564,32,14,0.0435285850292208,12300.0,535.4015958594158,1484898.8480043795
NO2_CLD,NO2,Hospital Admissions,Chronic Lung Disease,UNIT_VALUE_CLD_HA,Escenario económico bajo,UNIT_VALUE_CLD_HA_2015_USD_x_0.80,565,33,14,0.0547417927822057,12300.0,673.3240512211302,1867417.1233782189
NO2_CLD,NO2,Hospital Admissions,Chronic Lung Disease,UNIT_VALUE_CLD_HA,Escenario económico bajo,UNIT_VALUE_CLD_HA_2015_USD_x_0.80,566,34,14,0.0481996128971575,12300.0,592.8552386350373,1644242.5044875713
NO2_CLD,NO2,Hospital Admissions,Chronic Lung Disease,UNIT_VALUE_CLD_HA,Escenario económico bajo,UNIT_VALUE_CLD_HA_2015_USD_x_0.80,567,35,14,0.0468951941321215,12300.0,576.8108878250945,1599744.6206207518
NO2_CLD,NO2,Hospital Admissions,Chronic Lung Disease,UNIT_VALUE_CLD_HA,Escenario económico bajo,UNIT_VALUE_CLD_HA_2015_USD_x_0.80,568,36,14,0.0568096159559817,12300.0,698.7582762585748,1937957.166123819
NO2_CLD,NO2,Hospital Admissions,Chronic Lung Disease,UNIT_VALUE_CLD_HA,Escenario económico bajo,UNIT_VALUE_CLD_HA_2015_USD_x_0.80,569,37,14,0.0555929711541149,12300.0,683.7935451956132,1896453.5320518694
NO2_CLD,NO2,Hospital Admissions,Chronic Lung Disease,UNIT_VALUE_CLD_HA,Escenario económico bajo,UNIT_VALUE_CLD_HA_2015_USD_x_0.80,570,38,14,0.041147679166817,12300.0,506.11645375184906,1403678.5563289907
NO2_CLD,NO2,Hospital Admissions,Chronic Lung Disease,UNIT_VALUE_CLD_HA,Escenario económico bajo,UNIT_VALUE_CLD_HA_2015_USD_x_0.80,571,39,14,0.0537469836819449,12300.0,661.0878992879223,1833481.012522102
NO2_CLD,NO2,Hospital Admissions,Chronic Lung Disease,UNIT_VALUE_CLD_HA,Escenario económico bajo,UNIT_VALUE_CLD_HA_2015_USD_x_0.80,572,40,14,0.0322234227891603,12300.0,396.3481003066717,1099243.7118335324
NO2_CLD,NO2,Hospital Admissions,Chronic Lung Disease,UNIT_VALUE_CLD_HA,Escenario económico bajo,UNIT_VALUE_CLD_HA_2015_USD_x_0.80,573,41,14,0.0165922293672668,12300.0,204.08442121738165,566013.8563369227
NO2_CLD,NO2,Hospital Admissions,Chronic Lung Disease,UNIT_VALUE_CLD_HA,Escenario económico bajo,UNIT_VALUE_CLD_HA_2015_USD_x_0.80,601,28,15,0.0023056112115714,12300.0,28.359017902328223,78651.75102085416
NO2_CLD,NO2,Hospital Admissions,Chronic Lung Disease,UNIT_VALUE_CLD_HA,Escenario económico bajo,UNIT_VALUE_CLD_HA_2015_USD_x_0.80,602,29,15,0.0318623769292104,12300.0,391.90723622928795,1086927.286175394
NO2_CLD,NO2,Hospital Admissions,Chronic Lung Disease,UNIT_VALUE_CLD_HA,Escenario económico bajo,UNIT_VALUE_CLD_HA_2015_USD_x_0.80,603,30,15,0.0542735600503976,12300.0,667.5647886198905,1851444.2117020627
NO2_CLD,NO2,Hospital Admissions,Chronic Lung Disease,UNIT_VALUE_CLD_HA,Escenario económico bajo,UNIT_VALUE_CLD_HA_2015_USD_x_0.80,604,31,15,0.0508558206455574,12300.0,625.5265939403561,1734854.2214320016
NO2_CLD,NO2,Hospital Admissions,Chronic Lung Disease,UNIT_VALUE_CLD_HA,Escenario económico bajo,UNIT_VALUE_CLD_HA_2015_USD_x_0.80,605,32,15,0.0500023315986788,12300.0,615.0286786637492,1705738.988266402
NO2_CLD,NO2,Hospital Admissions,Chronic Lung Disease,UNIT_VALUE_CLD_HA,Escenario económico bajo,UNIT_VALUE_CLD_HA_2015_USD_x_0.80,606,33,15,0.0511272529739362,12300.0,628.8652115794152,1744113.6437506976
NO2_CLD,NO2,Hospital Admissions,Chronic Lung Disease,UNIT_VALUE_CLD_HA,Escenario económico bajo,UNIT_VALUE_CLD_HA_2015_USD_x_0.80,607,34,15,0.0522318898073929,12300.0,642.4522446309327,1781796.3288267676
NO2_CLD,NO2,Hospital Admissions,Chronic Lung Disease,UNIT_VALUE_CLD_HA,Escenario económico bajo,UNIT_VALUE_CLD_HA_2015_USD_x_0.80,608,35,15,0.0505717049353838,12300.0,622.0319707052207,1725162.1285129802
NO2_CLD,NO2,Hospital Admissions,Chronic Lung Disease,UNIT_VALUE_CLD_HA,Escenario económico bajo,UNIT_VALUE_CLD_HA_2015_USD_x_0.80,609,36,15,0.052767072334357,12300.0,649.034989712591,1800053.1115185912
NO2_CLD,NO2,Hospital Admissions,Chronic Lung Disease,UNIT_VALUE_CLD_HA,Escenario económico bajo,UNIT_VALUE_CLD_HA_2015_USD_x_0.80,610,37,15,0.056188271194361,12300.0,691.1157356906402,1916761.1148364923
NO2_CLD,NO2,Hospital Admissions,Chronic Lung Disease,UNIT_VALUE_CLD_HA,Escenario económico bajo,UNIT_VALUE_CLD_HA_2015_USD_x_0.80,611,38,15,0.0674201789332774,12300.0,829.268200879312,2299917.30636471
NO2_CLD,NO2,Hospital Admissions,Chronic Lung Disease,UNIT_VALUE_CLD_HA,Escenario económico bajo,UNIT_VALUE_CLD_HA_2015_USD_x_0.80,612,39,15,0.0491418396584844,12300.0,604.4446277993582,1676384.8640775739
NO2_CLD,NO2,Hospital Admissions,Chronic Lung Disease,UNIT_VALUE_CLD_HA,Escenario económico bajo,UNIT_VALUE_CLD_HA_2015_USD_x_0.80,613,40,15,0.0498985971797287,12300.0,613.752745310663,1702200.276426952
NO2_CLD,NO2,Hospital Admissions,Chronic Lung Disease,UNIT_VALUE_CLD_HA,Escenario económico bajo,UNIT_VALUE_CLD_HA_2015_USD_x_0.80,614,41,15,0.029244527901617,12300.0,359.7076931898891,997624.107523634
NO2_CLD,NO2,Hospital Admissions,Chronic Lung Disease,UNIT_VALUE_CLD_HA,Escenario económico bajo,UNIT_VALUE_CLD_HA_2015_USD_x_0.80,643,29,16,0.0013693723625074,12300.0,16.84328005884102,46713.65821359145
NO2_CLD,NO2,Hospital Admissions,Chronic Lung Disease,UNIT_VALUE_CLD_HA,Escenario económico bajo,UNIT_VALUE_CLD_HA_2015_USD_x_0.80,644,30,16,0.015641205752752,12300.0,192.3868307588496,533571.4080315162
NO2_CLD,NO2,Hospital Admissions,Chronic Lung Disease,UNIT_VALUE_CLD_HA,Escenario económico bajo,UNIT_VALUE_CLD_HA_2015_USD_x_0.80,645,31,16,0.040412533980996,12300.0,497.0741679662508,1378600.4096626388
NO2_CLD,NO2,Hospital Admissions,Chronic Lung Disease,UNIT_VALUE_CLD_HA,Escenario económico bajo,UNIT_VALUE_CLD_HA_2015_USD_x_0.80,646,32,16,0.0527740998156352,12300.0,649.121427732313,1800292.8413156287
NO2_CLD,NO2,Hospital Admissions,Chronic Lung Disease,UNIT_VALUE_CLD_HA,Escenario económico bajo,UNIT_VALUE_CLD_HA_2015_USD_x_0.80,647,33,16,0.0536737526320547,12300.0,660.1871573742728,1830982.8678765295
NO2_CLD,NO2,Hospital Admissions,Chronic Lung Disease,UNIT_VALUE_CLD_HA,Escenario económico bajo,UNIT_VALUE_CLD_HA_2015_USD_x_0.80,648,34,16,0.0415342651499067,12300.0,510.8714613438524,1416866.2370348806
NO2_CLD,NO2,Hospital Admissions,Chronic Lung Disease,UNIT_VALUE_CLD_HA,Escenario económico bajo,UNIT_VALUE_CLD_HA_2015_USD_x_0.80,649,35,16,0.0451148020918966,12300.0,554.9120657303281,1539009.7704584638
NO2_CLD,NO2,Hospital Admissions,Chronic Lung Disease,UNIT_VALUE_CLD_HA,Escenario económico bajo,UNIT_VALUE_CLD_HA_2015_USD_x_0.80,650,36,16,0.0524953051766756,12300.0,645.6922536731098,1790782.267104613
NO2_CLD,NO2,Hospital Admissions,Chronic Lung Disease,UNIT_VALUE_CLD_HA,Escenario económico bajo,UNIT_VALUE_CLD_HA_2015_USD_x_0.80,651,37,16,0.0346311763497398,12300.0,425.96346910179955,1181379.864111004
NO2_CLD,NO2,Hospital Admissions,Chronic Lung Disease,UNIT_VALUE_CLD_HA,Escenario económico bajo,UNIT_VALUE_CLD_HA_2015_USD_x_0.80,652,38,16,0.0537027050506501,12300.0,660.5432721229962,1831970.5272040812
NO2_CLD,NO2,Hospital Admissions,Chronic Lung Disease,UNIT_VALUE_CLD_HA,Escenario económico bajo,UNIT_VALUE_CLD_HA_2015_USD_x_0.80,653,39,16,0.0362729121606813,12300.0,446.15681957638,1237384.7081177195
NO2_CLD,NO2,Hospital Admissions,Chronic Lung Disease,UNIT_VALUE_CLD_HA,Escenario económico bajo,UNIT_VALUE_CLD_HA_2015_USD_x_0.80,654,40,16,0.050435945915703,12300.0,620.362134763147,1720530.9554161546
NO2_CLD,NO2,Hospital Admissions,Chronic Lung Disease,UNIT_VALUE_CLD_HA,Escenario económico bajo,UNIT_VALUE_CLD_HA_2015_USD_x_0.80,655,41,16,0.0171334697151619,12300.0,210.74167749649138,584477.290619094
NO2_CLD,NO2,Hospital Admissions,Chronic Lung Disease,UNIT_VALUE_CLD_HA,Escenario económico bajo,UNIT_VALUE_CLD_HA_2015_USD_x_0.80,686,31,17,0.0100731968865333,12300.0,123.90032170435958,343628.869224522
NO2_CLD,NO2,Hospital Admissions,Chronic Lung Disease,UNIT_VALUE_CLD_HA,Escenario económico bajo,UNIT_VALUE_CLD_HA_2015_USD_x_0.80,687,32,17,0.0298481561841097,12300.0,367.13232106454933,1018215.793210053
NO2_CLD,NO2,Hospital Admissions,Chronic Lung Disease,UNIT_VALUE_CLD_HA,Escenario económico bajo,UNIT_VALUE_CLD_HA_2015_USD_x_0.80,688,33,17,0.0478279755499206,12300.0,588.2840992640233,1631564.76942182
NO2_CLD,NO2,Hospital Admissions,Chronic Lung Disease,UNIT_VALUE_CLD_HA,Escenario económico bajo,UNIT_VALUE_CLD_HA_2015_USD_x_0.80,689,34,17,0.0089008392001644,12300.0,109.48032216202212,303636.009893817
NO2_CLD,NO2,Hospital Admissions,Chronic Lung Disease,UNIT_VALUE_CLD_HA,Escenario económico bajo,UNIT_VALUE_CLD_HA_2015_USD_x_0.80,690,35,17,0.0155471891448553,12300.0,191.2304264817202,530364.2017171972
NO2_CLD,NO2,Hospital Admissions,Chronic Lung Disease,UNIT_VALUE_CLD_HA,Escenario económico bajo,UNIT_VALUE_CLD_HA_2015_USD_x_0.80,691,36,17,0.0107979314591387,12300.0,132.814556947406,368351.8766746442
NO2_CLD,NO2,Hospital Admissions,Chronic Lung Disease,UNIT_VALUE_CLD_HA,Escenario económico bajo,UNIT_VALUE_CLD_HA_2015_USD_x_0.80,692,37,17,0.0174004678371331,12300.0,214.0257543967371,593585.4480165426
NO2_CLD,NO2,Hospital Admissions,Chronic Lung Disease,UNIT_VALUE_CLD_HA,Escenario económico bajo,UNIT_VALUE_CLD_HA_2015_USD_x_0.80,693,38,17,0.0163850897684111,12300.0,201.53660415145654,558947.6640517741
NO2_CLD,NO2,Hospital Admissions,Chronic Lung Disease,UNIT_VALUE_CLD_HA,Escenario económico bajo,UNIT_VALUE_CLD_HA_2015_USD_x_0.80,694,39,17,0.0020116570130117,12300.0,24.743381260043908,68624.03588804357
NO2_CLD,NO2,Hospital Admissions,Chronic Lung Disease,UNIT_VALUE_CLD_HA,Escenario económico bajo,UNIT_VALUE_CLD_HA_2015_USD_x_0.80,695,40,17,0.0213538421547241,12300.0,262.6522585031064,728447.6533002703
NO2_CLD,NO2,Hospital Admissions,Chronic Lung Disease,UNIT_VALUE_CLD_HA,Escenario económico bajo,UNIT_VALUE_CLD_HA_2015_USD_x_0.80,696,41,17,0.005312523867267,12300.0,65.3440435673841,181227.1307510901
NO2_CLD,NO2,Hospital Admissions,Chronic Lung Disease,UNIT_VALUE_CLD_HA,Escenario económico bajo,UNIT_VALUE_CLD_HA_2015_USD_x_0.80,729,33,18,0.0002724935564274,12300.0,3.35167074405702,9295.62419169006
NO2_CLD,NO2,Hospital Admissions,Chronic Lung Disease,UNIT_VALUE_CLD_HA,Escenario económico bajo,UNIT_VALUE_CLD_HA_2015_USD_x_0.80,730,34,18,0.0009525322012092,12300.0,11.71614607487316,32493.91100843547
NO2_CLD,NO2,Hospital Admissions,Chronic Lung Disease,UNIT_VALUE_CLD_HA,Escenario económico central,UNIT_VALUE_CLD_HA_2015_USD_x_1.00,0,1,1,0.038624553500357,15375.0,593.8525100679889,1647008.3669978622
NO2_CLD,NO2,Hospital Admissions,Chronic Lung Disease,UNIT_VALUE_CLD_HA,Escenario económico central,UNIT_VALUE_CLD_HA_2015_USD_x_1.00,1,2,1,0.0214421497614719,15375.0,329.6730525826305,914325.1342242447
NO2_CLD,NO2,Hospital Admissions,Chronic Lung Disease,UNIT_VALUE_CLD_HA,Escenario económico central,UNIT_VALUE_CLD_HA_2015_USD_x_1.00,2,3,1,0.0003958959885258,15375.0,6.086900823584175,16881.593351153057
NO2_CLD,NO2,Hospital Admissions,Chronic Lung Disease,UNIT_VALUE_CLD_HA,Escenario económico central,UNIT_VALUE_CLD_HA_2015_USD_x_1.00,41,1,2,0.0316597456590578,15375.0,486.76858950801363,1350018.60919921
NO2_CLD,NO2,Hospital Admissions,Chronic Lung Disease,UNIT_VALUE_CLD_HA,Escenario económico central,UNIT_VALUE_CLD_HA_2015_USD_x_1.00,42,2,2,0.049545559242222,15375.0,761.7629733491633,2112696.2831757697
NO2_CLD,NO2,Hospital Admissions,Chronic Lung Disease,UNIT_VALUE_CLD_HA,Escenario económico central,UNIT_VALUE_CLD_HA_2015_USD_x_1.00,43,3,2,0.0382616631772855,15375.0,588.2730713507646,1631534.1842763508
NO2_CLD,NO2,Hospital Admissions,Chronic Lung Disease,UNIT_VALUE_CLD_HA,Escenario económico central,UNIT_VALUE_CLD_HA_2015_USD_x_1.00,44,4,2,0.0051768035463699,15375.0,79.5933545254372,220746.5972414833
NO2_CLD,NO2,Hospital Admissions,Chronic Lung Disease,UNIT_VALUE_CLD_HA,Escenario económico central,UNIT_VALUE_CLD_HA_2015_USD_x_1.00,82,1,3,0.003569734763038,15375.0,54.88467198170925,152218.79581423188
NO2_CLD,NO2,Hospital Admissions,Chronic Lung Disease,UNIT_VALUE_CLD_HA,Escenario económico central,UNIT_VALUE_CLD_HA_2015_USD_x_1.00,83,2,3,0.022627028433438,15375.0,347.89056216410927,964850.1218228055
NO2_CLD,NO2,Hospital Admissions,Chronic Lung Disease,UNIT_VALUE_CLD_HA,Escenario económico central,UNIT_VALUE_CLD_HA_2015_USD_x_1.00,84,3,3,0.0507798401063393,15375.0,780.7400416349667,2165327.853671666
NO2_CLD,NO2,Hospital Admissions,Chronic Lung Disease,UNIT_VALUE_CLD_HA,Escenario económico central,UNIT_VALUE_CLD_HA_2015_USD_x_1.00,85,4,3,0.0505591827063073,15375.0,777.3474341094748,2155918.6941822404
NO2_CLD,NO2,Hospital Admissions,Chronic Lung Disease,UNIT_VALUE_CLD_HA,Escenario económico central,UNIT_VALUE_CLD_HA_2015_USD_x_1.00,86,5,3,0.0374219722360261,15375.0,575.3628231289013,1595728.5145503886
NO2_CLD,NO2,Hospital Admissions,Chronic Lung Disease,UNIT_VALUE_CLD_HA,Escenario económico central,UNIT_VALUE_CLD_HA_2015_USD_x_1.00,87,6,3,0.0127633414650343,15375.0,196.23637502490237,544247.849585315
NO2_CLD,NO2,Hospital Admissions,Chronic Lung Disease,UNIT_VALUE_CLD_HA,Escenario económico central,UNIT_VALUE_CLD_HA_2015_USD_x_1.00,91,10,3,0.0029584370309718,15375.0,45.48596935119143,126152.15197767483
NO2_CLD,NO2,Hospital Admissions,Chronic Lung Disease,UNIT_VALUE_CLD_HA,Escenario económico central,UNIT_VALUE_CLD_HA_2015_USD_x_1.00,125,3,4,0.0213292106101474,15375.0,327.93661313101626,909509.2409559544
NO2_CLD,NO2,Hospital Admissions,Chronic Lung Disease,UNIT_VALUE_CLD_HA,Escenario económico central,UNIT_VALUE_CLD_HA_2015_USD_x_1.00,126,4,4,0.0524947213858895,15375.0,807.1063413080511,2238452.940173988
NO2_CLD,NO2,Hospital Admissions,Chronic Lung Disease,UNIT_VALUE_CLD_HA,Escenario económico central,UNIT_VALUE_CLD_HA_2015_USD_x_1.00,127,5,4,0.051895017688034,15375.0,797.8858969535228,2212880.6831878084
NO2_CLD,NO2,Hospital Admissions,Chronic Lung Disease,UNIT_VALUE_CLD_HA,Escenario económico central,UNIT_VALUE_CLD_HA_2015_USD_x_1.00,128,6,4,0.0520028572350805,15375.0,799.5439299893627,2217479.121750398
NO2_CLD,NO2,Hospital Admissions,Chronic Lung Disease,UNIT_VALUE_CLD_HA,Escenario económico central,UNIT_VALUE_CLD_HA_2015_USD_x_1.00,129,7,4,0.0404979051328741,15375.0,622.6552914179393,1726890.8648772554
NO2_CLD,NO2,Hospital Admissions,Chronic Lung Disease,UNIT_VALUE_CLD_HA,Escenario económico central,UNIT_VALUE_CLD_HA_2015_USD_x_1.00,130,8,4,0.0285876855003391,15375.0,439.5356645677137,1219021.398182034
NO2_CLD,NO2,Hospital Admissions,Chronic Lung Disease,UNIT_VALUE_CLD_HA,Escenario económico central,UNIT_VALUE_CLD_HA_2015_USD_x_1.00,131,9,4,0.0289407848797625,15375.0,444.96456752634845,1234078.0805146005
NO2_CLD,NO2,Hospital Admissions,Chronic Lung Disease,UNIT_VALUE_CLD_HA,Escenario económico central,UNIT_VALUE_CLD_HA_2015_USD_x_1.00,132,10,4,0.0491670027919122,15375.0,755.94266792565,2096554.0735050354
NO2_CLD,NO2,Hospital Admissions,Chronic Lung Disease,UNIT_VALUE_CLD_HA,Escenario económico central,UNIT_VALUE_CLD_HA_2015_USD_x_1.00,133,11,4,0.041426819423613,15375.0,636.9373486380499,1766501.1508332267
NO2_CLD,NO2,Hospital Admissions,Chronic Lung Disease,UNIT_VALUE_CLD_HA,Escenario económico central,UNIT_VALUE_CLD_HA_2015_USD_x_1.00,134,12,4,0.0379922351694193,15375.0,584.1306157298217,1620045.3735835592
NO2_CLD,NO2,Hospital Admissions,Chronic Lung Disease,UNIT_VALUE_CLD_HA,Escenario económico central,UNIT_VALUE_CLD_HA_2015_USD_x_1.00,135,13,4,0.0160371993270962,15375.0,246.57193965410406,683850.0145948818
NO2_CLD,NO2,Hospital Admissions,Chronic Lung Disease,UNIT_VALUE_CLD_HA,Escenario económico central,UNIT_VALUE_CLD_HA_2015_USD_x_1.00,136,14,4,0.0034903059887923,15375.0,53.66345457768161,148831.8348293795
NO2_CLD,NO2,Hospital Admissions,Chronic Lung Disease,UNIT_VALUE_CLD_HA,Escenario económico central,UNIT_VALUE_CLD_HA_2015_USD_x_1.00,166,3,5,3.248933519709782e-05,15375.0,0.499523528655379,1385.3935400786877
NO2_CLD,NO2,Hospital Admissions,Chronic Lung Disease,UNIT_VALUE_CLD_HA,Escenario económico central,UNIT_VALUE_CLD_HA_2015_USD_x_1.00,167,4,5,0.0357877921196355,15375.0,550.2373038393958,1526044.6455872955
NO2_CLD,NO2,Hospital Admissions,Chronic Lung Disease,UNIT_VALUE_CLD_HA,Escenario económico central,UNIT_VALUE_CLD_HA_2015_USD_x_1.00,168,5,5,0.0524125280638002,15375.0,805.8426189809281,2234948.0947602754
NO2_CLD,NO2,Hospital Admissions,Chronic Lung Disease,UNIT_VALUE_CLD_HA,Escenario económico central,UNIT_VALUE_CLD_HA_2015_USD_x_1.00,169,6,5,0.0515956532726292,15375.0,793.283169066674,2200115.3395845853
NO2_CLD,NO2,Hospital Admissions,Chronic Lung Disease,UNIT_VALUE_CLD_HA,Escenario económico central,UNIT_VALUE_CLD_HA_2015_USD_x_1.00,170,7,5,0.0510391627899863,15375.0,784.7271278960393,2176385.758320712
NO2_CLD,NO2,Hospital Admissions,Chronic Lung Disease,UNIT_VALUE_CLD_HA,Escenario económico central,UNIT_VALUE_CLD_HA_2015_USD_x_1.00,171,8,5,0.0525099176899532,15375.0,807.3399844830304,2239100.933164771
NO2_CLD,NO2,Hospital Admissions,Chronic Lung Disease,UNIT_VALUE_CLD_HA,Escenario económico central,UNIT_VALUE_CLD_HA_2015_USD_x_1.00,172,9,5,0.0527105584466737,15375.0,810.4248361176082,2247656.553233658
NO2_CLD,NO2,Hospital Admissions,Chronic Lung Disease,UNIT_VALUE_CLD_HA,Escenario económico central,UNIT_VALUE_CLD_HA_2015_USD_x_1.00,173,10,5,0.0525968130809869,15375.0,808.6760011201735,2242806.2817867226
NO2_CLD,NO2,Hospital Admissions,Chronic Lung Disease,UNIT_VALUE_CLD_HA,Escenario económico central,UNIT_VALUE_CLD_HA_2015_USD_x_1.00,174,11,5,0.0527521800157341,15375.0,811.0647677419117,2249431.3587984503
NO2_CLD,NO2,Hospital Admissions,Chronic Lung Disease,UNIT_VALUE_CLD_HA,Escenario económico central,UNIT_VALUE_CLD_HA_2015_USD_x_1.00,175,12,5,0.0523943014219699,15375.0,805.5623843627873,2234170.883663285
NO2_CLD,NO2,Hospital Admissions,Chronic Lung Disease,UNIT_VALUE_CLD_HA,Escenario económico central,UNIT_VALUE_CLD_HA_2015_USD_x_1.00,176,13,5,0.0524597549506191,15375.0,806.5687323657687,2236961.919405194
NO2_CLD,NO2,Hospital Admissions,Chronic Lung Disease,UNIT_VALUE_CLD_HA,Escenario económico central,UNIT_VALUE_CLD_HA_2015_USD_x_1.00,177,14,5,0.0496989789066165,15375.0,764.1218006892287,2119238.3256855276
NO2_CLD,NO2,Hospital Admissions,Chronic Lung Disease,UNIT_VALUE_CLD_HA,Escenario económico central,UNIT_VALUE_CLD_HA_2015_USD_x_1.00,178,15,5,0.0186249169563929,15375.0,286.35809820454085,794194.1403034197
NO2_CLD,NO2,Hospital Admissions,Chronic Lung Disease,UNIT_VALUE_CLD_HA,Escenario económico central,UNIT_VALUE_CLD_HA_2015_USD_x_1.00,208,4,6,0.0277405819313746,15375.0,426.51144719488445,1182899.6429937084
NO2_CLD,NO2,Hospital Admissions,Chronic Lung Disease,UNIT_VALUE_CLD_HA,Escenario económico central,UNIT_VALUE_CLD_HA_2015_USD_x_1.00,209,5,6,0.0126084997290928,15375.0,193.8556833348018,537645.1678312393
NO2_CLD,NO2,Hospital Admissions,Chronic Lung Disease,UNIT_VALUE_CLD_HA,Escenario económico central,UNIT_VALUE_CLD_HA_2015_USD_x_1.00,210,6,6,0.0162305770018271,15375.0,249.54512140309166,692095.9260529764
NO2_CLD,NO2,Hospital Admissions,Chronic Lung Disease,UNIT_VALUE_CLD_HA,Escenario económico central,UNIT_VALUE_CLD_HA_2015_USD_x_1.00,211,7,6,0.051790233366552,15375.0,796.2748380107371,2208412.5239841184
NO2_CLD,NO2,Hospital Admissions,Chronic Lung Disease,UNIT_VALUE_CLD_HA,Escenario económico central,UNIT_VALUE_CLD_HA_2015_USD_x_1.00,212,8,6,0.0534140372948058,15375.0,821.2408234076393,2277653.936863449
NO2_CLD,NO2,Hospital Admissions,Chronic Lung Disease,UNIT_VALUE_CLD_HA,Escenario económico central,UNIT_VALUE_CLD_HA_2015_USD_x_1.00,213,9,6,0.0520096441069902,15375.0,799.6482781449744,2217768.524055616
NO2_CLD,NO2,Hospital Admissions,Chronic Lung Disease,UNIT_VALUE_CLD_HA,Escenario económico central,UNIT_VALUE_CLD_HA_2015_USD_x_1.00,214,10,6,0.0508852246246363,15375.0,782.3603286037832,2169821.60615959
NO2_CLD,NO2,Hospital Admissions,Chronic Lung Disease,UNIT_VALUE_CLD_HA,Escenario económico central,UNIT_VALUE_CLD_HA_2015_USD_x_1.00,215,11,6,0.0535752140387339,15375.0,823.7189158455337,2284526.7527734786
NO2_CLD,NO2,Hospital Admissions,Chronic Lung Disease,UNIT_VALUE_CLD_HA,Escenario económico central,UNIT_VALUE_CLD_HA_2015_USD_x_1.00,216,12,6,0.0530647822142904,15375.0,815.8710265447149,2262761.181149909
NO2_CLD,NO2,Hospital Admissions,Chronic Lung Disease,UNIT_VALUE_CLD_HA,Escenario económico central,UNIT_VALUE_CLD_HA_2015_USD_x_1.00,217,13,6,0.0519170798903476,15375.0,798.2251033140943,2213821.4482844085
NO2_CLD,NO2,Hospital Admissions,Chronic Lung Disease,UNIT_VALUE_CLD_HA,Escenario económico central,UNIT_VALUE_CLD_HA_2015_USD_x_1.00,218,14,6,0.0450823110683828,15375.0,693.1405326763855,1922376.747540668
NO2_CLD,NO2,Hospital Admissions,Chronic Lung Disease,UNIT_VALUE_CLD_HA,Escenario económico central,UNIT_VALUE_CLD_HA_2015_USD_x_1.00,219,15,6,0.0030156729867014,15375.0,46.36597217053402,128592.77819692416
NO2_CLD,NO2,Hospital Admissions,Chronic Lung Disease,UNIT_VALUE_CLD_HA,Escenario económico central,UNIT_VALUE_CLD_HA_2015_USD_x_1.00,251,6,7,4.424805598073638e-05,15375.0,0.6803138607038218,1886.8028706918005
NO2_CLD,NO2,Hospital Admissions,Chronic Lung Disease,UNIT_VALUE_CLD_HA,Escenario económico central,UNIT_VALUE_CLD_HA_2015_USD_x_1.00,252,7,7,0.0168698134594301,15375.0,259.3733819387378,719353.9186703535
NO2_CLD,NO2,Hospital Admissions,Chronic Lung Disease,UNIT_VALUE_CLD_HA,Escenario económico central,UNIT_VALUE_CLD_HA_2015_USD_x_1.00,253,8,7,0.044710389033021,15375.0,687.4222313826979,1906517.4391837157
NO2_CLD,NO2,Hospital Admissions,Chronic Lung Disease,UNIT_VALUE_CLD_HA,Escenario económico central,UNIT_VALUE_CLD_HA_2015_USD_x_1.00,254,9,7,0.0500979076377387,15375.0,770.2553299302325,2136249.239688405
NO2_CLD,NO2,Hospital Admissions,Chronic Lung Disease,UNIT_VALUE_CLD_HA,Escenario económico central,UNIT_VALUE_CLD_HA_2015_USD_x_1.00,255,10,7,0.0503349717946829,15375.0,773.9001913432496,2146358.0076771085
NO2_CLD,NO2,Hospital Admissions,Chronic Lung Disease,UNIT_VALUE_CLD_HA,Escenario económico central,UNIT_VALUE_CLD_HA_2015_USD_x_1.00,256,11,7,0.0510178616963267,15375.0,784.3996235810231,2175477.4480283167
NO2_CLD,NO2,Hospital Admissions,Chronic Lung Disease,UNIT_VALUE_CLD_HA,Escenario económico central,UNIT_VALUE_CLD_HA_2015_USD_x_1.00,257,12,7,0.0506783537180984,15375.0,779.1796884157629,2161000.3232429293
NO2_CLD,NO2,Hospital Admissions,Chronic Lung Disease,UNIT_VALUE_CLD_HA,Escenario económico central,UNIT_VALUE_CLD_HA_2015_USD_x_1.00,258,13,7,0.0519536139975187,15375.0,798.78681521185,2215379.3169130012
NO2_CLD,NO2,Hospital Admissions,Chronic Lung Disease,UNIT_VALUE_CLD_HA,Escenario económico central,UNIT_VALUE_CLD_HA_2015_USD_x_1.00,259,14,7,0.0265904690314163,15375.0,408.8284613580256,1133857.1195841888
NO2_CLD,NO2,Hospital Admissions,Chronic Lung Disease,UNIT_VALUE_CLD_HA,Escenario económico central,UNIT_VALUE_CLD_HA_2015_USD_x_1.00,294,8,8,0.0060566123649896,15375.0,93.12041511171509,258262.95288328396
NO2_CLD,NO2,Hospital Admissions,Chronic Lung Disease,UNIT_VALUE_CLD_HA,Escenario económico central,UNIT_VALUE_CLD_HA_2015_USD_x_1.00,295,9,8,0.0347508548191386,15375.0,534.294392844256,1481828.0979460448
NO2_CLD,NO2,Hospital Admissions,Chronic Lung Disease,UNIT_VALUE_CLD_HA,Escenario económico central,UNIT_VALUE_CLD_HA_2015_USD_x_1.00,296,10,8,0.0519602034425825,15375.0,798.888127929706,2215660.3006440843
NO2_CLD,NO2,Hospital Admissions,Chronic Lung Disease,UNIT_VALUE_CLD_HA,Escenario económico central,UNIT_VALUE_CLD_HA_2015_USD_x_1.00,297,11,8,0.0522653928417357,15375.0,803.5804149416864,2228674.030211721
NO2_CLD,NO2,Hospital Admissions,Chronic Lung Disease,UNIT_VALUE_CLD_HA,Escenario económico central,UNIT_VALUE_CLD_HA_2015_USD_x_1.00,298,12,8,0.0539130376647933,15375.0,828.912954096197,2298932.0542790154
NO2_CLD,NO2,Hospital Admissions,Chronic Lung Disease,UNIT_VALUE_CLD_HA,Escenario económico central,UNIT_VALUE_CLD_HA_2015_USD_x_1.00,299,13,8,0.0516021861169143,15375.0,793.3836115475574,2200393.909774342
NO2_CLD,NO2,Hospital Admissions,Chronic Lung Disease,UNIT_VALUE_CLD_HA,Escenario económico central,UNIT_VALUE_CLD_HA_2015_USD_x_1.00,300,14,8,0.0380357276403899,15375.0,584.7993124709947,1621899.9571864307
NO2_CLD,NO2,Hospital Admissions,Chronic Lung Disease,UNIT_VALUE_CLD_HA,Escenario económico central,UNIT_VALUE_CLD_HA_2015_USD_x_1.00,301,15,8,0.0206902660998913,15375.0,318.1128412858287,882263.6974073559
NO2_CLD,NO2,Hospital Admissions,Chronic Lung Disease,UNIT_VALUE_CLD_HA,Escenario económico central,UNIT_VALUE_CLD_HA_2015_USD_x_1.00,302,16,8,0.0187935659282688,15375.0,288.9510761471328,801385.5831187426
NO2_CLD,NO2,Hospital Admissions,Chronic Lung Disease,UNIT_VALUE_CLD_HA,Escenario económico central,UNIT_VALUE_CLD_HA_2015_USD_x_1.00,303,17,8,0.0147892616202139,15375.0,227.38489741078874,630636.0960260038
NO2_CLD,NO2,Hospital Admissions,Chronic Lung Disease,UNIT_VALUE_CLD_HA,Escenario económico central,UNIT_VALUE_CLD_HA_2015_USD_x_1.00,304,18,8,0.0048095586282052,15375.0,73.94696390865495,205086.7281131809
NO2_CLD,NO2,Hospital Admissions,Chronic Lung Disease,UNIT_VALUE_CLD_HA,Escenario económico central,UNIT_VALUE_CLD_HA_2015_USD_x_1.00,337,10,9,0.0073562068762346,15375.0,113.10168072210698,313679.5943651131
NO2_CLD,NO2,Hospital Admissions,Chronic Lung Disease,UNIT_VALUE_CLD_HA,Escenario económico central,UNIT_VALUE_CLD_HA_2015_USD_x_1.00,338,11,9,0.0435536170865308,15375.0,669.6368627054111,1857190.9641330682
NO2_CLD,NO2,Hospital Admissions,Chronic Lung Disease,UNIT_VALUE_CLD_HA,Escenario económico central,UNIT_VALUE_CLD_HA_2015_USD_x_1.00,339,12,9,0.0518668417142446,15375.0,797.4526913565107,2211679.2177888877
NO2_CLD,NO2,Hospital Admissions,Chronic Lung Disease,UNIT_VALUE_CLD_HA,Escenario económico central,UNIT_VALUE_CLD_HA_2015_USD_x_1.00,340,13,9,0.0524737367335103,15375.0,806.7837022777209,2237558.123408099
NO2_CLD,NO2,Hospital Admissions,Chronic Lung Disease,UNIT_VALUE_CLD_HA,Escenario económico central,UNIT_VALUE_CLD_HA_2015_USD_x_1.00,341,14,9,0.0528071690182992,15375.0,811.9102236563502,2251776.171595231
NO2_CLD,NO2,Hospital Admissions,Chronic Lung Disease,UNIT_VALUE_CLD_HA,Escenario económico central,UNIT_VALUE_CLD_HA_2015_USD_x_1.00,342,15,9,0.0516902659423652,15375.0,794.7378388638649,2204149.7644402087
NO2_CLD,NO2,Hospital Admissions,Chronic Lung Disease,UNIT_VALUE_CLD_HA,Escenario económico central,UNIT_VALUE_CLD_HA_2015_USD_x_1.00,343,16,9,0.0521603564162896,15375.0,801.9654799004526,2224195.120920312
NO2_CLD,NO2,Hospital Admissions,Chronic Lung Disease,UNIT_VALUE_CLD_HA,Escenario económico central,UNIT_VALUE_CLD_HA_2015_USD_x_1.00,344,17,9,0.0512875174864825,15375.0,788.5455813546685,2186975.971696478
NO2_CLD,NO2,Hospital Admissions,Chronic Lung Disease,UNIT_VALUE_CLD_HA,Escenario económico central,UNIT_VALUE_CLD_HA_2015_USD_x_1.00,345,18,9,0.0504561114820612,15375.0,775.762714036691,2151523.5839907797
NO2_CLD,NO2,Hospital Admissions,Chronic Lung Disease,UNIT_VALUE_CLD_HA,Escenario económico central,UNIT_VALUE_CLD_HA_2015_USD_x_1.00,346,19,9,0.0200741821217299,15375.0,308.6405501215972,855992.9609237412
NO2_CLD,NO2,Hospital Admissions,Chronic Lung Disease,UNIT_VALUE_CLD_HA,Escenario económico central,UNIT_VALUE_CLD_HA_2015_USD_x_1.00,347,20,9,0.0012726021962403,15375.0,19.56625876719461,54265.649052700544
NO2_CLD,NO2,Hospital Admissions,Chronic Lung Disease,UNIT_VALUE_CLD_HA,Escenario económico central,UNIT_VALUE_CLD_HA_2015_USD_x_1.00,348,21,9,0.019059593571859,15375.0,293.0412511673321,812729.3972250138
NO2_CLD,NO2,Hospital Admissions,Chronic Lung Disease,UNIT_VALUE_CLD_HA,Escenario económico central,UNIT_VALUE_CLD_HA_2015_USD_x_1.00,349,22,9,0.0176915094234793,15375.0,272.00695738599427,754392.255823038
NO2_CLD,NO2,Hospital Admissions,Chronic Lung Disease,UNIT_VALUE_CLD_HA,Escenario económico central,UNIT_VALUE_CLD_HA_2015_USD_x_1.00,350,23,9,0.0248153870615958,15375.0,381.5365760720354,1058164.9861754652
NO2_CLD,NO2,Hospital Admissions,Chronic Lung Disease,UNIT_VALUE_CLD_HA,Escenario económico central,UNIT_VALUE_CLD_HA_2015_USD_x_1.00,351,24,9,0.0184477841947466,15375.0,283.63468199422897,786640.9360832544
NO2_CLD,NO2,Hospital Admissions,Chronic Lung Disease,UNIT_VALUE_CLD_HA,Escenario económico central,UNIT_VALUE_CLD_HA_2015_USD_x_1.00,352,25,9,0.0070759007311527,15375.0,108.79197374147276,301726.92373381276
NO2_CLD,NO2,Hospital Admissions,Chronic Lung Disease,UNIT_VALUE_CLD_HA,Escenario económico central,UNIT_VALUE_CLD_HA_2015_USD_x_1.00,353,26,9,1.6825160773336653e-05,15375.0,0.25868684689005106,717.4498617702743
NO2_CLD,NO2,Hospital Admissions,Chronic Lung Disease,UNIT_VALUE_CLD_HA,Escenario económico central,UNIT_VALUE_CLD_HA_2015_USD_x_1.00,360,33,9,0.0151096849724707,15375.0,232.311406451737,644299.423995441
NO2_CLD,NO2,Hospital Admissions,Chronic Lung Disease,UNIT_VALUE_CLD_HA,Escenario económico central,UNIT_VALUE_CLD_HA_2015_USD_x_1.00,361,34,9,0.0121910417622561,15375.0,187.43726709468754,519844.1396784192
NO2_CLD,NO2,Hospital Admissions,Chronic Lung Disease,UNIT_VALUE_CLD_HA,Escenario económico central,UNIT_VALUE_CLD_HA_2015_USD_x_1.00,379,11,10,0.0317530504219966,15375.0,488.20315023819774,1353997.2629651246
NO2_CLD,NO2,Hospital Admissions,Chronic Lung Disease,UNIT_VALUE_CLD_HA,Escenario económico central,UNIT_VALUE_CLD_HA_2015_USD_x_1.00,380,12,10,0.0524271293200607,15375.0,806.0671132959333,2235570.7140283403
NO2_CLD,NO2,Hospital Admissions,Chronic Lung Disease,UNIT_VALUE_CLD_HA,Escenario económico central,UNIT_VALUE_CLD_HA_2015_USD_x_1.00,381,13,10,0.0523985961139474,15375.0,805.6284152519413,2234354.0157121914
NO2_CLD,NO2,Hospital Admissions,Chronic Lung Disease,UNIT_VALUE_CLD_HA,Escenario económico central,UNIT_VALUE_CLD_HA_2015_USD_x_1.00,382,14,10,0.051266077947505,15375.0,788.2159484428894,2186061.7578899628
NO2_CLD,NO2,Hospital Admissions,Chronic Lung Disease,UNIT_VALUE_CLD_HA,Escenario económico central,UNIT_VALUE_CLD_HA_2015_USD_x_1.00,383,15,10,0.0517281931662665,15375.0,795.3209699313475,2205767.037636697
NO2_CLD,NO2,Hospital Admissions,Chronic Lung Disease,UNIT_VALUE_CLD_HA,Escenario económico central,UNIT_VALUE_CLD_HA_2015_USD_x_1.00,384,16,10,0.0515267147887732,15375.0,792.223239877388,2197175.700173144
NO2_CLD,NO2,Hospital Admissions,Chronic Lung Disease,UNIT_VALUE_CLD_HA,Escenario económico central,UNIT_VALUE_CLD_HA_2015_USD_x_1.00,385,17,10,0.0513755141142617,15375.0,789.8985295067737,2190728.278689971
NO2_CLD,NO2,Hospital Admissions,Chronic Lung Disease,UNIT_VALUE_CLD_HA,Escenario económico central,UNIT_VALUE_CLD_HA_2015_USD_x_1.00,386,18,10,0.0513148148873515,15375.0,788.9652788930293,2188139.973440294
NO2_CLD,NO2,Hospital Admissions,Chronic Lung Disease,UNIT_VALUE_CLD_HA,Escenario económico central,UNIT_VALUE_CLD_HA_2015_USD_x_1.00,387,19,10,0.0509959707719916,15375.0,784.0630506193708,2174543.9864792814
NO2_CLD,NO2,Hospital Admissions,Chronic Lung Disease,UNIT_VALUE_CLD_HA,Escenario económico central,UNIT_VALUE_CLD_HA_2015_USD_x_1.00,388,20,10,0.0507325424183505,15375.0,780.0128396821389,2163311.0099596344
NO2_CLD,NO2,Hospital Admissions,Chronic Lung Disease,UNIT_VALUE_CLD_HA,Escenario económico central,UNIT_VALUE_CLD_HA_2015_USD_x_1.00,389,21,10,0.0512072803853843,15375.0,787.3119359252836,2183554.542453259
NO2_CLD,NO2,Hospital Admissions,Chronic Lung Disease,UNIT_VALUE_CLD_HA,Escenario económico central,UNIT_VALUE_CLD_HA_2015_USD_x_1.00,390,22,10,0.0514817593032248,15375.0,791.5320492870813,2195258.73145427
NO2_CLD,NO2,Hospital Admissions,Chronic Lung Disease,UNIT_VALUE_CLD_HA,Escenario económico central,UNIT_VALUE_CLD_HA_2015_USD_x_1.00,391,23,10,0.0511343572464901,15375.0,786.1907426647853,2180444.9914287953
NO2_CLD,NO2,Hospital Admissions,Chronic Lung Disease,UNIT_VALUE_CLD_HA,Escenario económico central,UNIT_VALUE_CLD_HA_2015_USD_x_1.00,392,24,10,0.0517026528656831,15375.0,794.9282878098777,2204677.961260549
NO2_CLD,NO2,Hospital Admissions,Chronic Lung Disease,UNIT_VALUE_CLD_HA,Escenario económico central,UNIT_VALUE_CLD_HA_2015_USD_x_1.00,393,25,10,0.0521250991662961,15375.0,801.4233996818026,2222691.699379502
NO2_CLD,NO2,Hospital Admissions,Chronic Lung Disease,UNIT_VALUE_CLD_HA,Escenario económico central,UNIT_VALUE_CLD_HA_2015_USD_x_1.00,394,26,10,0.0382328728794693,15375.0,587.8304205218404,1630306.5231878879
NO2_CLD,NO2,Hospital Admissions,Chronic Lung Disease,UNIT_VALUE_CLD_HA,Escenario económico central,UNIT_VALUE_CLD_HA_2015_USD_x_1.00,395,27,10,0.0173499906758752,15375.0,266.7561066415812,739829.3888429605
NO2_CLD,NO2,Hospital Admissions,Chronic Lung Disease,UNIT_VALUE_CLD_HA,Escenario económico central,UNIT_VALUE_CLD_HA_2015_USD_x_1.00,396,28,10,0.0041672027467323,15375.0,64.07074223100912,177695.71862574763
NO2_CLD,NO2,Hospital Admissions,Chronic Lung Disease,UNIT_VALUE_CLD_HA,Escenario económico central,UNIT_VALUE_CLD_HA_2015_USD_x_1.00,397,29,10,0.0015160725839778,15375.0,23.309615978658673,64647.58824369132
NO2_CLD,NO2,Hospital Admissions,Chronic Lung Disease,UNIT_VALUE_CLD_HA,Escenario económico central,UNIT_VALUE_CLD_HA_2015_USD_x_1.00,398,30,10,0.0058416118141803,15375.0,89.8147816430221,249095.00985220677
NO2_CLD,NO2,Hospital Admissions,Chronic Lung Disease,UNIT_VALUE_CLD_HA,Escenario económico central,UNIT_VALUE_CLD_HA_2015_USD_x_1.00,400,32,10,0.0039797657057756,15375.0,61.18889772629985,169703.12462105177
NO2_CLD,NO2,Hospital Admissions,Chronic Lung Disease,UNIT_VALUE_CLD_HA,Escenario económico central,UNIT_VALUE_CLD_HA_2015_USD_x_1.00,401,33,10,0.0488606416709394,15375.0,751.2323656906932,2083490.3799775392
NO2_CLD,NO2,Hospital Admissions,Chronic Lung Disease,UNIT_VALUE_CLD_HA,Escenario económico central,UNIT_VALUE_CLD_HA_2015_USD_x_1.00,402,34,10,0.0450766361731934,15375.0,693.0532811628485,1922134.7615754788
NO2_CLD,NO2,Hospital Admissions,Chronic Lung Disease,UNIT_VALUE_CLD_HA,Escenario económico central,UNIT_VALUE_CLD_HA_2015_USD_x_1.00,403,35,10,0.0004097731611313,15375.0,6.300262352393737,17473.33661599936
NO2_CLD,NO2,Hospital Admissions,Chronic Lung Disease,UNIT_VALUE_CLD_HA,Escenario económico central,UNIT_VALUE_CLD_HA_2015_USD_x_1.00,420,11,11,0.0266417083350041,15375.0,409.61626565068804,1136042.0396435875
NO2_CLD,NO2,Hospital Admissions,Chronic Lung Disease,UNIT_VALUE_CLD_HA,Escenario económico central,UNIT_VALUE_CLD_HA_2015_USD_x_1.00,421,12,11,0.0513087473650257,15375.0,788.8719907372702,2187881.245270467
NO2_CLD,NO2,Hospital Admissions,Chronic Lung Disease,UNIT_VALUE_CLD_HA,Escenario económico central,UNIT_VALUE_CLD_HA_2015_USD_x_1.00,422,13,11,0.0531001201970136,15375.0,816.4143480290841,2264268.0452543027
NO2_CLD,NO2,Hospital Admissions,Chronic Lung Disease,UNIT_VALUE_CLD_HA,Escenario económico central,UNIT_VALUE_CLD_HA_2015_USD_x_1.00,423,14,11,0.0518634564041616,15375.0,797.4006422139846,2211534.863135531
NO2_CLD,NO2,Hospital Admissions,Chronic Lung Disease,UNIT_VALUE_CLD_HA,Escenario económico central,UNIT_VALUE_CLD_HA_2015_USD_x_1.00,424,15,11,0.051524099278007,15375.0,792.1830263993577,2197064.1709067705
NO2_CLD,NO2,Hospital Admissions,Chronic Lung Disease,UNIT_VALUE_CLD_HA,Escenario económico central,UNIT_VALUE_CLD_HA_2015_USD_x_1.00,425,16,11,0.0516122435712427,15375.0,793.5382449078566,2200822.7745747967
NO2_CLD,NO2,Hospital Admissions,Chronic Lung Disease,UNIT_VALUE_CLD_HA,Escenario económico central,UNIT_VALUE_CLD_HA_2015_USD_x_1.00,426,17,11,0.0515238553194453,15375.0,792.1792755364714,2197053.7681511156
NO2_CLD,NO2,Hospital Admissions,Chronic Lung Disease,UNIT_VALUE_CLD_HA,Escenario económico central,UNIT_VALUE_CLD_HA_2015_USD_x_1.00,427,18,11,0.052455986082435,15375.0,806.5107860174381,2236801.209264343
NO2_CLD,NO2,Hospital Admissions,Chronic Lung Disease,UNIT_VALUE_CLD_HA,Escenario económico central,UNIT_VALUE_CLD_HA_2015_USD_x_1.00,428,19,11,0.0527668406502614,15375.0,811.2901749977691,2250056.5100440625
NO2_CLD,NO2,Hospital Admissions,Chronic Lung Disease,UNIT_VALUE_CLD_HA,Escenario económico central,UNIT_VALUE_CLD_HA_2015_USD_x_1.00,429,20,11,0.0504202952958934,15375.0,775.2120401743609,2149996.3285807776
NO2_CLD,NO2,Hospital Admissions,Chronic Lung Disease,UNIT_VALUE_CLD_HA,Escenario económico central,UNIT_VALUE_CLD_HA_2015_USD_x_1.00,430,21,11,0.0520539114903798,15375.0,800.3288891645894,2219656.1510757473
NO2_CLD,NO2,Hospital Admissions,Chronic Lung Disease,UNIT_VALUE_CLD_HA,Escenario económico central,UNIT_VALUE_CLD_HA_2015_USD_x_1.00,431,22,11,0.0502530785031858,15375.0,772.6410819864816,2142865.9560137675
NO2_CLD,NO2,Hospital Admissions,Chronic Lung Disease,UNIT_VALUE_CLD_HA,Escenario económico central,UNIT_VALUE_CLD_HA_2015_USD_x_1.00,432,23,11,0.051973103045383,15375.0,799.0864593227636,2216210.358879532
NO2_CLD,NO2,Hospital Admissions,Chronic Lung Disease,UNIT_VALUE_CLD_HA,Escenario económico central,UNIT_VALUE_CLD_HA_2015_USD_x_1.00,433,24,11,0.0512037189907906,15375.0,787.2571794834055,2183402.679294661
NO2_CLD,NO2,Hospital Admissions,Chronic Lung Disease,UNIT_VALUE_CLD_HA,Escenario económico central,UNIT_VALUE_CLD_HA_2015_USD_x_1.00,434,25,11,0.0504243004308498,15375.0,775.2736191243157,2150167.113487951
NO2_CLD,NO2,Hospital Admissions,Chronic Lung Disease,UNIT_VALUE_CLD_HA,Escenario económico central,UNIT_VALUE_CLD_HA_2015_USD_x_1.00,435,26,11,0.0521836352818102,15375.0,802.3233924578318,2225187.766344324
NO2_CLD,NO2,Hospital Admissions,Chronic Lung Disease,UNIT_VALUE_CLD_HA,Escenario económico central,UNIT_VALUE_CLD_HA_2015_USD_x_1.00,436,27,11,0.0526506089316059,15375.0,809.5031123234406,2245100.2168111997
NO2_CLD,NO2,Hospital Admissions,Chronic Lung Disease,UNIT_VALUE_CLD_HA,Escenario económico central,UNIT_VALUE_CLD_HA_2015_USD_x_1.00,437,28,11,0.0534598600711267,15375.0,821.945348593573,2279607.8881498734
NO2_CLD,NO2,Hospital Admissions,Chronic Lung Disease,UNIT_VALUE_CLD_HA,Escenario económico central,UNIT_VALUE_CLD_HA_2015_USD_x_1.00,438,29,11,0.0493048116175882,15375.0,758.0614786204186,2102430.4466502275
NO2_CLD,NO2,Hospital Admissions,Chronic Lung Disease,UNIT_VALUE_CLD_HA,Escenario económico central,UNIT_VALUE_CLD_HA_2015_USD_x_1.00,439,30,11,0.0494391525846642,15375.0,760.126970989212,2108158.94515061
NO2_CLD,NO2,Hospital Admissions,Chronic Lung Disease,UNIT_VALUE_CLD_HA,Escenario económico central,UNIT_VALUE_CLD_HA_2015_USD_x_1.00,440,31,11,0.0460594635885904,15375.0,708.1642526745774,1964043.983295253
NO2_CLD,NO2,Hospital Admissions,Chronic Lung Disease,UNIT_VALUE_CLD_HA,Escenario económico central,UNIT_VALUE_CLD_HA_2015_USD_x_1.00,441,32,11,0.0477265406292227,15375.0,733.795562174299,2035130.6260010658
NO2_CLD,NO2,Hospital Admissions,Chronic Lung Disease,UNIT_VALUE_CLD_HA,Escenario económico central,UNIT_VALUE_CLD_HA_2015_USD_x_1.00,442,33,11,0.0698302530297863,15375.0,1073.6401403329642,2977665.7744036526
NO2_CLD,NO2,Hospital Admissions,Chronic Lung Disease,UNIT_VALUE_CLD_HA,Escenario económico central,UNIT_VALUE_CLD_HA_2015_USD_x_1.00,443,34,11,0.0514314078830391,15375.0,790.7578962017261,2193111.6720627532
NO2_CLD,NO2,Hospital Admissions,Chronic Lung Disease,UNIT_VALUE_CLD_HA,Escenario económico central,UNIT_VALUE_CLD_HA_2015_USD_x_1.00,444,35,11,0.0260098141281418,15375.0,399.90089222018014,1109097.1315102142
NO2_CLD,NO2,Hospital Admissions,Chronic Lung Disease,UNIT_VALUE_CLD_HA,Escenario económico central,UNIT_VALUE_CLD_HA_2015_USD_x_1.00,445,36,11,0.0338971325299207,15375.0,521.1684126475308,1445424.1106890412
NO2_CLD,NO2,Hospital Admissions,Chronic Lung Disease,UNIT_VALUE_CLD_HA,Escenario económico central,UNIT_VALUE_CLD_HA_2015_USD_x_1.00,446,37,11,0.0046016367433178,15375.0,70.75016492851117,196220.62991768072
NO2_CLD,NO2,Hospital Admissions,Chronic Lung Disease,UNIT_VALUE_CLD_HA,Escenario económico central,UNIT_VALUE_CLD_HA_2015_USD_x_1.00,461,11,12,0.0135929104486059,15375.0,208.9909981473157,579621.9039917098
NO2_CLD,NO2,Hospital Admissions,Chronic Lung Disease,UNIT_VALUE_CLD_HA,Escenario económico central,UNIT_VALUE_CLD_HA_2015_USD_x_1.00,462,12,12,0.044309879984726,15375.0,681.2644047651622,1889439.1381078437
NO2_CLD,NO2,Hospital Admissions,Chronic Lung Disease,UNIT_VALUE_CLD_HA,Escenario económico central,UNIT_VALUE_CLD_HA_2015_USD_x_1.00,463,13,12,0.0467720629845994,15375.0,719.1204683882157,1994430.280641929
NO2_CLD,NO2,Hospital Admissions,Chronic Lung Disease,UNIT_VALUE_CLD_HA,Escenario económico central,UNIT_VALUE_CLD_HA_2015_USD_x_1.00,464,14,12,0.0487497124221351,15375.0,749.5268284903271,2078760.1919399279
NO2_CLD,NO2,Hospital Admissions,Chronic Lung Disease,UNIT_VALUE_CLD_HA,Escenario económico central,UNIT_VALUE_CLD_HA_2015_USD_x_1.00,465,15,12,0.0502977361288322,15375.0,773.3276929807951,2144770.2235437264
NO2_CLD,NO2,Hospital Admissions,Chronic Lung Disease,UNIT_VALUE_CLD_HA,Escenario económico central,UNIT_VALUE_CLD_HA_2015_USD_x_1.00,466,16,12,0.0517021404667505,15375.0,794.920409676289,2204656.11180851
NO2_CLD,NO2,Hospital Admissions,Chronic Lung Disease,UNIT_VALUE_CLD_HA,Escenario económico central,UNIT_VALUE_CLD_HA_2015_USD_x_1.00,467,17,12,0.0516957181370601,15375.0,794.821666357299,2204382.2541253236
NO2_CLD,NO2,Hospital Admissions,Chronic Lung Disease,UNIT_VALUE_CLD_HA,Escenario económico central,UNIT_VALUE_CLD_HA_2015_USD_x_1.00,468,18,12,0.0342866457001032,15375.0,527.1571776390867,1462033.5311795722
NO2_CLD,NO2,Hospital Admissions,Chronic Lung Disease,UNIT_VALUE_CLD_HA,Escenario económico central,UNIT_VALUE_CLD_HA_2015_USD_x_1.00,469,19,12,0.0220434280673914,15375.0,338.91770653614276,939964.5348385343
NO2_CLD,NO2,Hospital Admissions,Chronic Lung Disease,UNIT_VALUE_CLD_HA,Escenario económico central,UNIT_VALUE_CLD_HA_2015_USD_x_1.00,470,20,12,0.0088874407751284,15375.0,136.64440191759917,378973.683610327
NO2_CLD,NO2,Hospital Admissions,Chronic Lung Disease,UNIT_VALUE_CLD_HA,Escenario económico central,UNIT_VALUE_CLD_HA_2015_USD_x_1.00,471,21,12,0.0326044555649791,15375.0,501.2935043115537,1390302.4436627922
NO2_CLD,NO2,Hospital Admissions,Chronic Lung Disease,UNIT_VALUE_CLD_HA,Escenario económico central,UNIT_VALUE_CLD_HA_2015_USD_x_1.00,472,22,12,0.0502384063112028,15375.0,772.415497034743,2142240.311941067
NO2_CLD,NO2,Hospital Admissions,Chronic Lung Disease,UNIT_VALUE_CLD_HA,Escenario económico central,UNIT_VALUE_CLD_HA_2015_USD_x_1.00,473,23,12,0.0528840674899778,15375.0,813.0925376584087,2255055.2367179603
NO2_CLD,NO2,Hospital Admissions,Chronic Lung Disease,UNIT_VALUE_CLD_HA,Escenario económico central,UNIT_VALUE_CLD_HA_2015_USD_x_1.00,474,24,12,0.0507646393845232,15375.0,780.5063305370442,2164679.6723013544
NO2_CLD,NO2,Hospital Admissions,Chronic Lung Disease,UNIT_VALUE_CLD_HA,Escenario económico central,UNIT_VALUE_CLD_HA_2015_USD_x_1.00,475,25,12,0.0511205730983751,15375.0,785.9788113875172,2179857.2148664817
NO2_CLD,NO2,Hospital Admissions,Chronic Lung Disease,UNIT_VALUE_CLD_HA,Escenario económico central,UNIT_VALUE_CLD_HA_2015_USD_x_1.00,476,26,12,0.0530875004353807,15375.0,816.2203191939783,2263729.919862155
NO2_CLD,NO2,Hospital Admissions,Chronic Lung Disease,UNIT_VALUE_CLD_HA,Escenario económico central,UNIT_VALUE_CLD_HA_2015_USD_x_1.00,477,27,12,0.0548845769613277,15375.0,843.8503707804134,2340359.933833522
NO2_CLD,NO2,Hospital Admissions,Chronic Lung Disease,UNIT_VALUE_CLD_HA,Escenario económico central,UNIT_VALUE_CLD_HA_2015_USD_x_1.00,478,28,12,0.0522290653879482,15375.0,803.0218803397036,2227124.973590544
NO2_CLD,NO2,Hospital Admissions,Chronic Lung Disease,UNIT_VALUE_CLD_HA,Escenario económico central,UNIT_VALUE_CLD_HA_2015_USD_x_1.00,479,29,12,0.053395418256995,15375.0,820.9545557012982,2276859.993418651
NO2_CLD,NO2,Hospital Admissions,Chronic Lung Disease,UNIT_VALUE_CLD_HA,Escenario económico central,UNIT_VALUE_CLD_HA_2015_USD_x_1.00,480,30,12,0.0527698832898651,15375.0,811.336955581676,2250186.2527188873
NO2_CLD,NO2,Hospital Admissions,Chronic Lung Disease,UNIT_VALUE_CLD_HA,Escenario económico central,UNIT_VALUE_CLD_HA_2015_USD_x_1.00,481,31,12,0.048555086082921,15375.0,746.5344485249104,2070461.0355724422
NO2_CLD,NO2,Hospital Admissions,Chronic Lung Disease,UNIT_VALUE_CLD_HA,Escenario económico central,UNIT_VALUE_CLD_HA_2015_USD_x_1.00,482,32,12,0.0401700548934868,15375.0,617.6145939873596,1712910.8434023627
NO2_CLD,NO2,Hospital Admissions,Chronic Lung Disease,UNIT_VALUE_CLD_HA,Escenario económico central,UNIT_VALUE_CLD_HA_2015_USD_x_1.00,483,33,12,0.0554694754210691,15375.0,852.8431845989375,2365300.873462231
NO2_CLD,NO2,Hospital Admissions,Chronic Lung Disease,UNIT_VALUE_CLD_HA,Escenario económico central,UNIT_VALUE_CLD_HA_2015_USD_x_1.00,484,34,12,0.0547897224225074,15375.0,842.3919822460513,2336315.195320666
NO2_CLD,NO2,Hospital Admissions,Chronic Lung Disease,UNIT_VALUE_CLD_HA,Escenario económico central,UNIT_VALUE_CLD_HA_2015_USD_x_1.00,485,35,12,0.0711044706005588,15375.0,1093.2312354835915,3032000.305427257
NO2_CLD,NO2,Hospital Admissions,Chronic Lung Disease,UNIT_VALUE_CLD_HA,Escenario económico central,UNIT_VALUE_CLD_HA_2015_USD_x_1.00,486,36,12,0.0549621899096199,15375.0,845.043669860406,2343669.4653009456
NO2_CLD,NO2,Hospital Admissions,Chronic Lung Disease,UNIT_VALUE_CLD_HA,Escenario económico central,UNIT_VALUE_CLD_HA_2015_USD_x_1.00,487,37,12,0.0397702158487723,15375.0,611.4670686748741,1695861.112274956
NO2_CLD,NO2,Hospital Admissions,Chronic Lung Disease,UNIT_VALUE_CLD_HA,Escenario económico central,UNIT_VALUE_CLD_HA_2015_USD_x_1.00,488,38,12,0.0046824944623194,15375.0,71.99335235816078,199668.52323069383
NO2_CLD,NO2,Hospital Admissions,Chronic Lung Disease,UNIT_VALUE_CLD_HA,Escenario económico central,UNIT_VALUE_CLD_HA_2015_USD_x_1.00,503,12,13,6.585209972128477e-05,15375.0,1.0124760332147533,2808.031404798793
NO2_CLD,NO2,Hospital Admissions,Chronic Lung Disease,UNIT_VALUE_CLD_HA,Escenario económico central,UNIT_VALUE_CLD_HA_2015_USD_x_1.00,504,13,13,0.0003442020176676,15375.0,5.29210602163935,14677.285603595223
NO2_CLD,NO2,Hospital Admissions,Chronic Lung Disease,UNIT_VALUE_CLD_HA,Escenario económico central,UNIT_VALUE_CLD_HA_2015_USD_x_1.00,505,14,13,0.0179295971314101,15375.0,275.66755589543027,764544.6695470632
NO2_CLD,NO2,Hospital Admissions,Chronic Lung Disease,UNIT_VALUE_CLD_HA,Escenario económico central,UNIT_VALUE_CLD_HA_2015_USD_x_1.00,506,15,13,0.041969743665013,15375.0,645.2848088495749,1789652.2474076764
NO2_CLD,NO2,Hospital Admissions,Chronic Lung Disease,UNIT_VALUE_CLD_HA,Escenario económico central,UNIT_VALUE_CLD_HA_2015_USD_x_1.00,507,16,13,0.0218757480852976,15375.0,336.3396268114506,932814.4111876814
NO2_CLD,NO2,Hospital Admissions,Chronic Lung Disease,UNIT_VALUE_CLD_HA,Escenario económico central,UNIT_VALUE_CLD_HA_2015_USD_x_1.00,508,17,13,0.018839119056835,15375.0,289.6514554988381,803328.0362241425
NO2_CLD,NO2,Hospital Admissions,Chronic Lung Disease,UNIT_VALUE_CLD_HA,Escenario económico central,UNIT_VALUE_CLD_HA_2015_USD_x_1.00,509,18,13,0.0002528530724644,15375.0,3.8876159891401505,10782.030812760968
NO2_CLD,NO2,Hospital Admissions,Chronic Lung Disease,UNIT_VALUE_CLD_HA,Escenario económico central,UNIT_VALUE_CLD_HA_2015_USD_x_1.00,513,22,13,0.0174638690122462,15375.0,268.50698606328535,744685.3303574974
NO2_CLD,NO2,Hospital Admissions,Chronic Lung Disease,UNIT_VALUE_CLD_HA,Escenario económico central,UNIT_VALUE_CLD_HA_2015_USD_x_1.00,514,23,13,0.0470272620072639,15375.0,723.0441533616824,2005312.3462578908
NO2_CLD,NO2,Hospital Admissions,Chronic Lung Disease,UNIT_VALUE_CLD_HA,Escenario económico central,UNIT_VALUE_CLD_HA_2015_USD_x_1.00,515,24,13,0.0495135151111228,15375.0,761.270294833513,2111329.87380011
NO2_CLD,NO2,Hospital Admissions,Chronic Lung Disease,UNIT_VALUE_CLD_HA,Escenario económico central,UNIT_VALUE_CLD_HA_2015_USD_x_1.00,516,25,13,0.0240343514780678,15375.0,369.5281539752924,1024860.4680796951
NO2_CLD,NO2,Hospital Admissions,Chronic Lung Disease,UNIT_VALUE_CLD_HA,Escenario económico central,UNIT_VALUE_CLD_HA_2015_USD_x_1.00,517,26,13,0.0251878031329035,15375.0,387.2624731683913,1074045.3609594114
NO2_CLD,NO2,Hospital Admissions,Chronic Lung Disease,UNIT_VALUE_CLD_HA,Escenario económico central,UNIT_VALUE_CLD_HA_2015_USD_x_1.00,518,27,13,0.0414684550636484,15375.0,637.5774966035941,1768276.5564053059
NO2_CLD,NO2,Hospital Admissions,Chronic Lung Disease,UNIT_VALUE_CLD_HA,Escenario económico central,UNIT_VALUE_CLD_HA_2015_USD_x_1.00,519,28,13,0.0518115724730455,15375.0,796.6029267730745,2209322.455200248
NO2_CLD,NO2,Hospital Admissions,Chronic Lung Disease,UNIT_VALUE_CLD_HA,Escenario económico central,UNIT_VALUE_CLD_HA_2015_USD_x_1.00,520,29,13,0.0521025404542547,15375.0,801.076559484166,2221729.76237017
NO2_CLD,NO2,Hospital Admissions,Chronic Lung Disease,UNIT_VALUE_CLD_HA,Escenario económico central,UNIT_VALUE_CLD_HA_2015_USD_x_1.00,521,30,13,0.0541486146254399,15375.0,832.5349498661384,2308977.4060072443
NO2_CLD,NO2,Hospital Admissions,Chronic Lung Disease,UNIT_VALUE_CLD_HA,Escenario económico central,UNIT_VALUE_CLD_HA_2015_USD_x_1.00,522,31,13,0.0516656777529418,15375.0,794.3597954514802,2203101.2874989985
NO2_CLD,NO2,Hospital Admissions,Chronic Lung Disease,UNIT_VALUE_CLD_HA,Escenario económico central,UNIT_VALUE_CLD_HA_2015_USD_x_1.00,523,32,13,0.0547965686651371,15375.0,842.497243226483,2336607.1292816247
NO2_CLD,NO2,Hospital Admissions,Chronic Lung Disease,UNIT_VALUE_CLD_HA,Escenario económico central,UNIT_VALUE_CLD_HA_2015_USD_x_1.00,524,33,13,0.0573587046177372,15375.0,881.8900834977094,2445860.414275052
NO2_CLD,NO2,Hospital Admissions,Chronic Lung Disease,UNIT_VALUE_CLD_HA,Escenario económico central,UNIT_VALUE_CLD_HA_2015_USD_x_1.00,525,34,13,0.0708278520932925,15375.0,1088.9782259343722,3020204.881153166
NO2_CLD,NO2,Hospital Admissions,Chronic Lung Disease,UNIT_VALUE_CLD_HA,Escenario económico central,UNIT_VALUE_CLD_HA_2015_USD_x_1.00,526,35,13,0.0489749136968958,15375.0,752.9892980897729,2088363.1090011187
NO2_CLD,NO2,Hospital Admissions,Chronic Lung Disease,UNIT_VALUE_CLD_HA,Escenario económico central,UNIT_VALUE_CLD_HA_2015_USD_x_1.00,527,36,13,0.0512856596239458,15375.0,788.5170167181667,2186896.749676665
NO2_CLD,NO2,Hospital Admissions,Chronic Lung Disease,UNIT_VALUE_CLD_HA,Escenario económico central,UNIT_VALUE_CLD_HA_2015_USD_x_1.00,528,37,13,0.0512628279870452,15375.0,788.1659803008199,2185923.1747457027
NO2_CLD,NO2,Hospital Admissions,Chronic Lung Disease,UNIT_VALUE_CLD_HA,Escenario económico central,UNIT_VALUE_CLD_HA_2015_USD_x_1.00,529,38,13,0.0488328680584936,15375.0,750.8053463993391,2082306.071864319
NO2_CLD,NO2,Hospital Admissions,Chronic Lung Disease,UNIT_VALUE_CLD_HA,Escenario económico central,UNIT_VALUE_CLD_HA_2015_USD_x_1.00,530,39,13,0.0315269431758722,15375.0,484.7267513290351,1344355.7139384858
NO2_CLD,NO2,Hospital Admissions,Chronic Lung Disease,UNIT_VALUE_CLD_HA,Escenario económico central,UNIT_VALUE_CLD_HA_2015_USD_x_1.00,531,40,13,0.0052413436177164,15375.0,80.58565812238965,223498.6818063791
NO2_CLD,NO2,Hospital Admissions,Chronic Lung Disease,UNIT_VALUE_CLD_HA,Escenario económico central,UNIT_VALUE_CLD_HA_2015_USD_x_1.00,546,14,14,1.6478870997461683e-05,15375.0,0.2533626415859734,702.6835510537861
NO2_CLD,NO2,Hospital Admissions,Chronic Lung Disease,UNIT_VALUE_CLD_HA,Escenario económico central,UNIT_VALUE_CLD_HA_2015_USD_x_1.00,547,15,14,0.002979290799028,15375.0,45.8065960350555,127041.38764150397
NO2_CLD,NO2,Hospital Admissions,Chronic Lung Disease,UNIT_VALUE_CLD_HA,Escenario económico central,UNIT_VALUE_CLD_HA_2015_USD_x_1.00,555,23,14,0.0004659584692892,15375.0,7.16411146532145,19869.16166126647
NO2_CLD,NO2,Hospital Admissions,Chronic Lung Disease,UNIT_VALUE_CLD_HA,Escenario económico central,UNIT_VALUE_CLD_HA_2015_USD_x_1.00,556,24,14,0.003854496701769,15375.0,59.26288678969837,164361.46810915315
NO2_CLD,NO2,Hospital Admissions,Chronic Lung Disease,UNIT_VALUE_CLD_HA,Escenario económico central,UNIT_VALUE_CLD_HA_2015_USD_x_1.00,559,27,14,0.0090701803226164,15375.0,139.45402246022715,386765.9695118678
NO2_CLD,NO2,Hospital Admissions,Chronic Lung Disease,UNIT_VALUE_CLD_HA,Escenario económico central,UNIT_VALUE_CLD_HA_2015_USD_x_1.00,560,28,14,0.0463029214897876,15375.0,711.9074179054844,1974425.3900416074
NO2_CLD,NO2,Hospital Admissions,Chronic Lung Disease,UNIT_VALUE_CLD_HA,Escenario económico central,UNIT_VALUE_CLD_HA_2015_USD_x_1.00,561,29,14,0.051378509075965,15375.0,789.9445770429619,2190855.9883082616
NO2_CLD,NO2,Hospital Admissions,Chronic Lung Disease,UNIT_VALUE_CLD_HA,Escenario económico central,UNIT_VALUE_CLD_HA_2015_USD_x_1.00,562,30,14,0.0513637189923983,15375.0,789.7171795081239,2190225.317163216
NO2_CLD,NO2,Hospital Admissions,Chronic Lung Disease,UNIT_VALUE_CLD_HA,Escenario económico central,UNIT_VALUE_CLD_HA_2015_USD_x_1.00,563,31,14,0.0485420803523993,15375.0,746.3344854181393,2069906.4518932297
NO2_CLD,NO2,Hospital Admissions,Chronic Lung Disease,UNIT_VALUE_CLD_HA,Escenario económico central,UNIT_VALUE_CLD_HA_2015_USD_x_1.00,564,32,14,0.0435285850292208,15375.0,669.2519948242698,1856123.5600054744
NO2_CLD,NO2,Hospital Admissions,Chronic Lung Disease,UNIT_VALUE_CLD_HA,Escenario económico central,UNIT_VALUE_CLD_HA_2015_USD_x_1.00,565,33,14,0.0547417927822057,15375.0,841.6550640264127,2334271.4042227734
NO2_CLD,NO2,Hospital Admissions,Chronic Lung Disease,UNIT_VALUE_CLD_HA,Escenario económico central,UNIT_VALUE_CLD_HA_2015_USD_x_1.00,566,34,14,0.0481996128971575,15375.0,741.0690482937965,2055303.130609464
NO2_CLD,NO2,Hospital Admissions,Chronic Lung Disease,UNIT_VALUE_CLD_HA,Escenario económico central,UNIT_VALUE_CLD_HA_2015_USD_x_1.00,567,35,14,0.0468951941321215,15375.0,721.0136097813681,1999680.7757759397
NO2_CLD,NO2,Hospital Admissions,Chronic Lung Disease,UNIT_VALUE_CLD_HA,Escenario económico central,UNIT_VALUE_CLD_HA_2015_USD_x_1.00,568,36,14,0.0568096159559817,15375.0,873.4478453232186,2422446.457654774
NO2_CLD,NO2,Hospital Admissions,Chronic Lung Disease,UNIT_VALUE_CLD_HA,Escenario económico central,UNIT_VALUE_CLD_HA_2015_USD_x_1.00,569,37,14,0.0555929711541149,15375.0,854.7419314945166,2370566.9150648373
NO2_CLD,NO2,Hospital Admissions,Chronic Lung Disease,UNIT_VALUE_CLD_HA,Escenario económico central,UNIT_VALUE_CLD_HA_2015_USD_x_1.00,570,38,14,0.041147679166817,15375.0,632.6455671898113,1754598.1954112384
NO2_CLD,NO2,Hospital Admissions,Chronic Lung Disease,UNIT_VALUE_CLD_HA,Escenario económico central,UNIT_VALUE_CLD_HA_2015_USD_x_1.00,571,39,14,0.0537469836819449,15375.0,826.3598741099029,2291851.2656526277
NO2_CLD,NO2,Hospital Admissions,Chronic Lung Disease,UNIT_VALUE_CLD_HA,Escenario económico central,UNIT_VALUE_CLD_HA_2015_USD_x_1.00,572,40,14,0.0322234227891603,15375.0,495.43512538333965,1374054.6397919157
NO2_CLD,NO2,Hospital Admissions,Chronic Lung Disease,UNIT_VALUE_CLD_HA,Escenario económico central,UNIT_VALUE_CLD_HA_2015_USD_x_1.00,573,41,14,0.0165922293672668,15375.0,255.10552652172706,707517.3204211534
NO2_CLD,NO2,Hospital Admissions,Chronic Lung Disease,UNIT_VALUE_CLD_HA,Escenario económico central,UNIT_VALUE_CLD_HA_2015_USD_x_1.00,601,28,15,0.0023056112115714,15375.0,35.448772377910274,98314.68877606769
NO2_CLD,NO2,Hospital Admissions,Chronic Lung Disease,UNIT_VALUE_CLD_HA,Escenario económico central,UNIT_VALUE_CLD_HA_2015_USD_x_1.00,602,29,15,0.0318623769292104,15375.0,489.88404528660993,1358659.1077192426
NO2_CLD,NO2,Hospital Admissions,Chronic Lung Disease,UNIT_VALUE_CLD_HA,Escenario económico central,UNIT_VALUE_CLD_HA_2015_USD_x_1.00,603,30,15,0.0542735600503976,15375.0,834.4559857748632,2314305.2646275787
NO2_CLD,NO2,Hospital Admissions,Chronic Lung Disease,UNIT_VALUE_CLD_HA,Escenario económico central,UNIT_VALUE_CLD_HA_2015_USD_x_1.00,604,31,15,0.0508558206455574,15375.0,781.9082424254451,2168567.776790002
NO2_CLD,NO2,Hospital Admissions,Chronic Lung Disease,UNIT_VALUE_CLD_HA,Escenario económico central,UNIT_VALUE_CLD_HA_2015_USD_x_1.00,605,32,15,0.0500023315986788,15375.0,768.7858483296865,2132173.735333002
NO2_CLD,NO2,Hospital Admissions,Chronic Lung Disease,UNIT_VALUE_CLD_HA,Escenario económico central,UNIT_VALUE_CLD_HA_2015_USD_x_1.00,606,33,15,0.0511272529739362,15375.0,786.081514474269,2180142.0546883717
NO2_CLD,NO2,Hospital Admissions,Chronic Lung Disease,UNIT_VALUE_CLD_HA,Escenario económico central,UNIT_VALUE_CLD_HA_2015_USD_x_1.00,607,34,15,0.0522318898073929,15375.0,803.0653057886658,2227245.4110334595
NO2_CLD,NO2,Hospital Admissions,Chronic Lung Disease,UNIT_VALUE_CLD_HA,Escenario económico central,UNIT_VALUE_CLD_HA_2015_USD_x_1.00,608,35,15,0.0505717049353838,15375.0,777.5399633815259,2156452.6606412255
NO2_CLD,NO2,Hospital Admissions,Chronic Lung Disease,UNIT_VALUE_CLD_HA,Escenario económico central,UNIT_VALUE_CLD_HA_2015_USD_x_1.00,609,36,15,0.052767072334357,15375.0,811.2937371407388,2250066.389398239
NO2_CLD,NO2,Hospital Admissions,Chronic Lung Disease,UNIT_VALUE_CLD_HA,Escenario económico central,UNIT_VALUE_CLD_HA_2015_USD_x_1.00,610,37,15,0.056188271194361,15375.0,863.8946696133004,2395951.3935456155
NO2_CLD,NO2,Hospital Admissions,Chronic Lung Disease,UNIT_VALUE_CLD_HA,Escenario económico central,UNIT_VALUE_CLD_HA_2015_USD_x_1.00,611,38,15,0.0674201789332774,15375.0,1036.58525109914,2874896.6329558874
NO2_CLD,NO2,Hospital Admissions,Chronic Lung Disease,UNIT_VALUE_CLD_HA,Escenario económico central,UNIT_VALUE_CLD_HA_2015_USD_x_1.00,612,39,15,0.0491418396584844,15375.0,755.5557847491976,2095481.080096967
NO2_CLD,NO2,Hospital Admissions,Chronic Lung Disease,UNIT_VALUE_CLD_HA,Escenario económico central,UNIT_VALUE_CLD_HA_2015_USD_x_1.00,613,40,15,0.0498985971797287,15375.0,767.1909316383287,2127750.34553369
NO2_CLD,NO2,Hospital Admissions,Chronic Lung Disease,UNIT_VALUE_CLD_HA,Escenario económico central,UNIT_VALUE_CLD_HA_2015_USD_x_1.00,614,41,15,0.029244527901617,15375.0,449.63461648736137,1247030.1344045426
NO2_CLD,NO2,Hospital Admissions,Chronic Lung Disease,UNIT_VALUE_CLD_HA,Escenario económico central,UNIT_VALUE_CLD_HA_2015_USD_x_1.00,643,29,16,0.0013693723625074,15375.0,21.054100073551275,58392.07276698931
NO2_CLD,NO2,Hospital Admissions,Chronic Lung Disease,UNIT_VALUE_CLD_HA,Escenario económico central,UNIT_VALUE_CLD_HA_2015_USD_x_1.00,644,30,16,0.015641205752752,15375.0,240.48353844856203,666964.2600393953
NO2_CLD,NO2,Hospital Admissions,Chronic Lung Disease,UNIT_VALUE_CLD_HA,Escenario económico central,UNIT_VALUE_CLD_HA_2015_USD_x_1.00,645,31,16,0.040412533980996,15375.0,621.3427099578136,1723250.5120782987
NO2_CLD,NO2,Hospital Admissions,Chronic Lung Disease,UNIT_VALUE_CLD_HA,Escenario económico central,UNIT_VALUE_CLD_HA_2015_USD_x_1.00,646,32,16,0.0527740998156352,15375.0,811.4017846653912,2250366.0516445357
NO2_CLD,NO2,Hospital Admissions,Chronic Lung Disease,UNIT_VALUE_CLD_HA,Escenario económico central,UNIT_VALUE_CLD_HA_2015_USD_x_1.00,647,33,16,0.0536737526320547,15375.0,825.233946717841,2288728.5848456617
NO2_CLD,NO2,Hospital Admissions,Chronic Lung Disease,UNIT_VALUE_CLD_HA,Escenario económico central,UNIT_VALUE_CLD_HA_2015_USD_x_1.00,648,34,16,0.0415342651499067,15375.0,638.5893266798155,1771082.7962936005
NO2_CLD,NO2,Hospital Admissions,Chronic Lung Disease,UNIT_VALUE_CLD_HA,Escenario económico central,UNIT_VALUE_CLD_HA_2015_USD_x_1.00,649,35,16,0.0451148020918966,15375.0,693.6400821629102,1923762.21307308
NO2_CLD,NO2,Hospital Admissions,Chronic Lung Disease,UNIT_VALUE_CLD_HA,Escenario económico central,UNIT_VALUE_CLD_HA_2015_USD_x_1.00,650,36,16,0.0524953051766756,15375.0,807.1153170913873,2238477.8338807663
NO2_CLD,NO2,Hospital Admissions,Chronic Lung Disease,UNIT_VALUE_CLD_HA,Escenario económico central,UNIT_VALUE_CLD_HA_2015_USD_x_1.00,651,37,16,0.0346311763497398,15375.0,532.4543363772494,1476724.8301387548
NO2_CLD,NO2,Hospital Admissions,Chronic Lung Disease,UNIT_VALUE_CLD_HA,Escenario económico central,UNIT_VALUE_CLD_HA_2015_USD_x_1.00,652,38,16,0.0537027050506501,15375.0,825.6790901537453,2289963.159005102
NO2_CLD,NO2,Hospital Admissions,Chronic Lung Disease,UNIT_VALUE_CLD_HA,Escenario económico central,UNIT_VALUE_CLD_HA_2015_USD_x_1.00,653,39,16,0.0362729121606813,15375.0,557.696024470475,1546730.8851471494
NO2_CLD,NO2,Hospital Admissions,Chronic Lung Disease,UNIT_VALUE_CLD_HA,Escenario económico central,UNIT_VALUE_CLD_HA_2015_USD_x_1.00,654,40,16,0.050435945915703,15375.0,775.4526684539337,2150663.694270193
NO2_CLD,NO2,Hospital Admissions,Chronic Lung Disease,UNIT_VALUE_CLD_HA,Escenario económico central,UNIT_VALUE_CLD_HA_2015_USD_x_1.00,655,41,16,0.0171334697151619,15375.0,263.4270968706142,730596.6132738675
NO2_CLD,NO2,Hospital Admissions,Chronic Lung Disease,UNIT_VALUE_CLD_HA,Escenario económico central,UNIT_VALUE_CLD_HA_2015_USD_x_1.00,686,31,17,0.0100731968865333,15375.0,154.8754021304495,429536.0865306525
NO2_CLD,NO2,Hospital Admissions,Chronic Lung Disease,UNIT_VALUE_CLD_HA,Escenario económico central,UNIT_VALUE_CLD_HA_2015_USD_x_1.00,687,32,17,0.0298481561841097,15375.0,458.9154013306866,1272769.741512566
NO2_CLD,NO2,Hospital Admissions,Chronic Lung Disease,UNIT_VALUE_CLD_HA,Escenario económico central,UNIT_VALUE_CLD_HA_2015_USD_x_1.00,688,33,17,0.0478279755499206,15375.0,735.3551240800292,2039455.9617772752
NO2_CLD,NO2,Hospital Admissions,Chronic Lung Disease,UNIT_VALUE_CLD_HA,Escenario económico central,UNIT_VALUE_CLD_HA_2015_USD_x_1.00,689,34,17,0.0089008392001644,15375.0,136.85040270252765,379545.01236727124
NO2_CLD,NO2,Hospital Admissions,Chronic Lung Disease,UNIT_VALUE_CLD_HA,Escenario económico central,UNIT_VALUE_CLD_HA_2015_USD_x_1.00,690,35,17,0.0155471891448553,15375.0,239.03803310215025,662955.2521464966
NO2_CLD,NO2,Hospital Admissions,Chronic Lung Disease,UNIT_VALUE_CLD_HA,Escenario económico central,UNIT_VALUE_CLD_HA_2015_USD_x_1.00,691,36,17,0.0107979314591387,15375.0,166.0181961842575,460439.8458433053
NO2_CLD,NO2,Hospital Admissions,Chronic Lung Disease,UNIT_VALUE_CLD_HA,Escenario económico central,UNIT_VALUE_CLD_HA_2015_USD_x_1.00,692,37,17,0.0174004678371331,15375.0,267.5321929959214,741981.8100206782
NO2_CLD,NO2,Hospital Admissions,Chronic Lung Disease,UNIT_VALUE_CLD_HA,Escenario económico central,UNIT_VALUE_CLD_HA_2015_USD_x_1.00,693,38,17,0.0163850897684111,15375.0,251.92075518932066,698684.5800647176
NO2_CLD,NO2,Hospital Admissions,Chronic Lung Disease,UNIT_VALUE_CLD_HA,Escenario económico central,UNIT_VALUE_CLD_HA_2015_USD_x_1.00,694,39,17,0.0020116570130117,15375.0,30.929226575054884,85780.04486005446
NO2_CLD,NO2,Hospital Admissions,Chronic Lung Disease,UNIT_VALUE_CLD_HA,Escenario económico central,UNIT_VALUE_CLD_HA_2015_USD_x_1.00,695,40,17,0.0213538421547241,15375.0,328.31532312888305,910559.566625338
NO2_CLD,NO2,Hospital Admissions,Chronic Lung Disease,UNIT_VALUE_CLD_HA,Escenario económico central,UNIT_VALUE_CLD_HA_2015_USD_x_1.00,696,41,17,0.005312523867267,15375.0,81.68005445923012,226533.91343886257
NO2_CLD,NO2,Hospital Admissions,Chronic Lung Disease,UNIT_VALUE_CLD_HA,Escenario económico central,UNIT_VALUE_CLD_HA_2015_USD_x_1.00,729,33,18,0.0002724935564274,15375.0,4.189588430071275,11619.530239612575
NO2_CLD,NO2,Hospital Admissions,Chronic Lung Disease,UNIT_VALUE_CLD_HA,Escenario económico central,UNIT_VALUE_CLD_HA_2015_USD_x_1.00,730,34,18,0.0009525322012092,15375.0,14.64518259359145,40617.38876054433
O3_MAIN,O3,Mortality,Respiratory mortality,VSL,Escenario económico alto,VSL_2015_USD_x_1.20,0,1,1,0.0089191038563491,10446136.8,93170.17901683025,258400969.59064752
O3_MAIN,O3,Mortality,Respiratory mortality,VSL,Escenario económico alto,VSL_2015_USD_x_1.20,1,2,1,0.004769596563942,10446136.8,49823.85818774808,138182983.01364616
O3_MAIN,O3,Mortality,Respiratory mortality,VSL,Escenario económico alto,VSL_2015_USD_x_1.20,2,3,1,9.43173625351278e-05,10446136.8,985.2520716571398,2732527.653096061
O3_MAIN,O3,Mortality,Respiratory mortality,VSL,Escenario económico alto,VSL_2015_USD_x_1.20,41,1,2,0.0071511244586447,10446136.8,74701.62436882849,207179726.07323998
O3_MAIN,O3,Mortality,Respiratory mortality,VSL,Escenario económico alto,VSL_2015_USD_x_1.20,42,2,2,0.0121393777917738,10446136.8,126809.60107975105,351697551.9226139
O3_MAIN,O3,Mortality,Respiratory mortality,VSL,Escenario económico alto,VSL_2015_USD_x_1.20,43,3,2,0.0089086783466926,10446136.8,93061.27271674873,258098925.5908124
O3_MAIN,O3,Mortality,Respiratory mortality,VSL,Escenario económico alto,VSL_2015_USD_x_1.20,44,4,2,0.0012199375458123,10446136.8,12743.634491011555,35343578.206406176
O3_MAIN,O3,Mortality,Respiratory mortality,VSL,Escenario económico alto,VSL_2015_USD_x_1.20,82,1,3,0.0008533384916349,10446136.8,8914.090620323823,24722606.3491247
O3_MAIN,O3,Mortality,Respiratory mortality,VSL,Escenario económico alto,VSL_2015_USD_x_1.20,83,2,3,0.0052083899156513,10446136.8,54407.55356663395,150895541.28830957
O3_MAIN,O3,Mortality,Respiratory mortality,VSL,Escenario económico alto,VSL_2015_USD_x_1.20,84,3,3,0.0117595253917004,10446136.8,122841.61094477597,340692609.04257
O3_MAIN,O3,Mortality,Respiratory mortality,VSL,Escenario económico alto,VSL_2015_USD_x_1.20,85,4,3,0.0113370244129434,10446136.8,118428.10792254645,328452067.35562795
O3_MAIN,O3,Mortality,Respiratory mortality,VSL,Escenario económico alto,VSL_2015_USD_x_1.20,86,5,3,0.0091432665827077,10446136.8,95511.81352183316,264895328.97585773
O3_MAIN,O3,Mortality,Respiratory mortality,VSL,Escenario económico alto,VSL_2015_USD_x_1.20,87,6,3,0.0029767055615622,10446136.8,31095.073509399565,86240009.72317404
O3_MAIN,O3,Mortality,Respiratory mortality,VSL,Escenario económico alto,VSL_2015_USD_x_1.20,91,10,3,0.0006885483646307,10446136.8,7192.670410348574,19948367.896173045
O3_MAIN,O3,Mortality,Respiratory mortality,VSL,Escenario económico alto,VSL_2015_USD_x_1.20,125,3,4,0.0048564817797882,10446136.8,50731.47303837502,140700189.26882043
O3_MAIN,O3,Mortality,Respiratory mortality,VSL,Escenario económico alto,VSL_2015_USD_x_1.20,126,4,4,0.0124556624451341,10446136.8,130113.55383649332,360860833.61674565
O3_MAIN,O3,Mortality,Respiratory mortality,VSL,Escenario económico alto,VSL_2015_USD_x_1.20,127,5,4,0.0122754595851989,10446136.8,128231.13010985898,355640063.18058616
O3_MAIN,O3,Mortality,Respiratory mortality,VSL,Escenario económico alto,VSL_2015_USD_x_1.20,128,6,4,0.0118467970390724,10446136.8,123753.26251198525,343221010.8486152
O3_MAIN,O3,Mortality,Respiratory mortality,VSL,Escenario económico alto,VSL_2015_USD_x_1.20,129,7,4,0.0093104957235778,10446136.8,97258.71200430869,269740229.63410985
O3_MAIN,O3,Mortality,Respiratory mortality,VSL,Escenario económico alto,VSL_2015_USD_x_1.20,130,8,4,0.0066411280244289,10446136.8,69374.13184949804,192404298.49535334
O3_MAIN,O3,Mortality,Respiratory mortality,VSL,Escenario económico alto,VSL_2015_USD_x_1.20,131,9,4,0.0068703628491034,10446136.8,71768.75018737189,199045604.8321628
O3_MAIN,O3,Mortality,Respiratory mortality,VSL,Escenario económico alto,VSL_2015_USD_x_1.20,132,10,4,0.0113521505236247,10446136.8,118586.11734397525,328890295.42530125
O3_MAIN,O3,Mortality,Respiratory mortality,VSL,Escenario económico alto,VSL_2015_USD_x_1.20,133,11,4,0.0095279160736755,10446136.8,99529.91472453317,276039251.394462
O3_MAIN,O3,Mortality,Respiratory mortality,VSL,Escenario económico alto,VSL_2015_USD_x_1.20,134,12,4,0.0088593895793053,10446136.8,92546.39550991762,256670949.6990708
O3_MAIN,O3,Mortality,Respiratory mortality,VSL,Escenario económico alto,VSL_2015_USD_x_1.20,135,13,4,0.0037186725673571,10446136.8,38845.76235301948,107736002.68273482
O3_MAIN,O3,Mortality,Respiratory mortality,VSL,Escenario económico alto,VSL_2015_USD_x_1.20,136,14,4,0.0008196989031411,10446136.8,8562.68687702188,23748012.665338792
O3_MAIN,O3,Mortality,Respiratory mortality,VSL,Escenario económico alto,VSL_2015_USD_x_1.20,166,3,5,7.633849735968351e-06,10446136.8,79.74423865256928,221165.0638061952
O3_MAIN,O3,Mortality,Respiratory mortality,VSL,Escenario económico alto,VSL_2015_USD_x_1.20,167,4,5,0.0080454807514978,10446136.8,84044.19255191283,233090684.9492516
O3_MAIN,O3,Mortality,Respiratory mortality,VSL,Escenario económico alto,VSL_2015_USD_x_1.20,168,5,5,0.0119721504936605,10446136.8,125062.72184696513,346852704.6520285
O3_MAIN,O3,Mortality,Respiratory mortality,VSL,Escenario económico alto,VSL_2015_USD_x_1.20,169,6,5,0.0120092223033554,10446136.8,125449.97904246161,347926735.37573427
O3_MAIN,O3,Mortality,Respiratory mortality,VSL,Escenario económico alto,VSL_2015_USD_x_1.20,170,7,5,0.0121129924723329,10446136.8,126533.9764233597,350933126.23183846
O3_MAIN,O3,Mortality,Respiratory mortality,VSL,Escenario económico alto,VSL_2015_USD_x_1.20,171,8,5,0.0119865264651151,10446136.8,125212.89521141278,347269199.9661885
O3_MAIN,O3,Mortality,Respiratory mortality,VSL,Escenario económico alto,VSL_2015_USD_x_1.20,172,9,5,0.0121908545572372,10446136.8,127347.33441380323,353188917.68327427
O3_MAIN,O3,Mortality,Respiratory mortality,VSL,Escenario económico alto,VSL_2015_USD_x_1.20,173,10,5,0.0122708099463405,10446136.8,128182.55934627353,355505355.5677354
O3_MAIN,O3,Mortality,Respiratory mortality,VSL,Escenario económico alto,VSL_2015_USD_x_1.20,174,11,5,0.0119012163998919,10446136.8,124321.7345996743,344797628.39077467
O3_MAIN,O3,Mortality,Respiratory mortality,VSL,Escenario económico alto,VSL_2015_USD_x_1.20,175,12,5,0.0117765886567151,10446136.8,123019.85614537419,341186959.6292651
O3_MAIN,O3,Mortality,Respiratory mortality,VSL,Escenario económico alto,VSL_2015_USD_x_1.20,176,13,5,0.0120262751163296,10446136.8,125628.11505961492,348420783.1497878
O3_MAIN,O3,Mortality,Respiratory mortality,VSL,Escenario económico alto,VSL_2015_USD_x_1.20,177,14,5,0.0111481676854765,10446136.8,116455.28471182691,322980580.2783221
O3_MAIN,O3,Mortality,Respiratory mortality,VSL,Escenario económico alto,VSL_2015_USD_x_1.20,178,15,5,0.0044226707198861,10446136.8,46199.82336128468,128131976.10488777
O3_MAIN,O3,Mortality,Respiratory mortality,VSL,Escenario económico alto,VSL_2015_USD_x_1.20,208,4,6,0.0063224367677219,10446136.8,66045.0393849728,183171293.5814651
O3_MAIN,O3,Mortality,Respiratory mortality,VSL,Escenario económico alto,VSL_2015_USD_x_1.20,209,5,6,0.0029895880177684,10446136.8,31229.64540924954,86613235.46737495
O3_MAIN,O3,Mortality,Respiratory mortality,VSL,Escenario económico alto,VSL_2015_USD_x_1.20,210,6,6,0.0037380123359835,10446136.8,39047.7882217712,108296307.2879069
O3_MAIN,O3,Mortality,Respiratory mortality,VSL,Escenario económico alto,VSL_2015_USD_x_1.20,211,7,6,0.0120477190984195,10446136.8,125852.12183006277,349042050.24715096
O3_MAIN,O3,Mortality,Respiratory mortality,VSL,Escenario económico alto,VSL_2015_USD_x_1.20,212,8,6,0.0120443371895223,10446136.8,125816.79394707747,348944070.83664304
O3_MAIN,O3,Mortality,Respiratory mortality,VSL,Escenario económico alto,VSL_2015_USD_x_1.20,213,9,6,0.012273286214961,10446136.8,128208.42678703682,355577097.1039715
O3_MAIN,O3,Mortality,Respiratory mortality,VSL,Escenario económico alto,VSL_2015_USD_x_1.20,214,10,6,0.0120805994233946,10446136.8,126195.59420278113,349994646.82981926
O3_MAIN,O3,Mortality,Respiratory mortality,VSL,Escenario económico alto,VSL_2015_USD_x_1.20,215,11,6,0.0122496911255728,10446136.8,127961.94925547946,354893508.9236244
O3_MAIN,O3,Mortality,Respiratory mortality,VSL,Escenario económico alto,VSL_2015_USD_x_1.20,216,12,6,0.0119432818529588,10446136.8,124761.15607696513,346016333.0985374
O3_MAIN,O3,Mortality,Respiratory mortality,VSL,Escenario económico alto,VSL_2015_USD_x_1.20,217,13,6,0.0121529091090128,10446136.8,126950.95107071384,352089576.2280499
O3_MAIN,O3,Mortality,Respiratory mortality,VSL,Escenario económico alto,VSL_2015_USD_x_1.20,218,14,6,0.0101584240545097,10446136.8,106116.28734581899,294306094.8135147
O3_MAIN,O3,Mortality,Respiratory mortality,VSL,Escenario económico alto,VSL_2015_USD_x_1.20,219,15,6,0.0006804400029947,10446136.8,7107.9693554750465,19713455.44955516
O3_MAIN,O3,Mortality,Respiratory mortality,VSL,Escenario económico alto,VSL_2015_USD_x_1.20,251,6,7,1.0737011954998736e-05,10446136.8,112.16029570515224,311068.72891754034
O3_MAIN,O3,Mortality,Respiratory mortality,VSL,Escenario económico alto,VSL_2015_USD_x_1.20,252,7,7,0.0038669482937384,10446136.8,40394.670874917916,112031792.04462358
O3_MAIN,O3,Mortality,Respiratory mortality,VSL,Escenario económico alto,VSL_2015_USD_x_1.20,253,8,7,0.0107015221945608,10446136.8,111789.56481261834,310040532.73826003
O3_MAIN,O3,Mortality,Respiratory mortality,VSL,Escenario económico alto,VSL_2015_USD_x_1.20,254,9,7,0.0123155521029573,10446136.8,128649.94203501965,356801608.7381845
O3_MAIN,O3,Mortality,Respiratory mortality,VSL,Escenario económico alto,VSL_2015_USD_x_1.20,255,10,7,0.01219669806327,10446136.8,127408.37647721347,353358213.57319814
O3_MAIN,O3,Mortality,Respiratory mortality,VSL,Escenario económico alto,VSL_2015_USD_x_1.20,256,11,7,0.0120914555934695,10446136.8,126308.99924050759,350309167.76360095
O3_MAIN,O3,Mortality,Respiratory mortality,VSL,Escenario económico alto,VSL_2015_USD_x_1.20,257,12,7,0.0124984386188523,10446136.8,130560.3995989342,362100129.05967206
O3_MAIN,O3,Mortality,Respiratory mortality,VSL,Escenario económico alto,VSL_2015_USD_x_1.20,258,13,7,0.0126229115015051,10446136.8,131860.6603590157,365706311.25950485
O3_MAIN,O3,Mortality,Respiratory mortality,VSL,Escenario económico alto,VSL_2015_USD_x_1.20,259,14,7,0.0063093211026315,10446136.8,65908.0313532155,182791311.39594844
O3_MAIN,O3,Mortality,Respiratory mortality,VSL,Escenario económico alto,VSL_2015_USD_x_1.20,294,8,8,0.0014088500955474,10446136.8,14717.040828781212,40816682.545766674
O3_MAIN,O3,Mortality,Respiratory mortality,VSL,Escenario económico alto,VSL_2015_USD_x_1.20,295,9,8,0.0075666362802017,10446136.8,79042.1176988301,219217780.48946637
O3_MAIN,O3,Mortality,Respiratory mortality,VSL,Escenario económico alto,VSL_2015_USD_x_1.20,296,10,8,0.0115896652567094,10446136.8,121067.22873779351,335771484.19825864
O3_MAIN,O3,Mortality,Respiratory mortality,VSL,Escenario económico alto,VSL_2015_USD_x_1.20,297,11,8,0.0114889358144993,10446136.8,120014.99520467911,332853188.1505132
O3_MAIN,O3,Mortality,Respiratory mortality,VSL,Escenario económico alto,VSL_2015_USD_x_1.20,298,12,8,0.0118876458924524,10446136.8,124179.97522251587,344404468.6813822
O3_MAIN,O3,Mortality,Respiratory mortality,VSL,Escenario económico alto,VSL_2015_USD_x_1.20,299,13,8,0.0119104492673755,10446136.8,124418.18239646427,345065119.60382587
O3_MAIN,O3,Mortality,Respiratory mortality,VSL,Escenario económico alto,VSL_2015_USD_x_1.20,300,14,8,0.00849354224072,10446136.8,88724.70416313964,246071756.26717636
O3_MAIN,O3,Mortality,Respiratory mortality,VSL,Escenario económico alto,VSL_2015_USD_x_1.20,301,15,8,0.0048685850864016,10446136.8,50857.90583499094,141050841.7799389
O3_MAIN,O3,Mortality,Respiratory mortality,VSL,Escenario económico alto,VSL_2015_USD_x_1.20,302,16,8,0.0045062340774766,10446136.8,47072.73762614237,130552942.71447203
O3_MAIN,O3,Mortality,Respiratory mortality,VSL,Escenario económico alto,VSL_2015_USD_x_1.20,303,17,8,0.0033909998188585,10446136.8,35422.847996571116,98242789.31913023
O3_MAIN,O3,Mortality,Respiratory mortality,VSL,Escenario económico alto,VSL_2015_USD_x_1.20,304,18,8,0.0011111608666616,10446136.8,11607.338419953634,32192140.594052006
O3_MAIN,O3,Mortality,Respiratory mortality,VSL,Escenario económico alto,VSL_2015_USD_x_1.20,337,10,9,0.0016606608586916,10446136.8,17347.490508297924,48112050.60042871
O3_MAIN,O3,Mortality,Respiratory mortality,VSL,Escenario económico alto,VSL_2015_USD_x_1.20,338,11,9,0.0102444928788447,10446136.8,107015.37405903757,296799648.8765565
O3_MAIN,O3,Mortality,Respiratory mortality,VSL,Escenario económico alto,VSL_2015_USD_x_1.20,339,12,9,0.0119998799018322,10446136.8,125352.38703810975,347656070.7831047
O3_MAIN,O3,Mortality,Respiratory mortality,VSL,Escenario económico alto,VSL_2015_USD_x_1.20,340,13,9,0.0122529488866494,10446136.8,127995.98027334733,354987891.5695097
O3_MAIN,O3,Mortality,Respiratory mortality,VSL,Escenario económico alto,VSL_2015_USD_x_1.20,341,14,9,0.0119888720998483,10446136.8,125237.3980327186,347337156.82588273
O3_MAIN,O3,Mortality,Respiratory mortality,VSL,Escenario económico alto,VSL_2015_USD_x_1.20,342,15,9,0.0123701203367608,10446136.8,129219.9692702654,358382539.3732321
O3_MAIN,O3,Mortality,Respiratory mortality,VSL,Escenario económico alto,VSL_2015_USD_x_1.20,343,16,9,0.0120033508828539,10446136.8,125388.64538069263,347756630.75817436
O3_MAIN,O3,Mortality,Respiratory mortality,VSL,Escenario económico alto,VSL_2015_USD_x_1.20,344,17,9,0.0123043593361192,10446136.8,128533.02086145834,356477336.0477944
O3_MAIN,O3,Mortality,Respiratory mortality,VSL,Escenario económico alto,VSL_2015_USD_x_1.20,345,18,9,0.0119587962152504,10446136.8,124923.22122782793,346465809.4498948
O3_MAIN,O3,Mortality,Respiratory mortality,VSL,Escenario económico alto,VSL_2015_USD_x_1.20,346,19,9,0.0045529999997172,10446136.8,47561.26084744583,131907827.67213169
O3_MAIN,O3,Mortality,Respiratory mortality,VSL,Escenario económico alto,VSL_2015_USD_x_1.20,347,20,9,0.0002899786866423,10446136.8,3029.1570297497988,8401154.981018985
O3_MAIN,O3,Mortality,Respiratory mortality,VSL,Escenario económico alto,VSL_2015_USD_x_1.20,348,21,9,0.0044447322560968,10446136.8,46430.28118655981,128771134.75124057
O3_MAIN,O3,Mortality,Respiratory mortality,VSL,Escenario económico alto,VSL_2015_USD_x_1.20,349,22,9,0.0042145192071004,10446136.8,44025.444183598316,122101487.66211706
O3_MAIN,O3,Mortality,Respiratory mortality,VSL,Escenario económico alto,VSL_2015_USD_x_1.20,350,23,9,0.0056551184541848,10446136.8,59074.14099261895,163837994.85315916
O3_MAIN,O3,Mortality,Respiratory mortality,VSL,Escenario económico alto,VSL_2015_USD_x_1.20,351,24,9,0.0044736576097467,10446136.8,46732.43938777505,129609149.37123695
O3_MAIN,O3,Mortality,Respiratory mortality,VSL,Escenario económico alto,VSL_2015_USD_x_1.20,352,25,9,0.0016179569070853,10446136.8,16901.399187917934,46874847.549747236
O3_MAIN,O3,Mortality,Respiratory mortality,VSL,Escenario económico alto,VSL_2015_USD_x_1.20,353,26,9,4.052053047891597e-06,10446136.8,42.32830045913258,117394.57834237206
O3_MAIN,O3,Mortality,Respiratory mortality,VSL,Escenario económico alto,VSL_2015_USD_x_1.20,360,33,9,0.0035599060945202,10446136.8,37187.26605851174,103136279.3046582
O3_MAIN,O3,Mortality,Respiratory mortality,VSL,Escenario económico alto,VSL_2015_USD_x_1.20,361,34,9,0.0028712113703072,10446136.8,29993.066755944474,83183671.13293907
O3_MAIN,O3,Mortality,Respiratory mortality,VSL,Escenario económico alto,VSL_2015_USD_x_1.20,379,11,10,0.0076185066178537,10446136.8,79583.96234180508,220720548.67763245
O3_MAIN,O3,Mortality,Respiratory mortality,VSL,Escenario económico alto,VSL_2015_USD_x_1.20,380,12,10,0.0119717330309741,10446136.8,125058.3609746341,346840610.0778794
O3_MAIN,O3,Mortality,Respiratory mortality,VSL,Escenario económico alto,VSL_2015_USD_x_1.20,381,13,10,0.0119355682612177,10446136.8,124680.57884241824,345792857.778928
O3_MAIN,O3,Mortality,Respiratory mortality,VSL,Escenario económico alto,VSL_2015_USD_x_1.20,382,14,10,0.0119917068010366,10446136.8,125267.0097091187,347419282.73756105
O3_MAIN,O3,Mortality,Respiratory mortality,VSL,Escenario económico alto,VSL_2015_USD_x_1.20,383,15,10,0.0119276910676888,10446136.8,124598.29260121527,345564642.6489885
O3_MAIN,O3,Mortality,Respiratory mortality,VSL,Escenario económico alto,VSL_2015_USD_x_1.20,384,16,10,0.0122030065241568,10446136.8,127474.27552263445,353540979.96274
O3_MAIN,O3,Mortality,Respiratory mortality,VSL,Escenario económico alto,VSL_2015_USD_x_1.20,385,17,10,0.0121722136983552,10446136.8,127152.60945185236,352648861.6320509
O3_MAIN,O3,Mortality,Respiratory mortality,VSL,Escenario económico alto,VSL_2015_USD_x_1.20,386,18,10,0.0119525754087126,10446136.8,124858.23783172775,346285582.54964864
O3_MAIN,O3,Mortality,Respiratory mortality,VSL,Escenario económico alto,VSL_2015_USD_x_1.20,387,19,10,0.0121364634387773,10446136.8,126779.1573496661,351613118.3682844
O3_MAIN,O3,Mortality,Respiratory mortality,VSL,Escenario económico alto,VSL_2015_USD_x_1.20,388,20,10,0.0117724779664811,10446136.8,122976.9153128474,341067866.2361103
O3_MAIN,O3,Mortality,Respiratory mortality,VSL,Escenario económico alto,VSL_2015_USD_x_1.20,389,21,10,0.0121174563202787,10446136.8,126580.60638965592,351062451.1792634
O3_MAIN,O3,Mortality,Respiratory mortality,VSL,Escenario económico alto,VSL_2015_USD_x_1.20,390,22,10,0.0118554824114721,10446136.8,123843.99110023145,343472640.2371149
O3_MAIN,O3,Mortality,Respiratory mortality,VSL,Escenario económico alto,VSL_2015_USD_x_1.20,391,23,10,0.0121526087585457,10446136.8,126947.81356864657,352080874.58569145
O3_MAIN,O3,Mortality,Respiratory mortality,VSL,Escenario económico alto,VSL_2015_USD_x_1.20,392,24,10,0.012376786322687,10446136.8,129289.60307115735,358575663.84563994
O3_MAIN,O3,Mortality,Respiratory mortality,VSL,Escenario económico alto,VSL_2015_USD_x_1.20,393,25,10,0.0121109305229087,10446136.8,126512.43701759982,350873388.19772184
O3_MAIN,O3,Mortality,Respiratory mortality,VSL,Escenario económico alto,VSL_2015_USD_x_1.20,394,26,10,0.0090097210738351,10446136.8,94116.77886712436,261026298.01344872
O3_MAIN,O3,Mortality,Respiratory mortality,VSL,Escenario económico alto,VSL_2015_USD_x_1.20,395,27,10,0.0040483498097303,10446136.8,42289.615926696686,117287289.49957839
O3_MAIN,O3,Mortality,Respiratory mortality,VSL,Escenario económico alto,VSL_2015_USD_x_1.20,396,28,10,0.0009630219004651,10446136.8,10059.858513654419,27900313.397524573
O3_MAIN,O3,Mortality,Respiratory mortality,VSL,Escenario económico alto,VSL_2015_USD_x_1.20,397,29,10,0.000343752553245,10446136.8,3590.8861965465544,9959071.50408811
O3_MAIN,O3,Mortality,Respiratory mortality,VSL,Escenario económico alto,VSL_2015_USD_x_1.20,398,30,10,0.0013934650126429,10446136.8,14556.326148081464,40370951.62887357
O3_MAIN,O3,Mortality,Respiratory mortality,VSL,Escenario económico alto,VSL_2015_USD_x_1.20,400,32,10,0.0009221972225818,10446136.8,9633.398343669533,26717555.96828339
O3_MAIN,O3,Mortality,Respiratory mortality,VSL,Escenario económico alto,VSL_2015_USD_x_1.20,401,33,10,0.0115346459498984,10446136.8,120492.48953220464,334177485.2433023
O3_MAIN,O3,Mortality,Respiratory mortality,VSL,Escenario económico alto,VSL_2015_USD_x_1.20,402,34,10,0.0105722071940694,10446136.8,110438.7226271931,306294066.49593616
O3_MAIN,O3,Mortality,Respiratory mortality,VSL,Escenario económico alto,VSL_2015_USD_x_1.20,403,35,10,9.376314309981388e-05,10446136.8,979.4626196186318,2716471.013128902
O3_MAIN,O3,Mortality,Respiratory mortality,VSL,Escenario económico alto,VSL_2015_USD_x_1.20,420,11,11,0.0062231196472102,10446136.8,65007.559157525495,180293914.7942559
O3_MAIN,O3,Mortality,Respiratory mortality,VSL,Escenario económico alto,VSL_2015_USD_x_1.20,421,12,11,0.0120034846439299,10446136.8,125390.04266719104,347760506.03446764
O3_MAIN,O3,Mortality,Respiratory mortality,VSL,Escenario económico alto,VSL_2015_USD_x_1.20,422,13,11,0.0121779789774912,10446136.8,127212.8343463972,352815891.1613284
O3_MAIN,O3,Mortality,Respiratory mortality,VSL,Escenario económico alto,VSL_2015_USD_x_1.20,423,14,11,0.0121309971759352,10446136.8,126722.05602023278,351454751.82819414
O3_MAIN,O3,Mortality,Respiratory mortality,VSL,Escenario económico alto,VSL_2015_USD_x_1.20,424,15,11,0.01177837312229,10446136.8,123038.49691688447,341238658.50419486
O3_MAIN,O3,Mortality,Respiratory mortality,VSL,Escenario económico alto,VSL_2015_USD_x_1.20,425,16,11,0.011940968448268,10446136.8,124736.98993509126,345949309.99568015
O3_MAIN,O3,Mortality,Respiratory mortality,VSL,Escenario económico alto,VSL_2015_USD_x_1.20,426,17,11,0.0121768607948237,10446136.8,127201.1536572851,352783495.5877242
O3_MAIN,O3,Mortality,Respiratory mortality,VSL,Escenario económico alto,VSL_2015_USD_x_1.20,427,18,11,0.0122772080621525,10446136.8,128249.39493930792,355690719.4065248
O3_MAIN,O3,Mortality,Respiratory mortality,VSL,Escenario económico alto,VSL_2015_USD_x_1.20,428,19,11,0.0116947115527919,10446136.8,122164.55671700463,338814846.53564215
O3_MAIN,O3,Mortality,Respiratory mortality,VSL,Escenario económico alto,VSL_2015_USD_x_1.20,429,20,11,0.0122650785149658,10446136.8,128122.6880300736,355339306.663247
O3_MAIN,O3,Mortality,Respiratory mortality,VSL,Escenario económico alto,VSL_2015_USD_x_1.20,430,21,11,0.012226552846774,10446136.8,127720.24362983066,354223155.29028124
O3_MAIN,O3,Mortality,Respiratory mortality,VSL,Escenario económico alto,VSL_2015_USD_x_1.20,431,22,11,0.0124263691034928,10446136.8,129807.55158237916,360012157.7851178
O3_MAIN,O3,Mortality,Respiratory mortality,VSL,Escenario económico alto,VSL_2015_USD_x_1.20,432,23,11,0.0123807372671372,10446136.8,129330.87517737335,358690129.1431826
O3_MAIN,O3,Mortality,Respiratory mortality,VSL,Escenario económico alto,VSL_2015_USD_x_1.20,433,24,11,0.0123498630065403,10446136.8,129008.35842757928,357795651.51380116
O3_MAIN,O3,Mortality,Respiratory mortality,VSL,Escenario económico alto,VSL_2015_USD_x_1.20,434,25,11,0.0124621821551852,10446136.8,130181.65961958344,361049720.2387413
O3_MAIN,O3,Mortality,Respiratory mortality,VSL,Escenario económico alto,VSL_2015_USD_x_1.20,435,26,11,0.0125373222696453,10446136.8,130966.58353440129,363226651.7718145
O3_MAIN,O3,Mortality,Respiratory mortality,VSL,Escenario económico alto,VSL_2015_USD_x_1.20,436,27,11,0.0119628063452201,10446136.8,124965.1115940772,346581989.4483615
O3_MAIN,O3,Mortality,Respiratory mortality,VSL,Escenario económico alto,VSL_2015_USD_x_1.20,437,28,11,0.0118983107164318,10446136.8,124291.38143275259,344713446.007039
O3_MAIN,O3,Mortality,Respiratory mortality,VSL,Escenario económico alto,VSL_2015_USD_x_1.20,438,29,11,0.011622870671769,10446136.8,121414.09704600688,336733499.17030686
O3_MAIN,O3,Mortality,Respiratory mortality,VSL,Escenario económico alto,VSL_2015_USD_x_1.20,439,30,11,0.0113537884974096,10446136.8,118603.22784220714,328937750.1944125
O3_MAIN,O3,Mortality,Respiratory mortality,VSL,Escenario económico alto,VSL_2015_USD_x_1.20,440,31,11,0.0108273307549318,10446136.8,113103.77824486488,313685411.69765556
O3_MAIN,O3,Mortality,Respiratory mortality,VSL,Escenario económico alto,VSL_2015_USD_x_1.20,441,32,11,0.0115266194298858,10446136.8,120408.64340612509,333944943.88184947
O3_MAIN,O3,Mortality,Respiratory mortality,VSL,Escenario económico alto,VSL_2015_USD_x_1.20,442,33,11,0.0145801570178971,10446136.8,152306.31477443318,422410902.5848562
O3_MAIN,O3,Mortality,Respiratory mortality,VSL,Escenario económico alto,VSL_2015_USD_x_1.20,443,34,11,0.0114834507795457,10446136.8,119957.69777920103,332694277.7517695
O3_MAIN,O3,Mortality,Respiratory mortality,VSL,Escenario económico alto,VSL_2015_USD_x_1.20,444,35,11,0.0063609693582916,10446136.8,66447.55609732227,184287645.5069965
O3_MAIN,O3,Mortality,Respiratory mortality,VSL,Escenario económico alto,VSL_2015_USD_x_1.20,445,36,11,0.0083196898785096,10446136.8,86908.61860448666,241034970.09624144
O3_MAIN,O3,Mortality,Respiratory mortality,VSL,Escenario económico alto,VSL_2015_USD_x_1.20,446,37,11,0.0010617957444276,10446136.8,11091.663599948548,30761952.5780053
O3_MAIN,O3,Mortality,Respiratory mortality,VSL,Escenario económico alto,VSL_2015_USD_x_1.20,461,11,12,0.0031815964906572,10446136.8,33235.39218380504,92176033.7443304
O3_MAIN,O3,Mortality,Respiratory mortality,VSL,Escenario económico alto,VSL_2015_USD_x_1.20,462,12,12,0.0101557660220594,10446136.8,106088.52117522432,294229087.2830024
O3_MAIN,O3,Mortality,Respiratory mortality,VSL,Escenario económico alto,VSL_2015_USD_x_1.20,463,13,12,0.0109825863669834,10446136.8,114725.5996073236,318183419.7189395
O3_MAIN,O3,Mortality,Respiratory mortality,VSL,Escenario económico alto,VSL_2015_USD_x_1.20,464,14,12,0.0115883458407233,10446136.8,121053.44593790661,335733258.5675683
O3_MAIN,O3,Mortality,Respiratory mortality,VSL,Escenario económico alto,VSL_2015_USD_x_1.20,465,15,12,0.0123060733513213,10446136.8,128550.92569873676,356526993.86064744
O3_MAIN,O3,Mortality,Respiratory mortality,VSL,Escenario económico alto,VSL_2015_USD_x_1.20,466,16,12,0.012135685548653,10446136.8,126771.0314030123,351590581.6240564
O3_MAIN,O3,Mortality,Respiratory mortality,VSL,Escenario económico alto,VSL_2015_USD_x_1.20,467,17,12,0.0122960653161428,10446136.8,128446.38039416294,356237044.7765833
O3_MAIN,O3,Mortality,Respiratory mortality,VSL,Escenario económico alto,VSL_2015_USD_x_1.20,468,18,12,0.0083529779348343,10446136.8,87256.35019466058,241999379.3203775
O3_MAIN,O3,Mortality,Respiratory mortality,VSL,Escenario económico alto,VSL_2015_USD_x_1.20,469,19,12,0.0050405728680363,10446136.8,52654.51372987554,146033608.01384872
O3_MAIN,O3,Mortality,Respiratory mortality,VSL,Escenario económico alto,VSL_2015_USD_x_1.20,470,20,12,0.002007340147478,10446136.8,20968.949784687367,58155914.401345484
O3_MAIN,O3,Mortality,Respiratory mortality,VSL,Escenario económico alto,VSL_2015_USD_x_1.20,471,21,12,0.0075437907363755,10446136.8,78803.47002275122,218555907.8651989
O3_MAIN,O3,Mortality,Respiratory mortality,VSL,Escenario económico alto,VSL_2015_USD_x_1.20,472,22,12,0.0117562593208328,10446136.8,122807.49312169453,340597985.6485012
O3_MAIN,O3,Mortality,Respiratory mortality,VSL,Escenario económico alto,VSL_2015_USD_x_1.20,473,23,12,0.0118622526241063,10446136.8,123914.7136675734,343668784.3270581
O3_MAIN,O3,Mortality,Respiratory mortality,VSL,Escenario económico alto,VSL_2015_USD_x_1.20,474,24,12,0.0119252461003776,10446136.8,124572.75213821096,345493807.9626784
O3_MAIN,O3,Mortality,Respiratory mortality,VSL,Escenario económico alto,VSL_2015_USD_x_1.20,475,25,12,0.0118043776940264,10446136.8,123310.14423066833,341992053.31366247
O3_MAIN,O3,Mortality,Respiratory mortality,VSL,Escenario económico alto,VSL_2015_USD_x_1.20,476,26,12,0.0118954513401026,10446136.8,124261.5119964551,344630605.21632844
O3_MAIN,O3,Mortality,Respiratory mortality,VSL,Escenario económico alto,VSL_2015_USD_x_1.20,477,27,12,0.0119849983641693,10446136.8,125196.93245988875,347224928.3922292
O3_MAIN,O3,Mortality,Respiratory mortality,VSL,Escenario económico alto,VSL_2015_USD_x_1.20,478,28,12,0.0118905667285834,10446136.8,124210.48667631068,344489090.0626803
O3_MAIN,O3,Mortality,Respiratory mortality,VSL,Escenario económico alto,VSL_2015_USD_x_1.20,479,29,12,0.0124400537739597,10446136.8,129950.5035221393,360408624.9834068
O3_MAIN,O3,Mortality,Respiratory mortality,VSL,Escenario económico alto,VSL_2015_USD_x_1.20,480,30,12,0.0125004400443328,10446136.8,130581.30676329849,362158113.6165349
O3_MAIN,O3,Mortality,Respiratory mortality,VSL,Escenario económico alto,VSL_2015_USD_x_1.20,481,31,12,0.0140026732876266,10446136.8,146273.8407282532,405680258.0909593
O3_MAIN,O3,Mortality,Respiratory mortality,VSL,Escenario económico alto,VSL_2015_USD_x_1.20,482,32,12,0.0139074733923603,10446136.8,145279.3695989558,402922162.0268319
O3_MAIN,O3,Mortality,Respiratory mortality,VSL,Escenario económico alto,VSL_2015_USD_x_1.20,483,33,12,0.0128541731731734,10446136.8,134276.45141785944,372406338.6558339
O3_MAIN,O3,Mortality,Respiratory mortality,VSL,Escenario económico alto,VSL_2015_USD_x_1.20,484,34,12,0.0126711895609359,10446136.8,132364.97957226835,367105005.2951162
O3_MAIN,O3,Mortality,Respiratory mortality,VSL,Escenario económico alto,VSL_2015_USD_x_1.20,485,35,12,0.0158868217491864,10446136.8,165955.91330921644,460267108.6491801
O3_MAIN,O3,Mortality,Respiratory mortality,VSL,Escenario económico alto,VSL_2015_USD_x_1.20,486,36,12,0.013537489826455,10446136.8,141414.4706557572,392203135.3507967
O3_MAIN,O3,Mortality,Respiratory mortality,VSL,Escenario económico alto,VSL_2015_USD_x_1.20,487,37,12,0.0095877519791069,10446136.8,100154.96877822143,277772795.05858266
O3_MAIN,O3,Mortality,Respiratory mortality,VSL,Escenario económico alto,VSL_2015_USD_x_1.20,488,38,12,0.0004505027865137,10446136.8,4706.013736703306,13051799.677785048
O3_MAIN,O3,Mortality,Respiratory mortality,VSL,Escenario económico alto,VSL_2015_USD_x_1.20,503,12,13,1.484186720146186e-05,10446136.8,155.04017515390376,429993.0729770913
O3_MAIN,O3,Mortality,Respiratory mortality,VSL,Escenario económico alto,VSL_2015_USD_x_1.20,504,13,13,7.945299393190439e-05,10446136.8,829.9768437822432,2301882.677850987
O3_MAIN,O3,Mortality,Respiratory mortality,VSL,Escenario económico alto,VSL_2015_USD_x_1.20,505,14,13,0.0039615063261881,10446136.8,41382.43701742632,114771292.29724066
O3_MAIN,O3,Mortality,Respiratory mortality,VSL,Escenario económico alto,VSL_2015_USD_x_1.20,506,15,13,0.0095363019506176,10446136.8,99617.51474225831,276282203.91162145
O3_MAIN,O3,Mortality,Respiratory mortality,VSL,Escenario económico alto,VSL_2015_USD_x_1.20,507,16,13,0.0048343328164748,10446136.8,50500.10193762506,140058497.71686748
O3_MAIN,O3,Mortality,Respiratory mortality,VSL,Escenario económico alto,VSL_2015_USD_x_1.20,508,17,13,0.0043199270265515,10446136.8,45126.548685374204,125155323.92047738
O3_MAIN,O3,Mortality,Respiratory mortality,VSL,Escenario económico alto,VSL_2015_USD_x_1.20,509,18,13,5.631397229011311e-05,10446136.8,588.2634582939309,1631507.5231361366
O3_MAIN,O3,Mortality,Respiratory mortality,VSL,Escenario económico alto,VSL_2015_USD_x_1.20,513,22,13,0.0039086157233704,10446136.8,40829.93454495816,113238965.3650233
O3_MAIN,O3,Mortality,Respiratory mortality,VSL,Escenario económico alto,VSL_2015_USD_x_1.20,514,23,13,0.0106846805410314,10446136.8,111613.63459591204,309552602.5973403
O3_MAIN,O3,Mortality,Respiratory mortality,VSL,Escenario económico alto,VSL_2015_USD_x_1.20,515,24,13,0.0117734837053035,10446136.8,122987.42139817125,341097004.12833005
O3_MAIN,O3,Mortality,Respiratory mortality,VSL,Escenario económico alto,VSL_2015_USD_x_1.20,516,25,13,0.0054481548437038,10446136.8,56912.170804912515,157841921.87546852
O3_MAIN,O3,Mortality,Respiratory mortality,VSL,Escenario económico alto,VSL_2015_USD_x_1.20,517,26,13,0.0055225569686606,10446136.8,57689.38558042195,159997472.65030965
O3_MAIN,O3,Mortality,Respiratory mortality,VSL,Escenario económico alto,VSL_2015_USD_x_1.20,518,27,13,0.0098113088417685,10446136.8,102490.27434816331,284249601.58542657
O3_MAIN,O3,Mortality,Respiratory mortality,VSL,Escenario económico alto,VSL_2015_USD_x_1.20,519,28,13,0.0117590026055822,10446136.8,122836.14984946811,340677463.07701033
O3_MAIN,O3,Mortality,Respiratory mortality,VSL,Escenario económico alto,VSL_2015_USD_x_1.20,520,29,13,0.0115860078306196,10446136.8,121029.02276452357,335665522.6058126
O3_MAIN,O3,Mortality,Respiratory mortality,VSL,Escenario económico alto,VSL_2015_USD_x_1.20,521,30,13,0.0116686144617204,10446136.8,121891.94293358967,338058771.29030555
O3_MAIN,O3,Mortality,Respiratory mortality,VSL,Escenario económico alto,VSL_2015_USD_x_1.20,522,31,13,0.0116589362189234,10446136.8,121790.8426853486,337778376.82882637
O3_MAIN,O3,Mortality,Respiratory mortality,VSL,Escenario económico alto,VSL_2015_USD_x_1.20,523,32,13,0.0100266073414355,10446136.8,104739.31192851954,290487149.88191396
O3_MAIN,O3,Mortality,Respiratory mortality,VSL,Escenario económico alto,VSL_2015_USD_x_1.20,524,33,13,0.0100354433993802,10446136.8,104831.61459858262,290743144.876147
O3_MAIN,O3,Mortality,Respiratory mortality,VSL,Escenario económico alto,VSL_2015_USD_x_1.20,525,34,13,0.0088946001527895,10446136.8,92914.20997734003,257691057.37745413
O3_MAIN,O3,Mortality,Respiratory mortality,VSL,Escenario económico alto,VSL_2015_USD_x_1.20,526,35,13,0.0121022550645852,10446136.8,126421.81199314984,350622046.03616154
O3_MAIN,O3,Mortality,Respiratory mortality,VSL,Escenario económico alto,VSL_2015_USD_x_1.20,527,36,13,0.0121471984226981,10446136.8,126891.29646024859,351924128.3417472
O3_MAIN,O3,Mortality,Respiratory mortality,VSL,Escenario económico alto,VSL_2015_USD_x_1.20,528,37,13,0.0124046370158916,10446136.8,129580.53522234743,359382543.801715
O3_MAIN,O3,Mortality,Respiratory mortality,VSL,Escenario económico alto,VSL_2015_USD_x_1.20,529,38,13,0.0110958078245329,10446136.8,115908.32644158107,321463629.80287415
O3_MAIN,O3,Mortality,Respiratory mortality,VSL,Escenario económico alto,VSL_2015_USD_x_1.20,530,39,13,0.0077627447314321,10446136.8,81090.69340801898,224899361.8186021
O3_MAIN,O3,Mortality,Respiratory mortality,VSL,Escenario económico alto,VSL_2015_USD_x_1.20,531,40,13,0.0012281664920832,10446136.8,12829.595189477226,35581984.18635182
O3_MAIN,O3,Mortality,Respiratory mortality,VSL,Escenario económico alto,VSL_2015_USD_x_1.20,546,14,14,4.581487800272464e-06,10446136.8,47.85884830917724,132733.16566612144
O3_MAIN,O3,Mortality,Respiratory mortality,VSL,Escenario económico alto,VSL_2015_USD_x_1.20,547,15,14,0.0006977895654063,10446136.8,7289.205257846758,20216100.538269933
O3_MAIN,O3,Mortality,Respiratory mortality,VSL,Escenario económico alto,VSL_2015_USD_x_1.20,555,23,14,0.0001139758822119,10446136.8,1190.607657486194,3302066.995501935
O3_MAIN,O3,Mortality,Respiratory mortality,VSL,Escenario económico alto,VSL_2015_USD_x_1.20,556,24,14,0.000871370616751,10446136.8,9102.456666081318,25245026.391409907
O3_MAIN,O3,Mortality,Respiratory mortality,VSL,Escenario económico alto,VSL_2015_USD_x_1.20,559,27,14,0.0020130639408762,10446136.8,21028.7413135399,58321742.02121096
O3_MAIN,O3,Mortality,Respiratory mortality,VSL,Escenario económico alto,VSL_2015_USD_x_1.20,560,28,14,0.0108144257209453,10446136.8,112968.97049443325,313311531.838376
O3_MAIN,O3,Mortality,Respiratory mortality,VSL,Escenario económico alto,VSL_2015_USD_x_1.20,561,29,14,0.0120466071951028,10446136.8,125840.50673590814,349009836.5965697
O3_MAIN,O3,Mortality,Respiratory mortality,VSL,Escenario económico alto,VSL_2015_USD_x_1.20,562,30,14,0.0115841964439969,10446136.8,121010.10077206517,335613043.7842687
O3_MAIN,O3,Mortality,Respiratory mortality,VSL,Escenario económico alto,VSL_2015_USD_x_1.20,563,31,14,0.0125043303604585,10446136.8,130621.94553774282,362270822.4127421
O3_MAIN,O3,Mortality,Respiratory mortality,VSL,Escenario económico alto,VSL_2015_USD_x_1.20,564,32,14,0.0111186907779494,10446136.8,116147.36490335787,322126586.2439198
O3_MAIN,O3,Mortality,Respiratory mortality,VSL,Escenario económico alto,VSL_2015_USD_x_1.20,565,33,14,0.0109439742995023,10446136.8,114322.2526682852,317064765.2178022
O3_MAIN,O3,Mortality,Respiratory mortality,VSL,Escenario económico alto,VSL_2015_USD_x_1.20,566,34,14,0.0134055211399822,10446136.8,140035.90770354602,388379787.5022456
O3_MAIN,O3,Mortality,Respiratory mortality,VSL,Escenario económico alto,VSL_2015_USD_x_1.20,567,35,14,0.014006310741055,10446136.8,146311.83806436992,405785641.04286546
O3_MAIN,O3,Mortality,Respiratory mortality,VSL,Escenario económico alto,VSL_2015_USD_x_1.20,568,36,14,0.0135142919342341,10446136.8,141172.14230014602,391531054.61949396
O3_MAIN,O3,Mortality,Respiratory mortality,VSL,Escenario económico alto,VSL_2015_USD_x_1.20,569,37,14,0.0109610096832003,10446136.8,114500.206616835,317558308.03732866
O3_MAIN,O3,Mortality,Respiratory mortality,VSL,Escenario económico alto,VSL_2015_USD_x_1.20,570,38,14,0.0125093628570352,10446136.8,130674.51568542855,362416622.0374381
O3_MAIN,O3,Mortality,Respiratory mortality,VSL,Escenario económico alto,VSL_2015_USD_x_1.20,571,39,14,0.0116805184622772,10446136.8,122016.29375187328,338403649.5802579
O3_MAIN,O3,Mortality,Respiratory mortality,VSL,Escenario económico alto,VSL_2015_USD_x_1.20,572,40,14,0.0071127489627766,10446136.8,74300.74868922248,206067925.4371503
O3_MAIN,O3,Mortality,Respiratory mortality,VSL,Escenario económico alto,VSL_2015_USD_x_1.20,573,41,14,0.0035944979256903,10446136.8,37548.61705907711,104138461.01015621
O3_MAIN,O3,Mortality,Respiratory mortality,VSL,Escenario económico alto,VSL_2015_USD_x_1.20,601,28,15,0.000521826588005,10446136.8,5451.07192417747,15118166.406671518
O3_MAIN,O3,Mortality,Respiratory mortality,VSL,Escenario económico alto,VSL_2015_USD_x_1.20,602,29,15,0.0073085557397143,10446136.8,76346.17306748078,211740766.7705432
O3_MAIN,O3,Mortality,Respiratory mortality,VSL,Escenario económico alto,VSL_2015_USD_x_1.20,603,30,15,0.0121945100487729,10446136.8,127385.52017845638,353294823.22853625
O3_MAIN,O3,Mortality,Respiratory mortality,VSL,Escenario económico alto,VSL_2015_USD_x_1.20,604,31,15,0.0118564478994893,10446136.8,123854.07672013789,343500611.997932
O3_MAIN,O3,Mortality,Respiratory mortality,VSL,Escenario económico alto,VSL_2015_USD_x_1.20,605,32,15,0.011865487676887,10446136.8,123948.50747147581,343762509.07661515
O3_MAIN,O3,Mortality,Respiratory mortality,VSL,Escenario económico alto,VSL_2015_USD_x_1.20,606,33,15,0.013877030208114,10446136.8,144961.35593169133,402040173.38163066
O3_MAIN,O3,Mortality,Respiratory mortality,VSL,Escenario económico alto,VSL_2015_USD_x_1.20,607,34,15,0.0130963917143236,10446136.8,136806.69943421084,379423804.41182333
O3_MAIN,O3,Mortality,Respiratory mortality,VSL,Escenario económico alto,VSL_2015_USD_x_1.20,608,35,15,0.0128367000194392,10446136.8,134093.92446362454,371900112.9251502
O3_MAIN,O3,Mortality,Respiratory mortality,VSL,Escenario económico alto,VSL_2015_USD_x_1.20,609,36,15,0.0124356891998995,10446136.8,129904.91058443273,360282176.1621832
O3_MAIN,O3,Mortality,Respiratory mortality,VSL,Escenario económico alto,VSL_2015_USD_x_1.20,610,37,15,0.011407048746607,10446136.8,119159.59169132526,330480786.3844722
O3_MAIN,O3,Mortality,Respiratory mortality,VSL,Escenario económico alto,VSL_2015_USD_x_1.20,611,38,15,0.0081069634229607,10446136.8,84686.44894884374,234871938.10819167
O3_MAIN,O3,Mortality,Respiratory mortality,VSL,Escenario económico alto,VSL_2015_USD_x_1.20,612,39,15,0.0119446892885931,10446136.8,124775.85834213822,346057108.8018364
O3_MAIN,O3,Mortality,Respiratory mortality,VSL,Escenario económico alto,VSL_2015_USD_x_1.20,613,40,15,0.0122958017092312,10446136.8,128443.62672030294,356229407.65488976
O3_MAIN,O3,Mortality,Respiratory mortality,VSL,Escenario económico alto,VSL_2015_USD_x_1.20,614,41,15,0.0064023130210337,10446136.8,66879.43765413931,185485438.7731196
O3_MAIN,O3,Mortality,Respiratory mortality,VSL,Escenario económico alto,VSL_2015_USD_x_1.20,643,29,16,0.0003326035321169,10446136.8,3474.4219966563314,9636066.198186569
O3_MAIN,O3,Mortality,Respiratory mortality,VSL,Escenario económico alto,VSL_2015_USD_x_1.20,644,30,16,0.0037419555481012,10446136.8,39088.97955498412,108410548.5671796
O3_MAIN,O3,Mortality,Respiratory mortality,VSL,Escenario económico alto,VSL_2015_USD_x_1.20,645,31,16,0.0093625006335384,10446136.8,97801.9624080288,271246896.6012993
O3_MAIN,O3,Mortality,Respiratory mortality,VSL,Escenario económico alto,VSL_2015_USD_x_1.20,646,32,16,0.0115367587949732,10446136.8,120514.56060089321,334238697.80733526
O3_MAIN,O3,Mortality,Respiratory mortality,VSL,Escenario económico alto,VSL_2015_USD_x_1.20,647,33,16,0.0119226621794816,10446136.8,124545.76014705095,345418947.5646355
O3_MAIN,O3,Mortality,Respiratory mortality,VSL,Escenario económico alto,VSL_2015_USD_x_1.20,648,34,16,0.0100569704692386,10446136.8,105056.48931522662,291366819.16152894
O3_MAIN,O3,Mortality,Respiratory mortality,VSL,Escenario económico alto,VSL_2015_USD_x_1.20,649,35,16,0.011011953198671,10446136.8,115032.36954851485,319034224.6769375
O3_MAIN,O3,Mortality,Respiratory mortality,VSL,Escenario económico alto,VSL_2015_USD_x_1.20,650,36,16,0.0123528476537919,10446136.8,129039.53646106923,357882121.6072232
O3_MAIN,O3,Mortality,Respiratory mortality,VSL,Escenario económico alto,VSL_2015_USD_x_1.20,651,37,16,0.018249310234906,10446136.8,190634.7912194682,528712249.01180965
O3_MAIN,O3,Mortality,Respiratory mortality,VSL,Escenario económico alto,VSL_2015_USD_x_1.20,652,38,16,0.0117236642977399,10446136.8,122467.00105146694,339653654.72616994
O3_MAIN,O3,Mortality,Respiratory mortality,VSL,Escenario económico alto,VSL_2015_USD_x_1.20,653,39,16,0.0120254521982415,10446136.8,125619.51874469144,348396941.87208956
O3_MAIN,O3,Mortality,Respiratory mortality,VSL,Escenario económico alto,VSL_2015_USD_x_1.20,654,40,16,0.0122338531842241,10446136.8,127796.50395352057,354434657.9598125
O3_MAIN,O3,Mortality,Respiratory mortality,VSL,Escenario económico alto,VSL_2015_USD_x_1.20,655,41,16,0.0038521956515029,10446136.8,40240.56275596442,111604383.96427439
O3_MAIN,O3,Mortality,Respiratory mortality,VSL,Escenario económico alto,VSL_2015_USD_x_1.20,686,31,17,0.0023704111681501,10446136.8,24761.639334743748,68674673.38015835
O3_MAIN,O3,Mortality,Respiratory mortality,VSL,Escenario económico alto,VSL_2015_USD_x_1.20,687,32,17,0.0069644426676324,10446136.8,72751.52084184499,201771250.44839814
O3_MAIN,O3,Mortality,Respiratory mortality,VSL,Escenario económico alto,VSL_2015_USD_x_1.20,688,33,17,0.0106889144204623,10446136.8,111657.86227964191,309675264.98222727
O3_MAIN,O3,Mortality,Respiratory mortality,VSL,Escenario económico alto,VSL_2015_USD_x_1.20,689,34,17,0.0021132156605216,10446136.8,22074.939877710993,61223300.50504
O3_MAIN,O3,Mortality,Respiratory mortality,VSL,Escenario económico alto,VSL_2015_USD_x_1.20,690,35,17,0.003654066840352,10446136.8,38170.88209066075,105864269.51670124
O3_MAIN,O3,Mortality,Respiratory mortality,VSL,Escenario económico alto,VSL_2015_USD_x_1.20,691,36,17,0.0026538912767134,10446136.8,27722.91132887483,76887553.96684131
O3_MAIN,O3,Mortality,Respiratory mortality,VSL,Escenario económico alto,VSL_2015_USD_x_1.20,692,37,17,0.0040173303186506,10446136.8,41965.58207941176,116388604.30650295
O3_MAIN,O3,Mortality,Respiratory mortality,VSL,Escenario económico alto,VSL_2015_USD_x_1.20,693,38,17,0.003666610065108,10446136.8,38301.910332375075,106227667.173119
O3_MAIN,O3,Mortality,Respiratory mortality,VSL,Escenario económico alto,VSL_2015_USD_x_1.20,694,39,17,0.0004706301218775,10446136.8,4916.266635333038,13634921.374431707
O3_MAIN,O3,Mortality,Respiratory mortality,VSL,Escenario económico alto,VSL_2015_USD_x_1.20,695,40,17,0.0048216241433661,10446136.8,50367.3453997851,139690306.75212598
O3_MAIN,O3,Mortality,Respiratory mortality,VSL,Escenario económico alto,VSL_2015_USD_x_1.20,696,41,17,0.0011472583311044,10446136.8,11984.417471656257,33237942.94841561
O3_MAIN,O3,Mortality,Respiratory mortality,VSL,Escenario económico alto,VSL_2015_USD_x_1.20,729,33,18,6.10232102103544e-05,10446136.8,637.4568018325189,1767941.8179063627
O3_MAIN,O3,Mortality,Respiratory mortality,VSL,Escenario económico alto,VSL_2015_USD_x_1.20,730,34,18,0.0002195454924777,10446136.8,2293.402248245425,6360590.597351309
O3_MAIN,O3,Mortality,Respiratory mortality,VSL,Escenario económico bajo,VSL_2015_USD_x_0.80,0,1,1,0.0089191038563491,6964091.2,62113.45267788684,172267313.0604317
O3_MAIN,O3,Mortality,Respiratory mortality,VSL,Escenario económico bajo,VSL_2015_USD_x_0.80,1,2,1,0.004769596563942,6964091.2,33215.90545849872,92121988.6757641
O3_MAIN,O3,Mortality,Respiratory mortality,VSL,Escenario económico bajo,VSL_2015_USD_x_0.80,2,3,1,9.43173625351278e-05,6964091.2,656.8347144380932,1821685.1020640407
O3_MAIN,O3,Mortality,Respiratory mortality,VSL,Escenario económico bajo,VSL_2015_USD_x_0.80,41,1,2,0.0071511244586447,6964091.2,49801.08291255232,138119817.38215998
O3_MAIN,O3,Mortality,Respiratory mortality,VSL,Escenario económico bajo,VSL_2015_USD_x_0.80,42,2,2,0.0121393777917738,6964091.2,84539.73405316735,234465034.61507592
O3_MAIN,O3,Mortality,Respiratory mortality,VSL,Escenario económico bajo,VSL_2015_USD_x_0.80,43,3,2,0.0089086783466926,6964091.2,62040.848477832486,172065950.39387494
O3_MAIN,O3,Mortality,Respiratory mortality,VSL,Escenario económico bajo,VSL_2015_USD_x_0.80,44,4,2,0.0012199375458123,6964091.2,8495.756327341036,23562385.47093745
O3_MAIN,O3,Mortality,Respiratory mortality,VSL,Escenario económico bajo,VSL_2015_USD_x_0.80,82,1,3,0.0008533384916349,6964091.2,5942.727080215881,16481737.56608313
O3_MAIN,O3,Mortality,Respiratory mortality,VSL,Escenario económico bajo,VSL_2015_USD_x_0.80,83,2,3,0.0052083899156513,6964091.2,36271.702377755966,100597027.52553973
O3_MAIN,O3,Mortality,Respiratory mortality,VSL,Escenario económico bajo,VSL_2015_USD_x_0.80,84,3,3,0.0117595253917004,6964091.2,81894.40729651731,227128406.02838
O3_MAIN,O3,Mortality,Respiratory mortality,VSL,Escenario económico bajo,VSL_2015_USD_x_0.80,85,4,3,0.0113370244129434,6964091.2,78952.07194836429,218968044.90375197
O3_MAIN,O3,Mortality,Respiratory mortality,VSL,Escenario económico bajo,VSL_2015_USD_x_0.80,86,5,3,0.0091432665827077,6964091.2,63674.54234788877,176596885.98390514
O3_MAIN,O3,Mortality,Respiratory mortality,VSL,Escenario económico bajo,VSL_2015_USD_x_0.80,87,6,3,0.0029767055615622,6964091.2,20730.049006266378,57493339.81544936
O3_MAIN,O3,Mortality,Respiratory mortality,VSL,Escenario económico bajo,VSL_2015_USD_x_0.80,91,10,3,0.0006885483646307,6964091.2,4795.113606899049,13298911.93078203
O3_MAIN,O3,Mortality,Respiratory mortality,VSL,Escenario económico bajo,VSL_2015_USD_x_0.80,125,3,4,0.0048564817797882,6964091.2,33820.98202558335,93800126.17921361
O3_MAIN,O3,Mortality,Respiratory mortality,VSL,Escenario económico bajo,VSL_2015_USD_x_0.80,126,4,4,0.0124556624451341,6964091.2,86742.36922432888,240573889.07783043
O3_MAIN,O3,Mortality,Respiratory mortality,VSL,Escenario económico bajo,VSL_2015_USD_x_0.80,127,5,4,0.0122754595851989,6964091.2,85487.42007323932,237093375.45372412
O3_MAIN,O3,Mortality,Respiratory mortality,VSL,Escenario económico bajo,VSL_2015_USD_x_0.80,128,6,4,0.0118467970390724,6964091.2,82502.17500799017,228814007.23241016
O3_MAIN,O3,Mortality,Respiratory mortality,VSL,Escenario económico bajo,VSL_2015_USD_x_0.80,129,7,4,0.0093104957235778,6964091.2,64839.141336205794,179826819.75607324
O3_MAIN,O3,Mortality,Respiratory mortality,VSL,Escenario económico bajo,VSL_2015_USD_x_0.80,130,8,4,0.0066411280244289,6964091.2,46249.42123299869,128269532.33023556
O3_MAIN,O3,Mortality,Respiratory mortality,VSL,Escenario económico bajo,VSL_2015_USD_x_0.80,131,9,4,0.0068703628491034,6964091.2,47845.833458247915,132697069.8881085
O3_MAIN,O3,Mortality,Respiratory mortality,VSL,Escenario económico bajo,VSL_2015_USD_x_0.80,132,10,4,0.0113521505236247,6964091.2,79057.41156265016,219260196.95020083
O3_MAIN,O3,Mortality,Respiratory mortality,VSL,Escenario económico bajo,VSL_2015_USD_x_0.80,133,11,4,0.0095279160736755,6964091.2,66353.27648302211,184026167.59630802
O3_MAIN,O3,Mortality,Respiratory mortality,VSL,Escenario económico bajo,VSL_2015_USD_x_0.80,134,12,4,0.0088593895793053,6964091.2,61697.597006611744,171113966.4660472
O3_MAIN,O3,Mortality,Respiratory mortality,VSL,Escenario económico bajo,VSL_2015_USD_x_0.80,135,13,4,0.0037186725673571,6964091.2,25897.174902012986,71824001.78848988
O3_MAIN,O3,Mortality,Respiratory mortality,VSL,Escenario económico bajo,VSL_2015_USD_x_0.80,136,14,4,0.0008196989031411,6964091.2,5708.4579180145865,15832008.443559194
O3_MAIN,O3,Mortality,Respiratory mortality,VSL,Escenario económico bajo,VSL_2015_USD_x_0.80,166,3,5,7.633849735968351e-06,6964091.2,53.16282576837952,147443.3758707968
O3_MAIN,O3,Mortality,Respiratory mortality,VSL,Escenario económico bajo,VSL_2015_USD_x_0.80,167,4,5,0.0080454807514978,6964091.2,56029.46170127522,155393789.96616772
O3_MAIN,O3,Mortality,Respiratory mortality,VSL,Escenario económico bajo,VSL_2015_USD_x_0.80,168,5,5,0.0119721504936605,6964091.2,83375.14789797676,231235136.43468565
O3_MAIN,O3,Mortality,Respiratory mortality,VSL,Escenario económico bajo,VSL_2015_USD_x_0.80,169,6,5,0.0120092223033554,6964091.2,83633.31936164107,231951156.9171562
O3_MAIN,O3,Mortality,Respiratory mortality,VSL,Escenario económico bajo,VSL_2015_USD_x_0.80,170,7,5,0.0121129924723329,6964091.2,84355.98428223979,233955417.4878923
O3_MAIN,O3,Mortality,Respiratory mortality,VSL,Escenario económico bajo,VSL_2015_USD_x_0.80,171,8,5,0.0119865264651151,6964091.2,83475.26347427518,231512799.977459
O3_MAIN,O3,Mortality,Respiratory mortality,VSL,Escenario económico bajo,VSL_2015_USD_x_0.80,172,9,5,0.0121908545572372,6964091.2,84898.22294253549,235459278.4555162
O3_MAIN,O3,Mortality,Respiratory mortality,VSL,Escenario económico bajo,VSL_2015_USD_x_0.80,173,10,5,0.0122708099463405,6964091.2,85455.03956418234,237003570.3784902
O3_MAIN,O3,Mortality,Respiratory mortality,VSL,Escenario económico bajo,VSL_2015_USD_x_0.80,174,11,5,0.0119012163998919,6964091.2,82881.15639978286,229865085.59384978
O3_MAIN,O3,Mortality,Respiratory mortality,VSL,Escenario económico bajo,VSL_2015_USD_x_0.80,175,12,5,0.0117765886567151,6964091.2,82013.23743024946,227457973.08617675
O3_MAIN,O3,Mortality,Respiratory mortality,VSL,Escenario económico bajo,VSL_2015_USD_x_0.80,176,13,5,0.0120262751163296,6964091.2,83752.07670640995,232280522.09985852
O3_MAIN,O3,Mortality,Respiratory mortality,VSL,Escenario económico bajo,VSL_2015_USD_x_0.80,177,14,5,0.0111481676854765,6964091.2,77636.85647455127,215320386.85221472
O3_MAIN,O3,Mortality,Respiratory mortality,VSL,Escenario económico bajo,VSL_2015_USD_x_0.80,178,15,5,0.0044226707198861,6964091.2,30799.882240856452,85421317.4032585
O3_MAIN,O3,Mortality,Respiratory mortality,VSL,Escenario económico bajo,VSL_2015_USD_x_0.80,208,4,6,0.0063224367677219,6964091.2,44030.026256648525,122114195.72097671
O3_MAIN,O3,Mortality,Respiratory mortality,VSL,Escenario económico bajo,VSL_2015_USD_x_0.80,209,5,6,0.0029895880177684,6964091.2,20819.763606166358,57742156.97824996
O3_MAIN,O3,Mortality,Respiratory mortality,VSL,Escenario económico bajo,VSL_2015_USD_x_0.80,210,6,6,0.0037380123359835,6964091.2,26031.858814514137,72197538.19193794
O3_MAIN,O3,Mortality,Respiratory mortality,VSL,Escenario económico bajo,VSL_2015_USD_x_0.80,211,7,6,0.0120477190984195,6964091.2,83901.41455337517,232694700.1647673
O3_MAIN,O3,Mortality,Respiratory mortality,VSL,Escenario económico bajo,VSL_2015_USD_x_0.80,212,8,6,0.0120443371895223,6964091.2,83877.86263138498,232629380.55776203
O3_MAIN,O3,Mortality,Respiratory mortality,VSL,Escenario económico bajo,VSL_2015_USD_x_0.80,213,9,6,0.012273286214961,6964091.2,85472.2845246912,237051398.0693143
O3_MAIN,O3,Mortality,Respiratory mortality,VSL,Escenario económico bajo,VSL_2015_USD_x_0.80,214,10,6,0.0120805994233946,6964091.2,84130.3961351874,233329764.5532128
O3_MAIN,O3,Mortality,Respiratory mortality,VSL,Escenario económico bajo,VSL_2015_USD_x_0.80,215,11,6,0.0122496911255728,6964091.2,85307.96617031963,236595672.61574957
O3_MAIN,O3,Mortality,Respiratory mortality,VSL,Escenario económico bajo,VSL_2015_USD_x_0.80,216,12,6,0.0119432818529588,6964091.2,83174.10405131007,230677555.39902487
O3_MAIN,O3,Mortality,Respiratory mortality,VSL,Escenario económico bajo,VSL_2015_USD_x_0.80,217,13,6,0.0121529091090128,6964091.2,84633.9673804759,234726384.15203324
O3_MAIN,O3,Mortality,Respiratory mortality,VSL,Escenario económico bajo,VSL_2015_USD_x_0.80,218,14,6,0.0101584240545097,6964091.2,70744.19156387933,196204063.20900983
O3_MAIN,O3,Mortality,Respiratory mortality,VSL,Escenario económico bajo,VSL_2015_USD_x_0.80,219,15,6,0.0006804400029947,6964091.2,4738.646236983364,13142303.633036772
O3_MAIN,O3,Mortality,Respiratory mortality,VSL,Escenario económico bajo,VSL_2015_USD_x_0.80,251,6,7,1.0737011954998736e-05,6964091.2,74.77353047010149,207379.15261169357
O3_MAIN,O3,Mortality,Respiratory mortality,VSL,Escenario económico bajo,VSL_2015_USD_x_0.80,252,7,7,0.0038669482937384,6964091.2,26929.780583278607,74687861.36308238
O3_MAIN,O3,Mortality,Respiratory mortality,VSL,Escenario económico bajo,VSL_2015_USD_x_0.80,253,8,7,0.0107015221945608,6964091.2,74526.37654174556,206693688.49217337
O3_MAIN,O3,Mortality,Respiratory mortality,VSL,Escenario económico bajo,VSL_2015_USD_x_0.80,254,9,7,0.0123155521029573,6964091.2,85766.62802334642,237867739.15878963
O3_MAIN,O3,Mortality,Respiratory mortality,VSL,Escenario económico bajo,VSL_2015_USD_x_0.80,255,10,7,0.01219669806327,6964091.2,84938.91765147564,235572142.38213208
O3_MAIN,O3,Mortality,Respiratory mortality,VSL,Escenario económico bajo,VSL_2015_USD_x_0.80,256,11,7,0.0120914555934695,6964091.2,84205.99949367173,233539445.17573395
O3_MAIN,O3,Mortality,Respiratory mortality,VSL,Escenario económico bajo,VSL_2015_USD_x_0.80,257,12,7,0.0124984386188523,6964091.2,87040.26639928945,241400086.03978133
O3_MAIN,O3,Mortality,Respiratory mortality,VSL,Escenario económico bajo,VSL_2015_USD_x_0.80,258,13,7,0.0126229115015051,6964091.2,87907.10690601046,243804207.5063366
O3_MAIN,O3,Mortality,Respiratory mortality,VSL,Escenario económico bajo,VSL_2015_USD_x_0.80,259,14,7,0.0063093211026315,6964091.2,43938.68756881033,121860874.26396564
O3_MAIN,O3,Mortality,Respiratory mortality,VSL,Escenario económico bajo,VSL_2015_USD_x_0.80,294,8,8,0.0014088500955474,6964091.2,9811.360552520808,27211121.697177783
O3_MAIN,O3,Mortality,Respiratory mortality,VSL,Escenario económico bajo,VSL_2015_USD_x_0.80,295,9,8,0.0075666362802017,6964091.2,52694.7451325534,146145186.99297756
O3_MAIN,O3,Mortality,Respiratory mortality,VSL,Escenario económico bajo,VSL_2015_USD_x_0.80,296,10,8,0.0115896652567094,6964091.2,80711.48582519568,223847656.13217244
O3_MAIN,O3,Mortality,Respiratory mortality,VSL,Escenario económico bajo,VSL_2015_USD_x_0.80,297,11,8,0.0114889358144993,6964091.2,80009.99680311941,221902125.43367547
O3_MAIN,O3,Mortality,Respiratory mortality,VSL,Escenario económico bajo,VSL_2015_USD_x_0.80,298,12,8,0.0118876458924524,6964091.2,82786.6501483439,229602979.12092143
O3_MAIN,O3,Mortality,Respiratory mortality,VSL,Escenario económico bajo,VSL_2015_USD_x_0.80,299,13,8,0.0119104492673755,6964091.2,82945.45493097616,230043413.0692172
O3_MAIN,O3,Mortality,Respiratory mortality,VSL,Escenario económico bajo,VSL_2015_USD_x_0.80,300,14,8,0.00849354224072,6964091.2,59149.80277542643,164047837.51145092
O3_MAIN,O3,Mortality,Respiratory mortality,VSL,Escenario económico bajo,VSL_2015_USD_x_0.80,301,15,8,0.0048685850864016,6964091.2,33905.270556660624,94033894.51995927
O3_MAIN,O3,Mortality,Respiratory mortality,VSL,Escenario económico bajo,VSL_2015_USD_x_0.80,302,16,8,0.0045062340774766,6964091.2,31381.82508409491,87035295.14298135
O3_MAIN,O3,Mortality,Respiratory mortality,VSL,Escenario económico bajo,VSL_2015_USD_x_0.80,303,17,8,0.0033909998188585,6964091.2,23615.231997714076,65495192.87942015
O3_MAIN,O3,Mortality,Respiratory mortality,VSL,Escenario económico bajo,VSL_2015_USD_x_0.80,304,18,8,0.0011111608666616,6964091.2,7738.225613302422,21461427.062701333
O3_MAIN,O3,Mortality,Respiratory mortality,VSL,Escenario económico bajo,VSL_2015_USD_x_0.80,337,10,9,0.0016606608586916,6964091.2,11564.993672198616,32074700.400285807
O3_MAIN,O3,Mortality,Respiratory mortality,VSL,Escenario económico bajo,VSL_2015_USD_x_0.80,338,11,9,0.0102444928788447,6964091.2,71343.58270602504,197866432.58437103
O3_MAIN,O3,Mortality,Respiratory mortality,VSL,Escenario económico bajo,VSL_2015_USD_x_0.80,339,12,9,0.0119998799018322,6964091.2,83568.2580254065,231770713.85540313
O3_MAIN,O3,Mortality,Respiratory mortality,VSL,Escenario económico bajo,VSL_2015_USD_x_0.80,340,13,9,0.0122529488866494,6964091.2,85330.65351556489,236658594.37967312
O3_MAIN,O3,Mortality,Respiratory mortality,VSL,Escenario económico bajo,VSL_2015_USD_x_0.80,341,14,9,0.0119888720998483,6964091.2,83491.59868847906,231558104.55058846
O3_MAIN,O3,Mortality,Respiratory mortality,VSL,Escenario económico bajo,VSL_2015_USD_x_0.80,342,15,9,0.0123701203367608,6964091.2,86146.64618017692,238921692.91548806
O3_MAIN,O3,Mortality,Respiratory mortality,VSL,Escenario económico bajo,VSL_2015_USD_x_0.80,343,16,9,0.0120033508828539,6964091.2,83592.43025379509,231837753.8387829
O3_MAIN,O3,Mortality,Respiratory mortality,VSL,Escenario económico bajo,VSL_2015_USD_x_0.80,344,17,9,0.0123043593361192,6964091.2,85688.68057430556,237651557.36519626
O3_MAIN,O3,Mortality,Respiratory mortality,VSL,Escenario económico bajo,VSL_2015_USD_x_0.80,345,18,9,0.0119587962152504,6964091.2,83282.14748521862,230977206.29992986
O3_MAIN,O3,Mortality,Respiratory mortality,VSL,Escenario económico bajo,VSL_2015_USD_x_0.80,346,19,9,0.0045529999997172,6964091.2,31707.507231630556,87938551.78142112
O3_MAIN,O3,Mortality,Respiratory mortality,VSL,Escenario económico bajo,VSL_2015_USD_x_0.80,347,20,9,0.0002899786866423,6964091.2,2019.4380198331992,5600769.987345989
O3_MAIN,O3,Mortality,Respiratory mortality,VSL,Escenario económico bajo,VSL_2015_USD_x_0.80,348,21,9,0.0044447322560968,6964091.2,30953.52079103987,85847423.1674937
O3_MAIN,O3,Mortality,Respiratory mortality,VSL,Escenario económico bajo,VSL_2015_USD_x_0.80,349,22,9,0.0042145192071004,6964091.2,29350.296122398875,81400991.7747447
O3_MAIN,O3,Mortality,Respiratory mortality,VSL,Escenario económico bajo,VSL_2015_USD_x_0.80,350,23,9,0.0056551184541848,6964091.2,39382.76066174597,109225329.9021061
O3_MAIN,O3,Mortality,Respiratory mortality,VSL,Escenario económico bajo,VSL_2015_USD_x_0.80,351,24,9,0.0044736576097467,6964091.2,31154.959591850027,86406099.58082461
O3_MAIN,O3,Mortality,Respiratory mortality,VSL,Escenario económico bajo,VSL_2015_USD_x_0.80,352,25,9,0.0016179569070853,6964091.2,11267.599458611956,31249898.366498154
O3_MAIN,O3,Mortality,Respiratory mortality,VSL,Escenario económico bajo,VSL_2015_USD_x_0.80,353,26,9,4.052053047891597e-06,6964091.2,28.218866972755052,78263.05222824804
O3_MAIN,O3,Mortality,Respiratory mortality,VSL,Escenario económico bajo,VSL_2015_USD_x_0.80,360,33,9,0.0035599060945202,6964091.2,24791.510705674493,68757519.53643881
O3_MAIN,O3,Mortality,Respiratory mortality,VSL,Escenario económico bajo,VSL_2015_USD_x_0.80,361,34,9,0.0028712113703072,6964091.2,19995.377837296313,55455780.75529271
O3_MAIN,O3,Mortality,Respiratory mortality,VSL,Escenario económico bajo,VSL_2015_USD_x_0.80,379,11,10,0.0076185066178537,6964091.2,53055.97489453672,147147032.45175496
O3_MAIN,O3,Mortality,Respiratory mortality,VSL,Escenario económico bajo,VSL_2015_USD_x_0.80,380,12,10,0.0119717330309741,6964091.2,83372.24064975606,231227073.38525292
O3_MAIN,O3,Mortality,Respiratory mortality,VSL,Escenario económico bajo,VSL_2015_USD_x_0.80,381,13,10,0.0119355682612177,6964091.2,83120.38589494549,230528571.85261866
O3_MAIN,O3,Mortality,Respiratory mortality,VSL,Escenario económico bajo,VSL_2015_USD_x_0.80,382,14,10,0.0119917068010366,6964091.2,83511.33980607914,231612855.15837404
O3_MAIN,O3,Mortality,Respiratory mortality,VSL,Escenario económico bajo,VSL_2015_USD_x_0.80,383,15,10,0.0119276910676888,6964091.2,83065.52840081017,230376428.43265894
O3_MAIN,O3,Mortality,Respiratory mortality,VSL,Escenario económico bajo,VSL_2015_USD_x_0.80,384,16,10,0.0122030065241568,6964091.2,84982.85034842296,235693986.64182666
O3_MAIN,O3,Mortality,Respiratory mortality,VSL,Escenario económico bajo,VSL_2015_USD_x_0.80,385,17,10,0.0121722136983552,6964091.2,84768.4063012349,235099241.0880339
O3_MAIN,O3,Mortality,Respiratory mortality,VSL,Escenario económico bajo,VSL_2015_USD_x_0.80,386,18,10,0.0119525754087126,6964091.2,83238.82522115183,230857055.03309909
O3_MAIN,O3,Mortality,Respiratory mortality,VSL,Escenario económico bajo,VSL_2015_USD_x_0.80,387,19,10,0.0121364634387773,6964091.2,84519.43823311073,234408745.5788563
O3_MAIN,O3,Mortality,Respiratory mortality,VSL,Escenario económico bajo,VSL_2015_USD_x_0.80,388,20,10,0.0117724779664811,6964091.2,81984.61020856492,227378577.49074018
O3_MAIN,O3,Mortality,Respiratory mortality,VSL,Escenario económico bajo,VSL_2015_USD_x_0.80,389,21,10,0.0121174563202787,6964091.2,84387.07092643727,234041634.1195089
O3_MAIN,O3,Mortality,Respiratory mortality,VSL,Escenario económico bajo,VSL_2015_USD_x_0.80,390,22,10,0.0118554824114721,6964091.2,82562.66073348763,228981760.15807658
O3_MAIN,O3,Mortality,Respiratory mortality,VSL,Escenario económico bajo,VSL_2015_USD_x_0.80,391,23,10,0.0121526087585457,6964091.2,84631.87571243104,234720583.0571276
O3_MAIN,O3,Mortality,Respiratory mortality,VSL,Escenario económico bajo,VSL_2015_USD_x_0.80,392,24,10,0.012376786322687,6964091.2,86193.0687141049,239050442.56375992
O3_MAIN,O3,Mortality,Respiratory mortality,VSL,Escenario económico bajo,VSL_2015_USD_x_0.80,393,25,10,0.0121109305229087,6964091.2,84341.62467839988,233915592.13181457
O3_MAIN,O3,Mortality,Respiratory mortality,VSL,Escenario económico bajo,VSL_2015_USD_x_0.80,394,26,10,0.0090097210738351,6964091.2,62744.51924474957,174017532.0089658
O3_MAIN,O3,Mortality,Respiratory mortality,VSL,Escenario económico bajo,VSL_2015_USD_x_0.80,395,27,10,0.0040483498097303,6964091.2,28193.077284464456,78191526.33305225
O3_MAIN,O3,Mortality,Respiratory mortality,VSL,Escenario económico bajo,VSL_2015_USD_x_0.80,396,28,10,0.0009630219004651,6964091.2,6706.5723424362795,18600208.93168305
O3_MAIN,O3,Mortality,Respiratory mortality,VSL,Escenario económico bajo,VSL_2015_USD_x_0.80,397,29,10,0.000343752553245,6964091.2,2393.9241310310363,6639381.002725407
O3_MAIN,O3,Mortality,Respiratory mortality,VSL,Escenario económico bajo,VSL_2015_USD_x_0.80,398,30,10,0.0013934650126429,6964091.2,9704.217432054309,26913967.752582382
O3_MAIN,O3,Mortality,Respiratory mortality,VSL,Escenario económico bajo,VSL_2015_USD_x_0.80,400,32,10,0.0009221972225818,6964091.2,6422.265562446355,17811703.978855595
O3_MAIN,O3,Mortality,Respiratory mortality,VSL,Escenario económico bajo,VSL_2015_USD_x_0.80,401,33,10,0.0115346459498984,6964091.2,80328.32635480308,222784990.1622015
O3_MAIN,O3,Mortality,Respiratory mortality,VSL,Escenario económico bajo,VSL_2015_USD_x_0.80,402,34,10,0.0105722071940694,6964091.2,73625.8150847954,204196044.33062407
O3_MAIN,O3,Mortality,Respiratory mortality,VSL,Escenario económico bajo,VSL_2015_USD_x_0.80,403,35,10,9.376314309981388e-05,6964091.2,652.9750797457546,1810980.675419268
O3_MAIN,O3,Mortality,Respiratory mortality,VSL,Escenario económico bajo,VSL_2015_USD_x_0.80,420,11,11,0.0062231196472102,6964091.2,43338.372771683666,120195943.19617063
O3_MAIN,O3,Mortality,Respiratory mortality,VSL,Escenario económico bajo,VSL_2015_USD_x_0.80,421,12,11,0.0120034846439299,6964091.2,83593.36177812736,231840337.35631177
O3_MAIN,O3,Mortality,Respiratory mortality,VSL,Escenario económico bajo,VSL_2015_USD_x_0.80,422,13,11,0.0121779789774912,6964091.2,84808.55623093147,235210594.10755226
O3_MAIN,O3,Mortality,Respiratory mortality,VSL,Escenario económico bajo,VSL_2015_USD_x_0.80,423,14,11,0.0121309971759352,6964091.2,84481.37068015517,234303167.88546276
O3_MAIN,O3,Mortality,Respiratory mortality,VSL,Escenario económico bajo,VSL_2015_USD_x_0.80,424,15,11,0.01177837312229,6964091.2,82025.6646112563,227492439.00279656
O3_MAIN,O3,Mortality,Respiratory mortality,VSL,Escenario económico bajo,VSL_2015_USD_x_0.80,425,16,11,0.011940968448268,6964091.2,83157.99329006084,230632873.33045343
O3_MAIN,O3,Mortality,Respiratory mortality,VSL,Escenario económico bajo,VSL_2015_USD_x_0.80,426,17,11,0.0121768607948237,6964091.2,84800.76910485674,235188997.0584828
O3_MAIN,O3,Mortality,Respiratory mortality,VSL,Escenario económico bajo,VSL_2015_USD_x_0.80,427,18,11,0.0122772080621525,6964091.2,85499.59662620528,237127146.2710165
O3_MAIN,O3,Mortality,Respiratory mortality,VSL,Escenario económico bajo,VSL_2015_USD_x_0.80,428,19,11,0.0116947115527919,6964091.2,81443.03781133641,225876564.35709473
O3_MAIN,O3,Mortality,Respiratory mortality,VSL,Escenario económico bajo,VSL_2015_USD_x_0.80,429,20,11,0.0122650785149658,6964091.2,85415.12535338239,236892871.10883132
O3_MAIN,O3,Mortality,Respiratory mortality,VSL,Escenario económico bajo,VSL_2015_USD_x_0.80,430,21,11,0.012226552846774,6964091.2,85146.82908655376,236148770.19352078
O3_MAIN,O3,Mortality,Respiratory mortality,VSL,Escenario económico bajo,VSL_2015_USD_x_0.80,431,22,11,0.0124263691034928,6964091.2,86538.36772158611,240008105.19007856
O3_MAIN,O3,Mortality,Respiratory mortality,VSL,Escenario económico bajo,VSL_2015_USD_x_0.80,432,23,11,0.0123807372671372,6964091.2,86220.58345158224,239126752.7621217
O3_MAIN,O3,Mortality,Respiratory mortality,VSL,Escenario económico bajo,VSL_2015_USD_x_0.80,433,24,11,0.0123498630065403,6964091.2,86005.57228505285,238530434.34253412
O3_MAIN,O3,Mortality,Respiratory mortality,VSL,Escenario económico bajo,VSL_2015_USD_x_0.80,434,25,11,0.0124621821551852,6964091.2,86787.77307972229,240699813.49249417
O3_MAIN,O3,Mortality,Respiratory mortality,VSL,Escenario económico bajo,VSL_2015_USD_x_0.80,435,26,11,0.0125373222696453,6964091.2,87311.05568960086,242151101.1812097
O3_MAIN,O3,Mortality,Respiratory mortality,VSL,Escenario económico bajo,VSL_2015_USD_x_0.80,436,27,11,0.0119628063452201,6964091.2,83310.07439605147,231054659.632241
O3_MAIN,O3,Mortality,Respiratory mortality,VSL,Escenario económico bajo,VSL_2015_USD_x_0.80,437,28,11,0.0118983107164318,6964091.2,82860.92095516839,229808964.00469264
O3_MAIN,O3,Mortality,Respiratory mortality,VSL,Escenario económico bajo,VSL_2015_USD_x_0.80,438,29,11,0.011622870671769,6964091.2,80942.73136400459,224488999.44687125
O3_MAIN,O3,Mortality,Respiratory mortality,VSL,Escenario económico bajo,VSL_2015_USD_x_0.80,439,30,11,0.0113537884974096,6964091.2,79068.81856147142,219291833.46294165
O3_MAIN,O3,Mortality,Respiratory mortality,VSL,Escenario económico bajo,VSL_2015_USD_x_0.80,440,31,11,0.0108273307549318,6964091.2,75402.51882990991,209123607.79843703
O3_MAIN,O3,Mortality,Respiratory mortality,VSL,Escenario económico bajo,VSL_2015_USD_x_0.80,441,32,11,0.0115266194298858,6964091.2,80272.42893741673,222629962.58789966
O3_MAIN,O3,Mortality,Respiratory mortality,VSL,Escenario económico bajo,VSL_2015_USD_x_0.80,442,33,11,0.0145801570178971,6964091.2,101537.54318295544,281607268.3899041
O3_MAIN,O3,Mortality,Respiratory mortality,VSL,Escenario económico bajo,VSL_2015_USD_x_0.80,443,34,11,0.0114834507795457,6964091.2,79971.79851946735,221796185.16784632
O3_MAIN,O3,Mortality,Respiratory mortality,VSL,Escenario económico bajo,VSL_2015_USD_x_0.80,444,35,11,0.0063609693582916,6964091.2,44298.37073154818,122858430.33799766
O3_MAIN,O3,Mortality,Respiratory mortality,VSL,Escenario económico bajo,VSL_2015_USD_x_0.80,445,36,11,0.0083196898785096,6964091.2,57939.079069657775,160689980.06416094
O3_MAIN,O3,Mortality,Respiratory mortality,VSL,Escenario económico bajo,VSL_2015_USD_x_0.80,446,37,11,0.0010617957444276,6964091.2,7394.442399965698,20507968.385336865
O3_MAIN,O3,Mortality,Respiratory mortality,VSL,Escenario económico bajo,VSL_2015_USD_x_0.80,461,11,12,0.0031815964906572,6964091.2,22156.928122536687,61450689.16288692
O3_MAIN,O3,Mortality,Respiratory mortality,VSL,Escenario económico bajo,VSL_2015_USD_x_0.80,462,12,12,0.0101557660220594,6964091.2,70725.68078348287,196152724.85533488
O3_MAIN,O3,Mortality,Respiratory mortality,VSL,Escenario económico bajo,VSL_2015_USD_x_0.80,463,13,12,0.0109825863669834,6964091.2,76483.73307154907,212122279.81262633
O3_MAIN,O3,Mortality,Respiratory mortality,VSL,Escenario económico bajo,VSL_2015_USD_x_0.80,464,14,12,0.0115883458407233,6964091.2,80702.29729193774,223822172.37837887
O3_MAIN,O3,Mortality,Respiratory mortality,VSL,Escenario económico bajo,VSL_2015_USD_x_0.80,465,15,12,0.0123060733513213,6964091.2,85700.61713249117,237684662.57376498
O3_MAIN,O3,Mortality,Respiratory mortality,VSL,Escenario económico bajo,VSL_2015_USD_x_0.80,466,16,12,0.012135685548653,6964091.2,84514.02093534153,234393721.08270425
O3_MAIN,O3,Mortality,Respiratory mortality,VSL,Escenario económico bajo,VSL_2015_USD_x_0.80,467,17,12,0.0122960653161428,6964091.2,85630.9202627753,237491363.18438888
O3_MAIN,O3,Mortality,Respiratory mortality,VSL,Escenario económico bajo,VSL_2015_USD_x_0.80,468,18,12,0.0083529779348343,6964091.2,58170.90012977372,161332919.5469183
O3_MAIN,O3,Mortality,Respiratory mortality,VSL,Escenario económico bajo,VSL_2015_USD_x_0.80,469,19,12,0.0050405728680363,6964091.2,35103.00915325036,97355738.67589913
O3_MAIN,O3,Mortality,Respiratory mortality,VSL,Escenario económico bajo,VSL_2015_USD_x_0.80,470,20,12,0.002007340147478,6964091.2,13979.299856458243,38770609.600896984
O3_MAIN,O3,Mortality,Respiratory mortality,VSL,Escenario económico bajo,VSL_2015_USD_x_0.80,471,21,12,0.0075437907363755,6964091.2,52535.64668183414,145703938.57679927
O3_MAIN,O3,Mortality,Respiratory mortality,VSL,Escenario económico bajo,VSL_2015_USD_x_0.80,472,22,12,0.0117562593208328,6964091.2,81871.66208112967,227065323.76566747
O3_MAIN,O3,Mortality,Respiratory mortality,VSL,Escenario económico bajo,VSL_2015_USD_x_0.80,473,23,12,0.0118622526241063,6964091.2,82609.8091117156,229112522.8847054
O3_MAIN,O3,Mortality,Respiratory mortality,VSL,Escenario económico bajo,VSL_2015_USD_x_0.80,474,24,12,0.0119252461003776,6964091.2,83048.50142547397,230329205.30845225
O3_MAIN,O3,Mortality,Respiratory mortality,VSL,Escenario económico bajo,VSL_2015_USD_x_0.80,475,25,12,0.0118043776940264,6964091.2,82206.76282044555,227994702.2091083
O3_MAIN,O3,Mortality,Respiratory mortality,VSL,Escenario económico bajo,VSL_2015_USD_x_0.80,476,26,12,0.0118954513401026,6964091.2,82841.00799763673,229753736.8108856
O3_MAIN,O3,Mortality,Respiratory mortality,VSL,Escenario económico bajo,VSL_2015_USD_x_0.80,477,27,12,0.0119849983641693,6964091.2,83464.62163992583,231483285.59481946
O3_MAIN,O3,Mortality,Respiratory mortality,VSL,Escenario económico bajo,VSL_2015_USD_x_0.80,478,28,12,0.0118905667285834,6964091.2,82806.99111754044,229659393.37512016
O3_MAIN,O3,Mortality,Respiratory mortality,VSL,Escenario económico bajo,VSL_2015_USD_x_0.80,479,29,12,0.0124400537739597,6964091.2,86633.66901475954,240272416.65560454
O3_MAIN,O3,Mortality,Respiratory mortality,VSL,Escenario económico bajo,VSL_2015_USD_x_0.80,480,30,12,0.0125004400443328,6964091.2,87054.20450886566,241438742.41102326
O3_MAIN,O3,Mortality,Respiratory mortality,VSL,Escenario económico bajo,VSL_2015_USD_x_0.80,481,31,12,0.0140026732876266,6964091.2,97515.89381883548,270453505.3939729
O3_MAIN,O3,Mortality,Respiratory mortality,VSL,Escenario económico bajo,VSL_2015_USD_x_0.80,482,32,12,0.0139074733923603,6964091.2,96852.91306597053,268614774.68455464
O3_MAIN,O3,Mortality,Respiratory mortality,VSL,Escenario económico bajo,VSL_2015_USD_x_0.80,483,33,12,0.0128541731731734,6964091.2,89517.63427857295,248270892.43722257
O3_MAIN,O3,Mortality,Respiratory mortality,VSL,Escenario económico bajo,VSL_2015_USD_x_0.80,484,34,12,0.0126711895609359,6964091.2,88243.31971484557,244736670.1967441
O3_MAIN,O3,Mortality,Respiratory mortality,VSL,Escenario económico bajo,VSL_2015_USD_x_0.80,485,35,12,0.0158868217491864,6964091.2,110637.27553947762,306844739.0994534
O3_MAIN,O3,Mortality,Respiratory mortality,VSL,Escenario económico bajo,VSL_2015_USD_x_0.80,486,36,12,0.013537489826455,6964091.2,94276.3137705048,261468756.9005311
O3_MAIN,O3,Mortality,Respiratory mortality,VSL,Escenario económico bajo,VSL_2015_USD_x_0.80,487,37,12,0.0095877519791069,6964091.2,66769.97918548094,185181863.3723884
O3_MAIN,O3,Mortality,Respiratory mortality,VSL,Escenario económico bajo,VSL_2015_USD_x_0.80,488,38,12,0.0004505027865137,6964091.2,3137.342491135537,8701199.785190031
O3_MAIN,O3,Mortality,Respiratory mortality,VSL,Escenario económico bajo,VSL_2015_USD_x_0.80,503,12,13,1.484186720146186e-05,6964091.2,103.36011676926917,286662.0486513942
O3_MAIN,O3,Mortality,Respiratory mortality,VSL,Escenario económico bajo,VSL_2015_USD_x_0.80,504,13,13,7.945299393190439e-05,6964091.2,553.3178958548287,1534588.4519006575
O3_MAIN,O3,Mortality,Respiratory mortality,VSL,Escenario económico bajo,VSL_2015_USD_x_0.80,505,14,13,0.0039615063261881,6964091.2,27588.291344950878,76514194.86482711
O3_MAIN,O3,Mortality,Respiratory mortality,VSL,Escenario económico bajo,VSL_2015_USD_x_0.80,506,15,13,0.0095363019506176,6964091.2,66411.67649483887,184188135.94108096
O3_MAIN,O3,Mortality,Respiratory mortality,VSL,Escenario económico bajo,VSL_2015_USD_x_0.80,507,16,13,0.0048343328164748,6964091.2,33666.73462508337,93372331.81124498
O3_MAIN,O3,Mortality,Respiratory mortality,VSL,Escenario económico bajo,VSL_2015_USD_x_0.80,508,17,13,0.0043199270265515,6964091.2,30084.365790249467,83436882.61365157
O3_MAIN,O3,Mortality,Respiratory mortality,VSL,Escenario económico bajo,VSL_2015_USD_x_0.80,509,18,13,5.631397229011311e-05,6964091.2,392.17563886262053,1087671.6820907576
O3_MAIN,O3,Mortality,Respiratory mortality,VSL,Escenario económico bajo,VSL_2015_USD_x_0.80,513,22,13,0.0039086157233704,6964091.2,27219.95636330544,75492643.5766822
O3_MAIN,O3,Mortality,Respiratory mortality,VSL,Escenario económico bajo,VSL_2015_USD_x_0.80,514,23,13,0.0106846805410314,6964091.2,74409.08973060802,206368401.73156017
O3_MAIN,O3,Mortality,Respiratory mortality,VSL,Escenario económico bajo,VSL_2015_USD_x_0.80,515,24,13,0.0117734837053035,6964091.2,81991.6142654475,227398002.75222003
O3_MAIN,O3,Mortality,Respiratory mortality,VSL,Escenario económico bajo,VSL_2015_USD_x_0.80,516,25,13,0.0054481548437038,6964091.2,37941.447203275005,105227947.91697899
O3_MAIN,O3,Mortality,Respiratory mortality,VSL,Escenario económico bajo,VSL_2015_USD_x_0.80,517,26,13,0.0055225569686606,6964091.2,38459.59038694796,106664981.76687308
O3_MAIN,O3,Mortality,Respiratory mortality,VSL,Escenario económico bajo,VSL_2015_USD_x_0.80,518,27,13,0.0098113088417685,6964091.2,68326.8495654422,189499734.39028436
O3_MAIN,O3,Mortality,Respiratory mortality,VSL,Escenario económico bajo,VSL_2015_USD_x_0.80,519,28,13,0.0117590026055822,6964091.2,81890.76656631207,227118308.71800688
O3_MAIN,O3,Mortality,Respiratory mortality,VSL,Escenario económico bajo,VSL_2015_USD_x_0.80,520,29,13,0.0115860078306196,6964091.2,80686.01517634904,223777015.0705417
O3_MAIN,O3,Mortality,Respiratory mortality,VSL,Escenario económico bajo,VSL_2015_USD_x_0.80,521,30,13,0.0116686144617204,6964091.2,81261.29528905978,225372514.19353706
O3_MAIN,O3,Mortality,Respiratory mortality,VSL,Escenario económico bajo,VSL_2015_USD_x_0.80,522,31,13,0.0116589362189234,6964091.2,81193.89512356573,225185584.55255088
O3_MAIN,O3,Mortality,Respiratory mortality,VSL,Escenario económico bajo,VSL_2015_USD_x_0.80,523,32,13,0.0100266073414355,6964091.2,69826.20795234636,193658099.92127597
O3_MAIN,O3,Mortality,Respiratory mortality,VSL,Escenario económico bajo,VSL_2015_USD_x_0.80,524,33,13,0.0100354433993802,6964091.2,69887.74306572175,193828763.25076467
O3_MAIN,O3,Mortality,Respiratory mortality,VSL,Escenario económico bajo,VSL_2015_USD_x_0.80,525,34,13,0.0088946001527895,6964091.2,61942.806651560015,171794038.2516361
O3_MAIN,O3,Mortality,Respiratory mortality,VSL,Escenario económico bajo,VSL_2015_USD_x_0.80,526,35,13,0.0121022550645852,6964091.2,84281.20799543321,233748030.69077432
O3_MAIN,O3,Mortality,Respiratory mortality,VSL,Escenario económico bajo,VSL_2015_USD_x_0.80,527,36,13,0.0121471984226981,6964091.2,84594.19764016572,234616085.5611648
O3_MAIN,O3,Mortality,Respiratory mortality,VSL,Escenario económico bajo,VSL_2015_USD_x_0.80,528,37,13,0.0124046370158916,6964091.2,86387.02348156496,239588362.5344767
O3_MAIN,O3,Mortality,Respiratory mortality,VSL,Escenario económico bajo,VSL_2015_USD_x_0.80,529,38,13,0.0110958078245329,6964091.2,77272.21762772072,214309086.53524947
O3_MAIN,O3,Mortality,Respiratory mortality,VSL,Escenario económico bajo,VSL_2015_USD_x_0.80,530,39,13,0.0077627447314321,6964091.2,54060.46227201265,149932907.87906805
O3_MAIN,O3,Mortality,Respiratory mortality,VSL,Escenario económico bajo,VSL_2015_USD_x_0.80,531,40,13,0.0012281664920832,6964091.2,8553.063459651483,23721322.79090121
O3_MAIN,O3,Mortality,Respiratory mortality,VSL,Escenario económico bajo,VSL_2015_USD_x_0.80,546,14,14,4.581487800272464e-06,6964091.2,31.905898872784825,88488.77711074761
O3_MAIN,O3,Mortality,Respiratory mortality,VSL,Escenario económico bajo,VSL_2015_USD_x_0.80,547,15,14,0.0006977895654063,6964091.2,4859.470171897839,13477400.358846622
O3_MAIN,O3,Mortality,Respiratory mortality,VSL,Escenario económico bajo,VSL_2015_USD_x_0.80,555,23,14,0.0001139758822119,6964091.2,793.7384383241293,2201377.99700129
O3_MAIN,O3,Mortality,Respiratory mortality,VSL,Escenario económico bajo,VSL_2015_USD_x_0.80,556,24,14,0.000871370616751,6964091.2,6068.304444054212,16830017.594273273
O3_MAIN,O3,Mortality,Respiratory mortality,VSL,Escenario económico bajo,VSL_2015_USD_x_0.80,559,27,14,0.0020130639408762,6964091.2,14019.160875693266,38881161.34747397
O3_MAIN,O3,Mortality,Respiratory mortality,VSL,Escenario económico bajo,VSL_2015_USD_x_0.80,560,28,14,0.0108144257209453,6964091.2,75312.64699628882,208874354.55891728
O3_MAIN,O3,Mortality,Respiratory mortality,VSL,Escenario económico bajo,VSL_2015_USD_x_0.80,561,29,14,0.0120466071951028,6964091.2,83893.6711572721,232673224.39771312
O3_MAIN,O3,Mortality,Respiratory mortality,VSL,Escenario económico bajo,VSL_2015_USD_x_0.80,562,30,14,0.0115841964439969,6964091.2,80673.4005147101,223742029.1895124
O3_MAIN,O3,Mortality,Respiratory mortality,VSL,Escenario económico bajo,VSL_2015_USD_x_0.80,563,31,14,0.0125043303604585,6964091.2,87081.29702516188,241513881.6084947
O3_MAIN,O3,Mortality,Respiratory mortality,VSL,Escenario económico bajo,VSL_2015_USD_x_0.80,564,32,14,0.0111186907779494,6964091.2,77431.57660223857,214751057.4959465
O3_MAIN,O3,Mortality,Respiratory mortality,VSL,Escenario económico bajo,VSL_2015_USD_x_0.80,565,33,14,0.0109439742995023,6964091.2,76214.83511219014,211376510.14520147
O3_MAIN,O3,Mortality,Respiratory mortality,VSL,Escenario económico bajo,VSL_2015_USD_x_0.80,566,34,14,0.0134055211399822,6964091.2,93357.271802364,258919858.33483037
O3_MAIN,O3,Mortality,Respiratory mortality,VSL,Escenario económico bajo,VSL_2015_USD_x_0.80,567,35,14,0.014006310741055,6964091.2,97541.2253762466,270523760.6952436
O3_MAIN,O3,Mortality,Respiratory mortality,VSL,Escenario económico bajo,VSL_2015_USD_x_0.80,568,36,14,0.0135142919342341,6964091.2,94114.76153343068,261020703.07966262
O3_MAIN,O3,Mortality,Respiratory mortality,VSL,Escenario económico bajo,VSL_2015_USD_x_0.80,569,37,14,0.0109610096832003,6964091.2,76333.47107788999,211705538.69155243
O3_MAIN,O3,Mortality,Respiratory mortality,VSL,Escenario económico bajo,VSL_2015_USD_x_0.80,570,38,14,0.0125093628570352,6964091.2,87116.3437902857,241611081.35829204
O3_MAIN,O3,Mortality,Respiratory mortality,VSL,Escenario económico bajo,VSL_2015_USD_x_0.80,571,39,14,0.0116805184622772,6964091.2,81344.19583458218,225602433.05350524
O3_MAIN,O3,Mortality,Respiratory mortality,VSL,Escenario económico bajo,VSL_2015_USD_x_0.80,572,40,14,0.0071127489627766,6964091.2,49533.83245948165,137378616.9581002
O3_MAIN,O3,Mortality,Respiratory mortality,VSL,Escenario económico bajo,VSL_2015_USD_x_0.80,573,41,14,0.0035944979256903,6964091.2,25032.411372718074,69425640.67343748
O3_MAIN,O3,Mortality,Respiratory mortality,VSL,Escenario económico bajo,VSL_2015_USD_x_0.80,601,28,15,0.000521826588005,6964091.2,3634.047949451646,10078777.604447678
O3_MAIN,O3,Mortality,Respiratory mortality,VSL,Escenario económico bajo,VSL_2015_USD_x_0.80,602,29,15,0.0073085557397143,6964091.2,50897.448711653844,141160511.1803621
O3_MAIN,O3,Mortality,Respiratory mortality,VSL,Escenario económico bajo,VSL_2015_USD_x_0.80,603,30,15,0.0121945100487729,6964091.2,84923.68011897092,235529882.15235752
O3_MAIN,O3,Mortality,Respiratory mortality,VSL,Escenario económico bajo,VSL_2015_USD_x_0.80,604,31,15,0.0118564478994893,6964091.2,82569.38448009192,229000407.9986213
O3_MAIN,O3,Mortality,Respiratory mortality,VSL,Escenario económico bajo,VSL_2015_USD_x_0.80,605,32,15,0.011865487676887,6964091.2,82632.33831431721,229175006.05107677
O3_MAIN,O3,Mortality,Respiratory mortality,VSL,Escenario económico bajo,VSL_2015_USD_x_0.80,606,33,15,0.013877030208114,6964091.2,96640.90395446088,268026782.25442043
O3_MAIN,O3,Mortality,Respiratory mortality,VSL,Escenario económico bajo,VSL_2015_USD_x_0.80,607,34,15,0.0130963917143236,6964091.2,91204.46628947389,252949202.94121554
O3_MAIN,O3,Mortality,Respiratory mortality,VSL,Escenario económico bajo,VSL_2015_USD_x_0.80,608,35,15,0.0128367000194392,6964091.2,89395.94964241637,247933408.6167668
O3_MAIN,O3,Mortality,Respiratory mortality,VSL,Escenario económico bajo,VSL_2015_USD_x_0.80,609,36,15,0.0124356891998995,6964091.2,86603.27372295514,240188117.44145545
O3_MAIN,O3,Mortality,Respiratory mortality,VSL,Escenario económico bajo,VSL_2015_USD_x_0.80,610,37,15,0.011407048746607,6964091.2,79439.72779421684,220320524.2563148
O3_MAIN,O3,Mortality,Respiratory mortality,VSL,Escenario económico bajo,VSL_2015_USD_x_0.80,611,38,15,0.0081069634229607,6964091.2,56457.63263256248,156581292.07212776
O3_MAIN,O3,Mortality,Respiratory mortality,VSL,Escenario económico bajo,VSL_2015_USD_x_0.80,612,39,15,0.0119446892885931,6964091.2,83183.90556142548,230704739.20122424
O3_MAIN,O3,Mortality,Respiratory mortality,VSL,Escenario económico bajo,VSL_2015_USD_x_0.80,613,40,15,0.0122958017092312,6964091.2,85629.08448020196,237486271.7699265
O3_MAIN,O3,Mortality,Respiratory mortality,VSL,Escenario económico bajo,VSL_2015_USD_x_0.80,614,41,15,0.0064023130210337,6964091.2,44586.29176942621,123656959.18207972
O3_MAIN,O3,Mortality,Respiratory mortality,VSL,Escenario económico bajo,VSL_2015_USD_x_0.80,643,29,16,0.0003326035321169,6964091.2,2316.281331104221,6424044.132124379
O3_MAIN,O3,Mortality,Respiratory mortality,VSL,Escenario económico bajo,VSL_2015_USD_x_0.80,644,30,16,0.0037419555481012,6964091.2,26059.319703322744,72273699.0447864
O3_MAIN,O3,Mortality,Respiratory mortality,VSL,Escenario económico bajo,VSL_2015_USD_x_0.80,645,31,16,0.0093625006335384,6964091.2,65201.308272019196,180831264.40086618
O3_MAIN,O3,Mortality,Respiratory mortality,VSL,Escenario económico bajo,VSL_2015_USD_x_0.80,646,32,16,0.0115367587949732,6964091.2,80343.04040059546,222825798.53822345
O3_MAIN,O3,Mortality,Respiratory mortality,VSL,Escenario económico bajo,VSL_2015_USD_x_0.80,647,33,16,0.0119226621794816,6964091.2,83030.50676470064,230279298.3764237
O3_MAIN,O3,Mortality,Respiratory mortality,VSL,Escenario económico bajo,VSL_2015_USD_x_0.80,648,34,16,0.0100569704692386,6964091.2,70037.6595434844,194244546.10768595
O3_MAIN,O3,Mortality,Respiratory mortality,VSL,Escenario económico bajo,VSL_2015_USD_x_0.80,649,35,16,0.011011953198671,6964091.2,76688.24636567656,212689483.11795834
O3_MAIN,O3,Mortality,Respiratory mortality,VSL,Escenario económico bajo,VSL_2015_USD_x_0.80,650,36,16,0.0123528476537919,6964091.2,86026.35764071281,238588081.07148212
O3_MAIN,O3,Mortality,Respiratory mortality,VSL,Escenario económico bajo,VSL_2015_USD_x_0.80,651,37,16,0.018249310234906,6964091.2,127089.8608129788,352474832.6745398
O3_MAIN,O3,Mortality,Respiratory mortality,VSL,Escenario económico bajo,VSL_2015_USD_x_0.80,652,38,16,0.0117236642977399,6964091.2,81644.66736764462,226435769.81744662
O3_MAIN,O3,Mortality,Respiratory mortality,VSL,Escenario económico bajo,VSL_2015_USD_x_0.80,653,39,16,0.0120254521982415,6964091.2,83746.34582979429,232264627.91472635
O3_MAIN,O3,Mortality,Respiratory mortality,VSL,Escenario económico bajo,VSL_2015_USD_x_0.80,654,40,16,0.0122338531842241,6964091.2,85197.66930234704,236289771.97320834
O3_MAIN,O3,Mortality,Respiratory mortality,VSL,Escenario económico bajo,VSL_2015_USD_x_0.80,655,41,16,0.0038521956515029,6964091.2,26827.041837309614,74402922.6428496
O3_MAIN,O3,Mortality,Respiratory mortality,VSL,Escenario económico bajo,VSL_2015_USD_x_0.80,686,31,17,0.0023704111681501,6964091.2,16507.759556495832,45783115.58677223
O3_MAIN,O3,Mortality,Respiratory mortality,VSL,Escenario económico bajo,VSL_2015_USD_x_0.80,687,32,17,0.0069644426676324,6964091.2,48501.01389456332,134514166.96559876
O3_MAIN,O3,Mortality,Respiratory mortality,VSL,Escenario económico bajo,VSL_2015_USD_x_0.80,688,33,17,0.0106889144204623,6964091.2,74438.5748530946,206450176.65481815
O3_MAIN,O3,Mortality,Respiratory mortality,VSL,Escenario económico bajo,VSL_2015_USD_x_0.80,689,34,17,0.0021132156605216,6964091.2,14716.626585140662,40815533.67002667
O3_MAIN,O3,Mortality,Respiratory mortality,VSL,Escenario económico bajo,VSL_2015_USD_x_0.80,690,35,17,0.003654066840352,6964091.2,25447.254727107167,70576179.67780082
O3_MAIN,O3,Mortality,Respiratory mortality,VSL,Escenario económico bajo,VSL_2015_USD_x_0.80,691,36,17,0.0026538912767134,6964091.2,18481.940885916552,51258369.31122754
O3_MAIN,O3,Mortality,Respiratory mortality,VSL,Escenario económico bajo,VSL_2015_USD_x_0.80,692,37,17,0.0040173303186506,6964091.2,27977.05471960784,77592402.87100197
O3_MAIN,O3,Mortality,Respiratory mortality,VSL,Escenario económico bajo,VSL_2015_USD_x_0.80,693,38,17,0.003666610065108,6964091.2,25534.60688825005,70818444.78207934
O3_MAIN,O3,Mortality,Respiratory mortality,VSL,Escenario económico bajo,VSL_2015_USD_x_0.80,694,39,17,0.0004706301218775,6964091.2,3277.5110902220254,9089947.582954472
O3_MAIN,O3,Mortality,Respiratory mortality,VSL,Escenario económico bajo,VSL_2015_USD_x_0.80,695,40,17,0.0048216241433661,6964091.2,33578.230266523395,93126871.16808397
O3_MAIN,O3,Mortality,Respiratory mortality,VSL,Escenario económico bajo,VSL_2015_USD_x_0.80,696,41,17,0.0011472583311044,6964091.2,7989.611647770838,22158628.632277075
O3_MAIN,O3,Mortality,Respiratory mortality,VSL,Escenario económico bajo,VSL_2015_USD_x_0.80,729,33,18,6.10232102103544e-05,6964091.2,424.9712012216792,1178627.8786042416
O3_MAIN,O3,Mortality,Respiratory mortality,VSL,Escenario económico bajo,VSL_2015_USD_x_0.80,730,34,18,0.0002195454924777,6964091.2,1528.9348321636169,4240393.731567539
O3_MAIN,O3,Mortality,Respiratory mortality,VSL,Escenario económico central,VSL_2015_USD_x_1.00,0,1,1,0.0089191038563491,8705114.0,77641.81584735855,215334141.32553962
O3_MAIN,O3,Mortality,Respiratory mortality,VSL,Escenario económico central,VSL_2015_USD_x_1.00,1,2,1,0.004769596563942,8705114.0,41519.881823123396,115152485.84470512
O3_MAIN,O3,Mortality,Respiratory mortality,VSL,Escenario económico central,VSL_2015_USD_x_1.00,2,3,1,9.43173625351278e-05,8705114.0,821.0433930476165,2277106.377580051
O3_MAIN,O3,Mortality,Respiratory mortality,VSL,Escenario económico central,VSL_2015_USD_x_1.00,41,1,2,0.0071511244586447,8705114.0,62251.3536406904,172649771.72769997
O3_MAIN,O3,Mortality,Respiratory mortality,VSL,Escenario económico central,VSL_2015_USD_x_1.00,42,2,2,0.0121393777917738,8705114.0,105674.6675664592,293081293.26884496
O3_MAIN,O3,Mortality,Respiratory mortality,VSL,Escenario económico central,VSL_2015_USD_x_1.00,43,3,2,0.0089086783466926,8705114.0,77551.0605972906,215082437.99234366
O3_MAIN,O3,Mortality,Respiratory mortality,VSL,Escenario económico central,VSL_2015_USD_x_1.00,44,4,2,0.0012199375458123,8705114.0,10619.695409176295,29452981.838671807
O3_MAIN,O3,Mortality,Respiratory mortality,VSL,Escenario económico central,VSL_2015_USD_x_1.00,82,1,3,0.0008533384916349,8705114.0,7428.408850269851,20602171.957603913
O3_MAIN,O3,Mortality,Respiratory mortality,VSL,Escenario económico central,VSL_2015_USD_x_1.00,83,2,3,0.0052083899156513,8705114.0,45339.627972194954,125746284.40692465
O3_MAIN,O3,Mortality,Respiratory mortality,VSL,Escenario económico central,VSL_2015_USD_x_1.00,84,3,3,0.0117595253917004,8705114.0,102368.00912064663,283910507.53547496
O3_MAIN,O3,Mortality,Respiratory mortality,VSL,Escenario económico central,VSL_2015_USD_x_1.00,85,4,3,0.0113370244129434,8705114.0,98690.08993545537,273710056.12969
O3_MAIN,O3,Mortality,Respiratory mortality,VSL,Escenario económico central,VSL_2015_USD_x_1.00,86,5,3,0.0091432665827077,8705114.0,79593.17793486096,220746107.4798814
O3_MAIN,O3,Mortality,Respiratory mortality,VSL,Escenario económico central,VSL_2015_USD_x_1.00,87,6,3,0.0029767055615622,8705114.0,25912.56125783297,71866674.7693117
O3_MAIN,O3,Mortality,Respiratory mortality,VSL,Escenario económico central,VSL_2015_USD_x_1.00,91,10,3,0.0006885483646307,8705114.0,5993.892008623811,16623639.913477536
O3_MAIN,O3,Mortality,Respiratory mortality,VSL,Escenario económico central,VSL_2015_USD_x_1.00,125,3,4,0.0048564817797882,8705114.0,42276.22753197918,117250157.72401701
O3_MAIN,O3,Mortality,Respiratory mortality,VSL,Escenario económico central,VSL_2015_USD_x_1.00,126,4,4,0.0124556624451341,8705114.0,108427.96153041109,300717361.347288
O3_MAIN,O3,Mortality,Respiratory mortality,VSL,Escenario económico central,VSL_2015_USD_x_1.00,127,5,4,0.0122754595851989,8705114.0,106859.27509154913,296366719.3171551
O3_MAIN,O3,Mortality,Respiratory mortality,VSL,Escenario económico central,VSL_2015_USD_x_1.00,128,6,4,0.0118467970390724,8705114.0,103127.7187599877,286017509.0405127
O3_MAIN,O3,Mortality,Respiratory mortality,VSL,Escenario económico central,VSL_2015_USD_x_1.00,129,7,4,0.0093104957235778,8705114.0,81048.92667025723,224783524.69509152
O3_MAIN,O3,Mortality,Respiratory mortality,VSL,Escenario económico central,VSL_2015_USD_x_1.00,130,8,4,0.0066411280244289,8705114.0,57811.776541248364,160336915.41279444
O3_MAIN,O3,Mortality,Respiratory mortality,VSL,Escenario económico central,VSL_2015_USD_x_1.00,131,9,4,0.0068703628491034,8705114.0,59807.29182280989,165871337.36013564
O3_MAIN,O3,Mortality,Respiratory mortality,VSL,Escenario económico central,VSL_2015_USD_x_1.00,132,10,4,0.0113521505236247,8705114.0,98821.7644533127,274075246.18775105
O3_MAIN,O3,Mortality,Respiratory mortality,VSL,Escenario económico central,VSL_2015_USD_x_1.00,133,11,4,0.0095279160736755,8705114.0,82941.59560377763,230032709.495385
O3_MAIN,O3,Mortality,Respiratory mortality,VSL,Escenario económico central,VSL_2015_USD_x_1.00,134,12,4,0.0088593895793053,8705114.0,77121.99625826468,213892458.08255902
O3_MAIN,O3,Mortality,Respiratory mortality,VSL,Escenario económico central,VSL_2015_USD_x_1.00,135,13,4,0.0037186725673571,8705114.0,32371.46862751623,89780002.23561233
O3_MAIN,O3,Mortality,Respiratory mortality,VSL,Escenario económico central,VSL_2015_USD_x_1.00,136,14,4,0.0008196989031411,8705114.0,7135.572397518234,19790010.554448992
O3_MAIN,O3,Mortality,Respiratory mortality,VSL,Escenario económico central,VSL_2015_USD_x_1.00,166,3,5,7.633849735968351e-06,8705114.0,66.45353221047439,184304.21983849598
O3_MAIN,O3,Mortality,Respiratory mortality,VSL,Escenario económico central,VSL_2015_USD_x_1.00,167,4,5,0.0080454807514978,8705114.0,70036.82712659403,194242237.45770967
O3_MAIN,O3,Mortality,Respiratory mortality,VSL,Escenario económico central,VSL_2015_USD_x_1.00,168,5,5,0.0119721504936605,8705114.0,104218.93487247093,289043920.543357
O3_MAIN,O3,Mortality,Respiratory mortality,VSL,Escenario económico central,VSL_2015_USD_x_1.00,169,6,5,0.0120092223033554,8705114.0,104541.64920205134,289938946.1464452
O3_MAIN,O3,Mortality,Respiratory mortality,VSL,Escenario económico central,VSL_2015_USD_x_1.00,170,7,5,0.0121129924723329,8705114.0,105444.98035279974,292444271.85986537
O3_MAIN,O3,Mortality,Respiratory mortality,VSL,Escenario económico central,VSL_2015_USD_x_1.00,171,8,5,0.0119865264651151,8705114.0,104344.07934284396,289390999.9718237
O3_MAIN,O3,Mortality,Respiratory mortality,VSL,Escenario económico central,VSL_2015_USD_x_1.00,172,9,5,0.0121908545572372,8705114.0,106122.77867816936,294324098.06939524
O3_MAIN,O3,Mortality,Respiratory mortality,VSL,Escenario económico central,VSL_2015_USD_x_1.00,173,10,5,0.0122708099463405,8705114.0,106818.79945522793,296254462.97311276
O3_MAIN,O3,Mortality,Respiratory mortality,VSL,Escenario económico central,VSL_2015_USD_x_1.00,174,11,5,0.0119012163998919,8705114.0,103601.44549972858,287331356.9923122
O3_MAIN,O3,Mortality,Respiratory mortality,VSL,Escenario económico central,VSL_2015_USD_x_1.00,175,12,5,0.0117765886567151,8705114.0,102516.5467878118,284322466.3577209
O3_MAIN,O3,Mortality,Respiratory mortality,VSL,Escenario económico central,VSL_2015_USD_x_1.00,176,13,5,0.0120262751163296,8705114.0,104690.09588301243,290350652.62482315
O3_MAIN,O3,Mortality,Respiratory mortality,VSL,Escenario económico central,VSL_2015_USD_x_1.00,177,14,5,0.0111481676854765,8705114.0,97046.07059318908,269150483.5652684
O3_MAIN,O3,Mortality,Respiratory mortality,VSL,Escenario económico central,VSL_2015_USD_x_1.00,178,15,5,0.0044226707198861,8705114.0,38499.85280107056,106776646.75407313
O3_MAIN,O3,Mortality,Respiratory mortality,VSL,Escenario económico central,VSL_2015_USD_x_1.00,208,4,6,0.0063224367677219,8705114.0,55037.53282081066,152642744.6512209
O3_MAIN,O3,Mortality,Respiratory mortality,VSL,Escenario económico central,VSL_2015_USD_x_1.00,209,5,6,0.0029895880177684,8705114.0,26024.70450770795,72177696.22281246
O3_MAIN,O3,Mortality,Respiratory mortality,VSL,Escenario económico central,VSL_2015_USD_x_1.00,210,6,6,0.0037380123359835,8705114.0,32539.823518142668,90246922.73992242
O3_MAIN,O3,Mortality,Respiratory mortality,VSL,Escenario económico central,VSL_2015_USD_x_1.00,211,7,6,0.0120477190984195,8705114.0,104876.76819171896,290868375.2059591
O3_MAIN,O3,Mortality,Respiratory mortality,VSL,Escenario económico central,VSL_2015_USD_x_1.00,212,8,6,0.0120443371895223,8705114.0,104847.32828923123,290786725.69720256
O3_MAIN,O3,Mortality,Respiratory mortality,VSL,Escenario económico central,VSL_2015_USD_x_1.00,213,9,6,0.012273286214961,8705114.0,106840.35565586401,296314247.5866429
O3_MAIN,O3,Mortality,Respiratory mortality,VSL,Escenario económico central,VSL_2015_USD_x_1.00,214,10,6,0.0120805994233946,8705114.0,105162.99516898426,291662205.691516
O3_MAIN,O3,Mortality,Respiratory mortality,VSL,Escenario económico central,VSL_2015_USD_x_1.00,215,11,6,0.0122496911255728,8705114.0,106634.95771289954,295744590.76968694
O3_MAIN,O3,Mortality,Respiratory mortality,VSL,Escenario económico central,VSL_2015_USD_x_1.00,216,12,6,0.0119432818529588,8705114.0,103967.6300641376,288346944.24878114
O3_MAIN,O3,Mortality,Respiratory mortality,VSL,Escenario económico central,VSL_2015_USD_x_1.00,217,13,6,0.0121529091090128,8705114.0,105792.45922559485,293407980.19004154
O3_MAIN,O3,Mortality,Respiratory mortality,VSL,Escenario económico central,VSL_2015_USD_x_1.00,218,14,6,0.0101584240545097,8705114.0,88430.23945484916,245255079.0112623
O3_MAIN,O3,Mortality,Respiratory mortality,VSL,Escenario económico central,VSL_2015_USD_x_1.00,219,15,6,0.0006804400029947,8705114.0,5923.307796229205,16427879.541295964
O3_MAIN,O3,Mortality,Respiratory mortality,VSL,Escenario económico central,VSL_2015_USD_x_1.00,251,6,7,1.0737011954998736e-05,8705114.0,93.46691308762686,259223.94076461697
O3_MAIN,O3,Mortality,Respiratory mortality,VSL,Escenario económico central,VSL_2015_USD_x_1.00,252,7,7,0.0038669482937384,8705114.0,33662.22572909826,93359826.70385298
O3_MAIN,O3,Mortality,Respiratory mortality,VSL,Escenario económico central,VSL_2015_USD_x_1.00,253,8,7,0.0107015221945608,8705114.0,93157.97067718193,258367110.61521667
O3_MAIN,O3,Mortality,Respiratory mortality,VSL,Escenario económico central,VSL_2015_USD_x_1.00,254,9,7,0.0123155521029573,8705114.0,107208.28502918303,297334673.94848704
O3_MAIN,O3,Mortality,Respiratory mortality,VSL,Escenario económico central,VSL_2015_USD_x_1.00,255,10,7,0.01219669806327,8705114.0,106173.64706434455,294465177.97766507
O3_MAIN,O3,Mortality,Respiratory mortality,VSL,Escenario económico central,VSL_2015_USD_x_1.00,256,11,7,0.0120914555934695,8705114.0,105257.49936708965,291924306.46966743
O3_MAIN,O3,Mortality,Respiratory mortality,VSL,Escenario económico central,VSL_2015_USD_x_1.00,257,12,7,0.0124984386188523,8705114.0,108800.33299911182,301750107.54972667
O3_MAIN,O3,Mortality,Respiratory mortality,VSL,Escenario económico central,VSL_2015_USD_x_1.00,258,13,7,0.0126229115015051,8705114.0,109883.88363251307,304755259.3829207
O3_MAIN,O3,Mortality,Respiratory mortality,VSL,Escenario económico central,VSL_2015_USD_x_1.00,259,14,7,0.0063093211026315,8705114.0,54923.35946101291,152326092.829957
O3_MAIN,O3,Mortality,Respiratory mortality,VSL,Escenario económico central,VSL_2015_USD_x_1.00,294,8,8,0.0014088500955474,8705114.0,12264.200690651009,34013902.121472225
O3_MAIN,O3,Mortality,Respiratory mortality,VSL,Escenario económico central,VSL_2015_USD_x_1.00,295,9,8,0.0075666362802017,8705114.0,65868.43141569174,182681483.74122193
O3_MAIN,O3,Mortality,Respiratory mortality,VSL,Escenario económico central,VSL_2015_USD_x_1.00,296,10,8,0.0115896652567094,8705114.0,100889.35728149458,279809570.1652155
O3_MAIN,O3,Mortality,Respiratory mortality,VSL,Escenario económico central,VSL_2015_USD_x_1.00,297,11,8,0.0114889358144993,8705114.0,100012.49600389926,277377656.7920943
O3_MAIN,O3,Mortality,Respiratory mortality,VSL,Escenario económico central,VSL_2015_USD_x_1.00,298,12,8,0.0118876458924524,8705114.0,103483.31268542989,287003723.9011518
O3_MAIN,O3,Mortality,Respiratory mortality,VSL,Escenario económico central,VSL_2015_USD_x_1.00,299,13,8,0.0119104492673755,8705114.0,103681.81866372022,287554266.33652157
O3_MAIN,O3,Mortality,Respiratory mortality,VSL,Escenario económico central,VSL_2015_USD_x_1.00,300,14,8,0.00849354224072,8705114.0,73937.25346928304,205059796.88931364
O3_MAIN,O3,Mortality,Respiratory mortality,VSL,Escenario económico central,VSL_2015_USD_x_1.00,301,15,8,0.0048685850864016,8705114.0,42381.58819582578,117542368.14994909
O3_MAIN,O3,Mortality,Respiratory mortality,VSL,Escenario económico central,VSL_2015_USD_x_1.00,302,16,8,0.0045062340774766,8705114.0,39227.28135511864,108794118.92872669
O3_MAIN,O3,Mortality,Respiratory mortality,VSL,Escenario económico central,VSL_2015_USD_x_1.00,303,17,8,0.0033909998188585,8705114.0,29519.039997142594,81868991.09927519
O3_MAIN,O3,Mortality,Respiratory mortality,VSL,Escenario económico central,VSL_2015_USD_x_1.00,304,18,8,0.0011111608666616,8705114.0,9672.782016628027,26826783.82837667
O3_MAIN,O3,Mortality,Respiratory mortality,VSL,Escenario económico central,VSL_2015_USD_x_1.00,337,10,9,0.0016606608586916,8705114.0,14456.24209024827,40093375.500357255
O3_MAIN,O3,Mortality,Respiratory mortality,VSL,Escenario económico central,VSL_2015_USD_x_1.00,338,11,9,0.0102444928788447,8705114.0,89179.47838253129,247333040.73046374
O3_MAIN,O3,Mortality,Respiratory mortality,VSL,Escenario económico central,VSL_2015_USD_x_1.00,339,12,9,0.0119998799018322,8705114.0,104460.32253175811,289713392.31925386
O3_MAIN,O3,Mortality,Respiratory mortality,VSL,Escenario económico central,VSL_2015_USD_x_1.00,340,13,9,0.0122529488866494,8705114.0,106663.3168944561,295823242.9745914
O3_MAIN,O3,Mortality,Respiratory mortality,VSL,Escenario económico central,VSL_2015_USD_x_1.00,341,14,9,0.0119888720998483,8705114.0,104364.49836059882,289447630.6882356
O3_MAIN,O3,Mortality,Respiratory mortality,VSL,Escenario económico central,VSL_2015_USD_x_1.00,342,15,9,0.0123701203367608,8705114.0,107683.30772522115,298652116.14436007
O3_MAIN,O3,Mortality,Respiratory mortality,VSL,Escenario económico central,VSL_2015_USD_x_1.00,343,16,9,0.0120033508828539,8705114.0,104490.53781724385,289797192.2984786
O3_MAIN,O3,Mortality,Respiratory mortality,VSL,Escenario económico central,VSL_2015_USD_x_1.00,344,17,9,0.0123043593361192,8705114.0,107110.85071788194,297064446.7064953
O3_MAIN,O3,Mortality,Respiratory mortality,VSL,Escenario económico central,VSL_2015_USD_x_1.00,345,18,9,0.0119587962152504,8705114.0,104102.68435652327,288721507.8749123
O3_MAIN,O3,Mortality,Respiratory mortality,VSL,Escenario económico central,VSL_2015_USD_x_1.00,346,19,9,0.0045529999997172,8705114.0,39634.38403953819,109923189.7267764
O3_MAIN,O3,Mortality,Respiratory mortality,VSL,Escenario económico central,VSL_2015_USD_x_1.00,347,20,9,0.0002899786866423,8705114.0,2524.2975247914987,7000962.484182486
O3_MAIN,O3,Mortality,Respiratory mortality,VSL,Escenario económico central,VSL_2015_USD_x_1.00,348,21,9,0.0044447322560968,8705114.0,38691.90098879984,107309278.95936714
O3_MAIN,O3,Mortality,Respiratory mortality,VSL,Escenario económico central,VSL_2015_USD_x_1.00,349,22,9,0.0042145192071004,8705114.0,36687.87015299859,101751239.71843088
O3_MAIN,O3,Mortality,Respiratory mortality,VSL,Escenario económico central,VSL_2015_USD_x_1.00,350,23,9,0.0056551184541848,8705114.0,49228.45082718246,136531662.37763265
O3_MAIN,O3,Mortality,Respiratory mortality,VSL,Escenario económico central,VSL_2015_USD_x_1.00,351,24,9,0.0044736576097467,8705114.0,38943.699489812534,108007624.47603077
O3_MAIN,O3,Mortality,Respiratory mortality,VSL,Escenario económico central,VSL_2015_USD_x_1.00,352,25,9,0.0016179569070853,8705114.0,14084.499323264943,39062372.958122686
O3_MAIN,O3,Mortality,Respiratory mortality,VSL,Escenario económico central,VSL_2015_USD_x_1.00,353,26,9,4.052053047891597e-06,8705114.0,35.273583715943815,97828.81528531005
O3_MAIN,O3,Mortality,Respiratory mortality,VSL,Escenario económico central,VSL_2015_USD_x_1.00,360,33,9,0.0035599060945202,8705114.0,30989.38838209312,85946899.42054851
O3_MAIN,O3,Mortality,Respiratory mortality,VSL,Escenario económico central,VSL_2015_USD_x_1.00,361,34,9,0.0028712113703072,8705114.0,24994.22229662039,69319725.94411589
O3_MAIN,O3,Mortality,Respiratory mortality,VSL,Escenario económico central,VSL_2015_USD_x_1.00,379,11,10,0.0076185066178537,8705114.0,66319.9686181709,183933790.5646937
O3_MAIN,O3,Mortality,Respiratory mortality,VSL,Escenario económico central,VSL_2015_USD_x_1.00,380,12,10,0.0119717330309741,8705114.0,104215.30081219507,289033841.73156613
O3_MAIN,O3,Mortality,Respiratory mortality,VSL,Escenario económico central,VSL_2015_USD_x_1.00,381,13,10,0.0119355682612177,8705114.0,103900.48236868187,288160714.81577337
O3_MAIN,O3,Mortality,Respiratory mortality,VSL,Escenario económico central,VSL_2015_USD_x_1.00,382,14,10,0.0119917068010366,8705114.0,104389.17475759891,289516068.9479675
O3_MAIN,O3,Mortality,Respiratory mortality,VSL,Escenario económico central,VSL_2015_USD_x_1.00,383,15,10,0.0119276910676888,8705114.0,103831.91050101272,287970535.5408237
O3_MAIN,O3,Mortality,Respiratory mortality,VSL,Escenario económico central,VSL_2015_USD_x_1.00,384,16,10,0.0122030065241568,8705114.0,106228.5629355287,294617483.30228335
O3_MAIN,O3,Mortality,Respiratory mortality,VSL,Escenario económico central,VSL_2015_USD_x_1.00,385,17,10,0.0121722136983552,8705114.0,105960.50787654362,293874051.36004233
O3_MAIN,O3,Mortality,Respiratory mortality,VSL,Escenario económico central,VSL_2015_USD_x_1.00,386,18,10,0.0119525754087126,8705114.0,104048.53152643978,288571318.79137385
O3_MAIN,O3,Mortality,Respiratory mortality,VSL,Escenario económico central,VSL_2015_USD_x_1.00,387,19,10,0.0121364634387773,8705114.0,105649.29779138841,293010931.97357035
O3_MAIN,O3,Mortality,Respiratory mortality,VSL,Escenario económico central,VSL_2015_USD_x_1.00,388,20,10,0.0117724779664811,8705114.0,102480.76276070616,284223221.86342525
O3_MAIN,O3,Mortality,Respiratory mortality,VSL,Escenario económico central,VSL_2015_USD_x_1.00,389,21,10,0.0121174563202787,8705114.0,105483.83865804659,292552042.6493861
O3_MAIN,O3,Mortality,Respiratory mortality,VSL,Escenario económico central,VSL_2015_USD_x_1.00,390,22,10,0.0118554824114721,8705114.0,103203.32591685954,286227200.1975957
O3_MAIN,O3,Mortality,Respiratory mortality,VSL,Escenario económico central,VSL_2015_USD_x_1.00,391,23,10,0.0121526087585457,8705114.0,105789.8446405388,293400728.82140946
O3_MAIN,O3,Mortality,Respiratory mortality,VSL,Escenario económico central,VSL_2015_USD_x_1.00,392,24,10,0.012376786322687,8705114.0,107741.33589263112,298813053.20469993
O3_MAIN,O3,Mortality,Respiratory mortality,VSL,Escenario económico central,VSL_2015_USD_x_1.00,393,25,10,0.0121109305229087,8705114.0,105427.03084799983,292394490.16476816
O3_MAIN,O3,Mortality,Respiratory mortality,VSL,Escenario económico central,VSL_2015_USD_x_1.00,394,26,10,0.0090097210738351,8705114.0,78430.64905593696,217521915.01120722
O3_MAIN,O3,Mortality,Respiratory mortality,VSL,Escenario económico central,VSL_2015_USD_x_1.00,395,27,10,0.0040483498097303,8705114.0,35241.34660558057,97739407.91631532
O3_MAIN,O3,Mortality,Respiratory mortality,VSL,Escenario económico central,VSL_2015_USD_x_1.00,396,28,10,0.0009630219004651,8705114.0,8383.215428045349,23250261.16460381
O3_MAIN,O3,Mortality,Respiratory mortality,VSL,Escenario económico central,VSL_2015_USD_x_1.00,397,29,10,0.000343752553245,8705114.0,2992.405163788795,8299226.2534067575
O3_MAIN,O3,Mortality,Respiratory mortality,VSL,Escenario económico central,VSL_2015_USD_x_1.00,398,30,10,0.0013934650126429,8705114.0,12130.271790067885,33642459.69072797
O3_MAIN,O3,Mortality,Respiratory mortality,VSL,Escenario económico central,VSL_2015_USD_x_1.00,400,32,10,0.0009221972225818,8705114.0,8027.831953057944,22264629.97356949
O3_MAIN,O3,Mortality,Respiratory mortality,VSL,Escenario económico central,VSL_2015_USD_x_1.00,401,33,10,0.0115346459498984,8705114.0,100410.40794350386,278481237.7027519
O3_MAIN,O3,Mortality,Respiratory mortality,VSL,Escenario económico central,VSL_2015_USD_x_1.00,402,34,10,0.0105722071940694,8705114.0,92032.26885599425,255245055.4132801
O3_MAIN,O3,Mortality,Respiratory mortality,VSL,Escenario económico central,VSL_2015_USD_x_1.00,403,35,10,9.376314309981388e-05,8705114.0,816.2188496821932,2263725.844274085
O3_MAIN,O3,Mortality,Respiratory mortality,VSL,Escenario económico central,VSL_2015_USD_x_1.00,420,11,11,0.0062231196472102,8705114.0,54172.96596460458,150244928.99521327
O3_MAIN,O3,Mortality,Respiratory mortality,VSL,Escenario económico central,VSL_2015_USD_x_1.00,421,12,11,0.0120034846439299,8705114.0,104491.7022226592,289800421.6953897
O3_MAIN,O3,Mortality,Respiratory mortality,VSL,Escenario económico central,VSL_2015_USD_x_1.00,422,13,11,0.0121779789774912,8705114.0,106010.69528866433,294013242.6344403
O3_MAIN,O3,Mortality,Respiratory mortality,VSL,Escenario económico central,VSL_2015_USD_x_1.00,423,14,11,0.0121309971759352,8705114.0,105601.71335019397,292878959.85682845
O3_MAIN,O3,Mortality,Respiratory mortality,VSL,Escenario económico central,VSL_2015_USD_x_1.00,424,15,11,0.01177837312229,8705114.0,102532.08076407039,284365548.7534957
O3_MAIN,O3,Mortality,Respiratory mortality,VSL,Escenario económico central,VSL_2015_USD_x_1.00,425,16,11,0.011940968448268,8705114.0,103947.49161257605,288291091.6630668
O3_MAIN,O3,Mortality,Respiratory mortality,VSL,Escenario económico central,VSL_2015_USD_x_1.00,426,17,11,0.0121768607948237,8705114.0,106000.96138107091,293986246.3231035
O3_MAIN,O3,Mortality,Respiratory mortality,VSL,Escenario económico central,VSL_2015_USD_x_1.00,427,18,11,0.0122772080621525,8705114.0,106874.4957827566,296408932.8387706
O3_MAIN,O3,Mortality,Respiratory mortality,VSL,Escenario económico central,VSL_2015_USD_x_1.00,428,19,11,0.0116947115527919,8705114.0,101803.79726417051,282345705.4463684
O3_MAIN,O3,Mortality,Respiratory mortality,VSL,Escenario económico central,VSL_2015_USD_x_1.00,429,20,11,0.0122650785149658,8705114.0,106768.90669172799,296116088.88603914
O3_MAIN,O3,Mortality,Respiratory mortality,VSL,Escenario económico central,VSL_2015_USD_x_1.00,430,21,11,0.012226552846774,8705114.0,106433.5363581922,295185962.741901
O3_MAIN,O3,Mortality,Respiratory mortality,VSL,Escenario económico central,VSL_2015_USD_x_1.00,431,22,11,0.0124263691034928,8705114.0,108172.95965198263,300010131.4875982
O3_MAIN,O3,Mortality,Respiratory mortality,VSL,Escenario económico central,VSL_2015_USD_x_1.00,432,23,11,0.0123807372671372,8705114.0,107775.72931447778,298908440.9526521
O3_MAIN,O3,Mortality,Respiratory mortality,VSL,Escenario económico central,VSL_2015_USD_x_1.00,433,24,11,0.0123498630065403,8705114.0,107506.96535631605,298163042.92816764
O3_MAIN,O3,Mortality,Respiratory mortality,VSL,Escenario económico central,VSL_2015_USD_x_1.00,434,25,11,0.0124621821551852,8705114.0,108484.71634965285,300874766.8656177
O3_MAIN,O3,Mortality,Respiratory mortality,VSL,Escenario económico central,VSL_2015_USD_x_1.00,435,26,11,0.0125373222696453,8705114.0,109138.81961200107,302688876.47651213
O3_MAIN,O3,Mortality,Respiratory mortality,VSL,Escenario económico central,VSL_2015_USD_x_1.00,436,27,11,0.0119628063452201,8705114.0,104137.59299506433,288818324.54030126
O3_MAIN,O3,Mortality,Respiratory mortality,VSL,Escenario económico central,VSL_2015_USD_x_1.00,437,28,11,0.0118983107164318,8705114.0,103576.1511939605,287261205.0058659
O3_MAIN,O3,Mortality,Respiratory mortality,VSL,Escenario económico central,VSL_2015_USD_x_1.00,438,29,11,0.011622870671769,8705114.0,101178.41420500573,280611249.30858904
O3_MAIN,O3,Mortality,Respiratory mortality,VSL,Escenario económico central,VSL_2015_USD_x_1.00,439,30,11,0.0113537884974096,8705114.0,98836.02320183927,274114791.82867706
O3_MAIN,O3,Mortality,Respiratory mortality,VSL,Escenario económico central,VSL_2015_USD_x_1.00,440,31,11,0.0108273307549318,8705114.0,94253.14853738739,261404509.74804628
O3_MAIN,O3,Mortality,Respiratory mortality,VSL,Escenario económico central,VSL_2015_USD_x_1.00,441,32,11,0.0115266194298858,8705114.0,100340.5361717709,278287453.23487455
O3_MAIN,O3,Mortality,Respiratory mortality,VSL,Escenario económico central,VSL_2015_USD_x_1.00,442,33,11,0.0145801570178971,8705114.0,126921.9289786943,352009085.4873801
O3_MAIN,O3,Mortality,Respiratory mortality,VSL,Escenario económico central,VSL_2015_USD_x_1.00,443,34,11,0.0114834507795457,8705114.0,99964.74814933419,277245231.45980793
O3_MAIN,O3,Mortality,Respiratory mortality,VSL,Escenario económico central,VSL_2015_USD_x_1.00,444,35,11,0.0063609693582916,8705114.0,55372.963414435224,153573037.92249706
O3_MAIN,O3,Mortality,Respiratory mortality,VSL,Escenario económico central,VSL_2015_USD_x_1.00,445,36,11,0.0083196898785096,8705114.0,72423.84883707222,200862475.08020118
O3_MAIN,O3,Mortality,Respiratory mortality,VSL,Escenario económico central,VSL_2015_USD_x_1.00,446,37,11,0.0010617957444276,8705114.0,9243.052999957123,25634960.48167108
O3_MAIN,O3,Mortality,Respiratory mortality,VSL,Escenario económico central,VSL_2015_USD_x_1.00,461,11,12,0.0031815964906572,8705114.0,27696.16015317086,76813361.45360865
O3_MAIN,O3,Mortality,Respiratory mortality,VSL,Escenario económico central,VSL_2015_USD_x_1.00,462,12,12,0.0101557660220594,8705114.0,88407.10097935359,245190906.06916863
O3_MAIN,O3,Mortality,Respiratory mortality,VSL,Escenario económico central,VSL_2015_USD_x_1.00,463,13,12,0.0109825863669834,8705114.0,95604.66633943633,265152849.7657829
O3_MAIN,O3,Mortality,Respiratory mortality,VSL,Escenario económico central,VSL_2015_USD_x_1.00,464,14,12,0.0115883458407233,8705114.0,100877.87161492217,279777715.4729736
O3_MAIN,O3,Mortality,Respiratory mortality,VSL,Escenario económico central,VSL_2015_USD_x_1.00,465,15,12,0.0123060733513213,8705114.0,107125.77141561396,297105828.2172062
O3_MAIN,O3,Mortality,Respiratory mortality,VSL,Escenario económico central,VSL_2015_USD_x_1.00,466,16,12,0.012135685548653,8705114.0,105642.52616917691,292992151.3533803
O3_MAIN,O3,Mortality,Respiratory mortality,VSL,Escenario económico central,VSL_2015_USD_x_1.00,467,17,12,0.0122960653161428,8705114.0,107038.65032846911,296864203.9804861
O3_MAIN,O3,Mortality,Respiratory mortality,VSL,Escenario económico central,VSL_2015_USD_x_1.00,468,18,12,0.0083529779348343,8705114.0,72713.62516221715,201666149.4336479
O3_MAIN,O3,Mortality,Respiratory mortality,VSL,Escenario económico central,VSL_2015_USD_x_1.00,469,19,12,0.0050405728680363,8705114.0,43878.76144156295,121694673.34487392
O3_MAIN,O3,Mortality,Respiratory mortality,VSL,Escenario económico central,VSL_2015_USD_x_1.00,470,20,12,0.002007340147478,8705114.0,17474.124820572804,48463262.00112123
O3_MAIN,O3,Mortality,Respiratory mortality,VSL,Escenario económico central,VSL_2015_USD_x_1.00,471,21,12,0.0075437907363755,8705114.0,65669.55835229268,182129923.22099906
O3_MAIN,O3,Mortality,Respiratory mortality,VSL,Escenario económico central,VSL_2015_USD_x_1.00,472,22,12,0.0117562593208328,8705114.0,102339.5776014121,283831654.7070843
O3_MAIN,O3,Mortality,Respiratory mortality,VSL,Escenario económico central,VSL_2015_USD_x_1.00,473,23,12,0.0118622526241063,8705114.0,103262.26138964448,286390653.6058817
O3_MAIN,O3,Mortality,Respiratory mortality,VSL,Escenario económico central,VSL_2015_USD_x_1.00,474,24,12,0.0119252461003776,8705114.0,103810.62678184245,287911506.6355653
O3_MAIN,O3,Mortality,Respiratory mortality,VSL,Escenario económico central,VSL_2015_USD_x_1.00,475,25,12,0.0118043776940264,8705114.0,102758.45352555694,284993377.7613854
O3_MAIN,O3,Mortality,Respiratory mortality,VSL,Escenario económico central,VSL_2015_USD_x_1.00,476,26,12,0.0118954513401026,8705114.0,103551.25999704591,287192171.013607
O3_MAIN,O3,Mortality,Respiratory mortality,VSL,Escenario económico central,VSL_2015_USD_x_1.00,477,27,12,0.0119849983641693,8705114.0,104330.77704990728,289354106.9935243
O3_MAIN,O3,Mortality,Respiratory mortality,VSL,Escenario económico central,VSL_2015_USD_x_1.00,478,28,12,0.0118905667285834,8705114.0,103508.73889692556,287074241.7189002
O3_MAIN,O3,Mortality,Respiratory mortality,VSL,Escenario económico central,VSL_2015_USD_x_1.00,479,29,12,0.0124400537739597,8705114.0,108292.08626844942,300340520.81950563
O3_MAIN,O3,Mortality,Respiratory mortality,VSL,Escenario económico central,VSL_2015_USD_x_1.00,480,30,12,0.0125004400443328,8705114.0,108817.75563608207,301798428.0137791
O3_MAIN,O3,Mortality,Respiratory mortality,VSL,Escenario económico central,VSL_2015_USD_x_1.00,481,31,12,0.0140026732876266,8705114.0,121894.86727354434,338066881.74246603
O3_MAIN,O3,Mortality,Respiratory mortality,VSL,Escenario económico central,VSL_2015_USD_x_1.00,482,32,12,0.0139074733923603,8705114.0,121066.14133246314,335768468.3556932
O3_MAIN,O3,Mortality,Respiratory mortality,VSL,Escenario económico central,VSL_2015_USD_x_1.00,483,33,12,0.0128541731731734,8705114.0,111897.04284821618,310338615.54652816
O3_MAIN,O3,Mortality,Respiratory mortality,VSL,Escenario económico central,VSL_2015_USD_x_1.00,484,34,12,0.0126711895609359,8705114.0,110304.14964355696,305920837.74593014
O3_MAIN,O3,Mortality,Respiratory mortality,VSL,Escenario económico central,VSL_2015_USD_x_1.00,485,35,12,0.0158868217491864,8705114.0,138296.59442434701,383555923.8743167
O3_MAIN,O3,Mortality,Respiratory mortality,VSL,Escenario económico central,VSL_2015_USD_x_1.00,486,36,12,0.013537489826455,8705114.0,117845.39221313098,326835946.1256638
O3_MAIN,O3,Mortality,Respiratory mortality,VSL,Escenario económico central,VSL_2015_USD_x_1.00,487,37,12,0.0095877519791069,8705114.0,83462.47398185119,231477329.2154855
O3_MAIN,O3,Mortality,Respiratory mortality,VSL,Escenario económico central,VSL_2015_USD_x_1.00,488,38,12,0.0004505027865137,8705114.0,3921.6781139194213,10876499.73148754
O3_MAIN,O3,Mortality,Respiratory mortality,VSL,Escenario económico central,VSL_2015_USD_x_1.00,503,12,13,1.484186720146186e-05,8705114.0,129.20014596158646,358327.5608142427
O3_MAIN,O3,Mortality,Respiratory mortality,VSL,Escenario económico central,VSL_2015_USD_x_1.00,504,13,13,7.945299393190439e-05,8705114.0,691.6473698185359,1918235.564875822
O3_MAIN,O3,Mortality,Respiratory mortality,VSL,Escenario económico central,VSL_2015_USD_x_1.00,505,14,13,0.0039615063261881,8705114.0,34485.3641811886,95642743.58103389
O3_MAIN,O3,Mortality,Respiratory mortality,VSL,Escenario económico central,VSL_2015_USD_x_1.00,506,15,13,0.0095363019506176,8705114.0,83014.59561854858,230235169.9263512
O3_MAIN,O3,Mortality,Respiratory mortality,VSL,Escenario económico central,VSL_2015_USD_x_1.00,507,16,13,0.0048343328164748,8705114.0,42083.418281354214,116715414.7640562
O3_MAIN,O3,Mortality,Respiratory mortality,VSL,Escenario económico central,VSL_2015_USD_x_1.00,508,17,13,0.0043199270265515,8705114.0,37605.45723781183,104296103.26706447
O3_MAIN,O3,Mortality,Respiratory mortality,VSL,Escenario económico central,VSL_2015_USD_x_1.00,509,18,13,5.631397229011311e-05,8705114.0,490.2195485782757,1359589.602613447
O3_MAIN,O3,Mortality,Respiratory mortality,VSL,Escenario económico central,VSL_2015_USD_x_1.00,513,22,13,0.0039086157233704,8705114.0,34024.9454541318,94365804.47085275
O3_MAIN,O3,Mortality,Respiratory mortality,VSL,Escenario económico central,VSL_2015_USD_x_1.00,514,23,13,0.0106846805410314,8705114.0,93011.36216326001,257960502.1644502
O3_MAIN,O3,Mortality,Respiratory mortality,VSL,Escenario económico central,VSL_2015_USD_x_1.00,515,24,13,0.0117734837053035,8705114.0,102489.51783180937,284247503.440275
O3_MAIN,O3,Mortality,Respiratory mortality,VSL,Escenario económico central,VSL_2015_USD_x_1.00,516,25,13,0.0054481548437038,8705114.0,47426.80900409376,131534934.89622375
O3_MAIN,O3,Mortality,Respiratory mortality,VSL,Escenario económico central,VSL_2015_USD_x_1.00,517,26,13,0.0055225569686606,8705114.0,48074.48798368495,133331227.20859134
O3_MAIN,O3,Mortality,Respiratory mortality,VSL,Escenario económico central,VSL_2015_USD_x_1.00,518,27,13,0.0098113088417685,8705114.0,85408.56195680275,236874667.98785543
O3_MAIN,O3,Mortality,Respiratory mortality,VSL,Escenario económico central,VSL_2015_USD_x_1.00,519,28,13,0.0117590026055822,8705114.0,102363.45820789009,283897885.89750856
O3_MAIN,O3,Mortality,Respiratory mortality,VSL,Escenario económico central,VSL_2015_USD_x_1.00,520,29,13,0.0115860078306196,8705114.0,100857.5189704363,279721268.83817714
O3_MAIN,O3,Mortality,Respiratory mortality,VSL,Escenario económico central,VSL_2015_USD_x_1.00,521,30,13,0.0116686144617204,8705114.0,101576.61911132472,281715642.7419213
O3_MAIN,O3,Mortality,Respiratory mortality,VSL,Escenario económico central,VSL_2015_USD_x_1.00,522,31,13,0.0116589362189234,8705114.0,101492.36890445715,281481980.69068855
O3_MAIN,O3,Mortality,Respiratory mortality,VSL,Escenario económico central,VSL_2015_USD_x_1.00,523,32,13,0.0100266073414355,8705114.0,87282.75994043295,242072624.90159494
O3_MAIN,O3,Mortality,Respiratory mortality,VSL,Escenario económico central,VSL_2015_USD_x_1.00,524,33,13,0.0100354433993802,8705114.0,87359.67883215217,242285954.0634558
O3_MAIN,O3,Mortality,Respiratory mortality,VSL,Escenario económico central,VSL_2015_USD_x_1.00,525,34,13,0.0088946001527895,8705114.0,77428.50831445002,214742547.81454512
O3_MAIN,O3,Mortality,Respiratory mortality,VSL,Escenario económico central,VSL_2015_USD_x_1.00,526,35,13,0.0121022550645852,8705114.0,105351.50999429153,292185038.36346793
O3_MAIN,O3,Mortality,Respiratory mortality,VSL,Escenario económico central,VSL_2015_USD_x_1.00,527,36,13,0.0121471984226981,8705114.0,105742.74705020715,293270106.951456
O3_MAIN,O3,Mortality,Respiratory mortality,VSL,Escenario económico central,VSL_2015_USD_x_1.00,528,37,13,0.0124046370158916,8705114.0,107983.7793519562,299485453.1680958
O3_MAIN,O3,Mortality,Respiratory mortality,VSL,Escenario económico central,VSL_2015_USD_x_1.00,529,38,13,0.0110958078245329,8705114.0,96590.27203465089,267886358.16906178
O3_MAIN,O3,Mortality,Respiratory mortality,VSL,Escenario económico central,VSL_2015_USD_x_1.00,530,39,13,0.0077627447314321,8705114.0,67575.57784001582,187416134.84883505
O3_MAIN,O3,Mortality,Respiratory mortality,VSL,Escenario económico central,VSL_2015_USD_x_1.00,531,40,13,0.0012281664920832,8705114.0,10691.329324564354,29651653.488626517
O3_MAIN,O3,Mortality,Respiratory mortality,VSL,Escenario económico central,VSL_2015_USD_x_1.00,546,14,14,4.581487800272464e-06,8705114.0,39.88237359098103,110610.97138843451
O3_MAIN,O3,Mortality,Respiratory mortality,VSL,Escenario económico central,VSL_2015_USD_x_1.00,547,15,14,0.0006977895654063,8705114.0,6074.3377148722975,16846750.448558275
O3_MAIN,O3,Mortality,Respiratory mortality,VSL,Escenario económico central,VSL_2015_USD_x_1.00,555,23,14,0.0001139758822119,8705114.0,992.1730479051616,2751722.4962516124
O3_MAIN,O3,Mortality,Respiratory mortality,VSL,Escenario económico central,VSL_2015_USD_x_1.00,556,24,14,0.000871370616751,8705114.0,7585.380555067764,21037521.99284159
O3_MAIN,O3,Mortality,Respiratory mortality,VSL,Escenario económico central,VSL_2015_USD_x_1.00,559,27,14,0.0020130639408762,8705114.0,17523.951094616583,48601451.68434247
O3_MAIN,O3,Mortality,Respiratory mortality,VSL,Escenario económico central,VSL_2015_USD_x_1.00,560,28,14,0.0108144257209453,8705114.0,94140.80874536104,261092943.19864663
O3_MAIN,O3,Mortality,Respiratory mortality,VSL,Escenario económico central,VSL_2015_USD_x_1.00,561,29,14,0.0120466071951028,8705114.0,104867.08894659011,290841530.4971414
O3_MAIN,O3,Mortality,Respiratory mortality,VSL,Escenario económico central,VSL_2015_USD_x_1.00,562,30,14,0.0115841964439969,8705114.0,100841.75064338763,279677536.48689055
O3_MAIN,O3,Mortality,Respiratory mortality,VSL,Escenario económico central,VSL_2015_USD_x_1.00,563,31,14,0.0125043303604585,8705114.0,108851.62128145235,301892352.0106184
O3_MAIN,O3,Mortality,Respiratory mortality,VSL,Escenario económico central,VSL_2015_USD_x_1.00,564,32,14,0.0111186907779494,8705114.0,96789.47075279821,268438821.8699331
O3_MAIN,O3,Mortality,Respiratory mortality,VSL,Escenario económico central,VSL_2015_USD_x_1.00,565,33,14,0.0109439742995023,8705114.0,95268.54389023766,264220637.68150184
O3_MAIN,O3,Mortality,Respiratory mortality,VSL,Escenario económico central,VSL_2015_USD_x_1.00,566,34,14,0.0134055211399822,8705114.0,116696.589752955,323649822.918538
O3_MAIN,O3,Mortality,Respiratory mortality,VSL,Escenario económico central,VSL_2015_USD_x_1.00,567,35,14,0.014006310741055,8705114.0,121926.53172030825,338154700.8690545
O3_MAIN,O3,Mortality,Respiratory mortality,VSL,Escenario económico central,VSL_2015_USD_x_1.00,568,36,14,0.0135142919342341,8705114.0,117643.45191678834,326275878.84957826
O3_MAIN,O3,Mortality,Respiratory mortality,VSL,Escenario económico central,VSL_2015_USD_x_1.00,569,37,14,0.0109610096832003,8705114.0,95416.8388473625,264631923.36444056
O3_MAIN,O3,Mortality,Respiratory mortality,VSL,Escenario económico central,VSL_2015_USD_x_1.00,570,38,14,0.0125093628570352,8705114.0,108895.4297378571,302013851.697865
O3_MAIN,O3,Mortality,Respiratory mortality,VSL,Escenario económico central,VSL_2015_USD_x_1.00,571,39,14,0.0116805184622772,8705114.0,101680.24479322773,282003041.31688154
O3_MAIN,O3,Mortality,Respiratory mortality,VSL,Escenario económico central,VSL_2015_USD_x_1.00,572,40,14,0.0071127489627766,8705114.0,61917.29057435206,171723271.19762522
O3_MAIN,O3,Mortality,Respiratory mortality,VSL,Escenario económico central,VSL_2015_USD_x_1.00,573,41,14,0.0035944979256903,8705114.0,31290.51421589759,86782050.84179685
O3_MAIN,O3,Mortality,Respiratory mortality,VSL,Escenario económico central,VSL_2015_USD_x_1.00,601,28,15,0.000521826588005,8705114.0,4542.559936814558,12598472.005559597
O3_MAIN,O3,Mortality,Respiratory mortality,VSL,Escenario económico central,VSL_2015_USD_x_1.00,602,29,15,0.0073085557397143,8705114.0,63621.81088956731,176450638.97545263
O3_MAIN,O3,Mortality,Respiratory mortality,VSL,Escenario económico central,VSL_2015_USD_x_1.00,603,30,15,0.0121945100487729,8705114.0,106154.60014871365,294412352.6904469
O3_MAIN,O3,Mortality,Respiratory mortality,VSL,Escenario económico central,VSL_2015_USD_x_1.00,604,31,15,0.0118564478994893,8705114.0,103211.7306001149,286250509.99827665
O3_MAIN,O3,Mortality,Respiratory mortality,VSL,Escenario económico central,VSL_2015_USD_x_1.00,605,32,15,0.011865487676887,8705114.0,103290.4228928965,286468757.56384593
O3_MAIN,O3,Mortality,Respiratory mortality,VSL,Escenario económico central,VSL_2015_USD_x_1.00,606,33,15,0.013877030208114,8705114.0,120801.1299430761,335033477.8180255
O3_MAIN,O3,Mortality,Respiratory mortality,VSL,Escenario económico central,VSL_2015_USD_x_1.00,607,34,15,0.0130963917143236,8705114.0,114005.58286184237,316186503.67651945
O3_MAIN,O3,Mortality,Respiratory mortality,VSL,Escenario económico central,VSL_2015_USD_x_1.00,608,35,15,0.0128367000194392,8705114.0,111744.93705302045,309916760.7709585
O3_MAIN,O3,Mortality,Respiratory mortality,VSL,Escenario económico central,VSL_2015_USD_x_1.00,609,36,15,0.0124356891998995,8705114.0,108254.09215369393,300235146.8018193
O3_MAIN,O3,Mortality,Respiratory mortality,VSL,Escenario económico central,VSL_2015_USD_x_1.00,610,37,15,0.011407048746607,8705114.0,99299.65974277105,275400655.3203935
O3_MAIN,O3,Mortality,Respiratory mortality,VSL,Escenario económico central,VSL_2015_USD_x_1.00,611,38,15,0.0081069634229607,8705114.0,70572.0407907031,195726615.09015968
O3_MAIN,O3,Mortality,Respiratory mortality,VSL,Escenario económico central,VSL_2015_USD_x_1.00,612,39,15,0.0119446892885931,8705114.0,103979.88195178183,288380924.0015303
O3_MAIN,O3,Mortality,Respiratory mortality,VSL,Escenario económico central,VSL_2015_USD_x_1.00,613,40,15,0.0122958017092312,8705114.0,107036.35560025246,296857839.7124081
O3_MAIN,O3,Mortality,Respiratory mortality,VSL,Escenario económico central,VSL_2015_USD_x_1.00,614,41,15,0.0064023130210337,8705114.0,55732.86471178276,154571198.97759965
O3_MAIN,O3,Mortality,Respiratory mortality,VSL,Escenario económico central,VSL_2015_USD_x_1.00,643,29,16,0.0003326035321169,8705114.0,2895.351663880276,8030055.165155474
O3_MAIN,O3,Mortality,Respiratory mortality,VSL,Escenario económico central,VSL_2015_USD_x_1.00,644,30,16,0.0037419555481012,8705114.0,32574.14962915343,90342123.80598299
O3_MAIN,O3,Mortality,Respiratory mortality,VSL,Escenario económico central,VSL_2015_USD_x_1.00,645,31,16,0.0093625006335384,8705114.0,81501.63534002399,226039080.50108272
O3_MAIN,O3,Mortality,Respiratory mortality,VSL,Escenario económico central,VSL_2015_USD_x_1.00,646,32,16,0.0115367587949732,8705114.0,100428.80050074433,278532248.1727793
O3_MAIN,O3,Mortality,Respiratory mortality,VSL,Escenario económico central,VSL_2015_USD_x_1.00,647,33,16,0.0119226621794816,8705114.0,103788.1334558758,287849122.9705296
O3_MAIN,O3,Mortality,Respiratory mortality,VSL,Escenario económico central,VSL_2015_USD_x_1.00,648,34,16,0.0100569704692386,8705114.0,87547.0744293555,242805682.63460743
O3_MAIN,O3,Mortality,Respiratory mortality,VSL,Escenario económico central,VSL_2015_USD_x_1.00,649,35,16,0.011011953198671,8705114.0,95860.3079570957,265861853.8974479
O3_MAIN,O3,Mortality,Respiratory mortality,VSL,Escenario económico central,VSL_2015_USD_x_1.00,650,36,16,0.0123528476537919,8705114.0,107532.94705089102,298235101.33935267
O3_MAIN,O3,Mortality,Respiratory mortality,VSL,Escenario económico central,VSL_2015_USD_x_1.00,651,37,16,0.018249310234906,8705114.0,158862.3260162235,440593540.8431747
O3_MAIN,O3,Mortality,Respiratory mortality,VSL,Escenario económico central,VSL_2015_USD_x_1.00,652,38,16,0.0117236642977399,8705114.0,102055.83420955577,283044712.27180827
O3_MAIN,O3,Mortality,Respiratory mortality,VSL,Escenario económico central,VSL_2015_USD_x_1.00,653,39,16,0.0120254521982415,8705114.0,104682.93228724286,290330784.89340794
O3_MAIN,O3,Mortality,Respiratory mortality,VSL,Escenario económico central,VSL_2015_USD_x_1.00,654,40,16,0.0122338531842241,8705114.0,106497.0866279338,295362214.9665104
O3_MAIN,O3,Mortality,Respiratory mortality,VSL,Escenario económico central,VSL_2015_USD_x_1.00,655,41,16,0.0038521956515029,8705114.0,33533.80229663701,93003653.30356199
O3_MAIN,O3,Mortality,Respiratory mortality,VSL,Escenario económico central,VSL_2015_USD_x_1.00,686,31,17,0.0023704111681501,8705114.0,20634.69944561979,57228894.48346529
O3_MAIN,O3,Mortality,Respiratory mortality,VSL,Escenario económico central,VSL_2015_USD_x_1.00,687,32,17,0.0069644426676324,8705114.0,60626.26736820416,168142708.70699844
O3_MAIN,O3,Mortality,Respiratory mortality,VSL,Escenario económico central,VSL_2015_USD_x_1.00,688,33,17,0.0106889144204623,8705114.0,93048.21856636825,258062720.81852266
O3_MAIN,O3,Mortality,Respiratory mortality,VSL,Escenario económico central,VSL_2015_USD_x_1.00,689,34,17,0.0021132156605216,8705114.0,18395.783231425827,51019417.087533325
O3_MAIN,O3,Mortality,Respiratory mortality,VSL,Escenario económico central,VSL_2015_USD_x_1.00,690,35,17,0.003654066840352,8705114.0,31809.06840888396,88220224.59725103
O3_MAIN,O3,Mortality,Respiratory mortality,VSL,Escenario económico central,VSL_2015_USD_x_1.00,691,36,17,0.0026538912767134,8705114.0,23102.42610739569,64072961.63903443
O3_MAIN,O3,Mortality,Respiratory mortality,VSL,Escenario económico central,VSL_2015_USD_x_1.00,692,37,17,0.0040173303186506,8705114.0,34971.3183995098,96990503.58875246
O3_MAIN,O3,Mortality,Respiratory mortality,VSL,Escenario económico central,VSL_2015_USD_x_1.00,693,38,17,0.003666610065108,8705114.0,31918.25861031256,88523055.97759916
O3_MAIN,O3,Mortality,Respiratory mortality,VSL,Escenario económico central,VSL_2015_USD_x_1.00,694,39,17,0.0004706301218775,8705114.0,4096.888862777531,11362434.478693089
O3_MAIN,O3,Mortality,Respiratory mortality,VSL,Escenario económico central,VSL_2015_USD_x_1.00,695,40,17,0.0048216241433661,8705114.0,41972.787833154245,116408588.96010497
O3_MAIN,O3,Mortality,Respiratory mortality,VSL,Escenario económico central,VSL_2015_USD_x_1.00,696,41,17,0.0011472583311044,8705114.0,9987.014559713547,27698285.79034634
O3_MAIN,O3,Mortality,Respiratory mortality,VSL,Escenario económico central,VSL_2015_USD_x_1.00,729,33,18,6.10232102103544e-05,8705114.0,531.2140015270991,1473284.8482553023
O3_MAIN,O3,Mortality,Respiratory mortality,VSL,Escenario económico central,VSL_2015_USD_x_1.00,730,34,18,0.0002195454924777,8705114.0,1911.168540204521,5300492.164459424
PM25_MAIN,PM25,Mortality,All-cause mortality,VSL,Escenario económico alto,VSL_2015_USD_x_1.20,0,1,1,0.0054447880295158,10446136.8,56877.00060332449,157744379.78327823
PM25_MAIN,PM25,Mortality,All-cause mortality,VSL,Escenario económico alto,VSL_2015_USD_x_1.20,1,2,1,0.0029120511744061,10446136.8,30419.68493644678,84366866.79328959
PM25_MAIN,PM25,Mortality,All-cause mortality,VSL,Escenario económico alto,VSL_2015_USD_x_1.20,2,3,1,5.5730822007163214e-05,10446136.8,582.1717906632775,1614612.7093792537
PM25_MAIN,PM25,Mortality,All-cause mortality,VSL,Escenario económico alto,VSL_2015_USD_x_1.20,41,1,2,0.0043061637182271,10446136.8,44982.775283796946,124756578.45534095
PM25_MAIN,PM25,Mortality,All-cause mortality,VSL,Escenario económico alto,VSL_2015_USD_x_1.20,42,2,2,0.0068103206161093,10446136.8,71141.54080773803,197306083.52240488
PM25_MAIN,PM25,Mortality,All-cause mortality,VSL,Escenario económico alto,VSL_2015_USD_x_1.20,43,3,2,0.005055130495371,10446136.8,52806.58469649724,146455366.19480634
PM25_MAIN,PM25,Mortality,All-cause mortality,VSL,Escenario económico alto,VSL_2015_USD_x_1.20,44,4,2,0.0006962381306306,10446136.8,7272.998757943519,20171152.94524329
PM25_MAIN,PM25,Mortality,All-cause mortality,VSL,Escenario económico alto,VSL_2015_USD_x_1.20,82,1,3,0.0005030904625336,10446136.8,5255.351794401261,14575350.327146288
PM25_MAIN,PM25,Mortality,All-cause mortality,VSL,Escenario económico alto,VSL_2015_USD_x_1.20,83,2,3,0.0032482092138882,10446136.8,33931.2378032966,94105912.86079688
PM25_MAIN,PM25,Mortality,All-cause mortality,VSL,Escenario económico alto,VSL_2015_USD_x_1.20,84,3,3,0.0069659637165392,10446136.8,72767.4099268049,201815317.7132985
PM25_MAIN,PM25,Mortality,All-cause mortality,VSL,Escenario económico alto,VSL_2015_USD_x_1.20,85,4,3,0.0066585646674693,10446136.8,69556.27740803082,192909466.4517549
PM25_MAIN,PM25,Mortality,All-cause mortality,VSL,Escenario económico alto,VSL_2015_USD_x_1.20,86,5,3,0.0052733322410641,10446136.8,55085.94998200617,152777026.25859535
PM25_MAIN,PM25,Mortality,All-cause mortality,VSL,Escenario económico alto,VSL_2015_USD_x_1.20,87,6,3,0.0017606283089846,10446136.8,18391.7641696058,51008270.50090981
PM25_MAIN,PM25,Mortality,All-cause mortality,VSL,Escenario económico alto,VSL_2015_USD_x_1.20,91,10,3,0.0004132527086812,10446136.8,4316.894327854363,11972604.235701125
PM25_MAIN,PM25,Mortality,All-cause mortality,VSL,Escenario económico alto,VSL_2015_USD_x_1.20,125,3,4,0.0028493700152057,10446136.8,29764.908972656824,82550891.49203561
PM25_MAIN,PM25,Mortality,All-cause mortality,VSL,Escenario económico alto,VSL_2015_USD_x_1.20,126,4,4,0.0073202100682491,10446136.8,76467.91577766744,212078411.65525618
PM25_MAIN,PM25,Mortality,All-cause mortality,VSL,Escenario económico alto,VSL_2015_USD_x_1.20,127,5,4,0.0071237456321039,10446136.8,74415.62140135982,206386516.86317337
PM25_MAIN,PM25,Mortality,All-cause mortality,VSL,Escenario económico alto,VSL_2015_USD_x_1.20,128,6,4,0.0069671124617235,10446136.8,72779.40987614845,201848598.73280638
PM25_MAIN,PM25,Mortality,All-cause mortality,VSL,Escenario económico alto,VSL_2015_USD_x_1.20,129,7,4,0.0054874822872655,10446136.8,57322.99066035231,158981301.9871409
PM25_MAIN,PM25,Mortality,All-cause mortality,VSL,Escenario económico alto,VSL_2015_USD_x_1.20,130,8,4,0.0039324085874893,10446136.8,41078.478058408,113928283.40153049
PM25_MAIN,PM25,Mortality,All-cause mortality,VSL,Escenario económico alto,VSL_2015_USD_x_1.20,131,9,4,0.0038602788430629,10446136.8,40325.00088078078,111838567.19278383
PM25_MAIN,PM25,Mortality,All-cause mortality,VSL,Escenario económico alto,VSL_2015_USD_x_1.20,132,10,4,0.0065758019738853,10446136.8,68691.72698891588,190511696.38286895
PM25_MAIN,PM25,Mortality,All-cause mortality,VSL,Escenario económico alto,VSL_2015_USD_x_1.20,133,11,4,0.005632724306588,10446136.8,58840.2086633034,163189199.91306552
PM25_MAIN,PM25,Mortality,All-cause mortality,VSL,Escenario económico alto,VSL_2015_USD_x_1.20,134,12,4,0.0051402565956332,10446136.8,53695.82358508669,148921608.00558698
PM25_MAIN,PM25,Mortality,All-cause mortality,VSL,Escenario económico alto,VSL_2015_USD_x_1.20,135,13,4,0.0021357829816503,10446136.8,22310.68120143092,61877112.56448456
PM25_MAIN,PM25,Mortality,All-cause mortality,VSL,Escenario económico alto,VSL_2015_USD_x_1.20,136,14,4,0.0004924644289688,10446136.8,5144.350794141968,14267496.822997158
PM25_MAIN,PM25,Mortality,All-cause mortality,VSL,Escenario económico alto,VSL_2015_USD_x_1.20,166,3,5,4.4965113577662096e-06,10446136.8,46.971172765979574,130271.25968435072
PM25_MAIN,PM25,Mortality,All-cause mortality,VSL,Escenario económico alto,VSL_2015_USD_x_1.20,167,4,5,0.0048590631561765,10446136.8,50758.43844925948,140774975.94832972
PM25_MAIN,PM25,Mortality,All-cause mortality,VSL,Escenario económico alto,VSL_2015_USD_x_1.20,168,5,5,0.0071260019526483,10446136.8,74439.19123443127,206451886.1453087
PM25_MAIN,PM25,Mortality,All-cause mortality,VSL,Escenario económico alto,VSL_2015_USD_x_1.20,169,6,5,0.0071110203599266,10446136.8,74282.6914673785,206017844.99637157
PM25_MAIN,PM25,Mortality,All-cause mortality,VSL,Escenario económico alto,VSL_2015_USD_x_1.20,170,7,5,0.0072766013120736,10446136.8,76012.37274498033,210814994.94211078
PM25_MAIN,PM25,Mortality,All-cause mortality,VSL,Escenario económico alto,VSL_2015_USD_x_1.20,171,8,5,0.0075138892496646,10446136.8,78491.11500204577,217689613.08012378
PM25_MAIN,PM25,Mortality,All-cause mortality,VSL,Escenario económico alto,VSL_2015_USD_x_1.20,172,9,5,0.0073051774818546,10446136.8,76310.88332373268,211642893.1365399
PM25_MAIN,PM25,Mortality,All-cause mortality,VSL,Escenario económico alto,VSL_2015_USD_x_1.20,173,10,5,0.007206723048462,10446136.8,75282.41484394709,208790507.80064815
PM25_MAIN,PM25,Mortality,All-cause mortality,VSL,Escenario económico alto,VSL_2015_USD_x_1.20,174,11,5,0.0074718377470813,10446136.8,78051.83925341506,216471312.54059893
PM25_MAIN,PM25,Mortality,All-cause mortality,VSL,Escenario económico alto,VSL_2015_USD_x_1.20,175,12,5,0.0073211925442919,10446136.8,76478.17885681326,212106875.5868516
PM25_MAIN,PM25,Mortality,All-cause mortality,VSL,Escenario económico alto,VSL_2015_USD_x_1.20,176,13,5,0.007054950577935,10446136.8,73696.97885434808,204393412.06401458
PM25_MAIN,PM25,Mortality,All-cause mortality,VSL,Escenario económico alto,VSL_2015_USD_x_1.20,177,14,5,0.0062557319265988,10446136.8,65348.231489378624,181238745.65958735
PM25_MAIN,PM25,Mortality,All-cause mortality,VSL,Escenario económico alto,VSL_2015_USD_x_1.20,178,15,5,0.0025397521353518,10446136.8,26530.59824397702,73580757.08779319
PM25_MAIN,PM25,Mortality,All-cause mortality,VSL,Escenario económico alto,VSL_2015_USD_x_1.20,208,4,6,0.0037842001878997,10446136.8,39530.27284138597,109634444.6064851
PM25_MAIN,PM25,Mortality,All-cause mortality,VSL,Escenario económico alto,VSL_2015_USD_x_1.20,209,5,6,0.0017379504898414,10446136.8,18154.868568510276,50351257.13396345
PM25_MAIN,PM25,Mortality,All-cause mortality,VSL,Escenario económico alto,VSL_2015_USD_x_1.20,210,6,6,0.0022038132423942,10446136.8,23021.334611701375,63848060.052130945
PM25_MAIN,PM25,Mortality,All-cause mortality,VSL,Escenario económico alto,VSL_2015_USD_x_1.20,211,7,6,0.0069351905168781,10446136.8,72445.94887337135,200923767.9838743
PM25_MAIN,PM25,Mortality,All-cause mortality,VSL,Escenario económico alto,VSL_2015_USD_x_1.20,212,8,6,0.0069237381422898,10446136.8,72326.31580173712,200591974.03401175
PM25_MAIN,PM25,Mortality,All-cause mortality,VSL,Escenario económico alto,VSL_2015_USD_x_1.20,213,9,6,0.0069794050468785,10446136.8,72907.81990230324,202204734.95164484
PM25_MAIN,PM25,Mortality,All-cause mortality,VSL,Escenario económico alto,VSL_2015_USD_x_1.20,214,10,6,0.0069745561817075,10446136.8,72857.16799340221,202064255.42794147
PM25_MAIN,PM25,Mortality,All-cause mortality,VSL,Escenario económico alto,VSL_2015_USD_x_1.20,215,11,6,0.0069613758803435,10446136.8,72719.48476228864,201682400.6242742
PM25_MAIN,PM25,Mortality,All-cause mortality,VSL,Escenario económico alto,VSL_2015_USD_x_1.20,216,12,6,0.0070602357829384,10446136.8,73752.18882882963,204546533.06354097
PM25_MAIN,PM25,Mortality,All-cause mortality,VSL,Escenario económico alto,VSL_2015_USD_x_1.20,217,13,6,0.0071654490957658,10446136.8,74851.26148780585,207594734.14812538
PM25_MAIN,PM25,Mortality,All-cause mortality,VSL,Escenario económico alto,VSL_2015_USD_x_1.20,218,14,6,0.0064891667451166,10446136.8,67786.72353749874,188001732.6606051
PM25_MAIN,PM25,Mortality,All-cause mortality,VSL,Escenario económico alto,VSL_2015_USD_x_1.20,219,15,6,0.0004283541260857,10446136.8,4474.645799935672,12410116.90091559
PM25_MAIN,PM25,Mortality,All-cause mortality,VSL,Escenario económico alto,VSL_2015_USD_x_1.20,251,6,7,5.914927565589015e-06,10446136.8,61.788142512233826,171365.08808770464
PM25_MAIN,PM25,Mortality,All-cause mortality,VSL,Escenario económico alto,VSL_2015_USD_x_1.20,252,7,7,0.0022659637554106,10446136.8,23670.56737286087,65648661.66891352
PM25_MAIN,PM25,Mortality,All-cause mortality,VSL,Escenario económico alto,VSL_2015_USD_x_1.20,253,8,7,0.0062564677272422,10446136.8,65355.91776355712,181260063.0029822
PM25_MAIN,PM25,Mortality,All-cause mortality,VSL,Escenario económico alto,VSL_2015_USD_x_1.20,254,9,7,0.0070301692893892,10446136.8,73438.11012411838,203675457.76153362
PM25_MAIN,PM25,Mortality,All-cause mortality,VSL,Escenario económico alto,VSL_2015_USD_x_1.20,255,10,7,0.0071434501377644,10446136.8,74621.45736306577,206957388.49444747
PM25_MAIN,PM25,Mortality,All-cause mortality,VSL,Escenario económico alto,VSL_2015_USD_x_1.20,256,11,7,0.0070865298318215,10446136.8,74026.86006048838,205308314.4975603
PM25_MAIN,PM25,Mortality,All-cause mortality,VSL,Escenario económico alto,VSL_2015_USD_x_1.20,257,12,7,0.0070084765803811,10446136.8,73211.50511825718,203046984.640128
PM25_MAIN,PM25,Mortality,All-cause mortality,VSL,Escenario económico alto,VSL_2015_USD_x_1.20,258,13,7,0.0071133867097003,10446136.8,74307.41068083122,206086402.00453773
PM25_MAIN,PM25,Mortality,All-cause mortality,VSL,Escenario económico alto,VSL_2015_USD_x_1.20,259,14,7,0.0036349988682663,10446136.8,37971.69544575495,105311839.30012015
PM25_MAIN,PM25,Mortality,All-cause mortality,VSL,Escenario económico alto,VSL_2015_USD_x_1.20,294,8,8,0.0008528633706875,10446136.8,8909.127441910736,24708841.32121849
PM25_MAIN,PM25,Mortality,All-cause mortality,VSL,Escenario económico alto,VSL_2015_USD_x_1.20,295,9,8,0.0046337167586372,10446136.8,48404.43915317678,134246323.68059507
PM25_MAIN,PM25,Mortality,All-cause mortality,VSL,Escenario económico alto,VSL_2015_USD_x_1.20,296,10,8,0.0068874733888186,10446136.8,71947.48922595869,199541325.04395062
PM25_MAIN,PM25,Mortality,All-cause mortality,VSL,Escenario económico alto,VSL_2015_USD_x_1.20,297,11,8,0.0070034163232088,10446136.8,73158.64497959215,202900380.74575025
PM25_MAIN,PM25,Mortality,All-cause mortality,VSL,Escenario económico alto,VSL_2015_USD_x_1.20,298,12,8,0.0070427405207229,10446136.8,73569.43092637465,204039666.81413525
PM25_MAIN,PM25,Mortality,All-cause mortality,VSL,Escenario económico alto,VSL_2015_USD_x_1.20,299,13,8,0.0072490963767166,10446136.8,75725.05242756594,210018132.1541842
PM25_MAIN,PM25,Mortality,All-cause mortality,VSL,Escenario económico alto,VSL_2015_USD_x_1.20,300,14,8,0.0053089081667364,10446136.8,55457.58096836565,153807718.78509432
PM25_MAIN,PM25,Mortality,All-cause mortality,VSL,Escenario económico alto,VSL_2015_USD_x_1.20,301,15,8,0.0028339756679739,10446136.8,29604.09751552674,82104892.17248732
PM25_MAIN,PM25,Mortality,All-cause mortality,VSL,Escenario económico alto,VSL_2015_USD_x_1.20,302,16,8,0.0025711752510956,10446136.8,26858.848409718987,74491135.94496693
PM25_MAIN,PM25,Mortality,All-cause mortality,VSL,Escenario económico alto,VSL_2015_USD_x_1.20,303,17,8,0.0019686188420686,10446136.8,20564.46173130619,57034095.09945653
PM25_MAIN,PM25,Mortality,All-cause mortality,VSL,Escenario económico alto,VSL_2015_USD_x_1.20,304,18,8,0.0006701887471298,10446136.8,7000.883334338499,19416459.86595442
PM25_MAIN,PM25,Mortality,All-cause mortality,VSL,Escenario económico alto,VSL_2015_USD_x_1.20,337,10,9,0.0010321439390995,10446136.8,10781.916785124246,29902891.469367135
PM25_MAIN,PM25,Mortality,All-cause mortality,VSL,Escenario económico alto,VSL_2015_USD_x_1.20,338,11,9,0.0058859723358207,10446136.8,61485.672220998575,170526207.90788406
PM25_MAIN,PM25,Mortality,All-cause mortality,VSL,Escenario económico alto,VSL_2015_USD_x_1.20,339,12,9,0.0072330397319524,10446136.8,75557.3225198101,209552944.9961169
PM25_MAIN,PM25,Mortality,All-cause mortality,VSL,Escenario económico alto,VSL_2015_USD_x_1.20,340,13,9,0.007041418177013,10446136.8,73555.61754308442,204001356.3625166
PM25_MAIN,PM25,Mortality,All-cause mortality,VSL,Escenario económico alto,VSL_2015_USD_x_1.20,341,14,9,0.0069719630775166,10446136.8,72830.08007228741,201989128.97488406
PM25_MAIN,PM25,Mortality,All-cause mortality,VSL,Escenario económico alto,VSL_2015_USD_x_1.20,342,15,9,0.0070353381264074,10446136.8,73492.1045027074,203825207.39094377
PM25_MAIN,PM25,Mortality,All-cause mortality,VSL,Escenario económico alto,VSL_2015_USD_x_1.20,343,16,9,0.0072232013760765,10446136.8,75454.54970844337,209267911.7978881
PM25_MAIN,PM25,Mortality,All-cause mortality,VSL,Escenario económico alto,VSL_2015_USD_x_1.20,344,17,9,0.0072699927975778,10446136.8,75943.33929851241,210623535.51067325
PM25_MAIN,PM25,Mortality,All-cause mortality,VSL,Escenario económico alto,VSL_2015_USD_x_1.20,345,18,9,0.0068406118930007,10446136.8,71457.96762999229,198183671.1640495
PM25_MAIN,PM25,Mortality,All-cause mortality,VSL,Escenario económico alto,VSL_2015_USD_x_1.20,346,19,9,0.0027012630552481,10446136.8,28217.763407907612,78259991.5683932
PM25_MAIN,PM25,Mortality,All-cause mortality,VSL,Escenario económico alto,VSL_2015_USD_x_1.20,347,20,9,0.000172912283075,10446136.8,1806.2653634017747,5009550.546819384
PM25_MAIN,PM25,Mortality,All-cause mortality,VSL,Escenario económico alto,VSL_2015_USD_x_1.20,348,21,9,0.002584707662744,10446136.8,27000.20983303209,74883191.95722619
PM25_MAIN,PM25,Mortality,All-cause mortality,VSL,Escenario económico alto,VSL_2015_USD_x_1.20,349,22,9,0.0024361623225354,10446136.8,25448.48488821051,70579591.44350967
PM25_MAIN,PM25,Mortality,All-cause mortality,VSL,Escenario económico alto,VSL_2015_USD_x_1.20,350,23,9,0.0034396270596962,10446136.8,35930.814806568276,99651599.70898065
PM25_MAIN,PM25,Mortality,All-cause mortality,VSL,Escenario económico alto,VSL_2015_USD_x_1.20,351,24,9,0.0025724056969778,10446136.8,26871.701815729448,74526783.96679851
PM25_MAIN,PM25,Mortality,All-cause mortality,VSL,Escenario económico alto,VSL_2015_USD_x_1.20,352,25,9,0.0009600798736301,10446136.8,10029.125698866737,27815078.087007973
PM25_MAIN,PM25,Mortality,All-cause mortality,VSL,Escenario económico alto,VSL_2015_USD_x_1.20,353,26,9,2.3042675952875478e-06,10446136.8,24.070694524180762,66758.38631419865
PM25_MAIN,PM25,Mortality,All-cause mortality,VSL,Escenario económico alto,VSL_2015_USD_x_1.20,360,33,9,0.0022688077342307,10446136.8,23700.275964671935,65731056.36870008
PM25_MAIN,PM25,Mortality,All-cause mortality,VSL,Escenario económico alto,VSL_2015_USD_x_1.20,361,34,9,0.0017385663967959,10446136.8,18161.302416813054,50369100.96186183
PM25_MAIN,PM25,Mortality,All-cause mortality,VSL,Escenario económico alto,VSL_2015_USD_x_1.20,379,11,10,0.004358271008702,10446136.8,45527.09516837509,126266211.55282652
PM25_MAIN,PM25,Mortality,All-cause mortality,VSL,Escenario económico alto,VSL_2015_USD_x_1.20,380,12,10,0.0068359527382061,10446136.8,71409.2974616355,198048687.85902375
PM25_MAIN,PM25,Mortality,All-cause mortality,VSL,Escenario económico alto,VSL_2015_USD_x_1.20,381,13,10,0.0071120911644971,10446136.8,74293.87723840802,206048867.94931796
PM25_MAIN,PM25,Mortality,All-cause mortality,VSL,Escenario económico alto,VSL_2015_USD_x_1.20,382,14,10,0.007053094039617,10446136.8,73677.58520110381,204339625.12429732
PM25_MAIN,PM25,Mortality,All-cause mortality,VSL,Escenario económico alto,VSL_2015_USD_x_1.20,383,15,10,0.0071561224447189,10446136.8,74753.83401508407,207324525.87245458
PM25_MAIN,PM25,Mortality,All-cause mortality,VSL,Escenario económico alto,VSL_2015_USD_x_1.20,384,16,10,0.0071392638237956,10446136.8,74577.72655465994,206836104.1584905
PM25_MAIN,PM25,Mortality,All-cause mortality,VSL,Escenario económico alto,VSL_2015_USD_x_1.20,385,17,10,0.0069905815294539,10446136.8,73024.57096822867,202528535.86041442
PM25_MAIN,PM25,Mortality,All-cause mortality,VSL,Escenario económico alto,VSL_2015_USD_x_1.20,386,18,10,0.0070212206596981,10446136.8,73344.6315141926,203416201.38040718
PM25_MAIN,PM25,Mortality,All-cause mortality,VSL,Escenario económico alto,VSL_2015_USD_x_1.20,387,19,10,0.0071015467032961,10446136.8,74183.72835422007,205743377.72944456
PM25_MAIN,PM25,Mortality,All-cause mortality,VSL,Escenario económico alto,VSL_2015_USD_x_1.20,388,20,10,0.0068958943573022,10446136.8,72035.45581472685,199785294.22023788
PM25_MAIN,PM25,Mortality,All-cause mortality,VSL,Escenario económico alto,VSL_2015_USD_x_1.20,389,21,10,0.0069969443256167,10446136.8,73091.0376073758,202712876.43142423
PM25_MAIN,PM25,Mortality,All-cause mortality,VSL,Escenario económico alto,VSL_2015_USD_x_1.20,390,22,10,0.0071833278064729,10446136.8,75038.02494565985,208112709.5250414
PM25_MAIN,PM25,Mortality,All-cause mortality,VSL,Escenario económico alto,VSL_2015_USD_x_1.20,391,23,10,0.0070319880949038,10446136.8,73457.10961533649,203728151.52046266
PM25_MAIN,PM25,Mortality,All-cause mortality,VSL,Escenario económico alto,VSL_2015_USD_x_1.20,392,24,10,0.0069937627147811,10446136.8,73057.80206534277,202620699.9820836
PM25_MAIN,PM25,Mortality,All-cause mortality,VSL,Escenario económico alto,VSL_2015_USD_x_1.20,393,25,10,0.0071123912852749,10446136.8,74297.01234110944,206057562.93720314
PM25_MAIN,PM25,Mortality,All-cause mortality,VSL,Escenario económico alto,VSL_2015_USD_x_1.20,394,26,10,0.0052512060248895,10446136.8,54854.81650097993,152135993.72831276
PM25_MAIN,PM25,Mortality,All-cause mortality,VSL,Escenario económico alto,VSL_2015_USD_x_1.20,395,27,10,0.0023980482159288,10446136.8,25050.339716588183,69475363.68017717
PM25_MAIN,PM25,Mortality,All-cause mortality,VSL,Escenario económico alto,VSL_2015_USD_x_1.20,396,28,10,0.0005924125413253,10446136.8,6188.422448719737,17163156.47195278
PM25_MAIN,PM25,Mortality,All-cause mortality,VSL,Escenario económico alto,VSL_2015_USD_x_1.20,397,29,10,0.000205059417192,10446136.8,2142.078724115904,5940905.395824771
PM25_MAIN,PM25,Mortality,All-cause mortality,VSL,Escenario económico alto,VSL_2015_USD_x_1.20,398,30,10,0.0008399665639146,10446136.8,8774.405634077855,24335199.817720544
PM25_MAIN,PM25,Mortality,All-cause mortality,VSL,Escenario económico alto,VSL_2015_USD_x_1.20,400,32,10,0.0006070505844726,10446136.8,6341.333449920736,17587244.430013664
PM25_MAIN,PM25,Mortality,All-cause mortality,VSL,Escenario económico alto,VSL_2015_USD_x_1.20,401,33,10,0.0069574567244447,10446136.8,72678.54472362925,201568856.29285505
PM25_MAIN,PM25,Mortality,All-cause mortality,VSL,Escenario económico alto,VSL_2015_USD_x_1.20,402,34,10,0.0059145701464985,10446136.8,61784.40886351938,171354733.07435054
PM25_MAIN,PM25,Mortality,All-cause mortality,VSL,Escenario económico alto,VSL_2015_USD_x_1.20,403,35,10,5.7430017434173365e-05,10446136.8,599.92181854376,1663841.1692038202
PM25_MAIN,PM25,Mortality,All-cause mortality,VSL,Escenario económico alto,VSL_2015_USD_x_1.20,420,11,11,0.0036650888947028,10446136.8,38286.01997822625,106183596.38821203
PM25_MAIN,PM25,Mortality,All-cause mortality,VSL,Escenario económico alto,VSL_2015_USD_x_1.20,421,12,11,0.0070395652037219,10446136.8,73536.26113059884,203947672.70743674
PM25_MAIN,PM25,Mortality,All-cause mortality,VSL,Escenario económico alto,VSL_2015_USD_x_1.20,422,13,11,0.0072050936689411,10446136.8,75265.39412257264,208743302.02136663
PM25_MAIN,PM25,Mortality,All-cause mortality,VSL,Escenario económico alto,VSL_2015_USD_x_1.20,423,14,11,0.0070366503784649,10446136.8,73505.81246721612,203863225.4709512
PM25_MAIN,PM25,Mortality,All-cause mortality,VSL,Escenario económico alto,VSL_2015_USD_x_1.20,424,15,11,0.0068352044383478,10446136.8,71401.48061894829,198027008.39300975
PM25_MAIN,PM25,Mortality,All-cause mortality,VSL,Escenario económico alto,VSL_2015_USD_x_1.20,425,16,11,0.0069138378729231,10446136.8,72222.89623357572,200305147.1010859
PM25_MAIN,PM25,Mortality,All-cause mortality,VSL,Escenario económico alto,VSL_2015_USD_x_1.20,426,17,11,0.0070634854814918,10446136.8,73786.13562447722,204640682.12499383
PM25_MAIN,PM25,Mortality,All-cause mortality,VSL,Escenario económico alto,VSL_2015_USD_x_1.20,427,18,11,0.0072739536744932,10446136.8,75984.71516061864,210738288.56791455
PM25_MAIN,PM25,Mortality,All-cause mortality,VSL,Escenario económico alto,VSL_2015_USD_x_1.20,428,19,11,0.006858718405077,10446136.8,71647.11073211217,198708246.31776184
PM25_MAIN,PM25,Mortality,All-cause mortality,VSL,Escenario económico alto,VSL_2015_USD_x_1.20,429,20,11,0.0071176039945142,10446136.8,74351.46501492179,206208583.61633453
PM25_MAIN,PM25,Mortality,All-cause mortality,VSL,Escenario económico alto,VSL_2015_USD_x_1.20,430,21,11,0.0070996357933711,10446136.8,74163.76672773104,205688015.5556911
PM25_MAIN,PM25,Mortality,All-cause mortality,VSL,Escenario económico alto,VSL_2015_USD_x_1.20,431,22,11,0.0069540765163953,10446136.8,72643.23460793275,201470926.15867892
PM25_MAIN,PM25,Mortality,All-cause mortality,VSL,Escenario económico alto,VSL_2015_USD_x_1.20,432,23,11,0.0070902522403796,10446136.8,74065.74484951179,205416158.73798147
PM25_MAIN,PM25,Mortality,All-cause mortality,VSL,Escenario económico alto,VSL_2015_USD_x_1.20,433,24,11,0.0069731189005877,10446136.8,72842.15395820473,202022615.05230373
PM25_MAIN,PM25,Mortality,All-cause mortality,VSL,Escenario económico alto,VSL_2015_USD_x_1.20,434,25,11,0.0070796318696494,10446136.8,73954.8030039974,205108469.29537648
PM25_MAIN,PM25,Mortality,All-cause mortality,VSL,Escenario económico alto,VSL_2015_USD_x_1.20,435,26,11,0.0070830818577054,10446136.8,73990.84205118875,205208421.07002842
PM25_MAIN,PM25,Mortality,All-cause mortality,VSL,Escenario económico alto,VSL_2015_USD_x_1.20,436,27,11,0.0070999755475215,10446136.8,74167.31584606449,205697858.78695062
PM25_MAIN,PM25,Mortality,All-cause mortality,VSL,Escenario económico alto,VSL_2015_USD_x_1.20,437,28,11,0.0072596993166956,10446136.8,75835.81218906876,210325316.59952897
PM25_MAIN,PM25,Mortality,All-cause mortality,VSL,Escenario económico alto,VSL_2015_USD_x_1.20,438,29,11,0.0067090279754446,10446136.8,70083.42402652134,194371470.69787508
PM25_MAIN,PM25,Mortality,All-cause mortality,VSL,Escenario económico alto,VSL_2015_USD_x_1.20,439,30,11,0.0068884684948901,10446136.8,71957.8842401121,199570154.88805407
PM25_MAIN,PM25,Mortality,All-cause mortality,VSL,Escenario económico alto,VSL_2015_USD_x_1.20,440,31,11,0.0064799137079786,10446136.8,67690.06504573971,187733657.0998059
PM25_MAIN,PM25,Mortality,All-cause mortality,VSL,Escenario económico alto,VSL_2015_USD_x_1.20,441,32,11,0.0090043659389796,10446136.8,94060.83839584135,260871151.03217825
PM25_MAIN,PM25,Mortality,All-cause mortality,VSL,Escenario económico alto,VSL_2015_USD_x_1.20,442,33,11,0.0102001798282378,10446136.8,106552.47387037256,295515827.6063073
PM25_MAIN,PM25,Mortality,All-cause mortality,VSL,Escenario económico alto,VSL_2015_USD_x_1.20,443,34,11,0.0069156944750014,10446136.8,72242.29055286881,200358935.88804293
PM25_MAIN,PM25,Mortality,All-cause mortality,VSL,Escenario económico alto,VSL_2015_USD_x_1.20,444,35,11,0.0036867392551291,10446136.8,38512.18260500868,106810842.60220923
PM25_MAIN,PM25,Mortality,All-cause mortality,VSL,Escenario económico alto,VSL_2015_USD_x_1.20,445,36,11,0.0048298794698507,10446136.8,50453.58166957189,139929477.00984076
PM25_MAIN,PM25,Mortality,All-cause mortality,VSL,Escenario económico alto,VSL_2015_USD_x_1.20,446,37,11,0.0006319179767276,10446136.8,6601.1016312757265,18307693.297229037
PM25_MAIN,PM25,Mortality,All-cause mortality,VSL,Escenario económico alto,VSL_2015_USD_x_1.20,461,11,12,0.0018365106701371,10446136.8,19184.441694911824,53206706.1299193
PM25_MAIN,PM25,Mortality,All-cause mortality,VSL,Escenario económico alto,VSL_2015_USD_x_1.20,462,12,12,0.0058669220545887,10446136.8,61286.67037717063,169974290.22415632
PM25_MAIN,PM25,Mortality,All-cause mortality,VSL,Escenario económico alto,VSL_2015_USD_x_1.20,463,13,12,0.0063437572870004,10446136.8,66267.75644600304,183788983.7600382
PM25_MAIN,PM25,Mortality,All-cause mortality,VSL,Escenario económico alto,VSL_2015_USD_x_1.20,464,14,12,0.0065445660323585,10446136.8,68365.43207065013,189606740.26770318
PM25_MAIN,PM25,Mortality,All-cause mortality,VSL,Escenario económico alto,VSL_2015_USD_x_1.20,465,15,12,0.0070581653710588,10446136.8,73730.56102310299,204486549.8583045
PM25_MAIN,PM25,Mortality,All-cause mortality,VSL,Escenario económico alto,VSL_2015_USD_x_1.20,466,16,12,0.0071321054920445,10446136.8,74502.94964192816,206628715.62541282
PM25_MAIN,PM25,Mortality,All-cause mortality,VSL,Escenario económico alto,VSL_2015_USD_x_1.20,467,17,12,0.006916523865969,10446136.8,72250.95448437704,200382964.6956058
PM25_MAIN,PM25,Mortality,All-cause mortality,VSL,Escenario económico alto,VSL_2015_USD_x_1.20,468,18,12,0.0047923784222399,10446136.8,50061.840596086164,138843010.56440324
PM25_MAIN,PM25,Mortality,All-cause mortality,VSL,Escenario económico alto,VSL_2015_USD_x_1.20,469,19,12,0.0030318128768656,10446136.8,31670.732063739615,87836558.42753735
PM25_MAIN,PM25,Mortality,All-cause mortality,VSL,Escenario económico alto,VSL_2015_USD_x_1.20,470,20,12,0.0011633426105302,10446136.8,12152.43605486759,33703930.72765142
PM25_MAIN,PM25,Mortality,All-cause mortality,VSL,Escenario económico alto,VSL_2015_USD_x_1.20,471,21,12,0.0045186580355494,10446136.8,47202.5199917683,130912885.02076994
PM25_MAIN,PM25,Mortality,All-cause mortality,VSL,Escenario económico alto,VSL_2015_USD_x_1.20,472,22,12,0.0072426451574494,10446136.8,75657.66210857398,209831229.82178232
PM25_MAIN,PM25,Mortality,All-cause mortality,VSL,Escenario económico alto,VSL_2015_USD_x_1.20,473,23,12,0.0069939551938983,10446136.8,73059.81272853217,202626276.41569296
PM25_MAIN,PM25,Mortality,All-cause mortality,VSL,Escenario económico alto,VSL_2015_USD_x_1.20,474,24,12,0.0069500945926702,10446136.8,72601.6388879732,201355563.3410715
PM25_MAIN,PM25,Mortality,All-cause mortality,VSL,Escenario económico alto,VSL_2015_USD_x_1.20,475,25,12,0.0072304205856101,10446136.8,75529.96255881921,209477064.05950597
PM25_MAIN,PM25,Mortality,All-cause mortality,VSL,Escenario económico alto,VSL_2015_USD_x_1.20,476,26,12,0.0072260212918375,10446136.8,75484.00693424726,209349609.35164934
PM25_MAIN,PM25,Mortality,All-cause mortality,VSL,Escenario económico alto,VSL_2015_USD_x_1.20,477,27,12,0.0072373094603123,10446136.8,75601.92468635646,209676645.98288158
PM25_MAIN,PM25,Mortality,All-cause mortality,VSL,Escenario económico alto,VSL_2015_USD_x_1.20,478,28,12,0.0071540717512356,10446136.8,74732.41219042265,207265113.94128388
PM25_MAIN,PM25,Mortality,All-cause mortality,VSL,Escenario económico alto,VSL_2015_USD_x_1.20,479,29,12,0.0070478575392708,10446136.8,73622.88400213416,204187915.17803892
PM25_MAIN,PM25,Mortality,All-cause mortality,VSL,Escenario económico alto,VSL_2015_USD_x_1.20,480,30,12,0.0070545190641118,10446136.8,73692.47120191983,204380910.40554053
PM25_MAIN,PM25,Mortality,All-cause mortality,VSL,Escenario económico alto,VSL_2015_USD_x_1.20,481,31,12,0.0071731448966782,10446136.8,74931.65287692235,207817694.03844273
PM25_MAIN,PM25,Mortality,All-cause mortality,VSL,Escenario económico alto,VSL_2015_USD_x_1.20,482,32,12,0.0105994512023393,10446136.8,110723.31726456081,307083369.8010509
PM25_MAIN,PM25,Mortality,All-cause mortality,VSL,Escenario económico alto,VSL_2015_USD_x_1.20,483,33,12,0.0079595839375523,10446136.8,83146.902682754,230602114.3074304
PM25_MAIN,PM25,Mortality,All-cause mortality,VSL,Escenario económico alto,VSL_2015_USD_x_1.20,484,34,12,0.0077139213526712,10446136.8,80580.6777144444,223484868.99357155
PM25_MAIN,PM25,Mortality,All-cause mortality,VSL,Escenario económico alto,VSL_2015_USD_x_1.20,485,35,12,0.00969442081045,10446136.8,101269.24598272757,280863164.8858761
PM25_MAIN,PM25,Mortality,All-cause mortality,VSL,Escenario económico alto,VSL_2015_USD_x_1.20,486,36,12,0.0077847041787296,10446136.8,81320.08479854105,225535562.7828177
PM25_MAIN,PM25,Mortality,All-cause mortality,VSL,Escenario económico alto,VSL_2015_USD_x_1.20,487,37,12,0.0056070873716577,10446136.8,58572.40173388878,162446456.14081913
PM25_MAIN,PM25,Mortality,All-cause mortality,VSL,Escenario económico alto,VSL_2015_USD_x_1.20,488,38,12,0.0005016223306174,10446136.8,5240.015487564188,14532816.153675146
PM25_MAIN,PM25,Mortality,All-cause mortality,VSL,Escenario económico alto,VSL_2015_USD_x_1.20,503,12,13,9.111692140863308e-06,10446136.8,95.181982582943,263980.5659550116
PM25_MAIN,PM25,Mortality,All-cause mortality,VSL,Escenario económico alto,VSL_2015_USD_x_1.20,504,13,13,4.654149436605375e-05,10446136.8,486.17881702422676,1348382.916499501
PM25_MAIN,PM25,Mortality,All-cause mortality,VSL,Escenario económico alto,VSL_2015_USD_x_1.20,505,14,13,0.0024208608473985,10446136.8,25288.643585688656,70136282.77985649
PM25_MAIN,PM25,Mortality,All-cause mortality,VSL,Escenario económico alto,VSL_2015_USD_x_1.20,506,15,13,0.0056719969328588,10446136.8,59250.455889823446,164326991.87851304
PM25_MAIN,PM25,Mortality,All-cause mortality,VSL,Escenario económico alto,VSL_2015_USD_x_1.20,507,16,13,0.0028746678475605,10446136.8,30029.173590178532,83283810.91020884
PM25_MAIN,PM25,Mortality,All-cause mortality,VSL,Escenario económico alto,VSL_2015_USD_x_1.20,508,17,13,0.0025177986184127,10446136.8,26301.268802790062,72944727.93572204
PM25_MAIN,PM25,Mortality,All-cause mortality,VSL,Escenario económico alto,VSL_2015_USD_x_1.20,509,18,13,3.391367466546175e-05,10446136.8,354.26688494610767,982534.4067160833
PM25_MAIN,PM25,Mortality,All-cause mortality,VSL,Escenario económico alto,VSL_2015_USD_x_1.20,513,22,13,0.0023630290936712,10446136.8,24684.525174869374,68460802.65573797
PM25_MAIN,PM25,Mortality,All-cause mortality,VSL,Escenario económico alto,VSL_2015_USD_x_1.20,514,23,13,0.0063946165511966,10446136.8,66799.0392773439,185262459.50296387
PM25_MAIN,PM25,Mortality,All-cause mortality,VSL,Escenario económico alto,VSL_2015_USD_x_1.20,515,24,13,0.0066741460121209,10446136.8,69719.0422657894,193360883.39120826
PM25_MAIN,PM25,Mortality,All-cause mortality,VSL,Escenario económico alto,VSL_2015_USD_x_1.20,516,25,13,0.0031378516472461,10446136.8,32778.42756523811,90908674.36225833
PM25_MAIN,PM25,Mortality,All-cause mortality,VSL,Escenario económico alto,VSL_2015_USD_x_1.20,517,26,13,0.0033495531308596,10446136.8,34989.890223827686,97042011.24347042
PM25_MAIN,PM25,Mortality,All-cause mortality,VSL,Escenario económico alto,VSL_2015_USD_x_1.20,518,27,13,0.0057574219734681,10446136.8,60142.81755017375,166801894.47817838
PM25_MAIN,PM25,Mortality,All-cause mortality,VSL,Escenario económico alto,VSL_2015_USD_x_1.20,519,28,13,0.0071794802958735,10446136.8,74997.83332359907,208001240.87466937
PM25_MAIN,PM25,Mortality,All-cause mortality,VSL,Escenario económico alto,VSL_2015_USD_x_1.20,520,29,13,0.0071765557679406,10446136.8,74967.28330473657,207916512.53585553
PM25_MAIN,PM25,Mortality,All-cause mortality,VSL,Escenario económico alto,VSL_2015_USD_x_1.20,521,30,13,0.0071404678314145,10446136.8,74590.3037829552,206870986.22076145
PM25_MAIN,PM25,Mortality,All-cause mortality,VSL,Escenario económico alto,VSL_2015_USD_x_1.20,522,31,13,0.0071842503109227,10446136.8,75047.66155334107,208139435.9818827
PM25_MAIN,PM25,Mortality,All-cause mortality,VSL,Escenario económico alto,VSL_2015_USD_x_1.20,523,32,13,0.0072499385379962,10446136.8,75733.8497595003,210042530.9384909
PM25_MAIN,PM25,Mortality,All-cause mortality,VSL,Escenario económico alto,VSL_2015_USD_x_1.20,524,33,13,0.0074252350528702,10446136.8,77565.02113443735,215121156.56488258
PM25_MAIN,PM25,Mortality,All-cause mortality,VSL,Escenario económico alto,VSL_2015_USD_x_1.20,525,34,13,0.0081343134159883,10446136.8,84972.1507174891,235664311.96440578
PM25_MAIN,PM25,Mortality,All-cause mortality,VSL,Escenario económico alto,VSL_2015_USD_x_1.20,526,35,13,0.0067842626076195,10446136.8,70869.33528631802,196551140.56313297
PM25_MAIN,PM25,Mortality,All-cause mortality,VSL,Escenario económico alto,VSL_2015_USD_x_1.20,527,36,13,0.0071001496933792,10446136.8,74169.13499751718,205702904.07616404
PM25_MAIN,PM25,Mortality,All-cause mortality,VSL,Escenario económico alto,VSL_2015_USD_x_1.20,528,37,13,0.0073442725053722,10446136.8,76719.27528759674,212775539.66087943
PM25_MAIN,PM25,Mortality,All-cause mortality,VSL,Escenario económico alto,VSL_2015_USD_x_1.20,529,38,13,0.0067457386133978,10446136.8,70466.90837259573,195435037.68780816
PM25_MAIN,PM25,Mortality,All-cause mortality,VSL,Escenario económico alto,VSL_2015_USD_x_1.20,530,39,13,0.0044428120109689,10446136.8,46410.222043264235,128715502.12145032
PM25_MAIN,PM25,Mortality,All-cause mortality,VSL,Escenario económico alto,VSL_2015_USD_x_1.20,531,40,13,0.0007263052413295,10446136.8,7587.083909484972,21042246.127082903
PM25_MAIN,PM25,Mortality,All-cause mortality,VSL,Escenario económico alto,VSL_2015_USD_x_1.20,546,14,14,2.3009415953078923e-06,10446136.8,24.03595067339648,66662.026676118
PM25_MAIN,PM25,Mortality,All-cause mortality,VSL,Escenario económico alto,VSL_2015_USD_x_1.20,547,15,14,0.0004085921821862,10446136.8,4268.209830527569,11837581.190280074
PM25_MAIN,PM25,Mortality,All-cause mortality,VSL,Escenario económico alto,VSL_2015_USD_x_1.20,555,23,14,6.544651749995405e-05,10446136.8,683.663274888114,1896092.2364729417
PM25_MAIN,PM25,Mortality,All-cause mortality,VSL,Escenario económico alto,VSL_2015_USD_x_1.20,556,24,14,0.0005277455052296,10446136.8,5512.901743213517,15289647.081680663
PM25_MAIN,PM25,Mortality,All-cause mortality,VSL,Escenario económico alto,VSL_2015_USD_x_1.20,559,27,14,0.0012101078314324,10446136.8,12640.95194989419,35058795.36639504
PM25_MAIN,PM25,Mortality,All-cause mortality,VSL,Escenario económico alto,VSL_2015_USD_x_1.20,560,28,14,0.0062529804006103,10446136.8,65319.488672494,181159029.46895504
PM25_MAIN,PM25,Mortality,All-cause mortality,VSL,Escenario económico alto,VSL_2015_USD_x_1.20,561,29,14,0.0071747143873526,10446136.8,74948.04799121346,207863164.74027115
PM25_MAIN,PM25,Mortality,All-cause mortality,VSL,Escenario económico alto,VSL_2015_USD_x_1.20,562,30,14,0.0071527602658839,10446136.8,74718.7122350276,207227118.0739926
PM25_MAIN,PM25,Mortality,All-cause mortality,VSL,Escenario económico alto,VSL_2015_USD_x_1.20,563,31,14,0.0067299698173108,10446136.8,70302.18537149964,194978189.97487822
PM25_MAIN,PM25,Mortality,All-cause mortality,VSL,Escenario económico alto,VSL_2015_USD_x_1.20,564,32,14,0.0056594249443679,10446136.8,59119.12717819948,163962760.88983378
PM25_MAIN,PM25,Mortality,All-cause mortality,VSL,Escenario económico alto,VSL_2015_USD_x_1.20,565,33,14,0.007280382400481,10446136.8,76051.87051173692,210924539.23336652
PM25_MAIN,PM25,Mortality,All-cause mortality,VSL,Escenario económico alto,VSL_2015_USD_x_1.20,566,34,14,0.006827521478301,10446136.8,71321.22336727048,197804420.52348894
PM25_MAIN,PM25,Mortality,All-cause mortality,VSL,Escenario económico alto,VSL_2015_USD_x_1.20,567,35,14,0.0064025747538074,10446136.8,66882.17175049843,185493021.59798485
PM25_MAIN,PM25,Mortality,All-cause mortality,VSL,Escenario económico alto,VSL_2015_USD_x_1.20,568,36,14,0.0068991955299916,10446136.8,72069.94031624077,199880934.57127163
PM25_MAIN,PM25,Mortality,All-cause mortality,VSL,Escenario económico alto,VSL_2015_USD_x_1.20,569,37,14,0.0067953943739612,10446136.8,70985.61924034906,196873645.96976128
PM25_MAIN,PM25,Mortality,All-cause mortality,VSL,Escenario económico alto,VSL_2015_USD_x_1.20,570,38,14,0.0070967192124965,10446136.8,74133.29972492672,205603517.4561035
PM25_MAIN,PM25,Mortality,All-cause mortality,VSL,Escenario económico alto,VSL_2015_USD_x_1.20,571,39,14,0.0071930053195165,10446136.8,75139.11757079707,208393082.8443757
PM25_MAIN,PM25,Mortality,All-cause mortality,VSL,Escenario económico alto,VSL_2015_USD_x_1.20,572,40,14,0.004511127274364,10446136.8,47123.85263021748,130694706.60022406
PM25_MAIN,PM25,Mortality,All-cause mortality,VSL,Escenario económico alto,VSL_2015_USD_x_1.20,573,41,14,0.0022738394611722,10446136.8,23752.83807264309,65876833.69581053
PM25_MAIN,PM25,Mortality,All-cause mortality,VSL,Escenario económico alto,VSL_2015_USD_x_1.20,601,28,15,0.0003090122552311,10446136.8,3227.984291020586,8952588.472245224
PM25_MAIN,PM25,Mortality,All-cause mortality,VSL,Escenario económico alto,VSL_2015_USD_x_1.20,602,29,15,0.0043538268697859,10446136.8,45480.671085299306,126137457.60810165
PM25_MAIN,PM25,Mortality,All-cause mortality,VSL,Escenario económico alto,VSL_2015_USD_x_1.20,603,30,15,0.0072905431042472,10446136.8,76158.01061326292,211218911.37514174
PM25_MAIN,PM25,Mortality,All-cause mortality,VSL,Escenario económico alto,VSL_2015_USD_x_1.20,604,31,15,0.0069339620166656,10446136.8,72433.11579209274,200888176.33126375
PM25_MAIN,PM25,Mortality,All-cause mortality,VSL,Escenario económico alto,VSL_2015_USD_x_1.20,605,32,15,0.007145767564421,10446136.8,74645.66551894459,207024528.12020648
PM25_MAIN,PM25,Mortality,All-cause mortality,VSL,Escenario económico alto,VSL_2015_USD_x_1.20,606,33,15,0.0064946370090745,10446136.8,67843.86666313508,188160215.11953872
PM25_MAIN,PM25,Mortality,All-cause mortality,VSL,Escenario económico alto,VSL_2015_USD_x_1.20,607,34,15,0.0070961505620243,10446136.8,74127.35952430272,205587042.72548687
PM25_MAIN,PM25,Mortality,All-cause mortality,VSL,Escenario económico alto,VSL_2015_USD_x_1.20,608,35,15,0.0071359187078919,10446136.8,74542.78301631803,206739190.7009469
PM25_MAIN,PM25,Mortality,All-cause mortality,VSL,Escenario económico alto,VSL_2015_USD_x_1.20,609,36,15,0.0073421014591484,10446136.8,76696.5962417438,212712640.9147395
PM25_MAIN,PM25,Mortality,All-cause mortality,VSL,Escenario económico alto,VSL_2015_USD_x_1.20,610,37,15,0.0069306286201298,10446136.8,72398.29467587113,200791602.40290126
PM25_MAIN,PM25,Mortality,All-cause mortality,VSL,Escenario económico alto,VSL_2015_USD_x_1.20,611,38,15,0.0051113090908233,10446136.8,53393.43398982382,148082951.63039705
PM25_MAIN,PM25,Mortality,All-cause mortality,VSL,Escenario económico alto,VSL_2015_USD_x_1.20,612,39,15,0.0077815474046323,10446136.8,81287.10870447397,225444105.89424923
PM25_MAIN,PM25,Mortality,All-cause mortality,VSL,Escenario económico alto,VSL_2015_USD_x_1.20,613,40,15,0.0073673069884073,10446136.8,76959.89664849867,213442886.16184565
PM25_MAIN,PM25,Mortality,All-cause mortality,VSL,Escenario económico alto,VSL_2015_USD_x_1.20,614,41,15,0.0040007895739087,10446136.8,41792.795197064,115909391.98339319
PM25_MAIN,PM25,Mortality,All-cause mortality,VSL,Escenario económico alto,VSL_2015_USD_x_1.20,643,29,16,0.0001860822965073,10446136.8,1943.8411253734182,5391107.292344399
PM25_MAIN,PM25,Mortality,All-cause mortality,VSL,Escenario económico alto,VSL_2015_USD_x_1.20,644,30,16,0.0021223824589356,10446136.8,22170.69750796166,61488877.589506105
PM25_MAIN,PM25,Mortality,All-cause mortality,VSL,Escenario económico alto,VSL_2015_USD_x_1.20,645,31,16,0.0056343326876288,10446136.8,58857.01003168212,163235797.33216813
PM25_MAIN,PM25,Mortality,All-cause mortality,VSL,Escenario económico alto,VSL_2015_USD_x_1.20,646,32,16,0.0073717913199794,10446136.8,77006.74058955739,213572804.55329615
PM25_MAIN,PM25,Mortality,All-cause mortality,VSL,Escenario económico alto,VSL_2015_USD_x_1.20,647,33,16,0.0072278230261207,10446136.8,75502.8280970468,209401808.5291925
PM25_MAIN,PM25,Mortality,All-cause mortality,VSL,Escenario económico alto,VSL_2015_USD_x_1.20,648,34,16,0.0058935844409154,10446136.8,61565.18931215379,170746742.99400666
PM25_MAIN,PM25,Mortality,All-cause mortality,VSL,Escenario económico alto,VSL_2015_USD_x_1.20,649,35,16,0.0063953244189536,10446136.8,66806.43376076983,185282967.58513185
PM25_MAIN,PM25,Mortality,All-cause mortality,VSL,Escenario económico alto,VSL_2015_USD_x_1.20,650,36,16,0.0074294613888965,10446136.8,77609.17001873085,215243600.40504867
PM25_MAIN,PM25,Mortality,All-cause mortality,VSL,Escenario económico alto,VSL_2015_USD_x_1.20,651,37,16,0.0053031221851463,10446136.8,55397.13981315318,153640089.47199342
PM25_MAIN,PM25,Mortality,All-cause mortality,VSL,Escenario económico alto,VSL_2015_USD_x_1.20,652,38,16,0.0071255721610263,10446136.8,74434.70157235237,206439434.3818092
PM25_MAIN,PM25,Mortality,All-cause mortality,VSL,Escenario económico alto,VSL_2015_USD_x_1.20,653,39,16,0.006669559275133,10446136.8,69671.12858374816,193227998.14802465
PM25_MAIN,PM25,Mortality,All-cause mortality,VSL,Escenario económico alto,VSL_2015_USD_x_1.20,654,40,16,0.0074420051005456,10446136.8,77740.2033465971,215607012.1675528
PM25_MAIN,PM25,Mortality,All-cause mortality,VSL,Escenario económico alto,VSL_2015_USD_x_1.20,655,41,16,0.0023123893500701,10446136.8,24155.535485695353,66993686.78209206
PM25_MAIN,PM25,Mortality,All-cause mortality,VSL,Escenario económico alto,VSL_2015_USD_x_1.20,686,31,17,0.0013730946766098,10446136.8,14343.534831217732,39780789.80694419
PM25_MAIN,PM25,Mortality,All-cause mortality,VSL,Escenario económico alto,VSL_2015_USD_x_1.20,687,32,17,0.0040289024819608,10446136.8,42086.46648042205,116723868.73079692
PM25_MAIN,PM25,Mortality,All-cause mortality,VSL,Escenario económico alto,VSL_2015_USD_x_1.20,688,33,17,0.0064646899225581,10446136.8,67531.03530062332,187292599.2338077
PM25_MAIN,PM25,Mortality,All-cause mortality,VSL,Escenario económico alto,VSL_2015_USD_x_1.20,689,34,17,0.001220947404361,10446136.8,12754.183611559924,35372835.453808635
PM25_MAIN,PM25,Mortality,All-cause mortality,VSL,Escenario económico alto,VSL_2015_USD_x_1.20,690,35,17,0.0022466042065883,10446136.8,23468.334877476846,65087783.99924061
PM25_MAIN,PM25,Mortality,All-cause mortality,VSL,Escenario económico alto,VSL_2015_USD_x_1.20,691,36,17,0.0015208252158648,10446136.8,15886.748253813232,44060784.20957323
PM25_MAIN,PM25,Mortality,All-cause mortality,VSL,Escenario económico alto,VSL_2015_USD_x_1.20,692,37,17,0.002381244671604,10446136.8,24874.80759384646,68988537.62500158
PM25_MAIN,PM25,Mortality,All-cause mortality,VSL,Escenario económico alto,VSL_2015_USD_x_1.20,693,38,17,0.0022064167085966,10446136.8,23048.53077580582,63923486.70954313
PM25_MAIN,PM25,Mortality,All-cause mortality,VSL,Escenario económico alto,VSL_2015_USD_x_1.20,694,39,17,0.0002994692662934,10446136.8,3128.2969230964854,8676112.535423486
PM25_MAIN,PM25,Mortality,All-cause mortality,VSL,Escenario económico alto,VSL_2015_USD_x_1.20,695,40,17,0.0029444865269569,10446136.8,30758.509066348666,85306571.79988338
PM25_MAIN,PM25,Mortality,All-cause mortality,VSL,Escenario económico alto,VSL_2015_USD_x_1.20,696,41,17,0.0007232605466474,10446136.8,7555.278612321522,20954036.361770876
PM25_MAIN,PM25,Mortality,All-cause mortality,VSL,Escenario económico alto,VSL_2015_USD_x_1.20,729,33,18,3.679386582008554e-05,10446136.8,384.35375575745775,1065978.236830406
PM25_MAIN,PM25,Mortality,All-cause mortality,VSL,Escenario económico alto,VSL_2015_USD_x_1.20,730,34,18,0.0001311836149418,10446136.8,1370.3619876005669,3800603.04727104
PM25_MAIN,PM25,Mortality,All-cause mortality,VSL,Escenario económico bajo,VSL_2015_USD_x_0.80,0,1,1,0.0054447880295158,6964091.2,37918.00040221633,105162919.85551882
PM25_MAIN,PM25,Mortality,All-cause mortality,VSL,Escenario económico bajo,VSL_2015_USD_x_0.80,1,2,1,0.0029120511744061,6964091.2,20279.789957631187,56244577.862193055
PM25_MAIN,PM25,Mortality,All-cause mortality,VSL,Escenario económico bajo,VSL_2015_USD_x_0.80,2,3,1,5.5730822007163214e-05,6964091.2,388.1145271088517,1076408.4729195025
PM25_MAIN,PM25,Mortality,All-cause mortality,VSL,Escenario económico bajo,VSL_2015_USD_x_0.80,41,1,2,0.0043061637182271,6964091.2,29988.51685586463,83171052.30356063
PM25_MAIN,PM25,Mortality,All-cause mortality,VSL,Escenario económico bajo,VSL_2015_USD_x_0.80,42,2,2,0.0068103206161093,6964091.2,47427.69387182535,131537389.01493658
PM25_MAIN,PM25,Mortality,All-cause mortality,VSL,Escenario económico bajo,VSL_2015_USD_x_0.80,43,3,2,0.005055130495371,6964091.2,35204.38979766482,97636910.79653755
PM25_MAIN,PM25,Mortality,All-cause mortality,VSL,Escenario económico bajo,VSL_2015_USD_x_0.80,44,4,2,0.0006962381306306,6964091.2,4848.665838629013,13447435.296828862
PM25_MAIN,PM25,Mortality,All-cause mortality,VSL,Escenario económico bajo,VSL_2015_USD_x_0.80,82,1,3,0.0005030904625336,6964091.2,3503.5678629341737,9716900.218097525
PM25_MAIN,PM25,Mortality,All-cause mortality,VSL,Escenario económico bajo,VSL_2015_USD_x_0.80,83,2,3,0.0032482092138882,6964091.2,22620.82520219773,62737275.24053125
PM25_MAIN,PM25,Mortality,All-cause mortality,VSL,Escenario económico bajo,VSL_2015_USD_x_0.80,84,3,3,0.0069659637165392,6964091.2,48511.60661786994,134543545.142199
PM25_MAIN,PM25,Mortality,All-cause mortality,VSL,Escenario económico bajo,VSL_2015_USD_x_0.80,85,4,3,0.0066585646674693,6964091.2,46370.85160535388,128606310.96783659
PM25_MAIN,PM25,Mortality,All-cause mortality,VSL,Escenario económico bajo,VSL_2015_USD_x_0.80,86,5,3,0.0052733322410641,6964091.2,36723.966654670774,101851350.83906356
PM25_MAIN,PM25,Mortality,All-cause mortality,VSL,Escenario económico bajo,VSL_2015_USD_x_0.80,87,6,3,0.0017606283089846,6964091.2,12261.176113070534,34005513.66727321
PM25_MAIN,PM25,Mortality,All-cause mortality,VSL,Escenario económico bajo,VSL_2015_USD_x_0.80,91,10,3,0.0004132527086812,6964091.2,2877.9295519029088,7981736.157134084
PM25_MAIN,PM25,Mortality,All-cause mortality,VSL,Escenario económico bajo,VSL_2015_USD_x_0.80,125,3,4,0.0028493700152057,6964091.2,19843.27264843788,55033927.66135707
PM25_MAIN,PM25,Mortality,All-cause mortality,VSL,Escenario económico bajo,VSL_2015_USD_x_0.80,126,4,4,0.0073202100682491,6964091.2,50978.610518444955,141385607.77017078
PM25_MAIN,PM25,Mortality,All-cause mortality,VSL,Escenario económico bajo,VSL_2015_USD_x_0.80,127,5,4,0.0071237456321039,6964091.2,49610.414267573215,137591011.2421156
PM25_MAIN,PM25,Mortality,All-cause mortality,VSL,Escenario económico bajo,VSL_2015_USD_x_0.80,128,6,4,0.0069671124617235,6964091.2,48519.60658409896,134565732.48853758
PM25_MAIN,PM25,Mortality,All-cause mortality,VSL,Escenario económico bajo,VSL_2015_USD_x_0.80,129,7,4,0.0054874822872655,6964091.2,38215.32710690154,105987534.65809393
PM25_MAIN,PM25,Mortality,All-cause mortality,VSL,Escenario económico bajo,VSL_2015_USD_x_0.80,130,8,4,0.0039324085874893,6964091.2,27385.652038938668,75952188.93435366
PM25_MAIN,PM25,Mortality,All-cause mortality,VSL,Escenario económico bajo,VSL_2015_USD_x_0.80,131,9,4,0.0038602788430629,6964091.2,26883.333920520523,74559044.79518923
PM25_MAIN,PM25,Mortality,All-cause mortality,VSL,Escenario económico bajo,VSL_2015_USD_x_0.80,132,10,4,0.0065758019738853,6964091.2,45794.484659277245,127007797.58857928
PM25_MAIN,PM25,Mortality,All-cause mortality,VSL,Escenario económico bajo,VSL_2015_USD_x_0.80,133,11,4,0.005632724306588,6964091.2,39226.8057755356,108792799.94204369
PM25_MAIN,PM25,Mortality,All-cause mortality,VSL,Escenario económico bajo,VSL_2015_USD_x_0.80,134,12,4,0.0051402565956332,6964091.2,35797.21572339113,99281072.00372465
PM25_MAIN,PM25,Mortality,All-cause mortality,VSL,Escenario económico bajo,VSL_2015_USD_x_0.80,135,13,4,0.0021357829816503,6964091.2,14873.787467620616,41251408.376323044
PM25_MAIN,PM25,Mortality,All-cause mortality,VSL,Escenario económico bajo,VSL_2015_USD_x_0.80,136,14,4,0.0004924644289688,6964091.2,3429.567196094645,9511664.548664771
PM25_MAIN,PM25,Mortality,All-cause mortality,VSL,Escenario económico bajo,VSL_2015_USD_x_0.80,166,3,5,4.4965113577662096e-06,6964091.2,31.314115177319714,86847.50645623381
PM25_MAIN,PM25,Mortality,All-cause mortality,VSL,Escenario económico bajo,VSL_2015_USD_x_0.80,167,4,5,0.0048590631561765,6964091.2,33838.95896617299,93849983.96555315
PM25_MAIN,PM25,Mortality,All-cause mortality,VSL,Escenario económico bajo,VSL_2015_USD_x_0.80,168,5,5,0.0071260019526483,6964091.2,49626.12748962085,137634590.76353914
PM25_MAIN,PM25,Mortality,All-cause mortality,VSL,Escenario económico bajo,VSL_2015_USD_x_0.80,169,6,5,0.0071110203599266,6964091.2,49521.79431158567,137345229.99758103
PM25_MAIN,PM25,Mortality,All-cause mortality,VSL,Escenario económico bajo,VSL_2015_USD_x_0.80,170,7,5,0.0072766013120736,6964091.2,50674.91516332021,140543329.96140715
PM25_MAIN,PM25,Mortality,All-cause mortality,VSL,Escenario económico bajo,VSL_2015_USD_x_0.80,171,8,5,0.0075138892496646,6964091.2,52327.410001363845,145126408.72008252
PM25_MAIN,PM25,Mortality,All-cause mortality,VSL,Escenario económico bajo,VSL_2015_USD_x_0.80,172,9,5,0.0073051774818546,6964091.2,50873.92221582178,141095262.0910266
PM25_MAIN,PM25,Mortality,All-cause mortality,VSL,Escenario económico bajo,VSL_2015_USD_x_0.80,173,10,5,0.007206723048462,6964091.2,50188.27656263139,139193671.86709878
PM25_MAIN,PM25,Mortality,All-cause mortality,VSL,Escenario económico bajo,VSL_2015_USD_x_0.80,174,11,5,0.0074718377470813,6964091.2,52034.55950227671,144314208.36039928
PM25_MAIN,PM25,Mortality,All-cause mortality,VSL,Escenario económico bajo,VSL_2015_USD_x_0.80,175,12,5,0.0073211925442919,6964091.2,50985.452571208836,141404583.7245677
PM25_MAIN,PM25,Mortality,All-cause mortality,VSL,Escenario económico bajo,VSL_2015_USD_x_0.80,176,13,5,0.007054950577935,6964091.2,49131.31923623205,136262274.70934305
PM25_MAIN,PM25,Mortality,All-cause mortality,VSL,Escenario económico bajo,VSL_2015_USD_x_0.80,177,14,5,0.0062557319265988,6964091.2,43565.48765958575,120825830.43972489
PM25_MAIN,PM25,Mortality,All-cause mortality,VSL,Escenario económico bajo,VSL_2015_USD_x_0.80,178,15,5,0.0025397521353518,6964091.2,17687.06549598468,49053838.05852879
PM25_MAIN,PM25,Mortality,All-cause mortality,VSL,Escenario económico bajo,VSL_2015_USD_x_0.80,208,4,6,0.0037842001878997,6964091.2,26353.515227590648,73089629.73765673
PM25_MAIN,PM25,Mortality,All-cause mortality,VSL,Escenario económico bajo,VSL_2015_USD_x_0.80,209,5,6,0.0017379504898414,6964091.2,12103.245712340184,33567504.755975634
PM25_MAIN,PM25,Mortality,All-cause mortality,VSL,Escenario económico bajo,VSL_2015_USD_x_0.80,210,6,6,0.0022038132423942,6964091.2,15347.556407800916,42565373.36808729
PM25_MAIN,PM25,Mortality,All-cause mortality,VSL,Escenario económico bajo,VSL_2015_USD_x_0.80,211,7,6,0.0069351905168781,6964091.2,48297.29924891423,133949178.65591618
PM25_MAIN,PM25,Mortality,All-cause mortality,VSL,Escenario económico bajo,VSL_2015_USD_x_0.80,212,8,6,0.0069237381422898,6964091.2,48217.543867824745,133727982.68934117
PM25_MAIN,PM25,Mortality,All-cause mortality,VSL,Escenario económico bajo,VSL_2015_USD_x_0.80,213,9,6,0.0069794050468785,6964091.2,48605.213268202155,134803156.6344299
PM25_MAIN,PM25,Mortality,All-cause mortality,VSL,Escenario económico bajo,VSL_2015_USD_x_0.80,214,10,6,0.0069745561817075,6964091.2,48571.44532893481,134709503.61862767
PM25_MAIN,PM25,Mortality,All-cause mortality,VSL,Escenario económico bajo,VSL_2015_USD_x_0.80,215,11,6,0.0069613758803435,6964091.2,48479.65650819242,134454933.7495161
PM25_MAIN,PM25,Mortality,All-cause mortality,VSL,Escenario económico bajo,VSL_2015_USD_x_0.80,216,12,6,0.0070602357829384,6964091.2,49168.125885886424,136364355.37569398
PM25_MAIN,PM25,Mortality,All-cause mortality,VSL,Escenario económico bajo,VSL_2015_USD_x_0.80,217,13,6,0.0071654490957658,6964091.2,49900.840991870566,138396489.43208358
PM25_MAIN,PM25,Mortality,All-cause mortality,VSL,Escenario económico bajo,VSL_2015_USD_x_0.80,218,14,6,0.0064891667451166,6964091.2,45191.149024999155,125334488.4404034
PM25_MAIN,PM25,Mortality,All-cause mortality,VSL,Escenario económico bajo,VSL_2015_USD_x_0.80,219,15,6,0.0004283541260857,6964091.2,2983.0971999571143,8273411.267277059
PM25_MAIN,PM25,Mortality,All-cause mortality,VSL,Escenario económico bajo,VSL_2015_USD_x_0.80,251,6,7,5.914927565589015e-06,6964091.2,41.19209500815588,114243.39205846976
PM25_MAIN,PM25,Mortality,All-cause mortality,VSL,Escenario económico bajo,VSL_2015_USD_x_0.80,252,7,7,0.0022659637554106,6964091.2,15780.378248573914,43765774.44594235
PM25_MAIN,PM25,Mortality,All-cause mortality,VSL,Escenario económico bajo,VSL_2015_USD_x_0.80,253,8,7,0.0062564677272422,6964091.2,43570.61184237141,120840042.00198813
PM25_MAIN,PM25,Mortality,All-cause mortality,VSL,Escenario económico bajo,VSL_2015_USD_x_0.80,254,9,7,0.0070301692893892,6964091.2,48958.740082745586,135783638.5076891
PM25_MAIN,PM25,Mortality,All-cause mortality,VSL,Escenario económico bajo,VSL_2015_USD_x_0.80,255,10,7,0.0071434501377644,6964091.2,49747.638242043846,137971592.32963166
PM25_MAIN,PM25,Mortality,All-cause mortality,VSL,Escenario económico bajo,VSL_2015_USD_x_0.80,256,11,7,0.0070865298318215,6964091.2,49351.24004032559,136872209.6650402
PM25_MAIN,PM25,Mortality,All-cause mortality,VSL,Escenario económico bajo,VSL_2015_USD_x_0.80,257,12,7,0.0070084765803811,6964091.2,48807.67007883811,135364656.42675197
PM25_MAIN,PM25,Mortality,All-cause mortality,VSL,Escenario económico bajo,VSL_2015_USD_x_0.80,258,13,7,0.0071133867097003,6964091.2,49538.27378722081,137390934.6696918
PM25_MAIN,PM25,Mortality,All-cause mortality,VSL,Escenario económico bajo,VSL_2015_USD_x_0.80,259,14,7,0.0036349988682663,6964091.2,25314.4636305033,70207892.86674675
PM25_MAIN,PM25,Mortality,All-cause mortality,VSL,Escenario económico bajo,VSL_2015_USD_x_0.80,294,8,8,0.0008528633706875,6964091.2,5939.418294607157,16472560.880812326
PM25_MAIN,PM25,Mortality,All-cause mortality,VSL,Escenario económico bajo,VSL_2015_USD_x_0.80,295,9,8,0.0046337167586372,6964091.2,32269.62610211785,89497549.1203967
PM25_MAIN,PM25,Mortality,All-cause mortality,VSL,Escenario económico bajo,VSL_2015_USD_x_0.80,296,10,8,0.0068874733888186,6964091.2,47964.99281730579,133027550.02930039
PM25_MAIN,PM25,Mortality,All-cause mortality,VSL,Escenario económico bajo,VSL_2015_USD_x_0.80,297,11,8,0.0070034163232088,6964091.2,48772.42998639476,135266920.4971668
PM25_MAIN,PM25,Mortality,All-cause mortality,VSL,Escenario económico bajo,VSL_2015_USD_x_0.80,298,12,8,0.0070427405207229,6964091.2,49046.28728424977,136026444.54275683
PM25_MAIN,PM25,Mortality,All-cause mortality,VSL,Escenario económico bajo,VSL_2015_USD_x_0.80,299,13,8,0.0072490963767166,6964091.2,50483.36828504396,140012088.10278946
PM25_MAIN,PM25,Mortality,All-cause mortality,VSL,Escenario económico bajo,VSL_2015_USD_x_0.80,300,14,8,0.0053089081667364,6964091.2,36971.720645577094,102538479.19006288
PM25_MAIN,PM25,Mortality,All-cause mortality,VSL,Escenario económico bajo,VSL_2015_USD_x_0.80,301,15,8,0.0028339756679739,6964091.2,19736.065010351158,54736594.78165821
PM25_MAIN,PM25,Mortality,All-cause mortality,VSL,Escenario económico bajo,VSL_2015_USD_x_0.80,302,16,8,0.0025711752510956,6964091.2,17905.898939812658,49660757.29664461
PM25_MAIN,PM25,Mortality,All-cause mortality,VSL,Escenario económico bajo,VSL_2015_USD_x_0.80,303,17,8,0.0019686188420686,6964091.2,13709.641154204126,38022730.06630435
PM25_MAIN,PM25,Mortality,All-cause mortality,VSL,Escenario económico bajo,VSL_2015_USD_x_0.80,304,18,8,0.0006701887471298,6964091.2,4667.255556225666,12944306.577302948
PM25_MAIN,PM25,Mortality,All-cause mortality,VSL,Escenario económico bajo,VSL_2015_USD_x_0.80,337,10,9,0.0010321439390995,6964091.2,7187.944523416163,19935260.97957809
PM25_MAIN,PM25,Mortality,All-cause mortality,VSL,Escenario económico bajo,VSL_2015_USD_x_0.80,338,11,9,0.0058859723358207,6964091.2,40990.44814733238,113684138.60525605
PM25_MAIN,PM25,Mortality,All-cause mortality,VSL,Escenario económico bajo,VSL_2015_USD_x_0.80,339,12,9,0.0072330397319524,6964091.2,50371.54834654007,139701963.33074462
PM25_MAIN,PM25,Mortality,All-cause mortality,VSL,Escenario económico bajo,VSL_2015_USD_x_0.80,340,13,9,0.007041418177013,6964091.2,49037.07836205628,136000904.24167773
PM25_MAIN,PM25,Mortality,All-cause mortality,VSL,Escenario económico bajo,VSL_2015_USD_x_0.80,341,14,9,0.0069719630775166,6964091.2,48553.38671485827,134659419.31658936
PM25_MAIN,PM25,Mortality,All-cause mortality,VSL,Escenario económico bajo,VSL_2015_USD_x_0.80,342,15,9,0.0070353381264074,6964091.2,48994.73633513826,135883471.5939625
PM25_MAIN,PM25,Mortality,All-cause mortality,VSL,Escenario económico bajo,VSL_2015_USD_x_0.80,343,16,9,0.0072232013760765,6964091.2,50303.033138962244,139511941.19859204
PM25_MAIN,PM25,Mortality,All-cause mortality,VSL,Escenario económico bajo,VSL_2015_USD_x_0.80,344,17,9,0.0072699927975778,6964091.2,50628.89286567494,140415690.34044886
PM25_MAIN,PM25,Mortality,All-cause mortality,VSL,Escenario económico bajo,VSL_2015_USD_x_0.80,345,18,9,0.0068406118930007,6964091.2,47638.64508666152,132122447.44269966
PM25_MAIN,PM25,Mortality,All-cause mortality,VSL,Escenario económico bajo,VSL_2015_USD_x_0.80,346,19,9,0.0027012630552481,6964091.2,18811.842271938407,52173327.71226213
PM25_MAIN,PM25,Mortality,All-cause mortality,VSL,Escenario económico bajo,VSL_2015_USD_x_0.80,347,20,9,0.000172912283075,6964091.2,1204.1769089345164,3339700.3645462557
PM25_MAIN,PM25,Mortality,All-cause mortality,VSL,Escenario económico bajo,VSL_2015_USD_x_0.80,348,21,9,0.002584707662744,6964091.2,18000.13988868806,49922127.971484125
PM25_MAIN,PM25,Mortality,All-cause mortality,VSL,Escenario económico bajo,VSL_2015_USD_x_0.80,349,22,9,0.0024361623225354,6964091.2,16965.65659214034,47053060.96233979
PM25_MAIN,PM25,Mortality,All-cause mortality,VSL,Escenario económico bajo,VSL_2015_USD_x_0.80,350,23,9,0.0034396270596962,6964091.2,23953.87653771218,66434399.80598709
PM25_MAIN,PM25,Mortality,All-cause mortality,VSL,Escenario económico bajo,VSL_2015_USD_x_0.80,351,24,9,0.0025724056969778,6964091.2,17914.467877152965,49684522.644532345
PM25_MAIN,PM25,Mortality,All-cause mortality,VSL,Escenario económico bajo,VSL_2015_USD_x_0.80,352,25,9,0.0009600798736301,6964091.2,6686.083799244491,18543385.39133865
PM25_MAIN,PM25,Mortality,All-cause mortality,VSL,Escenario económico bajo,VSL_2015_USD_x_0.80,353,26,9,2.3042675952875478e-06,6964091.2,16.047129682787173,44505.590876132424
PM25_MAIN,PM25,Mortality,All-cause mortality,VSL,Escenario económico bajo,VSL_2015_USD_x_0.80,360,33,9,0.0022688077342307,6964091.2,15800.183976447957,43820704.245800056
PM25_MAIN,PM25,Mortality,All-cause mortality,VSL,Escenario económico bajo,VSL_2015_USD_x_0.80,361,34,9,0.0017385663967959,6964091.2,12107.534944542036,33579400.641241215
PM25_MAIN,PM25,Mortality,All-cause mortality,VSL,Escenario económico bajo,VSL_2015_USD_x_0.80,379,11,10,0.004358271008702,6964091.2,30351.396778916725,84177474.36855102
PM25_MAIN,PM25,Mortality,All-cause mortality,VSL,Escenario económico bajo,VSL_2015_USD_x_0.80,380,12,10,0.0068359527382061,6964091.2,47606.198307757004,132032458.5726825
PM25_MAIN,PM25,Mortality,All-cause mortality,VSL,Escenario económico bajo,VSL_2015_USD_x_0.80,381,13,10,0.0071120911644971,6964091.2,49529.25149227201,137365911.96621194
PM25_MAIN,PM25,Mortality,All-cause mortality,VSL,Escenario económico bajo,VSL_2015_USD_x_0.80,382,14,10,0.007053094039617,6964091.2,49118.3901340692,136226416.74953154
PM25_MAIN,PM25,Mortality,All-cause mortality,VSL,Escenario económico bajo,VSL_2015_USD_x_0.80,383,15,10,0.0071561224447189,6964091.2,49835.889343389375,138216350.5816364
PM25_MAIN,PM25,Mortality,All-cause mortality,VSL,Escenario económico bajo,VSL_2015_USD_x_0.80,384,16,10,0.0071392638237956,6964091.2,49718.484369773294,137890736.10566035
PM25_MAIN,PM25,Mortality,All-cause mortality,VSL,Escenario económico bajo,VSL_2015_USD_x_0.80,385,17,10,0.0069905815294539,6964091.2,48683.04731215245,135019023.90694296
PM25_MAIN,PM25,Mortality,All-cause mortality,VSL,Escenario económico bajo,VSL_2015_USD_x_0.80,386,18,10,0.0070212206596981,6964091.2,48896.42100946173,135610800.92027143
PM25_MAIN,PM25,Mortality,All-cause mortality,VSL,Escenario económico bajo,VSL_2015_USD_x_0.80,387,19,10,0.0071015467032961,6964091.2,49455.818902813386,137162251.81962973
PM25_MAIN,PM25,Mortality,All-cause mortality,VSL,Escenario económico bajo,VSL_2015_USD_x_0.80,388,20,10,0.0068958943573022,6964091.2,48023.637209817905,133190196.14682527
PM25_MAIN,PM25,Mortality,All-cause mortality,VSL,Escenario económico bajo,VSL_2015_USD_x_0.80,389,21,10,0.0069969443256167,6964091.2,48727.3584049172,135141917.6209495
PM25_MAIN,PM25,Mortality,All-cause mortality,VSL,Escenario económico bajo,VSL_2015_USD_x_0.80,390,22,10,0.0071833278064729,6964091.2,50025.34996377323,138741806.3500276
PM25_MAIN,PM25,Mortality,All-cause mortality,VSL,Escenario económico bajo,VSL_2015_USD_x_0.80,391,23,10,0.0070319880949038,6964091.2,48971.40641022432,135818767.68030843
PM25_MAIN,PM25,Mortality,All-cause mortality,VSL,Escenario económico bajo,VSL_2015_USD_x_0.80,392,24,10,0.0069937627147811,6964091.2,48705.20137689517,135080466.65472236
PM25_MAIN,PM25,Mortality,All-cause mortality,VSL,Escenario económico bajo,VSL_2015_USD_x_0.80,393,25,10,0.0071123912852749,6964091.2,49531.341560739624,137371708.62480208
PM25_MAIN,PM25,Mortality,All-cause mortality,VSL,Escenario económico bajo,VSL_2015_USD_x_0.80,394,26,10,0.0052512060248895,6964091.2,36569.877667319946,101423995.81887515
PM25_MAIN,PM25,Mortality,All-cause mortality,VSL,Escenario económico bajo,VSL_2015_USD_x_0.80,395,27,10,0.0023980482159288,6964091.2,16700.226477725457,46316909.12011811
PM25_MAIN,PM25,Mortality,All-cause mortality,VSL,Escenario económico bajo,VSL_2015_USD_x_0.80,396,28,10,0.0005924125413253,6964091.2,4125.614965813158,11442104.314635186
PM25_MAIN,PM25,Mortality,All-cause mortality,VSL,Escenario económico bajo,VSL_2015_USD_x_0.80,397,29,10,0.000205059417192,6964091.2,1428.052482743936,3960603.5972165144
PM25_MAIN,PM25,Mortality,All-cause mortality,VSL,Escenario económico bajo,VSL_2015_USD_x_0.80,398,30,10,0.0008399665639146,6964091.2,5849.6037560519035,16223466.54514703
PM25_MAIN,PM25,Mortality,All-cause mortality,VSL,Escenario económico bajo,VSL_2015_USD_x_0.80,400,32,10,0.0006070505844726,6964091.2,4227.555633280491,11724829.620009111
PM25_MAIN,PM25,Mortality,All-cause mortality,VSL,Escenario económico bajo,VSL_2015_USD_x_0.80,401,33,10,0.0069574567244447,6964091.2,48452.363149086166,134379237.52857003
PM25_MAIN,PM25,Mortality,All-cause mortality,VSL,Escenario económico bajo,VSL_2015_USD_x_0.80,402,34,10,0.0059145701464985,6964091.2,41189.60590901291,114236488.71623367
PM25_MAIN,PM25,Mortality,All-cause mortality,VSL,Escenario económico bajo,VSL_2015_USD_x_0.80,403,35,10,5.7430017434173365e-05,6964091.2,399.9478790291733,1109227.44613588
PM25_MAIN,PM25,Mortality,All-cause mortality,VSL,Escenario económico bajo,VSL_2015_USD_x_0.80,420,11,11,0.0036650888947028,6964091.2,25524.0133188175,70789064.25880802
PM25_MAIN,PM25,Mortality,All-cause mortality,VSL,Escenario económico bajo,VSL_2015_USD_x_0.80,421,12,11,0.0070395652037219,6964091.2,49024.17408706589,135965115.13829115
PM25_MAIN,PM25,Mortality,All-cause mortality,VSL,Escenario económico bajo,VSL_2015_USD_x_0.80,422,13,11,0.0072050936689411,6964091.2,50176.92941504843,139162201.34757775
PM25_MAIN,PM25,Mortality,All-cause mortality,VSL,Escenario económico bajo,VSL_2015_USD_x_0.80,423,14,11,0.0070366503784649,6964091.2,49003.874978144086,135908816.98063415
PM25_MAIN,PM25,Mortality,All-cause mortality,VSL,Escenario económico bajo,VSL_2015_USD_x_0.80,424,15,11,0.0068352044383478,6964091.2,47600.98707929886,132018005.59533982
PM25_MAIN,PM25,Mortality,All-cause mortality,VSL,Escenario económico bajo,VSL_2015_USD_x_0.80,425,16,11,0.0069138378729231,6964091.2,48148.59748905048,133536764.73405726
PM25_MAIN,PM25,Mortality,All-cause mortality,VSL,Escenario económico bajo,VSL_2015_USD_x_0.80,426,17,11,0.0070634854814918,6964091.2,49190.75708298481,136427121.41666254
PM25_MAIN,PM25,Mortality,All-cause mortality,VSL,Escenario económico bajo,VSL_2015_USD_x_0.80,427,18,11,0.0072739536744932,6964091.2,50656.47677374576,140492192.3786097
PM25_MAIN,PM25,Mortality,All-cause mortality,VSL,Escenario económico bajo,VSL_2015_USD_x_0.80,428,19,11,0.006858718405077,6964091.2,47764.74048807478,132472164.21184123
PM25_MAIN,PM25,Mortality,All-cause mortality,VSL,Escenario económico bajo,VSL_2015_USD_x_0.80,429,20,11,0.0071176039945142,6964091.2,49567.64334328119,137472389.07755634
PM25_MAIN,PM25,Mortality,All-cause mortality,VSL,Escenario económico bajo,VSL_2015_USD_x_0.80,430,21,11,0.0070996357933711,6964091.2,49442.5111518207,137125343.70379406
PM25_MAIN,PM25,Mortality,All-cause mortality,VSL,Escenario económico bajo,VSL_2015_USD_x_0.80,431,22,11,0.0069540765163953,6964091.2,48428.823071955165,134313950.7724526
PM25_MAIN,PM25,Mortality,All-cause mortality,VSL,Escenario económico bajo,VSL_2015_USD_x_0.80,432,23,11,0.0070902522403796,6964091.2,49377.16323300786,136944105.82532096
PM25_MAIN,PM25,Mortality,All-cause mortality,VSL,Escenario económico bajo,VSL_2015_USD_x_0.80,433,24,11,0.0069731189005877,6964091.2,48561.43597213648,134681743.36820248
PM25_MAIN,PM25,Mortality,All-cause mortality,VSL,Escenario económico bajo,VSL_2015_USD_x_0.80,434,25,11,0.0070796318696494,6964091.2,49303.20200266493,136738979.530251
PM25_MAIN,PM25,Mortality,All-cause mortality,VSL,Escenario económico bajo,VSL_2015_USD_x_0.80,435,26,11,0.0070830818577054,6964091.2,49327.22803412583,136805614.0466856
PM25_MAIN,PM25,Mortality,All-cause mortality,VSL,Escenario económico bajo,VSL_2015_USD_x_0.80,436,27,11,0.0070999755475215,6964091.2,49444.87723070966,137131905.85796708
PM25_MAIN,PM25,Mortality,All-cause mortality,VSL,Escenario económico bajo,VSL_2015_USD_x_0.80,437,28,11,0.0072596993166956,6964091.2,50557.20812604584,140216877.73301932
PM25_MAIN,PM25,Mortality,All-cause mortality,VSL,Escenario económico bajo,VSL_2015_USD_x_0.80,438,29,11,0.0067090279754446,6964091.2,46722.282684347556,129580980.46525003
PM25_MAIN,PM25,Mortality,All-cause mortality,VSL,Escenario económico bajo,VSL_2015_USD_x_0.80,439,30,11,0.0068884684948901,6964091.2,47971.92282674139,133046769.92536937
PM25_MAIN,PM25,Mortality,All-cause mortality,VSL,Escenario económico bajo,VSL_2015_USD_x_0.80,440,31,11,0.0064799137079786,6964091.2,45126.71003049314,125155771.39987057
PM25_MAIN,PM25,Mortality,All-cause mortality,VSL,Escenario económico bajo,VSL_2015_USD_x_0.80,441,32,11,0.0090043659389796,6964091.2,62707.22559722757,173914100.68811885
PM25_MAIN,PM25,Mortality,All-cause mortality,VSL,Escenario económico bajo,VSL_2015_USD_x_0.80,442,33,11,0.0102001798282378,6964091.2,71034.98258024837,197010551.73753822
PM25_MAIN,PM25,Mortality,All-cause mortality,VSL,Escenario económico bajo,VSL_2015_USD_x_0.80,443,34,11,0.0069156944750014,6964091.2,48161.527035245876,133572623.92536196
PM25_MAIN,PM25,Mortality,All-cause mortality,VSL,Escenario económico bajo,VSL_2015_USD_x_0.80,444,35,11,0.0036867392551291,6964091.2,25674.788403339124,71207228.40147282
PM25_MAIN,PM25,Mortality,All-cause mortality,VSL,Escenario económico bajo,VSL_2015_USD_x_0.80,445,36,11,0.0048298794698507,6964091.2,33635.721113047926,93286318.0065605
PM25_MAIN,PM25,Mortality,All-cause mortality,VSL,Escenario económico bajo,VSL_2015_USD_x_0.80,446,37,11,0.0006319179767276,6964091.2,4400.734420850485,12205128.864819359
PM25_MAIN,PM25,Mortality,All-cause mortality,VSL,Escenario económico bajo,VSL_2015_USD_x_0.80,461,11,12,0.0018365106701371,6964091.2,12789.627796607881,35471137.41994619
PM25_MAIN,PM25,Mortality,All-cause mortality,VSL,Escenario económico bajo,VSL_2015_USD_x_0.80,462,12,12,0.0058669220545887,6964091.2,40857.78025144709,113316193.48277089
PM25_MAIN,PM25,Mortality,All-cause mortality,VSL,Escenario económico bajo,VSL_2015_USD_x_0.80,463,13,12,0.0063437572870004,6964091.2,44178.50429733536,122525989.17335881
PM25_MAIN,PM25,Mortality,All-cause mortality,VSL,Escenario económico bajo,VSL_2015_USD_x_0.80,464,14,12,0.0065445660323585,6964091.2,45576.95471376675,126404493.5118021
PM25_MAIN,PM25,Mortality,All-cause mortality,VSL,Escenario económico bajo,VSL_2015_USD_x_0.80,465,15,12,0.0070581653710588,6964091.2,49153.70734873533,136324366.572203
PM25_MAIN,PM25,Mortality,All-cause mortality,VSL,Escenario económico bajo,VSL_2015_USD_x_0.80,466,16,12,0.0071321054920445,6964091.2,49668.63309461877,137752477.08360854
PM25_MAIN,PM25,Mortality,All-cause mortality,VSL,Escenario económico bajo,VSL_2015_USD_x_0.80,467,17,12,0.006916523865969,6964091.2,48167.30298958469,133588643.13040386
PM25_MAIN,PM25,Mortality,All-cause mortality,VSL,Escenario económico bajo,VSL_2015_USD_x_0.80,468,18,12,0.0047923784222399,6964091.2,33374.56039739077,92562007.04293548
PM25_MAIN,PM25,Mortality,All-cause mortality,VSL,Escenario económico bajo,VSL_2015_USD_x_0.80,469,19,12,0.0030318128768656,6964091.2,21113.82137582641,58557705.61835824
PM25_MAIN,PM25,Mortality,All-cause mortality,VSL,Escenario económico bajo,VSL_2015_USD_x_0.80,470,20,12,0.0011633426105302,6964091.2,8101.624036578392,22469287.151767608
PM25_MAIN,PM25,Mortality,All-cause mortality,VSL,Escenario económico bajo,VSL_2015_USD_x_0.80,471,21,12,0.0045186580355494,6964091.2,31468.346661178868,87275256.68051331
PM25_MAIN,PM25,Mortality,All-cause mortality,VSL,Escenario económico bajo,VSL_2015_USD_x_0.80,472,22,12,0.0072426451574494,6964091.2,50438.44140571598,139887486.54785487
PM25_MAIN,PM25,Mortality,All-cause mortality,VSL,Escenario económico bajo,VSL_2015_USD_x_0.80,473,23,12,0.0069939551938983,6964091.2,48706.54181902145,135084184.27712864
PM25_MAIN,PM25,Mortality,All-cause mortality,VSL,Escenario económico bajo,VSL_2015_USD_x_0.80,474,24,12,0.0069500945926702,6964091.2,48401.092591982124,134237042.22738096
PM25_MAIN,PM25,Mortality,All-cause mortality,VSL,Escenario económico bajo,VSL_2015_USD_x_0.80,475,25,12,0.0072304205856101,6964091.2,50353.30837254615,139651376.03967065
PM25_MAIN,PM25,Mortality,All-cause mortality,VSL,Escenario económico bajo,VSL_2015_USD_x_0.80,476,26,12,0.0072260212918375,6964091.2,50322.67128949817,139566406.2344329
PM25_MAIN,PM25,Mortality,All-cause mortality,VSL,Escenario económico bajo,VSL_2015_USD_x_0.80,477,27,12,0.0072373094603123,6964091.2,50401.28312423764,139784430.6552544
PM25_MAIN,PM25,Mortality,All-cause mortality,VSL,Escenario económico bajo,VSL_2015_USD_x_0.80,478,28,12,0.0071540717512356,6964091.2,49821.608126948435,138176742.6275226
PM25_MAIN,PM25,Mortality,All-cause mortality,VSL,Escenario económico bajo,VSL_2015_USD_x_0.80,479,29,12,0.0070478575392708,6964091.2,49081.922668089435,136125276.78535926
PM25_MAIN,PM25,Mortality,All-cause mortality,VSL,Escenario económico bajo,VSL_2015_USD_x_0.80,480,30,12,0.0070545190641118,6964091.2,49128.31413461322,136253940.27036032
PM25_MAIN,PM25,Mortality,All-cause mortality,VSL,Escenario económico bajo,VSL_2015_USD_x_0.80,481,31,12,0.0071731448966782,6964091.2,49954.43525128156,138545129.35896182
PM25_MAIN,PM25,Mortality,All-cause mortality,VSL,Escenario económico bajo,VSL_2015_USD_x_0.80,482,32,12,0.0105994512023393,6964091.2,73815.54484304054,204722246.5340339
PM25_MAIN,PM25,Mortality,All-cause mortality,VSL,Escenario económico bajo,VSL_2015_USD_x_0.80,483,33,12,0.0079595839375523,6964091.2,55431.26845516933,153734742.87162027
PM25_MAIN,PM25,Mortality,All-cause mortality,VSL,Escenario económico bajo,VSL_2015_USD_x_0.80,484,34,12,0.0077139213526712,6964091.2,53720.4518096296,148989912.66238102
PM25_MAIN,PM25,Mortality,All-cause mortality,VSL,Escenario económico bajo,VSL_2015_USD_x_0.80,485,35,12,0.00969442081045,6964091.2,67512.83065515172,187242109.9239174
PM25_MAIN,PM25,Mortality,All-cause mortality,VSL,Escenario económico bajo,VSL_2015_USD_x_0.80,486,36,12,0.0077847041787296,6964091.2,54213.38986569404,150357041.8552118
PM25_MAIN,PM25,Mortality,All-cause mortality,VSL,Escenario económico bajo,VSL_2015_USD_x_0.80,487,37,12,0.0056070873716577,6964091.2,39048.26782259252,108297637.42721276
PM25_MAIN,PM25,Mortality,All-cause mortality,VSL,Escenario económico bajo,VSL_2015_USD_x_0.80,488,38,12,0.0005016223306174,6964091.2,3493.343658376126,9688544.102450099
PM25_MAIN,PM25,Mortality,All-cause mortality,VSL,Escenario económico bajo,VSL_2015_USD_x_0.80,503,12,13,9.111692140863308e-06,6964091.2,63.454655055295326,175987.0439700077
PM25_MAIN,PM25,Mortality,All-cause mortality,VSL,Escenario económico bajo,VSL_2015_USD_x_0.80,504,13,13,4.654149436605375e-05,6964091.2,324.1192113494845,898921.9443330007
PM25_MAIN,PM25,Mortality,All-cause mortality,VSL,Escenario económico bajo,VSL_2015_USD_x_0.80,505,14,13,0.0024208608473985,6964091.2,16859.095723792438,46757521.85323766
PM25_MAIN,PM25,Mortality,All-cause mortality,VSL,Escenario económico bajo,VSL_2015_USD_x_0.80,506,15,13,0.0056719969328588,6964091.2,39500.303926548964,109551327.91900869
PM25_MAIN,PM25,Mortality,All-cause mortality,VSL,Escenario económico bajo,VSL_2015_USD_x_0.80,507,16,13,0.0028746678475605,6964091.2,20019.44906011902,55522540.60680589
PM25_MAIN,PM25,Mortality,All-cause mortality,VSL,Escenario económico bajo,VSL_2015_USD_x_0.80,508,17,13,0.0025177986184127,6964091.2,17534.179201860043,48629818.623814695
PM25_MAIN,PM25,Mortality,All-cause mortality,VSL,Escenario económico bajo,VSL_2015_USD_x_0.80,509,18,13,3.391367466546175e-05,6964091.2,236.1779232974051,655022.9378107222
PM25_MAIN,PM25,Mortality,All-cause mortality,VSL,Escenario económico bajo,VSL_2015_USD_x_0.80,513,22,13,0.0023630290936712,6964091.2,16456.350116579582,45640535.10382531
PM25_MAIN,PM25,Mortality,All-cause mortality,VSL,Escenario económico bajo,VSL_2015_USD_x_0.80,514,23,13,0.0063946165511966,6964091.2,44532.69285156259,123508306.33530924
PM25_MAIN,PM25,Mortality,All-cause mortality,VSL,Escenario económico bajo,VSL_2015_USD_x_0.80,515,24,13,0.0066741460121209,6964091.2,46479.36151052626,128907255.59413883
PM25_MAIN,PM25,Mortality,All-cause mortality,VSL,Escenario económico bajo,VSL_2015_USD_x_0.80,516,25,13,0.0031378516472461,6964091.2,21852.28504349207,60605782.908172205
PM25_MAIN,PM25,Mortality,All-cause mortality,VSL,Escenario económico bajo,VSL_2015_USD_x_0.80,517,26,13,0.0033495531308596,6964091.2,23326.59348255179,64694674.16231361
PM25_MAIN,PM25,Mortality,All-cause mortality,VSL,Escenario económico bajo,VSL_2015_USD_x_0.80,518,27,13,0.0057574219734681,6964091.2,40095.211700115826,111201262.98545223
PM25_MAIN,PM25,Mortality,All-cause mortality,VSL,Escenario económico bajo,VSL_2015_USD_x_0.80,519,28,13,0.0071794802958735,6964091.2,49998.55554906604,138667493.9164462
PM25_MAIN,PM25,Mortality,All-cause mortality,VSL,Escenario económico bajo,VSL_2015_USD_x_0.80,520,29,13,0.0071765557679406,6964091.2,49978.18886982438,138611008.357237
PM25_MAIN,PM25,Mortality,All-cause mortality,VSL,Escenario económico bajo,VSL_2015_USD_x_0.80,521,30,13,0.0071404678314145,6964091.2,49726.8691886368,137913990.81384096
PM25_MAIN,PM25,Mortality,All-cause mortality,VSL,Escenario económico bajo,VSL_2015_USD_x_0.80,522,31,13,0.0071842503109227,6964091.2,50031.77436889404,138759623.98792177
PM25_MAIN,PM25,Mortality,All-cause mortality,VSL,Escenario económico bajo,VSL_2015_USD_x_0.80,523,32,13,0.0072499385379962,6964091.2,50489.233173000204,140028353.95899394
PM25_MAIN,PM25,Mortality,All-cause mortality,VSL,Escenario económico bajo,VSL_2015_USD_x_0.80,524,33,13,0.0074252350528702,6964091.2,51710.0140896249,143414104.37658837
PM25_MAIN,PM25,Mortality,All-cause mortality,VSL,Escenario económico bajo,VSL_2015_USD_x_0.80,525,34,13,0.0081343134159883,6964091.2,56648.10047832606,157109541.30960384
PM25_MAIN,PM25,Mortality,All-cause mortality,VSL,Escenario económico bajo,VSL_2015_USD_x_0.80,526,35,13,0.0067842626076195,6964091.2,47246.223524212015,131034093.70875531
PM25_MAIN,PM25,Mortality,All-cause mortality,VSL,Escenario económico bajo,VSL_2015_USD_x_0.80,527,36,13,0.0071001496933792,6964091.2,49446.08999834478,137135269.38410935
PM25_MAIN,PM25,Mortality,All-cause mortality,VSL,Escenario económico bajo,VSL_2015_USD_x_0.80,528,37,13,0.0073442725053722,6964091.2,51146.18352506449,141850359.77391958
PM25_MAIN,PM25,Mortality,All-cause mortality,VSL,Escenario económico bajo,VSL_2015_USD_x_0.80,529,38,13,0.0067457386133978,6964091.2,46977.93891506382,130290025.12520546
PM25_MAIN,PM25,Mortality,All-cause mortality,VSL,Escenario económico bajo,VSL_2015_USD_x_0.80,530,39,13,0.0044428120109689,6964091.2,30940.14802884282,85810334.74763355
PM25_MAIN,PM25,Mortality,All-cause mortality,VSL,Escenario económico bajo,VSL_2015_USD_x_0.80,531,40,13,0.0007263052413295,6964091.2,5058.055939656648,14028164.084721936
PM25_MAIN,PM25,Mortality,All-cause mortality,VSL,Escenario económico bajo,VSL_2015_USD_x_0.80,546,14,14,2.3009415953078923e-06,6964091.2,16.023967115597653,44441.351117412
PM25_MAIN,PM25,Mortality,All-cause mortality,VSL,Escenario económico bajo,VSL_2015_USD_x_0.80,547,15,14,0.0004085921821862,6964091.2,2845.4732203517124,7891720.793520049
PM25_MAIN,PM25,Mortality,All-cause mortality,VSL,Escenario económico bajo,VSL_2015_USD_x_0.80,555,23,14,6.544651749995405e-05,6964091.2,455.775516592076,1264061.4909819611
PM25_MAIN,PM25,Mortality,All-cause mortality,VSL,Escenario económico bajo,VSL_2015_USD_x_0.80,556,24,14,0.0005277455052296,6964091.2,3675.267828809011,10193098.054453775
PM25_MAIN,PM25,Mortality,All-cause mortality,VSL,Escenario económico bajo,VSL_2015_USD_x_0.80,559,27,14,0.0012101078314324,6964091.2,8427.30129992946,23372530.244263362
PM25_MAIN,PM25,Mortality,All-cause mortality,VSL,Escenario económico bajo,VSL_2015_USD_x_0.80,560,28,14,0.0062529804006103,6964091.2,43546.325781662665,120772686.31263667
PM25_MAIN,PM25,Mortality,All-cause mortality,VSL,Escenario económico bajo,VSL_2015_USD_x_0.80,561,29,14,0.0071747143873526,6964091.2,49965.365327475636,138575443.16018075
PM25_MAIN,PM25,Mortality,All-cause mortality,VSL,Escenario económico bajo,VSL_2015_USD_x_0.80,562,30,14,0.0071527602658839,6964091.2,49812.47482335173,138151412.0493284
PM25_MAIN,PM25,Mortality,All-cause mortality,VSL,Escenario económico bajo,VSL_2015_USD_x_0.80,563,31,14,0.0067299698173108,6964091.2,46868.12358099975,129985459.98325214
PM25_MAIN,PM25,Mortality,All-cause mortality,VSL,Escenario económico bajo,VSL_2015_USD_x_0.80,564,32,14,0.0056594249443679,6964091.2,39412.75145213299,109308507.25988919
PM25_MAIN,PM25,Mortality,All-cause mortality,VSL,Escenario económico bajo,VSL_2015_USD_x_0.80,565,33,14,0.007280382400481,6964091.2,50701.24700782461,140616359.488911
PM25_MAIN,PM25,Mortality,All-cause mortality,VSL,Escenario económico bajo,VSL_2015_USD_x_0.80,566,34,14,0.006827521478301,6964091.2,47547.482244846986,131869613.68232597
PM25_MAIN,PM25,Mortality,All-cause mortality,VSL,Escenario económico bajo,VSL_2015_USD_x_0.80,567,35,14,0.0064025747538074,6964091.2,44588.11450033228,123662014.39865655
PM25_MAIN,PM25,Mortality,All-cause mortality,VSL,Escenario económico bajo,VSL_2015_USD_x_0.80,568,36,14,0.0068991955299916,6964091.2,48046.62687749384,133253956.38084774
PM25_MAIN,PM25,Mortality,All-cause mortality,VSL,Escenario económico bajo,VSL_2015_USD_x_0.80,569,37,14,0.0067953943739612,6964091.2,47323.7461602327,131249097.31317417
PM25_MAIN,PM25,Mortality,All-cause mortality,VSL,Escenario económico bajo,VSL_2015_USD_x_0.80,570,38,14,0.0070967192124965,6964091.2,49422.19981661781,137069011.63740233
PM25_MAIN,PM25,Mortality,All-cause mortality,VSL,Escenario económico bajo,VSL_2015_USD_x_0.80,571,39,14,0.0071930053195165,6964091.2,50092.74504719805,138928721.8962505
PM25_MAIN,PM25,Mortality,All-cause mortality,VSL,Escenario económico bajo,VSL_2015_USD_x_0.80,572,40,14,0.004511127274364,6964091.2,31415.901753478316,87129804.40014936
PM25_MAIN,PM25,Mortality,All-cause mortality,VSL,Escenario económico bajo,VSL_2015_USD_x_0.80,573,41,14,0.0022738394611722,6964091.2,15835.22538176206,43917889.13054035
PM25_MAIN,PM25,Mortality,All-cause mortality,VSL,Escenario económico bajo,VSL_2015_USD_x_0.80,601,28,15,0.0003090122552311,6964091.2,2151.9895273470574,5968392.3148301495
PM25_MAIN,PM25,Mortality,All-cause mortality,VSL,Escenario económico bajo,VSL_2015_USD_x_0.80,602,29,15,0.0043538268697859,6964091.2,30320.447390199533,84091638.40540108
PM25_MAIN,PM25,Mortality,All-cause mortality,VSL,Escenario económico bajo,VSL_2015_USD_x_0.80,603,30,15,0.0072905431042472,6964091.2,50772.00707550861,140812607.58342785
PM25_MAIN,PM25,Mortality,All-cause mortality,VSL,Escenario económico bajo,VSL_2015_USD_x_0.80,604,31,15,0.0069339620166656,6964091.2,48288.74386139516,133925450.88750917
PM25_MAIN,PM25,Mortality,All-cause mortality,VSL,Escenario económico bajo,VSL_2015_USD_x_0.80,605,32,15,0.007145767564421,6964091.2,49763.777012629726,138016352.08013764
PM25_MAIN,PM25,Mortality,All-cause mortality,VSL,Escenario económico bajo,VSL_2015_USD_x_0.80,606,33,15,0.0064946370090745,6964091.2,45229.24444209005,125440143.4130258
PM25_MAIN,PM25,Mortality,All-cause mortality,VSL,Escenario económico bajo,VSL_2015_USD_x_0.80,607,34,15,0.0070961505620243,6964091.2,49418.23968286849,137058028.48365793
PM25_MAIN,PM25,Mortality,All-cause mortality,VSL,Escenario económico bajo,VSL_2015_USD_x_0.80,608,35,15,0.0071359187078919,6964091.2,49695.18867754535,137826127.1339646
PM25_MAIN,PM25,Mortality,All-cause mortality,VSL,Escenario económico bajo,VSL_2015_USD_x_0.80,609,36,15,0.0073421014591484,6964091.2,51131.06416116253,141808427.27649298
PM25_MAIN,PM25,Mortality,All-cause mortality,VSL,Escenario económico bajo,VSL_2015_USD_x_0.80,610,37,15,0.0069306286201298,6964091.2,48265.529783914084,133861068.26860084
PM25_MAIN,PM25,Mortality,All-cause mortality,VSL,Escenario económico bajo,VSL_2015_USD_x_0.80,611,38,15,0.0051113090908233,6964091.2,35595.622659882545,98721967.75359803
PM25_MAIN,PM25,Mortality,All-cause mortality,VSL,Escenario económico bajo,VSL_2015_USD_x_0.80,612,39,15,0.0077815474046323,6964091.2,54191.40580298264,150296070.59616613
PM25_MAIN,PM25,Mortality,All-cause mortality,VSL,Escenario económico bajo,VSL_2015_USD_x_0.80,613,40,15,0.0073673069884073,6964091.2,51306.597765665785,142295257.44123045
PM25_MAIN,PM25,Mortality,All-cause mortality,VSL,Escenario económico bajo,VSL_2015_USD_x_0.80,614,41,15,0.0040007895739087,6964091.2,27861.86346470933,77272927.9889288
PM25_MAIN,PM25,Mortality,All-cause mortality,VSL,Escenario económico bajo,VSL_2015_USD_x_0.80,643,29,16,0.0001860822965073,6964091.2,1295.8940835822787,3594071.528229599
PM25_MAIN,PM25,Mortality,All-cause mortality,VSL,Escenario económico bajo,VSL_2015_USD_x_0.80,644,30,16,0.0021223824589356,6964091.2,14780.465005307773,40992585.05967073
PM25_MAIN,PM25,Mortality,All-cause mortality,VSL,Escenario económico bajo,VSL_2015_USD_x_0.80,645,31,16,0.0056343326876288,6964091.2,39238.006687788074,108823864.88811207
PM25_MAIN,PM25,Mortality,All-cause mortality,VSL,Escenario económico bajo,VSL_2015_USD_x_0.80,646,32,16,0.0073717913199794,6964091.2,51337.82705970492,142381869.7021974
PM25_MAIN,PM25,Mortality,All-cause mortality,VSL,Escenario económico bajo,VSL_2015_USD_x_0.80,647,33,16,0.0072278230261207,6964091.2,50335.21873136453,139601205.68612832
PM25_MAIN,PM25,Mortality,All-cause mortality,VSL,Escenario económico bajo,VSL_2015_USD_x_0.80,648,34,16,0.0058935844409154,6964091.2,41043.459541435855,113831161.99600443
PM25_MAIN,PM25,Mortality,All-cause mortality,VSL,Escenario económico bajo,VSL_2015_USD_x_0.80,649,35,16,0.0063953244189536,6964091.2,44537.62250717988,123521978.3900879
PM25_MAIN,PM25,Mortality,All-cause mortality,VSL,Escenario económico bajo,VSL_2015_USD_x_0.80,650,36,16,0.0074294613888965,6964091.2,51739.446679153894,143495733.60336578
PM25_MAIN,PM25,Mortality,All-cause mortality,VSL,Escenario económico bajo,VSL_2015_USD_x_0.80,651,37,16,0.0053031221851463,6964091.2,36931.42654210212,102426726.31466228
PM25_MAIN,PM25,Mortality,All-cause mortality,VSL,Escenario económico bajo,VSL_2015_USD_x_0.80,652,38,16,0.0071255721610263,6964091.2,49623.13438156824,137626289.5878728
PM25_MAIN,PM25,Mortality,All-cause mortality,VSL,Escenario económico bajo,VSL_2015_USD_x_0.80,653,39,16,0.006669559275133,6964091.2,46447.419055832106,128818665.43201643
PM25_MAIN,PM25,Mortality,All-cause mortality,VSL,Escenario económico bajo,VSL_2015_USD_x_0.80,654,40,16,0.0074420051005456,6964091.2,51826.80223106473,143738008.11170185
PM25_MAIN,PM25,Mortality,All-cause mortality,VSL,Escenario económico bajo,VSL_2015_USD_x_0.80,655,41,16,0.0023123893500701,6964091.2,16103.690323796902,44662457.854728036
PM25_MAIN,PM25,Mortality,All-cause mortality,VSL,Escenario económico bajo,VSL_2015_USD_x_0.80,686,31,17,0.0013730946766098,6964091.2,9562.356554145153,26520526.53796279
PM25_MAIN,PM25,Mortality,All-cause mortality,VSL,Escenario económico bajo,VSL_2015_USD_x_0.80,687,32,17,0.0040289024819608,6964091.2,28057.644320281368,77815912.48719795
PM25_MAIN,PM25,Mortality,All-cause mortality,VSL,Escenario económico bajo,VSL_2015_USD_x_0.80,688,33,17,0.0064646899225581,6964091.2,45020.69020041555,124861732.8225385
PM25_MAIN,PM25,Mortality,All-cause mortality,VSL,Escenario económico bajo,VSL_2015_USD_x_0.80,689,34,17,0.001220947404361,6964091.2,8502.789074373282,23581890.30253909
PM25_MAIN,PM25,Mortality,All-cause mortality,VSL,Escenario económico bajo,VSL_2015_USD_x_0.80,690,35,17,0.0022466042065883,6964091.2,15645.556584984563,43391855.99949373
PM25_MAIN,PM25,Mortality,All-cause mortality,VSL,Escenario económico bajo,VSL_2015_USD_x_0.80,691,36,17,0.0015208252158648,6964091.2,10591.165502542153,29373856.13971548
PM25_MAIN,PM25,Mortality,All-cause mortality,VSL,Escenario económico bajo,VSL_2015_USD_x_0.80,692,37,17,0.002381244671604,6964091.2,16583.205062564306,45992358.41666772
PM25_MAIN,PM25,Mortality,All-cause mortality,VSL,Escenario económico bajo,VSL_2015_USD_x_0.80,693,38,17,0.0022064167085966,6964091.2,15365.687183870547,42615657.806362085
PM25_MAIN,PM25,Mortality,All-cause mortality,VSL,Escenario económico bajo,VSL_2015_USD_x_0.80,694,39,17,0.0002994692662934,6964091.2,2085.5312820643235,5784075.023615656
PM25_MAIN,PM25,Mortality,All-cause mortality,VSL,Escenario económico bajo,VSL_2015_USD_x_0.80,695,40,17,0.0029444865269569,6964091.2,20505.67271089911,56871047.86658892
PM25_MAIN,PM25,Mortality,All-cause mortality,VSL,Escenario económico bajo,VSL_2015_USD_x_0.80,696,41,17,0.0007232605466474,6964091.2,5036.852408214348,13969357.574513918
PM25_MAIN,PM25,Mortality,All-cause mortality,VSL,Escenario económico bajo,VSL_2015_USD_x_0.80,729,33,18,3.679386582008554e-05,6964091.2,256.2358371716385,710652.1578869373
PM25_MAIN,PM25,Mortality,All-cause mortality,VSL,Escenario económico bajo,VSL_2015_USD_x_0.80,730,34,18,0.0001311836149418,6964091.2,913.574658400378,2533735.36484736
PM25_MAIN,PM25,Mortality,All-cause mortality,VSL,Escenario económico central,VSL_2015_USD_x_1.00,0,1,1,0.0054447880295158,8705114.0,47397.5005027704,131453649.81939851
PM25_MAIN,PM25,Mortality,All-cause mortality,VSL,Escenario económico central,VSL_2015_USD_x_1.00,1,2,1,0.0029120511744061,8705114.0,25349.737447038984,70305722.32774132
PM25_MAIN,PM25,Mortality,All-cause mortality,VSL,Escenario económico central,VSL_2015_USD_x_1.00,2,3,1,5.5730822007163214e-05,8705114.0,485.1431588860646,1345510.591149378
PM25_MAIN,PM25,Mortality,All-cause mortality,VSL,Escenario económico central,VSL_2015_USD_x_1.00,41,1,2,0.0043061637182271,8705114.0,37485.646069830786,103963815.37945078
PM25_MAIN,PM25,Mortality,All-cause mortality,VSL,Escenario económico central,VSL_2015_USD_x_1.00,42,2,2,0.0068103206161093,8705114.0,59284.61733978169,164421736.2686707
PM25_MAIN,PM25,Mortality,All-cause mortality,VSL,Escenario económico central,VSL_2015_USD_x_1.00,43,3,2,0.005055130495371,8705114.0,44005.48724708103,122046138.49567193
PM25_MAIN,PM25,Mortality,All-cause mortality,VSL,Escenario económico central,VSL_2015_USD_x_1.00,44,4,2,0.0006962381306306,8705114.0,6060.8322982862655,16809294.121036075
PM25_MAIN,PM25,Mortality,All-cause mortality,VSL,Escenario económico central,VSL_2015_USD_x_1.00,82,1,3,0.0005030904625336,8705114.0,4379.459828667717,12146125.272621907
PM25_MAIN,PM25,Mortality,All-cause mortality,VSL,Escenario económico central,VSL_2015_USD_x_1.00,83,2,3,0.0032482092138882,8705114.0,28276.031502747162,78421594.05066405
PM25_MAIN,PM25,Mortality,All-cause mortality,VSL,Escenario económico central,VSL_2015_USD_x_1.00,84,3,3,0.0069659637165392,8705114.0,60639.50827233742,168179431.42774877
PM25_MAIN,PM25,Mortality,All-cause mortality,VSL,Escenario económico central,VSL_2015_USD_x_1.00,85,4,3,0.0066585646674693,8705114.0,57963.564506692346,160757888.70979574
PM25_MAIN,PM25,Mortality,All-cause mortality,VSL,Escenario económico central,VSL_2015_USD_x_1.00,86,5,3,0.0052733322410641,8705114.0,45904.95831833847,127314188.54882945
PM25_MAIN,PM25,Mortality,All-cause mortality,VSL,Escenario económico central,VSL_2015_USD_x_1.00,87,6,3,0.0017606283089846,8705114.0,15326.470141338168,42506892.084091514
PM25_MAIN,PM25,Mortality,All-cause mortality,VSL,Escenario económico central,VSL_2015_USD_x_1.00,91,10,3,0.0004132527086812,8705114.0,3597.4119398786356,9977170.196417604
PM25_MAIN,PM25,Mortality,All-cause mortality,VSL,Escenario económico central,VSL_2015_USD_x_1.00,125,3,4,0.0028493700152057,8705114.0,24804.09081054735,68792409.57669634
PM25_MAIN,PM25,Mortality,All-cause mortality,VSL,Escenario económico central,VSL_2015_USD_x_1.00,126,4,4,0.0073202100682491,8705114.0,63723.26314805619,176732009.71271348
PM25_MAIN,PM25,Mortality,All-cause mortality,VSL,Escenario económico central,VSL_2015_USD_x_1.00,127,5,4,0.0071237456321039,8705114.0,62013.01783446651,171988764.05264443
PM25_MAIN,PM25,Mortality,All-cause mortality,VSL,Escenario económico central,VSL_2015_USD_x_1.00,128,6,4,0.0069671124617235,8705114.0,60649.508230123705,168207165.61067197
PM25_MAIN,PM25,Mortality,All-cause mortality,VSL,Escenario económico central,VSL_2015_USD_x_1.00,129,7,4,0.0054874822872655,8705114.0,47769.15888362692,132484418.32261741
PM25_MAIN,PM25,Mortality,All-cause mortality,VSL,Escenario económico central,VSL_2015_USD_x_1.00,130,8,4,0.0039324085874893,8705114.0,34232.065048673336,94940236.16794208
PM25_MAIN,PM25,Mortality,All-cause mortality,VSL,Escenario económico central,VSL_2015_USD_x_1.00,131,9,4,0.0038602788430629,8705114.0,33604.16740065065,93198805.99398653
PM25_MAIN,PM25,Mortality,All-cause mortality,VSL,Escenario económico central,VSL_2015_USD_x_1.00,132,10,4,0.0065758019738853,8705114.0,57243.10582409656,158759746.98572412
PM25_MAIN,PM25,Mortality,All-cause mortality,VSL,Escenario económico central,VSL_2015_USD_x_1.00,133,11,4,0.005632724306588,8705114.0,49033.507219419495,135990999.9275546
PM25_MAIN,PM25,Mortality,All-cause mortality,VSL,Escenario económico central,VSL_2015_USD_x_1.00,134,12,4,0.0051402565956332,8705114.0,44746.51965423891,124101340.00465581
PM25_MAIN,PM25,Mortality,All-cause mortality,VSL,Escenario económico central,VSL_2015_USD_x_1.00,135,13,4,0.0021357829816503,8705114.0,18592.23433452577,51564260.4704038
PM25_MAIN,PM25,Mortality,All-cause mortality,VSL,Escenario económico central,VSL_2015_USD_x_1.00,136,14,4,0.0004924644289688,8705114.0,4286.958995118306,11889580.685830964
PM25_MAIN,PM25,Mortality,All-cause mortality,VSL,Escenario económico central,VSL_2015_USD_x_1.00,166,3,5,4.4965113577662096e-06,8705114.0,39.14264397164964,108559.38307029226
PM25_MAIN,PM25,Mortality,All-cause mortality,VSL,Escenario económico central,VSL_2015_USD_x_1.00,167,4,5,0.0048590631561765,8705114.0,42298.698707716234,117312479.95694143
PM25_MAIN,PM25,Mortality,All-cause mortality,VSL,Escenario económico central,VSL_2015_USD_x_1.00,168,5,5,0.0071260019526483,8705114.0,62032.659362026054,172043238.4544239
PM25_MAIN,PM25,Mortality,All-cause mortality,VSL,Escenario económico central,VSL_2015_USD_x_1.00,169,6,5,0.0071110203599266,8705114.0,61902.242889482084,171681537.4969763
PM25_MAIN,PM25,Mortality,All-cause mortality,VSL,Escenario económico central,VSL_2015_USD_x_1.00,170,7,5,0.0072766013120736,8705114.0,63343.64395415027,175679162.45175898
PM25_MAIN,PM25,Mortality,All-cause mortality,VSL,Escenario económico central,VSL_2015_USD_x_1.00,171,8,5,0.0075138892496646,8705114.0,65409.262501704805,181408010.90010315
PM25_MAIN,PM25,Mortality,All-cause mortality,VSL,Escenario económico central,VSL_2015_USD_x_1.00,172,9,5,0.0073051774818546,8705114.0,63592.402769777225,176369077.61378324
PM25_MAIN,PM25,Mortality,All-cause mortality,VSL,Escenario económico central,VSL_2015_USD_x_1.00,173,10,5,0.007206723048462,8705114.0,62735.34570328923,173992089.83387345
PM25_MAIN,PM25,Mortality,All-cause mortality,VSL,Escenario económico central,VSL_2015_USD_x_1.00,174,11,5,0.0074718377470813,8705114.0,65043.199377845885,180392760.45049912
PM25_MAIN,PM25,Mortality,All-cause mortality,VSL,Escenario económico central,VSL_2015_USD_x_1.00,175,12,5,0.0073211925442919,8705114.0,63731.81571401104,176755729.65570962
PM25_MAIN,PM25,Mortality,All-cause mortality,VSL,Escenario económico central,VSL_2015_USD_x_1.00,176,13,5,0.007054950577935,8705114.0,61414.14904529006,170327843.3866788
PM25_MAIN,PM25,Mortality,All-cause mortality,VSL,Escenario económico central,VSL_2015_USD_x_1.00,177,14,5,0.0062557319265988,8705114.0,54456.85957448219,151032288.04965612
PM25_MAIN,PM25,Mortality,All-cause mortality,VSL,Escenario económico central,VSL_2015_USD_x_1.00,178,15,5,0.0025397521353518,8705114.0,22108.831869980848,61317297.573160976
PM25_MAIN,PM25,Mortality,All-cause mortality,VSL,Escenario económico central,VSL_2015_USD_x_1.00,208,4,6,0.0037842001878997,8705114.0,32941.89403448831,91362037.1720709
PM25_MAIN,PM25,Mortality,All-cause mortality,VSL,Escenario económico central,VSL_2015_USD_x_1.00,209,5,6,0.0017379504898414,8705114.0,15129.057140425228,41959380.944969535
PM25_MAIN,PM25,Mortality,All-cause mortality,VSL,Escenario económico central,VSL_2015_USD_x_1.00,210,6,6,0.0022038132423942,8705114.0,19184.445509751145,53206716.710109115
PM25_MAIN,PM25,Mortality,All-cause mortality,VSL,Escenario económico central,VSL_2015_USD_x_1.00,211,7,6,0.0069351905168781,8705114.0,60371.624061142786,167436473.31989524
PM25_MAIN,PM25,Mortality,All-cause mortality,VSL,Escenario económico central,VSL_2015_USD_x_1.00,212,8,6,0.0069237381422898,8705114.0,60271.92983478093,167159978.36167645
PM25_MAIN,PM25,Mortality,All-cause mortality,VSL,Escenario económico central,VSL_2015_USD_x_1.00,213,9,6,0.0069794050468785,8705114.0,60756.51658525269,168503945.79303735
PM25_MAIN,PM25,Mortality,All-cause mortality,VSL,Escenario económico central,VSL_2015_USD_x_1.00,214,10,6,0.0069745561817075,8705114.0,60714.306661168506,168386879.52328455
PM25_MAIN,PM25,Mortality,All-cause mortality,VSL,Escenario económico central,VSL_2015_USD_x_1.00,215,11,6,0.0069613758803435,8705114.0,60599.570635240525,168068667.18689513
PM25_MAIN,PM25,Mortality,All-cause mortality,VSL,Escenario económico central,VSL_2015_USD_x_1.00,216,12,6,0.0070602357829384,8705114.0,61460.157357358024,170455444.21961746
PM25_MAIN,PM25,Mortality,All-cause mortality,VSL,Escenario económico central,VSL_2015_USD_x_1.00,217,13,6,0.0071654490957658,8705114.0,62376.051239838205,172995611.79010445
PM25_MAIN,PM25,Mortality,All-cause mortality,VSL,Escenario económico central,VSL_2015_USD_x_1.00,218,14,6,0.0064891667451166,8705114.0,56488.93628124894,156668110.55050424
PM25_MAIN,PM25,Mortality,All-cause mortality,VSL,Escenario económico central,VSL_2015_USD_x_1.00,219,15,6,0.0004283541260857,8705114.0,3728.8714999463923,10341764.084096322
PM25_MAIN,PM25,Mortality,All-cause mortality,VSL,Escenario económico central,VSL_2015_USD_x_1.00,251,6,7,5.914927565589015e-06,8705114.0,51.490118760194854,142804.24007308722
PM25_MAIN,PM25,Mortality,All-cause mortality,VSL,Escenario económico central,VSL_2015_USD_x_1.00,252,7,7,0.0022659637554106,8705114.0,19725.47281071739,54707218.05742793
PM25_MAIN,PM25,Mortality,All-cause mortality,VSL,Escenario económico central,VSL_2015_USD_x_1.00,253,8,7,0.0062564677272422,8705114.0,54463.26480296426,151050052.50248516
PM25_MAIN,PM25,Mortality,All-cause mortality,VSL,Escenario económico central,VSL_2015_USD_x_1.00,254,9,7,0.0070301692893892,8705114.0,61198.42510343198,169729548.13461134
PM25_MAIN,PM25,Mortality,All-cause mortality,VSL,Escenario económico central,VSL_2015_USD_x_1.00,255,10,7,0.0071434501377644,8705114.0,62184.54780255481,172464490.41203958
PM25_MAIN,PM25,Mortality,All-cause mortality,VSL,Escenario económico central,VSL_2015_USD_x_1.00,256,11,7,0.0070865298318215,8705114.0,61689.050050406986,171090262.08130023
PM25_MAIN,PM25,Mortality,All-cause mortality,VSL,Escenario económico central,VSL_2015_USD_x_1.00,257,12,7,0.0070084765803811,8705114.0,61009.587598547645,169205820.53344
PM25_MAIN,PM25,Mortality,All-cause mortality,VSL,Escenario económico central,VSL_2015_USD_x_1.00,258,13,7,0.0071133867097003,8705114.0,61922.842234026015,171738668.33711475
PM25_MAIN,PM25,Mortality,All-cause mortality,VSL,Escenario económico central,VSL_2015_USD_x_1.00,259,14,7,0.0036349988682663,8705114.0,31643.079538129125,87759866.08343345
PM25_MAIN,PM25,Mortality,All-cause mortality,VSL,Escenario económico central,VSL_2015_USD_x_1.00,294,8,8,0.0008528633706875,8705114.0,7424.272868258946,20590701.101015408
PM25_MAIN,PM25,Mortality,All-cause mortality,VSL,Escenario económico central,VSL_2015_USD_x_1.00,295,9,8,0.0046337167586372,8705114.0,40337.03262764731,111871936.40049589
PM25_MAIN,PM25,Mortality,All-cause mortality,VSL,Escenario económico central,VSL_2015_USD_x_1.00,296,10,8,0.0068874733888186,8705114.0,59956.24102163223,166284437.53662547
PM25_MAIN,PM25,Mortality,All-cause mortality,VSL,Escenario económico central,VSL_2015_USD_x_1.00,297,11,8,0.0070034163232088,8705114.0,60965.53748299345,169083650.62145853
PM25_MAIN,PM25,Mortality,All-cause mortality,VSL,Escenario económico central,VSL_2015_USD_x_1.00,298,12,8,0.0070427405207229,8705114.0,61307.85910531221,170033055.67844602
PM25_MAIN,PM25,Mortality,All-cause mortality,VSL,Escenario económico central,VSL_2015_USD_x_1.00,299,13,8,0.0072490963767166,8705114.0,63104.210356304946,175015110.1284868
PM25_MAIN,PM25,Mortality,All-cause mortality,VSL,Escenario económico central,VSL_2015_USD_x_1.00,300,14,8,0.0053089081667364,8705114.0,46214.65080697137,128173098.98757859
PM25_MAIN,PM25,Mortality,All-cause mortality,VSL,Escenario económico central,VSL_2015_USD_x_1.00,301,15,8,0.0028339756679739,8705114.0,24670.081262938947,68420743.47707276
PM25_MAIN,PM25,Mortality,All-cause mortality,VSL,Escenario económico central,VSL_2015_USD_x_1.00,302,16,8,0.0025711752510956,8705114.0,22382.373674765822,62075946.62080577
PM25_MAIN,PM25,Mortality,All-cause mortality,VSL,Escenario económico central,VSL_2015_USD_x_1.00,303,17,8,0.0019686188420686,8705114.0,17137.051442755157,47528412.58288043
PM25_MAIN,PM25,Mortality,All-cause mortality,VSL,Escenario económico central,VSL_2015_USD_x_1.00,304,18,8,0.0006701887471298,8705114.0,5834.069445282082,16180383.221628683
PM25_MAIN,PM25,Mortality,All-cause mortality,VSL,Escenario económico central,VSL_2015_USD_x_1.00,337,10,9,0.0010321439390995,8705114.0,8984.930654270203,24919076.22447261
PM25_MAIN,PM25,Mortality,All-cause mortality,VSL,Escenario económico central,VSL_2015_USD_x_1.00,338,11,9,0.0058859723358207,8705114.0,51238.06018416548,142105173.25657004
PM25_MAIN,PM25,Mortality,All-cause mortality,VSL,Escenario económico central,VSL_2015_USD_x_1.00,339,12,9,0.0072330397319524,8705114.0,62964.43543317508,174627454.16343075
PM25_MAIN,PM25,Mortality,All-cause mortality,VSL,Escenario económico central,VSL_2015_USD_x_1.00,340,13,9,0.007041418177013,8705114.0,61296.34795257035,170001130.30209717
PM25_MAIN,PM25,Mortality,All-cause mortality,VSL,Escenario económico central,VSL_2015_USD_x_1.00,341,14,9,0.0069719630775166,8705114.0,60691.73339357284,168324274.1457367
PM25_MAIN,PM25,Mortality,All-cause mortality,VSL,Escenario económico central,VSL_2015_USD_x_1.00,342,15,9,0.0070353381264074,8705114.0,61243.420418922826,169854339.49245313
PM25_MAIN,PM25,Mortality,All-cause mortality,VSL,Escenario económico central,VSL_2015_USD_x_1.00,343,16,9,0.0072232013760765,8705114.0,62878.79142370281,174389926.49824008
PM25_MAIN,PM25,Mortality,All-cause mortality,VSL,Escenario económico central,VSL_2015_USD_x_1.00,344,17,9,0.0072699927975778,8705114.0,63286.11608209367,175519612.92556104
PM25_MAIN,PM25,Mortality,All-cause mortality,VSL,Escenario económico central,VSL_2015_USD_x_1.00,345,18,9,0.0068406118930007,8705114.0,59548.306358326896,165153059.30337456
PM25_MAIN,PM25,Mortality,All-cause mortality,VSL,Escenario económico central,VSL_2015_USD_x_1.00,346,19,9,0.0027012630552481,8705114.0,23514.80283992301,65216659.64032767
PM25_MAIN,PM25,Mortality,All-cause mortality,VSL,Escenario económico central,VSL_2015_USD_x_1.00,347,20,9,0.000172912283075,8705114.0,1505.2211361681454,4174625.4556828192
PM25_MAIN,PM25,Mortality,All-cause mortality,VSL,Escenario económico central,VSL_2015_USD_x_1.00,348,21,9,0.002584707662744,8705114.0,22500.174860860076,62402659.964355156
PM25_MAIN,PM25,Mortality,All-cause mortality,VSL,Escenario económico central,VSL_2015_USD_x_1.00,349,22,9,0.0024361623225354,8705114.0,21207.070740175426,58816326.20292473
PM25_MAIN,PM25,Mortality,All-cause mortality,VSL,Escenario económico central,VSL_2015_USD_x_1.00,350,23,9,0.0034396270596962,8705114.0,29942.345672140225,83042999.75748385
PM25_MAIN,PM25,Mortality,All-cause mortality,VSL,Escenario económico central,VSL_2015_USD_x_1.00,351,24,9,0.0025724056969778,8705114.0,22393.084846441205,62105653.305665426
PM25_MAIN,PM25,Mortality,All-cause mortality,VSL,Escenario económico central,VSL_2015_USD_x_1.00,352,25,9,0.0009600798736301,8705114.0,8357.604749055614,23179231.739173308
PM25_MAIN,PM25,Mortality,All-cause mortality,VSL,Escenario económico central,VSL_2015_USD_x_1.00,353,26,9,2.3042675952875478e-06,8705114.0,20.058912103483966,55631.98859516553
PM25_MAIN,PM25,Mortality,All-cause mortality,VSL,Escenario económico central,VSL_2015_USD_x_1.00,360,33,9,0.0022688077342307,8705114.0,19750.229970559947,54775880.30725007
PM25_MAIN,PM25,Mortality,All-cause mortality,VSL,Escenario económico central,VSL_2015_USD_x_1.00,361,34,9,0.0017385663967959,8705114.0,15134.418680677543,41974250.80155151
PM25_MAIN,PM25,Mortality,All-cause mortality,VSL,Escenario económico central,VSL_2015_USD_x_1.00,379,11,10,0.004358271008702,8705114.0,37939.245973645906,105221842.96068875
PM25_MAIN,PM25,Mortality,All-cause mortality,VSL,Escenario económico central,VSL_2015_USD_x_1.00,380,12,10,0.0068359527382061,8705114.0,59507.747884696255,165040573.21585312
PM25_MAIN,PM25,Mortality,All-cause mortality,VSL,Escenario económico central,VSL_2015_USD_x_1.00,381,13,10,0.0071120911644971,8705114.0,61911.56436534001,171707389.95776492
PM25_MAIN,PM25,Mortality,All-cause mortality,VSL,Escenario económico central,VSL_2015_USD_x_1.00,382,14,10,0.007053094039617,8705114.0,61397.9876675865,170283020.9369144
PM25_MAIN,PM25,Mortality,All-cause mortality,VSL,Escenario económico central,VSL_2015_USD_x_1.00,383,15,10,0.0071561224447189,8705114.0,62294.86167923672,172770438.22704548
PM25_MAIN,PM25,Mortality,All-cause mortality,VSL,Escenario económico central,VSL_2015_USD_x_1.00,384,16,10,0.0071392638237956,8705114.0,62148.10546221661,172363420.1320754
PM25_MAIN,PM25,Mortality,All-cause mortality,VSL,Escenario económico central,VSL_2015_USD_x_1.00,385,17,10,0.0069905815294539,8705114.0,60853.809140190555,168773779.88367867
PM25_MAIN,PM25,Mortality,All-cause mortality,VSL,Escenario económico central,VSL_2015_USD_x_1.00,386,18,10,0.0070212206596981,8705114.0,61120.526261827166,169513501.1503393
PM25_MAIN,PM25,Mortality,All-cause mortality,VSL,Escenario económico central,VSL_2015_USD_x_1.00,387,19,10,0.0071015467032961,8705114.0,61819.77362851673,171452814.77453715
PM25_MAIN,PM25,Mortality,All-cause mortality,VSL,Escenario económico central,VSL_2015_USD_x_1.00,388,20,10,0.0068958943573022,8705114.0,60029.54651227238,166487745.18353158
PM25_MAIN,PM25,Mortality,All-cause mortality,VSL,Escenario económico central,VSL_2015_USD_x_1.00,389,21,10,0.0069969443256167,8705114.0,60909.19800614649,168927397.02618685
PM25_MAIN,PM25,Mortality,All-cause mortality,VSL,Escenario económico central,VSL_2015_USD_x_1.00,390,22,10,0.0071833278064729,8705114.0,62531.687454716535,173427257.93753448
PM25_MAIN,PM25,Mortality,All-cause mortality,VSL,Escenario económico central,VSL_2015_USD_x_1.00,391,23,10,0.0070319880949038,8705114.0,61214.2580127804,169773459.60038555
PM25_MAIN,PM25,Mortality,All-cause mortality,VSL,Escenario económico central,VSL_2015_USD_x_1.00,392,24,10,0.0069937627147811,8705114.0,60881.50172111896,168850583.31840295
PM25_MAIN,PM25,Mortality,All-cause mortality,VSL,Escenario económico central,VSL_2015_USD_x_1.00,393,25,10,0.0071123912852749,8705114.0,61914.17695092453,171714635.7810026
PM25_MAIN,PM25,Mortality,All-cause mortality,VSL,Escenario económico central,VSL_2015_USD_x_1.00,394,26,10,0.0052512060248895,8705114.0,45712.34708414993,126779994.77359393
PM25_MAIN,PM25,Mortality,All-cause mortality,VSL,Escenario económico central,VSL_2015_USD_x_1.00,395,27,10,0.0023980482159288,8705114.0,20875.28309715682,57896136.40014763
PM25_MAIN,PM25,Mortality,All-cause mortality,VSL,Escenario económico central,VSL_2015_USD_x_1.00,396,28,10,0.0005924125413253,8705114.0,5157.018707266448,14302630.393293982
PM25_MAIN,PM25,Mortality,All-cause mortality,VSL,Escenario económico central,VSL_2015_USD_x_1.00,397,29,10,0.000205059417192,8705114.0,1785.06560342992,4950754.496520643
PM25_MAIN,PM25,Mortality,All-cause mortality,VSL,Escenario económico central,VSL_2015_USD_x_1.00,398,30,10,0.0008399665639146,8705114.0,7312.004695064878,20279333.181433786
PM25_MAIN,PM25,Mortality,All-cause mortality,VSL,Escenario económico central,VSL_2015_USD_x_1.00,400,32,10,0.0006070505844726,8705114.0,5284.444541600613,14656037.025011387
PM25_MAIN,PM25,Mortality,All-cause mortality,VSL,Escenario económico central,VSL_2015_USD_x_1.00,401,33,10,0.0069574567244447,8705114.0,60565.453936357706,167974046.91071254
PM25_MAIN,PM25,Mortality,All-cause mortality,VSL,Escenario económico central,VSL_2015_USD_x_1.00,402,34,10,0.0059145701464985,8705114.0,51487.007386266145,142795610.8952921
PM25_MAIN,PM25,Mortality,All-cause mortality,VSL,Escenario económico central,VSL_2015_USD_x_1.00,403,35,10,5.7430017434173365e-05,8705114.0,499.93484878646666,1386534.30766985
PM25_MAIN,PM25,Mortality,All-cause mortality,VSL,Escenario económico central,VSL_2015_USD_x_1.00,420,11,11,0.0036650888947028,8705114.0,31905.016648521872,88486330.32351
PM25_MAIN,PM25,Mortality,All-cause mortality,VSL,Escenario económico central,VSL_2015_USD_x_1.00,421,12,11,0.0070395652037219,8705114.0,61280.21760883236,169956393.92286393
PM25_MAIN,PM25,Mortality,All-cause mortality,VSL,Escenario económico central,VSL_2015_USD_x_1.00,422,13,11,0.0072050936689411,8705114.0,62721.16176881053,173952751.68447217
PM25_MAIN,PM25,Mortality,All-cause mortality,VSL,Escenario económico central,VSL_2015_USD_x_1.00,423,14,11,0.0070366503784649,8705114.0,61254.8437226801,169886021.22579268
PM25_MAIN,PM25,Mortality,All-cause mortality,VSL,Escenario económico central,VSL_2015_USD_x_1.00,424,15,11,0.0068352044383478,8705114.0,59501.23384912357,165022506.99417478
PM25_MAIN,PM25,Mortality,All-cause mortality,VSL,Escenario económico central,VSL_2015_USD_x_1.00,425,16,11,0.0069138378729231,8705114.0,60185.7468613131,166920955.91757157
PM25_MAIN,PM25,Mortality,All-cause mortality,VSL,Escenario económico central,VSL_2015_USD_x_1.00,426,17,11,0.0070634854814918,8705114.0,61488.44635373101,170533901.7708282
PM25_MAIN,PM25,Mortality,All-cause mortality,VSL,Escenario económico central,VSL_2015_USD_x_1.00,427,18,11,0.0072739536744932,8705114.0,63320.5959671822,175615240.4732621
PM25_MAIN,PM25,Mortality,All-cause mortality,VSL,Escenario económico central,VSL_2015_USD_x_1.00,428,19,11,0.006858718405077,8705114.0,59705.925610093465,165590205.2648015
PM25_MAIN,PM25,Mortality,All-cause mortality,VSL,Escenario económico central,VSL_2015_USD_x_1.00,429,20,11,0.0071176039945142,8705114.0,61959.55417910149,171840486.34694543
PM25_MAIN,PM25,Mortality,All-cause mortality,VSL,Escenario económico central,VSL_2015_USD_x_1.00,430,21,11,0.0070996357933711,8705114.0,61803.13893977587,171406679.62974256
PM25_MAIN,PM25,Mortality,All-cause mortality,VSL,Escenario económico central,VSL_2015_USD_x_1.00,431,22,11,0.0069540765163953,8705114.0,60536.02883994395,167892438.46556574
PM25_MAIN,PM25,Mortality,All-cause mortality,VSL,Escenario económico central,VSL_2015_USD_x_1.00,432,23,11,0.0070902522403796,8705114.0,61721.45404125982,171180132.28165123
PM25_MAIN,PM25,Mortality,All-cause mortality,VSL,Escenario económico central,VSL_2015_USD_x_1.00,433,24,11,0.0069731189005877,8705114.0,60701.7949651706,168352179.2102531
PM25_MAIN,PM25,Mortality,All-cause mortality,VSL,Escenario económico central,VSL_2015_USD_x_1.00,434,25,11,0.0070796318696494,8705114.0,61629.00250333116,170923724.41281372
PM25_MAIN,PM25,Mortality,All-cause mortality,VSL,Escenario económico central,VSL_2015_USD_x_1.00,435,26,11,0.0070830818577054,8705114.0,61659.03504265729,171007017.558357
PM25_MAIN,PM25,Mortality,All-cause mortality,VSL,Escenario económico central,VSL_2015_USD_x_1.00,436,27,11,0.0070999755475215,8705114.0,61806.09653838708,171414882.32245886
PM25_MAIN,PM25,Mortality,All-cause mortality,VSL,Escenario económico central,VSL_2015_USD_x_1.00,437,28,11,0.0072596993166956,8705114.0,63196.5101575573,175271097.16627413
PM25_MAIN,PM25,Mortality,All-cause mortality,VSL,Escenario económico central,VSL_2015_USD_x_1.00,438,29,11,0.0067090279754446,8705114.0,58402.85335543445,161976225.58156255
PM25_MAIN,PM25,Mortality,All-cause mortality,VSL,Escenario económico central,VSL_2015_USD_x_1.00,439,30,11,0.0068884684948901,8705114.0,59964.90353342674,166308462.4067117
PM25_MAIN,PM25,Mortality,All-cause mortality,VSL,Escenario económico central,VSL_2015_USD_x_1.00,440,31,11,0.0064799137079786,8705114.0,56408.38753811642,156444714.2498382
PM25_MAIN,PM25,Mortality,All-cause mortality,VSL,Escenario económico central,VSL_2015_USD_x_1.00,441,32,11,0.0090043659389796,8705114.0,78384.03199653445,217392625.86014855
PM25_MAIN,PM25,Mortality,All-cause mortality,VSL,Escenario económico central,VSL_2015_USD_x_1.00,442,33,11,0.0102001798282378,8705114.0,88793.72822531046,246263189.67192277
PM25_MAIN,PM25,Mortality,All-cause mortality,VSL,Escenario económico central,VSL_2015_USD_x_1.00,443,34,11,0.0069156944750014,8705114.0,60201.90879405734,166965779.90670243
PM25_MAIN,PM25,Mortality,All-cause mortality,VSL,Escenario económico central,VSL_2015_USD_x_1.00,444,35,11,0.0036867392551291,8705114.0,32093.485504173903,89009035.50184102
PM25_MAIN,PM25,Mortality,All-cause mortality,VSL,Escenario económico central,VSL_2015_USD_x_1.00,445,36,11,0.0048298794698507,8705114.0,42044.651391309904,116607897.50820062
PM25_MAIN,PM25,Mortality,All-cause mortality,VSL,Escenario económico central,VSL_2015_USD_x_1.00,446,37,11,0.0006319179767276,8705114.0,5500.918026063105,15256411.081024196
PM25_MAIN,PM25,Mortality,All-cause mortality,VSL,Escenario económico central,VSL_2015_USD_x_1.00,461,11,12,0.0018365106701371,8705114.0,15987.034745759851,44338921.77493274
PM25_MAIN,PM25,Mortality,All-cause mortality,VSL,Escenario económico central,VSL_2015_USD_x_1.00,462,12,12,0.0058669220545887,8705114.0,51072.22531430886,141645241.85346362
PM25_MAIN,PM25,Mortality,All-cause mortality,VSL,Escenario económico central,VSL_2015_USD_x_1.00,463,13,12,0.0063437572870004,8705114.0,55223.130371669205,153157486.46669853
PM25_MAIN,PM25,Mortality,All-cause mortality,VSL,Escenario económico central,VSL_2015_USD_x_1.00,464,14,12,0.0065445660323585,8705114.0,56971.193392208435,158005616.88975263
PM25_MAIN,PM25,Mortality,All-cause mortality,VSL,Escenario económico central,VSL_2015_USD_x_1.00,465,15,12,0.0070581653710588,8705114.0,61442.13418591915,170405458.21525374
PM25_MAIN,PM25,Mortality,All-cause mortality,VSL,Escenario económico central,VSL_2015_USD_x_1.00,466,16,12,0.0071321054920445,8705114.0,62085.791368273465,172190596.35451066
PM25_MAIN,PM25,Mortality,All-cause mortality,VSL,Escenario económico central,VSL_2015_USD_x_1.00,467,17,12,0.006916523865969,8705114.0,60209.12873698086,166985803.91300482
PM25_MAIN,PM25,Mortality,All-cause mortality,VSL,Escenario económico central,VSL_2015_USD_x_1.00,468,18,12,0.0047923784222399,8705114.0,41718.200496738464,115702508.80366935
PM25_MAIN,PM25,Mortality,All-cause mortality,VSL,Escenario económico central,VSL_2015_USD_x_1.00,469,19,12,0.0030318128768656,8705114.0,26392.27671978301,73197132.02294779
PM25_MAIN,PM25,Mortality,All-cause mortality,VSL,Escenario económico central,VSL_2015_USD_x_1.00,470,20,12,0.0011633426105302,8705114.0,10127.030045722991,28086608.939709514
PM25_MAIN,PM25,Mortality,All-cause mortality,VSL,Escenario económico central,VSL_2015_USD_x_1.00,471,21,12,0.0045186580355494,8705114.0,39335.43332647358,109094070.85064162
PM25_MAIN,PM25,Mortality,All-cause mortality,VSL,Escenario económico central,VSL_2015_USD_x_1.00,472,22,12,0.0072426451574494,8705114.0,63048.051757144975,174859358.18481857
PM25_MAIN,PM25,Mortality,All-cause mortality,VSL,Escenario económico central,VSL_2015_USD_x_1.00,473,23,12,0.0069939551938983,8705114.0,60883.177273776804,168855230.34641078
PM25_MAIN,PM25,Mortality,All-cause mortality,VSL,Escenario económico central,VSL_2015_USD_x_1.00,474,24,12,0.0069500945926702,8705114.0,60501.36573997766,167796302.7842262
PM25_MAIN,PM25,Mortality,All-cause mortality,VSL,Escenario económico central,VSL_2015_USD_x_1.00,475,25,12,0.0072304205856101,8705114.0,62941.63546568268,174564220.0495883
PM25_MAIN,PM25,Mortality,All-cause mortality,VSL,Escenario económico central,VSL_2015_USD_x_1.00,476,26,12,0.0072260212918375,8705114.0,62903.33911187271,174458007.7930411
PM25_MAIN,PM25,Mortality,All-cause mortality,VSL,Escenario económico central,VSL_2015_USD_x_1.00,477,27,12,0.0072373094603123,8705114.0,63001.60390529705,174730538.31906798
PM25_MAIN,PM25,Mortality,All-cause mortality,VSL,Escenario económico central,VSL_2015_USD_x_1.00,478,28,12,0.0071540717512356,8705114.0,62277.010158685545,172720928.28440323
PM25_MAIN,PM25,Mortality,All-cause mortality,VSL,Escenario económico central,VSL_2015_USD_x_1.00,479,29,12,0.0070478575392708,8705114.0,61352.40333511179,170156595.98169908
PM25_MAIN,PM25,Mortality,All-cause mortality,VSL,Escenario económico central,VSL_2015_USD_x_1.00,480,30,12,0.0070545190641118,8705114.0,61410.392668266526,170317425.3379504
PM25_MAIN,PM25,Mortality,All-cause mortality,VSL,Escenario económico central,VSL_2015_USD_x_1.00,481,31,12,0.0071731448966782,8705114.0,62443.04406410195,173181411.69870228
PM25_MAIN,PM25,Mortality,All-cause mortality,VSL,Escenario económico central,VSL_2015_USD_x_1.00,482,32,12,0.0105994512023393,8705114.0,92269.43105380067,255902808.16754237
PM25_MAIN,PM25,Mortality,All-cause mortality,VSL,Escenario económico central,VSL_2015_USD_x_1.00,483,33,12,0.0079595839375523,8705114.0,69289.08556896166,192168428.5895253
PM25_MAIN,PM25,Mortality,All-cause mortality,VSL,Escenario económico central,VSL_2015_USD_x_1.00,484,34,12,0.0077139213526712,8705114.0,67150.564762037,186237390.82797626
PM25_MAIN,PM25,Mortality,All-cause mortality,VSL,Escenario económico central,VSL_2015_USD_x_1.00,485,35,12,0.00969442081045,8705114.0,84391.03831893964,234052637.40489674
PM25_MAIN,PM25,Mortality,All-cause mortality,VSL,Escenario económico central,VSL_2015_USD_x_1.00,486,36,12,0.0077847041787296,8705114.0,67766.73733211754,187946302.31901473
PM25_MAIN,PM25,Mortality,All-cause mortality,VSL,Escenario económico central,VSL_2015_USD_x_1.00,487,37,12,0.0056070873716577,8705114.0,48810.33477824064,135372046.78401592
PM25_MAIN,PM25,Mortality,All-cause mortality,VSL,Escenario económico central,VSL_2015_USD_x_1.00,488,38,12,0.0005016223306174,8705114.0,4366.679572970157,12110680.128062623
PM25_MAIN,PM25,Mortality,All-cause mortality,VSL,Escenario económico central,VSL_2015_USD_x_1.00,503,12,13,9.111692140863308e-06,8705114.0,79.31831881911916,219983.80496250963
PM25_MAIN,PM25,Mortality,All-cause mortality,VSL,Escenario económico central,VSL_2015_USD_x_1.00,504,13,13,4.654149436605375e-05,8705114.0,405.14901418685565,1123652.430416251
PM25_MAIN,PM25,Mortality,All-cause mortality,VSL,Escenario económico central,VSL_2015_USD_x_1.00,505,14,13,0.0024208608473985,8705114.0,21073.869654740545,58446902.316547066
PM25_MAIN,PM25,Mortality,All-cause mortality,VSL,Escenario económico central,VSL_2015_USD_x_1.00,506,15,13,0.0056719969328588,8705114.0,49375.3799081862,136939159.89876086
PM25_MAIN,PM25,Mortality,All-cause mortality,VSL,Escenario económico central,VSL_2015_USD_x_1.00,507,16,13,0.0028746678475605,8705114.0,25024.311325148774,69403175.75850736
PM25_MAIN,PM25,Mortality,All-cause mortality,VSL,Escenario económico central,VSL_2015_USD_x_1.00,508,17,13,0.0025177986184127,8705114.0,21917.724002325052,60787273.27976837
PM25_MAIN,PM25,Mortality,All-cause mortality,VSL,Escenario económico central,VSL_2015_USD_x_1.00,509,18,13,3.391367466546175e-05,8705114.0,295.22240412175637,818778.6722634027
PM25_MAIN,PM25,Mortality,All-cause mortality,VSL,Escenario económico central,VSL_2015_USD_x_1.00,513,22,13,0.0023630290936712,8705114.0,20570.437645724476,57050668.87978163
PM25_MAIN,PM25,Mortality,All-cause mortality,VSL,Escenario económico central,VSL_2015_USD_x_1.00,514,23,13,0.0063946165511966,8705114.0,55665.86606445324,154385382.91913655
PM25_MAIN,PM25,Mortality,All-cause mortality,VSL,Escenario económico central,VSL_2015_USD_x_1.00,515,24,13,0.0066741460121209,8705114.0,58099.20188815782,161134069.49267352
PM25_MAIN,PM25,Mortality,All-cause mortality,VSL,Escenario económico central,VSL_2015_USD_x_1.00,516,25,13,0.0031378516472461,8705114.0,27315.356304365087,75757228.63521525
PM25_MAIN,PM25,Mortality,All-cause mortality,VSL,Escenario económico central,VSL_2015_USD_x_1.00,517,26,13,0.0033495531308596,8705114.0,29158.241853189735,80868342.702892
PM25_MAIN,PM25,Mortality,All-cause mortality,VSL,Escenario económico central,VSL_2015_USD_x_1.00,518,27,13,0.0057574219734681,8705114.0,50119.01462514479,139001578.7318153
PM25_MAIN,PM25,Mortality,All-cause mortality,VSL,Escenario económico central,VSL_2015_USD_x_1.00,519,28,13,0.0071794802958735,8705114.0,62498.19443633255,173334367.3955578
PM25_MAIN,PM25,Mortality,All-cause mortality,VSL,Escenario económico central,VSL_2015_USD_x_1.00,520,29,13,0.0071765557679406,8705114.0,62472.73608728047,173263760.44654626
PM25_MAIN,PM25,Mortality,All-cause mortality,VSL,Escenario económico central,VSL_2015_USD_x_1.00,521,30,13,0.0071404678314145,8705114.0,62158.586485796004,172392488.5173012
PM25_MAIN,PM25,Mortality,All-cause mortality,VSL,Escenario económico central,VSL_2015_USD_x_1.00,522,31,13,0.0071842503109227,8705114.0,62539.717961117545,173449529.98490223
PM25_MAIN,PM25,Mortality,All-cause mortality,VSL,Escenario económico central,VSL_2015_USD_x_1.00,523,32,13,0.0072499385379962,8705114.0,63111.54146625025,175035442.44874242
PM25_MAIN,PM25,Mortality,All-cause mortality,VSL,Escenario económico central,VSL_2015_USD_x_1.00,524,33,13,0.0074252350528702,8705114.0,64637.517612031115,179267630.47073543
PM25_MAIN,PM25,Mortality,All-cause mortality,VSL,Escenario económico central,VSL_2015_USD_x_1.00,525,34,13,0.0081343134159883,8705114.0,70810.12559790758,196386926.6370048
PM25_MAIN,PM25,Mortality,All-cause mortality,VSL,Escenario económico central,VSL_2015_USD_x_1.00,526,35,13,0.0067842626076195,8705114.0,59057.77940526501,163792617.13594413
PM25_MAIN,PM25,Mortality,All-cause mortality,VSL,Escenario económico central,VSL_2015_USD_x_1.00,527,36,13,0.0071001496933792,8705114.0,61807.612497930975,171419086.7301367
PM25_MAIN,PM25,Mortality,All-cause mortality,VSL,Escenario económico central,VSL_2015_USD_x_1.00,528,37,13,0.0073442725053722,8705114.0,63932.72940633061,177312949.7173995
PM25_MAIN,PM25,Mortality,All-cause mortality,VSL,Escenario económico central,VSL_2015_USD_x_1.00,529,38,13,0.0067457386133978,8705114.0,58722.423643829774,162862531.4065068
PM25_MAIN,PM25,Mortality,All-cause mortality,VSL,Escenario económico central,VSL_2015_USD_x_1.00,530,39,13,0.0044428120109689,8705114.0,38675.185036053525,107262918.43454193
PM25_MAIN,PM25,Mortality,All-cause mortality,VSL,Escenario económico central,VSL_2015_USD_x_1.00,531,40,13,0.0007263052413295,8705114.0,6322.569924570809,17535205.10590242
PM25_MAIN,PM25,Mortality,All-cause mortality,VSL,Escenario económico central,VSL_2015_USD_x_1.00,546,14,14,2.3009415953078923e-06,8705114.0,20.029958894497067,55551.688896765
PM25_MAIN,PM25,Mortality,All-cause mortality,VSL,Escenario económico central,VSL_2015_USD_x_1.00,547,15,14,0.0004085921821862,8705114.0,3556.84152543964,9864650.99190006
PM25_MAIN,PM25,Mortality,All-cause mortality,VSL,Escenario económico central,VSL_2015_USD_x_1.00,555,23,14,6.544651749995405e-05,8705114.0,569.7193957400949,1580076.8637274513
PM25_MAIN,PM25,Mortality,All-cause mortality,VSL,Escenario económico central,VSL_2015_USD_x_1.00,556,24,14,0.0005277455052296,8705114.0,4594.0847860112635,12741372.568067217
PM25_MAIN,PM25,Mortality,All-cause mortality,VSL,Escenario económico central,VSL_2015_USD_x_1.00,559,27,14,0.0012101078314324,8705114.0,10534.126624911825,29215662.805329204
PM25_MAIN,PM25,Mortality,All-cause mortality,VSL,Escenario económico central,VSL_2015_USD_x_1.00,560,28,14,0.0062529804006103,8705114.0,54432.90722707833,150965857.89079583
PM25_MAIN,PM25,Mortality,All-cause mortality,VSL,Escenario económico central,VSL_2015_USD_x_1.00,561,29,14,0.0071747143873526,8705114.0,62456.70665934454,173219303.95022592
PM25_MAIN,PM25,Mortality,All-cause mortality,VSL,Escenario económico central,VSL_2015_USD_x_1.00,562,30,14,0.0071527602658839,8705114.0,62265.59352918966,172689265.06166047
PM25_MAIN,PM25,Mortality,All-cause mortality,VSL,Escenario económico central,VSL_2015_USD_x_1.00,563,31,14,0.0067299698173108,8705114.0,58585.15447624969,162481824.97906518
PM25_MAIN,PM25,Mortality,All-cause mortality,VSL,Escenario económico central,VSL_2015_USD_x_1.00,564,32,14,0.0056594249443679,8705114.0,49265.93931516623,136635634.07486147
PM25_MAIN,PM25,Mortality,All-cause mortality,VSL,Escenario económico central,VSL_2015_USD_x_1.00,565,33,14,0.007280382400481,8705114.0,63376.55875978076,175770449.36113873
PM25_MAIN,PM25,Mortality,All-cause mortality,VSL,Escenario económico central,VSL_2015_USD_x_1.00,566,34,14,0.006827521478301,8705114.0,59434.352806058734,164837017.10290748
PM25_MAIN,PM25,Mortality,All-cause mortality,VSL,Escenario económico central,VSL_2015_USD_x_1.00,567,35,14,0.0064025747538074,8705114.0,55735.14312541535,154577517.9983207
PM25_MAIN,PM25,Mortality,All-cause mortality,VSL,Escenario económico central,VSL_2015_USD_x_1.00,568,36,14,0.0068991955299916,8705114.0,60058.2835968673,166567445.47605968
PM25_MAIN,PM25,Mortality,All-cause mortality,VSL,Escenario económico central,VSL_2015_USD_x_1.00,569,37,14,0.0067953943739612,8705114.0,59154.68270029088,164061371.64146772
PM25_MAIN,PM25,Mortality,All-cause mortality,VSL,Escenario económico central,VSL_2015_USD_x_1.00,570,38,14,0.0070967192124965,8705114.0,61777.74977077226,171336264.5467529
PM25_MAIN,PM25,Mortality,All-cause mortality,VSL,Escenario económico central,VSL_2015_USD_x_1.00,571,39,14,0.0071930053195165,8705114.0,62615.931308997555,173660902.37031308
PM25_MAIN,PM25,Mortality,All-cause mortality,VSL,Escenario económico central,VSL_2015_USD_x_1.00,572,40,14,0.004511127274364,8705114.0,39269.877191847896,108912255.5001867
PM25_MAIN,PM25,Mortality,All-cause mortality,VSL,Escenario económico central,VSL_2015_USD_x_1.00,573,41,14,0.0022738394611722,8705114.0,19794.031727202575,54897361.413175434
PM25_MAIN,PM25,Mortality,All-cause mortality,VSL,Escenario económico central,VSL_2015_USD_x_1.00,601,28,15,0.0003090122552311,8705114.0,2689.986909183822,7460490.393537686
PM25_MAIN,PM25,Mortality,All-cause mortality,VSL,Escenario económico central,VSL_2015_USD_x_1.00,602,29,15,0.0043538268697859,8705114.0,37900.55923774942,105114548.00675136
PM25_MAIN,PM25,Mortality,All-cause mortality,VSL,Escenario económico central,VSL_2015_USD_x_1.00,603,30,15,0.0072905431042472,8705114.0,63465.00884438576,176015759.4792848
PM25_MAIN,PM25,Mortality,All-cause mortality,VSL,Escenario económico central,VSL_2015_USD_x_1.00,604,31,15,0.0069339620166656,8705114.0,60360.929826743944,167406813.60938644
PM25_MAIN,PM25,Mortality,All-cause mortality,VSL,Escenario económico central,VSL_2015_USD_x_1.00,605,32,15,0.007145767564421,8705114.0,62204.72126578715,172520440.10017204
PM25_MAIN,PM25,Mortality,All-cause mortality,VSL,Escenario económico central,VSL_2015_USD_x_1.00,606,33,15,0.0064946370090745,8705114.0,56536.55555261255,156800179.26628223
PM25_MAIN,PM25,Mortality,All-cause mortality,VSL,Escenario económico central,VSL_2015_USD_x_1.00,607,34,15,0.0070961505620243,8705114.0,61772.799603585605,171322535.60457242
PM25_MAIN,PM25,Mortality,All-cause mortality,VSL,Escenario económico central,VSL_2015_USD_x_1.00,608,35,15,0.0071359187078919,8705114.0,62118.98584693169,172282658.91745573
PM25_MAIN,PM25,Mortality,All-cause mortality,VSL,Escenario económico central,VSL_2015_USD_x_1.00,609,36,15,0.0073421014591484,8705114.0,63913.830201453166,177260534.09561625
PM25_MAIN,PM25,Mortality,All-cause mortality,VSL,Escenario económico central,VSL_2015_USD_x_1.00,610,37,15,0.0069306286201298,8705114.0,60331.91222989261,167326335.33575106
PM25_MAIN,PM25,Mortality,All-cause mortality,VSL,Escenario económico central,VSL_2015_USD_x_1.00,611,38,15,0.0051113090908233,8705114.0,44494.52832485318,123402459.69199754
PM25_MAIN,PM25,Mortality,All-cause mortality,VSL,Escenario económico central,VSL_2015_USD_x_1.00,612,39,15,0.0077815474046323,8705114.0,67739.2572537283,187870088.24520767
PM25_MAIN,PM25,Mortality,All-cause mortality,VSL,Escenario económico central,VSL_2015_USD_x_1.00,613,40,15,0.0073673069884073,8705114.0,64133.247207082226,177869071.80153805
PM25_MAIN,PM25,Mortality,All-cause mortality,VSL,Escenario económico central,VSL_2015_USD_x_1.00,614,41,15,0.0040007895739087,8705114.0,34827.32933088666,96591159.986161
PM25_MAIN,PM25,Mortality,All-cause mortality,VSL,Escenario económico central,VSL_2015_USD_x_1.00,643,29,16,0.0001860822965073,8705114.0,1619.8676044778483,4492589.410286998
PM25_MAIN,PM25,Mortality,All-cause mortality,VSL,Escenario económico central,VSL_2015_USD_x_1.00,644,30,16,0.0021223824589356,8705114.0,18475.581256634716,51240731.32458842
PM25_MAIN,PM25,Mortality,All-cause mortality,VSL,Escenario económico central,VSL_2015_USD_x_1.00,645,31,16,0.0056343326876288,8705114.0,49047.5083597351,136029831.11014012
PM25_MAIN,PM25,Mortality,All-cause mortality,VSL,Escenario económico central,VSL_2015_USD_x_1.00,646,32,16,0.0073717913199794,8705114.0,64172.28382463115,177977337.12774676
PM25_MAIN,PM25,Mortality,All-cause mortality,VSL,Escenario económico central,VSL_2015_USD_x_1.00,647,33,16,0.0072278230261207,8705114.0,62919.02341420567,174501507.10766044
PM25_MAIN,PM25,Mortality,All-cause mortality,VSL,Escenario económico central,VSL_2015_USD_x_1.00,648,34,16,0.0058935844409154,8705114.0,51304.324426794825,142288952.49500555
PM25_MAIN,PM25,Mortality,All-cause mortality,VSL,Escenario económico central,VSL_2015_USD_x_1.00,649,35,16,0.0063953244189536,8705114.0,55672.02813397485,154402472.98760986
PM25_MAIN,PM25,Mortality,All-cause mortality,VSL,Escenario económico central,VSL_2015_USD_x_1.00,650,36,16,0.0074294613888965,8705114.0,64674.308348942366,179369667.00420722
PM25_MAIN,PM25,Mortality,All-cause mortality,VSL,Escenario económico central,VSL_2015_USD_x_1.00,651,37,16,0.0053031221851463,8705114.0,46164.28317762764,128033407.89332783
PM25_MAIN,PM25,Mortality,All-cause mortality,VSL,Escenario económico central,VSL_2015_USD_x_1.00,652,38,16,0.0071255721610263,8705114.0,62028.9179769603,172032861.984841
PM25_MAIN,PM25,Mortality,All-cause mortality,VSL,Escenario económico central,VSL_2015_USD_x_1.00,653,39,16,0.006669559275133,8705114.0,58059.27381979013,161023331.79002053
PM25_MAIN,PM25,Mortality,All-cause mortality,VSL,Escenario económico central,VSL_2015_USD_x_1.00,654,40,16,0.0074420051005456,8705114.0,64783.50278883091,179672510.1396273
PM25_MAIN,PM25,Mortality,All-cause mortality,VSL,Escenario económico central,VSL_2015_USD_x_1.00,655,41,16,0.0023123893500701,8705114.0,20129.612904746125,55828072.31841005
PM25_MAIN,PM25,Mortality,All-cause mortality,VSL,Escenario económico central,VSL_2015_USD_x_1.00,686,31,17,0.0013730946766098,8705114.0,11952.945692681442,33150658.17245349
PM25_MAIN,PM25,Mortality,All-cause mortality,VSL,Escenario económico central,VSL_2015_USD_x_1.00,687,32,17,0.0040289024819608,8705114.0,35072.05540035171,97269890.60899743
PM25_MAIN,PM25,Mortality,All-cause mortality,VSL,Escenario económico central,VSL_2015_USD_x_1.00,688,33,17,0.0064646899225581,8705114.0,56275.86275051943,156077166.0281731
PM25_MAIN,PM25,Mortality,All-cause mortality,VSL,Escenario económico central,VSL_2015_USD_x_1.00,689,34,17,0.001220947404361,8705114.0,10628.486342966602,29477362.87817386
PM25_MAIN,PM25,Mortality,All-cause mortality,VSL,Escenario económico central,VSL_2015_USD_x_1.00,690,35,17,0.0022466042065883,8705114.0,19556.945731230702,54239819.99936716
PM25_MAIN,PM25,Mortality,All-cause mortality,VSL,Escenario económico central,VSL_2015_USD_x_1.00,691,36,17,0.0015208252158648,8705114.0,13238.956878177692,36717320.17464436
PM25_MAIN,PM25,Mortality,All-cause mortality,VSL,Escenario económico central,VSL_2015_USD_x_1.00,692,37,17,0.002381244671604,8705114.0,20729.006328205385,57490448.020834655
PM25_MAIN,PM25,Mortality,All-cause mortality,VSL,Escenario económico central,VSL_2015_USD_x_1.00,693,38,17,0.0022064167085966,8705114.0,19207.108979838184,53269572.25795261
PM25_MAIN,PM25,Mortality,All-cause mortality,VSL,Escenario económico central,VSL_2015_USD_x_1.00,694,39,17,0.0002994692662934,8705114.0,2606.9141025804042,7230093.77951957
PM25_MAIN,PM25,Mortality,All-cause mortality,VSL,Escenario económico central,VSL_2015_USD_x_1.00,695,40,17,0.0029444865269569,8705114.0,25632.090888623887,71088809.83323614
PM25_MAIN,PM25,Mortality,All-cause mortality,VSL,Escenario económico central,VSL_2015_USD_x_1.00,696,41,17,0.0007232605466474,8705114.0,6296.065510267935,17461696.968142398
PM25_MAIN,PM25,Mortality,All-cause mortality,VSL,Escenario económico central,VSL_2015_USD_x_1.00,729,33,18,3.679386582008554e-05,8705114.0,320.29479646454814,888315.1973586717
PM25_MAIN,PM25,Mortality,All-cause mortality,VSL,Escenario económico central,VSL_2015_USD_x_1.00,730,34,18,0.0001311836149418,8705114.0,1141.9683230004723,3167169.2060591998
