run_id,pollutant,percentile_hbm,endpoint_group,endpoint,cell_id,concentration_baseline_sens,concentration_control,delta_concentration_sens,population_target,incidence_target,beta,beta_se,rr,af_avoided,baseline_cases,avoided_cases,economic_method,valuation_parameter_name,valuation_value_used_usd_2015,economic_value_usd_2015,economic_value_cop_2015
NO2_ASTHMA,NO2,p05,Hospital Admissions,Asthma,0,2.6426238720604087,12.808183926357923,-10.165560054297517,66007,0.0001667347,0.003324,,0.9667741950334388,-0.034367699445486455,11.0056573429,-0.3782391237607982,UNIT_VALUE_ASTHMA_HA,UNIT_VALUE_ASTHMA_HA_2015_USD,11232.0,-4248.381838081285,-11782589.641189778
NO2_ASTHMA,NO2,p05,Hospital Admissions,Asthma,1,2.5627974241101024,13.092439105856414,-10.529641681746313,35848,0.0001667347,0.003324,,0.9656049055005962,-0.035620256590942256,5.9771055256,-0.21290603249301077,UNIT_VALUE_ASTHMA_HA,UNIT_VALUE_ASTHMA_HA_2015_USD,11232.0,-2391.360556961497,-6632271.109493724
NO2_ASTHMA,NO2,p05,Hospital Admissions,Asthma,2,2.553586801992989,12.59920474701033,-10.04561794501734,682,0.0001667347,0.003324,,0.9671597127346526,-0.03395539209598719,0.11371306540000001,-0.003861171722093635,UNIT_VALUE_ASTHMA_HA,UNIT_VALUE_ASTHMA_HA_2015_USD,11232.0,-43.36868078255571,-120280.00034276347
NO2_ASTHMA,NO2,p05,Hospital Admissions,Asthma,41,2.7377444883075834,12.993218405470955,-10.255473917163371,53333,0.0001667347,0.003324,,0.966485294846361,-0.03467689092876136,8.8924617551,-0.3083629263697845,UNIT_VALUE_ASTHMA_HA,UNIT_VALUE_ASTHMA_HA_2015_USD,11232.0,-3463.53238898542,-9605864.633583833
NO2_ASTHMA,NO2,p05,Hospital Admissions,Asthma,42,2.687012993816419,12.270779035535556,-9.583766041719135,88375,0.0001667347,0.003324,,0.968645632489538,-0.03236928599974931,14.735179112500001,-0.47696722695004473,UNIT_VALUE_ASTHMA_HA,UNIT_VALUE_ASTHMA_HA_2015_USD,11232.0,-5357.2958931029025,-14858085.148808382
NO2_ASTHMA,NO2,p05,Hospital Admissions,Asthma,43,2.640155935130681,13.018889745910007,-10.378733810779329,64336,0.0001667347,0.003324,,0.9660893915765781,-0.03510090134421473,10.7270436592,-0.3765289011966634,UNIT_VALUE_ASTHMA_HA,UNIT_VALUE_ASTHMA_HA_2015_USD,11232.0,-4229.172618240923,-11729314.214607922
NO2_ASTHMA,NO2,p05,Hospital Admissions,Asthma,44,2.581686404491106,12.808265225574049,-10.226578821082942,8855,0.0001667347,0.003324,,0.9665781276069098,-0.0345775177800034,1.4764357685,-0.05105148403634173,UNIT_VALUE_ASTHMA_HA,UNIT_VALUE_ASTHMA_HA_2015_USD,11232.0,-573.4102686961903,-1590313.241510075
NO2_ASTHMA,NO2,p05,Hospital Admissions,Asthma,82,2.6810629313809966,12.642091087064356,-9.96102815568336,6180,0.0001667347,0.003324,,0.9674316935141929,-0.033664709047832364,1.030420446,-0.03468880451152766,UNIT_VALUE_ASTHMA_HA,UNIT_VALUE_ASTHMA_HA_2015_USD,11232.0,-389.62465227347866,-1080596.699354834
NO2_ASTHMA,NO2,p05,Hospital Admissions,Asthma,83,2.718463212013513,12.824621431102235,-10.106158219088725,38621,0.0001667347,0.003324,,0.9669651050891278,-0.03416348194677332,6.4394608487000005,-0.21999440445151608,UNIT_VALUE_ASTHMA_HA,UNIT_VALUE_ASTHMA_HA_2015_USD,11232.0,-2470.9771507994287,-6853082.159341659
NO2_ASTHMA,NO2,p05,Hospital Admissions,Asthma,84,2.5909834041833766,12.863860924131195,-10.27287751994782,86400,0.0001667347,0.003324,,0.9664293856993527,-0.03473674827918649,14.40587808,-0.5004133606056104,UNIT_VALUE_ASTHMA_HA,UNIT_VALUE_ASTHMA_HA_2015_USD,11232.0,-5620.642866322216,-15588459.544744022
NO2_ASTHMA,NO2,p05,Hospital Admissions,Asthma,85,2.680476623283869,12.824691852987852,-10.144215229703985,86293,0.0001667347,0.003324,,0.9668427902863761,-0.03429431345689915,14.3880374671,-0.4934278669263367,UNIT_VALUE_ASTHMA_HA,UNIT_VALUE_ASTHMA_HA_2015_USD,11232.0,-5542.181801316614,-15370853.273225537
NO2_ASTHMA,NO2,p05,Hospital Admissions,Asthma,86,2.4851597447514284,12.361191311096716,-9.876031566345288,66266,0.0001667347,0.003324,,0.9677050593120846,-0.03337271039057388,11.0488416302,-0.36872979187598076,UNIT_VALUE_ASTHMA_HA,UNIT_VALUE_ASTHMA_HA_2015_USD,11232.0,-4141.573022351016,-11486362.867378978
NO2_ASTHMA,NO2,p05,Hospital Admissions,Asthma,87,2.596636460004403,12.564225349253327,-9.967588889248926,22233,0.0001667347,0.003324,,0.9674105961115332,-0.033687251327883416,3.7070125851,-0.12487906462989051,UNIT_VALUE_ASTHMA_HA,UNIT_VALUE_ASTHMA_HA_2015_USD,11232.0,-1402.6416539229303,-3890128.4422394726
NO2_ASTHMA,NO2,p05,Hospital Admissions,Asthma,91,2.660005111734312,12.79917150620924,-10.139166394474929,5057,0.0001667347,0.003324,,0.9668590162956532,-0.034276955735822234,0.8431773779,-0.02890155365972496,UNIT_VALUE_ASTHMA_HA,UNIT_VALUE_ASTHMA_HA_2015_USD,11232.0,-324.62225070603074,-900317.0887756267
NO2_ASTHMA,NO2,p05,Hospital Admissions,Asthma,125,2.486250675494095,13.137478150089144,-10.651227474595048,35539,0.0001667347,0.003324,,0.9652147339924856,-0.03603888832449709,5.9255845033,-0.21355147817179923,UNIT_VALUE_ASTHMA_HA,UNIT_VALUE_ASTHMA_HA_2015_USD,11232.0,-2398.610202825649,-6652377.49482274
NO2_ASTHMA,NO2,p05,Hospital Admissions,Asthma,126,2.5797058290294053,13.078956393054492,-10.499250564025086,87860,0.0001667347,0.003324,,0.9657024559080568,-0.03551564343873692,14.649310742,-0.5202796969361306,UNIT_VALUE_ASTHMA_HA,UNIT_VALUE_ASTHMA_HA_2015_USD,11232.0,-5843.781555986619,-16207319.080819968
NO2_ASTHMA,NO2,p05,Hospital Admissions,Asthma,127,2.64735846025909,12.853430721310776,-10.206072261051686,88375,0.0001667347,0.003324,,0.9666440154960021,-0.03450699944268765,14.735179112500001,-0.5084668174229402,UNIT_VALUE_ASTHMA_HA,UNIT_VALUE_ASTHMA_HA_2015_USD,11232.0,-5711.099293294465,-15839334.113001665
NO2_ASTHMA,NO2,p05,Hospital Admissions,Asthma,128,2.6748606625256404,12.88155108032522,-10.20669041779958,88366,0.0001667347,0.003324,,0.9666420292833229,-0.03450912510126325,14.7336785002,-0.5084463545651945,UNIT_VALUE_ASTHMA_HA,UNIT_VALUE_ASTHMA_HA_2015_USD,11232.0,-5710.869454476265,-15838696.671128105
NO2_ASTHMA,NO2,p05,Hospital Admissions,Asthma,129,2.60309399564552,12.827071028659258,-10.22397703301374,69107,0.0001667347,0.003324,,0.9665864869427647,-0.03456857043689854,11.5225349129,-0.3983175597482062,UNIT_VALUE_ASTHMA_HA,UNIT_VALUE_ASTHMA_HA_2015_USD,11232.0,-4473.902831091852,-12408056.328835074
NO2_ASTHMA,NO2,p05,Hospital Admissions,Asthma,130,2.5732533151189205,12.796916953091984,-10.223663637973065,48901,0.0001667347,0.003324,,0.9665874938607086,-0.03456749270139681,8.1534935647,-0.2818458292886531,UNIT_VALUE_ASTHMA_HA,UNIT_VALUE_ASTHMA_HA_2015_USD,11232.0,-3165.6923545701516,-8779826.146935495
NO2_ASTHMA,NO2,p05,Hospital Admissions,Asthma,131,2.688057214226722,12.925263253179734,-10.237206038953012,49015,0.0001667347,0.003324,,0.9665439839611442,-0.03461406474410467,8.1725013205,-0.2828834898290679,UNIT_VALUE_ASTHMA_HA,UNIT_VALUE_ASTHMA_HA_2015_USD,11232.0,-3177.3473577600907,-8812150.482432568
NO2_ASTHMA,NO2,p05,Hospital Admissions,Asthma,132,2.6796246249159568,13.011638214937909,-10.332013590021951,82710,0.0001667347,0.003324,,0.9662394349906614,-0.03494016471151884,13.790627037,-0.481846780147905,UNIT_VALUE_ASTHMA_HA,UNIT_VALUE_ASTHMA_HA_2015_USD,11232.0,-5412.103034621269,-15010088.919309666
NO2_ASTHMA,NO2,p05,Hospital Admissions,Asthma,133,2.618778827250355,12.717174302166493,-10.098395474916137,71305,0.0001667347,0.003324,,0.9669900563613296,-0.03413679739674147,11.8890177835,-0.40585299132159586,UNIT_VALUE_ASTHMA_HA,UNIT_VALUE_ASTHMA_HA_2015_USD,11232.0,-4558.5407985241645,-12642793.806850873
NO2_ASTHMA,NO2,p05,Hospital Admissions,Asthma,134,2.648595813356992,12.663385350129223,-10.01478953677223,65679,0.0001667347,0.003324,,0.9672588261784161,-0.033849444363244885,10.9509683613,-0.37068419426947935,UNIT_VALUE_ASTHMA_HA,UNIT_VALUE_ASTHMA_HA_2015_USD,11232.0,-4163.524870034792,-11547244.780300593
NO2_ASTHMA,NO2,p05,Hospital Admissions,Asthma,135,2.65277507395764,12.777145461566295,-10.124370387608655,27480,0.0001667347,0.003324,,0.9669065694544097,-0.03422608925313608,4.581869556,-0.156819476369883,UNIT_VALUE_ASTHMA_HA,UNIT_VALUE_ASTHMA_HA_2015_USD,11232.0,-1761.3963585865258,-4885109.502794628
NO2_ASTHMA,NO2,p05,Hospital Admissions,Asthma,136,2.621998365816596,12.891718101414078,-10.269719735597482,5922,0.0001667347,0.003324,,0.9664395298546523,-0.03472588724759129,0.9874028934,-0.0342884415441538,UNIT_VALUE_ASTHMA_HA,UNIT_VALUE_ASTHMA_HA_2015_USD,11232.0,-385.1277754239355,-1068124.9261940054
NO2_ASTHMA,NO2,p05,Hospital Admissions,Asthma,166,2.4053094091767724,12.57979607434408,-10.174486665167308,56,0.0001667347,0.003324,,0.966745509282389,-0.03439839171561876,0.0093371432,-0.000321182709298426,UNIT_VALUE_ASTHMA_HA,UNIT_VALUE_ASTHMA_HA_2015_USD,11232.0,-3.607524190839921,-10005.215816601161
NO2_ASTHMA,NO2,p05,Hospital Admissions,Asthma,167,2.7520752474907764,12.914657721513736,-10.16258247402296,60657,0.0001667347,0.003324,,0.9667837637059893,-0.03435746186580779,10.113626697900001,-0.34747854359811486,UNIT_VALUE_ASTHMA_HA,UNIT_VALUE_ASTHMA_HA_2015_USD,11232.0,-3902.879001694026,-10824361.709668262
NO2_ASTHMA,NO2,p05,Hospital Admissions,Asthma,168,2.4962369181820097,12.981779587645455,-10.485542669463443,88376,0.0001667347,0.003324,,0.965746459183057,-0.035468461200384604,14.7353458472,-0.5226400424556616,UNIT_VALUE_ASTHMA_HA,UNIT_VALUE_ASTHMA_HA_2015_USD,11232.0,-5870.292956861992,-16280846.595349753
NO2_ASTHMA,NO2,p05,Hospital Admissions,Asthma,169,2.6517282047726938,12.898982273816792,-10.2472540690441,87552,0.0001667347,0.003324,,0.9665117022675168,-0.03464862107092648,14.5979564544,-0.505799061598391,UNIT_VALUE_ASTHMA_HA,UNIT_VALUE_ASTHMA_HA_2015_USD,11232.0,-5681.135059873129,-15756230.40910393
NO2_ASTHMA,NO2,p05,Hospital Admissions,Asthma,170,2.6239131576672827,12.641175729485168,-10.017262571817884,88376,0.0001667347,0.003324,,0.9672508749871189,-0.033857943021573744,14.7353458472,-0.4989085000976809,UNIT_VALUE_ASTHMA_HA,UNIT_VALUE_ASTHMA_HA_2015_USD,11232.0,-5603.740273097152,-15541581.385615833
NO2_ASTHMA,NO2,p05,Hospital Admissions,Asthma,171,2.6577216104627,13.005933777819427,-10.348212167356728,88376,0.0001667347,0.003324,,0.9661874101264899,-0.03499589160355909,14.7353458472,-0.5156765660095658,UNIT_VALUE_ASTHMA_HA,UNIT_VALUE_ASTHMA_HA_2015_USD,11232.0,-5792.079189419443,-16063926.186311563
NO2_ASTHMA,NO2,p05,Hospital Admissions,Asthma,172,2.636117719702825,13.05569628336927,-10.419578563666445,88376,0.0001667347,0.003324,,0.9659582364955921,-0.03524144442093924,14.7353458472,-0.5192948716974166,UNIT_VALUE_ASTHMA_HA,UNIT_VALUE_ASTHMA_HA_2015_USD,11232.0,-5832.719998905383,-16176640.626564156
NO2_ASTHMA,NO2,p05,Hospital Admissions,Asthma,173,2.841658055255394,13.027485330512985,-10.18582727525759,88377,0.0001667347,0.003324,,0.9667090673488462,-0.03443738532674834,14.7355125819,-0.5074525247700385,UNIT_VALUE_ASTHMA_HA,UNIT_VALUE_ASTHMA_HA_2015_USD,11232.0,-5699.706758217073,-15807737.714441976
NO2_ASTHMA,NO2,p05,Hospital Admissions,Asthma,174,2.475254165946553,13.066019242601657,-10.590765076655105,88377,0.0001667347,0.003324,,0.9654087394591239,-0.03583068924801336,14.7355125819,-0.5279835722322499,UNIT_VALUE_ASTHMA_HA,UNIT_VALUE_ASTHMA_HA_2015_USD,11232.0,-5930.311483312631,-16447303.77716375
NO2_ASTHMA,NO2,p05,Hospital Admissions,Asthma,175,2.5742510602940154,12.977259101296715,-10.4030080410027,88377,0.0001667347,0.003324,,0.9660114433437,-0.035184424460494856,14.7355125819,-0.5184605293245321,UNIT_VALUE_ASTHMA_HA,UNIT_VALUE_ASTHMA_HA_2015_USD,11232.0,-5823.348665373145,-16150649.889005842
NO2_ASTHMA,NO2,p05,Hospital Admissions,Asthma,176,2.817041203602278,12.993492598486192,-10.176451394883914,88377,0.0001667347,0.003324,,0.9667391957185776,-0.03440514714695064,14.7355125819,-0.5069774786660121,UNIT_VALUE_ASTHMA_HA,UNIT_VALUE_ASTHMA_HA_2015_USD,11232.0,-5694.371040376647,-15792939.474511804
NO2_ASTHMA,NO2,p05,Hospital Admissions,Asthma,177,2.509759756074844,12.922669386356592,-10.412909630281748,84182,0.0001667347,0.003324,,0.965979649645531,-0.03521849592478765,14.0360605154,-0.4943289400616878,UNIT_VALUE_ASTHMA_HA,UNIT_VALUE_ASTHMA_HA_2015_USD,11232.0,-5552.302654772878,-15398922.75182674
NO2_ASTHMA,NO2,p05,Hospital Admissions,Asthma,178,2.724221655603648,12.592901348128583,-9.868679692524935,32375,0.0001667347,0.003324,,0.9677287080178559,-0.033347457520655155,5.3980359125,-0.18001077328706475,UNIT_VALUE_ASTHMA_HA,UNIT_VALUE_ASTHMA_HA_2015_USD,11232.0,-2021.8810055603112,-5607545.437251134
NO2_ASTHMA,NO2,p05,Hospital Admissions,Asthma,208,2.687282131816678,12.996430067222986,-10.309147935406308,46725,0.0001667347,0.003324,,0.966312877231112,-0.03486150662238474,7.7906788575,-0.271594802583609,UNIT_VALUE_ASTHMA_HA,UNIT_VALUE_ASTHMA_HA_2015_USD,11232.0,-3050.5528226190963,-8460494.71483648
NO2_ASTHMA,NO2,p05,Hospital Admissions,Asthma,209,2.4983201898579948,12.73026765579241,-10.231947465934416,21680,0.0001667347,0.003324,,0.9665608788111919,-0.034595980369013235,3.614808296,-0.12505783684616217,UNIT_VALUE_ASTHMA_HA,UNIT_VALUE_ASTHMA_HA_2015_USD,11232.0,-1404.6496234560934,-3895697.405181833
NO2_ASTHMA,NO2,p05,Hospital Admissions,Asthma,210,2.63982382750824,12.891576379505365,-10.251752551997123,27561,0.0001667347,0.003324,,0.9664972501673192,-0.03466409224328437,4.5953750667,-0.15929450520457789,UNIT_VALUE_ASTHMA_HA,UNIT_VALUE_ASTHMA_HA_2015_USD,11232.0,-1789.1958824578187,-4962209.536284988
NO2_ASTHMA,NO2,p05,Hospital Admissions,Asthma,211,2.6734804049121426,12.827443347584964,-10.153962942672822,88377,0.0001667347,0.003324,,0.9668114637359279,-0.03432782658143685,14.7355125819,-0.505838120500044,UNIT_VALUE_ASTHMA_HA,UNIT_VALUE_ASTHMA_HA_2015_USD,11232.0,-5681.573769456494,-15757447.139423724
NO2_ASTHMA,NO2,p05,Hospital Admissions,Asthma,212,2.5041951074863524,13.230175673650969,-10.725980566164615,88377,0.0001667347,0.003324,,0.9649749279284869,-0.03629635450394697,14.7355125819,-0.5348453884700133,UNIT_VALUE_ASTHMA_HA,UNIT_VALUE_ASTHMA_HA_2015_USD,11232.0,-6007.383403295189,-16661057.352200976
NO2_ASTHMA,NO2,p05,Hospital Admissions,Asthma,213,2.687368285488906,12.881859175168245,-10.194490889679338,88376,0.0001667347,0.003324,,0.9666812286027876,-0.03446717533283472,14.7353458472,-0.5078857489054004,UNIT_VALUE_ASTHMA_HA,UNIT_VALUE_ASTHMA_HA_2015_USD,11232.0,-5704.572731705457,-15821233.151293864
NO2_ASTHMA,NO2,p05,Hospital Admissions,Asthma,214,2.449030837358202,12.602999511619624,-10.153968674261424,88377,0.0001667347,0.003324,,0.9668114453164289,-0.0343278462872445,14.7355125819,-0.5058384108752205,UNIT_VALUE_ASTHMA_HA,UNIT_VALUE_ASTHMA_HA_2015_USD,11232.0,-5681.577030950477,-15757456.18494898
NO2_ASTHMA,NO2,p05,Hospital Admissions,Asthma,215,2.531840176516276,13.270152198797357,-10.73831202228108,88376,0.0001667347,0.003324,,0.9649353746483038,-0.0363388329135268,14.7353458472,-0.5354652706644317,UNIT_VALUE_ASTHMA_HA,UNIT_VALUE_ASTHMA_HA_2015_USD,11232.0,-6014.345920102897,-16680367.405190978
NO2_ASTHMA,NO2,p05,Hospital Admissions,Asthma,216,2.5010963794002747,13.143551372282404,-10.64245499288213,88376,0.0001667347,0.003324,,0.965242879803122,-0.0360086781515212,14.7353458472,-0.5306003260631793,UNIT_VALUE_ASTHMA_HA,UNIT_VALUE_ASTHMA_HA_2015_USD,11232.0,-5959.70286234163,-16528818.709504146
NO2_ASTHMA,NO2,p05,Hospital Admissions,Asthma,217,2.60189472675134,12.85890234666896,-10.25700761991762,88377,0.0001667347,0.003324,,0.9664803676898691,-0.03468216575392136,14.7355125819,-0.5110594898344495,UNIT_VALUE_ASTHMA_HA,UNIT_VALUE_ASTHMA_HA_2015_USD,11232.0,-5740.220189820537,-15920098.88105397
NO2_ASTHMA,NO2,p05,Hospital Admissions,Asthma,218,2.518838062000292,12.889236307418072,-10.37039824541778,76565,0.0001667347,0.003324,,0.9661161597912323,-0.035072221766883294,12.766042305500001,-0.44773346682391013,UNIT_VALUE_ASTHMA_HA,UNIT_VALUE_ASTHMA_HA_2015_USD,11232.0,-5028.942299366158,-13947419.441331083
NO2_ASTHMA,NO2,p05,Hospital Admissions,Asthma,219,2.5480554453586404,13.047125416770507,-10.499069971411869,5064,0.0001667347,0.003324,,0.9657030356096097,-0.03551502182939714,0.8443445208,-0.029986914087743868,UNIT_VALUE_ASTHMA_HA,UNIT_VALUE_ASTHMA_HA_2015_USD,11232.0,-336.81301903353915,-934127.3313781884
NO2_ASTHMA,NO2,p05,Hospital Admissions,Asthma,251,2.5402832256246004,12.849915928054156,-10.309632702429557,80,0.0001667347,0.003324,,0.9663113201490515,-0.034863174163945354,0.013338776,-0.00046503207082185434,UNIT_VALUE_ASTHMA_HA,UNIT_VALUE_ASTHMA_HA_2015_USD,11232.0,-5.223240219471068,-14486.291121887642
NO2_ASTHMA,NO2,p05,Hospital Admissions,Asthma,252,2.636065868389908,12.909435351320878,-10.27336948293097,28607,0.0001667347,0.003324,,0.9664278053132095,-0.03473844037000795,4.7697795629,-0.16569470292388425,UNIT_VALUE_ASTHMA_HA,UNIT_VALUE_ASTHMA_HA_2015_USD,11232.0,-1861.082903241068,-5161583.156335874
NO2_ASTHMA,NO2,p05,Hospital Admissions,Asthma,253,2.6084152990529383,12.685844184944722,-10.077428885891784,77148,0.0001667347,0.003324,,0.9670574510916031,-0.034064727872384015,12.8632486356,-0.438183064326529,UNIT_VALUE_ASTHMA_HA,UNIT_VALUE_ASTHMA_HA_2015_USD,11232.0,-4921.672178515573,-13649913.270060446
NO2_ASTHMA,NO2,p05,Hospital Admissions,Asthma,254,2.555569968073274,12.407751869985374,-9.8521819019121,88376,0.0001667347,0.003324,,0.9677817784147148,-0.033290791688660004,14.7353458472,-0.49055132905949644,UNIT_VALUE_ASTHMA_HA,UNIT_VALUE_ASTHMA_HA_2015_USD,11232.0,-5509.872527996264,-15281245.765320677
NO2_ASTHMA,NO2,p05,Hospital Admissions,Asthma,255,2.549582066924836,12.466540857365056,-9.91695879044022,88376,0.0001667347,0.003324,,0.967573419644985,-0.03351330213981352,14.7353458472,-0.49383009751185997,UNIT_VALUE_ASTHMA_HA,UNIT_VALUE_ASTHMA_HA_2015_USD,11232.0,-5546.699655253211,-15383383.224868912
NO2_ASTHMA,NO2,p05,Hospital Admissions,Asthma,256,2.508699454956264,12.635893102271275,-10.127193647315014,88376,0.0001667347,0.003324,,0.966897495547527,-0.03423579500919893,14.7353458472,-0.5044762798143899,UNIT_VALUE_ASTHMA_HA,UNIT_VALUE_ASTHMA_HA_2015_USD,11232.0,-5666.277574875227,-15715024.2144862
NO2_ASTHMA,NO2,p05,Hospital Admissions,Asthma,257,2.4221711718800734,12.55169659949943,-10.129525427619356,88377,0.0001667347,0.003324,,0.9668900013109792,-0.034243811234088595,14.7355125819,-0.504600111292121,UNIT_VALUE_ASTHMA_HA,UNIT_VALUE_ASTHMA_HA_2015_USD,11232.0,-5667.668450033103,-15718881.709375309
NO2_ASTHMA,NO2,p05,Hospital Admissions,Asthma,258,2.45699921491542,12.867963148621094,-10.410963933705672,88376,0.0001667347,0.003324,,0.9659858971346926,-0.035211800675558624,14.7353458472,-0.5188580608570269,UNIT_VALUE_ASTHMA_HA,UNIT_VALUE_ASTHMA_HA_2015_USD,11232.0,-5827.813739546126,-16163033.459669411
NO2_ASTHMA,NO2,p05,Hospital Admissions,Asthma,259,2.699360044371073,12.72672934369458,-10.027369299323508,45742,0.0001667347,0.003324,,0.9672183809697756,-0.03389267581676436,7.6267786474,-0.2584919362225488,UNIT_VALUE_ASTHMA_HA,UNIT_VALUE_ASTHMA_HA_2015_USD,11232.0,-2903.381427651668,-8052325.152891966
NO2_ASTHMA,NO2,p05,Hospital Admissions,Asthma,294,2.6542100995320856,12.756930694338962,-10.102720594806875,10391,0.0001667347,0.003324,,0.9669761543367534,-0.034151664976575846,1.7325402677,-0.059169134780917426,UNIT_VALUE_ASTHMA_HA,UNIT_VALUE_ASTHMA_HA_2015_USD,11232.0,-664.5877218592645,-1843187.52543614
NO2_ASTHMA,NO2,p05,Hospital Admissions,Asthma,295,2.69145477058771,13.093897456813778,-10.402442686226069,58101,0.0001667347,0.003324,,0.9660132587120527,-0.0351824791030928,9.6874528047,-0.34082860586355546,UNIT_VALUE_ASTHMA_HA,UNIT_VALUE_ASTHMA_HA_2015_USD,11232.0,-3828.186901059455,-10617208.397005323
NO2_ASTHMA,NO2,p05,Hospital Admissions,Asthma,296,2.62212422968421,12.917862185241637,-10.295737955557424,88049,0.0001667347,0.003324,,0.9663559513682815,-0.03481537893369557,14.6808236003,-0.5111184367031855,UNIT_VALUE_ASTHMA_HA,UNIT_VALUE_ASTHMA_HA_2015_USD,11232.0,-5740.882281050179,-15921935.144732997
NO2_ASTHMA,NO2,p05,Hospital Admissions,Asthma,297,2.644643710366431,12.945287918834406,-10.300644208467975,88376,0.0001667347,0.003324,,0.9663401917922009,-0.034832255238574694,14.7353458472,-0.5132653275783421,UNIT_VALUE_ASTHMA_HA,UNIT_VALUE_ASTHMA_HA_2015_USD,11232.0,-5764.996159359938,-15988813.298253633
NO2_ASTHMA,NO2,p05,Hospital Admissions,Asthma,298,2.5189715453049617,13.353943359640724,-10.834971814335765,88375,0.0001667347,0.003324,,0.9646253934643649,-0.03667185912304305,14.735179112500001,-0.5403664125664065,UNIT_VALUE_ASTHMA_HA,UNIT_VALUE_ASTHMA_HA_2015_USD,11232.0,-6069.3955459458775,-16833043.688992675
NO2_ASTHMA,NO2,p05,Hospital Admissions,Asthma,299,2.7576429006439764,12.780806430828346,-10.02316353018437,88375,0.0001667347,0.003324,,0.9672319027546434,-0.03387822212236191,14.735179112500001,-0.4992016709860627,UNIT_VALUE_ASTHMA_HA,UNIT_VALUE_ASTHMA_HA_2015_USD,11232.0,-5607.033168515456,-15550714.00055582
NO2_ASTHMA,NO2,p05,Hospital Admissions,Asthma,300,2.672617261132496,12.79925714342944,-10.126639882296944,65052,0.0001667347,0.003324,,0.9668992753318113,-0.034233891277692274,10.8464257044,-0.37131535831599644,UNIT_VALUE_ASTHMA_HA,UNIT_VALUE_ASTHMA_HA_2015_USD,11232.0,-4170.614104605272,-11566906.276135398
NO2_ASTHMA,NO2,p05,Hospital Admissions,Asthma,301,2.6327711827322338,12.733271356265943,-10.10050017353371,35569,0.0001667347,0.003324,,0.9669832913049557,-0.034144032261909985,5.9305865443,-0.20249413830062843,UNIT_VALUE_ASTHMA_HA,UNIT_VALUE_ASTHMA_HA_2015_USD,11232.0,-2274.4141613926586,-6307928.46763124
NO2_ASTHMA,NO2,p05,Hospital Admissions,Asthma,302,2.647378842668056,12.703377383334006,-10.05599854066595,32382,0.0001667347,0.003324,,0.9671263413678551,-0.03399106944564245,5.3992030554,-0.18352468600722632,UNIT_VALUE_ASTHMA_HA,UNIT_VALUE_ASTHMA_HA_2015_USD,11232.0,-2061.349273233166,-5717007.914863059
NO2_ASTHMA,NO2,p05,Hospital Admissions,Asthma,303,2.6340382696906954,12.960978715397491,-10.326940445706796,24978,0.0001667347,0.003324,,0.9662557289508941,-0.034922712526365585,4.1646993366,-0.14544259769082726,UNIT_VALUE_ASTHMA_HA,UNIT_VALUE_ASTHMA_HA_2015_USD,11232.0,-1633.6112572633717,-4530706.469231953
NO2_ASTHMA,NO2,p05,Hospital Admissions,Asthma,304,2.8107964280598248,12.843451807118951,-10.032655379059126,8201,0.0001667347,0.003324,,0.9672013861935437,-0.03391084243120912,1.3673912747,-0.04636939005816189,UNIT_VALUE_ASTHMA_HA,UNIT_VALUE_ASTHMA_HA_2015_USD,11232.0,-520.8209891332743,-1444460.555891897
NO2_ASTHMA,NO2,p05,Hospital Admissions,Asthma,337,2.531923958013977,13.006535634360024,-10.474611676346049,12381,0.0001667347,0.003324,,0.9657815498522507,-0.03543083852966977,2.0643423207000002,-0.07314137943468549,UNIT_VALUE_ASTHMA_HA,UNIT_VALUE_ASTHMA_HA_2015_USD,11232.0,-821.5239738103874,-2278439.2346849423
NO2_ASTHMA,NO2,p05,Hospital Admissions,Asthma,338,2.5249652670456704,12.818044142568397,-10.293078875522724,74381,0.0001667347,0.003324,,0.9663644928156522,-0.034806232466536136,12.4018937207,-0.431663195867959,UNIT_VALUE_ASTHMA_HA,UNIT_VALUE_ASTHMA_HA_2015_USD,11232.0,-4848.441015988915,-13446811.766974134
NO2_ASTHMA,NO2,p05,Hospital Admissions,Asthma,339,2.759045513627746,12.846442834378704,-10.08739732075096,88375,0.0001667347,0.003324,,0.9670254080989179,-0.03409899225492641,14.735179112500001,-0.5024547584320909,UNIT_VALUE_ASTHMA_HA,UNIT_VALUE_ASTHMA_HA_2015_USD,11232.0,-5643.571846709245,-15652051.466818819
NO2_ASTHMA,NO2,p05,Hospital Admissions,Asthma,340,2.596899839332115,12.996960305996272,-10.400060466664158,88377,0.0001667347,0.003324,,0.9660209081162253,-0.03517428204533912,14.7355125819,-0.518311075638394,UNIT_VALUE_ASTHMA_HA,UNIT_VALUE_ASTHMA_HA_2015_USD,11232.0,-5821.670001570441,-16145994.232455507
NO2_ASTHMA,NO2,p05,Hospital Admissions,Asthma,341,2.5914549902145825,13.079657619108476,-10.488202628893896,88375,0.0001667347,0.003324,,0.9657379203753672,-0.03547761654768178,14.735179112500001,-0.5227690343146849,UNIT_VALUE_ASTHMA_HA,UNIT_VALUE_ASTHMA_HA_2015_USD,11232.0,-5871.7417934225405,-16284864.842131875
NO2_ASTHMA,NO2,p05,Hospital Admissions,Asthma,342,2.6892456124209656,12.80265073340836,-10.113405120987396,88375,0.0001667347,0.003324,,0.9669418124354988,-0.03418839390266459,14.735179112500001,-0.5037721077244657,UNIT_VALUE_ASTHMA_HA,UNIT_VALUE_ASTHMA_HA_2015_USD,11232.0,-5658.3683139611985,-15693088.432989405
NO2_ASTHMA,NO2,p05,Hospital Admissions,Asthma,343,2.676944217219019,12.919237529547502,-10.242293312328483,88375,0.0001667347,0.003324,,0.966527639747102,-0.03463156031591219,14.735179112500001,-0.5103022442003132,UNIT_VALUE_ASTHMA_HA,UNIT_VALUE_ASTHMA_HA_2015_USD,11232.0,-5731.714806857918,-15896509.796783956
NO2_ASTHMA,NO2,p05,Hospital Admissions,Asthma,344,2.547450555320279,12.70276760438119,-10.155317049060912,88377,0.0001667347,0.003324,,0.9668071120793363,-0.034332482152799715,14.7355125819,-0.5059067227304374,UNIT_VALUE_ASTHMA_HA,UNIT_VALUE_ASTHMA_HA_2015_USD,11232.0,-5682.344309708273,-15759584.178874213
NO2_ASTHMA,NO2,p05,Hospital Admissions,Asthma,345,2.737800862173007,12.79851269185022,-10.060711829677212,86300,0.0001667347,0.003324,,0.9671111895445851,-0.034007269082371394,14.38920461,-0.48933755305356896,UNIT_VALUE_ASTHMA_HA,UNIT_VALUE_ASTHMA_HA_2015_USD,11232.0,-5496.239395897686,-15243435.227764519
NO2_ASTHMA,NO2,p05,Hospital Admissions,Asthma,346,2.5845472440572475,12.95135903305163,-10.366811788994385,33933,0.0001667347,0.003324,,0.9661276772988618,-0.03505988234995994,5.6578085751,-0.19836210300160045,UNIT_VALUE_ASTHMA_HA,UNIT_VALUE_ASTHMA_HA_2015_USD,11232.0,-2228.0031409139765,-6179210.75110505
NO2_ASTHMA,NO2,p05,Hospital Admissions,Asthma,347,2.667428939940634,13.024788855217846,-10.357359915277211,2135,0.0001667347,0.003324,,0.9661580316023404,-0.03502736332019496,0.35597858450000003,-0.012468991213490222,UNIT_VALUE_ASTHMA_HA,UNIT_VALUE_ASTHMA_HA_2015_USD,11232.0,-140.0517093099222,-388423.6121514175
NO2_ASTHMA,NO2,p05,Hospital Admissions,Asthma,348,2.5480940399245897,12.902229677650643,-10.354135637726056,32334,0.0001667347,0.003324,,0.9661683864551611,-0.03501627047534228,5.3911997898,-0.18877971002624525,UNIT_VALUE_ASTHMA_HA,UNIT_VALUE_ASTHMA_HA_2015_USD,11232.0,-2120.3737030147868,-5880708.0391523
NO2_ASTHMA,NO2,p05,Hospital Admissions,Asthma,349,2.4361320689291293,12.900824472964318,-10.464692404035189,30021,0.0001667347,0.003324,,0.9658133937992394,-0.035396699217723704,5.0055424287,-0.1771796797702481,UNIT_VALUE_ASTHMA_HA,UNIT_VALUE_ASTHMA_HA_2015_USD,11232.0,-1990.0821631794265,-5519353.573826716
NO2_ASTHMA,NO2,p05,Hospital Admissions,Asthma,350,2.577402093824776,13.145032719996268,-10.567630626171493,41325,0.0001667347,0.003324,,0.9654829811967003,-0.03575103805612034,6.8903114775,-0.2463357878506253,UNIT_VALUE_ASTHMA_HA,UNIT_VALUE_ASTHMA_HA_2015_USD,11232.0,-2766.8435691382233,-7673646.959955022
NO2_ASTHMA,NO2,p05,Hospital Admissions,Asthma,351,2.605968935100684,12.62753346091184,-10.021564525811156,31973,0.0001667347,0.003324,,0.9672370436934388,-0.03387272698061117,5.3310085631,-0.18057579758918654,UNIT_VALUE_ASTHMA_HA,UNIT_VALUE_ASTHMA_HA_2015_USD,11232.0,-2028.2273585217433,-5625146.602944958
NO2_ASTHMA,NO2,p05,Hospital Admissions,Asthma,352,2.458076877087761,13.099213078633886,-10.641136201546123,11823,0.0001667347,0.003324,,0.9652471111113162,-0.03600413664918589,1.9713043581,-0.07097511148616809,UNIT_VALUE_ASTHMA_HA,UNIT_VALUE_ASTHMA_HA_2015_USD,11232.0,-797.19245221264,-2210957.462740102
NO2_ASTHMA,NO2,p05,Hospital Admissions,Asthma,353,2.5626502990712154,13.029929861233532,-10.467279562162316,30,0.0001667347,0.003324,,0.9658050881163609,-0.03540560337110099,0.0050020410000000005,-0.0001771002796919854,UNIT_VALUE_ASTHMA_HA,UNIT_VALUE_ASTHMA_HA_2015_USD,11232.0,-1.9891903415003798,-5516.880168827398
NO2_ASTHMA,NO2,p05,Hospital Admissions,Asthma,360,2.5391880675722285,12.700089004466552,-10.160900936894324,26038,0.0001667347,0.003324,,0.9667891674906987,-0.034351680413941876,4.3414381186,-0.1491356947870523,UNIT_VALUE_ASTHMA_HA,UNIT_VALUE_ASTHMA_HA_2015_USD,11232.0,-1675.0921238481715,-4645750.749044234
NO2_ASTHMA,NO2,p05,Hospital Admissions,Asthma,361,2.5659001597101425,12.734942392851211,-10.169042233141068,20956,0.0001667347,0.003324,,0.9667630049165249,-0.03437967207521031,3.4940923732,-0.12012574999110937,UNIT_VALUE_ASTHMA_HA,UNIT_VALUE_ASTHMA_HA_2015_USD,11232.0,-1349.2524239001405,-3742057.1500173663
NO2_ASTHMA,NO2,p05,Hospital Admissions,Asthma,379,2.6390756191192604,12.638117487826449,-9.999041868707186,54999,0.0001667347,0.003324,,0.9673094589073594,-0.03379532867337698,9.1702417653,-0.30991133447264224,UNIT_VALUE_ASTHMA_HA,UNIT_VALUE_ASTHMA_HA_2015_USD,11232.0,-3480.9241087967175,-9654099.35106008
NO2_ASTHMA,NO2,p05,Hospital Admissions,Asthma,380,2.62982746363354,12.98540092587393,-10.35557346224039,88376,0.0001667347,0.003324,,0.9661637688299112,-0.03502121717011475,14.7353458472,-0.5160497469915397,UNIT_VALUE_ASTHMA_HA,UNIT_VALUE_ASTHMA_HA_2015_USD,11232.0,-5796.270758208974,-16075551.208939515
NO2_ASTHMA,NO2,p05,Hospital Admissions,Asthma,381,2.597192221769832,12.978324250310006,-10.381132028540176,88376,0.0001667347,0.003324,,0.9660816902558151,-0.03510915286594796,14.7353458472,-0.5173455098819562,UNIT_VALUE_ASTHMA_HA,UNIT_VALUE_ASTHMA_HA_2015_USD,11232.0,-5810.824766994131,-16115915.733524531
NO2_ASTHMA,NO2,p05,Hospital Admissions,Asthma,382,2.675877028210664,12.697450575717289,-10.021573547506623,88375,0.0001667347,0.003324,,0.9672370146878227,-0.03387275798450662,14.735179112500001,-0.49912115593606954,UNIT_VALUE_ASTHMA_HA,UNIT_VALUE_ASTHMA_HA_2015_USD,11232.0,-5606.128823473933,-15548205.86288731
NO2_ASTHMA,NO2,p05,Hospital Admissions,Asthma,383,2.7009590161293446,12.812056932973752,-10.111097916844408,88376,0.0001667347,0.003324,,0.9669492280824201,-0.03418046259070251,14.7353458472,-0.5036609374912832,UNIT_VALUE_ASTHMA_HA,UNIT_VALUE_ASTHMA_HA_2015_USD,11232.0,-5657.1196499020925,-15689625.350627959
NO2_ASTHMA,NO2,p05,Hospital Admissions,Asthma,384,2.6007771038719483,12.762089186024584,-10.161312082152635,88377,0.0001667347,0.003324,,0.9667878462322421,-0.03435309400836184,14.7355125819,-0.5062104489874094,UNIT_VALUE_ASTHMA_HA,UNIT_VALUE_ASTHMA_HA_2015_USD,11232.0,-5685.755763026583,-15769045.605850814
NO2_ASTHMA,NO2,p05,Hospital Admissions,Asthma,385,2.4323382721181983,12.724590923336295,-10.2922526512181,88376,0.0001667347,0.003324,,0.9663671468133511,-0.03480339051007175,14.7353458472,-0.5128399958210657,UNIT_VALUE_ASTHMA_HA,UNIT_VALUE_ASTHMA_HA_2015_USD,11232.0,-5760.218833062209,-15975563.718179721
NO2_ASTHMA,NO2,p05,Hospital Admissions,Asthma,386,2.5500655497170395,12.709537397487653,-10.159471847770613,88376,0.0001667347,0.003324,,0.9667937600326936,-0.034346766952843666,14.7353458472,-0.5061114897833311,UNIT_VALUE_ASTHMA_HA,UNIT_VALUE_ASTHMA_HA_2015_USD,11232.0,-5684.644253246375,-15765962.911281094
NO2_ASTHMA,NO2,p05,Hospital Admissions,Asthma,387,2.570378456742081,12.642610401203603,-10.072231944461524,88291,0.0001667347,0.003324,,0.9670741567987565,-0.03404686493767528,14.7211733977,-0.5012098023955902,UNIT_VALUE_ASTHMA_HA,UNIT_VALUE_ASTHMA_HA_2015_USD,11232.0,-5629.58850050727,-15613269.634961875
NO2_ASTHMA,NO2,p05,Hospital Admissions,Asthma,388,2.635982225676562,12.804330599445445,-10.168348373768882,86731,0.0001667347,0.003324,,0.9667652346502243,-0.03437728639652615,14.4610672657,-0.4971322509923983,UNIT_VALUE_ASTHMA_HA,UNIT_VALUE_ASTHMA_HA_2015_USD,11232.0,-5583.7894431466175,-15486249.155306123
NO2_ASTHMA,NO2,p05,Hospital Admissions,Asthma,389,2.6987001999409825,12.68286874706344,-9.984168547122458,88377,0.0001667347,0.003324,,0.9673572828254019,-0.03374422021123058,14.7355125819,-0.49723838148899246,UNIT_VALUE_ASTHMA_HA,UNIT_VALUE_ASTHMA_HA_2015_USD,11232.0,-5584.981500884363,-15489555.24399772
NO2_ASTHMA,NO2,p05,Hospital Admissions,Asthma,390,2.5229481864423158,12.750940048118828,-10.227991861676513,88377,0.0001667347,0.003324,,0.9665735876513998,-0.03458237714711454,14.7355125819,-0.5095890535633173,UNIT_VALUE_ASTHMA_HA,UNIT_VALUE_ASTHMA_HA_2015_USD,11232.0,-5723.70424962318,-15874293.077032415
NO2_ASTHMA,NO2,p05,Hospital Admissions,Asthma,391,2.536634216862757,12.66478382810116,-10.128149611238404,88376,0.0001667347,0.003324,,0.9668944231156424,-0.034239081426988394,14.7353458472,-0.5045247063171161,UNIT_VALUE_ASTHMA_HA,UNIT_VALUE_ASTHMA_HA_2015_USD,11232.0,-5666.821501353848,-15716532.756499803
NO2_ASTHMA,NO2,p05,Hospital Admissions,Asthma,392,2.7413287513170514,12.805722769399786,-10.064394018082734,88377,0.0001667347,0.003324,,0.9670993525684608,-0.0340199249892581,14.7355125819,-0.501301032714507,UNIT_VALUE_ASTHMA_HA,UNIT_VALUE_ASTHMA_HA_2015_USD,11232.0,-5630.613199449343,-15616111.565748788
NO2_ASTHMA,NO2,p05,Hospital Admissions,Asthma,393,2.864691776437847,12.910493307730528,-10.045801531292682,88376,0.0001667347,0.003324,,0.967159122534536,-0.03395602305792389,14.7353458472,-0.5003537433540062,UNIT_VALUE_ASTHMA_HA,UNIT_VALUE_ASTHMA_HA_2015_USD,11232.0,-5619.973245352197,-15586602.397857144
NO2_ASTHMA,NO2,p05,Hospital Admissions,Asthma,394,2.6623884557151256,12.734551441404315,-10.07216298568919,65713,0.0001667347,0.003324,,0.9670743784705137,-0.03404662791455615,10.9566373411,-0.3730365547471635,UNIT_VALUE_ASTHMA_HA,UNIT_VALUE_ASTHMA_HA_2015_USD,11232.0,-4189.946582920141,-11620523.551468205
NO2_ASTHMA,NO2,p05,Hospital Admissions,Asthma,395,2.6447083526725663,13.049272798909085,-10.404564446236517,29100,0.0001667347,0.003324,,0.9660064457051223,-0.03518977999164852,4.85197977,-0.17074010063022937,UNIT_VALUE_ASTHMA_HA,UNIT_VALUE_ASTHMA_HA_2015_USD,11232.0,-1917.7528102787364,-5318753.1766113555
NO2_ASTHMA,NO2,p05,Hospital Admissions,Asthma,396,2.692580379276945,12.806102061137445,-10.113521681860496,7120,0.0001667347,0.003324,,0.9669414377955692,-0.03418879459732094,1.187151064,-0.040587263883087005,UNIT_VALUE_ASTHMA_HA,UNIT_VALUE_ASTHMA_HA_2015_USD,11232.0,-455.8761479348332,-1264340.5849669045
NO2_ASTHMA,NO2,p05,Hospital Admissions,Asthma,397,2.557237032741726,13.094070828001398,-10.536833795259671,2535,0.0001667347,0.003324,,0.9655818214604703,-0.035645015030907556,0.4226724645,-0.01506616635025324,UNIT_VALUE_ASTHMA_HA,UNIT_VALUE_ASTHMA_HA_2015_USD,11232.0,-169.22318044604438,-469328.64534447284
NO2_ASTHMA,NO2,p05,Hospital Admissions,Asthma,398,2.43717111067994,12.612637517289592,-10.175466406609653,10141,0.0001667347,0.003324,,0.9667423609255494,-0.03440176040554377,1.6908565927,-0.05816844338219951,UNIT_VALUE_ASTHMA_HA,UNIT_VALUE_ASTHMA_HA_2015_USD,11232.0,-653.3479560688648,-1812014.8218000717
NO2_ASTHMA,NO2,p05,Hospital Admissions,Asthma,400,2.704188034100308,12.393512040453407,-9.6893240063531,7025,0.0001667347,0.003324,,0.968305818888067,-0.03273158179337221,1.1713112675,-0.03833887055767472,UNIT_VALUE_ASTHMA_HA,UNIT_VALUE_ASTHMA_HA_2015_USD,11232.0,-430.6221941038025,-1194300.511793309
NO2_ASTHMA,NO2,p05,Hospital Admissions,Asthma,401,2.4391286905958838,12.284515906967716,-9.845387216371831,87066,0.0001667347,0.003324,,0.9678036365305256,-0.03326745452713431,14.5169233902,-0.48294108875737096,UNIT_VALUE_ASTHMA_HA,UNIT_VALUE_ASTHMA_HA_2015_USD,11232.0,-5424.3943089227905,-15044177.908195734
NO2_ASTHMA,NO2,p05,Hospital Admissions,Asthma,402,2.5191755322333966,12.8196843793945,-10.3005088471611,76970,0.0001667347,0.003324,,0.9663406265883555,-0.03483178962523614,12.833569859,-0.44701620546945947,UNIT_VALUE_ASTHMA_HA,UNIT_VALUE_ASTHMA_HA_2015_USD,11232.0,-5020.8860198329685,-13925075.91398535
NO2_ASTHMA,NO2,p05,Hospital Admissions,Asthma,403,2.549488159488865,13.041431751108432,-10.491943591619568,682,0.0001667347,0.003324,,0.965725911537525,-0.03549049275058547,0.11371306540000001,-0.004035732723225552,UNIT_VALUE_ASTHMA_HA,UNIT_VALUE_ASTHMA_HA_2015_USD,11232.0,-45.3293499472694,-125717.77902425536
NO2_ASTHMA,NO2,p05,Hospital Admissions,Asthma,420,2.5094914170437184,12.725035712794256,-10.215544295750536,45834,0.0001667347,0.003324,,0.9666135811463967,-0.03453957145316244,7.6421182398,-0.2639554889970881,UNIT_VALUE_ASTHMA_HA,UNIT_VALUE_ASTHMA_HA_2015_USD,11232.0,-2964.7480524152934,-8222521.191010146
NO2_ASTHMA,NO2,p05,Hospital Admissions,Asthma,421,2.615126831441366,12.708032642758992,-10.092905811317626,88376,0.0001667347,0.003324,,0.9670077018104971,-0.034117927011059423,14.7353458472,-0.5027394540974872,UNIT_VALUE_ASTHMA_HA,UNIT_VALUE_ASTHMA_HA_2015_USD,11232.0,-5646.769548422976,-15660920.068682734
NO2_ASTHMA,NO2,p05,Hospital Admissions,Asthma,422,2.736843842578459,13.152316036678595,-10.415472194100136,88378,0.0001667347,0.003324,,0.9659714215024983,-0.03522731391429024,14.7356793166,-0.5190984010261821,UNIT_VALUE_ASTHMA_HA,UNIT_VALUE_ASTHMA_HA_2015_USD,11232.0,-5830.513240326078,-16170520.336117553
NO2_ASTHMA,NO2,p05,Hospital Admissions,Asthma,423,2.53441541239653,12.84560324866496,-10.31118783626843,88378,0.0001667347,0.003324,,0.9663063250427912,-0.03486852365963422,14.7356793166,-0.5138113828916497,UNIT_VALUE_ASTHMA_HA,UNIT_VALUE_ASTHMA_HA_2015_USD,11232.0,-5771.12945263901,-16005823.55783261
NO2_ASTHMA,NO2,p05,Hospital Admissions,Asthma,424,2.64771804453796,12.76144052832808,-10.11372248379012,88378,0.0001667347,0.003324,,0.966940792395624,-0.03418948488301021,14.7356793166,-0.5038052852357819,UNIT_VALUE_ASTHMA_HA,UNIT_VALUE_ASTHMA_HA_2015_USD,11232.0,-5658.740963768303,-15694121.951143924
NO2_ASTHMA,NO2,p05,Hospital Admissions,Asthma,425,2.563533436193971,12.783300732304255,-10.219767296110286,88377,0.0001667347,0.003324,,0.9666000126420482,-0.034554093648993645,14.7355125819,-0.5091722817208968,UNIT_VALUE_ASTHMA_HA,UNIT_VALUE_ASTHMA_HA_2015_USD,11232.0,-5719.023068289112,-15861310.148285072
NO2_ASTHMA,NO2,p05,Hospital Admissions,Asthma,426,2.5410722275316497,12.7613800255812,-10.22030779804955,88377,0.0001667347,0.003324,,0.9665982760225295,-0.034555952359977216,14.7355125819,-0.5091996707799813,UNIT_VALUE_ASTHMA_HA,UNIT_VALUE_ASTHMA_HA_2015_USD,11232.0,-5719.33070220075,-15862163.349404626
NO2_ASTHMA,NO2,p05,Hospital Admissions,Asthma,427,2.4989116803036096,12.992557858854529,-10.493646178550918,88377,0.0001667347,0.003324,,0.9657204461247713,-0.03549635302098575,14.7355125819,-0.5230569565522996,UNIT_VALUE_ASTHMA_HA,UNIT_VALUE_ASTHMA_HA_2015_USD,11232.0,-5874.975735995428,-16293833.9554818
NO2_ASTHMA,NO2,p05,Hospital Admissions,Asthma,428,2.654915453078351,13.06965537052943,-10.41473991745108,88377,0.0001667347,0.003324,,0.965973772764401,-0.035224794083408284,14.7355125819,-0.5190553964108995,UNIT_VALUE_ASTHMA_HA,UNIT_VALUE_ASTHMA_HA_2015_USD,11232.0,-5830.030212487223,-16169180.692218438
NO2_ASTHMA,NO2,p05,Hospital Admissions,Asthma,429,2.447804077168883,12.487700207295278,-10.039896130126396,88376,0.0001667347,0.003324,,0.967178107622586,-0.03393572716207682,14.7353458472,-0.5000546763094209,UNIT_VALUE_ASTHMA_HA,UNIT_VALUE_ASTHMA_HA_2015_USD,11232.0,-5616.614124307415,-15577286.110777915
NO2_ASTHMA,NO2,p05,Hospital Admissions,Asthma,430,2.7743122108178184,12.892837956277631,-10.118525745459817,88378,0.0001667347,0.003324,,0.9669253543017671,-0.03420599692736026,14.7356793166,-0.5040486014261858,UNIT_VALUE_ASTHMA_HA,UNIT_VALUE_ASTHMA_HA_2015_USD,11232.0,-5661.473891218919,-15701701.534123285
NO2_ASTHMA,NO2,p05,Hospital Admissions,Asthma,431,2.5901956389102314,12.446232250686156,-9.856036611775924,88377,0.0001667347,0.003324,,0.9677693782524337,-0.033304031385832156,14.7355125819,-0.49075197351392225,UNIT_VALUE_ASTHMA_HA,UNIT_VALUE_ASTHMA_HA_2015_USD,11232.0,-5512.126166508375,-15287496.073979322
NO2_ASTHMA,NO2,p05,Hospital Admissions,Asthma,432,2.7305631447686016,12.872796622565865,-10.142233477797262,88377,0.0001667347,0.003324,,0.9668491592327667,-0.03428750022758442,14.7355125819,-0.5052438910054694,UNIT_VALUE_ASTHMA_HA,UNIT_VALUE_ASTHMA_HA_2015_USD,11232.0,-5674.899383773432,-15738936.19793875
NO2_ASTHMA,NO2,p05,Hospital Admissions,Asthma,433,2.553397196087107,12.681985520594134,-10.128588324507028,88376,0.0001667347,0.003324,,0.9668930131110625,-0.03424058964126009,14.7353458472,-0.5045469303760212,UNIT_VALUE_ASTHMA_HA,UNIT_VALUE_ASTHMA_HA_2015_USD,11232.0,-5667.071121983469,-15717225.061842613
NO2_ASTHMA,NO2,p05,Hospital Admissions,Asthma,434,2.5254380737043034,12.48869344179479,-9.963255368090486,88374,0.0001667347,0.003324,,0.9674245313981097,-0.033672361558593655,14.7350123778,-0.49616266435563444,UNIT_VALUE_ASTHMA_HA,UNIT_VALUE_ASTHMA_HA_2015_USD,11232.0,-5572.899046042486,-15456045.40126561
NO2_ASTHMA,NO2,p05,Hospital Admissions,Asthma,435,2.4928951928221568,12.926390888962436,-10.43349569614028,88373,0.0001667347,0.003324,,0.9659135517714732,-0.035289336365570856,14.7348456431,-0.5199829241941221,UNIT_VALUE_ASTHMA_HA,UNIT_VALUE_ASTHMA_HA_2015_USD,11232.0,-5840.448204548379,-16198074.26394061
NO2_ASTHMA,NO2,p05,Hospital Admissions,Asthma,436,2.7328955936702077,13.04221996913206,-10.309324375461852,88373,0.0001667347,0.003324,,0.9663123105015845,-0.03486211355511881,14.7348456431,-0.5136878620268999,UNIT_VALUE_ASTHMA_HA,UNIT_VALUE_ASTHMA_HA_2015_USD,11232.0,-5769.74206628614,-16001975.738899967
NO2_ASTHMA,NO2,p05,Hospital Admissions,Asthma,437,2.5777498062444937,13.371440660366856,-10.793690854122362,87523,0.0001667347,0.003324,,0.9647577664282396,-0.036529618934538766,14.5931211481,-0.5330811546056519,UNIT_VALUE_ASTHMA_HA,UNIT_VALUE_ASTHMA_HA_2015_USD,11232.0,-5987.567528530682,-16606099.410652848
NO2_ASTHMA,NO2,p05,Hospital Admissions,Asthma,438,2.748538360676072,12.938945693609464,-10.190407332933392,83412,0.0001667347,0.003324,,0.9666943501740378,-0.03445313383694226,13.9076747964,-0.47916298112103795,UNIT_VALUE_ASTHMA_HA,UNIT_VALUE_ASTHMA_HA_2015_USD,11232.0,-5381.958603951498,-14926485.450957201
NO2_ASTHMA,NO2,p05,Hospital Admissions,Asthma,439,2.642992716804893,12.968380281383547,-10.325387564578657,83452,0.0001667347,0.003324,,0.9662607165602387,-0.034917370500033185,13.9143441844,-0.4858523111516769,UNIT_VALUE_ASTHMA_HA,UNIT_VALUE_ASTHMA_HA_2015_USD,11232.0,-5457.093158855635,-15134865.879564984
NO2_ASTHMA,NO2,p05,Hospital Admissions,Asthma,440,2.751293462602895,13.02930152952725,-10.278008066924356,77384,0.0001667347,0.003324,,0.9664129044129185,-0.03475439476616393,12.9025980248,-0.4484219852630262,UNIT_VALUE_ASTHMA_HA,UNIT_VALUE_ASTHMA_HA_2015_USD,11232.0,-5036.6757384743105,-13968867.593356807
NO2_ASTHMA,NO2,p05,Hospital Admissions,Asthma,441,2.6284130103741123,12.170469804648013,-9.5420567942739,85838,0.0001667347,0.003324,,0.968779936320125,-0.03222616665500233,14.3121731786,-0.46122647804881806,UNIT_VALUE_ASTHMA_HA,UNIT_VALUE_ASTHMA_HA_2015_USD,11232.0,-5180.495801444325,-14367742.470599731
NO2_ASTHMA,NO2,p05,Hospital Admissions,Asthma,442,17.408263536273278,17.305411478410115,0.1028520578631635,88372,0.0001667347,0.003324,,1.000341938688047,0.0003418218059472178,14.7346789084,0.005036634554521667,UNIT_VALUE_ASTHMA_HA,UNIT_VALUE_ASTHMA_HA_2015_USD,11232.0,56.57147931638737,156897.03788044822
NO2_ASTHMA,NO2,p05,Hospital Admissions,Asthma,443,2.509244635955389,12.746616897857344,-10.237372261901951,88316,0.0001667347,0.003324,,0.9665434499214974,-0.0346146363944837,14.7253417652,-0.5097123509869027,UNIT_VALUE_ASTHMA_HA,UNIT_VALUE_ASTHMA_HA_2015_USD,11232.0,-5725.089126284891,-15878133.935512304
NO2_ASTHMA,NO2,p05,Hospital Admissions,Asthma,444,2.562440475230373,12.487097916727723,-9.92465744149735,45597,0.0001667347,0.003324,,0.9675486594521249,-0.03353975041033164,7.6026021159,-0.2549893774363452,UNIT_VALUE_ASTHMA_HA,UNIT_VALUE_ASTHMA_HA_2015_USD,11232.0,-2864.0406873650295,-7943216.363558793
NO2_ASTHMA,NO2,p05,Hospital Admissions,Asthma,445,2.523741045592004,12.92714412081053,-10.403403075218526,57394,0.0001667347,0.003324,,0.9660101748809602,-0.03518578375556802,9.5695713718,-0.33671286892162927,UNIT_VALUE_ASTHMA_HA,UNIT_VALUE_ASTHMA_HA_2015_USD,11232.0,-3781.95894372774,-10488998.393302826
NO2_ASTHMA,NO2,p05,Hospital Admissions,Asthma,446,2.476082572164113,12.45958874112578,-9.983506168961668,8084,0.0001667347,0.003324,,0.9673594127018136,-0.03374194417256149,1.3478833148,-0.04548020355910872,UNIT_VALUE_ASTHMA_HA,UNIT_VALUE_ASTHMA_HA_2015_USD,11232.0,-510.83364637590915,-1416761.3598683376
NO2_ASTHMA,NO2,p05,Hospital Admissions,Asthma,461,2.553623009483738,12.979926274455469,-10.42630326497173,22921,0.0001667347,0.003324,,0.9659366447621517,-0.035264585335444965,3.8217260587,-0.1347715847257199,UNIT_VALUE_ASTHMA_HA,UNIT_VALUE_ASTHMA_HA_2015_USD,11232.0,-1513.754439639286,-4198291.975528784
NO2_ASTHMA,NO2,p05,Hospital Admissions,Asthma,462,2.5051866829226035,12.991476170620894,-10.48628948769829,74661,0.0001667347,0.003324,,0.9657440617940254,-0.03547103167514032,12.4485794367,-0.4415639555096861,UNIT_VALUE_ASTHMA_HA,UNIT_VALUE_ASTHMA_HA_2015_USD,11232.0,-4959.646348284794,-13755231.971723495
NO2_ASTHMA,NO2,p05,Hospital Admissions,Asthma,463,2.5582504794155554,12.782316652115416,-10.22406617269986,80098,0.0001667347,0.003324,,0.966586200542925,-0.034568876979939045,13.3551160006,-0.461671362077557,UNIT_VALUE_ASTHMA_HA,UNIT_VALUE_ASTHMA_HA_2015_USD,11232.0,-5185.4927388551205,-14381601.126722956
NO2_ASTHMA,NO2,p05,Hospital Admissions,Asthma,464,2.681728004920519,12.895175971346704,-10.213447966426184,82755,0.0001667347,0.003324,,0.9666203167253387,-0.03453236260100878,13.7981300985,-0.476482031777295,UNIT_VALUE_ASTHMA_HA,UNIT_VALUE_ASTHMA_HA_2015_USD,11232.0,-5351.846180922577,-14842970.753556103
NO2_ASTHMA,NO2,p05,Hospital Admissions,Asthma,465,2.684949355328069,12.458636739285494,-9.773687383957425,88371,0.0001667347,0.003324,,0.9680343208947818,-0.03302122498680782,14.7345121737,-0.4865516415586064,UNIT_VALUE_ASTHMA_HA,UNIT_VALUE_ASTHMA_HA_2015_USD,11232.0,-5464.948037986267,-15156650.836992253
NO2_ASTHMA,NO2,p05,Hospital Admissions,Asthma,466,2.58824710945346,12.806962837562113,-10.218715728108652,88371,0.0001667347,0.003324,,0.9666033913132727,-0.03455047746248141,14.7345121737,-0.5090844307780799,UNIT_VALUE_ASTHMA_HA,UNIT_VALUE_ASTHMA_HA_2015_USD,11232.0,-5718.036326499393,-15858573.489003211
NO2_ASTHMA,NO2,p05,Hospital Admissions,Asthma,467,2.5867797161778925,12.805369888362751,-10.21859017218486,88369,0.0001667347,0.003324,,0.9666037947232433,-0.034550045695112,14.7341787043,-0.5090665475135111,UNIT_VALUE_ASTHMA_HA,UNIT_VALUE_ASTHMA_HA_2015_USD,11232.0,-5717.835461671757,-15858016.4044643
NO2_ASTHMA,NO2,p05,Hospital Admissions,Asthma,468,2.458288695799367,12.391525020495733,-9.933236324696368,60568,0.0001667347,0.003324,,0.9675210690269292,-0.03356922346480373,10.0987873096,-0.3390084479194865,UNIT_VALUE_ASTHMA_HA,UNIT_VALUE_ASTHMA_HA_2015_USD,11232.0,-3807.742887031672,-10560508.35518025
NO2_ASTHMA,NO2,p05,Hospital Admissions,Asthma,469,2.773279151680615,12.809453978663884,-10.03617482698327,37663,0.0001667347,0.003324,,0.9671900713141645,-0.03392293785776279,6.2797290061,-0.21302685683752082,UNIT_VALUE_ASTHMA_HA,UNIT_VALUE_ASTHMA_HA_2015_USD,11232.0,-2392.717655999034,-6636034.928677401
NO2_ASTHMA,NO2,p05,Hospital Admissions,Asthma,470,2.661232585733735,13.110034824848189,-10.448802239114451,14834,0.0001667347,0.003324,,0.9658644083554762,-0.03534201213878929,2.4733425398,-0.08741290206499554,UNIT_VALUE_ASTHMA_HA,UNIT_VALUE_ASTHMA_HA_2015_USD,11232.0,-981.8217159940299,-2723013.801789322
NO2_ASTHMA,NO2,p05,Hospital Admissions,Asthma,471,2.5559437517315704,12.685822737968872,-10.129878986237305,56261,0.0001667347,0.003324,,0.9668888649946265,-0.03424502670796348,9.3806609567,-0.3212409850005417,UNIT_VALUE_ASTHMA_HA,UNIT_VALUE_ASTHMA_HA_2015_USD,11232.0,-3608.1787435260844,-10007031.172657548
NO2_ASTHMA,NO2,p05,Hospital Admissions,Asthma,472,2.663401869082256,12.614958476489242,-9.951556607406989,87172,0.0001667347,0.003324,,0.9674621520582481,-0.03363216625325194,14.5345972684,-0.4888299917548903,UNIT_VALUE_ASTHMA_HA,UNIT_VALUE_ASTHMA_HA_2015_USD,11232.0,-5490.5384673909275,-15227624.10161602
NO2_ASTHMA,NO2,p05,Hospital Admissions,Asthma,473,2.6722923851302576,13.098730047895016,-10.42643766276476,88375,0.0001667347,0.003324,,0.9659362132413882,-0.035265047827852,14.735179112500001,-0.5196367961542784,UNIT_VALUE_ASTHMA_HA,UNIT_VALUE_ASTHMA_HA_2015_USD,11232.0,-5836.560494404855,-16187291.971997255
NO2_ASTHMA,NO2,p05,Hospital Admissions,Asthma,474,2.535894326543845,12.57443722373055,-10.038542897186703,88372,0.0001667347,0.003324,,0.9671824581409887,-0.03393107637838,14.7346789084,-0.4999635154518252,UNIT_VALUE_ASTHMA_HA,UNIT_VALUE_ASTHMA_HA_2015_USD,11232.0,-5615.5902055549,-15574446.343792127
NO2_ASTHMA,NO2,p05,Hospital Admissions,Asthma,475,2.4721690989123464,12.661365370606516,-10.18919627169417,88373,0.0001667347,0.003324,,0.9666982416752863,-0.03444896958434707,14.7348456431,-0.5076002493892008,UNIT_VALUE_ASTHMA_HA,UNIT_VALUE_ASTHMA_HA_2015_USD,11232.0,-5701.366001139503,-15812339.50854033
NO2_ASTHMA,NO2,p05,Hospital Admissions,Asthma,476,2.6861842022193234,13.149186032331723,-10.4630018301124,88372,0.0001667347,0.003324,,0.9658188211716782,-0.035390880855743934,14.7346789084,-0.5214732656948274,UNIT_VALUE_ASTHMA_HA,UNIT_VALUE_ASTHMA_HA_2015_USD,11232.0,-5857.187720284302,-16244500.13906809
NO2_ASTHMA,NO2,p05,Hospital Admissions,Asthma,477,2.5680081224914617,13.594924500433514,-11.026916377942053,88373,0.0001667347,0.003324,,0.9640101358686707,-0.03733349141489972,14.7348456431,-0.5501032333165464,UNIT_VALUE_ASTHMA_HA,UNIT_VALUE_ASTHMA_HA_2015_USD,11232.0,-6178.75951661145,-17136357.006155692
NO2_ASTHMA,NO2,p05,Hospital Admissions,Asthma,478,2.514668505112454,12.937659342458987,-10.422990837346534,88371,0.0001667347,0.003324,,0.965947280275235,-0.035253186607722586,14.7345121737,-0.5194385072332063,UNIT_VALUE_ASTHMA_HA,UNIT_VALUE_ASTHMA_HA_2015_USD,11232.0,-5834.333313243373,-16181115.040948566
NO2_ASTHMA,NO2,p05,Hospital Admissions,Asthma,479,2.684246523219074,13.225557631347966,-10.541311108128893,88373,0.0001667347,0.003324,,0.9655674512109967,-0.03566042822365101,14.7348456431,-0.5254509054423443,UNIT_VALUE_ASTHMA_HA,UNIT_VALUE_ASTHMA_HA_2015_USD,11232.0,-5901.864569928412,-16368408.254176553
NO2_ASTHMA,NO2,p05,Hospital Admissions,Asthma,480,2.8350624161599267,13.070410005795347,-10.23534758963542,88373,0.0001667347,0.003324,,0.9665499547910631,-0.03460767345042992,14.7348456431,-0.5099387263588948,UNIT_VALUE_ASTHMA_HA,UNIT_VALUE_ASTHMA_HA_2015_USD,11232.0,-5727.631774463107,-15885185.792249214
NO2_ASTHMA,NO2,p05,Hospital Admissions,Asthma,481,2.592067427122466,12.025168506628589,-9.43310107950612,88374,0.0001667347,0.003324,,0.9691308617264228,-0.03185239423557973,14.7350123778,-0.46934542332383267,UNIT_VALUE_ASTHMA_HA,UNIT_VALUE_ASTHMA_HA_2015_USD,11232.0,-5271.687794773288,-14620657.08065808
NO2_ASTHMA,NO2,p05,Hospital Admissions,Asthma,482,9.991725707685823,9.946404454824236,0.0453212528615889,88374,0.0001667347,0.003324,,1.0001506591924683,0.00015063649769520016,14.7350123778,0.0022196306580872156,UNIT_VALUE_ASTHMA_HA,UNIT_VALUE_ASTHMA_HA_2015_USD,11232.0,24.930891551635604,69144.08255605273
NO2_ASTHMA,NO2,p05,Hospital Admissions,Asthma,483,2.7452432766262533,13.740008792367536,-10.994765515741282,88373,0.0001667347,0.003324,,0.9641131646222824,-0.0372226380621794,14.7348456431,-0.5484698262751924,UNIT_VALUE_ASTHMA_HA,UNIT_VALUE_ASTHMA_HA_2015_USD,11232.0,-6160.41308872296,-17085474.47265692
NO2_ASTHMA,NO2,p05,Hospital Admissions,Asthma,484,2.635003850197424,13.571396202681196,-10.936392352483772,88373,0.0001667347,0.003324,,0.9643002519582599,-0.0370214027936242,14.7348456431,-0.5455046556550838,UNIT_VALUE_ASTHMA_HA,UNIT_VALUE_ASTHMA_HA_2015_USD,11232.0,-6127.108292317901,-16993105.951163236
NO2_ASTHMA,NO2,p05,Hospital Admissions,Asthma,485,17.78303545327135,17.619880042944832,0.1631554103265173,88373,0.0001667347,0.003324,,1.0005424756706605,0.0005421815503602323,14.7348456431,0.007988961455094671,UNIT_VALUE_ASTHMA_HA,UNIT_VALUE_ASTHMA_HA_2015_USD,11232.0,89.73201506362335,248865.46253790488
NO2_ASTHMA,NO2,p05,Hospital Admissions,Asthma,486,2.7169683674808867,13.614176173664578,-10.897207806183692,88372,0.0001667347,0.003324,,0.9644258596982507,-0.036886340141148555,14.7346789084,-0.5435083780858498,UNIT_VALUE_ASTHMA_HA,UNIT_VALUE_ASTHMA_HA_2015_USD,11232.0,-6104.6861026602655,-16930919.57770106
NO2_ASTHMA,NO2,p05,Hospital Admissions,Asthma,487,2.8477711521017723,13.022949206675328,-10.175178054573555,66848,0.0001667347,0.003324,,0.9667432875313074,-0.034400768950377136,11.1458812256,-0.383426884790212,UNIT_VALUE_ASTHMA_HA,UNIT_VALUE_ASTHMA_HA_2015_USD,11232.0,-4306.650769963661,-11944194.444940317
NO2_ASTHMA,NO2,p05,Hospital Admissions,Asthma,488,16.527559754750193,16.640436337862983,-0.11287658311279,6168,0.0001667347,0.003324,,0.9996248686171119,-0.0003752721592522601,1.0284196296,-0.0003859372550174016,UNIT_VALUE_ASTHMA_HA,UNIT_VALUE_ASTHMA_HA_2015_USD,11232.0,-4.334847248355455,-12022.39540400647
NO2_ASTHMA,NO2,p05,Hospital Admissions,Asthma,503,2.666415133566064,12.74911275223668,-10.082697618670617,110,0.0001667347,0.003324,,0.9670405149038304,-0.03408283788342348,0.018340817,-0.0006251070924605373,UNIT_VALUE_ASTHMA_HA,UNIT_VALUE_ASTHMA_HA_2015_USD,11232.0,-7.0212028625167555,-19472.814654989845
NO2_ASTHMA,NO2,p05,Hospital Admissions,Asthma,504,2.631830239920904,12.897927835867522,-10.26609759594662,585,0.0001667347,0.003324,,0.9664511658491015,-0.034713429230977644,0.0975397995,-0.0033859409271469985,UNIT_VALUE_ASTHMA_HA,UNIT_VALUE_ASTHMA_HA_2015_USD,11232.0,-38.03088849371509,-105476.00707512423
NO2_ASTHMA,NO2,p05,Hospital Admissions,Asthma,505,2.663595423769252,13.054159597473731,-10.39056417370448,30061,0.0001667347,0.003324,,0.9660514017022299,-0.035141606583201535,5.0122118167,-0.17613717577414523,UNIT_VALUE_ASTHMA_HA,UNIT_VALUE_ASTHMA_HA_2015_USD,11232.0,-1978.3727582951992,-5486878.359038654
NO2_ASTHMA,NO2,p05,Hospital Admissions,Asthma,506,2.67926702875631,12.848362255713951,-10.169095226957642,71500,0.0001667347,0.003324,,0.9667628346198384,-0.03437985428270163,11.92153105,-0.4098605003257029,UNIT_VALUE_ASTHMA_HA,UNIT_VALUE_ASTHMA_HA_2015_USD,11232.0,-4603.553139658296,-12767632.384122506
NO2_ASTHMA,NO2,p05,Hospital Admissions,Asthma,507,2.72471864843805,13.112543467344862,-10.387824818906813,36518,0.0001667347,0.003324,,0.9660601982347485,-0.035132181024814635,6.0888177746,-0.21391344828435618,UNIT_VALUE_ASTHMA_HA,UNIT_VALUE_ASTHMA_HA_2015_USD,11232.0,-2402.6758511298885,-6663653.285799166
NO2_ASTHMA,NO2,p05,Hospital Admissions,Asthma,508,2.606241742304445,12.85026373094326,-10.244021988638815,32087,0.0001667347,0.003324,,0.9665220859792033,-0.03463750545015176,5.3500163189,-0.18531121940429962,UNIT_VALUE_ASTHMA_HA,UNIT_VALUE_ASTHMA_HA_2015_USD,11232.0,-2081.4156163490934,-5772660.512851066
NO2_ASTHMA,NO2,p05,Hospital Admissions,Asthma,509,2.7408240941996214,13.05452061527232,-10.313696521072696,423,0.0001667347,0.003324,,0.9662982671752164,-0.03487715332793062,0.0705287781,-0.0024598430078252953,UNIT_VALUE_ASTHMA_HA,UNIT_VALUE_ASTHMA_HA_2015_USD,11232.0,-27.628956663893717,-76626.97728034275
NO2_ASTHMA,NO2,p05,Hospital Admissions,Asthma,513,2.5095397508832744,12.851743325823316,-10.342203574940042,29744,0.0001667347,0.003324,,0.9662067075563715,-0.0349752202912097,4.9593569168,-0.1734546006678145,UNIT_VALUE_ASTHMA_HA,UNIT_VALUE_ASTHMA_HA_2015_USD,11232.0,-1948.2420747008925,-5403313.017237696
NO2_ASTHMA,NO2,p05,Hospital Admissions,Asthma,514,2.6729858549283576,13.047329306139234,-10.374343451210876,78902,0.0001667347,0.003324,,0.9661034903583231,-0.03508579565229075,13.1557012994,-0.4615782474533243,UNIT_VALUE_ASTHMA_HA,UNIT_VALUE_ASTHMA_HA_2015_USD,11232.0,-5184.446875395739,-14378700.497628804
NO2_ASTHMA,NO2,p05,Hospital Admissions,Asthma,515,2.5894001652678096,12.801216734593174,-10.211816569325364,84667,0.0001667347,0.003324,,0.9666255584933706,-0.03452675259140503,14.1169268449,-0.48741164052482633,UNIT_VALUE_ASTHMA_HA,UNIT_VALUE_ASTHMA_HA_2015_USD,11232.0,-5474.607546374849,-15183440.807342397
NO2_ASTHMA,NO2,p05,Hospital Admissions,Asthma,516,2.5790002005023998,13.123241367169356,-10.544241166666955,40091,0.0001667347,0.003324,,0.965558047098523,-0.035670515102612654,6.6845608577,-0.23844172902892125,UNIT_VALUE_ASTHMA_HA,UNIT_VALUE_ASTHMA_HA_2015_USD,11232.0,-2678.1775004528436,-7427737.825080929
NO2_ASTHMA,NO2,p05,Hospital Admissions,Asthma,517,2.658226049872644,13.366991782297108,-10.708765732424464,41250,0.0001667347,0.003324,,0.9650301474072774,-0.03623705713927716,6.8778063750000005,-0.24923146260375975,UNIT_VALUE_ASTHMA_HA,UNIT_VALUE_ASTHMA_HA_2015_USD,11232.0,-2799.3677879654297,-7763850.604176961
NO2_ASTHMA,NO2,p05,Hospital Admissions,Asthma,518,2.5339059783980007,12.777307558320947,-10.243401579922946,71036,0.0001667347,0.003324,,0.9665240791803845,-0.03463537178298037,11.8441661492,-0.41022709803693297,UNIT_VALUE_ASTHMA_HA,UNIT_VALUE_ASTHMA_HA_2015_USD,11232.0,-4607.670765150831,-12779052.33019227
NO2_ASTHMA,NO2,p05,Hospital Admissions,Asthma,519,2.7131293577030524,12.832735610282574,-10.119606252579525,88373,0.0001667347,0.003324,,0.9669218814934225,-0.03420971139414908,14.7348456431,-0.504074816887786,UNIT_VALUE_ASTHMA_HA,UNIT_VALUE_ASTHMA_HA_2015_USD,11232.0,-5661.768343283612,-15702518.176313067
NO2_ASTHMA,NO2,p05,Hospital Admissions,Asthma,520,2.5892511603896726,12.904898484216472,-10.3156473238268,88373,0.0001667347,0.003324,,0.9662920012649973,-0.03488386397783971,14.7348456431,-0.5140083511483645,UNIT_VALUE_ASTHMA_HA,UNIT_VALUE_ASTHMA_HA_2015_USD,11232.0,-5773.34180009843,-16011959.34864699
NO2_ASTHMA,NO2,p05,Hospital Admissions,Asthma,521,2.744415465240107,13.41237490206555,-10.66795943682544,88375,0.0001667347,0.003324,,0.9651610530964482,-0.036096511345729,14.735179112500001,-0.5318885600157053,UNIT_VALUE_ASTHMA_HA,UNIT_VALUE_ASTHMA_HA_2015_USD,11232.0,-5974.172306096401,-16568948.69889694
NO2_ASTHMA,NO2,p05,Hospital Admissions,Asthma,522,2.5208924107059274,12.796552711345443,-10.275660300639515,88374,0.0001667347,0.003324,,0.9664204463046189,-0.034746319600109876,14.7350123778,-0.5119874493906138,UNIT_VALUE_ASTHMA_HA,UNIT_VALUE_ASTHMA_HA_2015_USD,11232.0,-5750.643031555374,-15949005.90300662
NO2_ASTHMA,NO2,p05,Hospital Admissions,Asthma,523,2.7501964120718942,13.573094382607076,-10.822897970535182,88374,0.0001667347,0.003324,,0.9646641079927838,-0.036630254732645806,14.7350123778,-0.539747256887503,UNIT_VALUE_ASTHMA_HA,UNIT_VALUE_ASTHMA_HA_2015_USD,11232.0,-6062.441189360434,-16813756.26780791
NO2_ASTHMA,NO2,p05,Hospital Admissions,Asthma,524,2.8521675606254173,14.208662395184238,-11.35649483455882,88375,0.0001667347,0.003324,,0.9629546229239719,-0.03847053245722143,14.735179112500001,-0.5668701863104025,UNIT_VALUE_ASTHMA_HA,UNIT_VALUE_ASTHMA_HA_2015_USD,11232.0,-6367.085932638442,-17658667.13815743
NO2_ASTHMA,NO2,p05,Hospital Admissions,Asthma,525,17.65373830422057,17.551209430055852,0.1025288741647187,88374,0.0001667347,0.003324,,1.0003408640586786,0.00034074790996307947,14.7350123778,0.005020924671015456,UNIT_VALUE_ASTHMA_HA,UNIT_VALUE_ASTHMA_HA_2015_USD,11232.0,56.3950259048456,156407.65669527595
NO2_ASTHMA,NO2,p05,Hospital Admissions,Asthma,526,2.4358088543720795,12.12927287504141,-9.693464020669332,88375,0.0001667347,0.003324,,0.968292493728711,-0.03274579373138531,14.735179112500001,-0.48251513581294225,UNIT_VALUE_ASTHMA_HA,UNIT_VALUE_ASTHMA_HA_2015_USD,11232.0,-5419.610005450967,-15030908.977417875
NO2_ASTHMA,NO2,p05,Hospital Admissions,Asthma,527,2.620177568570861,12.702306852249732,-10.08212928367887,88375,0.0001667347,0.003324,,0.9670423417858052,-0.03408088435231593,14.735179112500001,-0.5021879352437738,UNIT_VALUE_ASTHMA_HA,UNIT_VALUE_ASTHMA_HA_2015_USD,11232.0,-5640.574888658068,-15643739.613450944
NO2_ASTHMA,NO2,p05,Hospital Admissions,Asthma,528,2.543936158549004,12.696644582544408,-10.152708423995405,88375,0.0001667347,0.003324,,0.9668154953675548,-0.034323513422619856,14.735179112500001,-0.5057631180526015,UNIT_VALUE_ASTHMA_HA,UNIT_VALUE_ASTHMA_HA_2015_USD,11232.0,-5680.731341966821,-15755110.725751039
NO2_ASTHMA,NO2,p05,Hospital Admissions,Asthma,529,2.586265501370653,12.9882779583601,-10.402012456989446,82303,0.0001667347,0.003324,,0.9660146401911966,-0.03518099870833935,13.7227660141,-0.4827806134168952,UNIT_VALUE_ASTHMA_HA,UNIT_VALUE_ASTHMA_HA_2015_USD,11232.0,-5422.591849898567,-15039178.91426418
NO2_ASTHMA,NO2,p05,Hospital Admissions,Asthma,530,2.693231553644414,12.966165307353425,-10.272933753709012,53223,0.0001667347,0.003324,,0.9664292050534009,-0.03473694169325525,8.8741209381,-0.30825982160567533,UNIT_VALUE_ASTHMA_HA,UNIT_VALUE_ASTHMA_HA_2015_USD,11232.0,-3462.374316274945,-9602652.79998642
NO2_ASTHMA,NO2,p05,Hospital Admissions,Asthma,531,2.641733732991866,13.136260504039374,-10.494526771047507,8740,0.0001667347,0.003324,,0.9657176193787704,-0.03549938401588126,1.457261278,-0.05173187771919591,UNIT_VALUE_ASTHMA_HA,UNIT_VALUE_ASTHMA_HA_2015_USD,11232.0,-581.0524505420084,-1611508.2979067222
NO2_ASTHMA,NO2,p05,Hospital Admissions,Asthma,546,2.592898382860765,12.761400196411527,-10.168501813550764,33,0.0001667347,0.003324,,0.96676474156737,-0.03437781396407491,0.0055022451,-0.00018915515843254273,UNIT_VALUE_ASTHMA_HA,UNIT_VALUE_ASTHMA_HA_2015_USD,11232.0,-2.12459073951432,-5892.4036946912
NO2_ASTHMA,NO2,p05,Hospital Admissions,Asthma,547,2.6440183705551323,12.723436626178474,-10.079418255623342,5126,0.0001667347,0.003324,,0.9670510562857986,-0.0340715658186137,0.8546820722,-0.02912035647695145,UNIT_VALUE_ASTHMA_HA,UNIT_VALUE_ASTHMA_HA_2015_USD,11232.0,-327.0798439491187,-907133.0516038042
NO2_ASTHMA,NO2,p05,Hospital Admissions,Asthma,555,2.7269148096119062,12.587315582201306,-9.8604007725894,815,0.0001667347,0.003324,,0.9677553394362818,-0.03331902108905016,0.1358887805,-0.004527681143244808,UNIT_VALUE_ASTHMA_HA,UNIT_VALUE_ASTHMA_HA_2015_USD,11232.0,-50.85491460092568,-141042.5458016453
NO2_ASTHMA,NO2,p05,Hospital Admissions,Asthma,556,2.4971106044207607,12.884883977363492,-10.387773372942732,6555,0.0001667347,0.003324,,0.9660603634372245,-0.035132004010618,1.0929459585,-0.038397381797410736,UNIT_VALUE_ASTHMA_HA,UNIT_VALUE_ASTHMA_HA_2015_USD,11232.0,-431.2793923485174,-1196123.2051211484
NO2_ASTHMA,NO2,p05,Hospital Admissions,Asthma,559,2.670761889443043,13.211966548718491,-10.541204659275447,15036,0.0001667347,0.003324,,0.9655677928635711,-0.03566006176978398,2.5070229492,-0.089400593226738,UNIT_VALUE_ASTHMA_HA,UNIT_VALUE_ASTHMA_HA_2015_USD,11232.0,-1004.1474631227212,-2784932.6986484486
NO2_ASTHMA,NO2,p05,Hospital Admissions,Asthma,560,2.599324358825522,12.99684897680382,-10.3975246179783,77991,0.0001667347,0.003324,,0.9660290508963383,-0.03516555643139463,13.0038059877,-0.45728607328337173,UNIT_VALUE_ASTHMA_HA,UNIT_VALUE_ASTHMA_HA_2015_USD,11232.0,-5136.237175118831,-14244994.268589819
NO2_ASTHMA,NO2,p05,Hospital Admissions,Asthma,561,2.768285760353535,12.726692247133052,-9.958406486779518,88372,0.0001667347,0.003324,,0.9674401241642198,-0.03365570129098061,14.7346789084,-0.4959059519596226,UNIT_VALUE_ASTHMA_HA,UNIT_VALUE_ASTHMA_HA_2015_USD,11232.0,-5570.015652410481,-15448048.5108648
NO2_ASTHMA,NO2,p05,Hospital Admissions,Asthma,562,2.501738259285992,12.723023880799705,-10.221285621513712,88372,0.0001667347,0.003324,,0.9665951343075693,-0.03455931496733711,14.7346789084,-0.5092204093379745,UNIT_VALUE_ASTHMA_HA,UNIT_VALUE_ASTHMA_HA_2015_USD,11232.0,-5719.563637684129,-15862809.379662294
NO2_ASTHMA,NO2,p05,Hospital Admissions,Asthma,563,2.20955869614663,12.023226899023747,-9.813668202877118,88372,0.0001667347,0.003324,,0.967905681319369,-0.03315851874831721,14.7346789084,-0.48858012683461555,UNIT_VALUE_ASTHMA_HA,UNIT_VALUE_ASTHMA_HA_2015_USD,11232.0,-5487.731984606402,-15219840.518066933
NO2_ASTHMA,NO2,p05,Hospital Admissions,Asthma,564,10.820104090113182,10.78007396527531,0.0400301248378713,88371,0.0001667347,0.003324,,1.0001330689878536,0.0001330512828539021,14.7345121737,0.001960445746937223,UNIT_VALUE_ASTHMA_HA,UNIT_VALUE_ASTHMA_HA_2015_USD,11232.0,22.01972662959889,61070.17042632844
NO2_ASTHMA,NO2,p05,Hospital Admissions,Asthma,565,2.6999152192239366,13.560955233446904,-10.861040014222963,88373,0.0001667347,0.003324,,0.9645418116234966,-0.03676169135355667,14.7348456431,-0.5416778476739414,UNIT_VALUE_ASTHMA_HA,UNIT_VALUE_ASTHMA_HA_2015_USD,11232.0,-6084.125585073711,-16873896.42141098
NO2_ASTHMA,NO2,p05,Hospital Admissions,Asthma,566,2.362983347351562,11.938298106172663,-9.575314758821104,88372,0.0001667347,0.003324,,0.968672844127195,-0.03234028502268149,14.7346789084,-0.4765237156153494,UNIT_VALUE_ASTHMA_HA,UNIT_VALUE_ASTHMA_HA_2015_USD,11232.0,-5352.314373791604,-14844269.253704848
NO2_ASTHMA,NO2,p05,Hospital Admissions,Asthma,567,11.67863961256463,11.614827775088912,0.0638118374757183,88371,0.0001667347,0.003324,,1.0002121330448022,0.00021208805391748076,14.7345121737,0.0031250140123434624,UNIT_VALUE_ASTHMA_HA,UNIT_VALUE_ASTHMA_HA_2015_USD,11232.0,35.10015738664177,97347.82950083388
NO2_ASTHMA,NO2,p05,Hospital Admissions,Asthma,568,14.119201354143936,14.07395008528269,0.0452512688612465,88372,0.0001667347,0.003324,,1.000150426530631,0.00015040390589304842,14.7346789084,0.002216153259903279,UNIT_VALUE_ASTHMA_HA,UNIT_VALUE_ASTHMA_HA_2015_USD,11232.0,24.891833415233627,69035.7575488114
NO2_ASTHMA,NO2,p05,Hospital Admissions,Asthma,569,2.809253026002566,13.770642510538098,-10.961389484535532,88373,0.0001667347,0.003324,,0.9642201311287389,-0.03710757296611966,14.7348456431,-0.5467743598458437,UNIT_VALUE_ASTHMA_HA,UNIT_VALUE_ASTHMA_HA_2015_USD,11232.0,-6141.369609788516,-17032658.71687576
NO2_ASTHMA,NO2,p05,Hospital Admissions,Asthma,570,10.232961324598502,10.188725159768584,0.0442361648299183,88374,0.0001667347,0.003324,,1.000147051822954,0.00014703020189488214,14.7350123778,0.0021664918448315216,UNIT_VALUE_ASTHMA_HA,UNIT_VALUE_ASTHMA_HA_2015_USD,11232.0,24.33403640114765,67488.74657603492
NO2_ASTHMA,NO2,p05,Hospital Admissions,Asthma,571,2.767987154596655,13.312756432978343,-10.544769278381688,88373,0.0001667347,0.003324,,0.9655563521175677,-0.03567233316511631,14.7348456431,-0.5256263229172257,UNIT_VALUE_ASTHMA_HA,UNIT_VALUE_ASTHMA_HA_2015_USD,11232.0,-5903.834859006279,-16373872.713013783
NO2_ASTHMA,NO2,p05,Hospital Admissions,Asthma,572,2.7695783423170166,13.06768453158599,-10.298106189268973,53982,0.0001667347,0.003324,,0.9663483442356149,-0.034823525041587144,9.0006725754,-0.31343514682056856,UNIT_VALUE_ASTHMA_HA,UNIT_VALUE_ASTHMA_HA_2015_USD,11232.0,-3520.503569088626,-9763870.213617468
NO2_ASTHMA,NO2,p05,Hospital Admissions,Asthma,573,2.8705511915393034,13.493334516385517,-10.62278332484621,26916,0.0001667347,0.003324,,0.9653059977709664,-0.03594093718380198,4.4878311852,-0.1612968587187808,UNIT_VALUE_ASTHMA_HA,UNIT_VALUE_ASTHMA_HA_2015_USD,11232.0,-1811.686317129346,-5024585.182516042
NO2_ASTHMA,NO2,p05,Hospital Admissions,Asthma,601,2.5862103381972097,12.814577596834456,-10.228367258637247,3938,0.0001667347,0.003324,,0.9665723815427838,-0.034583668119981814,0.6566012486,-0.022707679668748076,UNIT_VALUE_ASTHMA_HA,UNIT_VALUE_ASTHMA_HA_2015_USD,11232.0,-255.0526580393784,-707370.6933861532
NO2_ASTHMA,NO2,p05,Hospital Admissions,Asthma,602,2.5960539331680645,12.681687591007677,-10.085633657839612,54996,0.0001667347,0.003324,,0.9670310772202934,-0.03409292995471769,9.1697415612,-0.3126233567488552,UNIT_VALUE_ASTHMA_HA,UNIT_VALUE_ASTHMA_HA_2015_USD,11232.0,-3511.3855430031417,-9738582.006531203
NO2_ASTHMA,NO2,p05,Hospital Admissions,Asthma,603,2.794109195576956,13.444801467236566,-10.65069227165961,88373,0.0001667347,0.003324,,0.9652164511250757,-0.03603704519787221,14.7348456431,-0.531000298424065,UNIT_VALUE_ASTHMA_HA,UNIT_VALUE_ASTHMA_HA_2015_USD,11232.0,-5964.195351899099,-16541278.314817516
NO2_ASTHMA,NO2,p05,Hospital Admissions,Asthma,604,2.512915729929515,12.597052153661023,-10.084136423731508,88373,0.0001667347,0.003324,,0.9670358899585062,-0.034087783487444456,14.7348456431,-0.5022782280029071,UNIT_VALUE_ASTHMA_HA,UNIT_VALUE_ASTHMA_HA_2015_USD,11232.0,-5641.589056928653,-15646552.338157633
NO2_ASTHMA,NO2,p05,Hospital Admissions,Asthma,605,2.548504621325276,12.384050391915853,-9.835545770590574,88373,0.0001667347,0.003324,,0.9678352967756135,-0.0332336538371194,14.7348456431,-0.4896927594461724,UNIT_VALUE_ASTHMA_HA,UNIT_VALUE_ASTHMA_HA_2015_USD,11232.0,-5500.2290740994085,-15254500.320979523
NO2_ASTHMA,NO2,p05,Hospital Admissions,Asthma,606,12.68111290788349,12.663021973999324,0.0180909338841654,88374,0.0001667347,0.003324,,1.000060136072332,6.0132456202288687e-05,14.7350123778,0.0008860524864482402,UNIT_VALUE_ASTHMA_HA,UNIT_VALUE_ASTHMA_HA_2015_USD,11232.0,9.952141527786635,27601.567877409285
NO2_ASTHMA,NO2,p05,Hospital Admissions,Asthma,607,2.274154489675103,12.938359910453071,-10.664205420777968,88373,0.0001667347,0.003324,,0.9651730967883824,-0.03608358265217326,14.7348456431,-0.531686020629814,UNIT_VALUE_ASTHMA_HA,UNIT_VALUE_ASTHMA_HA_2015_USD,11232.0,-5971.89738371407,-16562639.360914113
NO2_ASTHMA,NO2,p05,Hospital Admissions,Asthma,608,2.50706858139227,12.525248465749057,-10.018179884356789,88374,0.0001667347,0.003324,,0.9672479257016283,-0.03386109541110027,14.7350123778,-0.4989436600084293,UNIT_VALUE_ASTHMA_HA,UNIT_VALUE_ASTHMA_HA_2015_USD,11232.0,-5604.135189214679,-15542676.657823665
NO2_ASTHMA,NO2,p05,Hospital Admissions,Asthma,609,2.600203518210704,13.069712832798771,-10.46950931458807,88374,0.0001667347,0.003324,,0.9657979298881529,-0.03541327751221002,14.7350123778,-0.521815082480881,UNIT_VALUE_ASTHMA_HA,UNIT_VALUE_ASTHMA_HA_2015_USD,11232.0,-5861.027006425255,-16255148.130429994
NO2_ASTHMA,NO2,p05,Hospital Admissions,Asthma,610,2.8472509259956995,13.919798403432624,-11.072547477436924,88373,0.0001667347,0.003324,,0.9638639280449727,-0.037490843783647865,14.7348456431,-0.5524217961816265,UNIT_VALUE_ASTHMA_HA,UNIT_VALUE_ASTHMA_HA_2015_USD,11232.0,-6204.801614712028,-17208582.94229078
NO2_ASTHMA,NO2,p05,Hospital Admissions,Asthma,611,16.71036472859156,16.70533323772496,0.0050314908665995,88374,0.0001667347,0.003324,,1.0000167248154987,1.672453578394073e-05,14.7350123778,0.0002464362417893257,UNIT_VALUE_ASTHMA_HA,UNIT_VALUE_ASTHMA_HA_2015_USD,11232.0,2.7679718677777063,7676.776217250724
NO2_ASTHMA,NO2,p05,Hospital Admissions,Asthma,612,2.569158696764425,12.170666011394372,-9.601507314629949,88373,0.0001667347,0.003324,,0.9685885112121603,-0.03243016866732096,14.7348456431,-0.47785352949267235,UNIT_VALUE_ASTHMA_HA,UNIT_VALUE_ASTHMA_HA_2015_USD,11232.0,-5367.250843261696,-14885694.506227285
NO2_ASTHMA,NO2,p05,Hospital Admissions,Asthma,613,2.568470566933535,12.358325884076118,-9.789855317142584,88373,0.0001667347,0.003324,,0.9679822979890361,-0.033076743322145497,14.7348456431,-0.4873807072282526,UNIT_VALUE_ASTHMA_HA,UNIT_VALUE_ASTHMA_HA_2015_USD,11232.0,-5474.260103587733,-15182477.199093327
NO2_ASTHMA,NO2,p05,Hospital Admissions,Asthma,614,2.632588223116746,13.41752213379477,-10.784933910678024,47718,0.0001667347,0.003324,,0.9647858490832082,-0.036499447986570566,7.9562464146,-0.29039860217803126,UNIT_VALUE_ASTHMA_HA,UNIT_VALUE_ASTHMA_HA_2015_USD,11232.0,-3261.7570996636473,-9046254.99292015
NO2_ASTHMA,NO2,p05,Hospital Admissions,Asthma,643,2.755621678455201,12.776591756029662,-10.02097007757446,2346,0.0001667347,0.003324,,0.9672389549034353,-0.03387068410601324,0.3911596062,-0.013248843456632738,UNIT_VALUE_ASTHMA_HA,UNIT_VALUE_ASTHMA_HA_2015_USD,11232.0,-148.8110097048989,-412716.9186458578
NO2_ASTHMA,NO2,p05,Hospital Admissions,Asthma,644,2.593474482165337,12.804183095924545,-10.210708613759206,26746,0.0001667347,0.003324,,0.9666291184313562,-0.03452294259746491,4.4594862862,-0.15395458907266457,UNIT_VALUE_ASTHMA_HA,UNIT_VALUE_ASTHMA_HA_2015_USD,11232.0,-1729.2179444641686,-4795864.923715259
NO2_ASTHMA,NO2,p05,Hospital Admissions,Asthma,645,2.7471492950309147,12.656589852379197,-9.909440557348285,69888,0.0001667347,0.003324,,0.9675976001940052,-0.033487474337987155,11.6527547136,-0.39022132443853885,UNIT_VALUE_ASTHMA_HA,UNIT_VALUE_ASTHMA_HA_2015_USD,11232.0,-4382.965916093668,-12155849.16067166
NO2_ASTHMA,NO2,p05,Hospital Admissions,Asthma,646,2.7192872161123334,13.071455788420971,-10.35216857230864,88373,0.0001667347,0.003324,,0.9661747037923956,-0.035009503017243704,14.7348456431,-0.5158596230007297,UNIT_VALUE_ASTHMA_HA,UNIT_VALUE_ASTHMA_HA_2015_USD,11232.0,-5794.135285544196,-16069628.62498684
NO2_ASTHMA,NO2,p05,Hospital Admissions,Asthma,647,2.579493478365788,13.294592800699338,-10.71509932233355,88374,0.0001667347,0.003324,,0.9650098309834408,-0.036258873115210255,14.7350123778,-0.5342749441577027,UNIT_VALUE_ASTHMA_HA,UNIT_VALUE_ASTHMA_HA_2015_USD,11232.0,-6000.976172779317,-16643287.346871339
NO2_ASTHMA,NO2,p05,Hospital Admissions,Asthma,648,2.726695663380354,12.577138542978156,-9.8504428795978,72285,0.0001667347,0.003324,,0.9677873727032987,-0.03328481875799061,12.0524177895,-0.40116254171908927,UNIT_VALUE_ASTHMA_HA,UNIT_VALUE_ASTHMA_HA_2015_USD,11232.0,-4505.857668588811,-12496680.833794266
NO2_ASTHMA,NO2,p05,Hospital Admissions,Asthma,649,2.5858028800897555,12.5460526772763,-9.960249797186544,78707,0.0001667347,0.003324,,0.967434196518279,-0.03366203468817086,13.1231880329,-0.4417532107828685,UNIT_VALUE_ASTHMA_HA,UNIT_VALUE_ASTHMA_HA_2015_USD,11232.0,-4961.772063513179,-13761127.494109355
NO2_ASTHMA,NO2,p05,Hospital Admissions,Asthma,650,2.4298545037931536,13.002309632380715,-10.572455128587563,88375,0.0001667347,0.003324,,0.9654674982120298,-0.03576764816207878,14.735179112500001,-0.5270427021011123,UNIT_VALUE_ASTHMA_HA,UNIT_VALUE_ASTHMA_HA_2015_USD,11232.0,-5919.7436299996925,-16417994.575750045
NO2_ASTHMA,NO2,p05,Hospital Admissions,Asthma,651,8.607685603150323,8.573727629601802,0.0339579735485209,88374,0.0001667347,0.003324,,1.000112882674845,0.0001128699337850092,14.7350123778,0.001663139871403577,UNIT_VALUE_ASTHMA_HA,UNIT_VALUE_ASTHMA_HA_2015_USD,11232.0,18.680387035604976,51808.745816157905
NO2_ASTHMA,NO2,p05,Hospital Admissions,Asthma,652,2.647149693097649,13.301773914341236,-10.654624221243584,88374,0.0001667347,0.003324,,0.9652038360211388,-0.03605058608376588,14.7350123778,-0.5312058321712346,UNIT_VALUE_ASTHMA_HA,UNIT_VALUE_ASTHMA_HA_2015_USD,11232.0,-5966.503906947308,-16547680.930644872
NO2_ASTHMA,NO2,p05,Hospital Admissions,Asthma,653,9.043805893882404,9.001683871660244,0.0421220222221609,88170,0.0001667347,0.003324,,1.0001400234042284,0.00014000380041956362,14.700998499,0.0020581956598223006,UNIT_VALUE_ASTHMA_HA,UNIT_VALUE_ASTHMA_HA_2015_USD,11232.0,23.11765365112408,64115.194165637055
NO2_ASTHMA,NO2,p05,Hospital Admissions,Asthma,654,2.580914553856964,12.491581409880448,-9.910666856023484,88374,0.0001667347,0.003324,,0.9675936560644538,-0.03349168706557504,14.7350123778,-0.49350042346465234,UNIT_VALUE_ASTHMA_HA,UNIT_VALUE_ASTHMA_HA_2015_USD,11232.0,-5542.996756354975,-15373113.493977578
NO2_ASTHMA,NO2,p05,Hospital Admissions,Asthma,655,2.7754965770850437,13.394203047947997,-10.618706470862952,28007,0.0001667347,0.003324,,0.9653190791677675,-0.03592689876401489,4.6697387429,-0.16776923107056646,UNIT_VALUE_ASTHMA_HA,UNIT_VALUE_ASTHMA_HA_2015_USD,11232.0,-1884.3840033846025,-5226207.126506958
NO2_ASTHMA,NO2,p05,Hospital Admissions,Asthma,686,2.6901203038963057,12.936855073282729,-10.24673476938642,17050,0.0001667347,0.003324,,0.9665133706151247,-0.034646835111616925,2.842826635,-0.0984949456737578,UNIT_VALUE_ASTHMA_HA,UNIT_VALUE_ASTHMA_HA_2015_USD,11232.0,-1106.2952298076475,-3068232.3792054234
NO2_ASTHMA,NO2,p05,Hospital Admissions,Asthma,687,2.615030196461016,13.012931382296085,-10.397901185835067,50211,0.0001667347,0.003324,,0.9660278417073688,-0.03516685216089477,8.3719160217,-0.2944139330385502,UNIT_VALUE_ASTHMA_HA,UNIT_VALUE_ASTHMA_HA_2015_USD,11232.0,-3306.8572958889954,-9171337.230137415
NO2_ASTHMA,NO2,p05,Hospital Admissions,Asthma,688,2.7599070887244608,13.285671022981656,-10.525763934257194,78804,0.0001667347,0.003324,,0.9656173518733312,-0.03560690791229604,13.1393612988,-0.4678520277927581,UNIT_VALUE_ASTHMA_HA,UNIT_VALUE_ASTHMA_HA_2015_USD,11232.0,-5254.913976168259,-14574136.068924334
NO2_ASTHMA,NO2,p05,Hospital Admissions,Asthma,689,2.6369016316373743,12.65512066244724,-10.018219030809863,15395,0.0001667347,0.003324,,0.9672477998406184,-0.033861229940020054,2.5668807065,-0.08691773783139764,UNIT_VALUE_ASTHMA_HA,UNIT_VALUE_ASTHMA_HA_2015_USD,11232.0,-976.2600313222583,-2707588.858670091
NO2_ASTHMA,NO2,p05,Hospital Admissions,Asthma,690,2.7395875597755914,12.736105743364728,-9.996518183589137,26719,0.0001667347,0.003324,,0.9673175734386261,-0.03378665648055401,4.4549844493,-0.1505190292147092,UNIT_VALUE_ASTHMA_HA,UNIT_VALUE_ASTHMA_HA_2015_USD,11232.0,-1690.6297361396137,-4688843.229101689
NO2_ASTHMA,NO2,p05,Hospital Admissions,Asthma,691,2.575366749384135,12.858187203280218,-10.282820453896084,18381,0.0001667347,0.003324,,0.9663974454340211,-0.034770947217154236,3.0647505207,-0.10656427858900566,UNIT_VALUE_ASTHMA_HA,UNIT_VALUE_ASTHMA_HA_2015_USD,11232.0,-1196.9299771117117,-3319601.506420934
NO2_ASTHMA,NO2,p05,Hospital Admissions,Asthma,692,2.4537491067132278,13.159809977353197,-10.70606087063997,28949,0.0001667347,0.003324,,0.9650388239942886,-0.03622774041463672,4.8268028303,-0.17486415996874222,UNIT_VALUE_ASTHMA_HA,UNIT_VALUE_ASTHMA_HA_2015_USD,11232.0,-1964.0742447689126,-5447222.432669445
NO2_ASTHMA,NO2,p05,Hospital Admissions,Asthma,693,2.791861819088502,13.649982184647625,-10.85812036555912,26275,0.0001667347,0.003324,,0.9645511724624747,-0.03675162972123647,4.3809542425,-0.16100720814603997,UNIT_VALUE_ASTHMA_HA,UNIT_VALUE_ASTHMA_HA_2015_USD,11232.0,-1808.4329618963209,-5015562.229512113
NO2_ASTHMA,NO2,p05,Hospital Admissions,Asthma,694,2.6065808782201865,12.76924822603621,-10.162667347816022,3451,0.0001667347,0.003324,,0.9667834909565204,-0.03435775367928118,0.5754014497,-0.019769501275493897,UNIT_VALUE_ASTHMA_HA,UNIT_VALUE_ASTHMA_HA_2015_USD,11232.0,-222.05103832634745,-615843.0112254418
NO2_ASTHMA,NO2,p05,Hospital Admissions,Asthma,695,2.7677559777103293,13.478275328891856,-10.710519351181526,34687,0.0001667347,0.003324,,0.9650245222351997,-0.03624309741247789,5.7835265389,-0.2096129157370038,UNIT_VALUE_ASTHMA_HA,UNIT_VALUE_ASTHMA_HA_2015_USD,11232.0,-2354.372269558027,-6529686.683560318
NO2_ASTHMA,NO2,p05,Hospital Admissions,Asthma,696,2.86933613092975,13.931937753943288,-11.062601623013538,8351,0.0001667347,0.003324,,0.9638957939325512,-0.03745654488245975,1.3924014797,-0.05215454851878642,UNIT_VALUE_ASTHMA_HA,UNIT_VALUE_ASTHMA_HA_2015_USD,11232.0,-585.799888963009,-1624674.9860466782
NO2_ASTHMA,NO2,p05,Hospital Admissions,Asthma,729,2.6856689521976405,12.919906124497585,-10.234237172299943,456,0.0001667347,0.003324,,0.9665535223598427,-0.03460385469238947,0.0760310232,-0.002630966478926493,UNIT_VALUE_ASTHMA_HA,UNIT_VALUE_ASTHMA_HA_2015_USD,11232.0,-29.55101549130237,-81957.67289404273
NO2_ASTHMA,NO2,p05,Hospital Admissions,Asthma,730,2.8160603390212087,12.791663979722111,-9.975603640700903,1632,0.0001667347,0.003324,,0.9673848236364224,-0.03371479019174228,0.2721110304,-0.009174166298794806,UNIT_VALUE_ASTHMA_HA,UNIT_VALUE_ASTHMA_HA_2015_USD,11232.0,-103.04423586806325,-285785.97508356266
NO2_ASTHMA,NO2,p50,Hospital Admissions,Asthma,0,14.231315473731026,12.808183926357923,1.423131547373103,66007,0.0001667347,0.003324,,1.0047416956914652,0.0047193181210638535,11.0056573429,0.05193919813256743,UNIT_VALUE_ASTHMA_HA,UNIT_VALUE_ASTHMA_HA_2015_USD,11232.0,583.3810734249973,1617966.5704690902
NO2_ASTHMA,NO2,p50,Hospital Admissions,Asthma,1,14.547154562062682,13.092439105856414,1.4547154562062676,35848,0.0001667347,0.003324,,1.0048471839481767,0.004823802092106755,5.9771055256,0.028832374139132123,UNIT_VALUE_ASTHMA_HA,UNIT_VALUE_ASTHMA_HA_2015_USD,11232.0,323.84522633073203,898162.0660624421
NO2_ASTHMA,NO2,p50,Hospital Admissions,Asthma,2,13.999116385567032,12.59920474701033,1.399911638556702,682,0.0001667347,0.003324,,1.004664149729023,0.004642496430554366,0.11371306540000001,0.0005279125002268952,UNIT_VALUE_ASTHMA_HA,UNIT_VALUE_ASTHMA_HA_2015_USD,11232.0,5.929513202548487,16445.08980134405
NO2_ASTHMA,NO2,p50,Hospital Admissions,Asthma,41,14.436909339412171,12.993218405470955,1.443690933941216,53333,0.0001667347,0.003324,,1.0048103614833235,0.004787332682579248,8.8924617551,0.04257117278877625,UNIT_VALUE_ASTHMA_HA,UNIT_VALUE_ASTHMA_HA_2015_USD,11232.0,478.1594127635348,1326141.6601407703
NO2_ASTHMA,NO2,p50,Hospital Admissions,Asthma,42,13.63419892837284,12.270779035535556,1.3634198928372854,88375,0.0001667347,0.003324,,1.0045422928022774,0.004521753673114359,14.735179112500001,0.06662885027594487,UNIT_VALUE_ASTHMA_HA,UNIT_VALUE_ASTHMA_HA_2015_USD,11232.0,748.3752462994128,2075566.3593441802
NO2_ASTHMA,NO2,p50,Hospital Admissions,Asthma,43,14.465433051011122,13.018889745910007,1.4465433051011125,64336,0.0001667347,0.003324,,1.004819888418615,0.004796768529532813,10.7270436592,0.05145514543937507,UNIT_VALUE_ASTHMA_HA,UNIT_VALUE_ASTHMA_HA_2015_USD,11232.0,577.9441935750608,1602887.7647868807
NO2_ASTHMA,NO2,p50,Hospital Admissions,Asthma,44,14.231405806193385,12.808265225574049,1.4231405806193376,8855,0.0001667347,0.003324,,1.0047417258603526,0.004719348005869151,1.4764357685,0.006967814199864362,UNIT_VALUE_ASTHMA_HA,UNIT_VALUE_ASTHMA_HA_2015_USD,11232.0,78.26248909287652,217055.5351248565
NO2_ASTHMA,NO2,p50,Hospital Admissions,Asthma,82,14.04676787451595,12.642091087064356,1.404676787451594,6180,0.0001667347,0.003324,,1.004680063087101,0.004658262126472801,1.030420446,0.004799968537945011,UNIT_VALUE_ASTHMA_HA,UNIT_VALUE_ASTHMA_HA_2015_USD,11232.0,53.913246618198365,149524.61556830988
NO2_ASTHMA,NO2,p50,Hospital Admissions,Asthma,83,14.249579367891377,12.824621431102235,1.4249579367891396,38621,0.0001667347,0.003324,,1.0047477954148472,0.004725360370546383,6.4394608487000005,0.030428773102131962,UNIT_VALUE_ASTHMA_HA,UNIT_VALUE_ASTHMA_HA_2015_USD,11232.0,341.7759794831462,947891.7547779422
NO2_ASTHMA,NO2,p50,Hospital Admissions,Asthma,84,14.293178804590218,12.863860924131195,1.4293178804590203,86400,0.0001667347,0.003324,,1.0047623567803212,0.004739784236724276,14.40587808,0.06828075383975578,UNIT_VALUE_ASTHMA_HA,UNIT_VALUE_ASTHMA_HA_2015_USD,11232.0,766.9294271281369,2127025.0810799887
NO2_ASTHMA,NO2,p50,Hospital Admissions,Asthma,85,14.249657614430946,12.824691852987852,1.4249657614430935,86293,0.0001667347,0.003324,,1.0047478215474834,0.004725386256793196,14.3880374671,0.06798903450925993,UNIT_VALUE_ASTHMA_HA,UNIT_VALUE_ASTHMA_HA_2015_USD,11232.0,763.6528356080075,2117937.6838603164
NO2_ASTHMA,NO2,p50,Hospital Admissions,Asthma,86,13.734657012329684,12.361191311096716,1.373465701232968,66266,0.0001667347,0.003324,,1.0045758373068996,0.004554994393620504,11.0488416302,0.05032741168156183,UNIT_VALUE_ASTHMA_HA,UNIT_VALUE_ASTHMA_HA_2015_USD,11232.0,565.2774880073025,1567757.5435640928
NO2_ASTHMA,NO2,p50,Hospital Admissions,Asthma,87,13.960250388059256,12.564225349253327,1.3960250388059272,22233,0.0001667347,0.003324,,1.0046511704988723,0.004629637266597486,3.7070125851,0.017162123611724846,UNIT_VALUE_ASTHMA_HA,UNIT_VALUE_ASTHMA_HA_2015_USD,11232.0,192.76497240689346,534620.1574224505
NO2_ASTHMA,NO2,p50,Hospital Admissions,Asthma,91,14.221301673565824,12.79917150620924,1.422130167356583,5057,0.0001667347,0.003324,,1.0047383513267087,0.00471600523703708,0.8431773779,0.003976428929927593,UNIT_VALUE_ASTHMA_HA,UNIT_VALUE_ASTHMA_HA_2015_USD,11232.0,44.663249740946725,123870.39672903386
NO2_ASTHMA,NO2,p50,Hospital Admissions,Asthma,125,14.597197944543492,13.137478150089144,1.4597197944543492,35539,0.0001667347,0.003324,,1.004863899137632,0.004840356133608004,5.9255845033,0.02868193929576069,UNIT_VALUE_ASTHMA_HA,UNIT_VALUE_ASTHMA_HA_2015_USD,11232.0,322.1555421699841,893475.8453204989
NO2_ASTHMA,NO2,p50,Hospital Admissions,Asthma,126,14.532173770060547,13.078956393054492,1.4532173770060552,87860,0.0001667347,0.003324,,1.0048421802082625,0.004818846485185269,14.649310742,0.0705927795794735,UNIT_VALUE_ASTHMA_HA,UNIT_VALUE_ASTHMA_HA_2015_USD,11232.0,792.8981002366464,2199047.378139322
NO2_ASTHMA,NO2,p50,Hospital Admissions,Asthma,127,14.281589690345305,12.853430721310776,1.4281589690345289,88375,0.0001667347,0.003324,,1.0047584862205479,0.004735950266463673,14.735179112500001,0.06978507544423433,UNIT_VALUE_ASTHMA_HA,UNIT_VALUE_ASTHMA_HA_2015_USD,11232.0,783.82596738964,2173886.452737449
NO2_ASTHMA,NO2,p50,Hospital Admissions,Asthma,128,14.312834533694687,12.88155108032522,1.4312834533694687,88366,0.0001667347,0.003324,,1.0047689214812856,0.004746286812150724,14.7336785002,0.06993026395996792,UNIT_VALUE_ASTHMA_HA,UNIT_VALUE_ASTHMA_HA_2015_USD,11232.0,785.4567247983597,2178409.2442575144
NO2_ASTHMA,NO2,p50,Hospital Admissions,Asthma,129,14.252301142954732,12.827071028659258,1.4252301142954753,69107,0.0001667347,0.003324,,1.0047487044287056,0.004726260813051386,11.5225349129,0.054458505225855734,UNIT_VALUE_ASTHMA_HA,UNIT_VALUE_ASTHMA_HA_2015_USD,11232.0,611.6779306968116,1696445.9233324581
NO2_ASTHMA,NO2,p50,Hospital Admissions,Asthma,130,14.21879661454665,12.796916953091984,1.421879661454664,48901,0.0001667347,0.003324,,1.0047375146999011,0.0047151764820049236,8.1534935647,0.03844516110245193,UNIT_VALUE_ASTHMA_HA,UNIT_VALUE_ASTHMA_HA_2015_USD,11232.0,431.81604950274004,1197611.5861723842
NO2_ASTHMA,NO2,p50,Hospital Admissions,Asthma,131,14.36140361464415,12.925263253179734,1.4361403614644157,49015,0.0001667347,0.003324,,1.0047851429659327,0.004762354419182491,8.1725013205,0.038920347779457916,UNIT_VALUE_ASTHMA_HA,UNIT_VALUE_ASTHMA_HA_2015_USD,11232.0,437.1533462588713,1212414.2051147413
NO2_ASTHMA,NO2,p50,Hospital Admissions,Asthma,132,14.457375794375452,13.011638214937909,1.4457375794375444,82710,0.0001667347,0.003324,,1.0048171972813331,0.004794103140717265,13.790627037,0.06611368839054213,UNIT_VALUE_ASTHMA_HA,UNIT_VALUE_ASTHMA_HA_2015_USD,11232.0,742.5889480025692,2059518.4660587653
NO2_ASTHMA,NO2,p50,Hospital Admissions,Asthma,133,14.13019366907388,12.717174302166493,1.41301936690739,71305,0.0001667347,0.003324,,1.0047079239890968,0.004685863300853188,11.8890177835,0.055710312114893565,UNIT_VALUE_ASTHMA_HA,UNIT_VALUE_ASTHMA_HA_2015_USD,11232.0,625.7382256744845,1735441.1672323854
NO2_ASTHMA,NO2,p50,Hospital Admissions,Asthma,134,14.070428166810249,12.663385350129223,1.4070428166810238,65679,0.0001667347,0.003324,,1.004687964606535,0.00466609014110253,10.9509683613,0.051098205506187655,UNIT_VALUE_ASTHMA_HA,UNIT_VALUE_ASTHMA_HA_2015_USD,11232.0,573.9350442454997,1591768.6697617962
NO2_ASTHMA,NO2,p50,Hospital Admissions,Asthma,135,14.196828290629218,12.777145461566295,1.419682829062921,27480,0.0001667347,0.003324,,1.004730177861203,0.004707908616094714,4.581869556,0.02157102316051446,UNIT_VALUE_ASTHMA_HA,UNIT_VALUE_ASTHMA_HA_2015_USD,11232.0,242.28573213889842,671962.518085985
NO2_ASTHMA,NO2,p50,Hospital Admissions,Asthma,136,14.32413122379342,12.891718101414078,1.4324131223793408,5922,0.0001667347,0.003324,,1.0047726944155526,0.004750024002522002,0.9874028934,0.004690187443809673,UNIT_VALUE_ASTHMA_HA,UNIT_VALUE_ASTHMA_HA_2015_USD,11232.0,52.68018536887025,146104.8065075858
NO2_ASTHMA,NO2,p50,Hospital Admissions,Asthma,166,13.977551193715644,12.57979607434408,1.3977551193715634,56,0.0001667347,0.003324,,1.0046569480511798,0.004635361413876993,0.0093371432,4.3281033305123946e-05,UNIT_VALUE_ASTHMA_HA,UNIT_VALUE_ASTHMA_HA_2015_USD,11232.0,0.48613256608315214,1348.2546427519965
NO2_ASTHMA,NO2,p50,Hospital Admissions,Asthma,167,14.349619690570815,12.914657721513736,1.4349619690570812,60657,0.0001667347,0.003324,,1.004781207253987,0.004758456089215435,10.113626697900001,0.04812524854467405,UNIT_VALUE_ASTHMA_HA,UNIT_VALUE_ASTHMA_HA_2015_USD,11232.0,540.542791653779,1499157.59465634
NO2_ASTHMA,NO2,p50,Hospital Admissions,Asthma,168,14.424199541828282,12.981779587645455,1.4424199541828262,88376,0.0001667347,0.003324,,1.0048061164330628,0.004783128162201056,14.7353458472,0.0704810477015147,UNIT_VALUE_ASTHMA_HA,UNIT_VALUE_ASTHMA_HA_2015_USD,11232.0,791.6431277834131,2195566.7998883515
NO2_ASTHMA,NO2,p50,Hospital Admissions,Asthma,169,14.332202526463105,12.898982273816792,1.4332202526463114,87552,0.0001667347,0.003324,,1.0047753901248428,0.004752694156103354,14.5979564544,0.06937962233187812,UNIT_VALUE_ASTHMA_HA,UNIT_VALUE_ASTHMA_HA_2015_USD,11232.0,779.2719180316551,2161256.115626533
NO2_ASTHMA,NO2,p50,Hospital Admissions,Asthma,170,14.045750810539078,12.641175729485168,1.4045750810539095,88376,0.0001667347,0.003324,,1.004679723432894,0.004657925629178217,14.7353458472,0.06863614507647768,UNIT_VALUE_ASTHMA_HA,UNIT_VALUE_ASTHMA_HA_2015_USD,11232.0,770.9211814989973,2138095.932404764
NO2_ASTHMA,NO2,p50,Hospital Admissions,Asthma,171,14.451037530910474,13.005933777819427,1.4451037530910469,88376,0.0001667347,0.003324,,1.0048150802957294,0.004792006400135218,14.7353458472,0.0706118716079883,UNIT_VALUE_ASTHMA_HA,UNIT_VALUE_ASTHMA_HA_2015_USD,11232.0,793.1125419009246,2199642.117084281
NO2_ASTHMA,NO2,p50,Hospital Admissions,Asthma,172,14.506329203743634,13.05569628336927,1.450632920374364,88376,0.0001667347,0.003324,,1.0048335479136163,0.004810297112046502,14.7353458472,0.07088139157379257,UNIT_VALUE_ASTHMA_HA,UNIT_VALUE_ASTHMA_HA_2015_USD,11232.0,796.1397901568381,2208037.9782146793
NO2_ASTHMA,NO2,p50,Hospital Admissions,Asthma,173,14.474983700569984,13.027485330512985,1.4474983700569997,88377,0.0001667347,0.003324,,1.0048230783609828,0.004799927932437553,14.7355125819,0.07072939844064682,UNIT_VALUE_ASTHMA_HA,UNIT_VALUE_ASTHMA_HA_2015_USD,11232.0,794.4326032853451,2203303.2149296743
NO2_ASTHMA,NO2,p50,Hospital Admissions,Asthma,174,14.517799158446284,13.066019242601657,1.451779915844627,88377,0.0001667347,0.003324,,1.00483737896231,0.004814091377955632,14.7355125819,0.07093810407028152,UNIT_VALUE_ASTHMA_HA,UNIT_VALUE_ASTHMA_HA_2015_USD,11232.0,796.776784917402,2209804.63859347
NO2_ASTHMA,NO2,p50,Hospital Admissions,Asthma,175,14.419176779218576,12.977259101296715,1.4419176779218592,88377,0.0001667347,0.003324,,1.0048044388440418,0.00478146658027212,14.7355125819,0.07045736095353419,UNIT_VALUE_ASTHMA_HA,UNIT_VALUE_ASTHMA_HA_2015_USD,11232.0,791.377078230096,2194828.930075695
NO2_ASTHMA,NO2,p50,Hospital Admissions,Asthma,176,14.43721399831799,12.993492598486192,1.443721399831798,88377,0.0001667347,0.003324,,1.0048104632390875,0.00478743346638788,14.7355125819,0.07054528607896775,UNIT_VALUE_ASTHMA_HA,UNIT_VALUE_ASTHMA_HA_2015_USD,11232.0,792.3646532389657,2197567.9002325446
NO2_ASTHMA,NO2,p50,Hospital Admissions,Asthma,177,14.358521540396213,12.922669386356592,1.4358521540396207,84182,0.0001667347,0.003324,,1.0047841803807398,0.004761400979588326,14.0360605154,0.06683131228758658,UNIT_VALUE_ASTHMA_HA,UNIT_VALUE_ASTHMA_HA_2015_USD,11232.0,750.6492996141725,2081873.2870289343
NO2_ASTHMA,NO2,p50,Hospital Admissions,Asthma,178,13.992112609031755,12.592901348128583,1.399211260903174,32375,0.0001667347,0.003324,,1.0046618108180265,0.0046401791805252834,5.3980359125,0.0250478538569103,UNIT_VALUE_ASTHMA_HA,UNIT_VALUE_ASTHMA_HA_2015_USD,11232.0,281.3374945208165,780269.8474288681
NO2_ASTHMA,NO2,p50,Hospital Admissions,Asthma,208,14.440477852469986,12.996430067222986,1.4440477852469993,46725,0.0001667347,0.003324,,1.0048115533636952,0.004788513177011233,7.7906788575,0.03730576836700157,UNIT_VALUE_ASTHMA_HA,UNIT_VALUE_ASTHMA_HA_2015_USD,11232.0,419.01839029816165,1162118.1742046303
NO2_ASTHMA,NO2,p50,Hospital Admissions,Asthma,209,14.144741839769344,12.73026765579241,1.4144741839769337,21680,0.0001667347,0.003324,,1.0047127825794187,0.004690676441200914,3.614808296,0.01695589611350482,UNIT_VALUE_ASTHMA_HA,UNIT_VALUE_ASTHMA_HA_2015_USD,11232.0,190.44862514688614,528195.9304411284
NO2_ASTHMA,NO2,p50,Hospital Admissions,Asthma,210,14.32397375500596,12.891576379505365,1.4323973755005976,27561,0.0001667347,0.003324,,1.0047726418231138,0.004749971908524442,4.5953750667,0.021827902475958633,UNIT_VALUE_ASTHMA_HA,UNIT_VALUE_ASTHMA_HA_2015_USD,11232.0,245.17100060996736,679964.6082217017
NO2_ASTHMA,NO2,p50,Hospital Admissions,Asthma,211,14.25271483064996,12.827443347584964,1.4252714830649946,88377,0.0001667347,0.003324,,1.0047488425914983,0.004726397672924709,14.7355125819,0.06964589237644493,UNIT_VALUE_ASTHMA_HA,UNIT_VALUE_ASTHMA_HA_2015_USD,11232.0,782.2626631722295,2169550.737921756
NO2_ASTHMA,NO2,p50,Hospital Admissions,Asthma,212,14.70019519294552,13.230175673650969,1.4700195192945529,88377,0.0001667347,0.003324,,1.0048983025337586,0.004874426119944708,14.7355125819,0.07182716741998725,UNIT_VALUE_ASTHMA_HA,UNIT_VALUE_ASTHMA_HA_2015_USD,11232.0,806.7627444612968,2237499.9983712942
NO2_ASTHMA,NO2,p50,Hospital Admissions,Asthma,213,14.313176861298048,12.881859175168245,1.4313176861298036,88376,0.0001667347,0.003324,,1.0047690358136416,0.00474640006176108,14.7353458472,0.06993984643922095,UNIT_VALUE_ASTHMA_HA,UNIT_VALUE_ASTHMA_HA_2015_USD,11232.0,785.5643552053298,2178707.7496571178
NO2_ASTHMA,NO2,p50,Hospital Admissions,Asthma,214,14.00333279068847,12.602999511619624,1.4003332790688443,88377,0.0001667347,0.003324,,1.004665557800032,0.0046438914560269495,14.7355125819,0.06843012097926303,UNIT_VALUE_ASTHMA_HA,UNIT_VALUE_ASTHMA_HA_2015_USD,11232.0,768.6071188390823,2131678.041601876
NO2_ASTHMA,NO2,p50,Hospital Admissions,Asthma,215,14.744613554219285,13.270152198797357,1.47446135542193,88376,0.0001667347,0.003324,,1.0049131396283657,0.0048891187055059016,14.7353458472,0.07204285501364423,UNIT_VALUE_ASTHMA_HA,UNIT_VALUE_ASTHMA_HA_2015_USD,11232.0,809.1853475132519,2244218.918353678
NO2_ASTHMA,NO2,p50,Hospital Admissions,Asthma,216,14.603945969202671,13.143551372282404,1.460394596920267,88376,0.0001667347,0.003324,,1.0048661530934935,0.004842588317372387,14.7353458472,0.07135721365209244,UNIT_VALUE_ASTHMA_HA,UNIT_VALUE_ASTHMA_HA_2015_USD,11232.0,801.4842237403022,2222860.3906480665
NO2_ASTHMA,NO2,p50,Hospital Admissions,Asthma,217,14.28766927407662,12.85890234666896,1.428766927407661,88377,0.0001667347,0.003324,,1.004760516692436,0.00473796154740147,14.7355125819,0.06981629199429276,UNIT_VALUE_ASTHMA_HA,UNIT_VALUE_ASTHMA_HA_2015_USD,11232.0,784.1765916798963,2174858.884662775
NO2_ASTHMA,NO2,p50,Hospital Admissions,Asthma,218,14.32137367490897,12.889236307418072,1.432137367490899,76565,0.0001667347,0.003324,,1.0047717734320296,0.004749111746770729,12.766042305500001,0.06062736147282213,UNIT_VALUE_ASTHMA_HA,UNIT_VALUE_ASTHMA_HA_2015_USD,11232.0,680.9665240627382,1888612.98683132
NO2_ASTHMA,NO2,p50,Hospital Admissions,Asthma,219,14.496806018633896,13.047125416770507,1.4496806018633883,5064,0.0001667347,0.003324,,1.004830367111292,0.004807146827357833,0.8443445208,0.00405888808436069,UNIT_VALUE_ASTHMA_HA,UNIT_VALUE_ASTHMA_HA_2015_USD,11232.0,45.58943096353927,126439.09551720871
NO2_ASTHMA,NO2,p50,Hospital Admissions,Asthma,251,14.277684364504616,12.849915928054156,1.427768436450462,80,0.0001667347,0.003324,,1.0047571819139498,0.0047346582831963024,0.013338776,6.315454627610004e-05,UNIT_VALUE_ASTHMA_HA,UNIT_VALUE_ASTHMA_HA_2015_USD,11232.0,0.7093518637731556,1967.3377395443829
NO2_ASTHMA,NO2,p50,Hospital Admissions,Asthma,252,14.343817057023198,12.909435351320878,1.4343817057023198,28607,0.0001667347,0.003324,,1.0047792692384943,0.0047565364700610235,4.7697795629,0.02268763044508558,UNIT_VALUE_ASTHMA_HA,UNIT_VALUE_ASTHMA_HA_2015_USD,11232.0,254.82746515920124,706746.1366964835
NO2_ASTHMA,NO2,p50,Hospital Admissions,Asthma,253,14.095382427716356,12.685844184944722,1.4095382427716334,77148,0.0001667347,0.003324,,1.004696298323135,0.004674346198919155,12.8632486356,0.06012727736556887,UNIT_VALUE_ASTHMA_HA,UNIT_VALUE_ASTHMA_HA_2015_USD,11232.0,675.3495793700695,1873034.7839123316
NO2_ASTHMA,NO2,p50,Hospital Admissions,Asthma,254,13.786390966650416,12.407751869985374,1.3786390966650437,88376,0.0001667347,0.003324,,1.0045931125096257,0.004572112283500962,14.7353458472,0.06737165574961801,UNIT_VALUE_ASTHMA_HA,UNIT_VALUE_ASTHMA_HA_2015_USD,11232.0,756.7184373797095,2098705.6157820076
NO2_ASTHMA,NO2,p50,Hospital Admissions,Asthma,255,13.851712063738953,12.466540857365056,1.3851712063738937,88376,0.0001667347,0.003324,,1.0046149252081278,0.004593725508479474,14.7353458472,0.06769013409454971,UNIT_VALUE_ASTHMA_HA,UNIT_VALUE_ASTHMA_HA_2015_USD,11232.0,760.2955861499823,2108626.5874959454
NO2_ASTHMA,NO2,p50,Hospital Admissions,Asthma,256,14.039881224745864,12.635893102271275,1.403988122474587,88376,0.0001667347,0.003324,,1.0046777632541124,0.004655983664813457,14.7353458472,0.06860752955994,UNIT_VALUE_ASTHMA_HA,UNIT_VALUE_ASTHMA_HA_2015_USD,11232.0,770.5997720172461,2137204.5257057906
NO2_ASTHMA,NO2,p50,Hospital Admissions,Asthma,257,13.946329554999368,12.55169659949943,1.3946329554999384,88377,0.0001667347,0.003324,,1.0046465217024279,0.004625031393682755,14.7355125819,0.06815220829329473,UNIT_VALUE_ASTHMA_HA,UNIT_VALUE_ASTHMA_HA_2015_USD,11232.0,765.4856035502863,2123020.7374544707
NO2_ASTHMA,NO2,p50,Hospital Admissions,Asthma,258,14.297736831801217,12.867963148621094,1.429773683180121,88376,0.0001667347,0.003324,,1.0047638790851103,0.0047412921426355226,14.7353458472,0.06986457948434634,UNIT_VALUE_ASTHMA_HA,UNIT_VALUE_ASTHMA_HA_2015_USD,11232.0,784.718956768178,2176363.096269568
NO2_ASTHMA,NO2,p50,Hospital Admissions,Asthma,259,14.140810381882863,12.72672934369458,1.4140810381882858,45742,0.0001667347,0.003324,,1.0047114696049326,0.0046893757536033975,7.6267786474,0.03576483086721768,UNIT_VALUE_ASTHMA_HA,UNIT_VALUE_ASTHMA_HA_2015_USD,11232.0,401.71058030058896,1114116.1747230624
NO2_ASTHMA,NO2,p50,Hospital Admissions,Asthma,294,14.174367438154402,12.756930694338962,1.4174367438154398,10391,0.0001667347,0.003324,,1.0047226765863946,0.0047004777501789,1.7325402677,0.008143766979612844,UNIT_VALUE_ASTHMA_HA,UNIT_VALUE_ASTHMA_HA_2015_USD,11232.0,91.47079071501146,253687.83509273423
NO2_ASTHMA,NO2,p50,Hospital Admissions,Asthma,295,14.54877495201531,13.093897456813778,1.454877495201531,58101,0.0001667347,0.003324,,1.0048477251767216,0.00482433811139793,9.6874528047,0.046735547768082975,UNIT_VALUE_ASTHMA_HA,UNIT_VALUE_ASTHMA_HA_2015_USD,11232.0,524.933672531108,1455866.7954079506
NO2_ASTHMA,NO2,p50,Hospital Admissions,Asthma,296,14.353180205824035,12.917862185241637,1.435318020582402,88049,0.0001667347,0.003324,,1.0047823964285927,0.0047596339720831216,14.6808236003,0.06987534674614752,UNIT_VALUE_ASTHMA_HA,UNIT_VALUE_ASTHMA_HA_2015_USD,11232.0,784.839894652729,2176698.509026718
NO2_ASTHMA,NO2,p50,Hospital Admissions,Asthma,297,14.38365324314934,12.945287918834406,1.438365324314935,88376,0.0001667347,0.003324,,1.0047925741597756,0.004769714947170267,14.7353458472,0.07028339933911316,UNIT_VALUE_ASTHMA_HA,UNIT_VALUE_ASTHMA_HA_2015_USD,11232.0,789.423141376919,2189409.8229889884
NO2_ASTHMA,NO2,p50,Hospital Admissions,Asthma,298,14.83771484404525,13.353943359640724,1.4837714844045244,88375,0.0001667347,0.003324,,1.004944239024603,0.00491991379482104,14.735179112500001,0.07249581098474761,UNIT_VALUE_ASTHMA_HA,UNIT_VALUE_ASTHMA_HA_2015_USD,11232.0,814.2729489806852,2258329.0248915018
NO2_ASTHMA,NO2,p50,Hospital Admissions,Asthma,299,14.200896034253718,12.780806430828346,1.4200896034253727,88375,0.0001667347,0.003324,,1.0047315363758609,0.00470925436751779,14.735179112500001,0.06939170659169754,UNIT_VALUE_ASTHMA_HA,UNIT_VALUE_ASTHMA_HA_2015_USD,11232.0,779.4076484379467,2161632.5544072543
NO2_ASTHMA,NO2,p50,Hospital Admissions,Asthma,300,14.22139682603271,12.79925714342944,1.4221396826032695,65052,0.0001667347,0.003324,,1.004738383105257,0.004716036716555516,10.8464257044,0.05115214186534193,UNIT_VALUE_ASTHMA_HA,UNIT_VALUE_ASTHMA_HA_2015_USD,11232.0,574.5408574315205,1593448.850226302
NO2_ASTHMA,NO2,p50,Hospital Admissions,Asthma,301,14.148079284739936,12.733271356265943,1.4148079284739945,35569,0.0001667347,0.003324,,1.0047138971749492,0.004691780603616413,5.9305865443,0.027825010916615232,UNIT_VALUE_ASTHMA_HA,UNIT_VALUE_ASTHMA_HA_2015_USD,11232.0,312.5305226154223,866781.5273372906
NO2_ASTHMA,NO2,p50,Hospital Admissions,Asthma,302,14.114863759260006,12.703377383334006,1.4114863759259997,32382,0.0001667347,0.003324,,1.0047028043501294,0.00468079150348466,5.3992030554,0.025272543787304737,UNIT_VALUE_ASTHMA_HA,UNIT_VALUE_ASTHMA_HA_2015_USD,11232.0,283.8612118190068,787269.200695188
NO2_ASTHMA,NO2,p50,Hospital Admissions,Asthma,303,14.40108746155277,12.960978715397491,1.4401087461552784,24978,0.0001667347,0.003324,,1.0047983970844556,0.004775482423517663,4.1646993366,0.019888448481168972,UNIT_VALUE_ASTHMA_HA,UNIT_VALUE_ASTHMA_HA_2015_USD,11232.0,223.3870533404899,619548.3553461148
NO2_ASTHMA,NO2,p50,Hospital Admissions,Asthma,304,14.270502007909949,12.843451807118951,1.4270502007909958,8201,0.0001667347,0.003324,,1.0047547831441122,0.004732282168623647,1.3673912747,0.00647088134679437,UNIT_VALUE_ASTHMA_HA,UNIT_VALUE_ASTHMA_HA_2015_USD,11232.0,72.68093928719436,201575.49744728344
NO2_ASTHMA,NO2,p50,Hospital Admissions,Asthma,337,14.451706260400025,13.006535634360024,1.4451706260400012,12381,0.0001667347,0.003324,,1.00481530365176,0.004792227620598499,2.0643423207000002,0.009892798287628946,UNIT_VALUE_ASTHMA_HA,UNIT_VALUE_ASTHMA_HA_2015_USD,11232.0,111.11591036664832,308172.19928817346
NO2_ASTHMA,NO2,p50,Hospital Admissions,Asthma,338,14.24227126952044,12.818044142568397,1.4242271269520437,74381,0.0001667347,0.003324,,1.004745354672512,0.0047229426346129255,12.4018937207,0.058573432603432354,UNIT_VALUE_ASTHMA_HA,UNIT_VALUE_ASTHMA_HA_2015_USD,11232.0,657.8967950017523,1824630.7081617096
NO2_ASTHMA,NO2,p50,Hospital Admissions,Asthma,339,14.273825371531894,12.846442834378704,1.4273825371531892,88375,0.0001667347,0.003324,,1.0047558930833358,0.0047333816263981365,14.735179112500001,0.0697472260727931,UNIT_VALUE_ASTHMA_HA,UNIT_VALUE_ASTHMA_HA_2015_USD,11232.0,783.4008432496121,2172707.4006937714
NO2_ASTHMA,NO2,p50,Hospital Admissions,Asthma,340,14.441067006662523,12.996960305996272,1.4441067006662518,88377,0.0001667347,0.003324,,1.0048117501408378,0.004788708074087933,14.7355125819,0.07056406807676885,UNIT_VALUE_ASTHMA_HA,UNIT_VALUE_ASTHMA_HA_2015_USD,11232.0,792.5756126382677,2198152.9813593505
NO2_ASTHMA,NO2,p50,Hospital Admissions,Asthma,341,14.53295291012053,13.079657619108476,1.4532952910120525,88375,0.0001667347,0.003324,,1.00484244044851,0.004819104223293347,14.735179112500001,0.07101036389203266,UNIT_VALUE_ASTHMA_HA,UNIT_VALUE_ASTHMA_HA_2015_USD,11232.0,797.5884072353109,2212055.6162786284
NO2_ASTHMA,NO2,p50,Hospital Admissions,Asthma,342,14.225167481564846,12.80265073340836,1.4225167481564842,88375,0.0001667347,0.003324,,1.004739642410873,0.004717284170753011,14.735179112500001,0.06951002718060666,UNIT_VALUE_ASTHMA_HA,UNIT_VALUE_ASTHMA_HA_2015_USD,11232.0,780.736625292574,2165318.3786851834
NO2_ASTHMA,NO2,p50,Hospital Admissions,Asthma,343,14.35470836616389,12.919237529547502,1.435470836616389,88375,0.0001667347,0.003324,,1.0047829068184877,0.004760139514745632,14.735179112500001,0.07014150835026572,UNIT_VALUE_ASTHMA_HA,UNIT_VALUE_ASTHMA_HA_2015_USD,11232.0,787.8294217901846,2184989.7532755514
NO2_ASTHMA,NO2,p50,Hospital Admissions,Asthma,344,14.114186227090212,12.70276760438119,1.4114186227090215,88377,0.0001667347,0.003324,,1.004702578079335,0.004680567345935138,14.7355125819,0.06897055901645752,UNIT_VALUE_ASTHMA_HA,UNIT_VALUE_ASTHMA_HA_2015_USD,11232.0,774.6773188728508,2148513.3164815307
NO2_ASTHMA,NO2,p50,Hospital Admissions,Asthma,345,14.220569657611351,12.79851269185022,1.4220569657611346,86300,0.0001667347,0.003324,,1.0047381068516896,0.0047157630624126146,14.38920461,0.0678560795973353,UNIT_VALUE_ASTHMA_HA,UNIT_VALUE_ASTHMA_HA_2015_USD,11232.0,762.1594860372702,2113795.983360346
NO2_ASTHMA,NO2,p50,Hospital Admissions,Asthma,346,14.390398925612924,12.95135903305163,1.4390398925612915,33933,0.0001667347,0.003324,,1.0047948271733729,0.004771946514555037,5.6578085751,0.026998759909968043,UNIT_VALUE_ASTHMA_HA,UNIT_VALUE_ASTHMA_HA_2015_USD,11232.0,303.25007130876105,841042.8452698571
NO2_ASTHMA,NO2,p50,Hospital Admissions,Asthma,347,14.471987616908716,13.024788855217846,1.4471987616908706,2135,0.0001667347,0.003324,,1.004822077659977,0.004798936813974586,0.35597858450000003,0.001708318734143613,UNIT_VALUE_ASTHMA_HA,UNIT_VALUE_ASTHMA_HA_2015_USD,11232.0,19.18783602190106,53216.12005822105
NO2_ASTHMA,NO2,p50,Hospital Admissions,Asthma,348,14.33581075294516,12.902229677650643,1.4335810752945155,32334,0.0001667347,0.003324,,1.0047765952275292,0.0047538878296100595,5.3911997898,0.02562915906772653,UNIT_VALUE_ASTHMA_HA,UNIT_VALUE_ASTHMA_HA_2015_USD,11232.0,287.8667146487044,798378.1824081561
NO2_ASTHMA,NO2,p50,Hospital Admissions,Asthma,349,14.334249414404796,12.900824472964318,1.433424941440478,30021,0.0001667347,0.003324,,1.0047760737597338,0.0047533713077604345,5.0055424287,0.02379320176036006,UNIT_VALUE_ASTHMA_HA,UNIT_VALUE_ASTHMA_HA_2015_USD,11232.0,267.2452421723642,741185.9719981
NO2_ASTHMA,NO2,p50,Hospital Admissions,Asthma,350,14.605591911106965,13.145032719996268,1.4605591911106952,41325,0.0001667347,0.003324,,1.0048667028670593,0.0048431327788786005,6.8903114775,0.033370693373363694,UNIT_VALUE_ASTHMA_HA,UNIT_VALUE_ASTHMA_HA_2015_USD,11232.0,374.819627969621,1039536.000799786
NO2_ASTHMA,NO2,p50,Hospital Admissions,Asthma,351,14.030592734346488,12.62753346091184,1.403059273434648,31973,0.0001667347,0.003324,,1.0046746613221254,0.004652910541183108,5.3310085631,0.024804705938385407,UNIT_VALUE_ASTHMA_HA,UNIT_VALUE_ASTHMA_HA_2015_USD,11232.0,278.6064570999449,772695.5063147002
NO2_ASTHMA,NO2,p50,Hospital Admissions,Asthma,352,14.554681198482095,13.099213078633886,1.4554681198482091,11823,0.0001667347,0.003324,,1.0048496979322137,0.0048262918744897965,1.9713043581,0.009514090205644353,UNIT_VALUE_ASTHMA_HA,UNIT_VALUE_ASTHMA_HA_2015_USD,11232.0,106.86226118979738,296375.0010516197
NO2_ASTHMA,NO2,p50,Hospital Admissions,Asthma,353,14.477699845815035,13.029929861233532,1.4477699845815035,30,0.0001667347,0.003324,,1.004823985562572,0.004800826445112372,0.0050020410000000005,2.4013930712336334e-05,UNIT_VALUE_ASTHMA_HA,UNIT_VALUE_ASTHMA_HA_2015_USD,11232.0,0.2697244697609617,748.061936169144
NO2_ASTHMA,NO2,p50,Hospital Admissions,Asthma,360,14.111210004962835,12.700089004466552,1.4111210004962835,26038,0.0001667347,0.003324,,1.0047015841313487,0.004679582679680605,4.3414381186,0.020316118624705712,UNIT_VALUE_ASTHMA_HA,UNIT_VALUE_ASTHMA_HA_2015_USD,11232.0,228.19064439269457,632870.7788780308
NO2_ASTHMA,NO2,p50,Hospital Admissions,Asthma,361,14.1499359920569,12.734942392851211,1.4149935992056886,20956,0.0001667347,0.003324,,1.0047145172539265,0.004692394877315098,3.4940923732,0.016395661152869435,UNIT_VALUE_ASTHMA_HA,UNIT_VALUE_ASTHMA_HA_2015_USD,11232.0,184.1560660690295,510743.9583178284
NO2_ASTHMA,NO2,p50,Hospital Admissions,Asthma,379,14.042352764251609,12.638117487826449,1.4042352764251618,54999,0.0001667347,0.003324,,1.0046785886371516,0.004656801379133713,9.1702417653,0.04270399449963861,UNIT_VALUE_ASTHMA_HA,UNIT_VALUE_ASTHMA_HA_2015_USD,11232.0,479.65126621994085,1330279.2112723705
NO2_ASTHMA,NO2,p50,Hospital Admissions,Asthma,380,14.428223250971032,12.98540092587393,1.4428223250971026,88376,0.0001667347,0.003324,,1.0048074603429695,0.00478445924488724,14.7353458472,0.07050066166524684,UNIT_VALUE_ASTHMA_HA,UNIT_VALUE_ASTHMA_HA_2015_USD,11232.0,791.8634318240524,2196177.797723782
NO2_ASTHMA,NO2,p50,Hospital Admissions,Asthma,381,14.420360278122226,12.978324250310006,1.44203602781222,88376,0.0001667347,0.003324,,1.0048048341291975,0.0047818580942253774,14.7353458472,0.07046233281064362,UNIT_VALUE_ASTHMA_HA,UNIT_VALUE_ASTHMA_HA_2015_USD,11232.0,791.4329221291492,2194983.809220646
NO2_ASTHMA,NO2,p50,Hospital Admissions,Asthma,382,14.108278417463652,12.697450575717289,1.4108278417463644,88375,0.0001667347,0.003324,,1.0047006050906369,0.004678612779587921,14.735179112500001,0.06894019730525949,UNIT_VALUE_ASTHMA_HA,UNIT_VALUE_ASTHMA_HA_2015_USD,11232.0,774.3362961326746,2147567.513783244
NO2_ASTHMA,NO2,p50,Hospital Admissions,Asthma,383,14.23561881441528,12.812056932973752,1.423561881441529,88376,0.0001667347,0.003324,,1.0047431329056022,0.004720741799832728,14.7353458472,0.06956176307586864,UNIT_VALUE_ASTHMA_HA,UNIT_VALUE_ASTHMA_HA_2015_USD,11232.0,781.3177228681566,2166930.012134231
NO2_ASTHMA,NO2,p50,Hospital Admissions,Asthma,384,14.18009909558287,12.762089186024584,1.418009909558286,88377,0.0001667347,0.003324,,1.0047245907888045,0.00470237399593787,14.7355125819,0.06929189118194186,UNIT_VALUE_ASTHMA_HA,UNIT_VALUE_ASTHMA_HA_2015_USD,11232.0,778.2865217555709,2158523.188032553
NO2_ASTHMA,NO2,p50,Hospital Admissions,Asthma,385,14.138434359262552,12.724590923336295,1.413843435926255,88376,0.0001667347,0.003324,,1.004710676094256,0.004688589666995702,14.7353458472,0.06908799027878994,UNIT_VALUE_ASTHMA_HA,UNIT_VALUE_ASTHMA_HA_2015_USD,11232.0,775.9963068113685,2152171.437199854
NO2_ASTHMA,NO2,p50,Hospital Admissions,Asthma,386,14.121708219430726,12.709537397487653,1.4121708219430733,88376,0.0001667347,0.003324,,1.0047050901506336,0.00468305595020746,14.7353458472,0.06900644904809473,UNIT_VALUE_ASTHMA_HA,UNIT_VALUE_ASTHMA_HA_2015_USD,11232.0,775.0804357082001,2149631.3328061933
NO2_ASTHMA,NO2,p50,Hospital Admissions,Asthma,387,14.047344890226224,12.642610401203603,1.404734489022621,88291,0.0001667347,0.003324,,1.0046802557847776,0.004658453033021703,14.7211733977,0.06857789486415397,UNIT_VALUE_ASTHMA_HA,UNIT_VALUE_ASTHMA_HA_2015_USD,11232.0,770.2669151141774,2136281.370385113
NO2_ASTHMA,NO2,p50,Hospital Admissions,Asthma,388,14.227033999383828,12.804330599445445,1.4227033999383831,86731,0.0001667347,0.003324,,1.0047402657822082,0.004717901674337388,14.4610672657,0.06822589346555162,UNIT_VALUE_ASTHMA_HA,UNIT_VALUE_ASTHMA_HA_2015_USD,11232.0,766.3132354050758,2125316.116469499
NO2_ASTHMA,NO2,p50,Hospital Admissions,Asthma,389,14.092076385626044,12.68286874706344,1.409207638562604,88377,0.0001667347,0.003324,,1.004695194234455,0.0046732524066991354,14.7355125819,0.06886276963730957,UNIT_VALUE_ASTHMA_HA,UNIT_VALUE_ASTHMA_HA_2015_USD,11232.0,773.4666285662611,2145155.551664525
NO2_ASTHMA,NO2,p50,Hospital Admissions,Asthma,390,14.167711164576476,12.750940048118828,1.4167711164576478,88377,0.0001667347,0.003324,,1.0047204535943806,0.004698275602425639,14.7355125819,0.0692314992527768,UNIT_VALUE_ASTHMA_HA,UNIT_VALUE_ASTHMA_HA_2015_USD,11232.0,777.608199607189,2156641.909036566
NO2_ASTHMA,NO2,p50,Hospital Admissions,Asthma,391,14.071982031223513,12.66478382810116,1.407198203122352,88376,0.0001667347,0.003324,,1.004688483532555,0.004666604235444072,14.7353458472,0.06876402734127673,UNIT_VALUE_ASTHMA_HA,UNIT_VALUE_ASTHMA_HA_2015_USD,11232.0,772.3575550972203,2142079.6140332837
NO2_ASTHMA,NO2,p50,Hospital Admissions,Asthma,392,14.228580854888651,12.805722769399786,1.4228580854888655,88377,0.0001667347,0.003324,,1.0047407823944359,0.004718413423149714,14.7355125819,0.06952824036342846,UNIT_VALUE_ASTHMA_HA,UNIT_VALUE_ASTHMA_HA_2015_USD,11232.0,780.9411957620284,2165885.7405622825
NO2_ASTHMA,NO2,p50,Hospital Admissions,Asthma,393,14.34499256414503,12.910493307730528,1.4344992564145027,88376,0.0001667347,0.003324,,1.004779661844583,0.004756925349990171,14.7353458472,0.07009494020141807,UNIT_VALUE_ASTHMA_HA,UNIT_VALUE_ASTHMA_HA_2015_USD,11232.0,787.3063683423278,2183539.101151662
NO2_ASTHMA,NO2,p50,Hospital Admissions,Asthma,394,14.14950160156035,12.734551441404315,1.4149501601560353,65713,0.0001667347,0.003324,,1.0047143721818002,0.004692251163445071,10.9566373411,0.05141129431122219,UNIT_VALUE_ASTHMA_HA,UNIT_VALUE_ASTHMA_HA_2015_USD,11232.0,577.4516577036476,1601521.7510250271
NO2_ASTHMA,NO2,p50,Hospital Admissions,Asthma,395,14.49919199878787,13.049272798909085,1.4499191998787868,29100,0.0001667347,0.003324,,1.0048311640423742,0.004807936114300748,4.85197977,0.023328008762039637,UNIT_VALUE_ASTHMA_HA,UNIT_VALUE_ASTHMA_HA_2015_USD,11232.0,262.0201944152292,726694.667797029
NO2_ASTHMA,NO2,p50,Hospital Admissions,Asthma,396,14.229002290152714,12.806102061137445,1.422900229015271,7120,0.0001667347,0.003324,,1.0047409231436404,0.004718552847242319,1.187151064,0.005601635033143948,UNIT_VALUE_ASTHMA_HA,UNIT_VALUE_ASTHMA_HA_2015_USD,11232.0,62.917564692272826,174497.4614444902
NO2_ASTHMA,NO2,p50,Hospital Admissions,Asthma,397,14.548967586668216,13.094070828001398,1.4548967586668198,2535,0.0001667347,0.003324,,1.0048477895188905,0.004824401834243597,0.4226724645,0.0020391418130180617,UNIT_VALUE_ASTHMA_HA,UNIT_VALUE_ASTHMA_HA_2015_USD,11232.0,22.90364084381887,63521.64462547257
NO2_ASTHMA,NO2,p50,Hospital Admissions,Asthma,398,14.014041685877324,12.612637517289592,1.4014041685877316,10141,0.0001667347,0.003324,,1.004669134050849,0.0046474345559148755,1.6908565927,0.007858145358010464,UNIT_VALUE_ASTHMA_HA,UNIT_VALUE_ASTHMA_HA_2015_USD,11232.0,88.26268866117353,244790.3886135585
NO2_ASTHMA,NO2,p50,Hospital Admissions,Asthma,400,13.77056893383712,12.393512040453407,1.3770568933837133,7025,0.0001667347,0.003324,,1.0045878291235137,0.004566877071879971,1.1713112675,0.005349234571580417,UNIT_VALUE_ASTHMA_HA,UNIT_VALUE_ASTHMA_HA_2015_USD,11232.0,60.08260270799124,166634.89282842414
NO2_ASTHMA,NO2,p50,Hospital Admissions,Asthma,401,13.649462118853016,12.284515906967716,1.3649462118853002,87066,0.0001667347,0.003324,,1.0045473893449737,0.004526804203770718,14.5169233902,0.06571526982857483,UNIT_VALUE_ASTHMA_HA,UNIT_VALUE_ASTHMA_HA_2015_USD,11232.0,738.1139107145525,2047107.2633930612
NO2_ASTHMA,NO2,p50,Hospital Admissions,Asthma,402,14.244093754882778,12.8196843793945,1.4244093754882794,76970,0.0001667347,0.003324,,1.004745963341539,0.004723545567433818,12.833569859,0.0606199520218317,UNIT_VALUE_ASTHMA_HA,UNIT_VALUE_ASTHMA_HA_2015_USD,11232.0,680.8833011092137,1888382.1737953264
NO2_ASTHMA,NO2,p50,Hospital Admissions,Asthma,403,14.490479723453811,13.041431751108432,1.4490479723453795,682,0.0001667347,0.003324,,1.0048282540954074,0.004805054073398818,0.11371306540000001,0.0005463974280989362,UNIT_VALUE_ASTHMA_HA,UNIT_VALUE_ASTHMA_HA_2015_USD,11232.0,6.137135912407251,17020.916853547642
NO2_ASTHMA,NO2,p50,Hospital Admissions,Asthma,420,14.138928569771394,12.725035712794256,1.4138928569771387,45834,0.0001667347,0.003324,,1.0047108411436916,0.0046887531723346365,7.6421182398,0.03583200614021864,UNIT_VALUE_ASTHMA_HA,UNIT_VALUE_ASTHMA_HA_2015_USD,11232.0,402.4650929669358,1116208.7627872888
NO2_ASTHMA,NO2,p50,Hospital Admissions,Asthma,421,14.120036269732214,12.708032642758992,1.412003626973222,88376,0.0001667347,0.003324,,1.0047045317798267,0.004682502796610755,14.7353458472,0.06899829813854066,UNIT_VALUE_ASTHMA_HA,UNIT_VALUE_ASTHMA_HA_2015_USD,11232.0,774.9888846920887,2149377.4224715796
NO2_ASTHMA,NO2,p50,Hospital Admissions,Asthma,422,14.61368448519844,13.152316036678595,1.4613684485198437,88378,0.0001667347,0.003324,,1.0048694059336154,0.004845809719016492,14.7356793166,0.07140629804869057,UNIT_VALUE_ASTHMA_HA,UNIT_VALUE_ASTHMA_HA_2015_USD,11232.0,802.0355396828925,2224389.4268227243
NO2_ASTHMA,NO2,p50,Hospital Admissions,Asthma,423,14.272892498516622,12.84560324866496,1.4272892498516612,88378,0.0001667347,0.003324,,1.0047555815216533,0.004733073007120003,14.7356793166,0.069745046014976,UNIT_VALUE_ASTHMA_HA,UNIT_VALUE_ASTHMA_HA_2015_USD,11232.0,783.3763568402104,2172639.4893513448
NO2_ASTHMA,NO2,p50,Hospital Admissions,Asthma,424,14.179378364808978,12.76144052832808,1.4179378364808972,88378,0.0001667347,0.003324,,1.0047243500860497,0.004702135551552078,14.7356793166,0.06928916159085549,UNIT_VALUE_ASTHMA_HA,UNIT_VALUE_ASTHMA_HA_2015_USD,11232.0,778.2558629884888,2158438.1580881644
NO2_ASTHMA,NO2,p50,Hospital Admissions,Asthma,425,14.203667480338062,12.783300732304255,1.4203667480338051,88377,0.0001667347,0.003324,,1.0047324619637927,0.00471017125747375,14.7355125819,0.06940678782740818,UNIT_VALUE_ASTHMA_HA,UNIT_VALUE_ASTHMA_HA_2015_USD,11232.0,779.5770408774487,2162102.352480742
NO2_ASTHMA,NO2,p50,Hospital Admissions,Asthma,426,14.179311139534668,12.7613800255812,1.4179311139534665,88377,0.0001667347,0.003324,,1.0047243276348,0.004702113310943057,14.7355125819,0.06928804985492089,UNIT_VALUE_ASTHMA_HA,UNIT_VALUE_ASTHMA_HA_2015_USD,11232.0,778.2433759704714,2158403.5262177843
NO2_ASTHMA,NO2,p50,Hospital Admissions,Asthma,427,14.436175398727253,12.992557858854529,1.443617539872724,88377,0.0001667347,0.003324,,1.0048101163479248,0.004787089888592666,14.7355125819,0.0705402232840435,UNIT_VALUE_ASTHMA_HA,UNIT_VALUE_ASTHMA_HA_2015_USD,11232.0,792.3077879263766,2197410.1882686503
NO2_ASTHMA,NO2,p50,Hospital Admissions,Asthma,428,14.521839300588256,13.06965537052943,1.4521839300588244,88377,0.0001667347,0.003324,,1.0048387284027895,0.004815427855254684,14.7355125819,0.07095779774833712,UNIT_VALUE_ASTHMA_HA,UNIT_VALUE_ASTHMA_HA_2015_USD,11232.0,796.9979843093225,2210418.1196230045
NO2_ASTHMA,NO2,p50,Hospital Admissions,Asthma,429,13.875222452550307,12.487700207295278,1.387522245255029,88376,0.0001667347,0.003324,,1.0046227761570088,0.004601504432034109,14.7353458472,0.0678047592234462,UNIT_VALUE_ASTHMA_HA,UNIT_VALUE_ASTHMA_HA_2015_USD,11232.0,761.5830555977477,2112197.2938864613
NO2_ASTHMA,NO2,p50,Hospital Admissions,Asthma,430,14.325375506975147,12.892837956277631,1.4325375506975142,88378,0.0001667347,0.003324,,1.0047731099893533,0.004750435637557837,14.7356793166,0.07000089616920056,UNIT_VALUE_ASTHMA_HA,UNIT_VALUE_ASTHMA_HA_2015_USD,11232.0,786.2500657724607,2180609.519915316
NO2_ASTHMA,NO2,p50,Hospital Admissions,Asthma,431,13.82914694520684,12.446232250686156,1.382914694520684,88377,0.0001667347,0.003324,,1.0046073899760697,0.004586259290984773,14.7355125819,0.0675808814861619,UNIT_VALUE_ASTHMA_HA,UNIT_VALUE_ASTHMA_HA_2015_USD,11232.0,759.0684608525704,2105223.241382344
NO2_ASTHMA,NO2,p50,Hospital Admissions,Asthma,432,14.303107358406514,12.872796622565865,1.430310735840651,88377,0.0001667347,0.003324,,1.0047656727540557,0.004743068840113773,14.7355125819,0.06989155057031435,UNIT_VALUE_ASTHMA_HA,UNIT_VALUE_ASTHMA_HA_2015_USD,11232.0,785.0218960057707,2177203.2770392844
NO2_ASTHMA,NO2,p50,Hospital Admissions,Asthma,433,14.091095022882367,12.681985520594134,1.409109502288235,88376,0.0001667347,0.003324,,1.004694866497937,0.004672927726108278,14.7353458472,0.06885720616317535,UNIT_VALUE_ASTHMA_HA,UNIT_VALUE_ASTHMA_HA_2015_USD,11232.0,773.4041396247856,2144982.2429595687
NO2_ASTHMA,NO2,p50,Hospital Admissions,Asthma,434,13.876326046438656,12.48869344179479,1.3876326046438656,88374,0.0001667347,0.003324,,1.0046231446874792,0.00460186957858455,14.7350123778,0.06780860520146462,UNIT_VALUE_ASTHMA_HA,UNIT_VALUE_ASTHMA_HA_2015_USD,11232.0,761.6262536228505,2112317.1005852222
NO2_ASTHMA,NO2,p50,Hospital Admissions,Asthma,435,14.362656543291596,12.926390888962436,1.4362656543291583,88373,0.0001667347,0.003324,,1.0047855614323875,0.004762768909184256,14.7348456431,0.07017866471058577,UNIT_VALUE_ASTHMA_HA,UNIT_VALUE_ASTHMA_HA_2015_USD,11232.0,788.2467620292994,2186147.2172149196
NO2_ASTHMA,NO2,p50,Hospital Admissions,Asthma,436,14.491355521257844,13.04221996913206,1.4491355521257852,88373,0.0001667347,0.003324,,1.0048285466162181,0.004805343789722527,14.7348456431,0.07080599900359062,UNIT_VALUE_ASTHMA_HA,UNIT_VALUE_ASTHMA_HA_2015_USD,11232.0,795.2929808083298,2205689.411763246
NO2_ASTHMA,NO2,p50,Hospital Admissions,Asthma,437,14.857156289296508,13.371440660366856,1.4857156289296505,87523,0.0001667347,0.003324,,1.0049507333333245,0.004926344316306341,14.5931211481,0.0718907394251123,UNIT_VALUE_ASTHMA_HA,UNIT_VALUE_ASTHMA_HA_2015_USD,11232.0,807.4767852228614,2239480.34044064
NO2_ASTHMA,NO2,p50,Hospital Admissions,Asthma,438,14.37660632623274,12.938945693609464,1.437660632623274,83412,0.0001667347,0.003324,,1.0047902205412464,0.004767383721814178,13.9076747964,0.06630322243264267,UNIT_VALUE_ASTHMA_HA,UNIT_VALUE_ASTHMA_HA_2015_USD,11232.0,744.7177943634424,2065422.672421402
NO2_ASTHMA,NO2,p50,Hospital Admissions,Asthma,439,14.409311423759496,12.968380281383547,1.4409311423759483,83452,0.0001667347,0.003324,,1.0048011438503617,0.004778203010362803,13.9143441844,0.06648556126912424,UNIT_VALUE_ASTHMA_HA,UNIT_VALUE_ASTHMA_HA_2015_USD,11232.0,746.7658241748034,2071102.7397411247
NO2_ASTHMA,NO2,p50,Hospital Admissions,Asthma,440,14.47700169947472,13.02930152952725,1.4477001699474703,77384,0.0001667347,0.003324,,1.004823752379283,0.004800595495340287,12.9025980248,0.06194015395604137,UNIT_VALUE_ASTHMA_HA,UNIT_VALUE_ASTHMA_HA_2015_USD,11232.0,695.7118092342566,1929508.0030845643
NO2_ASTHMA,NO2,p50,Hospital Admissions,Asthma,441,13.52274422738668,12.170469804648013,1.3522744227386685,85838,0.0001667347,0.003324,,1.0045050776682523,0.004484872967202791,14.3121731786,0.06418827859062798,UNIT_VALUE_ASTHMA_HA,UNIT_VALUE_ASTHMA_HA_2015_USD,11232.0,720.9627451299334,1999539.7062257112
NO2_ASTHMA,NO2,p50,Hospital Admissions,Asthma,442,19.228234976011237,17.305411478410115,1.9228234976011187,88372,0.0001667347,0.003324,,1.0064119343061362,0.006371083338312045,14.7346789084,0.09387586728868515,UNIT_VALUE_ASTHMA_HA,UNIT_VALUE_ASTHMA_HA_2015_USD,11232.0,1054.4137413865117,2924342.702773593
NO2_ASTHMA,NO2,p50,Hospital Admissions,Asthma,443,14.16290766428594,12.746616897857344,1.4162907664285953,88316,0.0001667347,0.003324,,1.0047188493750943,0.004696686419319418,14.7253417652,0.06916031268845187,UNIT_VALUE_ASTHMA_HA,UNIT_VALUE_ASTHMA_HA_2015_USD,11232.0,776.8086321166913,2154424.3645713953
NO2_ASTHMA,NO2,p50,Hospital Admissions,Asthma,444,13.874553240808584,12.487097916727723,1.3874553240808591,45597,0.0001667347,0.003324,,1.0046225526827328,0.004601283009612711,7.6026021159,0.034981723944736316,UNIT_VALUE_ASTHMA_HA,UNIT_VALUE_ASTHMA_HA_2015_USD,11232.0,392.9147233472783,1089721.481173042
NO2_ASTHMA,NO2,p50,Hospital Admissions,Asthma,445,14.363493467567254,12.92714412081053,1.4363493467567243,57394,0.0001667347,0.003324,,1.0047858409573682,0.0047630457778030655,9.5695713718,0.04558030651783708,UNIT_VALUE_ASTHMA_HA,UNIT_VALUE_ASTHMA_HA_2015_USD,11232.0,511.95800280834607,1419879.6837287513
NO2_ASTHMA,NO2,p50,Hospital Admissions,Asthma,446,13.843987490139757,12.45958874112578,1.3843987490139753,8084,0.0001667347,0.003324,,1.0046123457136704,0.004591169652005123,1.3478833148,0.006188360969353827,UNIT_VALUE_ASTHMA_HA,UNIT_VALUE_ASTHMA_HA_2015_USD,11232.0,69.50767040778219,192774.65833905534
NO2_ASTHMA,NO2,p50,Hospital Admissions,Asthma,461,14.42214030495052,12.979926274455469,1.4422140304950517,22921,0.0001667347,0.003324,,1.0048054286532198,0.0047824469456347884,3.8217260587,0.018277202116482694,UNIT_VALUE_ASTHMA_HA,UNIT_VALUE_ASTHMA_HA_2015_USD,11232.0,205.28953417233362,569356.1527595752
NO2_ASTHMA,NO2,p50,Hospital Admissions,Asthma,462,14.434973522912104,12.991476170620894,1.4434973522912102,74661,0.0001667347,0.003324,,1.0048097149228257,0.004786692297451545,12.4485794367,0.05958751930386558,UNIT_VALUE_ASTHMA_HA,UNIT_VALUE_ASTHMA_HA_2015_USD,11232.0,669.2870168210181,1856220.6910619163
NO2_ASTHMA,NO2,p50,Hospital Admissions,Asthma,463,14.202574057906018,12.782316652115416,1.4202574057906023,80098,0.0001667347,0.003324,,1.0047320967902122,0.004709809515720309,13.3551160006,0.06290005242317444,UNIT_VALUE_ASTHMA_HA,UNIT_VALUE_ASTHMA_HA_2015_USD,11232.0,706.4933888170953,1959409.9593469964
NO2_ASTHMA,NO2,p50,Hospital Admissions,Asthma,464,14.327973301496336,12.895175971346704,1.4327973301496346,82755,0.0001667347,0.003324,,1.00477397761824,0.00475129504205174,13.7981300985,0.06555898712658793,UNIT_VALUE_ASTHMA_HA,UNIT_VALUE_ASTHMA_HA_2015_USD,11232.0,736.3585434058357,2042238.8750380469
NO2_ASTHMA,NO2,p50,Hospital Admissions,Asthma,465,13.842929710317216,12.458636739285494,1.3842929710317229,88371,0.0001667347,0.003324,,1.0046119924859909,0.004590819660213463,14.7345121737,0.06764348817067657,UNIT_VALUE_ASTHMA_HA,UNIT_VALUE_ASTHMA_HA_2015_USD,11232.0,759.7716591330393,2107173.512589345
NO2_ASTHMA,NO2,p50,Hospital Admissions,Asthma,466,14.229958708402345,12.806962837562113,1.4229958708402322,88371,0.0001667347,0.003324,,1.0047412425643203,0.004718869260526892,14.7345121737,0.06953023656533222,UNIT_VALUE_ASTHMA_HA,UNIT_VALUE_ASTHMA_HA_2015_USD,11232.0,780.9636171018115,2165947.924578677
NO2_ASTHMA,NO2,p50,Hospital Admissions,Asthma,467,14.228188764847506,12.805369888362751,1.4228188764847527,88369,0.0001667347,0.003324,,1.004740651445845,0.004718283707365822,14.7341787043,0.06952003532191516,UNIT_VALUE_ASTHMA_HA,UNIT_VALUE_ASTHMA_HA_2015_USD,11232.0,780.849036735751,2165630.143954034
NO2_ASTHMA,NO2,p50,Hospital Admissions,Asthma,468,13.76836113388415,12.391525020495733,1.3768361133884175,60568,0.0001667347,0.003324,,1.0045870918841975,0.004566146550413985,10.0987873096,0.046112542837094574,UNIT_VALUE_ASTHMA_HA,UNIT_VALUE_ASTHMA_HA_2015_USD,11232.0,517.9360811462462,1436459.4655334337
NO2_ASTHMA,NO2,p50,Hospital Admissions,Asthma,469,14.232726642959872,12.809453978663884,1.423272664295986,37663,0.0001667347,0.003324,,1.004742166988427,0.004719784979902886,6.2797290061,0.029638970640851258,UNIT_VALUE_ASTHMA_HA,UNIT_VALUE_ASTHMA_HA_2015_USD,11232.0,332.9049182380413,923288.4873889309
NO2_ASTHMA,NO2,p50,Hospital Admissions,Asthma,470,14.566705360942432,13.110034824848189,1.4566705360942436,14834,0.0001667347,0.003324,,1.0048537141552676,0.004830269408266918,2.4733425398,0.011946910806161143,UNIT_VALUE_ASTHMA_HA,UNIT_VALUE_ASTHMA_HA_2015_USD,11232.0,134.18770217480196,372160.198842661
NO2_ASTHMA,NO2,p50,Hospital Admissions,Asthma,471,14.095358597743193,12.685822737968872,1.4095358597743193,56261,0.0001667347,0.003324,,1.004696290364852,0.00467433831486197,9.3806609567,0.04384838292863255,UNIT_VALUE_ASTHMA_HA,UNIT_VALUE_ASTHMA_HA_2015_USD,11232.0,492.5050370544008,1365928.2449177867
NO2_ASTHMA,NO2,p50,Hospital Admissions,Asthma,472,14.016620529432489,12.614958476489242,1.4016620529432462,87172,0.0001667347,0.003324,,1.004669995261233,0.004648287779330684,14.5345972684,0.06756099086019687,UNIT_VALUE_ASTHMA_HA,UNIT_VALUE_ASTHMA_HA_2015_USD,11232.0,758.8450493417313,2104603.6251958376
NO2_ASTHMA,NO2,p50,Hospital Admissions,Asthma,473,14.55414449766113,13.098730047895016,1.4554144497661134,88375,0.0001667347,0.003324,,1.0048495186676938,0.004826114336128451,14.735179112500001,0.07111365916025676,UNIT_VALUE_ASTHMA_HA,UNIT_VALUE_ASTHMA_HA_2015_USD,11232.0,798.7486196880039,2215273.3843013006
NO2_ASTHMA,NO2,p50,Hospital Admissions,Asthma,474,13.971596915256166,12.57443722373055,1.3971596915256157,88372,0.0001667347,0.003324,,1.004654959633946,0.004633391384084806,14.7346789084,0.06827153430143668,UNIT_VALUE_ASTHMA_HA,UNIT_VALUE_ASTHMA_HA_2015_USD,11232.0,766.8258732737368,2126737.8817135794
NO2_ASTHMA,NO2,p50,Hospital Admissions,Asthma,475,14.06818374511835,12.661365370606516,1.4068183745118343,88373,0.0001667347,0.003324,,1.004687215063608,0.004665347576171985,14.7348456431,0.06874317640630492,UNIT_VALUE_ASTHMA_HA,UNIT_VALUE_ASTHMA_HA_2015_USD,11232.0,772.123357395617,2141430.0831017257
NO2_ASTHMA,NO2,p50,Hospital Admissions,Asthma,476,14.610206702590803,13.149186032331723,1.4610206702590798,88372,0.0001667347,0.003324,,1.0048682442902421,0.004844659305241139,14.7346789084,0.07138449928332041,UNIT_VALUE_ASTHMA_HA,UNIT_VALUE_ASTHMA_HA_2015_USD,11232.0,801.7906959502549,2223710.369869315
NO2_ASTHMA,NO2,p50,Hospital Admissions,Asthma,477,15.105471667148349,13.594924500433514,1.510547166714835,88373,0.0001667347,0.003324,,1.0050336854219952,0.005008474337734881,14.7348456431,0.07379909627395097,UNIT_VALUE_ASTHMA_HA,UNIT_VALUE_ASTHMA_HA_2015_USD,11232.0,828.9114493490173,2298927.880968045
NO2_ASTHMA,NO2,p50,Hospital Admissions,Asthma,478,14.375177047176653,12.937659342458987,1.4375177047176653,88371,0.0001667347,0.003324,,1.0047897431732042,0.004766910894291154,14.7345121737,0.07023810660287617,UNIT_VALUE_ASTHMA_HA,UNIT_VALUE_ASTHMA_HA_2015_USD,11232.0,788.9144133635052,2187998.9014547463
NO2_ASTHMA,NO2,p50,Hospital Admissions,Asthma,479,14.695064034831072,13.225557631347966,1.4695064034831056,88373,0.0001667347,0.003324,,1.004896588583733,0.004872728835346396,14.7348456431,0.07179890724951157,UNIT_VALUE_ASTHMA_HA,UNIT_VALUE_ASTHMA_HA_2015_USD,11232.0,806.445326226514,2236619.6611164007
NO2_ASTHMA,NO2,p50,Hospital Admissions,Asthma,480,14.522677784217052,13.070410005795347,1.4522677784217048,88373,0.0001667347,0.003324,,1.0048390084633982,0.004815705225056921,14.7348456431,0.07095867315388388,UNIT_VALUE_ASTHMA_HA,UNIT_VALUE_ASTHMA_HA_2015_USD,11232.0,797.0078168644237,2210445.3895262987
NO2_ASTHMA,NO2,p50,Hospital Admissions,Asthma,481,13.36129834069843,12.025168506628589,1.3361298340698422,88374,0.0001667347,0.003324,,1.0044511727386753,0.004431447599925642,14.7350123778,0.06529743523647644,UNIT_VALUE_ASTHMA_HA,UNIT_VALUE_ASTHMA_HA_2015_USD,11232.0,733.4207925761033,2034091.228754342
NO2_ASTHMA,NO2,p50,Hospital Admissions,Asthma,482,11.05156050536026,9.946404454824236,1.105156050536026,88374,0.0001667347,0.003324,,1.003680294425241,0.0036667995233965467,14.7350123778,0.05403033636415926,UNIT_VALUE_ASTHMA_HA,UNIT_VALUE_ASTHMA_HA_2015_USD,11232.0,606.8687380422367,1683107.9641484804
NO2_ASTHMA,NO2,p50,Hospital Admissions,Asthma,483,15.266676435963925,13.740008792367536,1.5266676435963902,88373,0.0001667347,0.003324,,1.0050875410573905,0.005061788998038996,14.7348456431,0.07458467956404642,UNIT_VALUE_ASTHMA_HA,UNIT_VALUE_ASTHMA_HA_2015_USD,11232.0,837.7351208633694,2323399.7162560946
NO2_ASTHMA,NO2,p50,Hospital Admissions,Asthma,484,15.079329114090218,13.571396202681196,1.5079329114090214,88373,0.0001667347,0.003324,,1.0050249519336625,0.0049998280380945115,14.7348456431,0.07367169438336613,UNIT_VALUE_ASTHMA_HA,UNIT_VALUE_ASTHMA_HA_2015_USD,11232.0,827.4804713139683,2294959.163556299
NO2_ASTHMA,NO2,p50,Hospital Admissions,Asthma,485,19.577644492160925,17.619880042944832,1.9577644492160928,88373,0.0001667347,0.003324,,1.006528829523419,0.006486480398688821,14.7348456431,0.09557728744167353,UNIT_VALUE_ASTHMA_HA,UNIT_VALUE_ASTHMA_HA_2015_USD,11232.0,1073.524092544877,2977343.923986738
NO2_ASTHMA,NO2,p50,Hospital Admissions,Asthma,486,15.126862415182863,13.614176173664578,1.512686241518287,88372,0.0001667347,0.003324,,1.0050408315229835,0.00501554898555201,14.7346789084,0.07390250385146022,UNIT_VALUE_ASTHMA_HA,UNIT_VALUE_ASTHMA_HA_2015_USD,11232.0,830.0729232596011,2302149.1475558756
NO2_ASTHMA,NO2,p50,Hospital Admissions,Asthma,487,14.469943562972588,13.022949206675328,1.4469943562972605,66848,0.0001667347,0.003324,,1.004821394940351,0.004798260630823115,11.1458812256,0.053480843080626964,UNIT_VALUE_ASTHMA_HA,UNIT_VALUE_ASTHMA_HA_2015_USD,11232.0,600.6968294816021,1665990.6077891595
NO2_ASTHMA,NO2,p50,Hospital Admissions,Asthma,488,18.489373708736647,16.640436337862983,1.848937370873664,6168,0.0001667347,0.003324,,1.0061647924159087,0.006127020605746214,1.0284196296,0.00630114826191309,UNIT_VALUE_ASTHMA_HA,UNIT_VALUE_ASTHMA_HA_2015_USD,11232.0,70.77449727780782,196288.11398519055
NO2_ASTHMA,NO2,p50,Hospital Admissions,Asthma,503,14.165680835818533,12.74911275223668,1.4165680835818524,110,0.0001667347,0.003324,,1.0047197755275843,0.004697603891698043,0.018340817,8.615789331612163e-05,UNIT_VALUE_ASTHMA_HA,UNIT_VALUE_ASTHMA_HA_2015_USD,11232.0,0.9677254577266782,2683.918816222901
NO2_ASTHMA,NO2,p50,Hospital Admissions,Asthma,504,14.33103092874169,12.897927835867522,1.433103092874168,585,0.0001667347,0.003324,,1.004774998826113,0.004752306567830211,0.0975397995,0.0004635390297886919,UNIT_VALUE_ASTHMA_HA,UNIT_VALUE_ASTHMA_HA_2015_USD,11232.0,5.206470382586588,14439.781153177119
NO2_ASTHMA,NO2,p50,Hospital Admissions,Asthma,505,14.504621774970811,13.054159597473731,1.45046217749708,30061,0.0001667347,0.003324,,1.0048329776211773,0.004809732292643032,5.0122118167,0.024107397032348987,UNIT_VALUE_ASTHMA_HA,UNIT_VALUE_ASTHMA_HA_2015_USD,11232.0,270.7742834673438,750973.5209968353
NO2_ASTHMA,NO2,p50,Hospital Admissions,Asthma,506,14.275958061904392,12.848362255713951,1.427595806190439,71500,0.0001667347,0.003324,,1.0047566053613506,0.004734087176903823,11.92153105,0.05643756727286577,UNIT_VALUE_ASTHMA_HA,UNIT_VALUE_ASTHMA_HA_2015_USD,11232.0,633.9067556088283,1758096.0132081928
NO2_ASTHMA,NO2,p50,Hospital Admissions,Asthma,507,14.569492741494292,13.112543467344862,1.45694927414943,36518,0.0001667347,0.003324,,1.0048546451780833,0.004831191457768447,6.0888177746,0.029416244420556202,UNIT_VALUE_ASTHMA_HA,UNIT_VALUE_ASTHMA_HA_2015_USD,11232.0,330.40325733168726,916350.3059814214
NO2_ASTHMA,NO2,p50,Hospital Admissions,Asthma,508,14.27807081215918,12.85026373094326,1.427807081215919,32087,0.0001667347,0.003324,,1.0047573109802432,0.004734786130196955,5.3500163189,0.02533118306305509,UNIT_VALUE_ASTHMA_HA,UNIT_VALUE_ASTHMA_HA_2015_USD,11232.0,284.51984816423476,789095.8824941335
NO2_ASTHMA,NO2,p50,Hospital Admissions,Asthma,509,14.505022905858132,13.05452061527232,1.4505022905858134,423,0.0001667347,0.003324,,1.0048331116015026,0.004809864987231127,0.0705287781,0.0003392339003753835,UNIT_VALUE_ASTHMA_HA,UNIT_VALUE_ASTHMA_HA_2015_USD,11232.0,3.8102751690163075,10567.531462004898
NO2_ASTHMA,NO2,p50,Hospital Admissions,Asthma,513,14.279714806470349,12.851743325823316,1.4279714806470327,29744,0.0001667347,0.003324,,1.0047578600438,0.00473533000636861,4.9593569168,0.023484191620414752,UNIT_VALUE_ASTHMA_HA,UNIT_VALUE_ASTHMA_HA_2015_USD,11232.0,263.7744402804985,731559.9459071428
NO2_ASTHMA,NO2,p50,Hospital Admissions,Asthma,514,14.497032562376926,13.047329306139234,1.449703256237692,78902,0.0001667347,0.003324,,1.0048304427781767,0.004807221768501901,13.1557012994,0.06324237366638444,UNIT_VALUE_ASTHMA_HA,UNIT_VALUE_ASTHMA_HA_2015_USD,11232.0,710.3383410208301,1970073.6651374006
NO2_ASTHMA,NO2,p50,Hospital Admissions,Asthma,515,14.223574149547972,12.801216734593174,1.4223574149547975,84667,0.0001667347,0.003324,,1.0047391102772252,0.004716757045435949,14.1169268449,0.06658611415558595,UNIT_VALUE_ASTHMA_HA,UNIT_VALUE_ASTHMA_HA_2015_USD,11232.0,747.8952341955413,2074235.0793749401
NO2_ASTHMA,NO2,p50,Hospital Admissions,Asthma,516,14.581379296854838,13.123241367169356,1.458137929685483,40091,0.0001667347,0.003324,,1.0048586154580734,0.004835123452525347,6.6845608577,0.03232067697289822,UNIT_VALUE_ASTHMA_HA,UNIT_VALUE_ASTHMA_HA_2015_USD,11232.0,363.0258437595928,1006826.7658581674
NO2_ASTHMA,NO2,p50,Hospital Admissions,Asthma,517,14.85221309144123,13.366991782297108,1.4852213091441229,41250,0.0001667347,0.003324,,1.0049490820810703,0.004924709290565765,6.8778063750000005,0.03387119695367495,UNIT_VALUE_ASTHMA_HA,UNIT_VALUE_ASTHMA_HA_2015_USD,11232.0,380.44128418367706,1055127.2707935353
NO2_ASTHMA,NO2,p50,Hospital Admissions,Asthma,518,14.197008398134384,12.777307558320947,1.4197008398134372,71036,0.0001667347,0.003324,,1.0047302380121246,0.004707968201975832,11.8441661492,0.05576195760935213,UNIT_VALUE_ASTHMA_HA,UNIT_VALUE_ASTHMA_HA_2015_USD,11232.0,626.3183078682431,1737049.9845910214
NO2_ASTHMA,NO2,p50,Hospital Admissions,Asthma,519,14.258595122536194,12.832735610282574,1.42585951225362,88373,0.0001667347,0.003324,,1.0047508064845712,0.004728343041786931,14.7348456431,0.06967140486835637,UNIT_VALUE_ASTHMA_HA,UNIT_VALUE_ASTHMA_HA_2015_USD,11232.0,782.5492194813787,2170345.48178624
NO2_ASTHMA,NO2,p50,Hospital Admissions,Asthma,520,14.33877609357386,12.904898484216472,1.4338776093573866,88373,0.0001667347,0.003324,,1.004777585615433,0.004754868822543168,14.7348456431,0.07006225815336223,UNIT_VALUE_ASTHMA_HA,UNIT_VALUE_ASTHMA_HA_2015_USD,11232.0,786.9392835785645,2182521.017255298
NO2_ASTHMA,NO2,p50,Hospital Admissions,Asthma,521,14.90263878007283,13.41237490206555,1.4902638780072817,88375,0.0001667347,0.003324,,1.0049659266751751,0.004941388104176214,14.735179112500001,0.07281223877941333,UNIT_VALUE_ASTHMA_HA,UNIT_VALUE_ASTHMA_HA_2015_USD,11232.0,817.8270659703705,2268186.1195742046
NO2_ASTHMA,NO2,p50,Hospital Admissions,Asthma,522,14.218391901494938,12.796552711345443,1.421839190149493,88374,0.0001667347,0.003324,,1.00473737953597,0.0047150425896942405,14.7350123778,0.0694762109209988,UNIT_VALUE_ASTHMA_HA,UNIT_VALUE_ASTHMA_HA_2015_USD,11232.0,780.3568010646585,2164264.962776756
NO2_ASTHMA,NO2,p50,Hospital Admissions,Asthma,523,15.081215980674529,13.573094382607076,1.5081215980674507,88374,0.0001667347,0.003324,,1.0050255822799348,0.005000452096487029,14.7350123778,0.07368172353633233,UNIT_VALUE_ASTHMA_HA,UNIT_VALUE_ASTHMA_HA_2015_USD,11232.0,827.5931187600847,2295271.5833627814
NO2_ASTHMA,NO2,p50,Hospital Admissions,Asthma,524,15.787402661315818,14.208662395184238,1.5787402661315806,88375,0.0001667347,0.003324,,1.0052615261111624,0.0052339873500546474,14.735179112500001,0.07712374107561447,UNIT_VALUE_ASTHMA_HA,UNIT_VALUE_ASTHMA_HA_2015_USD,11232.0,866.2538597613017,2402494.442277787
NO2_ASTHMA,NO2,p50,Hospital Admissions,Asthma,525,19.50134381117317,17.551209430055852,1.9501343811173195,88374,0.0001667347,0.003324,,1.0065033019143443,0.006461282245150302,14.7350123778,0.09520707385874908,UNIT_VALUE_ASTHMA_HA,UNIT_VALUE_ASTHMA_HA_2015_USD,11232.0,1069.3658535814695,2965811.339298455
NO2_ASTHMA,NO2,p50,Hospital Admissions,Asthma,526,13.476969861157125,12.12927287504141,1.3476969861157126,88375,0.0001667347,0.003324,,1.004489793838637,0.004469725691765625,14.735179112500001,0.06586220865190945,UNIT_VALUE_ASTHMA_HA,UNIT_VALUE_ASTHMA_HA_2015_USD,11232.0,739.7643275782469,2051684.5790353373
NO2_ASTHMA,NO2,p50,Hospital Admissions,Asthma,527,14.11367428027748,12.702306852249732,1.4113674280277468,88375,0.0001667347,0.003324,,1.004702407107986,0.004680397971297601,14.735179112500001,0.06896650242485179,UNIT_VALUE_ASTHMA_HA,UNIT_VALUE_ASTHMA_HA_2015_USD,11232.0,774.6317552359353,2148386.948924
NO2_ASTHMA,NO2,p50,Hospital Admissions,Asthma,528,14.107382869493785,12.696644582544408,1.4107382869493783,88375,0.0001667347,0.003324,,1.0047003060112594,0.004678316492128798,14.735179112500001,0.06893583145648054,UNIT_VALUE_ASTHMA_HA,UNIT_VALUE_ASTHMA_HA_2015_USD,11232.0,774.2872589191894,2147431.5125042475
NO2_ASTHMA,NO2,p50,Hospital Admissions,Asthma,529,14.431419953733442,12.9882779583601,1.4431419953733435,82303,0.0001667347,0.003324,,1.0048085280358656,0.0047855167444338376,13.7227660141,0.06567052654042314,UNIT_VALUE_ASTHMA_HA,UNIT_VALUE_ASTHMA_HA_2015_USD,11232.0,737.6113541020328,2045713.4578072007
NO2_ASTHMA,NO2,p50,Hospital Admissions,Asthma,530,14.406850341503803,12.966165307353425,1.4406850341503787,53223,0.0001667347,0.003324,,1.0048003218593144,0.004777388855162545,8.8741209381,0.04239512646904354,UNIT_VALUE_ASTHMA_HA,UNIT_VALUE_ASTHMA_HA_2015_USD,11232.0,476.18206050029704,1320657.6120533387
NO2_ASTHMA,NO2,p50,Hospital Admissions,Asthma,531,14.595845004488194,13.136260504039374,1.4595845004488197,8740,0.0001667347,0.003324,,1.0048634472330797,0.004839908593024744,1.457261278,0.007053011381674421,UNIT_VALUE_ASTHMA_HA,UNIT_VALUE_ASTHMA_HA_2015_USD,11232.0,79.21942383896709,219709.52665770648
NO2_ASTHMA,NO2,p50,Hospital Admissions,Asthma,546,14.179333551568366,12.761400196411527,1.417933355156837,33,0.0001667347,0.003324,,1.004724335119755,0.004702120725673442,0.0055022451,2.587222072244514e-05,UNIT_VALUE_ASTHMA_HA,UNIT_VALUE_ASTHMA_HA_2015_USD,11232.0,0.29059678315450377,805.9498363041953
NO2_ASTHMA,NO2,p50,Hospital Admissions,Asthma,547,14.13715180686497,12.723436626178474,1.4137151806864967,5126,0.0001667347,0.003324,,1.0047102477656726,0.004688165345329787,0.8546820722,0.004006890872162691,UNIT_VALUE_ASTHMA_HA,UNIT_VALUE_ASTHMA_HA_2015_USD,11232.0,45.005398276131345,124819.32174097095
NO2_ASTHMA,NO2,p50,Hospital Admissions,Asthma,555,13.985906202445896,12.587315582201306,1.3985906202445886,815,0.0001667347,0.003324,,1.0046597381932552,0.0046381257415919475,0.1358887805,0.0006302692508305879,UNIT_VALUE_ASTHMA_HA,UNIT_VALUE_ASTHMA_HA_2015_USD,11232.0,7.079184225329163,19633.62190605466
NO2_ASTHMA,NO2,p50,Hospital Admissions,Asthma,556,14.3165377526261,12.884883977363492,1.4316537752626068,6555,0.0001667347,0.003324,,1.0047701583023234,0.00474751191892786,1.0929459585,0.005188773964722785,UNIT_VALUE_ASTHMA_HA,UNIT_VALUE_ASTHMA_HA_2015_USD,11232.0,58.28030917176632,161636.35786625184
NO2_ASTHMA,NO2,p50,Hospital Admissions,Asthma,559,14.679962831909434,13.211966548718491,1.467996283190942,15036,0.0001667347,0.003324,,1.004891544377431,0.004867733642302086,2.5070229492,0.012203519951844233,UNIT_VALUE_ASTHMA_HA,UNIT_VALUE_ASTHMA_HA_2015_USD,11232.0,137.06993609911441,380153.8728753669
NO2_ASTHMA,NO2,p50,Hospital Admissions,Asthma,560,14.4409433075598,12.99684897680382,1.4440943307559788,77991,0.0001667347,0.003324,,1.0048117088254094,0.004788667153405424,13.0038059877,0.06227089860255576,UNIT_VALUE_ASTHMA_HA,UNIT_VALUE_ASTHMA_HA_2015_USD,11232.0,699.4267331039063,1939811.0843923667
NO2_ASTHMA,NO2,p50,Hospital Admissions,Asthma,561,14.140769163481169,12.726692247133052,1.4140769163481153,88372,0.0001667347,0.003324,,1.0047114558393841,0.0046893621168556665,14.7346789084,0.06909624507708316,UNIT_VALUE_ASTHMA_HA,UNIT_VALUE_ASTHMA_HA_2015_USD,11232.0,776.089024705798,2152428.583789801
NO2_ASTHMA,NO2,p50,Hospital Admissions,Asthma,562,14.136693200888557,12.723023880799705,1.4136693200888537,88372,0.0001667347,0.003324,,1.0047100946070247,0.004688013619358555,14.7346789084,0.06907637539945445,UNIT_VALUE_ASTHMA_HA,UNIT_VALUE_ASTHMA_HA_2015_USD,11232.0,775.8658484866723,2151809.6201683916
NO2_ASTHMA,NO2,p50,Hospital Admissions,Asthma,563,13.359140998915276,12.023226899023747,1.3359140998915289,88372,0.0001667347,0.003324,,1.004450452446587,0.004430733677053822,14.7346789084,0.06528543806002253,UNIT_VALUE_ASTHMA_HA,UNIT_VALUE_ASTHMA_HA_2015_USD,11232.0,733.2860402901731,2033717.5027219746
NO2_ASTHMA,NO2,p50,Hospital Admissions,Asthma,564,11.97785996141701,10.78007396527531,1.1977859961417003,88371,0.0001667347,0.003324,,1.0039893771153625,0.003973525224763574,14.7345121737,0.058547955796782916,UNIT_VALUE_ASTHMA_HA,UNIT_VALUE_ASTHMA_HA_2015_USD,11232.0,657.6106395094657,1823837.0759347375
NO2_ASTHMA,NO2,p50,Hospital Admissions,Asthma,565,15.067728037163226,13.560955233446904,1.5067728037163235,88373,0.0001667347,0.003324,,1.005021076365955,0.004995991113052822,14.7348456431,0.0736151578851327,UNIT_VALUE_ASTHMA_HA,UNIT_VALUE_ASTHMA_HA_2015_USD,11232.0,826.8454533658105,2293197.9857283398
NO2_ASTHMA,NO2,p50,Hospital Admissions,Asthma,566,13.264775673525182,11.938298106172663,1.3264775673525175,88372,0.0001667347,0.003324,,1.0044189463090631,0.004399505132097858,14.7346789084,0.06482529547731987,UNIT_VALUE_ASTHMA_HA,UNIT_VALUE_ASTHMA_HA_2015_USD,11232.0,728.1177188012567,2019383.5248549692
NO2_ASTHMA,NO2,p50,Hospital Admissions,Asthma,567,12.905364194543235,11.614827775088912,1.2905364194543232,88371,0.0001667347,0.003324,,1.004298957176708,0.004280555252982987,14.7345121737,0.06307189348527331,UNIT_VALUE_ASTHMA_HA,UNIT_VALUE_ASTHMA_HA_2015_USD,11232.0,708.4235076265899,1964763.0087568131
NO2_ASTHMA,NO2,p50,Hospital Admissions,Asthma,568,15.637722316980764,14.07395008528269,1.5637722316980742,88372,0.0001667347,0.003324,,1.0052115118282787,0.005184492782817407,14.7346789084,0.07639183645773166,UNIT_VALUE_ASTHMA_HA,UNIT_VALUE_ASTHMA_HA_2015_USD,11232.0,858.033107093242,2379694.76020561
NO2_ASTHMA,NO2,p50,Hospital Admissions,Asthma,569,15.300713900597886,13.770642510538098,1.5300713900597884,88373,0.0001667347,0.003324,,1.0050989127356749,0.0050730457182533994,14.7348456431,0.07475054559885322,UNIT_VALUE_ASTHMA_HA,UNIT_VALUE_ASTHMA_HA_2015_USD,11232.0,839.5981281663194,2328566.636600315
NO2_ASTHMA,NO2,p50,Hospital Admissions,Asthma,570,11.320805733076206,10.188725159768584,1.132080573307622,88374,0.0001667347,0.003324,,1.003770124934388,0.003755964479052909,14.7350123778,0.055344183089421746,UNIT_VALUE_ASTHMA_HA,UNIT_VALUE_ASTHMA_HA_2015_USD,11232.0,621.6258644603851,1724035.8212703657
NO2_ASTHMA,NO2,p50,Hospital Admissions,Asthma,571,14.791951592198158,13.312756432978343,1.479195159219815,88373,0.0001667347,0.003324,,1.0049289522256535,0.0049047768150545235,14.7348456431,0.07227112928368404,UNIT_VALUE_ASTHMA_HA,UNIT_VALUE_ASTHMA_HA_2015_USD,11232.0,811.7493241143391,2251329.9279784313
NO2_ASTHMA,NO2,p50,Hospital Admissions,Asthma,572,14.519649479539988,13.06768453158599,1.4519649479539982,53982,0.0001667347,0.003324,,1.0048379969844456,0.0048147034636077946,9.0006725754,0.043335569423578066,UNIT_VALUE_ASTHMA_HA,UNIT_VALUE_ASTHMA_HA_2015_USD,11232.0,486.74511576562884,1349953.506417868
NO2_ASTHMA,NO2,p50,Hospital Admissions,Asthma,573,14.992593907095015,13.493334516385517,1.4992593907095009,26916,0.0001667347,0.003324,,1.004995976695251,0.004971140990712497,4.4878311852,0.02230964156414557,UNIT_VALUE_ASTHMA_HA,UNIT_VALUE_ASTHMA_HA_2015_USD,11232.0,250.58189404848304,694971.3424108842
NO2_ASTHMA,NO2,p50,Hospital Admissions,Asthma,601,14.238419552038287,12.814577596834456,1.4238419552038302,3938,0.0001667347,0.003324,,1.0047440682869153,0.004721668369740972,0.6566012486,0.003100253347047049,UNIT_VALUE_ASTHMA_HA,UNIT_VALUE_ASTHMA_HA_2015_USD,11232.0,34.82204559403245,96576.50591185741
NO2_ASTHMA,NO2,p50,Hospital Admissions,Asthma,602,14.090763990008528,12.681687591007677,1.4090763990008508,54996,0.0001667347,0.003324,,1.0046947559460147,0.004672818204962126,9.1697415612,0.04284853530197319,UNIT_VALUE_ASTHMA_HA,UNIT_VALUE_ASTHMA_HA_2015_USD,11232.0,481.2747485117629,1334781.8257649785
NO2_ASTHMA,NO2,p50,Hospital Admissions,Asthma,603,14.938668296929515,13.444801467236566,1.4938668296929496,88373,0.0001667347,0.003324,,1.0049779624316373,0.0049533050651107136,14.7348456431,0.07298618555759176,UNIT_VALUE_ASTHMA_HA,UNIT_VALUE_ASTHMA_HA_2015_USD,11232.0,819.7808361828706,2273604.764494659
NO2_ASTHMA,NO2,p50,Hospital Admissions,Asthma,604,13.996724615178914,12.597052153661023,1.3996724615178913,88373,0.0001667347,0.003324,,1.0046633509967502,0.004641705096661064,14.7348456431,0.06839480812009134,UNIT_VALUE_ASTHMA_HA,UNIT_VALUE_ASTHMA_HA_2015_USD,11232.0,768.2104848048659,2130578.0048723593
NO2_ASTHMA,NO2,p50,Hospital Admissions,Asthma,605,13.760055991017612,12.384050391915853,1.3760055991017612,88373,0.0001667347,0.003324,,1.0045843185952754,0.004563398522570816,14.7348456431,0.06724097283803157,UNIT_VALUE_ASTHMA_HA,UNIT_VALUE_ASTHMA_HA_2015_USD,11232.0,755.2506069167706,2094634.690741179
NO2_ASTHMA,NO2,p50,Hospital Admissions,Asthma,606,14.070024415554805,12.663021973999324,1.4070024415554787,88374,0.0001667347,0.003324,,1.0046878297704693,0.00466595656039781,14.7350123778,0.06875292767173885,UNIT_VALUE_ASTHMA_HA,UNIT_VALUE_ASTHMA_HA_2015_USD,11232.0,772.2328836089707,2141733.8463876275
NO2_ASTHMA,NO2,p50,Hospital Admissions,Asthma,607,14.375955456058968,12.938359910453071,1.4375955456058964,88373,0.0001667347,0.003324,,1.0047900031556636,0.004767168403964961,14.7348456431,0.07024349058708708,UNIT_VALUE_ASTHMA_HA,UNIT_VALUE_ASTHMA_HA_2015_USD,11232.0,788.974886274162,2188166.618839349
NO2_ASTHMA,NO2,p50,Hospital Admissions,Asthma,608,13.916942739721174,12.525248465749057,1.3916942739721172,88374,0.0001667347,0.003324,,1.0046367081849112,0.0046153083469232525,14.7350123778,0.06800662561927778,UNIT_VALUE_ASTHMA_HA,UNIT_VALUE_ASTHMA_HA_2015_USD,11232.0,763.8504189557281,2118485.6674443847
NO2_ASTHMA,NO2,p50,Hospital Admissions,Asthma,609,14.52190314755419,13.069712832798771,1.4521903147554165,88374,0.0001667347,0.003324,,1.0048387497282123,0.004815448975789338,14.7350123778,0.07095570026292024,UNIT_VALUE_ASTHMA_HA,UNIT_VALUE_ASTHMA_HA_2015_USD,11232.0,796.9744253531201,2210352.7805071035
NO2_ASTHMA,NO2,p50,Hospital Admissions,Asthma,610,15.466442670480692,13.919798403432624,1.5466442670480696,88373,0.0001667347,0.003324,,1.0051542833940506,0.005127852986554715,14.7348456431,0.07555812223739307,UNIT_VALUE_ASTHMA_HA,UNIT_VALUE_ASTHMA_HA_2015_USD,11232.0,848.668828970399,2353723.5903313733
NO2_ASTHMA,NO2,p50,Hospital Admissions,Asthma,611,18.56148137524996,16.70533323772496,1.8561481375249969,88374,0.0001667347,0.003324,,1.0061889090546492,0.006150842052576211,14.7350123778,0.09063273377860323,UNIT_VALUE_ASTHMA_HA,UNIT_VALUE_ASTHMA_HA_2015_USD,11232.0,1017.9868658012715,2823315.3132192204
NO2_ASTHMA,NO2,p50,Hospital Admissions,Asthma,612,13.522962234882636,12.170666011394372,1.3522962234882634,88373,0.0001667347,0.003324,,1.0045051504604101,0.004484945107892435,14.7348456431,0.06608497388257151,UNIT_VALUE_ASTHMA_HA,UNIT_VALUE_ASTHMA_HA_2015_USD,11232.0,742.2664266490432,2058623.9756612557
NO2_ASTHMA,NO2,p50,Hospital Admissions,Asthma,613,13.73147320452902,12.358325884076118,1.373147320452901,88373,0.0001667347,0.003324,,1.0045747741671511,0.004553940915890342,14.7348456431,0.06710161646344164,UNIT_VALUE_ASTHMA_HA,UNIT_VALUE_ASTHMA_HA_2015_USD,11232.0,753.6853561173765,2090293.5772166154
NO2_ASTHMA,NO2,p50,Hospital Admissions,Asthma,614,14.908357926438637,13.41752213379477,1.490835792643864,47718,0.0001667347,0.003324,,1.0049678371616895,0.004943279752832708,7.9562464146,0.03932995180984,UNIT_VALUE_ASTHMA_HA,UNIT_VALUE_ASTHMA_HA_2015_USD,11232.0,441.7540187281229,1225173.848161138
NO2_ASTHMA,NO2,p50,Hospital Admissions,Asthma,643,14.19621306225518,12.776591756029662,1.4196213062255172,2346,0.0001667347,0.003324,,1.0047299723919823,0.004707705076938629,0.3911596062,0.0018414640640010548,UNIT_VALUE_ASTHMA_HA,UNIT_VALUE_ASTHMA_HA_2015_USD,11232.0,20.683324366859846,57363.7522987801
NO2_ASTHMA,NO2,p50,Hospital Admissions,Asthma,644,14.226870106582824,12.804183095924545,1.4226870106582812,26746,0.0001667347,0.003324,,1.0047402110460024,0.0047178474533905446,4.4594862862,0.021039176018778725,UNIT_VALUE_ASTHMA_HA,UNIT_VALUE_ASTHMA_HA_2015_USD,11232.0,236.31202504292264,655394.8596147929
NO2_ASTHMA,NO2,p50,Hospital Admissions,Asthma,645,14.062877613754663,12.656589852379197,1.4062877613754663,69888,0.0001667347,0.003324,,1.004685443039992,0.004663592045102916,11.6527547136,0.05434369418588046,UNIT_VALUE_ASTHMA_HA,UNIT_VALUE_ASTHMA_HA_2015_USD,11232.0,610.3883730958094,1692869.4255951105
NO2_ASTHMA,NO2,p50,Hospital Admissions,Asthma,646,14.523839764912193,13.071455788420971,1.4523839764912196,88373,0.0001667347,0.003324,,1.0048393965748863,0.00481608960733626,14.7348456431,0.07096433696743788,UNIT_VALUE_ASTHMA_HA,UNIT_VALUE_ASTHMA_HA_2015_USD,11232.0,797.0714328182623,2210621.8239211533
NO2_ASTHMA,NO2,p50,Hospital Admissions,Asthma,647,14.771769778554818,13.294592800699338,1.4771769778554802,88374,0.0001667347,0.003324,,1.004922210747856,0.004898101261183951,14.7350123778,0.07217358271126331,UNIT_VALUE_ASTHMA_HA,UNIT_VALUE_ASTHMA_HA_2015_USD,11232.0,810.6536810129095,2248291.2385316333
NO2_ASTHMA,NO2,p50,Hospital Admissions,Asthma,648,13.974598381086835,12.577138542978156,1.3974598381086825,72285,0.0001667347,0.003324,,1.004655961965882,0.004634384448156115,12.0524177895,0.055855537566338896,UNIT_VALUE_ASTHMA_HA,UNIT_VALUE_ASTHMA_HA_2015_USD,11232.0,627.3693979451185,1739965.10934293
NO2_ASTHMA,NO2,p50,Hospital Admissions,Asthma,649,13.940058530307,12.5460526772763,1.3940058530307002,78707,0.0001667347,0.003324,,1.0046444275303812,0.004622956543737788,13.1231880329,0.06066792799139649,UNIT_VALUE_ASTHMA_HA,UNIT_VALUE_ASTHMA_HA_2015_USD,11232.0,681.4221671993654,1889876.6811757358
NO2_ASTHMA,NO2,p50,Hospital Admissions,Asthma,650,14.44701070264524,13.002309632380715,1.4447010702645215,88375,0.0001667347,0.003324,,1.004813735333844,0.0047906742957137816,14.735179112500001,0.07059144381699237,UNIT_VALUE_ASTHMA_HA,UNIT_VALUE_ASTHMA_HA_2015_USD,11232.0,792.8830969524582,2199005.767580856
NO2_ASTHMA,NO2,p50,Hospital Admissions,Asthma,651,9.526364032890893,8.573727629601802,0.9526364032890892,88374,0.0001667347,0.003324,,1.0031715822625429,0.003161555130369309,14.7350123778,0.04658555397908886,UNIT_VALUE_ASTHMA_HA,UNIT_VALUE_ASTHMA_HA_2015_USD,11232.0,523.2489422931261,1451194.3140240246
NO2_ASTHMA,NO2,p50,Hospital Admissions,Asthma,652,14.779748793712482,13.301773914341236,1.4779748793712475,88374,0.0001667347,0.003324,,1.0049248760308374,0.004900740491457611,14.7350123778,0.07221247180201357,UNIT_VALUE_ASTHMA_HA,UNIT_VALUE_ASTHMA_HA_2015_USD,11232.0,811.0904832802164,2249502.6790438504
NO2_ASTHMA,NO2,p50,Hospital Admissions,Asthma,653,10.001870968511383,9.001683871660244,1.000187096851139,88170,0.0001667347,0.003324,,1.0033301545950182,0.003319101473993169,14.700998499,0.048794105787202266,UNIT_VALUE_ASTHMA_HA,UNIT_VALUE_ASTHMA_HA_2015_USD,11232.0,548.0553962018558,1519993.277488113
NO2_ASTHMA,NO2,p50,Hospital Admissions,Asthma,654,13.879534899867163,12.491581409880448,1.3879534899867156,88374,0.0001667347,0.003324,,1.0046242162420822,0.004602931292438495,14.7350123778,0.06782424956824418,UNIT_VALUE_ASTHMA_HA,UNIT_VALUE_ASTHMA_HA_2015_USD,11232.0,761.8019711505186,2112804.4408479827
NO2_ASTHMA,NO2,p50,Hospital Admissions,Asthma,655,14.882447831053328,13.394203047947997,1.4882447831053316,28007,0.0001667347,0.003324,,1.0049591818976797,0.004934709774296664,4.6697387429,0.023043805418000447,UNIT_VALUE_ASTHMA_HA,UNIT_VALUE_ASTHMA_HA_2015_USD,11232.0,258.828022454981,717841.4023173179
NO2_ASTHMA,NO2,p50,Hospital Admissions,Asthma,686,14.374283414758589,12.936855073282729,1.4374283414758595,17050,0.0001667347,0.003324,,1.0047894447070713,0.004766615266810992,2.842826635,0.01355066083928792,UNIT_VALUE_ASTHMA_HA,UNIT_VALUE_ASTHMA_HA_2015_USD,11232.0,152.20102254688192,422118.8819621987
NO2_ASTHMA,NO2,p50,Hospital Admissions,Asthma,687,14.458812646995648,13.012931382296085,1.4458812646995651,50211,0.0001667347,0.003324,,1.0048176771919994,0.00479457846070408,8.3719160217,0.04013980823246621,UNIT_VALUE_ASTHMA_HA,UNIT_VALUE_ASTHMA_HA_2015_USD,11232.0,450.8503260670605,1250401.8198241675
NO2_ASTHMA,NO2,p50,Hospital Admissions,Asthma,688,14.76185669220184,13.285671022981656,1.4761856692201842,78804,0.0001667347,0.003324,,1.0049188994241824,0.004894822285659961,13.1393612988,0.06431483850470425,UNIT_VALUE_ASTHMA_HA,UNIT_VALUE_ASTHMA_HA_2015_USD,11232.0,722.3842660848381,2003482.1950876724
NO2_ASTHMA,NO2,p50,Hospital Admissions,Asthma,689,14.06124518049693,12.65512066244724,1.4061245180496922,15395,0.0001667347,0.003324,,1.004684897876906,0.004663051954703623,2.5668807065,0.011969498095935843,UNIT_VALUE_ASTHMA_HA,UNIT_VALUE_ASTHMA_HA_2015_USD,11232.0,134.4414026135514,372863.8192505018
NO2_ASTHMA,NO2,p50,Hospital Admissions,Asthma,690,14.151228603738588,12.736105743364728,1.4151228603738597,26719,0.0001667347,0.003324,,1.004714948943801,0.0046928225251924305,4.4549844493,0.020906451373057036,UNIT_VALUE_ASTHMA_HA,UNIT_VALUE_ASTHMA_HA_2015_USD,11232.0,234.82126182217664,651260.3321754793
NO2_ASTHMA,NO2,p50,Hospital Admissions,Asthma,691,14.286874670311354,12.858187203280218,1.4286874670311356,18381,0.0001667347,0.003324,,1.0047602513088019,0.004737698672495405,3.0647505207,0.014519864473449991,UNIT_VALUE_ASTHMA_HA,UNIT_VALUE_ASTHMA_HA_2015_USD,11232.0,163.0871177657903,452310.7050251758
NO2_ASTHMA,NO2,p50,Hospital Admissions,Asthma,692,14.622011085947996,13.159809977353197,1.4622011085947992,28949,0.0001667347,0.003324,,1.0048721871769106,0.004848564065245475,4.8268028303,0.023403062753017734,UNIT_VALUE_ASTHMA_HA,UNIT_VALUE_ASTHMA_HA_2015_USD,11232.0,262.8632008418952,729032.6871109374
NO2_ASTHMA,NO2,p50,Hospital Admissions,Asthma,693,15.166646871830691,13.649982184647625,1.51666468718307,26275,0.0001667347,0.003324,,1.0050541226259935,0.005028706924546711,4.3809542425,0.02203053493538204,UNIT_VALUE_ASTHMA_HA,UNIT_VALUE_ASTHMA_HA_2015_USD,11232.0,247.44696839421107,686276.8455535568
NO2_ASTHMA,NO2,p50,Hospital Admissions,Asthma,694,14.188053584484676,12.76924822603621,1.4188053584484663,3451,0.0001667347,0.003324,,1.0047272473565863,0.004705005631153725,0.5754014497,0.0027072670610125164,UNIT_VALUE_ASTHMA_HA,UNIT_VALUE_ASTHMA_HA_2015_USD,11232.0,30.408023629292583,84334.52497418893
NO2_ASTHMA,NO2,p50,Hospital Admissions,Asthma,695,14.975861476546504,13.478275328891856,1.4975861476546477,34687,0.0001667347,0.003324,,1.0049903870639585,0.004965606764197772,5.7835265389,0.02871871850247917,UNIT_VALUE_ASTHMA_HA,UNIT_VALUE_ASTHMA_HA_2015_USD,11232.0,322.568646219846,894621.5604855075
NO2_ASTHMA,NO2,p50,Hospital Admissions,Asthma,696,15.479930837714765,13.931937753943288,1.5479930837714768,8351,0.0001667347,0.003324,,1.00515878998,0.005132313452785642,1.3924014797,0.007146240845942943,UNIT_VALUE_ASTHMA_HA,UNIT_VALUE_ASTHMA_HA_2015_USD,11232.0,80.26657718163113,222613.73315285123
NO2_ASTHMA,NO2,p50,Hospital Admissions,Asthma,729,14.355451249441762,12.919906124497585,1.435545124944177,456,0.0001667347,0.003324,,1.004783154933984,0.004760385273674617,0.0760310232,0.00036193696318369316,UNIT_VALUE_ASTHMA_HA,UNIT_VALUE_ASTHMA_HA_2015_USD,11232.0,4.065275970479242,11274.758334806242
NO2_ASTHMA,NO2,p50,Hospital Admissions,Asthma,730,14.212959977469014,12.791663979722111,1.4212959977469009,1632,0.0001667347,0.003324,,1.0047355654123837,0.004713245529872401,0.2721110304,0.001282526097661773,UNIT_VALUE_ASTHMA_HA,UNIT_VALUE_ASTHMA_HA_2015_USD,11232.0,14.405333128937034,39952.183059787836
NO2_ASTHMA,NO2,p95,Hospital Admissions,Asthma,0,77.90915554341346,12.808183926357923,65.10097161705554,66007,0.0001667347,0.003324,,1.2415934930500454,0.19458340785642914,11.0056573429,2.1415183114816148,UNIT_VALUE_ASTHMA_HA,UNIT_VALUE_ASTHMA_HA_2015_USD,11232.0,24053.5336745615,66710791.89903909
NO2_ASTHMA,NO2,p95,Hospital Admissions,Asthma,1,80.28914358439654,13.092439105856414,67.19670447854013,35848,0.0001667347,0.003324,,1.25027289775051,0.20017461643837975,5.9771055256,1.1964648059987002,UNIT_VALUE_ASTHMA_HA,UNIT_VALUE_ASTHMA_HA_2015_USD,11232.0,13438.6927009774,37271273.49767175
NO2_ASTHMA,NO2,p95,Hospital Admissions,Asthma,2,80.0091568895056,12.59920474701033,67.40995214249527,682,0.0001667347,0.003324,,1.2511594494061897,0.20074135996446507,0.11371306540000001,0.02282691539412416,UNIT_VALUE_ASTHMA_HA,UNIT_VALUE_ASTHMA_HA_2015_USD,11232.0,256.39191370680254,711085.0252318573
NO2_ASTHMA,NO2,p95,Hospital Admissions,Asthma,41,73.53350887502845,12.993218405470955,60.54029046955749,53333,0.0001667347,0.003324,,1.2229132542382175,0.18228051210147,8.8924617551,1.6209224825623647,UNIT_VALUE_ASTHMA_HA,UNIT_VALUE_ASTHMA_HA_2015_USD,11232.0,18206.201324140482,50493624.93841094
NO2_ASTHMA,NO2,p95,Hospital Admissions,Asthma,42,72.94936164480852,12.270779035535556,60.678582609272965,88375,0.0001667347,0.003324,,1.2234755359860212,0.18265631752572664,14.735179112500001,2.691473554771255,UNIT_VALUE_ASTHMA_HA,UNIT_VALUE_ASTHMA_HA_2015_USD,11232.0,30230.630967190737,83842538.84333579
NO2_ASTHMA,NO2,p95,Hospital Admissions,Asthma,43,76.8322739629836,13.018889745910007,63.8133842170736,64336,0.0001667347,0.003324,,1.236290902233822,0.19112888544829865,10.7270436592,2.050247898738135,UNIT_VALUE_ASTHMA_HA,UNIT_VALUE_ASTHMA_HA_2015_USD,11232.0,23028.384398626735,63867612.14268334
NO2_ASTHMA,NO2,p95,Hospital Admissions,Asthma,44,79.06225691143985,12.808265225574049,66.2539916858658,8855,0.0001667347,0.003324,,1.2463612029506488,0.19766437078385513,1.4764357685,0.2918387471833301,UNIT_VALUE_ASTHMA_HA,UNIT_VALUE_ASTHMA_HA_2015_USD,11232.0,3277.9328083631635,9091117.188698648
NO2_ASTHMA,NO2,p95,Hospital Admissions,Asthma,82,79.75032784971668,12.642091087064356,67.10823676265233,6180,0.0001667347,0.003324,,1.24990528819437,0.19993937985124177,1.030420446,0.20602162495927995,UNIT_VALUE_ASTHMA_HA,UNIT_VALUE_ASTHMA_HA_2015_USD,11232.0,2314.0348915426325,6417813.789251083
NO2_ASTHMA,NO2,p95,Hospital Admissions,Asthma,83,72.96368023374026,12.824621431102235,60.139058802638026,38621,0.0001667347,0.003324,,1.2212833492330277,0.1811891968984879,6.4394608487000005,1.1667607396352084,UNIT_VALUE_ASTHMA_HA,UNIT_VALUE_ASTHMA_HA_2015_USD,11232.0,13105.05662758266,36345957.20263658
NO2_ASTHMA,NO2,p95,Hospital Admissions,Asthma,84,76.175356503176,12.863860924131195,63.31149557904481,86400,0.0001667347,0.003324,,1.2342301449625106,0.18977833746689543,14.40587808,2.7339235917731917,UNIT_VALUE_ASTHMA_HA,UNIT_VALUE_ASTHMA_HA_2015_USD,11232.0,30707.429782796487,85164906.98250125
NO2_ASTHMA,NO2,p95,Hospital Admissions,Asthma,85,76.01596949482675,12.824691852987852,63.191277641838894,86293,0.0001667347,0.003324,,1.2337370396673375,0.18945450460850388,14.3880374671,2.7258785106180237,UNIT_VALUE_ASTHMA_HA,UNIT_VALUE_ASTHMA_HA_2015_USD,11232.0,30617.067431261643,84914293.32588397
NO2_ASTHMA,NO2,p95,Hospital Admissions,Asthma,86,75.13689017291053,12.361191311096716,62.77569886181381,66266,0.0001667347,0.003324,,1.2320339518071983,0.1883340564331376,11.0488416302,2.080873163102887,UNIT_VALUE_ASTHMA_HA,UNIT_VALUE_ASTHMA_HA_2015_USD,11232.0,23372.36736797163,64821624.829353556
NO2_ASTHMA,NO2,p95,Hospital Admissions,Asthma,87,69.74334530139153,12.564225349253327,57.1791199521382,22233,0.0001667347,0.003324,,1.2093262601279746,0.1730932892384418,3.7070125851,0.6416590016032582,UNIT_VALUE_ASTHMA_HA,UNIT_VALUE_ASTHMA_HA_2015_USD,11232.0,7207.113906007796,19988425.9203392
NO2_ASTHMA,NO2,p95,Hospital Admissions,Asthma,91,77.82570327553417,12.79917150620924,65.02653176932492,5057,0.0001667347,0.003324,,1.2412863135779568,0.19438409248423838,0.8431773779,0.1639002694063312,UNIT_VALUE_ASTHMA_HA,UNIT_VALUE_ASTHMA_HA_2015_USD,11232.0,1840.9278259719122,5105684.46038528
NO2_ASTHMA,NO2,p95,Hospital Admissions,Asthma,125,82.55380811937648,13.137478150089144,69.41632996928735,35539,0.0001667347,0.003324,,1.2595315685129143,0.20605404024873653,5.9255845033,1.2209906277402676,UNIT_VALUE_ASTHMA_HA,UNIT_VALUE_ASTHMA_HA_2015_USD,11232.0,13714.166730778685,38035281.436143525
NO2_ASTHMA,NO2,p95,Hospital Admissions,Asthma,126,78.37052339585021,13.078956393054492,65.29156700279572,87860,0.0001667347,0.003324,,1.242380340250167,0.19509350912729428,14.649310742,2.8579854389529475,UNIT_VALUE_ASTHMA_HA,UNIT_VALUE_ASTHMA_HA_2015_USD,11232.0,32100.89245031951,89029578.14848962
NO2_ASTHMA,NO2,p95,Hospital Admissions,Asthma,127,79.8344881422731,12.853430721310776,66.98105742096233,88375,0.0001667347,0.003324,,1.249377009739684,0.19960108741847526,14.735179112500001,2.9411577741610033,UNIT_VALUE_ASTHMA_HA,UNIT_VALUE_ASTHMA_HA_2015_USD,11232.0,33035.08411937639,91620493.34920207
NO2_ASTHMA,NO2,p95,Hospital Admissions,Asthma,128,80.86960995371334,12.88155108032522,67.98805887338811,88366,0.0001667347,0.003324,,1.253566022429095,0.20227576201989583,14.7336785002,2.980266045984111,UNIT_VALUE_ASTHMA_HA,UNIT_VALUE_ASTHMA_HA_2015_USD,11232.0,33474.34822849354,92838761.60735083
NO2_ASTHMA,NO2,p95,Hospital Admissions,Asthma,129,77.18917117952623,12.827071028659258,64.36210015086697,69107,0.0001667347,0.003324,,1.2385478701318895,0.1926028665379621,11.5225349129,2.2192732540082876,UNIT_VALUE_ASTHMA_HA,UNIT_VALUE_ASTHMA_HA_2015_USD,11232.0,24926.877189021085,69132949.00234674
NO2_ASTHMA,NO2,p95,Hospital Admissions,Asthma,130,81.00480993870703,12.796916953091984,68.20789298561505,48901,0.0001667347,0.003324,,1.2544823737212045,0.2028584690005063,8.1534935647,1.6540052215405225,UNIT_VALUE_ASTHMA_HA,UNIT_VALUE_ASTHMA_HA_2015_USD,11232.0,18577.78664834315,51524190.82411434
NO2_ASTHMA,NO2,p95,Hospital Admissions,Asthma,131,75.32753886890906,12.925263253179734,62.40227561572932,49015,0.0001667347,0.003324,,1.2305056274557011,0.18732594334600017,8.1725013205,1.5309215193590946,UNIT_VALUE_ASTHMA_HA,UNIT_VALUE_ASTHMA_HA_2015_USD,11232.0,17195.31050544135,47689990.0151062
NO2_ASTHMA,NO2,p95,Hospital Admissions,Asthma,132,78.556539521928,13.011638214937909,65.5449013069901,82710,0.0001667347,0.003324,,1.243426968508626,0.195771022081493,13.790627037,2.6998051501781615,UNIT_VALUE_ASTHMA_HA,UNIT_VALUE_ASTHMA_HA_2015_USD,11232.0,30324.21144680111,84102077.7529016
NO2_ASTHMA,NO2,p95,Hospital Admissions,Asthma,133,74.60058632953525,12.717174302166493,61.88341202736876,71305,0.0001667347,0.003324,,1.228385200319128,0.1859231129289043,11.8890177835,2.210443195975422,UNIT_VALUE_ASTHMA_HA,UNIT_VALUE_ASTHMA_HA_2015_USD,11232.0,24827.697977195938,68857882.40089452
NO2_ASTHMA,NO2,p95,Hospital Admissions,Asthma,134,77.00016892517593,12.663385350129223,64.33678357504671,65679,0.0001667347,0.003324,,1.2384436478677352,0.19253491935484557,10.9509683613,2.108443810300361,UNIT_VALUE_ASTHMA_HA,UNIT_VALUE_ASTHMA_HA_2015_USD,11232.0,23682.040877293653,65680482.63031253
NO2_ASTHMA,NO2,p95,Hospital Admissions,Asthma,135,77.48505262832164,12.777145461566295,64.70790716675535,27480,0.0001667347,0.003324,,1.2399723530268454,0.19353040609418326,4.581869556,0.8867310758432552,UNIT_VALUE_ASTHMA_HA,UNIT_VALUE_ASTHMA_HA_2015_USD,11232.0,9959.763443871441,27622706.728136368
NO2_ASTHMA,NO2,p95,Hospital Admissions,Asthma,136,80.10577255336335,12.891718101414078,67.21405445194927,5922,0.0001667347,0.003324,,1.2503450047076274,0.20022074208723417,0.9874028934,0.19769854005563017,UNIT_VALUE_ASTHMA_HA,UNIT_VALUE_ASTHMA_HA_2015_USD,11232.0,2220.550001904838,6158539.991782935
NO2_ASTHMA,NO2,p95,Hospital Admissions,Asthma,166,80.79687342501191,12.57979607434408,68.21707735066784,56,0.0001667347,0.003324,,1.2545206721842224,0.20288280442687423,0.0093371432,0.0018943457977513185,UNIT_VALUE_ASTHMA_HA,UNIT_VALUE_ASTHMA_HA_2015_USD,11232.0,21.27729200034281,59011.07995251076
NO2_ASTHMA,NO2,p95,Hospital Admissions,Asthma,167,76.16028154762968,12.914657721513736,63.245623826115946,60657,0.0001667347,0.003324,,1.2339599303442519,0.18960091376628518,10.113626697900001,1.9175528634129377,UNIT_VALUE_ASTHMA_HA,UNIT_VALUE_ASTHMA_HA_2015_USD,11232.0,21537.953761854118,59734007.101739064
NO2_ASTHMA,NO2,p95,Hospital Admissions,Asthma,168,80.50039406973397,12.981779587645455,67.51861448208851,88376,0.0001667347,0.003324,,1.2516114418364006,0.20102999495372864,14.7353458472,2.962246501304062,UNIT_VALUE_ASTHMA_HA,UNIT_VALUE_ASTHMA_HA_2015_USD,11232.0,33271.95270264723,92277431.7841029
NO2_ASTHMA,NO2,p95,Hospital Admissions,Asthma,169,75.69795250326919,12.898982273816792,62.7989702294524,87552,0.0001667347,0.003324,,1.2321292582796992,0.1883968396333665,14.5979564544,2.7502088611144644,UNIT_VALUE_ASTHMA_HA,UNIT_VALUE_ASTHMA_HA_2015_USD,11232.0,30890.345928037663,85672212.1071975
NO2_ASTHMA,NO2,p95,Hospital Admissions,Asthma,170,80.58702923235619,12.641175729485168,67.94585350287102,88376,0.0001667347,0.003324,,1.2533901711704185,0.20216384091619477,14.7353458472,2.978954113698452,UNIT_VALUE_ASTHMA_HA,UNIT_VALUE_ASTHMA_HA_2015_USD,11232.0,33459.61260506101,92797893.38725436
NO2_ASTHMA,NO2,p95,Hospital Admissions,Asthma,171,81.62043727663266,13.005933777819427,68.61450349881324,88376,0.0001667347,0.003324,,1.2561790449899397,0.2039351364852543,14.7353458472,3.005054766506157,UNIT_VALUE_ASTHMA_HA,UNIT_VALUE_ASTHMA_HA_2015_USD,11232.0,33752.775137397155,93610959.1493114
NO2_ASTHMA,NO2,p95,Hospital Admissions,Asthma,172,74.57945941598967,13.05569628336927,61.5237631326204,88376,0.0001667347,0.003324,,1.2269175764963325,0.18494932409749432,14.7353458472,2.7252922547824596,UNIT_VALUE_ASTHMA_HA,UNIT_VALUE_ASTHMA_HA_2015_USD,11232.0,30610.482605716585,84896030.77317254
NO2_ASTHMA,NO2,p95,Hospital Admissions,Asthma,173,76.98088183621518,13.027485330512985,63.95339650570219,88377,0.0001667347,0.003324,,1.2368664069771662,0.19150524716412554,14.7355125819,2.821927979086841,UNIT_VALUE_ASTHMA_HA,UNIT_VALUE_ASTHMA_HA_2015_USD,11232.0,31695.895061103398,87906346.23931599
NO2_ASTHMA,NO2,p95,Hospital Admissions,Asthma,174,80.8646234893947,13.066019242601657,67.79860424679305,88377,0.0001667347,0.003324,,1.2527768412814102,0.20177323921701484,14.7355125819,2.973232105173041,UNIT_VALUE_ASTHMA_HA,UNIT_VALUE_ASTHMA_HA_2015_USD,11232.0,33395.34300530359,92619646.15119913
NO2_ASTHMA,NO2,p95,Hospital Admissions,Asthma,175,78.13241283561109,12.977259101296715,65.15515373431438,88377,0.0001667347,0.003324,,1.2418171258616222,0.19472845141658024,14.7355125819,2.869423545902921,UNIT_VALUE_ASTHMA_HA,UNIT_VALUE_ASTHMA_HA_2015_USD,11232.0,32229.36526758161,89385888.51406886
NO2_ASTHMA,NO2,p95,Hospital Admissions,Asthma,176,79.27253731742866,12.993492598486192,66.27904471894246,88377,0.0001667347,0.003324,,1.2464649995994328,0.19773118352993257,14.7355125819,2.9136703427392994,UNIT_VALUE_ASTHMA_HA,UNIT_VALUE_ASTHMA_HA_2015_USD,11232.0,32726.345289647812,90764227.81666793
NO2_ASTHMA,NO2,p95,Hospital Admissions,Asthma,177,78.90073812643182,12.922669386356592,65.97806874007523,84182,0.0001667347,0.003324,,1.2452186045559994,0.19692815675801412,14.0360605154,2.7640955254416637,UNIT_VALUE_ASTHMA_HA,UNIT_VALUE_ASTHMA_HA_2015_USD,11232.0,31046.320941760765,86104797.88950755
NO2_ASTHMA,NO2,p95,Hospital Admissions,Asthma,178,74.9539027504447,12.592901348128583,62.36100140231611,32375,0.0001667347,0.003324,,1.2303368192190014,0.1872144404856677,5.3980359125,1.0105902730802283,UNIT_VALUE_ASTHMA_HA,UNIT_VALUE_ASTHMA_HA_2015_USD,11232.0,11350.949947237124,31481065.112165857
NO2_ASTHMA,NO2,p95,Hospital Admissions,Asthma,208,78.76476242892028,12.996430067222986,65.76833236169729,46725,0.0001667347,0.003324,,1.2443507858602871,0.19636808899618619,7.7906788575,1.529840719230266,UNIT_VALUE_ASTHMA_HA,UNIT_VALUE_ASTHMA_HA_2015_USD,11232.0,17183.17095839435,47656321.83113963
NO2_ASTHMA,NO2,p95,Hospital Admissions,Asthma,209,76.41371384940145,12.73026765579241,63.68344619360904,21680,0.0001667347,0.003324,,1.235757046195687,0.1907794472396268,3.614808296,0.6896311285880973,UNIT_VALUE_ASTHMA_HA,UNIT_VALUE_ASTHMA_HA_2015_USD,11232.0,7745.936836301508,21482813.59990369
NO2_ASTHMA,NO2,p95,Hospital Admissions,Asthma,210,75.63716986436927,12.891576379505365,62.7455934848639,27561,0.0001667347,0.003324,,1.2319106680019436,0.1882528287364239,4.5953750667,0.8650923554111076,UNIT_VALUE_ASTHMA_HA,UNIT_VALUE_ASTHMA_HA_2015_USD,11232.0,9716.71733597756,26948635.361120243
NO2_ASTHMA,NO2,p95,Hospital Admissions,Asthma,211,81.73970613667271,12.827443347584964,68.91226278908775,88377,0.0001667347,0.003324,,1.257422966047488,0.20472265339375562,14.7355125819,3.016693234883639,UNIT_VALUE_ASTHMA_HA,UNIT_VALUE_ASTHMA_HA_2015_USD,11232.0,33883.498414213034,93973511.00693084
NO2_ASTHMA,NO2,p95,Hospital Admissions,Asthma,212,81.32270379126491,13.230175673650969,68.09252811761395,88377,0.0001667347,0.003324,,1.254001406051072,0.2025527282708064,14.7355125819,2.9847182759326394,UNIT_VALUE_ASTHMA_HA,UNIT_VALUE_ASTHMA_HA_2015_USD,11232.0,33524.35567527541,92977453.76047908
NO2_ASTHMA,NO2,p95,Hospital Admissions,Asthma,213,77.67497470602994,12.881859175168245,64.7931155308617,88376,0.0001667347,0.003324,,1.2403236033635856,0.19375879223120585,14.7353458472,2.8551028144625867,UNIT_VALUE_ASTHMA_HA,UNIT_VALUE_ASTHMA_HA_2015_USD,11232.0,32068.514812043773,88939781.03516656
NO2_ASTHMA,NO2,p95,Hospital Admissions,Asthma,214,78.83206351300973,12.602999511619624,66.2290640013901,88377,0.0001667347,0.003324,,1.2462579342094682,0.19759788680155976,14.7355125819,2.9117061471212358,UNIT_VALUE_ASTHMA_HA,UNIT_VALUE_ASTHMA_HA_2015_USD,11232.0,32704.28344446572,90703040.83338456
NO2_ASTHMA,NO2,p95,Hospital Admissions,Asthma,215,79.46697481074676,13.270152198797357,66.19682261194941,88376,0.0001667347,0.003324,,1.2461243794316352,0.19751188845522305,14.7353458472,2.9104059853213005,UNIT_VALUE_ASTHMA_HA,UNIT_VALUE_ASTHMA_HA_2015_USD,11232.0,32689.68002712885,90662539.27763996
NO2_ASTHMA,NO2,p95,Hospital Admissions,Asthma,216,78.04504105556269,13.143551372282404,64.90148968328029,88376,0.0001667347,0.003324,,1.2407704926714418,0.19404917677648081,14.7353458472,2.8593817311658953,UNIT_VALUE_ASTHMA_HA,UNIT_VALUE_ASTHMA_HA_2015_USD,11232.0,32116.575604455338,89073074.27866456
NO2_ASTHMA,NO2,p95,Hospital Admissions,Asthma,217,77.50751449987432,12.85890234666896,64.64861215320536,88377,0.0001667347,0.003324,,1.2397279827439909,0.19337143799350354,14.7355125819,2.849427257533367,UNIT_VALUE_ASTHMA_HA,UNIT_VALUE_ASTHMA_HA_2015_USD,11232.0,32004.766956614778,88762980.82048412
NO2_ASTHMA,NO2,p95,Hospital Admissions,Asthma,218,77.78702880510478,12.889236307418072,64.89779249768671,76565,0.0001667347,0.003324,,1.240755244384519,0.19403927202737437,12.766042305500001,2.477113555629884,UNIT_VALUE_ASTHMA_HA,UNIT_VALUE_ASTHMA_HA_2015_USD,11232.0,27822.939456834858,77164974.9777695
NO2_ASTHMA,NO2,p95,Hospital Admissions,Asthma,219,80.70072693325947,13.047125416770507,67.65360151648896,5064,0.0001667347,0.003324,,1.2521731620249248,0.2013884099042088,0.8443445208,0.17004120045524315,UNIT_VALUE_ASTHMA_HA,UNIT_VALUE_ASTHMA_HA_2015_USD,11232.0,1909.9027635132911,5296981.621410667
NO2_ASTHMA,NO2,p95,Hospital Admissions,Asthma,251,81.27614849346627,12.849915928054156,68.4262325654121,80,0.0001667347,0.003324,,1.2553931582721019,0.20343679315858298,0.013338776,0.002713597814100671,UNIT_VALUE_ASTHMA_HA,UNIT_VALUE_ASTHMA_HA_2015_USD,11232.0,30.479130647978735,84531.73531302366
NO2_ASTHMA,NO2,p95,Hospital Admissions,Asthma,252,77.50998463595056,12.909435351320878,64.60054928462968,28607,0.0001667347,0.003324,,1.2395299384128513,0.19324255993328898,4.7697795629,0.9217244130522803,UNIT_VALUE_ASTHMA_HA,UNIT_VALUE_ASTHMA_HA_2015_USD,11232.0,10352.808607403213,28712789.97603029
NO2_ASTHMA,NO2,p95,Hospital Admissions,Asthma,253,79.14481303145038,12.685844184944722,66.45896884650566,77148,0.0001667347,0.003324,,1.2472106931449674,0.1982108512248245,12.8632486356,2.5496354615788386,UNIT_VALUE_ASTHMA_HA,UNIT_VALUE_ASTHMA_HA_2015_USD,11232.0,28637.505504453515,79424116.8912165
NO2_ASTHMA,NO2,p95,Hospital Admissions,Asthma,254,74.00908195765616,12.407751869985374,61.60133008767079,88376,0.0001667347,0.003324,,1.2272339565790469,0.18515944360965098,14.7353458472,2.728388438463333,UNIT_VALUE_ASTHMA_HA,UNIT_VALUE_ASTHMA_HA_2015_USD,11232.0,30645.258940820157,84992480.50423884
NO2_ASTHMA,NO2,p95,Hospital Admissions,Asthma,255,80.65049162026077,12.466540857365056,68.1839507628957,88376,0.0001667347,0.003324,,1.2543825410333995,0.20279502680564354,14.7353458472,2.988254856073352,UNIT_VALUE_ASTHMA_HA,UNIT_VALUE_ASTHMA_HA_2015_USD,11232.0,33564.07854341589,93087622.35466592
NO2_ASTHMA,NO2,p95,Hospital Admissions,Asthma,256,75.11337469981034,12.635893102271275,62.47748159753906,88376,0.0001667347,0.003324,,1.2308132734673627,0.18752907402203367,14.7353458472,2.763305762119835,UNIT_VALUE_ASTHMA_HA,UNIT_VALUE_ASTHMA_HA_2015_USD,11232.0,31037.45032012999,86080195.84135811
NO2_ASTHMA,NO2,p95,Hospital Admissions,Asthma,257,79.1828372877375,12.55169659949943,66.63114068823808,88377,0.0001667347,0.003324,,1.2479246751154471,0.19866958323627293,14.7355125819,2.927498143418929,UNIT_VALUE_ASTHMA_HA,UNIT_VALUE_ASTHMA_HA_2015_USD,11232.0,32881.659146881415,91194979.92773531
NO2_ASTHMA,NO2,p95,Hospital Admissions,Asthma,258,80.74561051155482,12.867963148621094,67.87764736293371,88376,0.0001667347,0.003324,,1.2531060382589603,0.2019829372226316,14.7353458472,2.976288435208763,UNIT_VALUE_ASTHMA_HA,UNIT_VALUE_ASTHMA_HA_2015_USD,11232.0,33429.67170426482,92714854.39475918
NO2_ASTHMA,NO2,p95,Hospital Admissions,Asthma,259,76.44152967071115,12.72672934369458,63.71480032701657,45742,0.0001667347,0.003324,,1.235885844914779,0.1908637807329564,7.6267786474,1.4556758074561473,UNIT_VALUE_ASTHMA_HA,UNIT_VALUE_ASTHMA_HA_2015_USD,11232.0,16350.150669347448,45345998.370888285
NO2_ASTHMA,NO2,p95,Hospital Admissions,Asthma,294,77.54287288245338,12.756930694338962,64.78594218811442,10391,0.0001667347,0.003324,,1.2402940292029103,0.19373956783242618,1.7325402677,0.33566160271647394,UNIT_VALUE_ASTHMA_HA,UNIT_VALUE_ASTHMA_HA_2015_USD,11232.0,3770.1511217114353,10456250.225488145
NO2_ASTHMA,NO2,p95,Hospital Admissions,Asthma,295,76.58192507818806,13.093897456813778,63.488027621374286,58101,0.0001667347,0.003324,,1.2349545944955824,0.19025363000617013,9.6874528047,1.8430730616076287,UNIT_VALUE_ASTHMA_HA,UNIT_VALUE_ASTHMA_HA_2015_USD,11232.0,20701.396627976887,57413874.44992993
NO2_ASTHMA,NO2,p95,Hospital Admissions,Asthma,296,82.57135122794973,12.917862185241637,69.6534890427081,88049,0.0001667347,0.003324,,1.2605248698247817,0.20667967452399083,14.6808236003,3.0342278434541274,UNIT_VALUE_ASTHMA_HA,UNIT_VALUE_ASTHMA_HA_2015_USD,11232.0,34080.44713767676,94519734.50504686
NO2_ASTHMA,NO2,p95,Hospital Admissions,Asthma,297,81.77823519478476,12.945287918834406,68.83294727595035,88376,0.0001667347,0.003324,,1.257091496761249,0.20451295504234623,14.7353458472,3.0135691227818366,UNIT_VALUE_ASTHMA_HA,UNIT_VALUE_ASTHMA_HA_2015_USD,11232.0,33848.40838708559,93876191.27299479
NO2_ASTHMA,NO2,p95,Hospital Admissions,Asthma,298,82.58778299624069,13.353943359640724,69.23383963659997,88375,0.0001667347,0.003324,,1.2587677710338612,0.205572288223846,14.735179112500001,3.0291444875448454,UNIT_VALUE_ASTHMA_HA,UNIT_VALUE_ASTHMA_HA_2015_USD,11232.0,34023.350884103704,94361382.04249974
NO2_ASTHMA,NO2,p95,Hospital Admissions,Asthma,299,74.8688431842996,12.780806430828346,62.08803675347126,88375,0.0001667347,0.003324,,1.2292209984730869,0.1864766374458462,14.735179112500001,2.7477666530612685,UNIT_VALUE_ASTHMA_HA,UNIT_VALUE_ASTHMA_HA_2015_USD,11232.0,30862.915047184168,85596134.47931199
NO2_ASTHMA,NO2,p95,Hospital Admissions,Asthma,300,76.96649013090817,12.79925714342944,64.16723298747873,65052,0.0001667347,0.003324,,1.2377458748225145,0.19207971495490217,10.8464257044,2.083378357580676,UNIT_VALUE_ASTHMA_HA,UNIT_VALUE_ASTHMA_HA_2015_USD,11232.0,23400.505712346152,64899664.55779219
NO2_ASTHMA,NO2,p95,Hospital Admissions,Asthma,301,81.39518608635359,12.733271356265943,68.66191473008764,35569,0.0001667347,0.003324,,1.2563770280422177,0.20406058238881042,5.9305865443,1.2101989441371006,UNIT_VALUE_ASTHMA_HA,UNIT_VALUE_ASTHMA_HA_2015_USD,11232.0,13592.954540547915,37699107.9113918
NO2_ASTHMA,NO2,p95,Hospital Admissions,Asthma,302,78.61820109179605,12.703377383334006,65.91482370846205,32382,0.0001667347,0.003324,,1.2449568541400038,0.196759312039947,5.3992030554,1.0623434787444839,UNIT_VALUE_ASTHMA_HA,UNIT_VALUE_ASTHMA_HA_2015_USD,11232.0,11932.241953258042,33093237.80042445
NO2_ASTHMA,NO2,p95,Hospital Admissions,Asthma,303,77.24411566411176,12.960978715397491,64.28313694871427,24978,0.0001667347,0.003324,,1.2382228265692174,0.19239091822371657,4.1646993366,0.8012503294941773,UNIT_VALUE_ASTHMA_HA,UNIT_VALUE_ASTHMA_HA_2015_USD,11232.0,8999.6437008786,24959881.829327732
NO2_ASTHMA,NO2,p95,Hospital Admissions,Asthma,304,75.36145114241752,12.843451807118951,62.51799933529857,8201,0.0001667347,0.003324,,1.2309790517443369,0.18763849101821206,1.3673912747,0.2565752354161775,UNIT_VALUE_ASTHMA_HA,UNIT_VALUE_ASTHMA_HA_2015_USD,11232.0,2881.8530441945054,7992617.688360367
NO2_ASTHMA,NO2,p95,Hospital Admissions,Asthma,337,84.04270087374917,13.006535634360024,71.03616523938915,12381,0.0001667347,0.003324,,1.2663315955685306,0.21031742120353447,2.0643423207000002,0.4341671533709438,UNIT_VALUE_ASTHMA_HA,UNIT_VALUE_ASTHMA_HA_2015_USD,11232.0,4876.5654666624405,13524812.962205611
NO2_ASTHMA,NO2,p95,Hospital Admissions,Asthma,338,79.10443656552343,12.818044142568397,66.28639242295503,74381,0.0001667347,0.003324,,1.2464954433433488,0.19775077771820737,12.4018937207,2.4524841284469776,UNIT_VALUE_ASTHMA_HA,UNIT_VALUE_ASTHMA_HA_2015_USD,11232.0,27546.301730716452,76397739.60902092
NO2_ASTHMA,NO2,p95,Hospital Admissions,Asthma,339,78.69275266758335,12.846442834378704,65.84630983320464,88375,0.0001667347,0.003324,,1.2446733597977027,0.19657636107634657,14.735179112500001,2.89658788974344,UNIT_VALUE_ASTHMA_HA,UNIT_VALUE_ASTHMA_HA_2015_USD,11232.0,32534.47517759832,90232089.4918065
NO2_ASTHMA,NO2,p95,Hospital Admissions,Asthma,340,77.67185396477056,12.996960305996272,64.6748936587743,88377,0.0001667347,0.003324,,1.2398362897697992,0.19344190176457055,14.7355125819,2.8504655773184933,UNIT_VALUE_ASTHMA_HA,UNIT_VALUE_ASTHMA_HA_2015_USD,11232.0,32016.429364441316,88795325.69222248
NO2_ASTHMA,NO2,p95,Hospital Admissions,Asthma,341,78.96070725356789,13.079657619108476,65.88104963445942,88375,0.0001667347,0.003324,,1.2448170968764765,0.1966691311444687,14.735179112500001,2.8979548733134988,UNIT_VALUE_ASTHMA_HA,UNIT_VALUE_ASTHMA_HA_2015_USD,11232.0,32549.82913705722,90274672.62358859
NO2_ASTHMA,NO2,p95,Hospital Admissions,Asthma,342,76.35301988186635,12.80265073340836,63.55036914845798,88375,0.0001667347,0.003324,,1.2352105323002134,0.19042141088467213,14.735179112500001,2.805893596240601,UNIT_VALUE_ASTHMA_HA,UNIT_VALUE_ASTHMA_HA_2015_USD,11232.0,31515.79687297443,87406856.52141348
NO2_ASTHMA,NO2,p95,Hospital Admissions,Asthma,343,78.8978605923773,12.919237529547502,65.9786230628298,88375,0.0001667347,0.003324,,1.2452208989591083,0.1969296364718025,14.735179112500001,2.9017934659715228,UNIT_VALUE_ASTHMA_HA,UNIT_VALUE_ASTHMA_HA_2015_USD,11232.0,32592.944209792142,90394249.25976382
NO2_ASTHMA,NO2,p95,Hospital Admissions,Asthma,344,77.27625292206082,12.70276760438119,64.57348531767963,88377,0.0001667347,0.003324,,1.2394184345390244,0.1931699802642285,14.7355125819,2.8464586746289138,UNIT_VALUE_ASTHMA_HA,UNIT_VALUE_ASTHMA_HA_2015_USD,11232.0,31971.42383343196,88670506.00235519
NO2_ASTHMA,NO2,p95,Hospital Admissions,Asthma,345,79.10285095908222,12.79851269185022,66.304338267232,86300,0.0001667347,0.003324,,1.2465698014903372,0.19779863205056836,14.38920461,2.846164988153732,UNIT_VALUE_ASTHMA_HA,UNIT_VALUE_ASTHMA_HA_2015_USD,11232.0,31968.12514694272,88661357.32628533
NO2_ASTHMA,NO2,p95,Hospital Admissions,Asthma,346,80.45581309513615,12.95135903305163,67.50445406208452,33933,0.0001667347,0.003324,,1.2515525308284068,0.20099238716085155,5.6578085751,1.137176451608485,UNIT_VALUE_ASTHMA_HA,UNIT_VALUE_ASTHMA_HA_2015_USD,11232.0,12772.765904466503,35424372.14242453
NO2_ASTHMA,NO2,p95,Hospital Admissions,Asthma,347,77.24965386458499,13.024788855217846,64.22486500936714,2135,0.0001667347,0.003324,,1.2379830110781398,0.1922344724834989,0.35597858450000003,0.06843135540678014,UNIT_VALUE_ASTHMA_HA,UNIT_VALUE_ASTHMA_HA_2015_USD,11232.0,768.6209839289545,2131716.49545808
NO2_ASTHMA,NO2,p95,Hospital Admissions,Asthma,348,79.60808793129203,12.902229677650643,66.7058582536414,32334,0.0001667347,0.003324,,1.2482346496607752,0.19886857789778256,5.3911997898,1.0721402353603502,UNIT_VALUE_ASTHMA_HA,UNIT_VALUE_ASTHMA_HA_2015_USD,11232.0,12042.279123567454,33398418.18967568
NO2_ASTHMA,NO2,p95,Hospital Admissions,Asthma,349,81.21911360603389,12.900824472964318,68.31828913306957,30021,0.0001667347,0.003324,,1.254942799024299,0.20315093183730248,5.0055424287,1.0168806087415592,UNIT_VALUE_ASTHMA_HA,UNIT_VALUE_ASTHMA_HA_2015_USD,11232.0,11421.602997385193,31677016.401038013
NO2_ASTHMA,NO2,p95,Hospital Admissions,Asthma,350,77.65537161503875,13.145032719996268,64.51033889504248,41325,0.0001667347,0.003324,,1.2391583095108036,0.19300060991014045,6.8903114775,1.329834317628341,UNIT_VALUE_ASTHMA_HA,UNIT_VALUE_ASTHMA_HA_2015_USD,11232.0,14936.699055601524,41425889.26177693
NO2_ASTHMA,NO2,p95,Hospital Admissions,Asthma,351,78.53369752340595,12.62753346091184,65.90616406249411,31973,0.0001667347,0.003324,,1.2449210189920157,0.1967361906945091,5.3310085631,1.0488023172641026,UNIT_VALUE_ASTHMA_HA,UNIT_VALUE_ASTHMA_HA_2015_USD,11232.0,11780.1476275104,32671414.834566165
NO2_ASTHMA,NO2,p95,Hospital Admissions,Asthma,352,78.70552187335083,13.099213078633886,65.60630879471695,11823,0.0001667347,0.003324,,1.2436808008479292,0.19593516333273786,1.9713043581,0.3862478413828615,UNIT_VALUE_ASTHMA_HA,UNIT_VALUE_ASTHMA_HA_2015_USD,11232.0,4338.3357544123,12032070.531359704
NO2_ASTHMA,NO2,p95,Hospital Admissions,Asthma,353,82.02237275328818,13.029929861233532,68.99244289205465,30,0.0001667347,0.003324,,1.2577581373970224,0.2049345814056608,0.0050020410000000005,0.001025091178508953,UNIT_VALUE_ASTHMA_HA,UNIT_VALUE_ASTHMA_HA_2015_USD,11232.0,11.51382411701256,31932.78522084614
NO2_ASTHMA,NO2,p95,Hospital Admissions,Asthma,360,81.72743537539495,12.700089004466552,69.0273463709284,26038,0.0001667347,0.003324,,1.2579040699096764,0.2050268188799128,4.3414381186,0.8901112468205516,UNIT_VALUE_ASTHMA_HA,UNIT_VALUE_ASTHMA_HA_2015_USD,11232.0,9997.729524288436,27728002.994547274
NO2_ASTHMA,NO2,p95,Hospital Admissions,Asthma,361,73.6865232542929,12.734942392851211,60.95158086144168,20956,0.0001667347,0.003324,,1.2245862780930914,0.18339767651391126,3.4940923732,0.640808422769858,UNIT_VALUE_ASTHMA_HA,UNIT_VALUE_ASTHMA_HA_2015_USD,11232.0,7197.560204551046,19961929.398108006
NO2_ASTHMA,NO2,p95,Hospital Admissions,Asthma,379,79.70114396836625,12.638117487826449,67.0630264805398,54999,0.0001667347,0.003324,,1.2497174678184664,0.19981913852446864,9.1702417653,1.8323898096033486,UNIT_VALUE_ASTHMA_HA,UNIT_VALUE_ASTHMA_HA_2015_USD,11232.0,20581.40234146481,57081078.69588875
NO2_ASTHMA,NO2,p95,Hospital Admissions,Asthma,380,77.80939147849774,12.98540092587393,64.82399055262381,88376,0.0001667347,0.003324,,1.2404509025363895,0.19384153136954618,14.7353458472,2.8563220042811306,UNIT_VALUE_ASTHMA_HA,UNIT_VALUE_ASTHMA_HA_2015_USD,11232.0,32082.20875208566,88977760.21929692
NO2_ASTHMA,NO2,p95,Hospital Admissions,Asthma,381,77.98157525195532,12.978324250310006,65.00325100164531,88376,0.0001667347,0.003324,,1.2411902600158533,0.1943217472660257,14.7353458472,2.8633981515970794,UNIT_VALUE_ASTHMA_HA,UNIT_VALUE_ASTHMA_HA_2015_USD,11232.0,32161.688038738397,89198190.45727822
NO2_ASTHMA,NO2,p95,Hospital Admissions,Asthma,382,77.68868048950236,12.697450575717289,64.99122991378508,88375,0.0001667347,0.003324,,1.2411406654070902,0.19428955325381825,14.735179112500001,2.8628913668826192,UNIT_VALUE_ASTHMA_HA,UNIT_VALUE_ASTHMA_HA_2015_USD,11232.0,32155.995832825578,89182403.52263343
NO2_ASTHMA,NO2,p95,Hospital Admissions,Asthma,383,79.3389910665566,12.812056932973752,66.52693413358286,88376,0.0001667347,0.003324,,1.2474924905921765,0.19839196825521044,14.7353458472,2.9233742655472494,UNIT_VALUE_ASTHMA_HA,UNIT_VALUE_ASTHMA_HA_2015_USD,11232.0,32835.33975062671,91066516.32458062
NO2_ASTHMA,NO2,p95,Hospital Admissions,Asthma,384,81.49373731251572,12.762089186024584,68.73164812649114,88377,0.0001667347,0.003324,,1.2566682822140514,0.20424505483805344,14.7355125819,3.009655575356992,UNIT_VALUE_ASTHMA_HA,UNIT_VALUE_ASTHMA_HA_2015_USD,11232.0,33804.45142240973,93754279.7084538
NO2_ASTHMA,NO2,p95,Hospital Admissions,Asthma,385,81.26537629651901,12.724590923336295,68.54078537318271,88376,0.0001667347,0.003324,,1.2558712697806456,0.2037400456062164,14.7353458472,3.002180034931899,UNIT_VALUE_ASTHMA_HA,UNIT_VALUE_ASTHMA_HA_2015_USD,11232.0,33720.48615235509,93521407.90952618
NO2_ASTHMA,NO2,p95,Hospital Admissions,Asthma,386,76.49492667115797,12.709537397487653,63.78538927367032,88376,0.0001667347,0.003324,,1.236175864299226,0.19105361228930917,14.7353458472,2.8152410524398306,UNIT_VALUE_ASTHMA_HA,UNIT_VALUE_ASTHMA_HA_2015_USD,11232.0,31620.787501004175,87698040.67891
NO2_ASTHMA,NO2,p95,Hospital Admissions,Asthma,387,77.99191876158842,12.642610401203603,65.34930836038482,88291,0.0001667347,0.003324,,1.2426188160172031,0.19524798183471592,14.7211733977,2.874279396139833,UNIT_VALUE_ASTHMA_HA,UNIT_VALUE_ASTHMA_HA_2015_USD,11232.0,32283.906177442605,89537153.90970464
NO2_ASTHMA,NO2,p95,Hospital Admissions,Asthma,388,80.88730763356693,12.804330599445445,68.08297703412148,86731,0.0001667347,0.003324,,1.2539615948952774,0.20252741067120683,14.4610672657,2.92876250886437,UNIT_VALUE_ASTHMA_HA,UNIT_VALUE_ASTHMA_HA_2015_USD,11232.0,32895.8604995646,91234366.38530745
NO2_ASTHMA,NO2,p95,Hospital Admissions,Asthma,389,75.18842526865397,12.68286874706344,62.505556521590535,88377,0.0001667347,0.003324,,1.2309281396110086,0.1876048911222269,14.7355125819,2.764454233557554,UNIT_VALUE_ASTHMA_HA,UNIT_VALUE_ASTHMA_HA_2015_USD,11232.0,31050.349951318447,86115972.06548512
NO2_ASTHMA,NO2,p95,Hospital Admissions,Asthma,390,80.3864062394288,12.750940048118828,67.63546619130997,88377,0.0001667347,0.003324,,1.2520976810217312,0.20134026669230443,14.7355125819,2.9668520330875534,UNIT_VALUE_ASTHMA_HA,UNIT_VALUE_ASTHMA_HA_2015_USD,11232.0,33323.6820356394,92420899.46810338
NO2_ASTHMA,NO2,p95,Hospital Admissions,Asthma,391,76.69408779897171,12.66478382810116,64.02930397087054,88376,0.0001667347,0.003324,,1.2371785280488221,0.19170921792740858,14.7353458472,2.8249016282565997,UNIT_VALUE_ASTHMA_HA,UNIT_VALUE_ASTHMA_HA_2015_USD,11232.0,31729.29508857813,87998978.87751523
NO2_ASTHMA,NO2,p95,Hospital Admissions,Asthma,392,79.24341685413633,12.805722769399786,66.43769408473653,88377,0.0001667347,0.003324,,1.247122496880627,0.19815414884964688,14.7355125819,2.919902953529657,UNIT_VALUE_ASTHMA_HA,UNIT_VALUE_ASTHMA_HA_2015_USD,11232.0,32796.34997404511,90958380.90851592
NO2_ASTHMA,NO2,p95,Hospital Admissions,Asthma,393,74.06432275298683,12.910493307730528,61.1538294452563,88376,0.0001667347,0.003324,,1.225409812756499,0.183946472771791,14.7353458472,2.7105148936648984,UNIT_VALUE_ASTHMA_HA,UNIT_VALUE_ASTHMA_HA_2015_USD,11232.0,30444.50328564414,84435698.74750403
NO2_ASTHMA,NO2,p95,Hospital Admissions,Asthma,394,73.890969962221,12.734551441404315,61.15641852081669,65713,0.0001667347,0.003324,,1.2254203587855375,0.1839534957693555,10.9566373411,2.0155117407724013,UNIT_VALUE_ASTHMA_HA,UNIT_VALUE_ASTHMA_HA_2015_USD,11232.0,22638.227872355612,62785540.32802722
NO2_ASTHMA,NO2,p95,Hospital Admissions,Asthma,395,77.50174098448049,13.049272798909085,64.4524681855714,29100,0.0001667347,0.003324,,1.238919965169761,0.19284535876942088,4.85197977,0.9356817794876222,UNIT_VALUE_ASTHMA_HA,UNIT_VALUE_ASTHMA_HA_2015_USD,11232.0,10509.577747204972,29147578.211430684
NO2_ASTHMA,NO2,p95,Hospital Admissions,Asthma,396,78.02331399676272,12.806102061137445,65.21721193562529,7120,0.0001667347,0.003324,,1.2420733161355788,0.19489454687645447,1.187151064,0.2313692686921808,UNIT_VALUE_ASTHMA_HA,UNIT_VALUE_ASTHMA_HA_2015_USD,11232.0,2598.739625950575,7207422.440800102
NO2_ASTHMA,NO2,p95,Hospital Admissions,Asthma,397,83.60611945003163,13.094070828001398,70.51204862203024,2535,0.0001667347,0.003324,,1.2641273593391,0.20894046583818005,0.4226724645,0.08831338162960162,UNIT_VALUE_ASTHMA_HA,UNIT_VALUE_ASTHMA_HA_2015_USD,11232.0,991.9359024636854,2751064.7899698587
NO2_ASTHMA,NO2,p95,Hospital Admissions,Asthma,398,74.27974060500102,12.612637517289592,61.66710308771143,10141,0.0001667347,0.003324,,1.2275022953989312,0.18533757228127556,1.6908565927,0.3133792559668076,UNIT_VALUE_ASTHMA_HA,UNIT_VALUE_ASTHMA_HA_2015_USD,11232.0,3519.875803019183,9762129.148367492
NO2_ASTHMA,NO2,p95,Hospital Admissions,Asthma,400,75.5253350574195,12.393512040453407,63.13182301696609,7025,0.0001667347,0.003324,,1.2334932437950055,0.1892943029640216,1.1713112675,0.22172254993531715,UNIT_VALUE_ASTHMA_HA,UNIT_VALUE_ASTHMA_HA_2015_USD,11232.0,2490.387680873482,6906915.905764941
NO2_ASTHMA,NO2,p95,Hospital Admissions,Asthma,401,78.93395259791804,12.284515906967716,66.64943669095032,87066,0.0001667347,0.003324,,1.2480005711017574,0.19871831539533513,14.5169233902,2.8847785608236816,UNIT_VALUE_ASTHMA_HA,UNIT_VALUE_ASTHMA_HA_2015_USD,11232.0,32401.83279517159,89864215.12911274
NO2_ASTHMA,NO2,p95,Hospital Admissions,Asthma,402,72.36922377270328,12.8196843793945,59.54953939330878,76970,0.0001667347,0.003324,,1.2188925114228335,0.17958311284340955,12.833569859,2.304692424172577,UNIT_VALUE_ASTHMA_HA,UNIT_VALUE_ASTHMA_HA_2015_USD,11232.0,25886.305308306382,71793855.73121616
NO2_ASTHMA,NO2,p95,Hospital Admissions,Asthma,403,85.32123165898777,13.041431751108432,72.27979990787934,682,0.0001667347,0.003324,,1.2715772447172342,0.21357510591314954,0.11371306540000001,0.024286279986513903,UNIT_VALUE_ASTHMA_HA,UNIT_VALUE_ASTHMA_HA_2015_USD,11232.0,272.78349680852415,756545.9335536651
NO2_ASTHMA,NO2,p95,Hospital Admissions,Asthma,420,75.6064622924799,12.725035712794256,62.88142657968565,45834,0.0001667347,0.003324,,1.2324670125988815,0.1886192573289912,7.6421182398,1.4414506668114135,UNIT_VALUE_ASTHMA_HA,UNIT_VALUE_ASTHMA_HA_2015_USD,11232.0,16190.373889625796,44902868.65670487
NO2_ASTHMA,NO2,p95,Hospital Admissions,Asthma,421,81.77562024119948,12.708032642758992,69.06758759844048,88376,0.0001667347,0.003324,,1.2580723407267818,0.2051331488439645,14.7353458472,3.022707892940972,UNIT_VALUE_ASTHMA_HA,UNIT_VALUE_ASTHMA_HA_2015_USD,11232.0,33951.055053512995,94160874.61706454
NO2_ASTHMA,NO2,p95,Hospital Admissions,Asthma,422,80.81393499583152,13.152316036678595,67.66161895915292,88378,0.0001667347,0.003324,,1.252206532858581,0.20140969260305253,14.7356793166,2.9679086414535654,UNIT_VALUE_ASTHMA_HA,UNIT_VALUE_ASTHMA_HA_2015_USD,11232.0,33335.549860806444,92453814.0504564
NO2_ASTHMA,NO2,p95,Hospital Admissions,Asthma,423,77.92707196741682,12.84560324866496,65.08146871875186,88378,0.0001667347,0.003324,,1.2415130060904669,0.19453119291193977,14.7356793166,2.8665492758259954,UNIT_VALUE_ASTHMA_HA,UNIT_VALUE_ASTHMA_HA_2015_USD,11232.0,32197.08146607758,89296351.65046354
NO2_ASTHMA,NO2,p95,Hospital Admissions,Asthma,424,79.83871267494278,12.76144052832808,67.0772721466147,88378,0.0001667347,0.003324,,1.2497766465834987,0.19985702826685914,14.7356793166,2.9450290777090977,UNIT_VALUE_ASTHMA_HA,UNIT_VALUE_ASTHMA_HA_2015_USD,11232.0,33078.566600828584,91741088.96773602
NO2_ASTHMA,NO2,p95,Hospital Admissions,Asthma,425,81.31479239801268,12.783300732304255,68.53149166570843,88377,0.0001667347,0.003324,,1.255832473648412,0.2037154469378979,14.7355125819,3.001851531480776,UNIT_VALUE_ASTHMA_HA,UNIT_VALUE_ASTHMA_HA_2015_USD,11232.0,33716.79640159208,93511174.64406753
NO2_ASTHMA,NO2,p95,Hospital Admissions,Asthma,426,75.90278288852852,12.7613800255812,63.14140286294732,88377,0.0001667347,0.003324,,1.2335325230490737,0.18932011818530947,14.7355125819,2.7897289835264227,UNIT_VALUE_ASTHMA_HA,UNIT_VALUE_ASTHMA_HA_2015_USD,11232.0,31334.23594296878,86903309.9913079
NO2_ASTHMA,NO2,p95,Hospital Admissions,Asthma,427,78.46352385542598,12.992557858854529,65.47096599657145,88377,0.0001667347,0.003324,,1.243121420235902,0.19557334969722084,14.7355125819,2.881873555147726,UNIT_VALUE_ASTHMA_HA,UNIT_VALUE_ASTHMA_HA_2015_USD,11232.0,32369.20377141926,89773720.81576732
NO2_ASTHMA,NO2,p95,Hospital Admissions,Asthma,428,78.73646467225777,13.06965537052943,65.66680930172834,88377,0.0001667347,0.003324,,1.2439309347909095,0.19609684747643297,14.7355125819,2.8895875632599033,UNIT_VALUE_ASTHMA_HA,UNIT_VALUE_ASTHMA_HA_2015_USD,11232.0,32455.847510535234,90014021.16114372
NO2_ASTHMA,NO2,p95,Hospital Admissions,Asthma,429,81.77116164213479,12.487700207295278,69.28346143483951,88376,0.0001667347,0.003324,,1.2589754129108048,0.2057033125945189,14.7353458472,3.0311094529949276,UNIT_VALUE_ASTHMA_HA,UNIT_VALUE_ASTHMA_HA_2015_USD,11232.0,34045.42137603903,94422593.0069479
NO2_ASTHMA,NO2,p95,Hospital Admissions,Asthma,430,76.83464530630093,12.892837956277631,63.941807350023296,88378,0.0001667347,0.003324,,1.2368187608899588,0.19147410144357346,14.7356793166,2.821500956306636,UNIT_VALUE_ASTHMA_HA,UNIT_VALUE_ASTHMA_HA_2015_USD,11232.0,31691.098741236136,87893043.98190653
NO2_ASTHMA,NO2,p95,Hospital Admissions,Asthma,431,77.3362012859783,12.446232250686156,64.88996903529215,88377,0.0001667347,0.003324,,1.2407229787294256,0.19401831259379143,14.7355125819,2.8589592863448208,UNIT_VALUE_ASTHMA_HA,UNIT_VALUE_ASTHMA_HA_2015_USD,11232.0,32111.830704225027,89059914.63001882
NO2_ASTHMA,NO2,p95,Hospital Admissions,Asthma,432,73.58133175828587,12.872796622565865,60.708535135720005,88377,0.0001667347,0.003324,,1.2235973539636054,0.18273769000832274,14.7355125819,2.6927335303049817,UNIT_VALUE_ASTHMA_HA,UNIT_VALUE_ASTHMA_HA_2015_USD,11232.0,30244.783012385557,83881788.55004047
NO2_ASTHMA,NO2,p95,Hospital Admissions,Asthma,433,77.71300378300334,12.681985520594134,65.0310182624092,88376,0.0001667347,0.003324,,1.241304825146651,0.19439610662767104,14.7353458472,2.8644938625079006,UNIT_VALUE_ASTHMA_HA,UNIT_VALUE_ASTHMA_HA_2015_USD,11232.0,32173.99506368874,89232323.12948626
NO2_ASTHMA,NO2,p95,Hospital Admissions,Asthma,434,81.13759731907066,12.48869344179479,68.64890387727587,88374,0.0001667347,0.003324,,1.2563226933295437,0.20402615879701236,14.7350123778,3.0063279752689653,UNIT_VALUE_ASTHMA_HA,UNIT_VALUE_ASTHMA_HA_2015_USD,11232.0,33767.07581822102,93650621.08652872
NO2_ASTHMA,NO2,p95,Hospital Admissions,Asthma,435,74.84350525909277,12.926390888962436,61.91711437013033,88373,0.0001667347,0.003324,,1.228522819829436,0.1860143060762709,14.7348456431,2.74089208744221,UNIT_VALUE_ASTHMA_HA,UNIT_VALUE_ASTHMA_HA_2015_USD,11232.0,30785.699926150905,85381983.74618469
NO2_ASTHMA,NO2,p95,Hospital Admissions,Asthma,436,76.66206130306422,13.04221996913206,63.61984133393216,88373,0.0001667347,0.003324,,1.2354958069023056,0.19060834167681395,14.7348456431,2.8085844928951182,UNIT_VALUE_ASTHMA_HA,UNIT_VALUE_ASTHMA_HA_2015_USD,11232.0,31546.02102419797,87490681.08914137
NO2_ASTHMA,NO2,p95,Hospital Admissions,Asthma,437,83.57595630149625,13.371440660366856,70.20451564112939,87523,0.0001667347,0.003324,,1.262835778521914,0.2081313999747062,14.5931211481,3.0372867345545447,UNIT_VALUE_ASTHMA_HA,UNIT_VALUE_ASTHMA_HA_2015_USD,11232.0,34114.80460251665,94615022.52875774
NO2_ASTHMA,NO2,p95,Hospital Admissions,Asthma,438,77.98048690293382,12.938945693609464,65.04154120932435,83412,0.0001667347,0.003324,,1.241348244608226,0.1944242847698201,13.9076747964,2.7039897251013234,UNIT_VALUE_ASTHMA_HA,UNIT_VALUE_ASTHMA_HA_2015_USD,11232.0,30371.212592338063,84232432.13996814
NO2_ASTHMA,NO2,p95,Hospital Admissions,Asthma,439,84.075266183636,12.968380281383547,71.10688590225246,83452,0.0001667347,0.003324,,1.2666293140722393,0.21050303440003348,13.9143441844,2.9290116725026594,UNIT_VALUE_ASTHMA_HA,UNIT_VALUE_ASTHMA_HA_2015_USD,11232.0,32898.65910554987,91242128.12310518
NO2_ASTHMA,NO2,p95,Hospital Admissions,Asthma,440,74.82586363122046,13.02930152952725,61.796562101693205,77384,0.0001667347,0.003324,,1.2280306300189192,0.18568806383551384,12.9025980248,2.395858445673037,UNIT_VALUE_ASTHMA_HA,UNIT_VALUE_ASTHMA_HA_2015_USD,11232.0,26910.282061799553,74633783.57865673
NO2_ASTHMA,NO2,p95,Hospital Admissions,Asthma,441,78.75497357993059,12.170469804648013,66.58450377528258,85838,0.0001667347,0.003324,,1.2477312354552625,0.1985453504855733,14.3121731786,2.841615439955359,UNIT_VALUE_ASTHMA_HA,UNIT_VALUE_ASTHMA_HA_2015_USD,11232.0,31917.024621578592,88519633.59622471
NO2_ASTHMA,NO2,p95,Hospital Admissions,Asthma,442,21.241779314535464,17.305411478410115,3.936367836125349,88372,0.0001667347,0.003324,,1.0131704631599885,0.012999256925543379,14.7346789084,0.19153987684567664,UNIT_VALUE_ASTHMA_HA,UNIT_VALUE_ASTHMA_HA_2015_USD,11232.0,2151.37589673064,5966690.453269658
NO2_ASTHMA,NO2,p95,Hospital Admissions,Asthma,443,75.49197045961563,12.746616897857344,62.745353561758286,88316,0.0001667347,0.003324,,1.2319096855481533,0.1882521813642225,14.7253417652,2.7720777086325907,UNIT_VALUE_ASTHMA_HA,UNIT_VALUE_ASTHMA_HA_2015_USD,11232.0,31135.97682336126,86353452.2012148
NO2_ASTHMA,NO2,p95,Hospital Admissions,Asthma,444,82.32696585132267,12.487097916727723,69.83986793459495,45597,0.0001667347,0.003324,,1.2613060364746345,0.20717100284795908,7.6026021159,1.5750387046050187,UNIT_VALUE_ASTHMA_HA,UNIT_VALUE_ASTHMA_HA_2015_USD,11232.0,17690.83473012357,49064291.76556661
NO2_ASTHMA,NO2,p95,Hospital Admissions,Asthma,445,82.50041855740814,12.92714412081053,69.57327443659761,57394,0.0001667347,0.003324,,1.2601888166585673,0.20646812066501796,9.5695713718,1.975811416705304,UNIT_VALUE_ASTHMA_HA,UNIT_VALUE_ASTHMA_HA_2015_USD,11232.0,22192.313832433974,61548828.95228735
NO2_ASTHMA,NO2,p95,Hospital Admissions,Asthma,446,78.26010370117828,12.45958874112578,65.8005149600525,8084,0.0001667347,0.003324,,1.2444839073522198,0.19645405288718187,1.3478833148,0.2647971400114692,UNIT_VALUE_ASTHMA_HA,UNIT_VALUE_ASTHMA_HA_2015_USD,11232.0,2974.201476608822,8248739.601271205
NO2_ASTHMA,NO2,p95,Hospital Admissions,Asthma,461,79.82410833416084,12.979926274455469,66.84418205970537,22921,0.0001667347,0.003324,,1.2488087053494246,0.19923684410880715,3.8217260587,0.7614286389837779,UNIT_VALUE_ASTHMA_HA,UNIT_VALUE_ASTHMA_HA_2015_USD,11232.0,8552.366473065793,23719389.74739486
NO2_ASTHMA,NO2,p95,Hospital Admissions,Asthma,462,75.37729384793654,12.991476170620894,62.38581767731565,74661,0.0001667347,0.003324,,1.2304383130256624,0.18728148383075938,12.4485794367,2.3313884284902544,UNIT_VALUE_ASTHMA_HA,UNIT_VALUE_ASTHMA_HA_2015_USD,11232.0,26186.154828802537,72625467.38684581
NO2_ASTHMA,NO2,p95,Hospital Admissions,Asthma,463,82.7306327843535,12.782316652115416,69.94831613223809,80098,0.0001667347,0.003324,,1.261760796317723,0.20745675177231404,13.3551160006,2.770608985026934,UNIT_VALUE_ASTHMA_HA,UNIT_VALUE_ASTHMA_HA_2015_USD,11232.0,31119.48011982252,86307699.74871936
NO2_ASTHMA,NO2,p95,Hospital Admissions,Asthma,464,79.97430755429932,12.895175971346704,67.07913158295261,82755,0.0001667347,0.003324,,1.2497843711848593,0.19986197374836034,13.7981300985,2.7577215155228676,UNIT_VALUE_ASTHMA_HA,UNIT_VALUE_ASTHMA_HA_2015_USD,11232.0,30974.72806235285,85906240.04997125
NO2_ASTHMA,NO2,p95,Hospital Admissions,Asthma,465,75.7861171905515,12.458636739285494,63.327480451266,88371,0.0001667347,0.003324,,1.2342957259378673,0.1898213864103273,14.7345121737,2.7969255288915797,UNIT_VALUE_ASTHMA_HA,UNIT_VALUE_ASTHMA_HA_2015_USD,11232.0,31415.067540510223,87127490.76887727
NO2_ASTHMA,NO2,p95,Hospital Admissions,Asthma,466,76.3989449032802,12.806962837562113,63.591982065718085,88371,0.0001667347,0.003324,,1.235381400089542,0.19053338513311047,14.7345121737,2.807416482740087,UNIT_VALUE_ASTHMA_HA,UNIT_VALUE_ASTHMA_HA_2015_USD,11232.0,31532.901934136655,87454296.21119262
NO2_ASTHMA,NO2,p95,Hospital Admissions,Asthma,467,76.28779515535341,12.805369888362751,63.48242526699065,88369,0.0001667347,0.003324,,1.2349315971061916,0.19023855058588302,14.7341787043,2.803008800779416,UNIT_VALUE_ASTHMA_HA,UNIT_VALUE_ASTHMA_HA_2015_USD,11232.0,31483.394850354398,87316991.77981839
NO2_ASTHMA,NO2,p95,Hospital Admissions,Asthma,468,78.72107164664253,12.391525020495733,66.3295466261468,60568,0.0001667347,0.003324,,1.2466742591727564,0.1978658477607773,10.0987873096,1.9982051123697837,UNIT_VALUE_ASTHMA_HA,UNIT_VALUE_ASTHMA_HA_2015_USD,11232.0,22443.839822137412,62246418.67791056
NO2_ASTHMA,NO2,p95,Hospital Admissions,Asthma,469,75.10825272734961,12.809453978663884,62.298798748685726,37663,0.0001667347,0.003324,,1.2300824590811563,0.1870463702514893,6.2797290061,1.1746005167539975,UNIT_VALUE_ASTHMA_HA,UNIT_VALUE_ASTHMA_HA_2015_USD,11232.0,13193.1130041809,36590175.39918543
NO2_ASTHMA,NO2,p95,Hospital Admissions,Asthma,470,79.64487861908502,13.110034824848189,66.53484379423683,14834,0.0001667347,0.003324,,1.2475252897366496,0.19841304362567402,2.4733425398,0.4907434212505728,UNIT_VALUE_ASTHMA_HA,UNIT_VALUE_ASTHMA_HA_2015_USD,11232.0,5512.030107486434,15287229.661006099
NO2_ASTHMA,NO2,p95,Hospital Admissions,Asthma,471,84.94118694728394,12.685822737968872,72.25536420931506,56261,0.0001667347,0.003324,,1.271473965988347,0.21351122653724475,9.3806609567,2.0028764265950607,UNIT_VALUE_ASTHMA_HA,UNIT_VALUE_ASTHMA_HA_2015_USD,11232.0,22496.30802351572,62391935.5616592
NO2_ASTHMA,NO2,p95,Hospital Admissions,Asthma,472,74.08442312234055,12.614958476489242,61.46946464585131,87172,0.0001667347,0.003324,,1.2266961523710034,0.18480220381619095,14.5345972684,2.6860256067811092,UNIT_VALUE_ASTHMA_HA,UNIT_VALUE_ASTHMA_HA_2015_USD,11232.0,30169.43961536542,83672828.91244291
NO2_ASTHMA,NO2,p95,Hospital Admissions,Asthma,473,80.44881284138935,13.098730047895016,67.35008279349434,88375,0.0001667347,0.003324,,1.250910486297394,0.20058228709879256,14.735179112500001,2.9556159271956064,UNIT_VALUE_ASTHMA_HA,UNIT_VALUE_ASTHMA_HA_2015_USD,11232.0,33197.47809426105,92070881.67096643
NO2_ASTHMA,NO2,p95,Hospital Admissions,Asthma,474,81.28149316795148,12.57443722373055,68.70705594422093,88372,0.0001667347,0.003324,,1.2565655608004056,0.20418000365773092,14.7346789084,3.0085267934126025,UNIT_VALUE_ASTHMA_HA,UNIT_VALUE_ASTHMA_HA_2015_USD,11232.0,33791.772943610355,93719116.83499727
NO2_ASTHMA,NO2,p95,Hospital Admissions,Asthma,475,75.76241279054292,12.661365370606516,63.10104741993641,88373,0.0001667347,0.003324,,1.233367066252859,0.189211365081979,14.7348456431,2.7880002584032018,UNIT_VALUE_ASTHMA_HA,UNIT_VALUE_ASTHMA_HA_2015_USD,11232.0,31314.818902384763,86849458.18844096
NO2_ASTHMA,NO2,p95,Hospital Admissions,Asthma,476,78.49347721075291,13.149186032331723,65.34429117842119,88372,0.0001667347,0.003324,,1.2425980928957838,0.19523456078258317,14.7346789084,2.876718564953866,UNIT_VALUE_ASTHMA_HA,UNIT_VALUE_ASTHMA_HA_2015_USD,11232.0,32311.30292156182,89613136.86174719
NO2_ASTHMA,NO2,p95,Hospital Admissions,Asthma,477,82.33661594822904,13.594924500433514,68.74169144779552,88373,0.0001667347,0.003324,,1.2567102355282853,0.20427161987772913,14.7348456431,3.0099107881643365,UNIT_VALUE_ASTHMA_HA,UNIT_VALUE_ASTHMA_HA_2015_USD,11232.0,33807.317972661825,93762229.88491948
NO2_ASTHMA,NO2,p95,Hospital Admissions,Asthma,478,85.99261084741633,12.937659342458987,73.05495150495734,88371,0.0001667347,0.003324,,1.274857820172994,0.21559880311648927,14.7345121737,3.1767431891550606,UNIT_VALUE_ASTHMA_HA,UNIT_VALUE_ASTHMA_HA_2015_USD,11232.0,35681.17950058964,98959253.66232033
NO2_ASTHMA,NO2,p95,Hospital Admissions,Asthma,479,78.53929336147095,13.225557631347966,65.31373573012299,88373,0.0001667347,0.003324,,1.2424718932014245,0.195152819575385,14.7348456431,2.875546673259042,UNIT_VALUE_ASTHMA_HA,UNIT_VALUE_ASTHMA_HA_2015_USD,11232.0,32298.140234045557,89576631.06930897
NO2_ASTHMA,NO2,p95,Hospital Admissions,Asthma,480,79.63863039846547,13.070410005795347,66.56822039267011,88373,0.0001667347,0.003324,,1.2476637026272315,0.19850196980622337,14.7348456431,2.924895884945998,UNIT_VALUE_ASTHMA_HA,UNIT_VALUE_ASTHMA_HA_2015_USD,11232.0,32852.43057971345,91113916.54269467
NO2_ASTHMA,NO2,p95,Hospital Admissions,Asthma,481,71.79619492522079,12.025168506628589,59.7710264185922,88374,0.0001667347,0.003324,,1.2197902183839542,0.18018690023202888,14.7350123778,2.655056205236359,UNIT_VALUE_ASTHMA_HA,UNIT_VALUE_ASTHMA_HA_2015_USD,11232.0,29821.591297214785,82708095.9514344
NO2_ASTHMA,NO2,p95,Hospital Admissions,Asthma,482,12.228088162593217,9.946404454824236,2.281683707768982,88374,0.0001667347,0.003324,,1.007613150422847,0.007555628288150262,14.7350123778,0.11133227634794994,UNIT_VALUE_ASTHMA_HA,UNIT_VALUE_ASTHMA_HA_2015_USD,11232.0,1250.4841279401737,3468130.1949531157
NO2_ASTHMA,NO2,p95,Hospital Admissions,Asthma,483,84.44580275711336,13.740008792367536,70.70579396474582,88373,0.0001667347,0.003324,,1.2649417315955747,0.20944975169835056,14.7348456431,3.0862097612608177,UNIT_VALUE_ASTHMA_HA,UNIT_VALUE_ASTHMA_HA_2015_USD,11232.0,34664.308038481504,96139031.84316576
NO2_ASTHMA,NO2,p95,Hospital Admissions,Asthma,484,80.41038392457882,13.571396202681196,66.83898772189762,88373,0.0001667347,0.003324,,1.2487871436308444,0.19922301802971532,14.7348456431,2.9355204192203836,UNIT_VALUE_ASTHMA_HA,UNIT_VALUE_ASTHMA_HA_2015_USD,11232.0,32971.76534868335,91444883.17099886
NO2_ASTHMA,NO2,p95,Hospital Admissions,Asthma,485,21.54767665096748,17.619880042944832,3.9277966080226463,88373,0.0001667347,0.003324,,1.0131415975724443,0.012971136121478266,14.7348456431,0.19112768856562107,UNIT_VALUE_ASTHMA_HA,UNIT_VALUE_ASTHMA_HA_2015_USD,11232.0,2146.7461979690556,5953850.307833318
NO2_ASTHMA,NO2,p95,Hospital Admissions,Asthma,486,81.93792639426529,13.614176173664578,68.32375022060072,88372,0.0001667347,0.003324,,1.254965579774681,0.20316539663219924,14.7346789084,2.9935768846731863,UNIT_VALUE_ASTHMA_HA,UNIT_VALUE_ASTHMA_HA_2015_USD,11232.0,33623.855568649225,93253409.74975881
NO2_ASTHMA,NO2,p95,Hospital Admissions,Asthma,487,75.281180813928,13.022949206675328,62.25823160725268,66848,0.0001667347,0.003324,,1.2299165995757837,0.18693673998308924,11.1458812256,2.0835747005523833,UNIT_VALUE_ASTHMA_HA,UNIT_VALUE_ASTHMA_HA_2015_USD,11232.0,23402.711036604367,64905780.870249644
NO2_ASTHMA,NO2,p95,Hospital Admissions,Asthma,488,20.667690425236675,16.640436337862983,4.027254087373692,6168,0.0001667347,0.003324,,1.0134765941734174,0.013297390636247242,1.0284196296,0.013675297552775897,UNIT_VALUE_ASTHMA_HA,UNIT_VALUE_ASTHMA_HA_2015_USD,11232.0,153.60094211277888,426001.4608838443
NO2_ASTHMA,NO2,p95,Hospital Admissions,Asthma,503,76.7835007449744,12.74911275223668,64.03438799273772,110,0.0001667347,0.003324,,1.2371994356625857,0.1917228773512598,0.018340817,0.0035163542082129007,UNIT_VALUE_ASTHMA_HA,UNIT_VALUE_ASTHMA_HA_2015_USD,11232.0,39.495690466647304,109538.53281091363
NO2_ASTHMA,NO2,p95,Hospital Admissions,Asthma,504,78.23656967641587,12.897927835867522,65.33864184054835,585,0.0001667347,0.003324,,1.242574759111974,0.19521944843409988,0.0975397995,0.019041665858762692,UNIT_VALUE_ASTHMA_HA,UNIT_VALUE_ASTHMA_HA_2015_USD,11232.0,213.87599092562255,593170.0895128493
NO2_ASTHMA,NO2,p95,Hospital Admissions,Asthma,505,81.69604497950978,13.054159597473731,68.64188538203605,30061,0.0001667347,0.003324,,1.2562933843185695,0.20400758892604254,5.0122118167,1.0225292479115864,UNIT_VALUE_ASTHMA_HA,UNIT_VALUE_ASTHMA_HA_2015_USD,11232.0,11485.048512542939,31852978.09614196
NO2_ASTHMA,NO2,p95,Hospital Admissions,Asthma,506,77.39467014307063,12.848362255713951,64.54630788735668,71500,0.0001667347,0.003324,,1.2393064732883896,0.19309708974037,11.92153105,2.3020129510044574,UNIT_VALUE_ASTHMA_HA,UNIT_VALUE_ASTHMA_HA_2015_USD,11232.0,25856.209465682066,71710387.01840661
NO2_ASTHMA,NO2,p95,Hospital Admissions,Asthma,507,79.81658432134948,13.112543467344862,66.70404085400462,36518,0.0001667347,0.003324,,1.2482271090526065,0.19886373821908798,6.0888177746,1.2108450639917843,UNIT_VALUE_ASTHMA_HA,UNIT_VALUE_ASTHMA_HA_2015_USD,11232.0,13600.21175875572,37719235.298085876
NO2_ASTHMA,NO2,p95,Hospital Admissions,Asthma,508,82.62955156223474,12.85026373094326,69.77928783129147,32087,0.0001667347,0.003324,,1.2610520750392227,0.2070113361742838,5.3500163189,1.107514026729712,UNIT_VALUE_ASTHMA_HA,UNIT_VALUE_ASTHMA_HA_2015_USD,11232.0,12439.597548228126,34500353.02818233
NO2_ASTHMA,NO2,p95,Hospital Admissions,Asthma,509,79.38793018705627,13.05452061527232,66.33340957178395,423,0.0001667347,0.003324,,1.2466902671107063,0.19787614744312454,0.0705287781,0.013955962894299012,UNIT_VALUE_ASTHMA_HA,UNIT_VALUE_ASTHMA_HA_2015_USD,11232.0,156.75337522876652,434744.51346071786
NO2_ASTHMA,NO2,p95,Hospital Admissions,Asthma,513,76.86284813688214,12.851743325823316,64.01110481105881,29744,0.0001667347,0.003324,,1.2371036884257183,0.19166031969999675,4.9593569168,0.9505119321802782,UNIT_VALUE_ASTHMA_HA,UNIT_VALUE_ASTHMA_HA_2015_USD,11232.0,10676.150022248885,29609554.756205723
NO2_ASTHMA,NO2,p95,Hospital Admissions,Asthma,514,77.2367653433531,13.047329306139234,64.18943603721387,78902,0.0001667347,0.003324,,1.2378372274747373,0.1921393396447929,13.1557012994,2.52772776023086,UNIT_VALUE_ASTHMA_HA,UNIT_VALUE_ASTHMA_HA_2015_USD,11232.0,28391.43820291302,78741666.45510505
NO2_ASTHMA,NO2,p95,Hospital Admissions,Asthma,515,76.6696767452082,12.801216734593174,63.86846001061503,84667,0.0001667347,0.003324,,1.2365172531235098,0.19127695349664908,14.1169268449,2.7002427596275345,UNIT_VALUE_ASTHMA_HA,UNIT_VALUE_ASTHMA_HA_2015_USD,11232.0,30329.126676136468,84115709.79739715
NO2_ASTHMA,NO2,p95,Hospital Admissions,Asthma,516,76.6475395995936,13.123241367169356,63.52429823242424,40091,0.0001667347,0.003324,,1.23510349393332,0.1903512499868394,6.6845608577,1.2724145148762942,UNIT_VALUE_ASTHMA_HA,UNIT_VALUE_ASTHMA_HA_2015_USD,11232.0,14291.759831090536,39637195.468341425
NO2_ASTHMA,NO2,p95,Hospital Admissions,Asthma,517,76.79827390471543,13.366991782297108,63.43128212241832,41250,0.0001667347,0.003324,,1.234721676809872,0.19010087958957533,6.8778063750000005,1.3074770415342887,UNIT_VALUE_ASTHMA_HA,UNIT_VALUE_ASTHMA_HA_2015_USD,11232.0,14685.58213051313,40729434.04822903
NO2_ASTHMA,NO2,p95,Hospital Admissions,Asthma,518,82.38520315044248,12.777307558320947,69.60789559212154,71036,0.0001667347,0.003324,,1.260333848441157,0.206559435631401,11.8441661492,2.446524275303296,UNIT_VALUE_ASTHMA_HA,UNIT_VALUE_ASTHMA_HA_2015_USD,11232.0,27479.360660206617,76212083.23583683
NO2_ASTHMA,NO2,p95,Hospital Admissions,Asthma,519,76.92381128848132,12.832735610282574,64.09107567819875,88373,0.0001667347,0.003324,,1.237432582952314,0.1918751665531857,14.7348456431,2.8272509619052952,UNIT_VALUE_ASTHMA_HA,UNIT_VALUE_ASTHMA_HA_2015_USD,11232.0,31755.682804120275,88072163.3594313
NO2_ASTHMA,NO2,p95,Hospital Admissions,Asthma,520,82.33396529986891,12.904898484216472,69.42906681565243,88373,0.0001667347,0.003324,,1.259584894779057,0.20608765304746746,14.7348456431,3.0366697566031804,UNIT_VALUE_ASTHMA_HA,UNIT_VALUE_ASTHMA_HA_2015_USD,11232.0,34107.87470616692,94595802.94632451
NO2_ASTHMA,NO2,p95,Hospital Admissions,Asthma,521,80.36872171163637,13.41237490206555,66.95634680957082,88375,0.0001667347,0.003324,,1.2492743925350185,0.19953534149466778,14.735179112500001,2.9401889961977834,UNIT_VALUE_ASTHMA_HA,UNIT_VALUE_ASTHMA_HA_2015_USD,11232.0,33024.202805293506,91590314.78628516
NO2_ASTHMA,NO2,p95,Hospital Admissions,Asthma,522,77.24111089415233,12.796552711345443,64.44455818280689,88374,0.0001667347,0.003324,,1.238887390862197,0.19282413609516558,14.7350123778,2.8412660321008567,UNIT_VALUE_ASTHMA_HA,UNIT_VALUE_ASTHMA_HA_2015_USD,11232.0,31913.100072556823,88508749.13423127
NO2_ASTHMA,NO2,p95,Hospital Admissions,Asthma,523,84.19629690047189,13.573094382607076,70.62320251786481,88374,0.0001667347,0.003324,,1.2645945097851707,0.20923268900647052,14.7350123778,3.083046262350721,UNIT_VALUE_ASTHMA_HA,UNIT_VALUE_ASTHMA_HA_2015_USD,11232.0,34628.7756187233,96040485.16423577
NO2_ASTHMA,NO2,p95,Hospital Admissions,Asthma,524,81.0216926626113,14.208662395184238,66.81303026742707,88375,0.0001667347,0.003324,,1.248679399704173,0.19915392194592796,14.735179112500001,2.934568710830093,UNIT_VALUE_ASTHMA_HA,UNIT_VALUE_ASTHMA_HA_2015_USD,11232.0,32961.075760043605,91415236.34517772
NO2_ASTHMA,NO2,p95,Hospital Admissions,Asthma,525,21.55666817611721,17.551209430055852,4.0054587460613575,88374,0.0001667347,0.003324,,1.0134031727700863,0.013225903697784314,14.7350123778,0.19488385469444267,UNIT_VALUE_ASTHMA_HA,UNIT_VALUE_ASTHMA_HA_2015_USD,11232.0,2188.93545592798,6070859.261534337
NO2_ASTHMA,NO2,p95,Hospital Admissions,Asthma,526,76.7121458264416,12.12927287504141,64.58287295140019,88375,0.0001667347,0.003324,,1.239457110568162,0.19319515659432207,14.735179112500001,2.8467652360848215,UNIT_VALUE_ASTHMA_HA,UNIT_VALUE_ASTHMA_HA_2015_USD,11232.0,31974.867131704716,88680055.7490838
NO2_ASTHMA,NO2,p95,Hospital Admissions,Asthma,527,74.10038570564595,12.702306852249732,61.39807885339621,88375,0.0001667347,0.003324,,1.2264051086205832,0.184608745535344,14.735179112500001,2.720242931197229,UNIT_VALUE_ASTHMA_HA,UNIT_VALUE_ASTHMA_HA_2015_USD,11232.0,30553.768603207274,84738738.45719315
NO2_ASTHMA,NO2,p95,Hospital Admissions,Asthma,528,76.1666821176951,12.696644582544408,63.470037535150695,88375,0.0001667347,0.003324,,1.2348807475962376,0.19020520649742545,14.735179112500001,2.8027077858696128,UNIT_VALUE_ASTHMA_HA,UNIT_VALUE_ASTHMA_HA_2015_USD,11232.0,31480.01385088749,87307614.8144669
NO2_ASTHMA,NO2,p95,Hospital Admissions,Asthma,529,83.34351774806605,12.9882779583601,70.35523978970595,82303,0.0001667347,0.003324,,1.2634686266925026,0.2085280323756108,13.7227660141,2.861581395671176,UNIT_VALUE_ASTHMA_HA,UNIT_VALUE_ASTHMA_HA_2015_USD,11232.0,32141.28223617865,89141596.39228494
NO2_ASTHMA,NO2,p95,Hospital Admissions,Asthma,530,80.85364622258253,12.966165307353425,67.8874809152291,53223,0.0001667347,0.003324,,1.2531469988644053,0.20200902136286136,8.8741209381,1.7926524861612583,UNIT_VALUE_ASTHMA_HA,UNIT_VALUE_ASTHMA_HA_2015_USD,11232.0,20135.07272456325,55843214.74648546
NO2_ASTHMA,NO2,p95,Hospital Admissions,Asthma,531,85.30892496582125,13.136260504039374,72.17266446178188,8740,0.0001667347,0.003324,,1.2711244935099195,0.2132949958042829,1.457261278,0.31082653817675393,UNIT_VALUE_ASTHMA_HA,UNIT_VALUE_ASTHMA_HA_2015_USD,11232.0,3491.2036768013,9682609.013351029
NO2_ASTHMA,NO2,p95,Hospital Admissions,Asthma,546,79.14745888840424,12.761400196411527,66.38605869199272,33,0.0001667347,0.003324,,1.2469084640754302,0.19801651138723353,0.0055022451,0.0010895353794995,UNIT_VALUE_ASTHMA_HA,UNIT_VALUE_ASTHMA_HA_2015_USD,11232.0,12.237661382538384,33940.297208173426
NO2_ASTHMA,NO2,p95,Hospital Admissions,Asthma,547,73.69305965985411,12.723436626178474,60.96962303367564,5126,0.0001667347,0.003324,,1.2246597214046617,0.1834466484673647,0.8546820722,0.15678856165023222,UNIT_VALUE_ASTHMA_HA,UNIT_VALUE_ASTHMA_HA_2015_USD,11232.0,1761.0491244554082,4884146.473238363
NO2_ASTHMA,NO2,p95,Hospital Admissions,Asthma,555,76.47915663230965,12.587315582201306,63.89184105010835,815,0.0001667347,0.003324,,1.2366133572172147,0.19133980385726412,0.1358887805,0.026000932607272816,UNIT_VALUE_ASTHMA_HA,UNIT_VALUE_ASTHMA_HA_2015_USD,11232.0,292.04247504488825,809959.3615637444
NO2_ASTHMA,NO2,p95,Hospital Admissions,Asthma,556,77.69499066889543,12.884883977363492,64.81010669153194,6555,0.0001667347,0.003324,,1.2403936571049112,0.19380432633458633,1.0929459585,0.21181765520720128,UNIT_VALUE_ASTHMA_HA,UNIT_VALUE_ASTHMA_HA_2015_USD,11232.0,2379.1359032872847,6598366.888254054
NO2_ASTHMA,NO2,p95,Hospital Admissions,Asthma,559,79.2585577944417,13.211966548718491,66.0465912457232,15036,0.0001667347,0.003324,,1.2455022588167926,0.19711105064555712,2.5070229492,0.4941619275093352,UNIT_VALUE_ASTHMA_HA,UNIT_VALUE_ASTHMA_HA_2015_USD,11232.0,5550.426769784853,15393720.116124403
NO2_ASTHMA,NO2,p95,Hospital Admissions,Asthma,560,79.02010214594947,12.99684897680382,66.02325316914565,77991,0.0001667347,0.003324,,1.245405641771952,0.1970487635039062,13.0038059877,2.5623838907209766,UNIT_VALUE_ASTHMA_HA,UNIT_VALUE_ASTHMA_HA_2015_USD,11232.0,28780.69586057801,79821245.32060286
NO2_ASTHMA,NO2,p95,Hospital Admissions,Asthma,561,77.00049227749292,12.726692247133052,64.27380003035987,88372,0.0001667347,0.003324,,1.2381843977851668,0.1923658529466411,14.7346789084,2.8344490761092485,UNIT_VALUE_ASTHMA_HA,UNIT_VALUE_ASTHMA_HA_2015_USD,11232.0,31836.53202285908,88296393.00815804
NO2_ASTHMA,NO2,p95,Hospital Admissions,Asthma,562,78.00280884231651,12.723023880799705,65.27978496151681,88372,0.0001667347,0.003324,,1.242331685233994,0.19506198555046173,14.7346789084,2.874175724321014,UNIT_VALUE_ASTHMA_HA,UNIT_VALUE_ASTHMA_HA_2015_USD,11232.0,32282.74173557363,89533924.41169196
NO2_ASTHMA,NO2,p95,Hospital Admissions,Asthma,563,72.81527390389856,12.023226899023747,60.79204700487481,88372,0.0001667347,0.003324,,1.2239370637266818,0.1829645251895805,14.7346789084,2.6959235302963322,UNIT_VALUE_ASTHMA_HA,UNIT_VALUE_ASTHMA_HA_2015_USD,11232.0,30280.613092288404,83981160.76854542
NO2_ASTHMA,NO2,p95,Hospital Admissions,Asthma,564,13.264666863903733,10.78007396527531,2.4845928986284225,88371,0.0001667347,0.003324,,1.0082929846541508,0.008224776707134729,14.7345121737,0.12118807251724087,UNIT_VALUE_ASTHMA_HA,UNIT_VALUE_ASTHMA_HA_2015_USD,11232.0,1361.1844305136494,3775149.7351194704
NO2_ASTHMA,NO2,p95,Hospital Admissions,Asthma,565,85.680843506191,13.560955233446904,72.11988827274409,88373,0.0001667347,0.003324,,1.2709015221739994,0.213156973571482,14.7348456431,3.1408351033261335,UNIT_VALUE_ASTHMA_HA,UNIT_VALUE_ASTHMA_HA_2015_USD,11232.0,35277.85988055913,97840674.92853911
NO2_ASTHMA,NO2,p95,Hospital Admissions,Asthma,566,71.0366708889482,11.938298106172663,59.09837278277553,88372,0.0001667347,0.003324,,1.217065935346662,0.17835182880608202,14.7346789084,2.627956930183544,UNIT_VALUE_ASTHMA_HA,UNIT_VALUE_ASTHMA_HA_2015_USD,11232.0,29517.21223982157,81863921.94228832
NO2_ASTHMA,NO2,p95,Hospital Admissions,Asthma,567,14.26693196565964,11.614827775088912,2.6521041905707285,88371,0.0001667347,0.003324,,1.008854566116791,0.008776850910110157,14.7345121737,0.12932261658176802,UNIT_VALUE_ASTHMA_HA,UNIT_VALUE_ASTHMA_HA_2015_USD,11232.0,1452.5516294464185,4028550.26565558
NO2_ASTHMA,NO2,p95,Hospital Admissions,Asthma,568,17.305725084330934,14.07395008528269,3.2317749990482447,88372,0.0001667347,0.003324,,1.0108003270594885,0.010684926360191804,14.7346789084,0.15743895907732536,UNIT_VALUE_ASTHMA_HA,UNIT_VALUE_ASTHMA_HA_2015_USD,11232.0,1768.3543883565185,4904407.111299619
NO2_ASTHMA,NO2,p95,Hospital Admissions,Asthma,569,83.74013718146048,13.770642510538098,69.96949467092239,88373,0.0001667347,0.003324,,1.2618496242027675,0.20751254284218146,14.7348456431,3.0576652877867194,UNIT_VALUE_ASTHMA_HA,UNIT_VALUE_ASTHMA_HA_2015_USD,11232.0,34343.69651242043,95249838.21844219
NO2_ASTHMA,NO2,p95,Hospital Admissions,Asthma,570,12.527683286659189,10.188725159768584,2.338958126890603,88374,0.0001667347,0.003324,,1.0078049982463038,0.0077445520312812155,14.7350123778,0.11411607004144485,UNIT_VALUE_ASTHMA_HA,UNIT_VALUE_ASTHMA_HA_2015_USD,11232.0,1281.7516987055085,3554848.613740818
NO2_ASTHMA,NO2,p95,Hospital Admissions,Asthma,571,78.18368333245904,13.312756432978343,64.8709268994807,88373,0.0001667347,0.003324,,1.240644448339377,0.19396729551442693,14.7348456431,2.8580781592146436,UNIT_VALUE_ASTHMA_HA,UNIT_VALUE_ASTHMA_HA_2015_USD,11232.0,32101.933884298876,89032466.49273103
NO2_ASTHMA,NO2,p95,Hospital Admissions,Asthma,572,72.27211406023885,13.06768453158599,59.20442952865286,53982,0.0001667347,0.003324,,1.2174950664304833,0.17864143554038936,9.0006725754,1.6078930696984692,UNIT_VALUE_ASTHMA_HA,UNIT_VALUE_ASTHMA_HA_2015_USD,11232.0,18059.854958853208,50087743.53853225
NO2_ASTHMA,NO2,p95,Hospital Admissions,Asthma,573,82.62712909545554,13.493334516385517,69.13379457907003,26916,0.0001667347,0.003324,,1.258349237695013,0.20530805753754444,4.4878311852,0.9213879031898279,UNIT_VALUE_ASTHMA_HA,UNIT_VALUE_ASTHMA_HA_2015_USD,11232.0,10349.028928628148,28702307.30152516
NO2_ASTHMA,NO2,p95,Hospital Admissions,Asthma,601,74.62722725928934,12.814577596834456,61.81264966245489,3938,0.0001667347,0.003324,,1.2280963007765404,0.18573160804434663,0.6566012486,0.1219516057464038,UNIT_VALUE_ASTHMA_HA,UNIT_VALUE_ASTHMA_HA_2015_USD,11232.0,1369.7604357436076,3798934.685304393
NO2_ASTHMA,NO2,p95,Hospital Admissions,Asthma,602,79.56105749577101,12.681687591007677,66.87936990476334,54996,0.0001667347,0.003324,,1.2489547800491831,0.1993304994111792,9.1697415612,1.827809164865442,UNIT_VALUE_ASTHMA_HA,UNIT_VALUE_ASTHMA_HA_2015_USD,11232.0,20529.952539768645,56938386.27237055
NO2_ASTHMA,NO2,p95,Hospital Admissions,Asthma,603,79.01501297233737,13.444801467236566,65.57021150510081,88373,0.0001667347,0.003324,,1.2435315837860534,0.1958386799027636,14.7348456431,2.885652719315692,UNIT_VALUE_ASTHMA_HA,UNIT_VALUE_ASTHMA_HA_2015_USD,11232.0,32411.65134335385,89891446.18519786
NO2_ASTHMA,NO2,p95,Hospital Admissions,Asthma,604,73.54062777338306,12.597052153661023,60.94357561972204,88373,0.0001667347,0.003324,,1.2245536929917717,0.18337594690776915,14.7348456431,2.702016272343279,UNIT_VALUE_ASTHMA_HA,UNIT_VALUE_ASTHMA_HA_2015_USD,11232.0,30349.04677095971,84170956.78598279
NO2_ASTHMA,NO2,p95,Hospital Admissions,Asthma,605,77.66978260263049,12.384050391915853,65.28573221071464,88373,0.0001667347,0.003324,,1.2423562447048848,0.1950778979361555,14.7348456431,2.874442714469667,UNIT_VALUE_ASTHMA_HA,UNIT_VALUE_ASTHMA_HA_2015_USD,11232.0,32285.740568923302,89542241.46606895
NO2_ASTHMA,NO2,p95,Hospital Admissions,Asthma,606,15.602300128391166,12.663021973999324,2.9392781543918414,88374,0.0001667347,0.003324,,1.0098180444213356,0.009722587624151346,14.7350123778,0.14326244898611518,UNIT_VALUE_ASTHMA_HA,UNIT_VALUE_ASTHMA_HA_2015_USD,11232.0,1609.1238270120457,4462792.295550018
NO2_ASTHMA,NO2,p95,Hospital Admissions,Asthma,607,79.52408273306096,12.938359910453071,66.58572282260789,88373,0.0001667347,0.003324,,1.247736291413852,0.19854859806404568,14.7348456431,2.9255829451276165,UNIT_VALUE_ASTHMA_HA,UNIT_VALUE_ASTHMA_HA_2015_USD,11232.0,32860.147639673385,91135319.26829936
NO2_ASTHMA,NO2,p95,Hospital Admissions,Asthma,608,78.32322976936138,12.525248465749057,65.79798130361232,88374,0.0001667347,0.003324,,1.2444734265096824,0.19644728549595936,14.7350123778,2.8946531833681717,UNIT_VALUE_ASTHMA_HA,UNIT_VALUE_ASTHMA_HA_2015_USD,11232.0,32512.744555591304,90171821.13281359
NO2_ASTHMA,NO2,p95,Hospital Admissions,Asthma,609,77.33591073302397,13.069712832798771,64.2661979002252,88374,0.0001667347,0.003324,,1.2381531099039038,0.19234544419339816,14.7350123778,2.834212501003161,UNIT_VALUE_ASTHMA_HA,UNIT_VALUE_ASTHMA_HA_2015_USD,11232.0,31833.874811267506,88289023.41781363
NO2_ASTHMA,NO2,p95,Hospital Admissions,Asthma,610,85.94958195711878,13.919798403432624,72.02978355368616,88373,0.0001667347,0.003324,,1.2705209338888892,0.21292127242709968,14.7348456431,3.137362083345758,UNIT_VALUE_ASTHMA_HA,UNIT_VALUE_ASTHMA_HA_2015_USD,11232.0,35238.85092013955,97732486.30744262
NO2_ASTHMA,NO2,p95,Hospital Admissions,Asthma,611,20.620394409418,16.70533323772496,3.91506117169304,88374,0.0001667347,0.003324,,1.0130987095720043,0.01292935174849652,14.7350123778,0.1905141580510263,UNIT_VALUE_ASTHMA_HA,UNIT_VALUE_ASTHMA_HA_2015_USD,11232.0,2139.8550232291277,5934738.117074359
NO2_ASTHMA,NO2,p95,Hospital Admissions,Asthma,612,74.68795211980515,12.170666011394372,62.51728610841077,88373,0.0001667347,0.003324,,1.2309761333842983,0.18763656509674165,14.7348456431,2.764795823701973,UNIT_VALUE_ASTHMA_HA,UNIT_VALUE_ASTHMA_HA_2015_USD,11232.0,31054.186691820563,86126612.9966959
NO2_ASTHMA,NO2,p95,Hospital Admissions,Asthma,613,77.82375759746037,12.358325884076118,65.46543171338425,88373,0.0001667347,0.003324,,1.2430985520376607,0.1955585513627851,14.7348456431,2.8815250685188816,UNIT_VALUE_ASTHMA_HA,UNIT_VALUE_ASTHMA_HA_2015_USD,11232.0,32365.28956960408,89762865.05102703
NO2_ASTHMA,NO2,p95,Hospital Admissions,Asthma,614,81.12710262147877,13.41752213379477,67.709580487684,47718,0.0001667347,0.003324,,1.2524061806981064,0.20153699701275196,7.9562464146,1.6034780098919588,UNIT_VALUE_ASTHMA_HA,UNIT_VALUE_ASTHMA_HA_2015_USD,11232.0,18010.26500710648,49950209.27865933
NO2_ASTHMA,NO2,p95,Hospital Admissions,Asthma,643,77.56794825069464,12.776591756029662,64.79135649466498,2346,0.0001667347,0.003324,,1.2403163511676327,0.19375407809580125,0.3911596062,0.07578876888759767,UNIT_VALUE_ASTHMA_HA,UNIT_VALUE_ASTHMA_HA_2015_USD,11232.0,851.259452145497,2360908.5023638858
NO2_ASTHMA,NO2,p95,Hospital Admissions,Asthma,644,78.88889537368003,12.804183095924545,66.08471227775549,26746,0.0001667347,0.003324,,1.24566009177635,0.1972127817196352,4.4594862862,0.8794676955420672,UNIT_VALUE_ASTHMA_HA,UNIT_VALUE_ASTHMA_HA_2015_USD,11232.0,9878.1811563285,27396443.96439615
NO2_ASTHMA,NO2,p95,Hospital Admissions,Asthma,645,72.02149033120135,12.656589852379197,59.36490047882215,69888,0.0001667347,0.003324,,1.218144658152574,0.1790794358392621,11.6527547136,2.0867687400847905,UNIT_VALUE_ASTHMA_HA,UNIT_VALUE_ASTHMA_HA_2015_USD,11232.0,23438.58648863237,65005278.925167665
NO2_ASTHMA,NO2,p95,Hospital Admissions,Asthma,646,75.29225618837155,13.071455788420971,62.22080039995058,88373,0.0001667347,0.003324,,1.2297635812324674,0.1868355712747637,14.7348456431,2.7529933033740512,UNIT_VALUE_ASTHMA_HA,UNIT_VALUE_ASTHMA_HA_2015_USD,11232.0,30921.620783497343,85758950.72957504
NO2_ASTHMA,NO2,p95,Hospital Admissions,Asthma,647,84.02579549703609,13.294592800699338,70.73120269633675,88374,0.0001667347,0.003324,,1.2650485713451285,0.2095165176648528,14.7350123778,3.0872284811451585,UNIT_VALUE_ASTHMA_HA,UNIT_VALUE_ASTHMA_HA_2015_USD,11232.0,34675.75030022242,96170766.15514585
NO2_ASTHMA,NO2,p95,Hospital Admissions,Asthma,648,79.25763492127105,12.577138542978156,66.6804963782929,72285,0.0001667347,0.003324,,1.2481294243282701,0.198801037369831,12.0524177895,2.3960331593672057,UNIT_VALUE_ASTHMA_HA,UNIT_VALUE_ASTHMA_HA_2015_USD,11232.0,26912.244446012453,74639226.11390431
NO2_ASTHMA,NO2,p95,Hospital Admissions,Asthma,649,76.32357783470196,12.5460526772763,63.777525157425664,78707,0.0001667347,0.003324,,1.2361435506859395,0.19103246589354672,13.1231880329,2.50695497030957,UNIT_VALUE_ASTHMA_HA,UNIT_VALUE_ASTHMA_HA_2015_USD,11232.0,28158.11822651709,78094569.8329693
NO2_ASTHMA,NO2,p95,Hospital Admissions,Asthma,650,81.34127839043067,13.002309632380715,68.33896875804996,88375,0.0001667347,0.003324,,1.2550290655944256,0.20320570462137855,14.735179112500001,2.994272454277782,UNIT_VALUE_ASTHMA_HA,UNIT_VALUE_ASTHMA_HA_2015_USD,11232.0,33631.66820644805,93275077.55380921
NO2_ASTHMA,NO2,p95,Hospital Admissions,Asthma,651,10.546411931880057,8.573727629601802,1.9726843022782528,88374,0.0001667347,0.003324,,1.0065787481409139,0.006535751080642638,14.7350123778,0.096304373071489,UNIT_VALUE_ASTHMA_HA,UNIT_VALUE_ASTHMA_HA_2015_USD,11232.0,1081.6907183389644,2999993.488962834
NO2_ASTHMA,NO2,p95,Hospital Admissions,Asthma,652,80.34954641853271,13.301773914341236,67.04777250419147,88374,0.0001667347,0.003324,,1.2496541034787454,0.1997785649515066,14.7350123778,2.943739627379571,UNIT_VALUE_ASTHMA_HA,UNIT_VALUE_ASTHMA_HA_2015_USD,11232.0,33064.08349472734,91700921.08678164
NO2_ASTHMA,NO2,p95,Hospital Admissions,Asthma,653,11.065496280493068,9.001683871660244,2.0638124088328222,88170,0.0001667347,0.003324,,1.006883696918216,0.006836635590868223,14.700998499,0.10050536955956373,UNIT_VALUE_ASTHMA_HA,UNIT_VALUE_ASTHMA_HA_2015_USD,11232.0,1128.8763108930198,3130859.4269200275
NO2_ASTHMA,NO2,p95,Hospital Admissions,Asthma,654,76.91479860170526,12.491581409880448,64.4232171918248,88374,0.0001667347,0.003324,,1.238799510461909,0.19276687506347834,14.7350123778,2.8404222900901797,UNIT_VALUE_ASTHMA_HA,UNIT_VALUE_ASTHMA_HA_2015_USD,11232.0,31903.623162292897,88482465.58699799
NO2_ASTHMA,NO2,p95,Hospital Admissions,Asthma,655,81.50935480667799,13.394203047947997,68.11515175873,28007,0.0001667347,0.003324,,1.2540957117354734,0.20261269483478617,4.6697387429,0.9461483508733757,UNIT_VALUE_ASTHMA_HA,UNIT_VALUE_ASTHMA_HA_2015_USD,11232.0,10627.138277009755,29473624.111607164
NO2_ASTHMA,NO2,p95,Hospital Admissions,Asthma,686,75.20943807949274,12.936855073282729,62.27258300621001,17050,0.0001667347,0.003324,,1.2299752729783788,0.1869755254684876,2.842826635,0.5315390038949375,UNIT_VALUE_ASTHMA_HA,UNIT_VALUE_ASTHMA_HA_2015_USD,11232.0,5970.2460917479375,16558059.618236482
NO2_ASTHMA,NO2,p95,Hospital Admissions,Asthma,687,75.59845419221999,13.012931382296085,62.58552280992391,50211,0.0001667347,0.003324,,1.2312553735758323,0.1878208034976665,8.3719160217,1.5724199940106818,UNIT_VALUE_ASTHMA_HA,UNIT_VALUE_ASTHMA_HA_2015_USD,11232.0,17661.42137272798,48982715.877764955
NO2_ASTHMA,NO2,p95,Hospital Admissions,Asthma,688,75.47746871906817,13.285671022981656,62.19179769608652,78804,0.0001667347,0.003324,,1.229645031604093,0.18675717438919515,13.1393612988,2.4538699894426332,UNIT_VALUE_ASTHMA_HA,UNIT_VALUE_ASTHMA_HA_2015_USD,11232.0,27561.867721419658,76440910.79461692
NO2_ASTHMA,NO2,p95,Hospital Admissions,Asthma,689,76.35079597415981,12.65512066244724,63.69567531171257,15395,0.0001667347,0.003324,,1.2358072802321847,0.19081234105359934,2.5668807065,0.48979251681258207,UNIT_VALUE_ASTHMA_HA,UNIT_VALUE_ASTHMA_HA_2015_USD,11232.0,5501.349548838922,15257607.87923633
NO2_ASTHMA,NO2,p95,Hospital Admissions,Asthma,690,79.5993510300612,12.736105743364728,66.86324528669647,26719,0.0001667347,0.003324,,1.2488878400770032,0.19928758379267852,4.4549844493,0.8878230867349536,UNIT_VALUE_ASTHMA_HA,UNIT_VALUE_ASTHMA_HA_2015_USD,11232.0,9972.028910206998,27656724.140435394
NO2_ASTHMA,NO2,p95,Hospital Admissions,Asthma,691,76.65257817511427,12.858187203280218,63.794390971834055,18381,0.0001667347,0.003324,,1.2362128532676022,0.19107781693357728,3.0647505207,0.5856058389414003,UNIT_VALUE_ASTHMA_HA,UNIT_VALUE_ASTHMA_HA_2015_USD,11232.0,6577.524782989808,18242304.558887422
NO2_ASTHMA,NO2,p95,Hospital Admissions,Asthma,692,83.16441446599603,13.159809977353197,70.00460448864284,28949,0.0001667347,0.003324,,1.261996896999764,0.20760502472123976,4.8268028303,1.0020685209089817,UNIT_VALUE_ASTHMA_HA,UNIT_VALUE_ASTHMA_HA_2015_USD,11232.0,11255.233626849682,31215602.597713713
NO2_ASTHMA,NO2,p95,Hospital Admissions,Asthma,693,80.46220824907273,13.649982184647625,66.8122260644251,26275,0.0001667347,0.003324,,1.2486760617753514,0.19915178114473264,4.3809542425,0.872474840507448,UNIT_VALUE_ASTHMA_HA,UNIT_VALUE_ASTHMA_HA_2015_USD,11232.0,9799.637408579656,27178608.378077075
NO2_ASTHMA,NO2,p95,Hospital Admissions,Asthma,694,80.16469678520117,12.76924822603621,67.39544855916496,3451,0.0001667347,0.003324,,1.2510991325744458,0.20070282684773932,0.5754014497,0.11548469752707728,UNIT_VALUE_ASTHMA_HA,UNIT_VALUE_ASTHMA_HA_2015_USD,11232.0,1297.124122624132,3597482.9554094463
NO2_ASTHMA,NO2,p95,Hospital Admissions,Asthma,695,80.51401724412128,13.478275328891856,67.03574191522942,34687,0.0001667347,0.003324,,1.2496041312130923,0.19974656371436716,5.7835265389,1.1552395522961223,UNIT_VALUE_ASTHMA_HA,UNIT_VALUE_ASTHMA_HA_2015_USD,11232.0,12975.650651390046,35987058.78608469
NO2_ASTHMA,NO2,p95,Hospital Admissions,Asthma,696,80.84967754580272,13.931937753943288,66.91773979185943,8351,0.0001667347,0.003324,,1.249114083779845,0.19943261149215497,1.3924014797,0.2776902633421118,UNIT_VALUE_ASTHMA_HA,UNIT_VALUE_ASTHMA_HA_2015_USD,11232.0,3119.0170378585995,8650375.423308175
NO2_ASTHMA,NO2,p95,Hospital Admissions,Asthma,729,75.58223970732188,12.919906124497585,62.66233358282429,456,0.0001667347,0.003324,,1.2315697766126166,0.18802814181551275,0.0760310232,0.01429597201262814,UNIT_VALUE_ASTHMA_HA,UNIT_VALUE_ASTHMA_HA_2015_USD,11232.0,160.57235764583928,445336.1938657
NO2_ASTHMA,NO2,p95,Hospital Admissions,Asthma,730,77.62787682655615,12.791663979722111,64.83621284683403,1632,0.0001667347,0.003324,,1.2405012992422724,0.19387428242854432,0.2721110304,0.05275533075969181,UNIT_VALUE_ASTHMA_HA,UNIT_VALUE_ASTHMA_HA_2015_USD,11232.0,592.5478750928585,1643390.0532187864
NO2_CLD,NO2,p05,Hospital Admissions,Chronic Lung Disease,0,2.6426238720604087,12.808183926357923,-10.165560054297517,7006,0.0020967572,0.00185,,0.9813694487338269,-0.018984238087104144,14.6898809432,-0.2788761972969228,UNIT_VALUE_CLD_HA,UNIT_VALUE_CLD_HA_2015_USD,15375.0,-4287.721533440188,-11891695.53248902
NO2_CLD,NO2,p05,Hospital Admissions,Chronic Lung Disease,1,2.5627974241101024,13.092439105856414,-10.529641681746313,3805,0.0020967572,0.00185,,0.9807086689091242,-0.019670807144321678,7.978161146,-0.15693686926928643,UNIT_VALUE_CLD_HA,UNIT_VALUE_CLD_HA_2015_USD,15375.0,-2412.904365015279,-6692021.353064325
NO2_CLD,NO2,p05,Hospital Admissions,Chronic Lung Disease,2,2.553586801992989,12.59920474701033,-10.04561794501734,73,0.0020967572,0.00185,,0.9815872318102716,-0.01875815780098411,0.1530632756,-0.0028711850772403205,UNIT_VALUE_CLD_HA,UNIT_VALUE_CLD_HA_2015_USD,15375.0,-44.14447056256993,-122431.59899234831
NO2_CLD,NO2,p05,Hospital Admissions,Chronic Lung Disease,41,2.7377444883075834,12.993218405470955,-10.255473917163371,5661,0.0020967572,0.00185,,0.9812062206815699,-0.01915375068186531,11.8697425092,-0.22735008867915518,UNIT_VALUE_CLD_HA,UNIT_VALUE_CLD_HA_2015_USD,15375.0,-3495.507613442011,-9694545.680348476
NO2_CLD,NO2,p05,Hospital Admissions,Chronic Lung Disease,42,2.687012993816419,12.270779035535556,-9.583766041719135,9380,0.0020967572,0.00185,,0.9824262838860295,-0.01788807608491183,19.667582536,-0.3518152128102512,UNIT_VALUE_CLD_HA,UNIT_VALUE_CLD_HA_2015_USD,15375.0,-5409.158896957612,-15001923.55958915
NO2_CLD,NO2,p05,Hospital Admissions,Chronic Lung Disease,43,2.640155935130681,13.018889745910007,-10.378733810779329,6828,0.0020967572,0.00185,,0.9809825009474381,-0.019386175629223512,14.3166581616,-0.2775452495443338,UNIT_VALUE_CLD_HA,UNIT_VALUE_CLD_HA_2015_USD,15375.0,-4267.2582117441325,-11834941.94219753
NO2_CLD,NO2,p05,Hospital Admissions,Chronic Lung Disease,44,2.581686404491106,12.808265225574049,-10.226578821082942,939,0.0020967572,0.00185,,0.9812586733723505,-0.019099272328712447,1.9688550108,-0.03760369802701929,UNIT_VALUE_CLD_HA,UNIT_VALUE_CLD_HA_2015_USD,15375.0,-578.1568571654216,-1603477.5723682952
NO2_CLD,NO2,p05,Hospital Admissions,Chronic Lung Disease,82,2.6810629313809966,12.642091087064356,-9.96102815568336,656,0.0020967572,0.00185,,0.9817408535059038,-0.01859874367954717,1.3754727232,-0.02558206461700553,UNIT_VALUE_CLD_HA,UNIT_VALUE_CLD_HA_2015_USD,15375.0,-393.32424348646003,-1090857.2566126527
NO2_CLD,NO2,p05,Hospital Admissions,Chronic Lung Disease,83,2.718463212013513,12.824621431102235,-10.106158219088725,4099,0.0020967572,0.00185,,0.981477300680431,-0.018872264602276312,8.594607762799999,-0.16219971185233964,UNIT_VALUE_CLD_HA,UNIT_VALUE_CLD_HA_2015_USD,15375.0,-2493.820569729722,-6916436.782705503
NO2_CLD,NO2,p05,Hospital Admissions,Chronic Lung Disease,84,2.5909834041833766,12.863860924131195,-10.27287751994782,9171,0.0020967572,0.00185,,0.9811746296220044,-0.019186564562159614,19.229360281199998,-0.3689453625242715,UNIT_VALUE_CLD_HA,UNIT_VALUE_CLD_HA_2015_USD,15375.0,-5672.534948810675,-15732378.60307999
NO2_CLD,NO2,p05,Hospital Admissions,Chronic Lung Disease,85,2.680476623283869,12.824691852987852,-10.144215229703985,9159,0.0020967572,0.00185,,0.9814082017426375,-0.018944001307865443,19.2041991948,-0.3638043746627997,UNIT_VALUE_CLD_HA,UNIT_VALUE_CLD_HA_2015_USD,15375.0,-5593.492260440546,-15513159.239873622
NO2_CLD,NO2,p05,Hospital Admissions,Chronic Lung Disease,86,2.4851597447514284,12.361191311096716,-9.876031566345288,7033,0.0020967572,0.00185,,0.9818952381982945,-0.018438588046242543,14.7464933876,-0.27190451670059607,UNIT_VALUE_CLD_HA,UNIT_VALUE_CLD_HA_2015_USD,15375.0,-4180.5319442716645,-11594412.710201362
NO2_CLD,NO2,p05,Hospital Admissions,Chronic Lung Disease,87,2.596636460004403,12.564225349253327,-9.967588889248926,2360,0.0020967572,0.00185,,0.9817289378389012,-0.018611106851265102,4.948346992,-0.09209421460524826,UNIT_VALUE_CLD_HA,UNIT_VALUE_CLD_HA_2015_USD,15375.0,-1415.9485495556921,-3927034.185794243
NO2_CLD,NO2,p05,Hospital Admissions,Chronic Lung Disease,91,2.660005111734312,12.79917150620924,-10.139166394474929,537,0.0020967572,0.00185,,0.9814173684768083,-0.018934484063627854,1.1259586164,-0.021319445478530267,UNIT_VALUE_CLD_HA,UNIT_VALUE_CLD_HA_2015_USD,15375.0,-327.78647423240284,-909092.8412303729
NO2_CLD,NO2,p05,Hospital Admissions,Chronic Lung Disease,125,2.486250675494095,13.137478150089144,-10.651227474595048,3772,0.0020967572,0.00185,,0.980488099270862,-0.01990019128600129,7.9089681584,-0.15738997922705333,UNIT_VALUE_CLD_HA,UNIT_VALUE_CLD_HA_2015_USD,15375.0,-2419.870930615945,-6711342.63509818
NO2_CLD,NO2,p05,Hospital Admissions,Chronic Lung Disease,126,2.5797058290294053,13.078956393054492,-10.499250564025086,9325,0.0020967572,0.00185,,0.9807638093995302,-0.01961347922518364,19.55226089,-0.3834878627713856,UNIT_VALUE_CLD_HA,UNIT_VALUE_CLD_HA_2015_USD,15375.0,-5896.125890110054,-16352492.427407926
NO2_CLD,NO2,p05,Hospital Admissions,Chronic Lung Disease,127,2.64735846025909,12.853430721310776,-10.206072261051686,9380,0.0020967572,0.00185,,0.9812959002222856,-0.019060611354309476,19.667582536,-0.3748761469975004,UNIT_VALUE_CLD_HA,UNIT_VALUE_CLD_HA_2015_USD,15375.0,-5763.720760086569,-15985276.06764689
NO2_CLD,NO2,p05,Hospital Admissions,Chronic Lung Disease,128,2.6748606625256404,12.88155108032522,-10.20669041779958,9379,0.0020967572,0.00185,,0.9812947780227649,-0.01906177674248366,19.6654857788,-0.374859099447973,UNIT_VALUE_CLD_HA,UNIT_VALUE_CLD_HA_2015_USD,15375.0,-5763.458654012586,-15984549.134798124
NO2_CLD,NO2,p05,Hospital Admissions,Chronic Lung Disease,129,2.60309399564552,12.827071028659258,-10.22397703301374,7335,0.0020967572,0.00185,,0.9812633964838693,-0.019094367101910592,15.379714062,-0.29366590622224453,UNIT_VALUE_CLD_HA,UNIT_VALUE_CLD_HA_2015_USD,15375.0,-4515.11330816701,-12522350.702269629
NO2_CLD,NO2,p05,Hospital Admissions,Chronic Lung Disease,130,2.5732533151189205,12.796916953091984,-10.223663637973065,5190,0.0020967572,0.00185,,0.9812639654017361,-0.019093776250708627,10.882169868,-0.20778171658179545,UNIT_VALUE_CLD_HA,UNIT_VALUE_CLD_HA_2015_USD,15375.0,-3194.643892445105,-8860121.210624026
NO2_CLD,NO2,p05,Hospital Admissions,Chronic Lung Disease,131,2.688057214226722,12.925263253179734,-10.237206038953012,5202,0.0020967572,0.00185,,0.9812393816700306,-0.019119308377166355,10.907330954399999,-0.2085406240889858,UNIT_VALUE_CLD_HA,UNIT_VALUE_CLD_HA_2015_USD,15375.0,-3206.312095368157,-8892482.154656908
NO2_CLD,NO2,p05,Hospital Admissions,Chronic Lung Disease,132,2.6796246249159568,13.011638214937909,-10.332013590021951,8779,0.0020967572,0.00185,,0.9810672932919449,-0.01929807143455675,18.407431458799998,-0.35522792721862956,UNIT_VALUE_CLD_HA,UNIT_VALUE_CLD_HA_2015_USD,15375.0,-5461.629380986429,-15147446.774109192
NO2_CLD,NO2,p05,Hospital Admissions,Chronic Lung Disease,133,2.618778827250355,12.717174302166493,-10.098395474916137,7568,0.0020967572,0.00185,,0.981491395852455,-0.018857632604583063,15.868258489599999,-0.2992377886714329,UNIT_VALUE_CLD_HA,UNIT_VALUE_CLD_HA_2015_USD,15375.0,-4600.781000823281,-12759944.051113311
NO2_CLD,NO2,p05,Hospital Admissions,Chronic Lung Disease,134,2.648595813356992,12.663385350129223,-10.01478953677223,6970,0.0020967572,0.00185,,0.9816432158347468,-0.018700057076891596,14.614397684,-0.27329007083519236,UNIT_VALUE_CLD_HA,UNIT_VALUE_CLD_HA_2015_USD,15375.0,-4201.834839091082,-11653494.79778038
NO2_CLD,NO2,p05,Hospital Admissions,Chronic Lung Disease,135,2.65277507395764,12.777145461566295,-10.124370387608655,2916,0.0020967572,0.00185,,0.981444232802007,-0.018906593546346162,6.1141439952,-0.11559763540107947,UNIT_VALUE_CLD_HA,UNIT_VALUE_CLD_HA_2015_USD,15375.0,-1777.3136442915968,-4929254.980487643
NO2_CLD,NO2,p05,Hospital Admissions,Chronic Lung Disease,136,2.621998365816596,12.891718101414078,-10.269719735597482,629,0.0020967572,0.00185,,0.9811803615638444,-0.019180610592490988,1.3188602788,-0.025296545433566894,UNIT_VALUE_CLD_HA,UNIT_VALUE_CLD_HA_2015_USD,15375.0,-388.934386041091,-1078682.294277943
NO2_CLD,NO2,p05,Hospital Admissions,Chronic Lung Disease,166,2.4053094091767724,12.57979607434408,-10.174486665167308,6,0.0020967572,0.00185,,0.9813532423067471,-0.01900106596623874,0.012580543199999999,-0.0002390437312343162,UNIT_VALUE_CLD_HA,UNIT_VALUE_CLD_HA_2015_USD,15375.0,-3.6752973677276115,-10193.179978576789
NO2_CLD,NO2,p05,Hospital Admissions,Chronic Lung Disease,167,2.7520752474907764,12.914657721513736,-10.16258247402296,6438,0.0020967572,0.00185,,0.9813748546453945,-0.018978625003934324,13.4989228536,-0.25619099479551344,UNIT_VALUE_CLD_HA,UNIT_VALUE_CLD_HA_2015_USD,15375.0,-3938.9365449810193,-10924364.781946708
NO2_CLD,NO2,p05,Hospital Admissions,Chronic Lung Disease,168,2.4962369181820097,12.981779587645455,-10.485542669463443,9380,0.0020967572,0.00185,,0.9807886814976471,-0.019587622558018936,19.667582536,-0.3852411833438529,UNIT_VALUE_CLD_HA,UNIT_VALUE_CLD_HA_2015_USD,15375.0,-5923.083193911738,-16427256.62249063
NO2_CLD,NO2,p05,Hospital Admissions,Chronic Lung Disease,169,2.6517282047726938,12.898982273816792,-10.2472540690441,9293,0.0020967572,0.00185,,0.9812211417223189,-0.019138252814975942,19.4851646596,-0.3729120073968594,UNIT_VALUE_CLD_HA,UNIT_VALUE_CLD_HA_2015_USD,15375.0,-5733.5221137267135,-15901522.235873079
NO2_CLD,NO2,p05,Hospital Admissions,Chronic Lung Disease,170,2.6239131576672827,12.641175729485168,-10.017262571817884,9380,0.0020967572,0.00185,,0.9816387247145816,-0.018704717757296097,19.667582536,-0.36787658030420584,UNIT_VALUE_CLD_HA,UNIT_VALUE_CLD_HA_2015_USD,15375.0,-5656.102422177165,-15686804.140738813
NO2_CLD,NO2,p05,Hospital Admissions,Chronic Lung Disease,171,2.6577216104627,13.005933777819427,-10.348212167356728,9380,0.0020967572,0.00185,,0.9810378937277819,-0.01932861757272719,19.667582536,-0.38014718141839204,UNIT_VALUE_CLD_HA,UNIT_VALUE_CLD_HA_2015_USD,15375.0,-5844.7629143077775,-16210040.80942862
NO2_CLD,NO2,p05,Hospital Admissions,Chronic Lung Disease,172,2.636117719702825,13.05569628336927,-10.419578563666445,9380,0.0020967572,0.00185,,0.9809083779704431,-0.0194632062059239,19.667582536,-0.38279421447019574,UNIT_VALUE_CLD_HA,UNIT_VALUE_CLD_HA_2015_USD,15375.0,-5885.46104747926,-16322914.232910402
NO2_CLD,NO2,p05,Hospital Admissions,Chronic Lung Disease,173,2.841658055255394,13.027485330512985,-10.18582727525759,9380,0.0020967572,0.00185,,0.9813326536054333,-0.019022444963980867,19.667582536,-0.37412550636561126,UNIT_VALUE_CLD_HA,UNIT_VALUE_CLD_HA_2015_USD,15375.0,-5752.179660371273,-15953267.635463499
NO2_CLD,NO2,p05,Hospital Admissions,Chronic Lung Disease,174,2.475254165946553,13.066019242601657,-10.590765076655105,9380,0.0020967572,0.00185,,0.9805977783288691,-0.01978611628530924,19.667582536,-0.3891450751082132,UNIT_VALUE_CLD_HA,UNIT_VALUE_CLD_HA_2015_USD,15375.0,-5983.105529788778,-16593724.369482089
NO2_CLD,NO2,p05,Hospital Admissions,Chronic Lung Disease,175,2.5742510602940154,12.977259101296715,-10.4030080410027,9380,0.0020967572,0.00185,,0.980938448635696,-0.019431954564341103,19.667582536,-0.3821795702299806,UNIT_VALUE_CLD_HA,UNIT_VALUE_CLD_HA_2015_USD,15375.0,-5876.010892285952,-16296704.888992626
NO2_CLD,NO2,p05,Hospital Admissions,Chronic Lung Disease,176,2.817041203602278,12.993492598486192,-10.176451394883914,9380,0.0020967572,0.00185,,0.9813496753395561,-0.019004769787069886,19.667582536,-0.37377787836487614,UNIT_VALUE_CLD_HA,UNIT_VALUE_CLD_HA_2015_USD,15375.0,-5746.834879859971,-15938444.260850038
NO2_CLD,NO2,p05,Hospital Admissions,Chronic Lung Disease,177,2.509759756074844,12.922669386356592,-10.412909630281748,8935,0.0020967572,0.00185,,0.9809204800284615,-0.019450628628922884,18.734525582,-0.36439829963453735,UNIT_VALUE_CLD_HA,UNIT_VALUE_CLD_HA_2015_USD,15375.0,-5602.623856881011,-15538485.083389502
NO2_CLD,NO2,p05,Hospital Admissions,Chronic Lung Disease,178,2.724221655603648,12.592901348128583,-9.868679692524935,3436,0.0020967572,0.00185,,0.9819085930134211,-0.018424736391253527,7.2044577391999995,-0.13274023468668633,UNIT_VALUE_CLD_HA,UNIT_VALUE_CLD_HA_2015_USD,15375.0,-2040.8811083078024,-5660240.892214108
NO2_CLD,NO2,p05,Hospital Admissions,Chronic Lung Disease,208,2.687282131816678,12.996430067222986,-10.309147935406308,4959,0.0020967572,0.00185,,0.9811087947496085,-0.019254954548860947,10.3978189548,-0.20020953138195885,UNIT_VALUE_CLD_HA,UNIT_VALUE_CLD_HA_2015_USD,15375.0,-3078.2215449976175,-8537231.979542742
NO2_CLD,NO2,p05,Hospital Admissions,Chronic Lung Disease,209,2.4983201898579948,12.73026765579241,-10.231947465934416,2301,0.0020967572,0.00185,,0.9812489275664974,-0.019109394065790708,4.8246383172,-0.09219591482828815,UNIT_VALUE_CLD_HA,UNIT_VALUE_CLD_HA_2015_USD,15375.0,-1417.5121904849302,-3931370.83445662
NO2_CLD,NO2,p05,Hospital Admissions,Chronic Lung Disease,210,2.63982382750824,12.891576379505365,-10.251752551997123,2925,0.0020967572,0.00185,,0.9812129758441265,-0.019146734315973912,6.13301481,-0.11742720512300321,UNIT_VALUE_CLD_HA,UNIT_VALUE_CLD_HA_2015_USD,15375.0,-1805.4432787661744,-5007270.552628471
NO2_CLD,NO2,p05,Hospital Admissions,Chronic Lung Disease,211,2.6734804049121426,12.827443347584964,-10.153962942672822,9380,0.0020967572,0.00185,,0.9813905039041196,-0.018962376364809908,19.667582536,-0.37294410223359453,UNIT_VALUE_CLD_HA,UNIT_VALUE_CLD_HA_2015_USD,15375.0,-5734.015571841516,-15902890.807412416
NO2_CLD,NO2,p05,Hospital Admissions,Chronic Lung Disease,212,2.5041951074863524,13.230175673650969,-10.725980566164615,9380,0.0020967572,0.00185,,0.9803525137905192,-0.02004124632017734,19.667582536,-0.3941628661263942,UNIT_VALUE_CLD_HA,UNIT_VALUE_CLD_HA_2015_USD,15375.0,-6060.25406669331,-16807690.436189227
NO2_CLD,NO2,p05,Hospital Admissions,Chronic Lung Disease,213,2.687368285488906,12.881859175168245,-10.194490889679338,9380,0.0020967572,0.00185,,0.9813169252391772,-0.019038777667336193,19.667582536,-0.37444673115688815,UNIT_VALUE_CLD_HA,UNIT_VALUE_CLD_HA_2015_USD,15375.0,-5757.118491537155,-15966965.13798389
NO2_CLD,NO2,p05,Hospital Admissions,Chronic Lung Disease,214,2.449030837358202,12.602999511619624,-10.153968674261424,9380,0.0020967572,0.00185,,0.9813904934980054,-0.018962387169315198,19.667582536,-0.3729443147320941,UNIT_VALUE_CLD_HA,UNIT_VALUE_CLD_HA_2015_USD,15375.0,-5734.018839005947,-15902899.868664261
NO2_CLD,NO2,p05,Hospital Admissions,Chronic Lung Disease,215,2.531840176516276,13.270152198797357,-10.73831202228108,9380,0.0020967572,0.00185,,0.9803301490737208,-0.020064516984267478,19.667582536,-0.39462054383305445,UNIT_VALUE_CLD_HA,UNIT_VALUE_CLD_HA_2015_USD,15375.0,-6067.290861433212,-16827206.493824713
NO2_CLD,NO2,p05,Hospital Admissions,Chronic Lung Disease,216,2.5010963794002747,13.143551372282404,-10.64245499288213,9380,0.0020967572,0.00185,,0.9805040118307379,-0.01988363936712534,19.667582536,-0.39106311836899643,UNIT_VALUE_CLD_HA,UNIT_VALUE_CLD_HA_2015_USD,15375.0,-6012.59544492332,-16675512.584813684
NO2_CLD,NO2,p05,Hospital Admissions,Chronic Lung Disease,217,2.60189472675134,12.85890234666896,-10.25700761991762,9380,0.0020967572,0.00185,,0.9812034366599557,-0.019156642381959355,19.667582536,-0.3767648451598213,UNIT_VALUE_CLD_HA,UNIT_VALUE_CLD_HA_2015_USD,15375.0,-5792.759494332252,-16065812.964365896
NO2_CLD,NO2,p05,Hospital Admissions,Chronic Lung Disease,218,2.518838062000292,12.889236307418072,-10.37039824541778,8126,0.0020967572,0.00185,,0.980997628595025,-0.019370456004251357,17.0382490072,-0.33003865278344696,UNIT_VALUE_CLD_HA,UNIT_VALUE_CLD_HA_2015_USD,15375.0,-5074.344286545497,-14073338.674633877
NO2_CLD,NO2,p05,Hospital Admissions,Chronic Lung Disease,219,2.5480554453586404,13.047125416770507,-10.499069971411869,537,0.0020967572,0.00185,,0.9807641370691786,-0.019613138576114686,1.1259586164,-0.022083582374423556,UNIT_VALUE_CLD_HA,UNIT_VALUE_CLD_HA_2015_USD,15375.0,-339.53507900676215,-941676.7741697243
NO2_CLD,NO2,p05,Hospital Admissions,Chronic Lung Disease,251,2.5402832256246004,12.849915928054156,-10.309632702429557,8,0.0020967572,0.00185,,0.9811079148730018,-0.019255868636472773,0.0167740576,-0.00032299904964622775,UNIT_VALUE_CLD_HA,UNIT_VALUE_CLD_HA_2015_USD,15375.0,-4.966110388310752,-13773.159534252689
NO2_CLD,NO2,p05,Hospital Admissions,Chronic Lung Disease,252,2.636065868389908,12.909435351320878,-10.27336948293097,3036,0.0020967572,0.00185,,0.981173736624455,-0.0191874921563977,6.3657548592,-0.12214287143045055,UNIT_VALUE_CLD_HA,UNIT_VALUE_CLD_HA_2015_USD,15375.0,-1877.9466482431772,-5208353.572637075
NO2_CLD,NO2,p05,Hospital Admissions,Chronic Lung Disease,253,2.6084152990529383,12.685844184944722,-10.077428885891784,8188,0.0020967572,0.00185,,0.9815294668652494,-0.018818113727895103,17.168247953599998,-0.32307404249954713,UNIT_VALUE_CLD_HA,UNIT_VALUE_CLD_HA_2015_USD,15375.0,-4967.263403430537,-13776357.340976354
NO2_CLD,NO2,p05,Hospital Admissions,Chronic Lung Disease,254,2.555569968073274,12.407751869985374,-9.8521819019121,9380,0.0020967572,0.00185,,0.9819385622171443,-0.018393653613189898,19.667582536,-0.36175870057600695,UNIT_VALUE_CLD_HA,UNIT_VALUE_CLD_HA_2015_USD,15375.0,-5562.040021356107,-15425928.656429667
NO2_CLD,NO2,p05,Hospital Admissions,Chronic Lung Disease,255,2.549582066924836,12.466540857365056,-9.91695879044022,9380,0.0020967572,0.00185,,0.9818208964568008,-0.01851570241456879,19.667582536,-0.3641591054505462,UNIT_VALUE_CLD_HA,UNIT_VALUE_CLD_HA_2015_USD,15375.0,-5598.946246302147,-15528285.487881763
NO2_CLD,NO2,p05,Hospital Admissions,Chronic Lung Disease,256,2.508699454956264,12.635893102271275,-10.127193647315014,9380,0.0020967572,0.00185,,0.9814391067022743,-0.018911915340414698,19.667582536,-0.3719516558714506,UNIT_VALUE_CLD_HA,UNIT_VALUE_CLD_HA_2015_USD,15375.0,-5718.756709023553,-15860571.419507192
NO2_CLD,NO2,p05,Hospital Admissions,Chronic Lung Disease,257,2.4221711718800734,12.55169659949943,-10.129525427619356,9380,0.0020967572,0.00185,,0.981434872985705,-0.018916310725556773,19.667582536,-0.3720381024715099,UNIT_VALUE_CLD_HA,UNIT_VALUE_CLD_HA_2015_USD,15375.0,-5720.0858254994655,-15864257.631014982
NO2_CLD,NO2,p05,Hospital Admissions,Chronic Lung Disease,258,2.45699921491542,12.867963148621094,-10.410963933705672,9380,0.0020967572,0.00185,,0.9809240108960122,-0.019446959083571747,19.667582536,-0.3824746728503623,UNIT_VALUE_CLD_HA,UNIT_VALUE_CLD_HA_2015_USD,15375.0,-5880.54809507432,-16309288.503321972
NO2_CLD,NO2,p05,Hospital Admissions,Chronic Lung Disease,259,2.699360044371073,12.72672934369458,-10.027369299323508,4854,0.0020967572,0.00185,,0.9816203707492339,-0.0187237651116976,10.1776594488,-0.19056410490618086,UNIT_VALUE_CLD_HA,UNIT_VALUE_CLD_HA_2015_USD,15375.0,-2929.923112932531,-8125936.659100468
NO2_CLD,NO2,p05,Hospital Admissions,Chronic Lung Disease,294,2.6542100995320856,12.756930694338962,-10.102720594806875,1103,0.0020967572,0.00185,,0.9814835425081505,-0.018865784997811774,2.3127231916,-0.043631338492178644,UNIT_VALUE_CLD_HA,UNIT_VALUE_CLD_HA_2015_USD,15375.0,-670.8318293172466,-1860505.120383331
NO2_CLD,NO2,p05,Hospital Admissions,Chronic Lung Disease,295,2.69145477058771,13.093897456813778,-10.402442686226069,6166,0.0020967572,0.00185,,0.980939474605972,-0.019430888334557306,12.9286048952,-0.25121427804024216,UNIT_VALUE_CLD_HA,UNIT_VALUE_CLD_HA_2015_USD,15375.0,-3862.4195248687233,-10712150.182856662
NO2_CLD,NO2,p05,Hospital Admissions,Chronic Lung Disease,296,2.62212422968421,12.917862185241637,-10.295737955557424,9345,0.0020967572,0.00185,,0.9811331348524868,-0.019229668713971027,19.594196034,-0.37678989845042493,UNIT_VALUE_CLD_HA,UNIT_VALUE_CLD_HA_2015_USD,15375.0,-5793.144688675284,-16066881.27391269
NO2_CLD,NO2,p05,Hospital Admissions,Chronic Lung Disease,297,2.644643710366431,12.945287918834406,-10.300644208467975,9380,0.0020967572,0.00185,,0.9811242295713993,-0.019238919863233228,19.667582536,-0.37838304431362935,UNIT_VALUE_CLD_HA,UNIT_VALUE_CLD_HA_2015_USD,15375.0,-5817.639306322051,-16134815.381332766
NO2_CLD,NO2,p05,Hospital Admissions,Chronic Lung Disease,298,2.5189715453049617,13.353943359640724,-10.834971814335765,9380,0.0020967572,0.00185,,0.9801548615062476,-0.02024694185901943,19.667582536,-0.39820840011385794,UNIT_VALUE_CLD_HA,UNIT_VALUE_CLD_HA_2015_USD,15375.0,-6122.454151750566,-16980198.01808957
NO2_CLD,NO2,p05,Hospital Admissions,Chronic Lung Disease,299,2.7576429006439764,12.780806430828346,-10.02316353018437,9380,0.0020967572,0.00185,,0.9816280084459711,-0.018715838786134364,19.667582536,-0.3680953040567677,UNIT_VALUE_CLD_HA,UNIT_VALUE_CLD_HA_2015_USD,15375.0,-5659.465299872803,-15696130.846626228
NO2_CLD,NO2,p05,Hospital Admissions,Chronic Lung Disease,300,2.672617261132496,12.79925714342944,-10.126639882296944,6904,0.0020967572,0.00185,,0.9814401121530819,-0.018910871501065296,14.4760117088,-0.27375399727303346,UNIT_VALUE_CLD_HA,UNIT_VALUE_CLD_HA_2015_USD,15375.0,-4208.96770807289,-11673277.310600594
NO2_CLD,NO2,p05,Hospital Admissions,Chronic Lung Disease,301,2.6327711827322338,12.733271356265943,-10.10050017353371,3775,0.0020967572,0.00185,,0.9814875742342647,-0.018861599730570555,7.91525843,-0.1492944362706843,UNIT_VALUE_CLD_HA,UNIT_VALUE_CLD_HA_2015_USD,15375.0,-2295.401957661771,-6366136.651437885
NO2_CLD,NO2,p05,Hospital Admissions,Chronic Lung Disease,302,2.647378842668056,12.703377383334006,-10.05599854066595,3437,0.0020967572,0.00185,,0.9815683814900016,-0.018777722324367918,7.2065544964,-0.13532267924882427,UNIT_VALUE_CLD_HA,UNIT_VALUE_CLD_HA_2015_USD,15375.0,-2080.586193450673,-5770360.166501899
NO2_CLD,NO2,p05,Hospital Admissions,Chronic Lung Disease,303,2.6340382696906954,12.960978715397491,-10.326940445706796,2651,0.0020967572,0.00185,,0.9810765009626825,-0.019288505043947968,5.5585033371999995,-0.1072152196563838,UNIT_VALUE_CLD_HA,UNIT_VALUE_CLD_HA_2015_USD,15375.0,-1648.4340022169008,-4571816.314768419
NO2_CLD,NO2,p05,Hospital Admissions,Chronic Lung Disease,304,2.8107964280598248,12.843451807118951,-10.032655379059126,870,0.0020967572,0.00185,,0.9816107712876044,-0.018733727512254106,1.824178764,-0.03417366789841649,UNIT_VALUE_CLD_HA,UNIT_VALUE_CLD_HA_2015_USD,15375.0,-525.4201439381536,-1457215.9898023934
NO2_CLD,NO2,p05,Hospital Admissions,Chronic Lung Disease,337,2.531923958013977,13.006535634360024,-10.474611676346049,1314,0.0020967572,0.00185,,0.9808085155376968,-0.01956700432171732,2.7551389608,-0.053909815952905366,UNIT_VALUE_CLD_HA,UNIT_VALUE_CLD_HA_2015_USD,15375.0,-828.86342027592,-2298794.675695845
NO2_CLD,NO2,p05,Hospital Admissions,Chronic Lung Disease,338,2.5249652670456704,12.818044142568397,-10.293078875522724,7894,0.0020967572,0.00185,,0.9811379613506893,-0.019224654831767163,16.5518013368,-0.3182026675439623,UNIT_VALUE_CLD_HA,UNIT_VALUE_CLD_HA_2015_USD,15375.0,-4892.36601348842,-13568634.672789188
NO2_CLD,NO2,p05,Hospital Admissions,Chronic Lung Disease,339,2.759045513627746,12.846442834378704,-10.08739732075096,9380,0.0020967572,0.00185,,0.9815113660539313,-0.01883690254184267,19.667582536,-0.37047633546427894,UNIT_VALUE_CLD_HA,UNIT_VALUE_CLD_HA_2015_USD,15375.0,-5696.073657763289,-15797661.564650437
NO2_CLD,NO2,p05,Hospital Admissions,Chronic Lung Disease,340,2.596899839332115,12.996960305996272,-10.400060466664158,9380,0.0020967572,0.00185,,0.9809437977199282,-0.0194263956042795,19.667582536,-0.3820702389241547,UNIT_VALUE_CLD_HA,UNIT_VALUE_CLD_HA_2015_USD,15375.0,-5874.3299234588785,-16292042.839618556
NO2_CLD,NO2,p05,Hospital Admissions,Chronic Lung Disease,341,2.5914549902145825,13.079657619108476,-10.488202628893896,9380,0.0020967572,0.00185,,0.9807838551220324,-0.01959263988453075,19.667582536,-0.38533986202713405,UNIT_VALUE_CLD_HA,UNIT_VALUE_CLD_HA_2015_USD,15375.0,-5924.600378667186,-16431464.428206934
NO2_CLD,NO2,p05,Hospital Admissions,Chronic Lung Disease,342,2.6892456124209656,12.80265073340836,-10.113405120987396,9380,0.0020967572,0.00185,,0.9814641423296662,-0.01888592447843873,19.667582536,-0.37144047844835654,UNIT_VALUE_CLD_HA,UNIT_VALUE_CLD_HA_2015_USD,15375.0,-5710.897356143481,-15838774.054449014
NO2_CLD,NO2,p05,Hospital Admissions,Chronic Lung Disease,343,2.676944217219019,12.919237529547502,-10.242293312328483,9380,0.0020967572,0.00185,,0.9812301468224719,-0.019128899818570355,19.667582536,-0.3762192160046079,UNIT_VALUE_CLD_HA,UNIT_VALUE_CLD_HA_2015_USD,15375.0,-5784.370446070846,-16042546.526246265
NO2_CLD,NO2,p05,Hospital Admissions,Chronic Lung Disease,344,2.547450555320279,12.70276760438119,-10.155317049060912,9380,0.0020967572,0.00185,,0.9813880454289705,-0.018964928967413863,19.667582536,-0.3729943057559894,UNIT_VALUE_CLD_HA,UNIT_VALUE_CLD_HA_2015_USD,15375.0,-5734.787450998338,-15905031.560222318
NO2_CLD,NO2,p05,Hospital Admissions,Chronic Lung Disease,345,2.737800862173007,12.79851269185022,-10.060711829677212,9159,0.0020967572,0.00185,,0.9815598226587038,-0.01878660568170787,19.2041991948,-0.36078171770567935,UNIT_VALUE_CLD_HA,UNIT_VALUE_CLD_HA_2015_USD,15375.0,-5547.01890972482,-15384268.654798107
NO2_CLD,NO2,p05,Hospital Admissions,Chronic Lung Disease,346,2.5845472440572475,12.95135903305163,-10.366811788994385,3601,0.0020967572,0.00185,,0.981004137481324,-0.019363692560407486,7.550422677199999,-0.14620406342242961,UNIT_VALUE_CLD_HA,UNIT_VALUE_CLD_HA_2015_USD,15375.0,-2247.8874751198555,-6234358.56012166
NO2_CLD,NO2,p05,Hospital Admissions,Chronic Lung Disease,347,2.667428939940634,13.024788855217846,-10.357359915277211,227,0.0020967572,0.00185,,0.9810212914366637,-0.019345868156992685,0.4759638844,-0.009207934555092508,UNIT_VALUE_CLD_HA,UNIT_VALUE_CLD_HA_2015_USD,15375.0,-141.57199378454732,-392640.01472187706
NO2_CLD,NO2,p05,Hospital Admissions,Chronic Lung Disease,348,2.5480940399245897,12.902229677650643,-10.354135637726056,3432,0.0020967572,0.00185,,0.9810271431612315,-0.01933978786522772,7.1960707104,-0.13917048100231455,UNIT_VALUE_CLD_HA,UNIT_VALUE_CLD_HA_2015_USD,15375.0,-2139.746145410586,-5934436.152066081
NO2_CLD,NO2,p05,Hospital Admissions,Chronic Lung Disease,349,2.4361320689291293,12.900824472964318,-10.464692404035189,3186,0.0020967572,0.00185,,0.9808265141803281,-0.019548294772287145,6.6802684392,-0.13058785660748817,UNIT_VALUE_CLD_HA,UNIT_VALUE_CLD_HA_2015_USD,15375.0,-2007.7882953401306,-5568460.291945178
NO2_CLD,NO2,p05,Hospital Admissions,Chronic Lung Disease,350,2.577402093824776,13.145032719996268,-10.567630626171493,4386,0.0020967572,0.00185,,0.9806397475698599,-0.019742471665172623,9.1963770792,-0.18155921390834895,UNIT_VALUE_CLD_HA,UNIT_VALUE_CLD_HA_2015_USD,15375.0,-2791.472913840865,-7741954.723433671
NO2_CLD,NO2,p05,Hospital Admissions,Chronic Lung Disease,351,2.605968935100684,12.62753346091184,-10.021564525811156,3394,0.0020967572,0.00185,,0.9816309122611011,-0.01871282526809126,7.1163939368,-0.13316783627824247,UNIT_VALUE_CLD_HA,UNIT_VALUE_CLD_HA_2015_USD,15375.0,-2047.455482777978,-5678474.459600927
NO2_CLD,NO2,p05,Hospital Admissions,Chronic Lung Disease,352,2.458076877087761,13.099213078633886,-10.641136201546123,1255,0.0020967572,0.00185,,0.9805064040320182,-0.019881151094802263,2.631430286,-0.05231586311140473,UNIT_VALUE_CLD_HA,UNIT_VALUE_CLD_HA_2015_USD,15375.0,-804.3563953378477,-2230826.1575218467
NO2_CLD,NO2,p05,Hospital Admissions,Chronic Lung Disease,353,2.5626502990712154,13.029929861233532,-10.467279562162316,3,0.0020967572,0.00185,,0.9808218197179807,-0.019553174589380218,0.006290271599999999,-0.00012299477880942003,UNIT_VALUE_CLD_HA,UNIT_VALUE_CLD_HA_2015_USD,15375.0,-1.891044724194833,-5244.680169423676
NO2_CLD,NO2,p05,Hospital Admissions,Chronic Lung Disease,360,2.5391880675722285,12.700089004466552,-10.160900936894324,2764,0.0020967572,0.00185,,0.9813779075539152,-0.018975455125640917,5.7954369007999995,-0.10997105284461386,UNIT_VALUE_CLD_HA,UNIT_VALUE_CLD_HA_2015_USD,15375.0,-1690.8049374859381,-4689329.137771625
NO2_CLD,NO2,p05,Hospital Admissions,Chronic Lung Disease,361,2.5659001597101425,12.734942392851211,-10.169042233141068,2224,0.0020967572,0.00185,,0.9813631267419158,-0.01899080243615603,4.6631880128,-0.08855768227373584,UNIT_VALUE_CLD_HA,UNIT_VALUE_CLD_HA_2015_USD,15375.0,-1361.5743649586884,-3776231.191007375
NO2_CLD,NO2,p05,Hospital Admissions,Chronic Lung Disease,379,2.6390756191192604,12.638117487826449,-9.999041868707186,5837,0.0020967572,0.00185,,0.9816718146456463,-0.018670379531034564,12.2387717764,-0.2285025140591021,UNIT_VALUE_CLD_HA,UNIT_VALUE_CLD_HA_2015_USD,15375.0,-3513.226153658695,-9743686.811341634
NO2_CLD,NO2,p05,Hospital Admissions,Chronic Lung Disease,380,2.62982746363354,12.98540092587393,-10.35557346224039,9380,0.0020967572,0.00185,,0.9810245336566822,-0.01934249928754439,19.667582536,-0.3804202011903005,UNIT_VALUE_CLD_HA,UNIT_VALUE_CLD_HA_2015_USD,15375.0,-5848.960593300871,-16221682.778278433
NO2_CLD,NO2,p05,Hospital Admissions,Chronic Lung Disease,381,2.597192221769832,12.978324250310006,-10.381132028540176,9380,0.0020967572,0.00185,,0.9809781486292278,-0.019390698352814928,19.667582536,-0.38136816028466686,UNIT_VALUE_CLD_HA,UNIT_VALUE_CLD_HA_2015_USD,15375.0,-5863.535464376753,-16262105.162966417
NO2_CLD,NO2,p05,Hospital Admissions,Chronic Lung Disease,382,2.675877028210664,12.697450575717289,-10.021573547506623,9380,0.0020967572,0.00185,,0.9816308958775471,-0.01871284227054759,19.667582536,-0.3680363698391444,UNIT_VALUE_CLD_HA,UNIT_VALUE_CLD_HA_2015_USD,15375.0,-5658.559186276845,-15693617.80399579
NO2_CLD,NO2,p05,Hospital Admissions,Chronic Lung Disease,383,2.7009590161293446,12.812056932973752,-10.111097916844408,9380,0.0020967572,0.00185,,0.9814683315491571,-0.018881575548741703,19.667582536,-0.37135494551459697,UNIT_VALUE_CLD_HA,UNIT_VALUE_CLD_HA_2015_USD,15375.0,-5709.5822872869285,-15835126.803030185
NO2_CLD,NO2,p05,Hospital Admissions,Chronic Lung Disease,384,2.6007771038719483,12.762089186024584,-10.161312082152635,9380,0.0020967572,0.00185,,0.9813771610997835,-0.018976230177750297,19.667582536,-0.3732165732430379,UNIT_VALUE_CLD_HA,UNIT_VALUE_CLD_HA_2015_USD,15375.0,-5738.204813611708,-15914509.376215119
NO2_CLD,NO2,p05,Hospital Admissions,Chronic Lung Disease,385,2.4323382721181983,12.724590923336295,-10.2922526512181,9380,0.0020967572,0.00185,,0.9811394610358907,-0.01922309693282176,19.667582536,-0.3780718455238004,UNIT_VALUE_CLD_HA,UNIT_VALUE_CLD_HA_2015_USD,15375.0,-5812.854624928431,-16121545.402415257
NO2_CLD,NO2,p05,Hospital Admissions,Chronic Lung Disease,386,2.5500655497170395,12.709537397487653,-10.159471847770613,9380,0.0020967572,0.00185,,0.9813805021388587,-0.01897276114673274,19.667582536,-0.3731483457891802,UNIT_VALUE_CLD_HA,UNIT_VALUE_CLD_HA_2015_USD,15375.0,-5737.155816508645,-15911600.056179572
NO2_CLD,NO2,p05,Hospital Admissions,Chronic Lung Disease,387,2.570378456742081,12.642610401203603,-10.072231944461524,9371,0.0020967572,0.00185,,0.9815389036702438,-0.018808318509561994,19.648711721199998,-0.36955922835489363,UNIT_VALUE_CLD_HA,UNIT_VALUE_CLD_HA_2015_USD,15375.0,-5681.973135956489,-15758554.754455805
NO2_CLD,NO2,p05,Hospital Admissions,Chronic Lung Disease,388,2.635982225676562,12.804330599445445,-10.168348373768882,9205,0.0020967572,0.00185,,0.98136438645953,-0.018989494419806574,19.300650026,-0.3665095859673666,UNIT_VALUE_CLD_HA,UNIT_VALUE_CLD_HA_2015_USD,15375.0,-5635.084884248262,-15628513.470520657
NO2_CLD,NO2,p05,Hospital Admissions,Chronic Lung Disease,389,2.6987001999409825,12.68286874706344,-9.984168547122458,9380,0.0020967572,0.00185,,0.9816988263503582,-0.018642350544188613,19.667582536,-0.3666499679928741,UNIT_VALUE_CLD_HA,UNIT_VALUE_CLD_HA_2015_USD,15375.0,-5637.243257890439,-15634499.568731079
NO2_CLD,NO2,p05,Hospital Admissions,Chronic Lung Disease,390,2.5229481864423158,12.750940048118828,-10.227991861676513,9380,0.0020967572,0.00185,,0.9812561082427774,-0.019101936385179652,19.667582536,-0.37568891045294234,UNIT_VALUE_CLD_HA,UNIT_VALUE_CLD_HA_2015_USD,15375.0,-5776.2169982139885,-16019933.509356622
NO2_CLD,NO2,p05,Hospital Admissions,Chronic Lung Disease,391,2.536634216862757,12.66478382810116,-10.128149611238404,9380,0.0020967572,0.00185,,0.981437370996108,-0.018913717321617618,19.667582536,-0.3719870964854874,UNIT_VALUE_CLD_HA,UNIT_VALUE_CLD_HA_2015_USD,15375.0,-5719.301608464369,-15862082.659963332
NO2_CLD,NO2,p05,Hospital Admissions,Chronic Lung Disease,392,2.7413287513170514,12.805722769399786,-10.064394018082734,9380,0.0020967572,0.00185,,0.981553136248311,-0.01879354572916614,19.667582536,-0.3696236117724654,UNIT_VALUE_CLD_HA,UNIT_VALUE_CLD_HA_2015_USD,15375.0,-5682.9630310016555,-15761300.15907092
NO2_CLD,NO2,p05,Hospital Admissions,Chronic Lung Disease,393,2.864691776437847,12.910493307730528,-10.045801531292682,9380,0.0020967572,0.00185,,0.9815868984293322,-0.018758503806571847,19.667582536,-0.368934421867622,UNIT_VALUE_CLD_HA,UNIT_VALUE_CLD_HA_2015_USD,15375.0,-5672.366736214688,-15731912.077219902
NO2_CLD,NO2,p05,Hospital Admissions,Chronic Lung Disease,394,2.6623884557151256,12.734551441404315,-10.07216298568919,6975,0.0020967572,0.00185,,0.9815390288888297,-0.01880818853639421,14.62488147,-0.2750675280101781,UNIT_VALUE_CLD_HA,UNIT_VALUE_CLD_HA_2015_USD,15375.0,-4229.163243156488,-11729288.213467497
NO2_CLD,NO2,p05,Hospital Admissions,Chronic Lung Disease,395,2.6447083526725663,13.049272798909085,-10.404564446236517,3089,0.0020967572,0.00185,,0.9809356241749516,-0.019434889869641703,6.4768829908,-0.12587750762475358,UNIT_VALUE_CLD_HA,UNIT_VALUE_CLD_HA_2015_USD,15375.0,-1935.3666797305864,-5367604.0105652
NO2_CLD,NO2,p05,Hospital Admissions,Chronic Lung Disease,396,2.692580379276945,12.806102061137445,-10.113521681860496,756,0.0020967572,0.00185,,0.981463930689102,-0.018886144188593468,1.5851484432,-0.029937342058599662,UNIT_VALUE_CLD_HA,UNIT_VALUE_CLD_HA_2015_USD,15375.0,-460.2866341509698,-1276572.759753324
NO2_CLD,NO2,p05,Hospital Admissions,Chronic Lung Disease,397,2.557237032741726,13.094070828001398,-10.536833795259671,269,0.0020967572,0.00185,,0.980695620265003,-0.01968437437273396,0.5640276868,-0.011102532143558337,UNIT_VALUE_CLD_HA,UNIT_VALUE_CLD_HA_2015_USD,15375.0,-170.70143170720942,-473428.4717397258
NO2_CLD,NO2,p05,Hospital Admissions,Chronic Lung Disease,398,2.43717111067994,12.612637517289592,-10.175466406609653,1076,0.0020967572,0.00185,,0.9813514635843432,-0.019002912929424687,2.2561107472,-0.04287267608818087,UNIT_VALUE_CLD_HA,UNIT_VALUE_CLD_HA_2015_USD,15375.0,-659.1673948557809,-1828154.6279148683
NO2_CLD,NO2,p05,Hospital Admissions,Chronic Lung Disease,400,2.704188034100308,12.393512040453407,-9.6893240063531,746,0.0020967572,0.00185,,0.9822344522172772,-0.01808687095287609,1.5641808712,-0.028291137564351695,UNIT_VALUE_CLD_HA,UNIT_VALUE_CLD_HA_2015_USD,15375.0,-434.9762400519073,-1206376.1534471612
NO2_CLD,NO2,p05,Hospital Admissions,Chronic Lung Disease,401,2.4391286905958838,12.284515906967716,-9.845387216371831,9240,0.0020967572,0.00185,,0.98195090542766,-0.018380852314077156,19.374036527999998,-0.3561113041487041,UNIT_VALUE_CLD_HA,UNIT_VALUE_CLD_HA_2015_USD,15375.0,-5475.211301286326,-15185115.279326534
NO2_CLD,NO2,p05,Hospital Admissions,Chronic Lung Disease,402,2.5191755322333966,12.8196843793945,-10.3005088471611,8169,0.0020967572,0.00185,,0.9811244752630073,-0.019238664627067692,17.1284095668,-0.329527727250723,UNIT_VALUE_CLD_HA,UNIT_VALUE_CLD_HA_2015_USD,15375.0,-5066.488806479866,-14051552.050555455
NO2_CLD,NO2,p05,Hospital Admissions,Chronic Lung Disease,403,2.549488159488865,13.041431751108432,-10.491943591619568,73,0.0020967572,0.00185,,0.9807770673552094,-0.0195996962863616,0.1530632756,-0.002999993714355662,UNIT_VALUE_CLD_HA,UNIT_VALUE_CLD_HA_2015_USD,15375.0,-46.124903358218305,-127924.19072078339
NO2_CLD,NO2,p05,Hospital Admissions,Chronic Lung Disease,420,2.5094914170437184,12.725035712794256,-10.215544295750536,4864,0.0020967572,0.00185,,0.9812787048656345,-0.019078468779090585,10.1986270208,-0.19457418720592243,UNIT_VALUE_CLD_HA,UNIT_VALUE_CLD_HA_2015_USD,15375.0,-2991.5781282910575,-8296932.5283462675
NO2_CLD,NO2,p05,Hospital Admissions,Chronic Lung Disease,421,2.615126831441366,12.708032642758992,-10.092905811317626,9380,0.0020967572,0.00185,,0.9815013638096095,-0.01884728526365942,19.667582536,-0.37068053850255817,UNIT_VALUE_CLD_HA,UNIT_VALUE_CLD_HA_2015_USD,15375.0,-5699.213279476832,-15806369.08569943
NO2_CLD,NO2,p05,Hospital Admissions,Chronic Lung Disease,422,2.736843842578459,13.152316036678595,-10.415472194100136,9380,0.0020967572,0.00185,,0.9809158297475224,-0.019455461593875567,19.667582536,-0.3826418966735258,UNIT_VALUE_CLD_HA,UNIT_VALUE_CLD_HA_2015_USD,15375.0,-5883.119161355459,-16316419.17567807
NO2_CLD,NO2,p05,Hospital Admissions,Chronic Lung Disease,423,2.53441541239653,12.84560324866496,-10.31118783626843,9380,0.0020967572,0.00185,,0.9811050922319439,-0.019258801037380868,19.667582536,-0.37877405894709065,UNIT_VALUE_CLD_HA,UNIT_VALUE_CLD_HA_2015_USD,15375.0,-5823.651156311519,-16151488.826449055
NO2_CLD,NO2,p05,Hospital Admissions,Chronic Lung Disease,424,2.64771804453796,12.76144052832808,-10.11372248379012,9380,0.0020967572,0.00185,,0.981463566091445,-0.01888652268812585,19.667582536,-0.3714522437867518,UNIT_VALUE_CLD_HA,UNIT_VALUE_CLD_HA_2015_USD,15375.0,-5711.078248221309,-15839275.745964425
NO2_CLD,NO2,p05,Hospital Admissions,Chronic Lung Disease,425,2.563533436193971,12.783300732304255,-10.219767296110286,9380,0.0020967572,0.00185,,0.9812710386059823,-0.019086430412360356,19.667582536,-0.3753839454527178,UNIT_VALUE_CLD_HA,UNIT_VALUE_CLD_HA_2015_USD,15375.0,-5771.528161335536,-16006929.348492816
NO2_CLD,NO2,p05,Hospital Admissions,Chronic Lung Disease,426,2.5410722275316497,12.7613800255812,-10.22030779804955,9380,0.0020967572,0.00185,,0.9812700574055091,-0.01908744942652496,19.667582536,-0.37540398699790556,UNIT_VALUE_CLD_HA,UNIT_VALUE_CLD_HA_2015_USD,15375.0,-5771.836300092798,-16007783.94976637
NO2_CLD,NO2,p05,Hospital Admissions,Chronic Lung Disease,427,2.4989116803036096,12.992557858854529,-10.493646178550918,9380,0.0020967572,0.00185,,0.9807739781223723,-0.019602907812088066,19.667582536,-0.3855418073398412,UNIT_VALUE_CLD_HA,UNIT_VALUE_CLD_HA_2015_USD,15375.0,-5927.705287850059,-16440075.676481988
NO2_CLD,NO2,p05,Hospital Admissions,Chronic Lung Disease,428,2.654915453078351,13.06965537052943,-10.41473991745108,9380,0.0020967572,0.00185,,0.9809171586066726,-0.01945408052646691,19.667582536,-0.3826147344162783,UNIT_VALUE_CLD_HA,UNIT_VALUE_CLD_HA_2015_USD,15375.0,-5882.701541650279,-16315260.936659133
NO2_CLD,NO2,p05,Hospital Admissions,Chronic Lung Disease,429,2.447804077168883,12.487700207295278,-10.039896130126396,9380,0.0020967572,0.00185,,0.9815976223170787,-0.018747373938704293,19.667582536,-0.3687155242727221,UNIT_VALUE_CLD_HA,UNIT_VALUE_CLD_HA_2015_USD,15375.0,-5669.001185693102,-15722577.95843682
NO2_CLD,NO2,p05,Hospital Admissions,Chronic Lung Disease,430,2.7743122108178184,12.892837956277631,-10.118525745459817,9380,0.0020967572,0.00185,,0.9814548448114886,-0.01889557658872576,19.667582536,-0.3716303121240732,UNIT_VALUE_CLD_HA,UNIT_VALUE_CLD_HA_2015_USD,15375.0,-5713.816048907625,-15846868.844521875
NO2_CLD,NO2,p05,Hospital Admissions,Chronic Lung Disease,431,2.5901956389102314,12.446232250686156,-9.856036611775924,9380,0.0020967572,0.00185,,0.9819315598288283,-0.01840091602139915,19.667582536,-0.36190153458887253,UNIT_VALUE_CLD_HA,UNIT_VALUE_CLD_HA_2015_USD,15375.0,-5564.236094303915,-15432019.311025305
NO2_CLD,NO2,p05,Hospital Admissions,Chronic Lung Disease,432,2.7305631447686016,12.872796622565865,-10.142233477797262,9380,0.0020967572,0.00185,,0.9814117998282471,-0.01894026562041118,19.667582536,-0.37250923734320013,UNIT_VALUE_CLD_HA,UNIT_VALUE_CLD_HA_2015_USD,15375.0,-5727.329524151702,-15884347.522168053
NO2_CLD,NO2,p05,Hospital Admissions,Chronic Lung Disease,433,2.553397196087107,12.681985520594134,-10.128588324507028,9380,0.0020967572,0.00185,,0.9814365744426768,-0.01891454429224293,19.667582536,-0.37200336099851555,UNIT_VALUE_CLD_HA,UNIT_VALUE_CLD_HA_2015_USD,15375.0,-5719.551675352177,-15862776.202971987
NO2_CLD,NO2,p05,Hospital Admissions,Chronic Lung Disease,434,2.5254380737043034,12.48869344179479,-9.963255368090486,9380,0.0020967572,0.00185,,0.9817368084052298,-0.01860294066434931,19.667582536,-0.36587487092840076,UNIT_VALUE_CLD_HA,UNIT_VALUE_CLD_HA_2015_USD,15375.0,-5625.326140524162,-15601448.277913926
NO2_CLD,NO2,p05,Hospital Admissions,Chronic Lung Disease,435,2.4928951928221568,12.926390888962436,-10.43349569614028,9379,0.0020967572,0.00185,,0.9808831231466528,-0.019489454352135782,19.6654857788,-0.383269587398498,UNIT_VALUE_CLD_HA,UNIT_VALUE_CLD_HA_2015_USD,15375.0,-5892.769906251907,-16343184.841096224
NO2_CLD,NO2,p05,Hospital Admissions,Chronic Lung Disease,436,2.7328955936702077,13.04221996913206,-10.309324375461852,9379,0.0020967572,0.00185,,0.9811084745019139,-0.019255287248106656,19.6654857788,-0.37866457754435046,UNIT_VALUE_CLD_HA,UNIT_VALUE_CLD_HA_2015_USD,15375.0,-5821.9678797443885,-16146820.376719479
NO2_CLD,NO2,p05,Hospital Admissions,Chronic Lung Disease,437,2.5777498062444937,13.371440660366856,-10.793690854122362,9289,0.0020967572,0.00185,,0.9802297185722255,-0.02016902880334137,19.4767776308,-0.39282768903188015,UNIT_VALUE_CLD_HA,UNIT_VALUE_CLD_HA_2015_USD,15375.0,-6039.725718865157,-16750756.500472192
NO2_CLD,NO2,p05,Hospital Admissions,Chronic Lung Disease,438,2.748538360676072,12.938945693609464,-10.190407332933392,8853,0.0020967572,0.00185,,0.9813243387043775,-0.019031079286466746,18.5625914916,-0.3532661504389326,UNIT_VALUE_CLD_HA,UNIT_VALUE_CLD_HA_2015_USD,15375.0,-5431.4670629985885,-15063793.696532175
NO2_CLD,NO2,p05,Hospital Admissions,Chronic Lung Disease,439,2.642992716804893,12.968380281383547,-10.325387564578657,8857,0.0020967572,0.00185,,0.9810793194328207,-0.019285576805469384,18.5709785204,-0.3581520326078964,UNIT_VALUE_CLD_HA,UNIT_VALUE_CLD_HA_2015_USD,15375.0,-5506.587501346407,-15272134.973859165
NO2_CLD,NO2,p05,Hospital Admissions,Chronic Lung Disease,440,2.751293462602895,13.02930152952725,-10.278008066924356,8213,0.0020967572,0.00185,,0.9811653168355212,-0.019196238229481022,17.2206668836,-0.33057202396812013,UNIT_VALUE_CLD_HA,UNIT_VALUE_CLD_HA_2015_USD,15375.0,-5082.544868509847,-14096082.414671265
NO2_CLD,NO2,p05,Hospital Admissions,Chronic Lung Disease,441,2.6284130103741123,12.170469804648013,-9.5420567942739,9110,0.0020967572,0.00185,,0.9825020928935801,-0.017809536725653663,19.101458091999998,-0.3401881194030083,UNIT_VALUE_CLD_HA,UNIT_VALUE_CLD_HA_2015_USD,15375.0,-5230.392335821252,-14506127.015936734
NO2_CLD,NO2,p05,Hospital Admissions,Chronic Lung Disease,442,17.408263536273278,17.305411478410115,0.1028520578631635,9379,0.0020967572,0.00185,,1.0001902944107315,0.00019025820565843343,19.6654857788,0.0037415200376759287,UNIT_VALUE_CLD_HA,UNIT_VALUE_CLD_HA_2015_USD,15375.0,57.525870579267405,159543.9752406576
NO2_CLD,NO2,p05,Hospital Admissions,Chronic Lung Disease,443,2.509244635955389,12.746616897857344,-10.237372261901951,9374,0.0020967572,0.00185,,0.9812390799267453,-0.01911962176909565,19.6550019928,-0.3757962039731573,UNIT_VALUE_CLD_HA,UNIT_VALUE_CLD_HA_2015_USD,15375.0,-5777.866636087293,-16024508.664523581
NO2_CLD,NO2,p05,Hospital Admissions,Chronic Lung Disease,444,2.562440475230373,12.487097916727723,-9.92465744149735,4839,0.0020967572,0.00185,,0.9818069129678885,-0.01853020873230138,10.1462080908,-0.18801135376388906,UNIT_VALUE_CLD_HA,UNIT_VALUE_CLD_HA_2015_USD,15375.0,-2890.674564119794,-8017083.55636676
NO2_CLD,NO2,p05,Hospital Admissions,Chronic Lung Disease,445,2.523741045592004,12.92714412081053,-10.403403075218526,6092,0.0020967572,0.00185,,0.980937731753094,-0.019432699579043256,12.7734448624,-0.24822251660049272,UNIT_VALUE_CLD_HA,UNIT_VALUE_CLD_HA_2015_USD,15375.0,-3816.4211927325755,-10584577.028560307
NO2_CLD,NO2,p05,Hospital Admissions,Chronic Lung Disease,446,2.476082572164113,12.45958874112578,-9.983506168961668,858,0.0020967572,0.00185,,0.9817000293244419,-0.01864110230102689,1.7990176776,-0.03353567256949741,UNIT_VALUE_CLD_HA,UNIT_VALUE_CLD_HA_2015_USD,15375.0,-515.6109657560227,-1430010.9207567258
NO2_CLD,NO2,p05,Hospital Admissions,Chronic Lung Disease,461,2.553623009483738,12.979926274455469,-10.42630326497173,2433,0.0020967572,0.00185,,0.9808961748620288,-0.01947588911808973,5.1014102675999995,-0.09935450071766204,UNIT_VALUE_CLD_HA,UNIT_VALUE_CLD_HA_2015_USD,15375.0,-1527.5754485340537,-4236623.5762278
NO2_CLD,NO2,p05,Hospital Admissions,Chronic Lung Disease,462,2.5051866829226035,12.991476170620894,-10.48628948769829,7924,0.0020967572,0.00185,,0.9807873264274702,-0.019589031235254906,16.6147040528,-0.3254659566548155,UNIT_VALUE_CLD_HA,UNIT_VALUE_CLD_HA_2015_USD,15375.0,-5004.039083567788,-13878352.11553941
NO2_CLD,NO2,p05,Hospital Admissions,Chronic Lung Disease,463,2.5582504794155554,12.782316652115416,-10.22406617269986,8501,0.0020967572,0.00185,,0.981263234665287,-0.019094535159165593,17.8245329572,-0.34035117124696124,UNIT_VALUE_CLD_HA,UNIT_VALUE_CLD_HA_2015_USD,15375.0,-5232.899257922029,-14513079.788898693
NO2_CLD,NO2,p05,Hospital Admissions,Chronic Lung Disease,464,2.681728004920519,12.895175971346704,-10.213447966426184,8783,0.0020967572,0.00185,,0.9812825104771641,-0.019074516587210155,18.4158184876,-0.3512728352087776,UNIT_VALUE_CLD_HA,UNIT_VALUE_CLD_HA_2015_USD,15375.0,-5400.8198413349555,-14978795.772553604
NO2_CLD,NO2,p05,Hospital Admissions,Chronic Lung Disease,465,2.684949355328069,12.458636739285494,-9.773687383957425,9379,0.0020967572,0.00185,,0.9820811646399783,-0.01824577846026676,19.6654857788,-0.35881209683351134,UNIT_VALUE_CLD_HA,UNIT_VALUE_CLD_HA_2015_USD,15375.0,-5516.735988815237,-15300281.09345984
NO2_CLD,NO2,p05,Hospital Admissions,Chronic Lung Disease,466,2.58824710945346,12.806962837562113,-10.218715728108652,9379,0.0020967572,0.00185,,0.9812729475733056,-0.019084447882728783,19.6654857788,-0.37530493843405266,UNIT_VALUE_CLD_HA,UNIT_VALUE_CLD_HA_2015_USD,15375.0,-5770.313428423559,-16003560.37179275
NO2_CLD,NO2,p05,Hospital Admissions,Chronic Lung Disease,467,2.5867797161778925,12.805369888362751,-10.21859017218486,9379,0.0020967572,0.00185,,0.9812731755019003,-0.01908421117139114,19.6654857788,-0.3753002833906086,UNIT_VALUE_CLD_HA,UNIT_VALUE_CLD_HA_2015_USD,15375.0,-5770.241857130607,-16003361.87382174
NO2_CLD,NO2,p05,Hospital Admissions,Chronic Lung Disease,468,2.458288695799367,12.391525020495733,-9.933236324696368,6428,0.0020967572,0.00185,,0.9817913308989037,-0.018546373886215717,13.4779552816,-0.24996719787424942,UNIT_VALUE_CLD_HA,UNIT_VALUE_CLD_HA_2015_USD,15375.0,-3843.245667316585,-10658972.831105836
NO2_CLD,NO2,p05,Hospital Admissions,Chronic Lung Disease,469,2.773279151680615,12.809453978663884,-10.03617482698327,3998,0.0020967572,0.00185,,0.9816043800616271,-0.01874036048740746,8.3828352856,-0.15709735515870327,UNIT_VALUE_CLD_HA,UNIT_VALUE_CLD_HA_2015_USD,15375.0,-2415.3718355650626,-6698864.709911211
NO2_CLD,NO2,p05,Hospital Admissions,Chronic Lung Disease,470,2.661232585733735,13.110034824848189,-10.448802239114451,1575,0.0020967572,0.00185,,0.9808553477700113,-0.019518323750300492,3.3023925899999997,-0.06445716772221335,UNIT_VALUE_CLD_HA,UNIT_VALUE_CLD_HA_2015_USD,15375.0,-991.0289537290304,-2748549.4311407045
NO2_CLD,NO2,p05,Hospital Admissions,Chronic Lung Disease,471,2.5559437517315704,12.685822737968872,-10.129878986237305,5971,0.0020967572,0.00185,,0.9814342310456139,-0.018916977182063643,12.5197372412,-0.23683558371721283,UNIT_VALUE_CLD_HA,UNIT_VALUE_CLD_HA_2015_USD,15375.0,-3641.3470996521473,-10099021.286588255
NO2_CLD,NO2,p05,Hospital Admissions,Chronic Lung Disease,472,2.663401869082256,12.614958476489242,-9.951556607406989,9252,0.0020967572,0.00185,,0.9817580560775127,-0.018580895577644307,19.3991976144,-0.3604544651632529,UNIT_VALUE_CLD_HA,UNIT_VALUE_CLD_HA_2015_USD,15375.0,-5541.987401885013,-15370314.120009951
NO2_CLD,NO2,p05,Hospital Admissions,Chronic Lung Disease,473,2.6722923851302576,13.098730047895016,-10.42643766276476,9380,0.0020967572,0.00185,,0.9808959309760391,-0.019476142596443813,19.667582536,-0.38304864199846406,UNIT_VALUE_CLD_HA,UNIT_VALUE_CLD_HA_2015_USD,15375.0,-5889.3728707263845,-16333763.400858676
NO2_CLD,NO2,p05,Hospital Admissions,Chronic Lung Disease,474,2.535894326543845,12.57443722373055,-10.038542897186703,9379,0.0020967572,0.00185,,0.9816000797310914,-0.01874482352726492,19.6654857788,-0.36862606050154395,UNIT_VALUE_CLD_HA,UNIT_VALUE_CLD_HA_2015_USD,15375.0,-5667.625680211238,-15718763.090268254
NO2_CLD,NO2,p05,Hospital Admissions,Chronic Lung Disease,475,2.4721690989123464,12.661365370606516,-10.18919627169417,9380,0.0020967572,0.00185,,0.9813265373279995,-0.019028796187297248,19.667582536,-0.37425041957439076,UNIT_VALUE_CLD_HA,UNIT_VALUE_CLD_HA_2015_USD,15375.0,-5754.100200956258,-15958594.120338114
NO2_CLD,NO2,p05,Hospital Admissions,Chronic Lung Disease,476,2.6861842022193234,13.149186032331723,-10.4630018301124,9380,0.0020967572,0.00185,,0.9808295817806213,-0.019545106077017316,19.667582536,-0.3844049869446132,UNIT_VALUE_CLD_HA,UNIT_VALUE_CLD_HA_2015_USD,15375.0,-5910.226674273428,-16391599.965230154
NO2_CLD,NO2,p05,Hospital Admissions,Chronic Lung Disease,477,2.5680081224914617,13.594924500433514,-11.026916377942053,9380,0.0020967572,0.00185,,0.9798068728101093,-0.020609293270189344,19.667582536,-0.4053349764000783,UNIT_VALUE_CLD_HA,UNIT_VALUE_CLD_HA_2015_USD,15375.0,-6232.0252621512045,-17284085.822808012
NO2_CLD,NO2,p05,Hospital Admissions,Chronic Lung Disease,478,2.514668505112454,12.937659342458987,-10.422990837346534,9379,0.0020967572,0.00185,,0.9809021858034823,-0.019469641798049553,19.6654857788,-0.38287996389787354,UNIT_VALUE_CLD_HA,UNIT_VALUE_CLD_HA_2015_USD,15375.0,-5886.779444929805,-16326570.715951668
NO2_CLD,NO2,p05,Hospital Admissions,Chronic Lung Disease,479,2.684246523219074,13.225557631347966,-10.541311108128893,9380,0.0020967572,0.00185,,0.9806874971685704,-0.019692820482761775,19.667582536,-0.3873101722113486,UNIT_VALUE_CLD_HA,UNIT_VALUE_CLD_HA_2015_USD,15375.0,-5954.8938977494845,-16515481.38283535
NO2_CLD,NO2,p05,Hospital Admissions,Chronic Lung Disease,480,2.8350624161599267,13.070410005795347,-10.23534758963542,9380,0.0020967572,0.00185,,0.9812427553055997,-0.019115804517260804,19.667582536,-0.3759616630852685,UNIT_VALUE_CLD_HA,UNIT_VALUE_CLD_HA_2015_USD,15375.0,-5780.410569936003,-16031564.086977609
NO2_CLD,NO2,p05,Hospital Admissions,Chronic Lung Disease,481,2.592067427122466,12.025168506628589,-9.43310107950612,9380,0.0020967572,0.00185,,0.9827001539072132,-0.017604399494599354,19.667582536,-0.3462359800567495,UNIT_VALUE_CLD_HA,UNIT_VALUE_CLD_HA_2015_USD,15375.0,-5323.378193372523,-14764016.782845156
NO2_CLD,NO2,p05,Hospital Admissions,Chronic Lung Disease,482,9.991725707685823,9.946404454824236,0.0453212528615889,9380,0.0020967572,0.00185,,1.0000838478328269,8.384080295731344e-05,19.667582536,0.001648945912047475,UNIT_VALUE_CLD_HA,UNIT_VALUE_CLD_HA_2015_USD,15375.0,25.352543397729928,70313.50443556611
NO2_CLD,NO2,p05,Hospital Admissions,Chronic Lung Disease,483,2.7452432766262533,13.740008792367536,-10.994765515741282,9380,0.0020967572,0.00185,,0.9798651525694453,-0.020548590158305124,19.667582536,-0.40414109293690337,UNIT_VALUE_CLD_HA,UNIT_VALUE_CLD_HA_2015_USD,15375.0,-6213.66930390489,-17233176.857528936
NO2_CLD,NO2,p05,Hospital Admissions,Chronic Lung Disease,484,2.635003850197424,13.571396202681196,-10.936392352483772,9380,0.0020967572,0.00185,,0.9799709742659679,-0.02043838670735587,19.667582536,-0.4019736574696069,UNIT_VALUE_CLD_HA,UNIT_VALUE_CLD_HA_2015_USD,15375.0,-6180.344983595206,-17140754.18785245
NO2_CLD,NO2,p05,Hospital Admissions,Chronic Lung Disease,485,17.78303545327135,17.619880042944832,0.1631554103265173,9380,0.0020967572,0.00185,,1.0003018830666286,0.00030179196074597847,19.667582536,0.005935518296672804,UNIT_VALUE_CLD_HA,UNIT_VALUE_CLD_HA_2015_USD,15375.0,91.25859381134437,253099.3218341968
NO2_CLD,NO2,p05,Hospital Admissions,Chronic Lung Disease,486,2.7169683674808867,13.614176173664578,-10.897207806183692,9380,0.0020967572,0.00185,,0.9800420163192318,-0.02036441637035602,19.667582536,-0.4005188397614466,UNIT_VALUE_CLD_HA,UNIT_VALUE_CLD_HA_2015_USD,15375.0,-6157.977161332241,-17078718.598553676
NO2_CLD,NO2,p05,Hospital Admissions,Chronic Lung Disease,487,2.8477711521017723,13.022949206675328,-10.175178054573555,7095,0.0020967572,0.00185,,0.9813519870876642,-0.01900236934117494,14.876492334,-0.28268860183182565,UNIT_VALUE_CLD_HA,UNIT_VALUE_CLD_HA_2015_USD,15375.0,-4346.337253164319,-12054262.128043517
NO2_CLD,NO2,p05,Hospital Admissions,Chronic Lung Disease,488,16.527559754750193,16.640436337862983,-0.11287658311279,654,0.0020967572,0.00185,,0.9997912001229705,-0.00020884348352323556,1.3712792087999999,-0.0002863827268487783,UNIT_VALUE_CLD_HA,UNIT_VALUE_CLD_HA_2015_USD,15375.0,-4.4031344252999665,-12211.785109159686
NO2_CLD,NO2,p05,Hospital Admissions,Chronic Lung Disease,503,2.666415133566064,12.74911275223668,-10.082697618670617,12,0.0020967572,0.00185,,0.9815198997913959,-0.018828044355016837,0.025161086399999998,-0.0004737340507596109,UNIT_VALUE_CLD_HA,UNIT_VALUE_CLD_HA_2015_USD,15375.0,-7.283661030429017,-20200.724011622748
NO2_CLD,NO2,p05,Hospital Admissions,Chronic Lung Disease,504,2.631830239920904,12.897927835867522,-10.26609759594662,62,0.0020967572,0.00185,,0.981186936434614,-0.019173781128546175,0.1299989464,-0.0024925713452152057,UNIT_VALUE_CLD_HA,UNIT_VALUE_CLD_HA_2015_USD,15375.0,-38.323284432683785,-106286.94674413819
NO2_CLD,NO2,p05,Hospital Admissions,Chronic Lung Disease,505,2.663595423769252,13.054159597473731,-10.39056417370448,3191,0.0020967572,0.00185,,0.9809610312312165,-0.019408486333944985,6.6907522252,-0.1298573731266062,UNIT_VALUE_CLD_HA,UNIT_VALUE_CLD_HA_2015_USD,15375.0,-1996.5571118215703,-5537311.390639298
NO2_CLD,NO2,p05,Hospital Admissions,Chronic Lung Disease,506,2.67926702875631,12.848362255713951,-10.169095226957642,7589,0.0020967572,0.00185,,0.9813630305304921,-0.01899090233655265,15.912290390799999,-0.302188752762548,UNIT_VALUE_CLD_HA,UNIT_VALUE_CLD_HA_2015_USD,15375.0,-4646.152073724175,-12885777.54582884
NO2_CLD,NO2,p05,Hospital Admissions,Chronic Lung Disease,507,2.72471864843805,13.112543467344862,-10.387824818906813,3876,0.0020967572,0.00185,,0.9809660025643817,-0.019403320182209027,8.1270309072,-0.1576913828231103,UNIT_VALUE_CLD_HA,UNIT_VALUE_CLD_HA_2015_USD,15375.0,-2424.505010905321,-6724194.932395143
NO2_CLD,NO2,p05,Hospital Admissions,Chronic Lung Disease,508,2.606241742304445,12.85026373094326,-10.244021988638815,3406,0.0020967572,0.00185,,0.9812270088032665,-0.019132159050156528,7.1415550232,-0.1366333665693067,UNIT_VALUE_CLD_HA,UNIT_VALUE_CLD_HA_2015_USD,15375.0,-2100.7380110030904,-5826249.8218563
NO2_CLD,NO2,p05,Hospital Admissions,Chronic Lung Disease,509,2.7408240941996214,13.05452061527232,-10.313696521072696,45,0.0020967572,0.00185,,0.981100538868153,-0.019263531496629627,0.094354074,-0.0018175926763343226,UNIT_VALUE_CLD_HA,UNIT_VALUE_CLD_HA_2015_USD,15375.0,-27.94548739864021,-77504.85311601071
NO2_CLD,NO2,p05,Hospital Admissions,Chronic Lung Disease,513,2.5095397508832744,12.851743325823316,-10.342203574940042,3157,0.0020967572,0.00185,,0.9810487989035624,-0.0193172868848297,6.6194624804,-0.1278700557572532,UNIT_VALUE_CLD_HA,UNIT_VALUE_CLD_HA_2015_USD,15375.0,-1966.0021072677678,-5452569.224359645
NO2_CLD,NO2,p05,Hospital Admissions,Chronic Lung Disease,514,2.6729858549283576,13.047329306139234,-10.374343451210876,8374,0.0020967572,0.00185,,0.9809904686817282,-0.019377896039924902,17.5582447928,-0.3402418422384312,UNIT_VALUE_CLD_HA,UNIT_VALUE_CLD_HA_2015_USD,15375.0,-5231.21832441588,-14508417.837484732
NO2_CLD,NO2,p05,Hospital Admissions,Chronic Lung Disease,515,2.5894001652678096,12.801216734593174,-10.211816569325364,8986,0.0020967572,0.00185,,0.9812854720753023,-0.019071440938709383,18.8414601992,-0.35933379538808635,UNIT_VALUE_CLD_HA,UNIT_VALUE_CLD_HA_2015_USD,15375.0,-5524.757104091827,-15322527.095201395
NO2_CLD,NO2,p05,Hospital Admissions,Chronic Lung Disease,516,2.5790002005023998,13.123241367169356,-10.544241166666955,4255,0.0020967572,0.00185,,0.9806821812601958,-0.019698347853104092,8.921701886,-0.17574278719212283,UNIT_VALUE_CLD_HA,UNIT_VALUE_CLD_HA_2015_USD,15375.0,-2702.0453530788886,-7493933.643589581
NO2_CLD,NO2,p05,Hospital Admissions,Chronic Lung Disease,517,2.658226049872644,13.366991782297108,-10.708765732424464,4378,0.0020967572,0.00185,,0.980383736007924,-0.020008761132607633,9.1796030216,-0.18367248415135767,UNIT_VALUE_CLD_HA,UNIT_VALUE_CLD_HA_2015_USD,15375.0,-2823.9644438271243,-7832067.707443461
NO2_CLD,NO2,p05,Hospital Admissions,Chronic Lung Disease,518,2.5339059783980007,12.777307558320947,-10.243401579922946,7540,0.0020967572,0.00185,,0.9812281350132216,-0.019130989335650828,15.809549288,-0.30245231883017415,UNIT_VALUE_CLD_HA,UNIT_VALUE_CLD_HA_2015_USD,15375.0,-4650.204402013927,-12897016.394677486
NO2_CLD,NO2,p05,Hospital Admissions,Chronic Lung Disease,519,2.7131293577030524,12.832735610282574,-10.119606252579525,9380,0.0020967572,0.00185,,0.9814528829458965,-0.018897613300022265,19.667582536,-0.37167036931159925,UNIT_VALUE_CLD_HA,UNIT_VALUE_CLD_HA_2015_USD,15375.0,-5714.431928165838,-15848576.942532979
NO2_CLD,NO2,p05,Hospital Admissions,Chronic Lung Disease,520,2.5892511603896726,12.904898484216472,-10.3156473238268,9380,0.0020967572,0.00185,,0.9810969980973206,-0.01926721001016074,19.667582536,-0.37893944311328176,UNIT_VALUE_CLD_HA,UNIT_VALUE_CLD_HA_2015_USD,15375.0,-5826.193937866707,-16158541.05309766
NO2_CLD,NO2,p05,Hospital Admissions,Chronic Lung Disease,521,2.744415465240107,13.41237490206555,-10.66795943682544,9380,0.0020967572,0.00185,,0.9804577495843765,-0.01993176189785606,19.667582536,-0.3920095722139841,UNIT_VALUE_CLD_HA,UNIT_VALUE_CLD_HA_2015_USD,15375.0,-6027.147172790005,-16715870.783430982
NO2_CLD,NO2,p05,Hospital Admissions,Chronic Lung Disease,522,2.5208924107059274,12.796552711345443,-10.275660300639515,9380,0.0020967572,0.00185,,0.9811695784064498,-0.019191811495147704,19.667582536,-0.37745653659617107,UNIT_VALUE_CLD_HA,UNIT_VALUE_CLD_HA_2015_USD,15375.0,-5803.39425016613,-16095307.71523825
NO2_CLD,NO2,p05,Hospital Admissions,Chronic Lung Disease,523,2.7501964120718942,13.573094382607076,-10.822897970535182,9380,0.0020967572,0.00185,,0.9801767550886527,-0.020224153254434718,19.667582536,-0.39776020335230783,UNIT_VALUE_CLD_HA,UNIT_VALUE_CLD_HA_2015_USD,15375.0,-6115.563126541733,-16961086.24204464
NO2_CLD,NO2,p05,Hospital Admissions,Chronic Lung Disease,524,2.8521675606254173,14.208662395184238,-11.35649483455882,9380,0.0020967572,0.00185,,0.9792096469106342,-0.021231769064937733,19.667582536,-0.4175775704699544,UNIT_VALUE_CLD_HA,UNIT_VALUE_CLD_HA_2015_USD,15375.0,-6420.25514597555,-17806128.22950297
NO2_CLD,NO2,p05,Hospital Admissions,Chronic Lung Disease,525,17.65373830422057,17.551209430055852,0.1025288741647187,9380,0.0020967572,0.00185,,1.0001896964072932,0.00018966042939105865,19.667582536,0.0037301621488618464,UNIT_VALUE_CLD_HA,UNIT_VALUE_CLD_HA_2015_USD,15375.0,57.35124303875089,159059.65798096286
NO2_CLD,NO2,p05,Hospital Admissions,Chronic Lung Disease,526,2.4358088543720795,12.12927287504141,-9.693464020669332,9380,0.0020967572,0.00185,,0.9822269292864023,-0.018094668537045777,19.667582536,-0.3558783869139102,UNIT_VALUE_CLD_HA,UNIT_VALUE_CLD_HA_2015_USD,15375.0,-5471.630198801369,-15175183.342261681
NO2_CLD,NO2,p05,Hospital Admissions,Chronic Lung Disease,527,2.620177568570861,12.702306852249732,-10.08212928367887,9380,0.0020967572,0.00185,,0.981520931781331,-0.01882697313966797,19.667582536,-0.37028104812747487,UNIT_VALUE_CLD_HA,UNIT_VALUE_CLD_HA_2015_USD,15375.0,-5693.0711149599265,-15789334.222363308
NO2_CLD,NO2,p05,Hospital Admissions,Chronic Lung Disease,528,2.543936158549004,12.696644582544408,-10.152708423995405,9380,0.0020967572,0.00185,,0.9813927815762891,-0.018960011498988738,19.667582536,-0.37289759103987014,UNIT_VALUE_CLD_HA,UNIT_VALUE_CLD_HA_2015_USD,15375.0,-5733.300462238003,-15900907.500984743
NO2_CLD,NO2,p05,Hospital Admissions,Chronic Lung Disease,529,2.586265501370653,12.9882779583601,-10.402012456989446,8735,0.0020967572,0.00185,,0.9809402553596391,-0.019430076945280428,18.315174142,-0.35586524284527044,UNIT_VALUE_CLD_HA,UNIT_VALUE_CLD_HA_2015_USD,15375.0,-5471.428108746033,-15174622.85963951
NO2_CLD,NO2,p05,Hospital Admissions,Chronic Lung Disease,530,2.693231553644414,12.966165307353425,-10.272933753709012,5649,0.0020967572,0.00185,,0.981174527548001,-0.019186670590648713,11.8445814228,-0.22725808204338083,UNIT_VALUE_CLD_HA,UNIT_VALUE_CLD_HA_2015_USD,15375.0,-3494.09301141698,-9690622.380654195
NO2_CLD,NO2,p05,Hospital Admissions,Chronic Lung Disease,531,2.641733732991866,13.136260504039374,-10.494526771047507,927,0.0020967572,0.00185,,0.9807723803485927,-0.019604568844580728,1.9436939244,-0.038105281353693086,UNIT_VALUE_CLD_HA,UNIT_VALUE_CLD_HA_2015_USD,15375.0,-585.8687008130312,-1624865.830895885
NO2_CLD,NO2,p05,Hospital Admissions,Chronic Lung Disease,546,2.592898382860765,12.761400196411527,-10.168501813550764,3,0.0020967572,0.00185,,0.9813641078859452,-0.018989783673870164,0.006290271599999999,-0.00011945089693388914,UNIT_VALUE_CLD_HA,UNIT_VALUE_CLD_HA_2015_USD,15375.0,-1.8365575403585457,-5093.563779156601
NO2_CLD,NO2,p05,Hospital Admissions,Chronic Lung Disease,547,2.6440183705551323,12.723436626178474,-10.079418255623342,544,0.0020967572,0.00185,,0.9815258545156246,-0.018821863325742205,1.1406359168,-0.021468893330442256,UNIT_VALUE_CLD_HA,UNIT_VALUE_CLD_HA_2015_USD,15375.0,-330.0842349555497,-915465.5197527701
NO2_CLD,NO2,p05,Hospital Admissions,Chronic Lung Disease,555,2.7269148096119062,12.587315582201306,-9.8604007725894,86,0.0020967572,0.00185,,0.981923632042447,-0.01840913831552582,0.1803211192,-0.0033195564245632183,UNIT_VALUE_CLD_HA,UNIT_VALUE_CLD_HA_2015_USD,15375.0,-51.03818002765948,-141550.81963411163
NO2_CLD,NO2,p05,Hospital Admissions,Chronic Lung Disease,556,2.4971106044207607,12.884883977363492,-10.387773372942732,695,0.0020967572,0.00185,,0.9809660959278583,-0.019403223160468386,1.457246254,-0.028275274266118595,UNIT_VALUE_CLD_HA,UNIT_VALUE_CLD_HA_2015_USD,15375.0,-434.73234184157343,-1205699.718833675
NO2_CLD,NO2,p05,Hospital Admissions,Chronic Lung Disease,559,2.670761889443043,13.211966548718491,-10.541204659275447,1595,0.0020967572,0.00185,,0.9806876902957499,-0.019692619674288148,3.3443277339999997,-0.06585857413183589,UNIT_VALUE_CLD_HA,UNIT_VALUE_CLD_HA_2015_USD,15375.0,-1012.5755772769769,-2808307.483287286
NO2_CLD,NO2,p05,Hospital Admissions,Chronic Lung Disease,560,2.599324358825522,12.99684897680382,-10.3975246179783,8277,0.0020967572,0.00185,,0.9809483996520475,-0.019421613159989137,17.3548593444,-0.3370593646329595,UNIT_VALUE_CLD_HA,UNIT_VALUE_CLD_HA_2015_USD,15375.0,-5182.287731231752,-14372712.262430077
NO2_CLD,NO2,p05,Hospital Admissions,Chronic Lung Disease,561,2.768285760353535,12.726692247133052,-9.958406486779518,9379,0.0020967572,0.00185,,0.9817456150464652,-0.01859380339852179,19.6654857788,-0.3656561763074334,UNIT_VALUE_CLD_HA,UNIT_VALUE_CLD_HA_2015_USD,15375.0,-5621.963710726789,-15592122.814240998
NO2_CLD,NO2,p05,Hospital Admissions,Chronic Lung Disease,562,2.501738259285992,12.723023880799705,-10.221285621513712,9379,0.0020967572,0.00185,,0.9812682823156741,-0.019089292930289492,19.6654857788,-0.3754002186479554,UNIT_VALUE_CLD_HA,UNIT_VALUE_CLD_HA_2015_USD,15375.0,-5771.778361712315,-16007623.261723785
NO2_CLD,NO2,p05,Hospital Admissions,Chronic Lung Disease,563,2.20955869614663,12.023226899023747,-9.813668202877118,9379,0.0020967572,0.00185,,0.9820085281692374,-0.018321095300775303,19.6654857788,-0.3602932390894362,UNIT_VALUE_CLD_HA,UNIT_VALUE_CLD_HA_2015_USD,15375.0,-5539.508551000082,-15363439.200600157
NO2_CLD,NO2,p05,Hospital Admissions,Chronic Lung Disease,564,10.820104090113182,10.78007396527531,0.0400301248378713,9379,0.0020967572,0.00185,,1.0000740584731433,7.405298889207046e-05,19.6654857788,0.001456287999934646,UNIT_VALUE_CLD_HA,UNIT_VALUE_CLD_HA_2015_USD,15375.0,22.390427998995182,62098.28472525321
NO2_CLD,NO2,p05,Hospital Admissions,Chronic Lung Disease,565,2.6999152192239366,13.560955233446904,-10.861040014222963,9379,0.0020967572,0.00185,,0.9801075935312608,-0.020296145647712205,19.6654857788,-0.3991335635995379,UNIT_VALUE_CLD_HA,UNIT_VALUE_CLD_HA_2015_USD,15375.0,-6136.678540342895,-17019648.364143193
NO2_CLD,NO2,p05,Hospital Admissions,Chronic Lung Disease,566,2.362983347351562,11.938298106172663,-9.575314758821104,9379,0.0020967572,0.00185,,0.9824416441166421,-0.017872161658156527,19.6654857788,-0.3514647409248918,UNIT_VALUE_CLD_HA,UNIT_VALUE_CLD_HA_2015_USD,15375.0,-5403.770391720212,-14986978.917508585
NO2_CLD,NO2,p05,Hospital Admissions,Chronic Lung Disease,567,11.67863961256463,11.614827775088912,0.0638118374757183,9379,0.0020967572,0.00185,,1.0001180588677299,0.00011804493147882233,19.6654857788,0.002321410921256201,UNIT_VALUE_CLD_HA,UNIT_VALUE_CLD_HA_2015_USD,15375.0,35.69169291431409,98988.41187934612
NO2_CLD,NO2,p05,Hospital Admissions,Chronic Lung Disease,568,14.119201354143936,14.07395008528269,0.0452512688612465,9379,0.0020967572,0.00185,,1.000083718351579,8.37113434032366e-05,19.6654857788,0.0016462242332205927,UNIT_VALUE_CLD_HA,UNIT_VALUE_CLD_HA_2015_USD,15375.0,25.310697585766615,70197.4480052927
NO2_CLD,NO2,p05,Hospital Admissions,Chronic Lung Disease,569,2.809253026002566,13.770642510538098,-10.961389484535532,9380,0.0020967572,0.00185,,0.9799256568556973,-0.020485577659753895,19.667582536,-0.4029017894208475,UNIT_VALUE_CLD_HA,UNIT_VALUE_CLD_HA_2015_USD,15375.0,-6194.61501234553,-17180331.113689464
NO2_CLD,NO2,p05,Hospital Admissions,Chronic Lung Disease,570,10.232961324598502,10.188725159768584,0.0442361648299183,9380,0.0020967572,0.00185,,1.0000818402536662,8.183355638724521e-05,19.667582536,0.0016094682244605551,UNIT_VALUE_CLD_HA,UNIT_VALUE_CLD_HA_2015_USD,15375.0,24.745573951081035,68630.11716314667
NO2_CLD,NO2,p05,Hospital Admissions,Chronic Lung Disease,571,2.767987154596655,13.312756432978343,-10.544769278381688,9380,0.0020967572,0.00185,,0.9806812231276294,-0.019699344105680305,19.667582536,-0.38743847610353255,UNIT_VALUE_CLD_HA,UNIT_VALUE_CLD_HA_2015_USD,15375.0,-5956.866570091813,-16520952.451489735
NO2_CLD,NO2,p05,Hospital Admissions,Chronic Lung Disease,572,2.7695783423170166,13.06768453158599,-10.298106189268973,5729,0.0020967572,0.00185,,0.9811288362896572,-0.019234134205766473,12.0123219988,-0.23104661344780017,UNIT_VALUE_CLD_HA,UNIT_VALUE_CLD_HA_2015_USD,15375.0,-3552.3416817599277,-9852170.990443436
NO2_CLD,NO2,p05,Hospital Admissions,Chronic Lung Disease,573,2.8705511915393034,13.493334516385517,-10.62278332484621,2857,0.0020967572,0.00185,,0.9805396955564885,-0.01984652383957508,5.9904353204,-0.11888931739575118,UNIT_VALUE_CLD_HA,UNIT_VALUE_CLD_HA_2015_USD,15375.0,-1827.9232549596743,-5069617.193002809
NO2_CLD,NO2,p05,Hospital Admissions,Chronic Lung Disease,601,2.5862103381972097,12.814577596834456,-10.228367258637247,418,0.0020967572,0.00185,,0.9812554267759768,-0.019102644135799318,0.8764445096,-0.01674240757166395,UNIT_VALUE_CLD_HA,UNIT_VALUE_CLD_HA_2015_USD,15375.0,-257.4145164143332,-713921.1422590041
NO2_CLD,NO2,p05,Hospital Admissions,Chronic Lung Disease,602,2.5960539331680645,12.681687591007677,-10.085633657839612,5837,0.0020967572,0.00185,,0.9815145685112635,-0.018833578310278876,12.2387717764,-0.2304998666724603,UNIT_VALUE_CLD_HA,UNIT_VALUE_CLD_HA_2015_USD,15375.0,-3543.935450089077,-9828856.895340549
NO2_CLD,NO2,p05,Hospital Admissions,Chronic Lung Disease,603,2.794109195576956,13.444801467236566,-10.65069227165961,9379,0.0020967572,0.00185,,0.980489070077544,-0.01989918145738523,19.6654857788,-0.3913270699599699,UNIT_VALUE_CLD_HA,UNIT_VALUE_CLD_HA_2015_USD,15375.0,-6016.653700634537,-16686767.872950843
NO2_CLD,NO2,p05,Hospital Admissions,Chronic Lung Disease,604,2.512915729929515,12.597052153661023,-10.084136423731508,9379,0.0020967572,0.00185,,0.9815172871956445,-0.018830756264277104,19.6654857788,-0.37031596951919044,UNIT_VALUE_CLD_HA,UNIT_VALUE_CLD_HA_2015_USD,15375.0,-5693.608031357553,-15790823.322407978
NO2_CLD,NO2,p05,Hospital Admissions,Chronic Lung Disease,605,2.548504621325276,12.384050391915853,-9.835545770590574,9380,0.0020967572,0.00185,,0.9819687836511128,-0.018362311153969912,19.667582536,-0.3611422701724167,UNIT_VALUE_CLD_HA,UNIT_VALUE_CLD_HA_2015_USD,15375.0,-5552.562403900906,-15399643.14785089
NO2_CLD,NO2,p05,Hospital Admissions,Chronic Lung Disease,606,12.68111290788349,12.663021973999324,0.0180909338841654,9380,0.0020967572,0.00185,,1.000033468787753,3.346766763079323e-05,19.667582536,0.0006582281154160415,UNIT_VALUE_CLD_HA,UNIT_VALUE_CLD_HA_2015_USD,15375.0,10.120257274521638,28067.825132876544
NO2_CLD,NO2,p05,Hospital Admissions,Chronic Lung Disease,607,2.274154489675103,12.938359910453071,-10.664205420777968,9379,0.0020967572,0.00185,,0.980464558818154,-0.01992467856808,19.6654857788,-0.39182848302773843,UNIT_VALUE_CLD_HA,UNIT_VALUE_CLD_HA_2015_USD,15375.0,-6024.362926551478,-16708148.871385666
NO2_CLD,NO2,p05,Hospital Admissions,Chronic Lung Disease,608,2.50706858139227,12.525248465749057,-10.018179884356789,9380,0.0020967572,0.00185,,0.9816370588474,-0.018706446529393572,19.667582536,-0.3679105810721189,UNIT_VALUE_CLD_HA,UNIT_VALUE_CLD_HA_2015_USD,15375.0,-5656.625183983828,-15688253.984016266
NO2_CLD,NO2,p05,Hospital Admissions,Chronic Lung Disease,609,2.600203518210704,13.069712832798771,-10.46950931458807,9380,0.0020967572,0.00185,,0.9808177737951367,-0.019557380297708482,19.667582536,-0.38464639119312183,UNIT_VALUE_CLD_HA,UNIT_VALUE_CLD_HA_2015_USD,15375.0,-5913.938264594248,-16401893.801173624
NO2_CLD,NO2,p05,Hospital Admissions,Chronic Lung Disease,610,2.8472509259956995,13.919798403432624,-11.072547477436924,9379,0.0020967572,0.00185,,0.9797241634211566,-0.020695454226668186,19.6654857788,-0.4069861607803496,UNIT_VALUE_CLD_HA,UNIT_VALUE_CLD_HA_2015_USD,15375.0,-6257.412221997875,-17354494.778855566
NO2_CLD,NO2,p05,Hospital Admissions,Chronic Lung Disease,611,16.71036472859156,16.70533323772496,0.0050314908665995,9380,0.0020967572,0.00185,,1.0000093083014252,9.308214781511559e-06,19.667582536,0.0001830700824781938,UNIT_VALUE_CLD_HA,UNIT_VALUE_CLD_HA_2015_USD,15375.0,2.81470251810223,7806.380404780268
NO2_CLD,NO2,p05,Hospital Admissions,Chronic Lung Disease,612,2.569158696764425,12.170666011394372,-9.601507314629949,9380,0.0020967572,0.00185,,0.982394039853467,-0.01792148509895175,19.667582536,-0.3524722873513277,UNIT_VALUE_CLD_HA,UNIT_VALUE_CLD_HA_2015_USD,15375.0,-5419.261418026663,-15029942.194597686
NO2_CLD,NO2,p05,Hospital Admissions,Chronic Lung Disease,613,2.568470566933535,12.358325884076118,-9.789855317142584,9380,0.0020967572,0.00185,,0.9820517903673759,-0.018276235335724866,19.667582536,-0.3594493669127285,UNIT_VALUE_CLD_HA,UNIT_VALUE_CLD_HA_2015_USD,15375.0,-5526.534016283201,-15327455.236780318
NO2_CLD,NO2,p05,Hospital Admissions,Chronic Lung Disease,614,2.632588223116746,13.41752213379477,-10.784933910678024,5064,0.0020967572,0.00185,,0.9802455987608422,-0.02015250184660866,10.6179784608,-0.21397883053852298,UNIT_VALUE_CLD_HA,UNIT_VALUE_CLD_HA_2015_USD,15375.0,-3289.924519529791,-9124375.360199507
NO2_CLD,NO2,p05,Hospital Admissions,Chronic Lung Disease,643,2.755621678455201,12.776591756029662,-10.02097007757446,249,0.0020967572,0.00185,,0.9816319917899097,-0.018711704960428177,0.5220925428,-0.00976924162291332,UNIT_VALUE_CLD_HA,UNIT_VALUE_CLD_HA_2015_USD,15375.0,-150.20208995229228,-416574.982336386
NO2_CLD,NO2,p05,Hospital Admissions,Chronic Lung Disease,644,2.593474482165337,12.804183095924545,-10.210708613759206,2838,0.0020967572,0.00185,,0.98128748343566,-0.01906935213198091,5.9505969336,-0.11347402832230423,UNIT_VALUE_CLD_HA,UNIT_VALUE_CLD_HA_2015_USD,15375.0,-1744.6631854554275,-4838701.2184376465
NO2_CLD,NO2,p05,Hospital Admissions,Chronic Lung Disease,645,2.7471492950309147,12.656589852379197,-9.909440557348285,7418,0.0020967572,0.00185,,0.9818345524347243,-0.0185015362519374,15.553744909599999,-0.2877681752983512,UNIT_VALUE_CLD_HA,UNIT_VALUE_CLD_HA_2015_USD,15375.0,-4424.43569521215,-12270862.690172233
NO2_CLD,NO2,p05,Hospital Admissions,Chronic Lung Disease,646,2.7192872161123334,13.071455788420971,-10.35216857230864,9380,0.0020967572,0.00185,,0.981030713195176,-0.019336078422093284,19.667582536,-0.3802939182890883,UNIT_VALUE_CLD_HA,UNIT_VALUE_CLD_HA_2015_USD,15375.0,-5847.018993694733,-16216297.88768278
NO2_CLD,NO2,p05,Hospital Admissions,Chronic Lung Disease,647,2.579493478365788,13.294592800699338,-10.71509932233355,9380,0.0020967572,0.00185,,0.9803722487804286,-0.020020712789440953,19.667582536,-0.39375902121588074,UNIT_VALUE_CLD_HA,UNIT_VALUE_CLD_HA_2015_USD,15375.0,-6054.044951194166,-16790469.888990436
NO2_CLD,NO2,p05,Hospital Admissions,Chronic Lung Disease,648,2.726695663380354,12.577138542978156,-9.8504428795978,7672,0.0020967572,0.00185,,0.9819417213064072,-0.01839037725127657,16.0863212384,-0.29583351615939846,UNIT_VALUE_CLD_HA,UNIT_VALUE_CLD_HA_2015_USD,15375.0,-4548.440310950751,-12614780.811600141
NO2_CLD,NO2,p05,Hospital Admissions,Chronic Lung Disease,649,2.5858028800897555,12.5460526772763,-9.960249797186544,8354,0.0020967572,0.00185,,0.9817422671776413,-0.018597276935877316,17.5163096488,-0.3257556614333135,UNIT_VALUE_CLD_HA,UNIT_VALUE_CLD_HA_2015_USD,15375.0,-5008.493294537196,-13890705.557868294
NO2_CLD,NO2,p05,Hospital Admissions,Chronic Lung Disease,650,2.4298545037931536,13.002309632380715,-10.572455128587563,9380,0.0020967572,0.00185,,0.9806309950760812,-0.019751573243323772,19.667582536,-0.38846569697891953,UNIT_VALUE_CLD_HA,UNIT_VALUE_CLD_HA_2015_USD,15375.0,-5972.660091050888,-16564754.676323263
NO2_CLD,NO2,p05,Hospital Admissions,Chronic Lung Disease,651,8.607685603150323,8.573727629601802,0.0339579735485209,9380,0.0020967572,0.00185,,1.0000628242244236,6.282027778847787e-05,19.667582536,0.0012355229983393363,UNIT_VALUE_CLD_HA,UNIT_VALUE_CLD_HA_2015_USD,15375.0,18.996166099467295,52684.53694524558
NO2_CLD,NO2,p05,Hospital Admissions,Chronic Lung Disease,652,2.647149693097649,13.301773914341236,-10.654624221243584,9380,0.0020967572,0.00185,,0.9804819379213404,-0.01990660033986824,19.667582536,-0.3915147051955243,UNIT_VALUE_CLD_HA,UNIT_VALUE_CLD_HA_2015_USD,15375.0,-6019.5385923811855,-16694768.918267751
NO2_CLD,NO2,p05,Hospital Admissions,Chronic Lung Disease,653,9.043805893882404,9.001683871660244,0.0421220222221609,9358,0.0020967572,0.00185,,1.0000779287774004,7.79227049793052e-05,19.6214538776,0.001528956761769269,UNIT_VALUE_CLD_HA,UNIT_VALUE_CLD_HA_2015_USD,15375.0,23.50771021220251,65196.9887338288
NO2_CLD,NO2,p05,Hospital Admissions,Chronic Lung Disease,654,2.580914553856964,12.491581409880448,-9.910666856023484,9380,0.0020967572,0.00185,,0.9818323249957908,-0.018503846880664865,19.667582536,-0.3639259357589824,UNIT_VALUE_CLD_HA,UNIT_VALUE_CLD_HA_2015_USD,15375.0,-5595.361262294355,-15518342.78568503
NO2_CLD,NO2,p05,Hospital Admissions,Chronic Lung Disease,655,2.7754965770850437,13.394203047947997,-10.618706470862952,2972,0.0020967572,0.00185,,0.9805470909911299,-0.019838832002660123,6.2315623983999995,-0.12362691953595138,UNIT_VALUE_CLD_HA,UNIT_VALUE_CLD_HA_2015_USD,15375.0,-1900.7638878652524,-5271635.589522127
NO2_CLD,NO2,p05,Hospital Admissions,Chronic Lung Disease,686,2.6901203038963057,12.936855073282729,-10.24673476938642,1809,0.0020967572,0.00185,,0.9812220843862073,-0.019137273724876502,3.7930337748,-0.07258832559604918,UNIT_VALUE_CLD_HA,UNIT_VALUE_CLD_HA_2015_USD,15375.0,-1116.045506039256,-3095274.0878144535
NO2_CLD,NO2,p05,Hospital Admissions,Chronic Lung Disease,687,2.615030196461016,13.012931382296085,-10.397901185835067,5329,0.0020967572,0.00185,,0.9809477162740581,-0.019422323340848813,11.1736191188,-0.21701764341282379,UNIT_VALUE_CLD_HA,UNIT_VALUE_CLD_HA_2015_USD,15375.0,-3336.6462674721656,-9253954.857595328
NO2_CLD,NO2,p05,Hospital Admissions,Chronic Lung Disease,688,2.7599070887244608,13.285671022981656,-10.525763934257194,8364,0.0020967572,0.00185,,0.9807157043744299,-0.019663492222622203,17.5372772208,-0.3448441142371703,UNIT_VALUE_CLD_HA,UNIT_VALUE_CLD_HA_2015_USD,15375.0,-5301.978256396494,-14704665.555637727
NO2_CLD,NO2,p05,Hospital Admissions,Chronic Lung Disease,689,2.6369016316373743,12.65512066244724,-10.018219030809863,1634,0.0020967572,0.00185,,0.9816369877563258,-0.018706520305072694,3.4261012647999998,-0.06409043287721643,UNIT_VALUE_CLD_HA,UNIT_VALUE_CLD_HA_2015_USD,15375.0,-985.3904054872025,-2732911.312290372
NO2_CLD,NO2,p05,Hospital Admissions,Chronic Lung Disease,690,2.7395875597755914,12.736105743364728,-9.996518183589137,2836,0.0020967572,0.00185,,0.981676397902862,-0.018665623556074484,5.9464034192,-0.11099332773534137,UNIT_VALUE_CLD_HA,UNIT_VALUE_CLD_HA_2015_USD,15375.0,-1706.5224139308737,-4732920.458468303
NO2_CLD,NO2,p05,Hospital Admissions,Chronic Lung Disease,691,2.575366749384135,12.858187203280218,-10.282820453896084,1951,0.0020967572,0.00185,,0.9811565816421081,-0.019205312088264925,4.0907732972,-0.07856457785506653,UNIT_VALUE_CLD_HA,UNIT_VALUE_CLD_HA_2015_USD,15375.0,-1207.930384521648,-3350110.366343874
NO2_CLD,NO2,p05,Hospital Admissions,Chronic Lung Disease,692,2.4537491067132278,13.159809977353197,-10.70606087063997,3072,0.0020967572,0.00185,,0.9803886418548264,-0.020003657027350075,6.441238118399999,-0.12884831815196732,UNIT_VALUE_CLD_HA,UNIT_VALUE_CLD_HA_2015_USD,15375.0,-1981.0428915864975,-5494283.786812739
NO2_CLD,NO2,p05,Hospital Admissions,Chronic Lung Disease,693,2.791861819088502,13.649982184647625,-10.85812036555912,2789,0.0020967572,0.00185,,0.9801128874497358,-0.02029063468598058,5.8478558307999995,-0.11865670635904425,UNIT_VALUE_CLD_HA,UNIT_VALUE_CLD_HA_2015_USD,15375.0,-1824.3468602703053,-5059698.312679472
NO2_CLD,NO2,p05,Hospital Admissions,Chronic Lung Disease,694,2.6065808782201865,12.76924822603621,-10.162667347816022,366,0.0020967572,0.00185,,0.981374700553345,-0.018978785000421716,0.7674131352,-0.014564568899460362,UNIT_VALUE_CLD_HA,UNIT_VALUE_CLD_HA_2015_USD,15375.0,-223.93024682920307,-621054.8644635166
NO2_CLD,NO2,p05,Hospital Admissions,Chronic Lung Disease,695,2.7677559777103293,13.478275328891856,-10.710519351181526,3681,0.0020967572,0.00185,,0.9803805554573622,-0.02001207024499263,7.7181632532,-0.15445642518535924,UNIT_VALUE_CLD_HA,UNIT_VALUE_CLD_HA_2015_USD,15375.0,-2374.767537224898,-6586251.530765649
NO2_CLD,NO2,p05,Hospital Admissions,Chronic Lung Disease,696,2.86933613092975,13.931937753943288,-11.062601623013538,886,0.0020967572,0.00185,,0.9797421903457256,-0.020676673775910315,1.8577268792,-0.03841161264595835,UNIT_VALUE_CLD_HA,UNIT_VALUE_CLD_HA_2015_USD,15375.0,-590.5785444316095,-1637928.2524829588
NO2_CLD,NO2,p05,Hospital Admissions,Chronic Lung Disease,729,2.6856689521976405,12.919906124497585,-10.234237172299943,49,0.0020967572,0.00185,,0.9812447710472569,-0.0191137109782773,0.1027411028,-0.0019637637445086764,UNIT_VALUE_CLD_HA,UNIT_VALUE_CLD_HA_2015_USD,15375.0,-30.192867571820898,-83737.80470971523
NO2_CLD,NO2,p05,Hospital Admissions,Chronic Lung Disease,730,2.8160603390212087,12.791663979722111,-9.975603640700903,173,0.0020967572,0.00185,,0.9817143815669711,-0.018626210205703764,0.3627389956,-0.006756452781851453,UNIT_VALUE_CLD_HA,UNIT_VALUE_CLD_HA_2015_USD,15375.0,-103.8804615209661,-288105.18839609297
NO2_CLD,NO2,p50,Hospital Admissions,Chronic Lung Disease,0,14.231315473731026,12.808183926357923,1.423131547373103,7006,0.0020967572,0.00185,,1.0026362622066674,0.00262933060177295,14.6898809432,0.038624553500357046,UNIT_VALUE_CLD_HA,UNIT_VALUE_CLD_HA_2015_USD,15375.0,593.8525100679896,1647008.366997864
NO2_CLD,NO2,p50,Hospital Admissions,Chronic Lung Disease,1,14.547154562062682,13.092439105856414,1.4547154562062676,3805,0.0020967572,0.00185,,1.0026948481869988,0.0026876054981945785,7.978161146,0.02144214976147196,UNIT_VALUE_CLD_HA,UNIT_VALUE_CLD_HA_2015_USD,15375.0,329.6730525826314,914325.1342242473
NO2_CLD,NO2,p50,Hospital Admissions,Chronic Lung Disease,2,13.999116385567032,12.59920474701033,1.399911638556702,73,0.0020967572,0.00185,,1.0025931930549499,0.002586485797941851,0.1530632756,0.0003958959885258594,UNIT_VALUE_CLD_HA,UNIT_VALUE_CLD_HA_2015_USD,15375.0,6.086900823585089,16881.593351155592
NO2_CLD,NO2,p50,Hospital Admissions,Chronic Lung Disease,41,14.436909339412171,12.993218405470955,1.443690933941216,5661,0.0020967572,0.00185,,1.0026743980669373,0.0026672647392745885,11.8697425092,0.03165974565905784,UNIT_VALUE_CLD_HA,UNIT_VALUE_CLD_HA_2015_USD,15375.0,486.76858950801426,1350018.609199212
NO2_CLD,NO2,p50,Hospital Admissions,Chronic Lung Disease,42,13.63419892837284,12.270779035535556,1.3634198928372854,9380,0.0020967572,0.00185,,1.0025255105442465,0.0025191484083787463,19.667582536,0.04954555924222203,UNIT_VALUE_CLD_HA,UNIT_VALUE_CLD_HA_2015_USD,15375.0,761.7629733491638,2112696.283175771
NO2_CLD,NO2,p50,Hospital Admissions,Chronic Lung Disease,43,14.465433051011122,13.018889745910007,1.4465433051011125,6828,0.0020967572,0.00185,,1.0026796890800387,0.0026725275371811685,14.3166581616,0.03826166317728552,UNIT_VALUE_CLD_HA,UNIT_VALUE_CLD_HA_2015_USD,15375.0,588.2730713507649,1631534.1842763517
NO2_CLD,NO2,p50,Hospital Admissions,Chronic Lung Disease,44,14.231405806193385,12.808265225574049,1.4231405806193376,939,0.0020967572,0.00185,,1.0026362789622287,0.002629347269338278,1.9688550108,0.0051768035463699656,UNIT_VALUE_CLD_HA,UNIT_VALUE_CLD_HA_2015_USD,15375.0,79.59335452543822,220746.5972414861
NO2_CLD,NO2,p50,Hospital Admissions,Chronic Lung Disease,82,14.04676787451595,12.642091087064356,1.404676787451594,656,0.0020967572,0.00185,,1.0026020314797224,0.002595278483409791,1.3754727232,0.003569734763038031,UNIT_VALUE_CLD_HA,UNIT_VALUE_CLD_HA_2015_USD,15375.0,54.88467198170972,152218.7958142332
NO2_CLD,NO2,p50,Hospital Admissions,Chronic Lung Disease,83,14.249579367891377,12.824621431102235,1.4249579367891396,4099,0.0020967572,0.00185,,1.0026396499402668,0.00263270053246345,8.594607762799999,0.02262702843343806,UNIT_VALUE_CLD_HA,UNIT_VALUE_CLD_HA_2015_USD,15375.0,347.8905621641102,964850.121822808
NO2_CLD,NO2,p50,Hospital Admissions,Chronic Lung Disease,84,14.293178804590218,12.863860924131195,1.4293178804590203,9171,0.0020967572,0.00185,,1.0026477371598126,0.002640745160720992,19.229360281199998,0.05077984010633935,UNIT_VALUE_CLD_HA,UNIT_VALUE_CLD_HA_2015_USD,15375.0,780.7400416349675,2165327.8536716676
NO2_CLD,NO2,p50,Hospital Admissions,Chronic Lung Disease,85,14.249657614430946,12.824691852987852,1.4249657614430935,9159,0.0020967572,0.00185,,1.0026396644540871,0.0026327149699633123,19.2041991948,0.050559182706307354,UNIT_VALUE_CLD_HA,UNIT_VALUE_CLD_HA_2015_USD,15375.0,777.3474341094756,2155918.6941822427
NO2_CLD,NO2,p50,Hospital Admissions,Chronic Lung Disease,86,13.734657012329684,12.361191311096716,1.373465701232968,7033,0.0020967572,0.00185,,1.002544142398883,0.0025376861639183623,14.7464933876,0.03742197223602614,UNIT_VALUE_CLD_HA,UNIT_VALUE_CLD_HA_2015_USD,15375.0,575.3628231289019,1595728.5145503904
NO2_CLD,NO2,p50,Hospital Admissions,Chronic Lung Disease,87,13.960250388059256,12.564225349253327,1.3960250388059272,2360,0.0020967572,0.00185,,1.0025859842257259,0.0025793141599950165,4.948346992,0.012763341465034347,UNIT_VALUE_CLD_HA,UNIT_VALUE_CLD_HA_2015_USD,15375.0,196.23637502490308,544247.849585317
NO2_CLD,NO2,p50,Hospital Admissions,Chronic Lung Disease,91,14.221301673565824,12.79917150620924,1.422130167356583,537,0.0020967572,0.00185,,1.0026344047715416,0.002627482918005297,1.1259586164,0.002958437030971879,UNIT_VALUE_CLD_HA,UNIT_VALUE_CLD_HA_2015_USD,15375.0,45.485969351192644,126152.15197767821
NO2_CLD,NO2,p50,Hospital Admissions,Chronic Lung Disease,125,14.597197944543492,13.137478150089144,1.4597197944543492,3772,0.0020967572,0.00185,,1.0027041312047027,0.0026968385992923727,7.9089681584,0.02132921061014743,UNIT_VALUE_CLD_HA,UNIT_VALUE_CLD_HA_2015_USD,15375.0,327.9366131310167,909509.2409559556
NO2_CLD,NO2,p50,Hospital Admissions,Chronic Lung Disease,126,14.532173770060547,13.078956393054492,1.4532173770060552,9325,0.0020967572,0.00185,,1.0026920692757015,0.0026848414963989153,19.55226089,0.052494721385889585,UNIT_VALUE_CLD_HA,UNIT_VALUE_CLD_HA_2015_USD,15375.0,807.1063413080524,2238452.9401739915
NO2_CLD,NO2,p50,Hospital Admissions,Chronic Lung Disease,127,14.281589690345305,12.853430721310776,1.4281589690345289,9380,0.0020967572,0.00185,,1.00264558749927,0.002638606834014512,19.667582536,0.05189501768803407,UNIT_VALUE_CLD_HA,UNIT_VALUE_CLD_HA_2015_USD,15375.0,797.8858969535238,2212880.683187811
NO2_CLD,NO2,p50,Hospital Admissions,Chronic Lung Disease,128,14.312834533694687,12.88155108032522,1.4312834533694687,9379,0.0020967572,0.00185,,1.0026513831043187,0.0026443718614437284,19.6654857788,0.052002857235080524,UNIT_VALUE_CLD_HA,UNIT_VALUE_CLD_HA_2015_USD,15375.0,799.543929989363,2217479.121750399
NO2_CLD,NO2,p50,Hospital Admissions,Chronic Lung Disease,129,14.252301142954732,12.827071028659258,1.4252301142954753,7335,0.0020967572,0.00185,,1.0026401547979193,0.0026332027350843834,15.379714062,0.04049790513287415,UNIT_VALUE_CLD_HA,UNIT_VALUE_CLD_HA_2015_USD,15375.0,622.65529141794,1726890.8648772573
NO2_CLD,NO2,p50,Hospital Admissions,Chronic Lung Disease,130,14.21879661454665,12.796916953091984,1.421879661454664,5190,0.0020967572,0.00185,,1.002633940114853,0.002627020699649596,10.882169868,0.028587685500339112,UNIT_VALUE_CLD_HA,UNIT_VALUE_CLD_HA_2015_USD,15375.0,439.53566456771387,1219021.3981820345
NO2_CLD,NO2,p50,Hospital Admissions,Chronic Lung Disease,131,14.36140361464415,12.925263253179734,1.4361403614644157,5202,0.0020967572,0.00185,,1.0026603922481887,0.0026533333407370296,10.907330954399999,0.028940784879762562,UNIT_VALUE_CLD_HA,UNIT_VALUE_CLD_HA_2015_USD,15375.0,444.9645675263494,1234078.0805146033
NO2_CLD,NO2,p50,Hospital Admissions,Chronic Lung Disease,132,14.457375794375452,13.011638214937909,1.4457375794375444,8779,0.0020967572,0.00185,,1.0026781944943506,0.0026710409272450164,18.407431458799998,0.04916700279191223,UNIT_VALUE_CLD_HA,UNIT_VALUE_CLD_HA_2015_USD,15375.0,755.9426679256505,2096554.0735050368
NO2_CLD,NO2,p50,Hospital Admissions,Chronic Lung Disease,133,14.13019366907388,12.717174302166493,1.41301936690739,7568,0.0020967572,0.00185,,1.0026175055302873,0.002610672081675758,15.868258489599999,0.041426819423613044,UNIT_VALUE_CLD_HA,UNIT_VALUE_CLD_HA_2015_USD,15375.0,636.9373486380506,1766501.1508332286
NO2_CLD,NO2,p50,Hospital Admissions,Chronic Lung Disease,134,14.070428166810249,12.663385350129223,1.4070428166810238,6970,0.0020967572,0.00185,,1.0026064200328941,0.0025996442679956377,14.614397684,0.037992235169419325,UNIT_VALUE_CLD_HA,UNIT_VALUE_CLD_HA_2015_USD,15375.0,584.1306157298221,1620045.3735835606
NO2_CLD,NO2,p50,Hospital Admissions,Chronic Lung Disease,135,14.196828290629218,12.777145461566295,1.419682829062921,2916,0.0020967572,0.00185,,1.0026298652785075,0.002622967228067652,6.1141439952,0.016037199327096224,UNIT_VALUE_CLD_HA,UNIT_VALUE_CLD_HA_2015_USD,15375.0,246.57193965410443,683850.0145948828
NO2_CLD,NO2,p50,Hospital Admissions,Chronic Lung Disease,136,14.32413122379342,12.891718101414078,1.4324131223793408,629,0.0020967572,0.00185,,1.0026534785352694,0.0026464562204937536,1.3188602788,0.003490305988792386,UNIT_VALUE_CLD_HA,UNIT_VALUE_CLD_HA_2015_USD,15375.0,53.663454577682934,148831.83482938318
NO2_CLD,NO2,p50,Hospital Admissions,Chronic Lung Disease,166,13.977551193715644,12.57979607434408,1.3977551193715634,6,0.0020967572,0.00185,,1.0025891931567357,0.002582506548453156,0.012580543199999999,3.248933519709782e-05,UNIT_VALUE_CLD_HA,UNIT_VALUE_CLD_HA_2015_USD,15375.0,0.499523528655379,1385.3935400786877
NO2_CLD,NO2,p50,Hospital Admissions,Chronic Lung Disease,167,14.349619690570815,12.914657721513736,1.4349619690570812,6438,0.0020967572,0.00185,,1.0026582064248935,0.0026511590967490672,13.4989228536,0.035787792119635516,UNIT_VALUE_CLD_HA,UNIT_VALUE_CLD_HA_2015_USD,15375.0,550.2373038393961,1526044.6455872962
NO2_CLD,NO2,p50,Hospital Admissions,Chronic Lung Disease,168,14.424199541828282,12.981779587645455,1.4424199541828262,9380,0.0020967572,0.00185,,1.0026720404688103,0.0026649196955377263,19.667582536,0.05241252806380023,UNIT_VALUE_CLD_HA,UNIT_VALUE_CLD_HA_2015_USD,15375.0,805.8426189809285,2234948.0947602764
NO2_CLD,NO2,p50,Hospital Admissions,Chronic Lung Disease,169,14.332202526463105,12.898982273816792,1.4332202526463114,9293,0.0020967572,0.00185,,1.0026549756895313,0.002647945458711276,19.4851646596,0.051595653272629265,UNIT_VALUE_CLD_HA,UNIT_VALUE_CLD_HA_2015_USD,15375.0,793.283169066675,2200115.339584588
NO2_CLD,NO2,p50,Hospital Admissions,Chronic Lung Disease,170,14.045750810539078,12.641175729485168,1.4045750810539095,9380,0.0020967572,0.00185,,1.0026018428333143,0.0025950908148758556,19.667582536,0.05103916278998639,UNIT_VALUE_CLD_HA,UNIT_VALUE_CLD_HA_2015_USD,15375.0,784.7271278960407,2176385.7583207157
NO2_CLD,NO2,p50,Hospital Admissions,Chronic Lung Disease,171,14.451037530910474,13.005933777819427,1.4451037530910469,9380,0.0020967572,0.00185,,1.0026770187759049,0.002669871479824115,19.667582536,0.05250991768995325,UNIT_VALUE_CLD_HA,UNIT_VALUE_CLD_HA_2015_USD,15375.0,807.3399844830312,2239100.933164773
NO2_CLD,NO2,p50,Hospital Admissions,Chronic Lung Disease,172,14.506329203743634,13.05569628336927,1.450632920374364,9380,0.0020967572,0.00185,,1.0026872751709517,0.0026800730771151526,19.667582536,0.05271055844667376,UNIT_VALUE_CLD_HA,UNIT_VALUE_CLD_HA_2015_USD,15375.0,810.4248361176091,2247656.5532336603
NO2_CLD,NO2,p50,Hospital Admissions,Chronic Lung Disease,173,14.474983700569984,13.027485330512985,1.4474983700569997,9380,0.0020967572,0.00185,,1.0026814606864347,0.0026742896837835817,19.667582536,0.05259681308098694,UNIT_VALUE_CLD_HA,UNIT_VALUE_CLD_HA_2015_USD,15375.0,808.6760011201742,2242806.2817867245
NO2_CLD,NO2,p50,Hospital Admissions,Chronic Lung Disease,174,14.517799158446284,13.066019242601657,1.451779915844627,9380,0.0020967572,0.00185,,1.00268940281707,0.002682189329531237,19.667582536,0.05275218001573411,UNIT_VALUE_CLD_HA,UNIT_VALUE_CLD_HA_2015_USD,15375.0,811.064767741912,2249431.358798451
NO2_CLD,NO2,p50,Hospital Admissions,Chronic Lung Disease,175,14.419176779218576,12.977259101296715,1.4419176779218592,9380,0.0020967572,0.00185,,1.0026711087752707,0.00266399296029729,19.667582536,0.05239430142196993,UNIT_VALUE_CLD_HA,UNIT_VALUE_CLD_HA_2015_USD,15375.0,805.5623843627876,2234170.883663286
NO2_CLD,NO2,p50,Hospital Admissions,Chronic Lung Disease,176,14.43721399831799,12.993492598486192,1.443721399831798,9380,0.0020967572,0.00185,,1.0026744545795707,0.0026673209508385476,19.667582536,0.052459754950619136,UNIT_VALUE_CLD_HA,UNIT_VALUE_CLD_HA_2015_USD,15375.0,806.5687323657692,2236961.919405195
NO2_CLD,NO2,p50,Hospital Admissions,Chronic Lung Disease,177,14.358521540396213,12.922669386356592,1.4358521540396207,8935,0.0020967572,0.00185,,1.0026598576461174,0.0026528015715736597,18.734525582,0.04969897890661653,UNIT_VALUE_CLD_HA,UNIT_VALUE_CLD_HA_2015_USD,15375.0,764.1218006892292,2119238.3256855286
NO2_CLD,NO2,p50,Hospital Admissions,Chronic Lung Disease,178,13.992112609031755,12.592901348128583,1.399211260903174,3436,0.0020967572,0.00185,,1.0025918939971357,0.0025851934497517215,7.2044577391999995,0.018624916956392935,UNIT_VALUE_CLD_HA,UNIT_VALUE_CLD_HA_2015_USD,15375.0,286.35809820454136,794194.1403034211
NO2_CLD,NO2,p50,Hospital Admissions,Chronic Lung Disease,208,14.440477852469986,12.996430067222986,1.4440477852469993,4959,0.0020967572,0.00185,,1.002675060007642,0.0026679231531117065,10.3978189548,0.027740581931374683,UNIT_VALUE_CLD_HA,UNIT_VALUE_CLD_HA_2015_USD,15375.0,426.51144719488576,1182899.6429937119
NO2_CLD,NO2,p50,Hospital Admissions,Chronic Lung Disease,209,14.144741839769344,12.73026765579241,1.4144741839769337,2301,0.0020967572,0.00185,,1.002620203990282,0.002613356463248895,4.8246383172,0.01260849972909289,UNIT_VALUE_CLD_HA,UNIT_VALUE_CLD_HA_2015_USD,15375.0,193.8556833348032,537645.1678312431
NO2_CLD,NO2,p50,Hospital Admissions,Chronic Lung Disease,210,14.32397375500596,12.891576379505365,1.4323973755005976,2925,0.0020967572,0.00185,,1.0026534493262438,0.0026464271658634964,6.13301481,0.01623057700182715,UNIT_VALUE_CLD_HA,UNIT_VALUE_CLD_HA_2015_USD,15375.0,249.54512140309242,692095.9260529786
NO2_CLD,NO2,p50,Hospital Admissions,Chronic Lung Disease,211,14.25271483064996,12.827443347584964,1.4252714830649946,9380,0.0020967572,0.00185,,1.0026402315322027,0.0026332790657801475,19.667582536,0.05179023336655203,UNIT_VALUE_CLD_HA,UNIT_VALUE_CLD_HA_2015_USD,15375.0,796.2748380107374,2208412.5239841193
NO2_CLD,NO2,p50,Hospital Admissions,Chronic Lung Disease,212,14.70019519294552,13.230175673650969,1.4700195192945529,9380,0.0020967572,0.00185,,1.0027232374035295,0.0027158415223139665,19.667582536,0.05341403729480582,UNIT_VALUE_CLD_HA,UNIT_VALUE_CLD_HA_2015_USD,15375.0,821.2408234076395,2277653.9368634494
NO2_CLD,NO2,p50,Hospital Admissions,Chronic Lung Disease,213,14.313176861298048,12.881859175168245,1.4313176861298036,9380,0.0020967572,0.00185,,1.0026514466028411,0.002644435024578673,19.667582536,0.052009644106990244,UNIT_VALUE_CLD_HA,UNIT_VALUE_CLD_HA_2015_USD,15375.0,799.648278144975,2217768.524055618
NO2_CLD,NO2,p50,Hospital Admissions,Chronic Lung Disease,214,14.00333279068847,12.602999511619624,1.4003332790688443,9380,0.0020967572,0.00185,,1.0025939751129835,0.002587263815036489,19.667582536,0.05088522462463639,UNIT_VALUE_CLD_HA,UNIT_VALUE_CLD_HA_2015_USD,15375.0,782.3603286037845,2169821.606159594
NO2_CLD,NO2,p50,Hospital Admissions,Chronic Lung Disease,215,14.744613554219285,13.270152198797357,1.47446135542193,9380,0.0020967572,0.00185,,1.0027314772121425,0.0027240365683310896,19.667582536,0.053575214038733915,UNIT_VALUE_CLD_HA,UNIT_VALUE_CLD_HA_2015_USD,15375.0,823.718915845534,2284526.752773479
NO2_CLD,NO2,p50,Hospital Admissions,Chronic Lung Disease,216,14.603945969202671,13.143551372282404,1.460394596920267,9380,0.0020967572,0.00185,,1.0027053829658417,0.0026980836163854605,19.667582536,0.05306478221429041,UNIT_VALUE_CLD_HA,UNIT_VALUE_CLD_HA_2015_USD,15375.0,815.871026544715,2262761.181149909
NO2_CLD,NO2,p50,Hospital Admissions,Chronic Lung Disease,217,14.28766927407662,12.85890234666896,1.428766927407661,9380,0.0020967572,0.00185,,1.0026467151984475,0.002639728588672119,19.667582536,0.051917079890347696,UNIT_VALUE_CLD_HA,UNIT_VALUE_CLD_HA_2015_USD,15375.0,798.2251033140958,2213821.4482844127
NO2_CLD,NO2,p50,Hospital Admissions,Chronic Lung Disease,218,14.32137367490897,12.889236307418072,1.432137367490899,8126,0.0020967572,0.00185,,1.0026529670351934,0.002645947423900896,17.0382490072,0.04508231106838285,UNIT_VALUE_CLD_HA,UNIT_VALUE_CLD_HA_2015_USD,15375.0,693.1405326763863,1922376.74754067
NO2_CLD,NO2,p50,Hospital Admissions,Chronic Lung Disease,219,14.496806018633896,13.047125416770507,1.4496806018633883,537,0.0020967572,0.00185,,1.00268550864885,0.002678316008046022,1.1259586164,0.00301567298670147,UNIT_VALUE_CLD_HA,UNIT_VALUE_CLD_HA_2015_USD,15375.0,46.3659721705351,128592.77819692716
NO2_CLD,NO2,p50,Hospital Admissions,Chronic Lung Disease,251,14.277684364504616,12.849915928054156,1.427768436450462,8,0.0020967572,0.00185,,1.002644863102853,0.0026378862548281923,0.0167740576,4.424805598073638e-05,UNIT_VALUE_CLD_HA,UNIT_VALUE_CLD_HA_2015_USD,15375.0,0.6803138607038218,1886.8028706918005
NO2_CLD,NO2,p50,Hospital Admissions,Chronic Lung Disease,252,14.343817057023198,12.909435351320878,1.4343817057023198,3036,0.0020967572,0.00185,,1.0026571300847142,0.002650088454953514,6.3657548592,0.016869813459430155,UNIT_VALUE_CLD_HA,UNIT_VALUE_CLD_HA_2015_USD,15375.0,259.37338193873865,719353.9186703559
NO2_CLD,NO2,p50,Hospital Admissions,Chronic Lung Disease,253,14.095382427716356,12.685844184944722,1.4095382427716334,8188,0.0020967572,0.00185,,1.0026110486144837,0.002604248794277564,17.168247953599998,0.04471038903302105,UNIT_VALUE_CLD_HA,UNIT_VALUE_CLD_HA_2015_USD,15375.0,687.4222313826986,1906517.4391837176
NO2_CLD,NO2,p50,Hospital Admissions,Chronic Lung Disease,254,13.786390966650416,12.407751869985374,1.3786390966650437,9380,0.0020967572,0.00185,,1.00255373757578,0.00254723261214429,19.667582536,0.050097907637738706,UNIT_VALUE_CLD_HA,UNIT_VALUE_CLD_HA_2015_USD,15375.0,770.2553299302326,2136249.239688405
NO2_CLD,NO2,p50,Hospital Admissions,Chronic Lung Disease,255,13.851712063738953,12.466540857365056,1.3851712063738937,9380,0.0020967572,0.00185,,1.0025658529123387,0.0025592861604901707,19.667582536,0.05033497179468298,UNIT_VALUE_CLD_HA,UNIT_VALUE_CLD_HA_2015_USD,15375.0,773.9001913432508,2146358.007677112
NO2_CLD,NO2,p50,Hospital Admissions,Chronic Lung Disease,256,14.039881224745864,12.635893102271275,1.403988122474587,9380,0.0020967572,0.00185,,1.002600754135262,0.0025940077588560984,19.667582536,0.0510178616963267,UNIT_VALUE_CLD_HA,UNIT_VALUE_CLD_HA_2015_USD,15375.0,784.3996235810231,2175477.4480283167
NO2_CLD,NO2,p50,Hospital Admissions,Chronic Lung Disease,257,13.946329554999368,12.55169659949943,1.3946329554999384,9380,0.0020967572,0.00185,,1.0025834022151094,0.0025767454452185756,19.667582536,0.0506783537180984,UNIT_VALUE_CLD_HA,UNIT_VALUE_CLD_HA_2015_USD,15375.0,779.1796884157629,2161000.3232429293
NO2_CLD,NO2,p50,Hospital Admissions,Chronic Lung Disease,258,14.297736831801217,12.867963148621094,1.429773683180121,9380,0.0020967572,0.00185,,1.002648582627868,0.0026415861686316378,19.667582536,0.05195361399751875,UNIT_VALUE_CLD_HA,UNIT_VALUE_CLD_HA_2015_USD,15375.0,798.7868152118508,2215379.316913003
NO2_CLD,NO2,p50,Hospital Admissions,Chronic Lung Disease,259,14.140810381882863,12.72672934369458,1.4140810381882858,4854,0.0020967572,0.00185,,1.0026194747651123,0.0026126310440217626,10.1776594488,0.026590469031416302,UNIT_VALUE_CLD_HA,UNIT_VALUE_CLD_HA_2015_USD,15375.0,408.82846135802566,1133857.119584189
NO2_CLD,NO2,p50,Hospital Admissions,Chronic Lung Disease,294,14.174367438154402,12.756930694338962,1.4174367438154398,1103,0.0020967572,0.00185,,1.0026256991016873,0.002618822860854131,2.3127231916,0.006056612364989608,UNIT_VALUE_CLD_HA,UNIT_VALUE_CLD_HA_2015_USD,15375.0,93.12041511171523,258262.95288328436
NO2_CLD,NO2,p50,Hospital Admissions,Chronic Lung Disease,295,14.54877495201531,13.093897456813778,1.454877495201531,6166,0.0020967572,0.00185,,1.0026951487670255,0.0026879044646217487,12.9286048952,0.03475085481913867,UNIT_VALUE_CLD_HA,UNIT_VALUE_CLD_HA_2015_USD,15375.0,534.2943928442571,1481828.097946048
NO2_CLD,NO2,p50,Hospital Admissions,Chronic Lung Disease,296,14.353180205824035,12.917862185241637,1.435318020582402,9345,0.0020967572,0.00185,,1.002658866871381,0.0026518160455484274,19.594196034,0.05196020344258256,UNIT_VALUE_CLD_HA,UNIT_VALUE_CLD_HA_2015_USD,15375.0,798.8881279297068,2215660.3006440867
NO2_CLD,NO2,p50,Hospital Admissions,Chronic Lung Disease,297,14.38365324314934,12.945287918834406,1.438365324314935,9380,0.0020967572,0.00185,,1.0026645193886128,0.002657438591960548,19.667582536,0.05226539284173571,UNIT_VALUE_CLD_HA,UNIT_VALUE_CLD_HA_2015_USD,15375.0,803.5804149416865,2228674.0302117215
NO2_CLD,NO2,p50,Hospital Admissions,Chronic Lung Disease,298,14.83771484404525,13.353943359640724,1.4837714844045244,9380,0.0020967572,0.00185,,1.0027487481457444,0.0027412132409313505,19.667582536,0.05391303766479339,UNIT_VALUE_CLD_HA,UNIT_VALUE_CLD_HA_2015_USD,15375.0,828.9129540961984,2298932.0542790196
NO2_CLD,NO2,p50,Hospital Admissions,Chronic Lung Disease,299,14.200896034253718,12.780806430828346,1.4200896034253727,9380,0.0020967572,0.00185,,1.0026306197904211,0.0026237177864875116,19.667582536,0.05160218611691436,UNIT_VALUE_CLD_HA,UNIT_VALUE_CLD_HA_2015_USD,15375.0,793.3836115475583,2200393.9097743444
NO2_CLD,NO2,p50,Hospital Admissions,Chronic Lung Disease,300,14.22139682603271,12.79925714342944,1.4221396826032695,6904,0.0020967572,0.00185,,1.002634422421122,0.00262750047495941,14.4760117088,0.03803572764038998,UNIT_VALUE_CLD_HA,UNIT_VALUE_CLD_HA_2015_USD,15375.0,584.799312470996,1621899.9571864344
NO2_CLD,NO2,p50,Hospital Admissions,Chronic Lung Disease,301,14.148079284739936,12.733271356265943,1.4148079284739945,3775,0.0020967572,0.00185,,1.0026208230355782,0.0026139722768206974,7.91525843,0.02069026609989132,UNIT_VALUE_CLD_HA,UNIT_VALUE_CLD_HA_2015_USD,15375.0,318.11284128582906,882263.6974073568
NO2_CLD,NO2,p50,Hospital Admissions,Chronic Lung Disease,302,14.114863759260006,12.703377383334006,1.4114863759259997,3437,0.0020967572,0.00185,,1.0026146620776708,0.0026078434483021162,7.2065544964,0.018793565928268897,UNIT_VALUE_CLD_HA,UNIT_VALUE_CLD_HA_2015_USD,15375.0,288.9510761471343,801385.5831187466
NO2_CLD,NO2,p50,Hospital Admissions,Chronic Lung Disease,303,14.40108746155277,12.960978715397491,1.4401087461552784,2651,0.0020967572,0.00185,,1.0026677533181882,0.0026606553460600812,5.5585033371999995,0.01478926162021398,UNIT_VALUE_CLD_HA,UNIT_VALUE_CLD_HA_2015_USD,15375.0,227.38489741078996,630636.0960260072
NO2_CLD,NO2,p50,Hospital Admissions,Chronic Lung Disease,304,14.270502007909949,12.843451807118951,1.4270502007909958,870,0.0020967572,0.00185,,1.0026435308534436,0.0026365610230321135,1.824178764,0.004809558628205296,UNIT_VALUE_CLD_HA,UNIT_VALUE_CLD_HA_2015_USD,15375.0,73.94696390865643,205086.72811318497
NO2_CLD,NO2,p50,Hospital Admissions,Chronic Lung Disease,337,14.451706260400025,13.006535634360024,1.4451706260400012,1314,0.0020967572,0.00185,,1.0026771428220553,0.0026699948644690608,2.7551389608,0.007356206876234625,UNIT_VALUE_CLD_HA,UNIT_VALUE_CLD_HA_2015_USD,15375.0,113.10168072210736,313679.5943651142
NO2_CLD,NO2,p50,Hospital Admissions,Chronic Lung Disease,338,14.24227126952044,12.818044142568397,1.4242271269520437,7894,0.0020967572,0.00185,,1.0026382943741825,0.0026313520927596645,16.5518013368,0.043553617086530896,UNIT_VALUE_CLD_HA,UNIT_VALUE_CLD_HA_2015_USD,15375.0,669.6368627054126,1857190.9641330722
NO2_CLD,NO2,p50,Hospital Admissions,Chronic Lung Disease,339,14.273825371531894,12.846442834378704,1.4273825371531892,9380,0.0020967572,0.00185,,1.0026441473012047,0.0026371742240972607,19.667582536,0.05186684171424464,UNIT_VALUE_CLD_HA,UNIT_VALUE_CLD_HA_2015_USD,15375.0,797.4526913565113,2211679.217788889
NO2_CLD,NO2,p50,Hospital Admissions,Chronic Lung Disease,340,14.441067006662523,12.996960305996272,1.4441067006662518,9380,0.0020967572,0.00185,,1.0026751692927378,0.0026680318558450766,19.667582536,0.0524737367335103,UNIT_VALUE_CLD_HA,UNIT_VALUE_CLD_HA_2015_USD,15375.0,806.7837022777209,2237558.123408099
NO2_CLD,NO2,p50,Hospital Admissions,Chronic Lung Disease,341,14.53295291012053,13.079657619108476,1.4532952910120525,9380,0.0020967572,0.00185,,1.0026922138046603,0.0026849852503041394,19.667582536,0.05280716901829929,UNIT_VALUE_CLD_HA,UNIT_VALUE_CLD_HA_2015_USD,15375.0,811.9102236563515,2251776.171595235
NO2_CLD,NO2,p50,Hospital Admissions,Chronic Lung Disease,342,14.225167481564846,12.80265073340836,1.4225167481564842,9380,0.0020967572,0.00185,,1.0026351218303369,0.00262819621312127,19.667582536,0.05169026594236523,UNIT_VALUE_CLD_HA,UNIT_VALUE_CLD_HA_2015_USD,15375.0,794.7378388638654,2204149.76444021
NO2_CLD,NO2,p50,Hospital Admissions,Chronic Lung Disease,343,14.35470836616389,12.919237529547502,1.435470836616389,9380,0.0020967572,0.00185,,1.0026591503327713,0.002652098005477499,19.667582536,0.052160356416289695,UNIT_VALUE_CLD_HA,UNIT_VALUE_CLD_HA_2015_USD,15375.0,801.965479900454,2224195.1209203163
NO2_CLD,NO2,p50,Hospital Admissions,Chronic Lung Disease,344,14.114186227090212,12.70276760438119,1.4114186227090215,9380,0.0020967572,0.00185,,1.0026145364064967,0.0026077184317190305,19.667582536,0.05128751748648252,UNIT_VALUE_CLD_HA,UNIT_VALUE_CLD_HA_2015_USD,15375.0,788.5455813546687,2186975.971696479
NO2_CLD,NO2,p50,Hospital Admissions,Chronic Lung Disease,345,14.220569657611351,12.79851269185022,1.4220569657611346,9159,0.0020967572,0.00185,,1.0026342689918404,0.0026273478508660464,19.2041991948,0.05045611148206124,UNIT_VALUE_CLD_HA,UNIT_VALUE_CLD_HA_2015_USD,15375.0,775.7627140366916,2151523.5839907816
NO2_CLD,NO2,p50,Hospital Admissions,Chronic Lung Disease,346,14.390398925612924,12.95135903305163,1.4390398925612915,3601,0.0020967572,0.00185,,1.0026657706658397,0.0026586832260858673,7.550422677199999,0.020074182121729987,UNIT_VALUE_CLD_HA,UNIT_VALUE_CLD_HA_2015_USD,15375.0,308.64055012159855,855992.9609237451
NO2_CLD,NO2,p50,Hospital Admissions,Chronic Lung Disease,347,14.471987616908716,13.024788855217846,1.4471987616908706,227,0.0020967572,0.00185,,1.0026809049248435,0.0026737368904462544,0.4759638844,0.0012726021962403764,UNIT_VALUE_CLD_HA,UNIT_VALUE_CLD_HA_2015_USD,15375.0,19.566258767195787,54265.64905270381
NO2_CLD,NO2,p50,Hospital Admissions,Chronic Lung Disease,348,14.33581075294516,12.902229677650643,1.4335810752945155,3432,0.0020967572,0.00185,,1.0026556449839084,0.002648611212826668,7.1960707104,0.019059593571859008,UNIT_VALUE_CLD_HA,UNIT_VALUE_CLD_HA_2015_USD,15375.0,293.04125116733223,812729.3972250142
NO2_CLD,NO2,p50,Hospital Admissions,Chronic Lung Disease,349,14.334249414404796,12.900824472964318,1.433424941440478,3186,0.0020967572,0.00185,,1.0026553553692434,0.0026483231302001364,6.6802684392,0.017691509423479322,UNIT_VALUE_CLD_HA,UNIT_VALUE_CLD_HA_2015_USD,15375.0,272.00695738599455,754392.2558230389
NO2_CLD,NO2,p50,Hospital Admissions,Chronic Lung Disease,350,14.605591911106965,13.145032719996268,1.4605591911106952,4386,0.0020967572,0.00185,,1.0027056882889276,0.0026983872940271603,9.1963770792,0.024815387061595886,UNIT_VALUE_CLD_HA,UNIT_VALUE_CLD_HA_2015_USD,15375.0,381.5365760720367,1058164.9861754687
NO2_CLD,NO2,p50,Hospital Admissions,Chronic Lung Disease,351,14.030592734346488,12.62753346091184,1.403059273434648,3394,0.0020967572,0.00185,,1.0025990312969584,0.0025922938441266252,7.1163939368,0.01844778419474668,UNIT_VALUE_CLD_HA,UNIT_VALUE_CLD_HA_2015_USD,15375.0,283.63468199423016,786640.9360832577
NO2_CLD,NO2,p50,Hospital Admissions,Chronic Lung Disease,352,14.554681198482095,13.099213078633886,1.4554681198482091,1255,0.0020967572,0.00185,,1.0026962443680898,0.00268899418266888,2.631430286,0.007075900731152707,UNIT_VALUE_CLD_HA,UNIT_VALUE_CLD_HA_2015_USD,15375.0,108.79197374147287,301726.9237338131
NO2_CLD,NO2,p50,Hospital Admissions,Chronic Lung Disease,353,14.477699845815035,13.029929861233532,1.4477699845815035,3,0.0020967572,0.00185,,1.0026819645208305,0.0026747908267326093,0.006290271599999999,1.6825160773336653e-05,UNIT_VALUE_CLD_HA,UNIT_VALUE_CLD_HA_2015_USD,15375.0,0.25868684689005106,717.4498617702743
NO2_CLD,NO2,p50,Hospital Admissions,Chronic Lung Disease,360,14.111210004962835,12.700089004466552,1.4111210004962835,2764,0.0020967572,0.00185,,1.0026139843659885,0.0026071692662869017,5.7954369007999995,0.01510968497247077,UNIT_VALUE_CLD_HA,UNIT_VALUE_CLD_HA_2015_USD,15375.0,232.3114064517381,644299.423995444
NO2_CLD,NO2,p50,Hospital Admissions,Chronic Lung Disease,361,14.1499359920569,12.734942392851211,1.4149935992056886,2224,0.0020967572,0.00185,,1.0026211674267198,0.002614314869739953,4.6631880128,0.012191041762256143,UNIT_VALUE_CLD_HA,UNIT_VALUE_CLD_HA_2015_USD,15375.0,187.4372670946882,519844.139678421
NO2_CLD,NO2,p50,Hospital Admissions,Chronic Lung Disease,379,14.042352764251609,12.638117487826449,1.4042352764251618,5837,0.0020967572,0.00185,,1.0026012125593304,0.002594463807489733,12.2387717764,0.03175305042199663,UNIT_VALUE_CLD_HA,UNIT_VALUE_CLD_HA_2015_USD,15375.0,488.2031502381982,1353997.262965126
NO2_CLD,NO2,p50,Hospital Admissions,Chronic Lung Disease,380,14.428223250971032,12.98540092587393,1.4428223250971026,9380,0.0020967572,0.00185,,1.0026727868443095,0.0026656620977233425,19.667582536,0.05242712932006074,UNIT_VALUE_CLD_HA,UNIT_VALUE_CLD_HA_2015_USD,15375.0,806.0671132959338,2235570.7140283417
NO2_CLD,NO2,p50,Hospital Admissions,Chronic Lung Disease,381,14.420360278122226,12.978324250310006,1.44203602781222,9380,0.0020967572,0.00185,,1.002671328307424,0.002664211324296506,19.667582536,0.0523985961139474,UNIT_VALUE_CLD_HA,UNIT_VALUE_CLD_HA_2015_USD,15375.0,805.6284152519413,2234354.0157121914
NO2_CLD,NO2,p50,Hospital Admissions,Chronic Lung Disease,382,14.108278417463652,12.697450575717289,1.4108278417463644,9380,0.0020967572,0.00185,,1.0026134406047706,0.0026066283364346576,19.667582536,0.051266077947505005,UNIT_VALUE_CLD_HA,UNIT_VALUE_CLD_HA_2015_USD,15375.0,788.2159484428895,2186061.7578899628
NO2_CLD,NO2,p50,Hospital Admissions,Chronic Lung Disease,383,14.23561881441528,12.812056932973752,1.423561881441529,9380,0.0020967572,0.00185,,1.0026370604237875,0.002630124626226027,19.667582536,0.05172819316626654,UNIT_VALUE_CLD_HA,UNIT_VALUE_CLD_HA_2015_USD,15375.0,795.320969931348,2205767.037636698
NO2_CLD,NO2,p50,Hospital Admissions,Chronic Lung Disease,384,14.18009909558287,12.762089186024584,1.418009909558286,9380,0.0020967572,0.00185,,1.0026267622430527,0.0026198804400315856,19.667582536,0.051526714788773215,UNIT_VALUE_CLD_HA,UNIT_VALUE_CLD_HA_2015_USD,15375.0,792.2232398773882,2197175.7001731447
NO2_CLD,NO2,p50,Hospital Admissions,Chronic Lung Disease,385,14.138434359262552,12.724590923336295,1.413843435926255,9380,0.0020967572,0.00185,,1.002619034049597,0.002612192628159704,19.667582536,0.05137551411426174,UNIT_VALUE_CLD_HA,UNIT_VALUE_CLD_HA_2015_USD,15375.0,789.8985295067743,2190728.2786899726
NO2_CLD,NO2,p50,Hospital Admissions,Chronic Lung Disease,386,14.121708219430726,12.709537397487653,1.4121708219430733,9380,0.0020967572,0.00185,,1.002615931614357,0.0026091063705172557,19.667582536,0.051314814887351526,UNIT_VALUE_CLD_HA,UNIT_VALUE_CLD_HA_2015_USD,15375.0,788.9652788930297,2188139.973440295
NO2_CLD,NO2,p50,Hospital Admissions,Chronic Lung Disease,387,14.047344890226224,12.642610401203603,1.404734489022621,9371,0.0020967572,0.00185,,1.0026021385053958,0.0025953849542700302,19.648711721199998,0.05099597077199167,UNIT_VALUE_CLD_HA,UNIT_VALUE_CLD_HA_2015_USD,15375.0,784.0630506193719,2174543.9864792842
NO2_CLD,NO2,p50,Hospital Admissions,Chronic Lung Disease,388,14.227033999383828,12.804330599445445,1.4227033999383831,9205,0.0020967572,0.00185,,1.002635468046116,0.0026285406113270016,19.300650026,0.05073254241835055,UNIT_VALUE_CLD_HA,UNIT_VALUE_CLD_HA_2015_USD,15375.0,780.0128396821397,2163311.0099596363
NO2_CLD,NO2,p50,Hospital Admissions,Chronic Lung Disease,389,14.092076385626044,12.68286874706344,1.409207638562604,9380,0.0020967572,0.00185,,1.0026104353999206,0.0026036387691091845,19.667582536,0.051207280385384336,UNIT_VALUE_CLD_HA,UNIT_VALUE_CLD_HA_2015_USD,15375.0,787.3119359252842,2183554.5424532606
NO2_CLD,NO2,p50,Hospital Admissions,Chronic Lung Disease,390,14.167711164576476,12.750940048118828,1.4167711164576478,9380,0.0020967572,0.00185,,1.0026244644585218,0.002617594674332313,19.667582536,0.05148175930322481,UNIT_VALUE_CLD_HA,UNIT_VALUE_CLD_HA_2015_USD,15375.0,791.5320492870815,2195258.7314542704
NO2_CLD,NO2,p50,Hospital Admissions,Chronic Lung Disease,391,14.071982031223513,12.66478382810116,1.407198203122352,9380,0.0020967572,0.00185,,1.0026067082471064,0.002599930985564325,19.667582536,0.05113435724649019,UNIT_VALUE_CLD_HA,UNIT_VALUE_CLD_HA_2015_USD,15375.0,786.1907426647866,2180444.991428799
NO2_CLD,NO2,p50,Hospital Admissions,Chronic Lung Disease,392,14.228580854888651,12.805722769399786,1.4228580854888655,9380,0.0020967572,0.00185,,1.002635754968613,0.0026288260273495956,19.667582536,0.051702652865683166,UNIT_VALUE_CLD_HA,UNIT_VALUE_CLD_HA_2015_USD,15375.0,794.9282878098787,2204677.961260552
NO2_CLD,NO2,p50,Hospital Admissions,Chronic Lung Disease,393,14.34499256414503,12.910493307730528,1.4344992564145027,9380,0.0020967572,0.00185,,1.0026573481313985,0.002650305347435822,19.667582536,0.052125099166296186,UNIT_VALUE_CLD_HA,UNIT_VALUE_CLD_HA_2015_USD,15375.0,801.4233996818039,2222691.699379505
NO2_CLD,NO2,p50,Hospital Admissions,Chronic Lung Disease,394,14.14950160156035,12.734551441404315,1.4149501601560353,6975,0.0020967572,0.00185,,1.002621086853838,0.0026142347175870384,14.62488147,0.03823287287946936,UNIT_VALUE_CLD_HA,UNIT_VALUE_CLD_HA_2015_USD,15375.0,587.8304205218413,1630306.5231878904
NO2_CLD,NO2,p50,Hospital Admissions,Chronic Lung Disease,395,14.49919199878787,13.049272798909085,1.4499191998787868,3089,0.0020967572,0.00185,,1.0026859512406767,0.0026787562320517155,6.4768829908,0.017349990675875254,UNIT_VALUE_CLD_HA,UNIT_VALUE_CLD_HA_2015_USD,15375.0,266.75610664158205,739829.3888429629
NO2_CLD,NO2,p50,Hospital Admissions,Chronic Lung Disease,396,14.229002290152714,12.806102061137445,1.422900229015271,756,0.0020967572,0.00185,,1.0026358331396377,0.0026289037879126953,1.5851484432,0.004167202746732392,UNIT_VALUE_CLD_HA,UNIT_VALUE_CLD_HA_2015_USD,15375.0,64.07074223101053,177695.71862575153
NO2_CLD,NO2,p50,Hospital Admissions,Chronic Lung Disease,397,14.548967586668216,13.094070828001398,1.4548967586668198,269,0.0020967572,0.00185,,1.002695184500485,0.002687940006241951,0.5640276868,0.0015160725839778253,UNIT_VALUE_CLD_HA,UNIT_VALUE_CLD_HA_2015_USD,15375.0,23.309615978659064,64647.58824369241
NO2_CLD,NO2,p50,Hospital Admissions,Chronic Lung Disease,398,14.014041685877324,12.612637517289592,1.4014041685877316,1076,0.0020967572,0.00185,,1.0025959613996034,0.0025892398329426802,2.2561107472,0.0058416118141803135,UNIT_VALUE_CLD_HA,UNIT_VALUE_CLD_HA_2015_USD,15375.0,89.81478164302231,249095.00985220735
NO2_CLD,NO2,p50,Hospital Admissions,Chronic Lung Disease,400,13.77056893383712,12.393512040453407,1.3770568933837133,746,0.0020967572,0.00185,,1.0025508030290204,0.0025443129877444903,1.5641808712,0.003979765705775652,UNIT_VALUE_CLD_HA,UNIT_VALUE_CLD_HA_2015_USD,15375.0,61.18889772630065,169703.124621054
NO2_CLD,NO2,p50,Hospital Admissions,Chronic Lung Disease,401,13.649462118853016,12.284515906967716,1.3649462118853002,9240,0.0020967572,0.00185,,1.0025283413697417,0.0025219649813462697,19.374036527999998,0.04886064167093946,UNIT_VALUE_CLD_HA,UNIT_VALUE_CLD_HA_2015_USD,15375.0,751.2323656906942,2083490.379977542
NO2_CLD,NO2,p50,Hospital Admissions,Chronic Lung Disease,402,14.244093754882778,12.8196843793945,1.4244093754882794,8169,0.0020967572,0.00185,,1.0026386324235583,0.002631688365308915,17.1284095668,0.04507663617319347,UNIT_VALUE_CLD_HA,UNIT_VALUE_CLD_HA_2015_USD,15375.0,693.0532811628495,1922134.7615754816
NO2_CLD,NO2,p50,Hospital Admissions,Chronic Lung Disease,403,14.490479723453811,13.041431751108432,1.4490479723453795,73,0.0020967572,0.00185,,1.0026843351419041,0.002677148777360916,0.1530632756,0.0004097731611313969,UNIT_VALUE_CLD_HA,UNIT_VALUE_CLD_HA_2015_USD,15375.0,6.300262352395228,17473.336616003497
NO2_CLD,NO2,p50,Hospital Admissions,Chronic Lung Disease,420,14.138928569771394,12.725035712794256,1.4138928569771387,4864,0.0020967572,0.00185,,1.0026191257180008,0.0026122838182697228,10.1986270208,0.02664170833500419,UNIT_VALUE_CLD_HA,UNIT_VALUE_CLD_HA_2015_USD,15375.0,409.61626565068946,1136042.0396435915
NO2_CLD,NO2,p50,Hospital Admissions,Chronic Lung Disease,421,14.120036269732214,12.708032642758992,1.412003626973222,9380,0.0020967572,0.00185,,1.0026156214945752,0.0026087978667997946,19.667582536,0.0513087473650257,UNIT_VALUE_CLD_HA,UNIT_VALUE_CLD_HA_2015_USD,15375.0,788.8719907372702,2187881.245270467
NO2_CLD,NO2,p50,Hospital Admissions,Chronic Lung Disease,422,14.61368448519844,13.152316036678595,1.4613684485198437,9380,0.0020967572,0.00185,,1.002707189467015,0.0026998803792900317,19.667582536,0.053100120197013684,UNIT_VALUE_CLD_HA,UNIT_VALUE_CLD_HA_2015_USD,15375.0,816.4143480290854,2264268.0452543064
NO2_CLD,NO2,p50,Hospital Admissions,Chronic Lung Disease,423,14.272892498516622,12.84560324866496,1.4272892498516612,9380,0.0020967572,0.00185,,1.0026439742633808,0.0026370020977021236,19.667582536,0.05186345640416166,UNIT_VALUE_CLD_HA,UNIT_VALUE_CLD_HA_2015_USD,15375.0,797.4006422139855,2211534.863135534
NO2_CLD,NO2,p50,Hospital Admissions,Chronic Lung Disease,424,14.179378364808978,12.76144052832808,1.4179378364808972,9380,0.0020967572,0.00185,,1.0026266285576286,0.002619747454151833,19.667582536,0.05152409927800705,UNIT_VALUE_CLD_HA,UNIT_VALUE_CLD_HA_2015_USD,15375.0,792.1830263993584,2197064.1709067724
NO2_CLD,NO2,p50,Hospital Admissions,Chronic Lung Disease,425,14.203667480338062,12.783300732304255,1.4203667480338051,9380,0.0020967572,0.00185,,1.0026311338568434,0.0026242291586558997,19.667582536,0.05161224357124275,UNIT_VALUE_CLD_HA,UNIT_VALUE_CLD_HA_2015_USD,15375.0,793.5382449078572,2200822.7745747985
NO2_CLD,NO2,p50,Hospital Admissions,Chronic Lung Disease,426,14.179311139534668,12.7613800255812,1.4179311139534665,9380,0.0020967572,0.00185,,1.0026266160882864,0.0026197350500568595,19.667582536,0.05152385531944538,UNIT_VALUE_CLD_HA,UNIT_VALUE_CLD_HA_2015_USD,15375.0,792.1792755364727,2197053.7681511194
NO2_CLD,NO2,p50,Hospital Admissions,Chronic Lung Disease,427,14.436175398727253,12.992557858854529,1.443617539872724,9380,0.0020967572,0.00185,,1.0026742619247928,0.0026671293223973214,19.667582536,0.052455986082435076,UNIT_VALUE_CLD_HA,UNIT_VALUE_CLD_HA_2015_USD,15375.0,806.5107860174393,2236801.2092643464
NO2_CLD,NO2,p50,Hospital Admissions,Chronic Lung Disease,428,14.521839300588256,13.06965537052943,1.4521839300588244,9380,0.0020967572,0.00185,,1.0026901522537768,0.002682934750810162,19.667582536,0.05276684065026146,UNIT_VALUE_CLD_HA,UNIT_VALUE_CLD_HA_2015_USD,15375.0,811.2901749977699,2250056.510044065
NO2_CLD,NO2,p50,Hospital Admissions,Chronic Lung Disease,429,13.875222452550307,12.487700207295278,1.387522245255029,9380,0.0020967572,0.00185,,1.0025702135037287,0.0025636244415704335,19.667582536,0.05042029529589341,UNIT_VALUE_CLD_HA,UNIT_VALUE_CLD_HA_2015_USD,15375.0,775.2120401743612,2149996.3285807786
NO2_CLD,NO2,p50,Hospital Admissions,Chronic Lung Disease,430,14.325375506975147,12.892837956277631,1.4325375506975142,9380,0.0020967572,0.00185,,1.002653709338495,0.0026466858036618968,19.667582536,0.05205391149037985,UNIT_VALUE_CLD_HA,UNIT_VALUE_CLD_HA_2015_USD,15375.0,800.3288891645902,2219656.151075749
NO2_CLD,NO2,p50,Hospital Admissions,Chronic Lung Disease,431,13.82914694520684,12.446232250686156,1.382914694520684,9380,0.0020967572,0.00185,,1.0025616676628726,0.0025551222887307823,19.667582536,0.05025307850318589,UNIT_VALUE_CLD_HA,UNIT_VALUE_CLD_HA_2015_USD,15375.0,772.6410819864831,2142865.9560137717
NO2_CLD,NO2,p50,Hospital Admissions,Chronic Lung Disease,432,14.303107358406514,12.872796622565865,1.430310735840651,9380,0.0020967572,0.00185,,1.0026495788072771,0.002642577091020226,19.667582536,0.051973103045383086,UNIT_VALUE_CLD_HA,UNIT_VALUE_CLD_HA_2015_USD,15375.0,799.086459322765,2216210.358879536
NO2_CLD,NO2,p50,Hospital Admissions,Chronic Lung Disease,433,14.091095022882367,12.681985520594134,1.409109502288235,9380,0.0020967572,0.00185,,1.0026102533738996,0.0026034576896812878,19.667582536,0.051203718990790605,UNIT_VALUE_CLD_HA,UNIT_VALUE_CLD_HA_2015_USD,15375.0,787.2571794834056,2183402.6792946616
NO2_CLD,NO2,p50,Hospital Admissions,Chronic Lung Disease,434,13.876326046438656,12.48869344179479,1.3876326046438656,9380,0.0020967572,0.00185,,1.0025704181933661,0.002563828083016917,19.667582536,0.050424300430849875,UNIT_VALUE_CLD_HA,UNIT_VALUE_CLD_HA_2015_USD,15375.0,775.2736191243168,2150167.113487954
NO2_CLD,NO2,p50,Hospital Admissions,Chronic Lung Disease,435,14.362656543291596,12.926390888962436,1.4362656543291583,9379,0.0020967572,0.00185,,1.0026606246566725,0.0026535645174891043,19.6654857788,0.05218363528181027,UNIT_VALUE_CLD_HA,UNIT_VALUE_CLD_HA_2015_USD,15375.0,802.3233924578328,2225187.766344327
NO2_CLD,NO2,p50,Hospital Admissions,Chronic Lung Disease,436,14.491355521257844,13.04221996913206,1.4491355521257852,9379,0.0020967572,0.00185,,1.002684497599434,0.0026773103661830167,19.6654857788,0.05265060893160594,UNIT_VALUE_CLD_HA,UNIT_VALUE_CLD_HA_2015_USD,15375.0,809.5031123234413,2245100.2168112015
NO2_CLD,NO2,p50,Hospital Admissions,Chronic Lung Disease,437,14.857156289296508,13.371440660366856,1.4857156289296505,9289,0.0020967572,0.00185,,1.0027523547059345,0.0027448000426203434,19.4767776308,0.05345986007112679,UNIT_VALUE_CLD_HA,UNIT_VALUE_CLD_HA_2015_USD,15375.0,821.9453485935744,2279607.888149877
NO2_CLD,NO2,p50,Hospital Admissions,Chronic Lung Disease,438,14.37660632623274,12.938945693609464,1.437660632623274,8853,0.0020967572,0.00185,,1.0026632122361556,0.002656138375932038,18.5625914916,0.04930481161758828,UNIT_VALUE_CLD_HA,UNIT_VALUE_CLD_HA_2015_USD,15375.0,758.0614786204198,2102430.446650231
NO2_CLD,NO2,p50,Hospital Admissions,Chronic Lung Disease,439,14.409311423759496,12.968380281383547,1.4409311423759483,8857,0.0020967572,0.00185,,1.0026692788111649,0.00266217272990521,18.5709785204,0.04943915258466429,UNIT_VALUE_CLD_HA,UNIT_VALUE_CLD_HA_2015_USD,15375.0,760.1269709892134,2108158.9451506143
NO2_CLD,NO2,p50,Hospital Admissions,Chronic Lung Disease,440,14.47700169947472,13.02930152952725,1.4477001699474703,8213,0.0020967572,0.00185,,1.0026818350173712,0.0026746620151194556,17.2206668836,0.04605946358859045,UNIT_VALUE_CLD_HA,UNIT_VALUE_CLD_HA_2015_USD,15375.0,708.1642526745782,1964043.983295255
NO2_CLD,NO2,p50,Hospital Admissions,Chronic Lung Disease,441,13.52274422738668,12.170469804648013,1.3522744227386685,9110,0.0020967572,0.00185,,1.0025048395638694,0.0024985810192789115,19.101458091999998,0.04772654062922277,UNIT_VALUE_CLD_HA,UNIT_VALUE_CLD_HA_2015_USD,15375.0,733.7955621743,2035130.6260010689
NO2_CLD,NO2,p50,Hospital Admissions,Chronic Lung Disease,442,19.228234976011237,17.305411478410115,1.9228234976011187,9379,0.0020967572,0.00185,,1.003563557898737,0.0035509040465740993,19.6654857788,0.06983025302978632,UNIT_VALUE_CLD_HA,UNIT_VALUE_CLD_HA_2015_USD,15375.0,1073.6401403329646,2977665.774403654
NO2_CLD,NO2,p50,Hospital Admissions,Chronic Lung Disease,443,14.16290766428594,12.746616897857344,1.4162907664285953,9374,0.0020967572,0.00185,,1.0026235734791402,0.002616708352503827,19.6550019928,0.051431407883039126,UNIT_VALUE_CLD_HA,UNIT_VALUE_CLD_HA_2015_USD,15375.0,790.7578962017266,2193111.672062754
NO2_CLD,NO2,p50,Hospital Admissions,Chronic Lung Disease,444,13.874553240808584,12.487097916727723,1.3874553240808591,4839,0.0020967572,0.00185,,1.002570089381361,0.0025635009547779752,10.1462080908,0.026009814128141816,UNIT_VALUE_CLD_HA,UNIT_VALUE_CLD_HA_2015_USD,15375.0,399.9008922201804,1109097.1315102149
NO2_CLD,NO2,p50,Hospital Admissions,Chronic Lung Disease,445,14.363493467567254,12.92714412081053,1.4363493467567243,6092,0.0020967572,0.00185,,1.0026607798996225,0.0026537189376141246,12.7734448624,0.03389713252992073,UNIT_VALUE_CLD_HA,UNIT_VALUE_CLD_HA_2015_USD,15375.0,521.1684126475312,1445424.1106890424
NO2_CLD,NO2,p50,Hospital Admissions,Chronic Lung Disease,446,13.843987490139757,12.45958874112578,1.3843987490139753,858,0.0020967572,0.00185,,1.0025644202005244,0.002557860770693865,1.7990176776,0.004601636743317823,UNIT_VALUE_CLD_HA,UNIT_VALUE_CLD_HA_2015_USD,15375.0,70.75016492851154,196220.62991768174
NO2_CLD,NO2,p50,Hospital Admissions,Chronic Lung Disease,461,14.42214030495052,12.979926274455469,1.4422140304950517,2433,0.0020967572,0.00185,,1.0026716584921234,0.002664539751867645,5.1014102675999995,0.01359291044860596,UNIT_VALUE_CLD_HA,UNIT_VALUE_CLD_HA_2015_USD,15375.0,208.99099814731662,579621.9039917123
NO2_CLD,NO2,p50,Hospital Admissions,Chronic Lung Disease,462,14.434973522912104,12.991476170620894,1.4434973522912102,7924,0.0020967572,0.00185,,1.0026740389831774,0.0026669075683751764,16.6147040528,0.04430987998472604,UNIT_VALUE_CLD_HA,UNIT_VALUE_CLD_HA_2015_USD,15375.0,681.2644047651629,1889439.1381078456
NO2_CLD,NO2,p50,Hospital Admissions,Chronic Lung Disease,463,14.202574057906018,12.782316652115416,1.4202574057906023,8501,0.0020967572,0.00185,,1.0026309310414798,0.0026240274063229485,17.8245329572,0.046772062984599426,UNIT_VALUE_CLD_HA,UNIT_VALUE_CLD_HA_2015_USD,15375.0,719.1204683882162,1994430.2806419302
NO2_CLD,NO2,p50,Hospital Admissions,Chronic Lung Disease,464,14.327973301496336,12.895175971346704,1.4327973301496346,8783,0.0020967572,0.00185,,1.0026541912059488,0.002647165123557227,18.4158184876,0.04874971242213511,UNIT_VALUE_CLD_HA,UNIT_VALUE_CLD_HA_2015_USD,15375.0,749.5268284903274,2078760.1919399286
NO2_CLD,NO2,p50,Hospital Admissions,Chronic Lung Disease,465,13.842929710317216,12.458636739285494,1.3842929710317229,9379,0.0020967572,0.00185,,1.0025642240094468,0.002557665581953472,19.6654857788,0.05029773612883223,UNIT_VALUE_CLD_HA,UNIT_VALUE_CLD_HA_2015_USD,15375.0,773.3276929807955,2144770.223543728
NO2_CLD,NO2,p50,Hospital Admissions,Chronic Lung Disease,466,14.229958708402345,12.806962837562113,1.4229958708402322,9379,0.0020967572,0.00185,,1.0026360105434071,0.0026290802601218743,19.6654857788,0.05170214046675053,UNIT_VALUE_CLD_HA,UNIT_VALUE_CLD_HA_2015_USD,15375.0,794.9204096762894,2204656.1118085114
NO2_CLD,NO2,p50,Hospital Admissions,Chronic Lung Disease,467,14.228188764847506,12.805369888362751,1.4228188764847527,9379,0.0020967572,0.00185,,1.002635682240769,0.0026287536813756063,19.6654857788,0.051695718137060136,UNIT_VALUE_CLD_HA,UNIT_VALUE_CLD_HA_2015_USD,15375.0,794.8216663572996,2204382.2541253255
NO2_CLD,NO2,p50,Hospital Admissions,Chronic Lung Disease,468,13.76836113388415,12.391525020495733,1.3768361133884175,6428,0.0020967572,0.00185,,1.002550393544255,0.0025439055838767377,13.4779552816,0.03428664570010321,UNIT_VALUE_CLD_HA,UNIT_VALUE_CLD_HA_2015_USD,15375.0,527.1571776390869,1462033.5311795725
NO2_CLD,NO2,p50,Hospital Admissions,Chronic Lung Disease,469,14.232726642959872,12.809453978663884,1.423272664295986,3998,0.0020967572,0.00185,,1.002636523961248,0.0026295909816166363,8.3828352856,0.02204342806739148,UNIT_VALUE_CLD_HA,UNIT_VALUE_CLD_HA_2015_USD,15375.0,338.917706536144,939964.5348385378
NO2_CLD,NO2,p50,Hospital Admissions,Chronic Lung Disease,470,14.566705360942432,13.110034824848189,1.4566705360942436,1575,0.0020967572,0.00185,,1.0026984748383405,0.0026912126686695625,3.3023925899999997,0.008887440775128487,UNIT_VALUE_CLD_HA,UNIT_VALUE_CLD_HA_2015_USD,15375.0,136.6444019176005,378973.68361033074
NO2_CLD,NO2,p50,Hospital Admissions,Chronic Lung Disease,471,14.095358597743193,12.685822737968872,1.4095358597743193,5971,0.0020967572,0.00185,,1.0026110441944276,0.0026042443972134066,12.5197372412,0.03260445556497913,UNIT_VALUE_CLD_HA,UNIT_VALUE_CLD_HA_2015_USD,15375.0,501.2935043115541,1390302.4436627934
NO2_CLD,NO2,p50,Hospital Admissions,Chronic Lung Disease,472,14.016620529432489,12.614958476489242,1.4016620529432462,9252,0.0020967572,0.00185,,1.0025964397242721,0.0025897156835966717,19.3991976144,0.05023840631120281,UNIT_VALUE_CLD_HA,UNIT_VALUE_CLD_HA_2015_USD,15375.0,772.4154970347432,2142240.3119410677
NO2_CLD,NO2,p50,Hospital Admissions,Chronic Lung Disease,473,14.55414449766113,13.098730047895016,1.4554144497661134,9380,0.0020967572,0.00185,,1.0026961448107337,0.00268889516000137,19.667582536,0.05288406748997787,UNIT_VALUE_CLD_HA,UNIT_VALUE_CLD_HA_2015_USD,15375.0,813.0925376584098,2255055.2367179636
NO2_CLD,NO2,p50,Hospital Admissions,Chronic Lung Disease,474,13.971596915256166,12.57443722373055,1.3971596915256157,9379,0.0020967572,0.00185,,1.002588088763725,0.0025814078510711935,19.6654857788,0.050764639384523226,UNIT_VALUE_CLD_HA,UNIT_VALUE_CLD_HA_2015_USD,15375.0,780.5063305370446,2164679.6723013557
NO2_CLD,NO2,p50,Hospital Admissions,Chronic Lung Disease,475,14.06818374511835,12.661365370606516,1.4068183745118343,9380,0.0020967572,0.00185,,1.0026060037327351,0.0025992301293157327,19.667582536,0.05112057309837513,UNIT_VALUE_CLD_HA,UNIT_VALUE_CLD_HA_2015_USD,15375.0,785.9788113875176,2179857.2148664827
NO2_CLD,NO2,p50,Hospital Admissions,Chronic Lung Disease,476,14.610206702590803,13.149186032331723,1.4610206702590798,9380,0.0020967572,0.00185,,1.0027065443356622,0.0026992387263766737,19.667582536,0.053087500435380755,UNIT_VALUE_CLD_HA,UNIT_VALUE_CLD_HA_2015_USD,15375.0,816.2203191939791,2263729.919862157
NO2_CLD,NO2,p50,Hospital Admissions,Chronic Lung Disease,477,15.105471667148349,13.594924500433514,1.510547166714835,9380,0.0020967572,0.00185,,1.002798420547543,0.002790611243698393,19.667582536,0.05488457696132776,UNIT_VALUE_CLD_HA,UNIT_VALUE_CLD_HA_2015_USD,15375.0,843.8503707804143,2340359.9338335246
NO2_CLD,NO2,p50,Hospital Admissions,Chronic Lung Disease,478,14.375177047176653,12.937659342458987,1.4375177047176653,9379,0.0020967572,0.00185,,1.0026629471153679,0.0026558746615988893,19.6654857788,0.05222906538794822,UNIT_VALUE_CLD_HA,UNIT_VALUE_CLD_HA_2015_USD,15375.0,803.0218803397039,2227124.973590545
NO2_CLD,NO2,p50,Hospital Admissions,Chronic Lung Disease,479,14.695064034831072,13.225557631347966,1.4695064034831056,9380,0.0020967572,0.00185,,1.0027222855546583,0.002714894835664672,19.667582536,0.05339541825699509,UNIT_VALUE_CLD_HA,UNIT_VALUE_CLD_HA_2015_USD,15375.0,820.9545557012996,2276859.9934186554
NO2_CLD,NO2,p50,Hospital Admissions,Chronic Lung Disease,480,14.522677784217052,13.070410005795347,1.4522677784217048,9380,0.0020967572,0.00185,,1.0026903077905551,0.002683089454094012,19.667582536,0.05276988328986517,UNIT_VALUE_CLD_HA,UNIT_VALUE_CLD_HA_2015_USD,15375.0,811.336955581677,2250186.25271889
NO2_CLD,NO2,p50,Hospital Admissions,Chronic Lung Disease,481,13.36129834069843,12.025168506628589,1.3361298340698422,9380,0.0020967572,0.00185,,1.0024748977087101,0.0024687877116592594,19.667582536,0.048555086082921056,UNIT_VALUE_CLD_HA,UNIT_VALUE_CLD_HA_2015_USD,15375.0,746.5344485249112,2070461.0355724443
NO2_CLD,NO2,p50,Hospital Admissions,Chronic Lung Disease,482,11.05156050536026,9.946404454824236,1.105156050536026,9380,0.0020967572,0.00185,,1.0020466301878637,0.00204245004793846,19.667582536,0.04017005489348682,UNIT_VALUE_CLD_HA,UNIT_VALUE_CLD_HA_2015_USD,15375.0,617.6145939873599,1712910.8434023634
NO2_CLD,NO2,p50,Hospital Admissions,Chronic Lung Disease,483,15.266676435963925,13.740008792367536,1.5266676435963902,9380,0.0020967572,0.00185,,1.0028283273326914,0.002820350458402121,19.667582536,0.055469475421069156,UNIT_VALUE_CLD_HA,UNIT_VALUE_CLD_HA_2015_USD,15375.0,852.8431845989383,2365300.873462233
NO2_CLD,NO2,p50,Hospital Admissions,Chronic Lung Disease,484,15.079329114090218,13.571396202681196,1.5079329114090214,9380,0.0020967572,0.00185,,1.0027935706527515,0.002785788356155061,19.667582536,0.05478972242250743,UNIT_VALUE_CLD_HA,UNIT_VALUE_CLD_HA_2015_USD,15375.0,842.3919822460517,2336315.1953206672
NO2_CLD,NO2,p50,Hospital Admissions,Chronic Lung Disease,485,19.577644492160925,17.619880042944832,1.9577644492160928,9380,0.0020967572,0.00185,,1.0036284311070214,0.0036153131921733417,19.667582536,0.07110447060055883,UNIT_VALUE_CLD_HA,UNIT_VALUE_CLD_HA_2015_USD,15375.0,1093.231235483592,3032000.3054272584
NO2_CLD,NO2,p50,Hospital Admissions,Chronic Lung Disease,486,15.126862415182863,13.614176173664578,1.512686241518287,9380,0.0020967572,0.00185,,1.0028023889179385,0.0027945574810231966,19.667582536,0.05496218990961998,UNIT_VALUE_CLD_HA,UNIT_VALUE_CLD_HA_2015_USD,15375.0,845.0436698604071,2343669.465300949
NO2_CLD,NO2,p50,Hospital Admissions,Chronic Lung Disease,487,14.469943562972588,13.022949206675328,1.4469943562972605,7095,0.0020967572,0.00185,,1.0026805257611529,0.0026733597514703167,14.876492334,0.039770215848772314,UNIT_VALUE_CLD_HA,UNIT_VALUE_CLD_HA_2015_USD,15375.0,611.4670686748743,1695861.1122749567
NO2_CLD,NO2,p50,Hospital Admissions,Chronic Lung Disease,488,18.489373708736647,16.640436337862983,1.848937370873664,654,0.0020967572,0.00185,,1.0034263908387844,0.0034146907736004595,1.3712792087999999,0.0046824944623194975,UNIT_VALUE_CLD_HA,UNIT_VALUE_CLD_HA_2015_USD,15375.0,71.99335235816227,199668.52323069796
NO2_CLD,NO2,p50,Hospital Admissions,Chronic Lung Disease,503,14.165680835818533,12.74911275223668,1.4165680835818524,12,0.0020967572,0.00185,,1.0026240878619952,0.0026172200466385576,0.025161086399999998,6.585209972128477e-05,UNIT_VALUE_CLD_HA,UNIT_VALUE_CLD_HA_2015_USD,15375.0,1.0124760332147533,2808.031404798793
NO2_CLD,NO2,p50,Hospital Admissions,Chronic Lung Disease,504,14.33103092874169,12.897927835867522,1.433103092874168,62,0.0020967572,0.00185,,1.0026547583685221,0.002647729287039824,0.1299989464,0.0003442020176676003,UNIT_VALUE_CLD_HA,UNIT_VALUE_CLD_HA_2015_USD,15375.0,5.292106021639355,14677.285603595235
NO2_CLD,NO2,p50,Hospital Admissions,Chronic Lung Disease,505,14.504621774970811,13.054159597473731,1.45046217749708,3191,0.0020967572,0.00185,,1.0026869584478375,0.002679758049308756,6.6907522252,0.01792959713141017,UNIT_VALUE_CLD_HA,UNIT_VALUE_CLD_HA_2015_USD,15375.0,275.66755589543135,764544.6695470661
NO2_CLD,NO2,p50,Hospital Admissions,Chronic Lung Disease,506,14.275958061904392,12.848362255713951,1.427595806190439,7589,0.0020967572,0.00185,,1.002644542892244,0.002637567731247459,15.912290390799999,0.04196974366501309,UNIT_VALUE_CLD_HA,UNIT_VALUE_CLD_HA_2015_USD,15375.0,645.2848088495763,1789652.2474076801
NO2_CLD,NO2,p50,Hospital Admissions,Chronic Lung Disease,507,14.569492741494292,13.112543467344862,1.45694927414943,3876,0.0020967572,0.00185,,1.0026989918953861,0.0026917269461738114,8.1270309072,0.021875748085297637,UNIT_VALUE_CLD_HA,UNIT_VALUE_CLD_HA_2015_USD,15375.0,336.3396268114512,932814.411187683
NO2_CLD,NO2,p50,Hospital Admissions,Chronic Lung Disease,508,14.27807081215918,12.85026373094326,1.427807081215919,3406,0.0020967572,0.00185,,1.0026449347847606,0.002637957559051829,7.1415550232,0.018839119056835,UNIT_VALUE_CLD_HA,UNIT_VALUE_CLD_HA_2015_USD,15375.0,289.6514554988381,803328.0362241425
NO2_CLD,NO2,p50,Hospital Admissions,Chronic Lung Disease,509,14.505022905858132,13.05452061527232,1.4505022905858134,45,0.0020967572,0.00185,,1.0026870328564514,0.0026798320596573832,0.094354074,0.00025285307246448514,UNIT_VALUE_CLD_HA,UNIT_VALUE_CLD_HA_2015_USD,15375.0,3.887615989141459,10782.030812764595
NO2_CLD,NO2,p50,Hospital Admissions,Chronic Lung Disease,513,14.279714806470349,12.851743325823316,1.4279714806470327,3157,0.0020967572,0.00185,,1.0026452397281822,0.0026382608956476705,6.6194624804,0.017463869012246256,UNIT_VALUE_CLD_HA,UNIT_VALUE_CLD_HA_2015_USD,15375.0,268.5069860632862,744685.3303574998
NO2_CLD,NO2,p50,Hospital Admissions,Chronic Lung Disease,514,14.497032562376926,13.047329306139234,1.449703256237692,8374,0.0020967572,0.00185,,1.0026855506719945,0.00267835780638781,17.5582447928,0.047027262007263995,UNIT_VALUE_CLD_HA,UNIT_VALUE_CLD_HA_2015_USD,15375.0,723.0441533616839,2005312.346257895
NO2_CLD,NO2,p50,Hospital Admissions,Chronic Lung Disease,515,14.223574149547972,12.801216734593174,1.4223574149547975,8986,0.0020967572,0.00185,,1.002634826287212,0.002627902221358891,18.8414601992,0.04951351511112281,UNIT_VALUE_CLD_HA,UNIT_VALUE_CLD_HA_2015_USD,15375.0,761.2702948335133,2111329.8738001105
NO2_CLD,NO2,p50,Hospital Admissions,Chronic Lung Disease,516,14.581379296854838,13.123241367169356,1.458137929685483,4255,0.0020967572,0.00185,,1.0027011968456696,0.0026939200373622407,8.921701886,0.024034351478067893,UNIT_VALUE_CLD_HA,UNIT_VALUE_CLD_HA_2015_USD,15375.0,369.52815397529383,1024860.4680796991
NO2_CLD,NO2,p50,Hospital Admissions,Chronic Lung Disease,517,14.85221309144123,13.366991782297108,1.4852213091441229,4378,0.0020967572,0.00185,,1.0027514376977453,0.0027438880606966976,9.1796030216,0.02518780313290357,UNIT_VALUE_CLD_HA,UNIT_VALUE_CLD_HA_2015_USD,15375.0,387.2624731683924,1074045.3609594144
NO2_CLD,NO2,p50,Hospital Admissions,Chronic Lung Disease,518,14.197008398134384,12.777307558320947,1.4197008398134372,7540,0.0020967572,0.00185,,1.0026298986860231,0.0026230004605586332,15.809549288,0.04146845506364841,UNIT_VALUE_CLD_HA,UNIT_VALUE_CLD_HA_2015_USD,15375.0,637.5774966035942,1768276.5564053063
NO2_CLD,NO2,p50,Hospital Admissions,Chronic Lung Disease,519,14.258595122536194,12.832735610282574,1.42585951225362,9380,0.0020967572,0.00185,,1.0026413222589814,0.002634364054565852,19.667582536,0.051811572473045506,UNIT_VALUE_CLD_HA,UNIT_VALUE_CLD_HA_2015_USD,15375.0,796.6029267730746,2209322.4552002484
NO2_CLD,NO2,p50,Hospital Admissions,Chronic Lung Disease,520,14.33877609357386,12.904898484216472,1.4338776093573866,9380,0.0020967572,0.00185,,1.0026561950289306,0.002649158347696523,19.667582536,0.052102540454254755,UNIT_VALUE_CLD_HA,UNIT_VALUE_CLD_HA_2015_USD,15375.0,801.0765594841669,2221729.762370173
NO2_CLD,NO2,p50,Hospital Admissions,Chronic Lung Disease,521,14.90263878007283,13.41237490206555,1.4902638780072817,9380,0.0020967572,0.00185,,1.0027607921612558,0.0027531911726479397,19.667582536,0.05414861462543998,UNIT_VALUE_CLD_HA,UNIT_VALUE_CLD_HA_2015_USD,15375.0,832.5349498661398,2308977.406007248
NO2_CLD,NO2,p50,Hospital Admissions,Chronic Lung Disease,522,14.218391901494938,12.796552711345443,1.421839190149493,9380,0.0020967572,0.00185,,1.0026338650457332,0.002626946024422261,19.667582536,0.05166567775294189,UNIT_VALUE_CLD_HA,UNIT_VALUE_CLD_HA_2015_USD,15375.0,794.3597954514815,2203101.287499002
NO2_CLD,NO2,p50,Hospital Admissions,Chronic Lung Disease,523,15.081215980674529,13.573094382607076,1.5081215980674507,9380,0.0020967572,0.00185,,1.0027939206982834,0.0027861364539762956,19.667582536,0.054796568665137164,UNIT_VALUE_CLD_HA,UNIT_VALUE_CLD_HA_2015_USD,15375.0,842.4972432264839,2336607.129281627
NO2_CLD,NO2,p50,Hospital Admissions,Chronic Lung Disease,524,15.787402661315818,14.208662395184238,1.5787402661315806,9380,0.0020967572,0.00185,,1.0029249388028885,0.0029164084865410667,19.667582536,0.057358704617737274,UNIT_VALUE_CLD_HA,UNIT_VALUE_CLD_HA_2015_USD,15375.0,881.8900834977106,2445860.4142750553
NO2_CLD,NO2,p50,Hospital Admissions,Chronic Lung Disease,525,19.50134381117317,17.551209430055852,1.9501343811173195,9380,0.0020967572,0.00185,,1.0036142643634487,0.0036012484993337424,19.667582536,0.07082785209329252,UNIT_VALUE_CLD_HA,UNIT_VALUE_CLD_HA_2015_USD,15375.0,1088.9782259343726,3020204.8811531668
NO2_CLD,NO2,p50,Hospital Admissions,Chronic Lung Disease,526,13.476969861157125,12.12927287504141,1.3476969861157126,9380,0.0020967572,0.00185,,1.0024963501304354,0.002490133884388235,19.667582536,0.04897491369689589,UNIT_VALUE_CLD_HA,UNIT_VALUE_CLD_HA_2015_USD,15375.0,752.9892980897744,2088363.1090011229
NO2_CLD,NO2,p50,Hospital Admissions,Chronic Lung Disease,527,14.11367428027748,12.702306852249732,1.4113674280277468,9380,0.0020967572,0.00185,,1.0026144414487175,0.002607623968531536,19.667582536,0.05128565962394586,UNIT_VALUE_CLD_HA,UNIT_VALUE_CLD_HA_2015_USD,15375.0,788.5170167181676,2186896.7496766676
NO2_CLD,NO2,p50,Hospital Admissions,Chronic Lung Disease,528,14.107382869493785,12.696644582544408,1.4107382869493783,9380,0.0020967572,0.00185,,1.0026132744954246,0.002606463091903266,19.667582536,0.05126282798704524,UNIT_VALUE_CLD_HA,UNIT_VALUE_CLD_HA_2015_USD,15375.0,788.1659803008206,2185923.1747457045
NO2_CLD,NO2,p50,Hospital Admissions,Chronic Lung Disease,529,14.431419953733442,12.9882779583601,1.4431419953733435,8735,0.0020967572,0.00185,,1.0026733798151553,0.002666251911114026,18.315174142,0.04883286805849369,UNIT_VALUE_CLD_HA,UNIT_VALUE_CLD_HA_2015_USD,15375.0,750.8053463993405,2082306.0718643228
NO2_CLD,NO2,p50,Hospital Admissions,Chronic Lung Disease,530,14.406850341503803,12.966165307353425,1.4406850341503787,5649,0.0020967572,0.00185,,1.0026688222957283,0.002661718641672306,11.8445814228,0.03152694317587224,UNIT_VALUE_CLD_HA,UNIT_VALUE_CLD_HA_2015_USD,15375.0,484.7267513290357,1344355.7139384875
NO2_CLD,NO2,p50,Hospital Admissions,Chronic Lung Disease,531,14.595845004488194,13.136260504039374,1.4595845004488197,927,0.0020967572,0.00185,,1.0027038802339963,0.0026965889803531873,1.9436939244,0.005241343617716481,UNIT_VALUE_CLD_HA,UNIT_VALUE_CLD_HA_2015_USD,15375.0,80.5856581223909,223498.68180638258
NO2_CLD,NO2,p50,Hospital Admissions,Chronic Lung Disease,546,14.179333551568366,12.761400196411527,1.417933355156837,3,0.0020967572,0.00185,,1.0026266202454033,0.0026197391854211327,0.006290271599999999,1.6478870997461683e-05,UNIT_VALUE_CLD_HA,UNIT_VALUE_CLD_HA_2015_USD,15375.0,0.2533626415859734,702.6835510537861
NO2_CLD,NO2,p50,Hospital Admissions,Chronic Lung Disease,547,14.13715180686497,12.723436626178474,1.4137151806864967,544,0.0020967572,0.00185,,1.0026187961560078,0.002611955975738822,1.1406359168,0.00297929079902809,UNIT_VALUE_CLD_HA,UNIT_VALUE_CLD_HA_2015_USD,15375.0,45.806596035056884,127041.38764150781
NO2_CLD,NO2,p50,Hospital Admissions,Chronic Lung Disease,555,13.985906202445896,12.587315582201306,1.3985906202445886,86,0.0020967572,0.00185,,1.0025907428366037,0.0025840482321567437,0.1803211192,0.0004659584692892854,UNIT_VALUE_CLD_HA,UNIT_VALUE_CLD_HA_2015_USD,15375.0,7.1641114653227636,19869.16166127011
NO2_CLD,NO2,p50,Hospital Admissions,Chronic Lung Disease,556,14.3165377526261,12.884883977363492,1.4316537752626068,695,0.0020967572,0.00185,,1.002652070016507,0.0026450551450647453,1.457246254,0.0038544967017690264,UNIT_VALUE_CLD_HA,UNIT_VALUE_CLD_HA_2015_USD,15375.0,59.26288678969878,164361.4681091543
NO2_CLD,NO2,p50,Hospital Admissions,Chronic Lung Disease,559,14.679962831909434,13.211966548718491,1.467996283190942,1595,0.0020967572,0.00185,,1.0027194842307203,0.0027121086938952654,3.3443277339999997,0.009070180322616452,UNIT_VALUE_CLD_HA,UNIT_VALUE_CLD_HA_2015_USD,15375.0,139.45402246022795,386765.96951186995
NO2_CLD,NO2,p50,Hospital Admissions,Chronic Lung Disease,560,14.4409433075598,12.99684897680382,1.4440943307559788,8277,0.0020967572,0.00185,,1.0026751463471846,0.0026680090325669203,17.3548593444,0.046302921489787624,UNIT_VALUE_CLD_HA,UNIT_VALUE_CLD_HA_2015_USD,15375.0,711.9074179054847,1974425.3900416084
NO2_CLD,NO2,p50,Hospital Admissions,Chronic Lung Disease,561,14.140769163481169,12.726692247133052,1.4140769163481153,9379,0.0020967572,0.00185,,1.0026194671197333,0.0026126234385398517,19.6654857788,0.05137850907596501,UNIT_VALUE_CLD_HA,UNIT_VALUE_CLD_HA_2015_USD,15375.0,789.944577042962,2190855.988308262
NO2_CLD,NO2,p50,Hospital Admissions,Chronic Lung Disease,562,14.136693200888557,12.723023880799705,1.4136693200888537,9379,0.0020967572,0.00185,,1.0026187110917215,0.0026118713552334416,19.6654857788,0.05136371899239833,UNIT_VALUE_CLD_HA,UNIT_VALUE_CLD_HA_2015_USD,15375.0,789.7171795081243,2190225.3171632173
NO2_CLD,NO2,p50,Hospital Admissions,Chronic Lung Disease,563,13.359140998915276,12.023226899023747,1.3359140998915289,9379,0.0020967572,0.00185,,1.0024744976128082,0.0024683895886634666,19.6654857788,0.04854208035239939,UNIT_VALUE_CLD_HA,UNIT_VALUE_CLD_HA_2015_USD,15375.0,746.3344854181406,2069906.4518932337
NO2_CLD,NO2,p50,Hospital Admissions,Chronic Lung Disease,564,11.97785996141701,10.78007396527531,1.1977859961417003,9379,0.0020967572,0.00185,,1.002218361022775,0.002213450789817051,19.6654857788,0.04352858502922084,UNIT_VALUE_CLD_HA,UNIT_VALUE_CLD_HA_2015_USD,15375.0,669.2519948242705,1856123.5600054762
NO2_CLD,NO2,p50,Hospital Admissions,Chronic Lung Disease,565,15.067728037163226,13.560955233446904,1.5067728037163235,9379,0.0020967572,0.00185,,1.0027914184602704,0.0027836481334836405,19.6654857788,0.0547417927822057,UNIT_VALUE_CLD_HA,UNIT_VALUE_CLD_HA_2015_USD,15375.0,841.6550640264127,2334271.4042227734
NO2_CLD,NO2,p50,Hospital Admissions,Chronic Lung Disease,566,13.264775673525182,11.938298106172663,1.3264775673525175,9379,0.0020967572,0.00185,,1.002456996981618,0.002450974943579487,19.6654857788,0.04819961289715754,UNIT_VALUE_CLD_HA,UNIT_VALUE_CLD_HA_2015_USD,15375.0,741.0690482937972,2055303.1306094658
NO2_CLD,NO2,p50,Hospital Admissions,Chronic Lung Disease,567,12.905364194543235,11.614827775088912,1.2905364194543232,9379,0.0020967572,0.00185,,1.0023903447054332,0.0023846445828801244,19.6654857788,0.046895194132121544,UNIT_VALUE_CLD_HA,UNIT_VALUE_CLD_HA_2015_USD,15375.0,721.0136097813687,1999680.7757759413
NO2_CLD,NO2,p50,Hospital Admissions,Chronic Lung Disease,568,15.637722316980764,14.07395008528269,1.5637722316980742,9379,0.0020967572,0.00185,,1.0028971673296145,0.002888797998431558,19.6654857788,0.05680961595598171,UNIT_VALUE_CLD_HA,UNIT_VALUE_CLD_HA_2015_USD,15375.0,873.4478453232188,2422446.4576547747
NO2_CLD,NO2,p50,Hospital Admissions,Chronic Lung Disease,569,15.300713900597886,13.770642510538098,1.5300713900597884,9380,0.0020967572,0.00185,,1.0028346420933123,0.0028266296100375454,19.667582536,0.05559297115411492,UNIT_VALUE_CLD_HA,UNIT_VALUE_CLD_HA_2015_USD,15375.0,854.7419314945168,2370566.915064838
NO2_CLD,NO2,p50,Hospital Admissions,Chronic Lung Disease,570,11.320805733076206,10.188725159768584,1.132080573307622,9380,0.0020967572,0.00185,,1.0020965437414882,0.002092157441897058,19.667582536,0.04114767916681701,UNIT_VALUE_CLD_HA,UNIT_VALUE_CLD_HA_2015_USD,15375.0,632.6455671898116,1754598.195411239
NO2_CLD,NO2,p50,Hospital Admissions,Chronic Lung Disease,571,14.791951592198158,13.312756432978343,1.479195159219815,9380,0.0020967572,0.00185,,1.0027402587086336,0.002732770211263391,19.667582536,0.05374698368194491,UNIT_VALUE_CLD_HA,UNIT_VALUE_CLD_HA_2015_USD,15375.0,826.359874109903,2291851.265652628
NO2_CLD,NO2,p50,Hospital Admissions,Chronic Lung Disease,572,14.519649479539988,13.06768453158599,1.4519649479539982,5729,0.0020967572,0.00185,,1.002689746047139,0.0026825307207365423,12.0123219988,0.032223422789160384,UNIT_VALUE_CLD_HA,UNIT_VALUE_CLD_HA_2015_USD,15375.0,495.4351253833409,1374054.6397919192
NO2_CLD,NO2,p50,Hospital Admissions,Chronic Lung Disease,573,14.992593907095015,13.493334516385517,1.4992593907095009,2857,0.0020967572,0.00185,,1.002777479942882,0.002769786915278627,5.9904353204,0.01659222936726685,UNIT_VALUE_CLD_HA,UNIT_VALUE_CLD_HA_2015_USD,15375.0,255.1055265217278,707517.3204211554
NO2_CLD,NO2,p50,Hospital Admissions,Chronic Lung Disease,601,14.238419552038287,12.814577596834456,1.4238419552038302,418,0.0020967572,0.00185,,1.0026375799267395,0.002630641399788858,0.8764445096,0.002305611211571403,UNIT_VALUE_CLD_HA,UNIT_VALUE_CLD_HA_2015_USD,15375.0,35.44877237791032,98314.68877606782
NO2_CLD,NO2,p50,Hospital Admissions,Chronic Lung Disease,602,14.090763990008528,12.681687591007677,1.4090763990008508,5837,0.0020967572,0.00185,,1.002610191972965,0.0026033966080363236,12.2387717764,0.03186237692921045,UNIT_VALUE_CLD_HA,UNIT_VALUE_CLD_HA_2015_USD,15375.0,489.8840452866107,1358659.1077192447
NO2_CLD,NO2,p50,Hospital Admissions,Chronic Lung Disease,603,14.938668296929515,13.444801467236566,1.4938668296929496,9379,0.0020967572,0.00185,,1.0027674760461014,0.002759838259826064,19.6654857788,0.0542735600503976,UNIT_VALUE_CLD_HA,UNIT_VALUE_CLD_HA_2015_USD,15375.0,834.4559857748632,2314305.2646275787
NO2_CLD,NO2,p50,Hospital Admissions,Chronic Lung Disease,604,13.996724615178914,12.597052153661023,1.3996724615178913,9379,0.0020967572,0.00185,,1.0025927494300966,0.002586044464784165,19.6654857788,0.05085582064555746,UNIT_VALUE_CLD_HA,UNIT_VALUE_CLD_HA_2015_USD,15375.0,781.9082424254459,2168567.776790004
NO2_CLD,NO2,p50,Hospital Admissions,Chronic Lung Disease,605,13.760055991017612,12.384050391915853,1.3760055991017612,9380,0.0020967572,0.00185,,1.0025488531754523,0.0025423730398564937,19.667582536,0.05000233159867881,UNIT_VALUE_CLD_HA,UNIT_VALUE_CLD_HA_2015_USD,15375.0,768.7858483296867,2132173.7353330026
NO2_CLD,NO2,p50,Hospital Admissions,Chronic Lung Disease,606,14.070024415554805,12.663021973999324,1.4070024415554787,9380,0.0020967572,0.00185,,1.0026063451442309,0.0025995697681884256,19.667582536,0.05112725297393625,UNIT_VALUE_CLD_HA,UNIT_VALUE_CLD_HA_2015_USD,15375.0,786.0815144742699,2180142.054688374
NO2_CLD,NO2,p50,Hospital Admissions,Chronic Lung Disease,607,14.375955456058968,12.938359910453071,1.4375955456058964,9379,0.0020967572,0.00185,,1.0026630915045007,0.0026560182847708003,19.6654857788,0.05223188980739294,UNIT_VALUE_CLD_HA,UNIT_VALUE_CLD_HA_2015_USD,15375.0,803.0653057886665,2227245.4110334613
NO2_CLD,NO2,p50,Hospital Admissions,Chronic Lung Disease,608,13.916942739721174,12.525248465749057,1.3916942739721172,9380,0.0020967572,0.00185,,1.002577951624276,0.0025713228782854314,19.667582536,0.05057170493538381,UNIT_VALUE_CLD_HA,UNIT_VALUE_CLD_HA_2015_USD,15375.0,777.539963381526,2156452.6606412255
NO2_CLD,NO2,p50,Hospital Admissions,Chronic Lung Disease,609,14.52190314755419,13.069712832798771,1.4521903147554165,9380,0.0020967572,0.00185,,1.0026901640972408,0.002682946530808805,19.667582536,0.05276707233435705,UNIT_VALUE_CLD_HA,UNIT_VALUE_CLD_HA_2015_USD,15375.0,811.2937371407396,2250066.3893982414
NO2_CLD,NO2,p50,Hospital Admissions,Chronic Lung Disease,610,15.466442670480692,13.919798403432624,1.5466442670480696,9379,0.0020967572,0.00185,,1.0028653892967134,0.0028572022998248903,19.6654857788,0.05618827119436103,UNIT_VALUE_CLD_HA,UNIT_VALUE_CLD_HA_2015_USD,15375.0,863.8946696133008,2395951.393545617
NO2_CLD,NO2,p50,Hospital Admissions,Chronic Lung Disease,611,18.56148137524996,16.70533323772496,1.8561481375249969,9380,0.0020967572,0.00185,,1.0034397765541452,0.0034279850515369636,19.667582536,0.06742017893327745,UNIT_VALUE_CLD_HA,UNIT_VALUE_CLD_HA_2015_USD,15375.0,1036.5852510991408,2874896.6329558897
NO2_CLD,NO2,p50,Hospital Admissions,Chronic Lung Disease,612,13.522962234882636,12.170666011394372,1.3522962234882634,9380,0.0020967572,0.00185,,1.0025048799962808,0.002498621249893529,19.667582536,0.04914183965848447,UNIT_VALUE_CLD_HA,UNIT_VALUE_CLD_HA_2015_USD,15375.0,755.5557847491987,2095481.0800969698
NO2_CLD,NO2,p50,Hospital Admissions,Chronic Lung Disease,613,13.73147320452902,12.358325884076118,1.373147320452901,9380,0.0020967572,0.00185,,1.0025435518961028,0.002537098654010639,19.667582536,0.04989859717972875,UNIT_VALUE_CLD_HA,UNIT_VALUE_CLD_HA_2015_USD,15375.0,767.1909316383295,2127750.3455336923
NO2_CLD,NO2,p50,Hospital Admissions,Chronic Lung Disease,614,14.908357926438637,13.41752213379477,1.490835792643864,5064,0.0020967572,0.00185,,1.002761853124929,0.002754246301175267,10.6179784608,0.029244527901617055,UNIT_VALUE_CLD_HA,UNIT_VALUE_CLD_HA_2015_USD,15375.0,449.6346164873622,1247030.134404545
NO2_CLD,NO2,p50,Hospital Admissions,Chronic Lung Disease,643,14.19621306225518,12.776591756029662,1.4196213062255172,249,0.0020967572,0.00185,,1.0026297511619406,0.002622853709350892,0.5220925428,0.0013693723625074193,UNIT_VALUE_CLD_HA,UNIT_VALUE_CLD_HA_2015_USD,15375.0,21.05410007355157,58392.072766990124
NO2_CLD,NO2,p50,Hospital Admissions,Chronic Lung Disease,644,14.226870106582824,12.804183095924545,1.4226870106582812,2838,0.0020967572,0.00185,,1.0026354376460405,0.0026285103708560964,5.9505969336,0.015641205752752085,UNIT_VALUE_CLD_HA,UNIT_VALUE_CLD_HA_2015_USD,15375.0,240.4835384485633,666964.2600393989
NO2_CLD,NO2,p50,Hospital Admissions,Chronic Lung Disease,645,14.062877613754663,12.656589852379197,1.4062877613754663,7418,0.0020967572,0.00185,,1.0026050195407732,0.0025982510460264008,15.553744909599999,0.040412533980996,UNIT_VALUE_CLD_HA,UNIT_VALUE_CLD_HA_2015_USD,15375.0,621.3427099578136,1723250.5120782987
NO2_CLD,NO2,p50,Hospital Admissions,Chronic Lung Disease,646,14.523839764912193,13.071455788420971,1.4523839764912196,9380,0.0020967572,0.00185,,1.0026905233353327,0.002683303843725393,19.667582536,0.05277409981563522,UNIT_VALUE_CLD_HA,UNIT_VALUE_CLD_HA_2015_USD,15375.0,811.4017846653915,2250366.0516445367
NO2_CLD,NO2,p50,Hospital Admissions,Chronic Lung Disease,647,14.771769778554818,13.294592800699338,1.4771769778554802,9380,0.0020967572,0.00185,,1.0027365148489713,0.0027290467719562894,19.667582536,0.0536737526320547,UNIT_VALUE_CLD_HA,UNIT_VALUE_CLD_HA_2015_USD,15375.0,825.233946717841,2288728.5848456617
NO2_CLD,NO2,p50,Hospital Admissions,Chronic Lung Disease,648,13.974598381086835,12.577138542978156,1.3974598381086825,7672,0.0020967572,0.00185,,1.0025886454721495,0.002581961688714718,16.0863212384,0.0415342651499067,UNIT_VALUE_CLD_HA,UNIT_VALUE_CLD_HA_2015_USD,15375.0,638.5893266798155,1771082.7962936005
NO2_CLD,NO2,p50,Hospital Admissions,Chronic Lung Disease,649,13.940058530307,12.5460526772763,1.3940058530307002,8354,0.0020967572,0.00185,,1.002582239079109,0.002575588294363551,17.5163096488,0.045114802091896604,UNIT_VALUE_CLD_HA,UNIT_VALUE_CLD_HA_2015_USD,15375.0,693.6400821629103,1923762.2130730802
NO2_CLD,NO2,p50,Hospital Admissions,Chronic Lung Disease,650,14.44701070264524,13.002309632380715,1.4447010702645215,9380,0.0020967572,0.00185,,1.0026762718186735,0.002669128505274454,19.667582536,0.05249530517667564,UNIT_VALUE_CLD_HA,UNIT_VALUE_CLD_HA_2015_USD,15375.0,807.115317091388,2238477.833880768
NO2_CLD,NO2,p50,Hospital Admissions,Chronic Lung Disease,651,9.526364032890893,8.573727629601802,0.9526364032890892,9380,0.0020967572,0.00185,,1.0017639312457582,0.001760825271044375,19.667582536,0.03463117634973982,UNIT_VALUE_CLD_HA,UNIT_VALUE_CLD_HA_2015_USD,15375.0,532.4543363772498,1476724.8301387557
NO2_CLD,NO2,p50,Hospital Admissions,Chronic Lung Disease,652,14.779748793712482,13.301773914341236,1.4779748793712475,9380,0.0020967572,0.00185,,1.002737995007286,0.0027305188602794184,19.667582536,0.05370270505065012,UNIT_VALUE_CLD_HA,UNIT_VALUE_CLD_HA_2015_USD,15375.0,825.6790901537456,2289963.1590051027
NO2_CLD,NO2,p50,Hospital Admissions,Chronic Lung Disease,653,10.001870968511383,9.001683871660244,1.000187096851139,9358,0.0020967572,0.00185,,1.0018520590759254,0.0018486352941506912,19.6214538776,0.0362729121606813,UNIT_VALUE_CLD_HA,UNIT_VALUE_CLD_HA_2015_USD,15375.0,557.696024470475,1546730.8851471494
NO2_CLD,NO2,p50,Hospital Admissions,Chronic Lung Disease,654,13.879534899867163,12.491581409880448,1.3879534899867156,9380,0.0020967572,0.00185,,1.0025710133573247,0.002564420198739925,19.667582536,0.050435945915703,UNIT_VALUE_CLD_HA,UNIT_VALUE_CLD_HA_2015_USD,15375.0,775.4526684539337,2150663.694270193
NO2_CLD,NO2,p50,Hospital Admissions,Chronic Lung Disease,655,14.882447831053328,13.394203047947997,1.4882447831053316,2972,0.0020967572,0.00185,,1.0027570465302251,0.002749466124187583,6.2315623983999995,0.017133469715161925,UNIT_VALUE_CLD_HA,UNIT_VALUE_CLD_HA_2015_USD,15375.0,263.4270968706146,730596.6132738686
NO2_CLD,NO2,p50,Hospital Admissions,Chronic Lung Disease,686,14.374283414758589,12.936855073282729,1.4374283414758595,1809,0.0020967572,0.00185,,1.0026627813531404,0.002655709778662474,3.7930337748,0.010073196886533397,UNIT_VALUE_CLD_HA,UNIT_VALUE_CLD_HA_2015_USD,15375.0,154.87540213045096,429536.0865306566
NO2_CLD,NO2,p50,Hospital Admissions,Chronic Lung Disease,687,14.458812646995648,13.012931382296085,1.4458812646995651,5329,0.0020967572,0.00185,,1.0026784610240322,0.002671306034934484,11.1736191188,0.029848156184109773,UNIT_VALUE_CLD_HA,UNIT_VALUE_CLD_HA_2015_USD,15375.0,458.91540133068776,1272769.7415125694
NO2_CLD,NO2,p50,Hospital Admissions,Chronic Lung Disease,688,14.76185669220184,13.285671022981656,1.4761856692201842,8364,0.0020967572,0.00185,,1.0027346759111302,0.00272721785416008,17.5372772208,0.047827975549920625,UNIT_VALUE_CLD_HA,UNIT_VALUE_CLD_HA_2015_USD,15375.0,735.3551240800296,2039455.9617772764
NO2_CLD,NO2,p50,Hospital Admissions,Chronic Lung Disease,689,14.06124518049693,12.65512066244724,1.4061245180496922,1634,0.0020967572,0.00185,,1.0026047167539498,0.0025979498305004345,3.4261012647999998,0.008900839200164483,UNIT_VALUE_CLD_HA,UNIT_VALUE_CLD_HA_2015_USD,15375.0,136.85040270252892,379545.0123672748
NO2_CLD,NO2,p50,Hospital Admissions,Chronic Lung Disease,690,14.151228603738588,12.736105743364728,1.4151228603738597,2836,0.0020967572,0.00185,,1.0026214071867174,0.0026145533777032215,5.9464034192,0.015547189144855346,UNIT_VALUE_CLD_HA,UNIT_VALUE_CLD_HA_2015_USD,15375.0,239.03803310215093,662955.2521464984
NO2_CLD,NO2,p50,Hospital Admissions,Chronic Lung Disease,691,14.286874670311354,12.858187203280218,1.4286874670311356,1951,0.0020967572,0.00185,,1.0026465678076901,0.002639581975009353,4.0907732972,0.0107979314591387,UNIT_VALUE_CLD_HA,UNIT_VALUE_CLD_HA_2015_USD,15375.0,166.0181961842575,460439.8458433053
NO2_CLD,NO2,p50,Hospital Admissions,Chronic Lung Disease,692,14.622011085947996,13.159809977353197,1.4622011085947992,3072,0.0020967572,0.00185,,1.0027087340595553,0.0027014166402926643,6.441238118399999,0.017400467837133168,UNIT_VALUE_CLD_HA,UNIT_VALUE_CLD_HA_2015_USD,15375.0,267.53219299592246,741981.8100206811
NO2_CLD,NO2,p50,Hospital Admissions,Chronic Lung Disease,693,15.166646871830691,13.649982184647625,1.51666468718307,2789,0.0020967572,0.00185,,1.0028097696955114,0.002801897010202059,5.8478558307999995,0.016385089768411198,UNIT_VALUE_CLD_HA,UNIT_VALUE_CLD_HA_2015_USD,15375.0,251.92075518932216,698684.5800647218
NO2_CLD,NO2,p50,Hospital Admissions,Chronic Lung Disease,694,14.188053584484676,12.76924822603621,1.4188053584484663,366,0.0020967572,0.00185,,1.0026282376900773,0.002621348164033588,0.7674131352,0.0020116570130117796,UNIT_VALUE_CLD_HA,UNIT_VALUE_CLD_HA_2015_USD,15375.0,30.929226575056113,85780.04486005787
NO2_CLD,NO2,p50,Hospital Admissions,Chronic Lung Disease,695,14.975861476546504,13.478275328891856,1.4975861476546477,3681,0.0020967572,0.00185,,1.0027743758503465,0.002766699984723786,7.7181632532,0.021353842154724127,UNIT_VALUE_CLD_HA,UNIT_VALUE_CLD_HA_2015_USD,15375.0,328.31532312888345,910559.5666253392
NO2_CLD,NO2,p50,Hospital Admissions,Chronic Lung Disease,696,15.479930837714765,13.931937753943288,1.5479930837714768,886,0.0020967572,0.00185,,1.0028678917608111,0.0028596904780506804,1.8577268792,0.005312523867267047,UNIT_VALUE_CLD_HA,UNIT_VALUE_CLD_HA_2015_USD,15375.0,81.68005445923085,226533.91343886458
NO2_CLD,NO2,p50,Hospital Admissions,Chronic Lung Disease,729,14.355451249441762,12.919906124497585,1.435545124944177,49,0.0020967572,0.00185,,1.0026592881316432,0.00265223507438761,0.1027411028,0.0002724935564274231,UNIT_VALUE_CLD_HA,UNIT_VALUE_CLD_HA_2015_USD,15375.0,4.1895884300716295,11619.53023961356
NO2_CLD,NO2,p50,Hospital Admissions,Chronic Lung Disease,730,14.212959977469014,12.791663979722111,1.4212959977469009,173,0.0020967572,0.00185,,1.002632857493508,0.0026259437578075584,0.3627389956,0.0009525322012092033,UNIT_VALUE_CLD_HA,UNIT_VALUE_CLD_HA_2015_USD,15375.0,14.645182593591501,40617.388760544476
NO2_CLD,NO2,p95,Hospital Admissions,Chronic Lung Disease,0,77.90915554341346,12.808183926357923,65.10097161705554,7006,0.0020967572,0.00185,,1.1279894469502585,0.11346688330844146,14.6898809432,1.6668150067969725,UNIT_VALUE_CLD_HA,UNIT_VALUE_CLD_HA_2015_USD,15375.0,25627.28072950345,71075469.19362675
NO2_CLD,NO2,p95,Hospital Admissions,Chronic Lung Disease,1,80.28914358439654,13.092439105856414,67.19670447854013,3805,0.0020967572,0.00185,,1.132371270277675,0.11689741143398624,7.978161146,0.9326263859706051,UNIT_VALUE_CLD_HA,UNIT_VALUE_CLD_HA_2015_USD,15375.0,14339.130684298054,39768575.21375275
NO2_CLD,NO2,p95,Hospital Admissions,Chronic Lung Disease,2,80.0091568895056,12.59920474701033,67.40995214249527,73,0.0020967572,0.00185,,1.1328180881355452,0.1172457339149171,0.1530632756,0.017946016083143224,UNIT_VALUE_CLD_HA,UNIT_VALUE_CLD_HA_2015_USD,15375.0,275.91999727832706,765244.7980516306
NO2_CLD,NO2,p95,Hospital Admissions,Chronic Lung Disease,41,73.53350887502845,12.993218405470955,60.54029046955749,5661,0.0020967572,0.00185,,1.1185123431860853,0.10595532888667325,11.8697425092,1.2576624713624123,UNIT_VALUE_CLD_HA,UNIT_VALUE_CLD_HA_2015_USD,15375.0,19336.56049719709,53628596.97974132
NO2_CLD,NO2,p95,Hospital Admissions,Chronic Lung Disease,42,72.94936164480852,12.270779035535556,60.678582609272965,9380,0.0020967572,0.00185,,1.11879854050564,0.10618403242816987,19.667582536,2.0883832217863314,UNIT_VALUE_CLD_HA,UNIT_VALUE_CLD_HA_2015_USD,15375.0,32108.892034964847,89051764.43653256
NO2_CLD,NO2,p95,Hospital Admissions,Chronic Lung Disease,43,76.8322739629836,13.018889745910007,63.8133842170736,6828,0.0020967572,0.00185,,1.125305732324052,0.11135261176112798,14.3166581616,1.594197277985429,UNIT_VALUE_CLD_HA,UNIT_VALUE_CLD_HA_2015_USD,15375.0,24510.78314902597,67978941.3090031
NO2_CLD,NO2,p95,Hospital Admissions,Chronic Lung Disease,44,79.06225691143985,12.808265225574049,66.2539916858658,939,0.0020967572,0.00185,,1.1303981147551228,0.11535592023113972,1.9688550108,0.22711908157252453,UNIT_VALUE_CLD_HA,UNIT_VALUE_CLD_HA_2015_USD,15375.0,3491.955879177565,9684695.193987433
NO2_CLD,NO2,p95,Hospital Admissions,Chronic Lung Disease,82,79.75032784971668,12.642091087064356,67.10823676265233,656,0.0020967572,0.00185,,1.1321859555882143,0.11675286637833138,1.3754727232,0.16059038305880918,UNIT_VALUE_CLD_HA,UNIT_VALUE_CLD_HA_2015_USD,15375.0,2469.0771395291913,6847812.611084444
NO2_CLD,NO2,p95,Hospital Admissions,Chronic Lung Disease,83,72.96368023374026,12.824621431102235,60.139058802638026,4099,0.0020967572,0.00185,,1.117682403489359,0.10529145231414516,8.594607762799999,0.9049387334156379,UNIT_VALUE_CLD_HA,UNIT_VALUE_CLD_HA_2015_USD,15375.0,13913.433026265433,38587932.55803534
NO2_CLD,NO2,p95,Hospital Admissions,Chronic Lung Disease,84,76.175356503176,12.863860924131195,63.31149557904481,9171,0.0020967572,0.00185,,1.1242613776390795,0.1105271248399774,19.229360281199998,2.125365904393095,UNIT_VALUE_CLD_HA,UNIT_VALUE_CLD_HA_2015_USD,15375.0,32677.500780043836,90628760.98839697
NO2_CLD,NO2,p95,Hospital Admissions,Chronic Lung Disease,85,76.01596949482675,12.824691852987852,63.191277641838894,9159,0.0020967572,0.00185,,1.1240113661319426,0.11032928124090291,19.2041991948,2.1187854939694106,UNIT_VALUE_CLD_HA,UNIT_VALUE_CLD_HA_2015_USD,15375.0,32576.32696977969,90348162.50779608
NO2_CLD,NO2,p95,Hospital Admissions,Chronic Lung Disease,86,75.13689017291053,12.361191311096716,62.77569886181381,7033,0.0020967572,0.00185,,1.1231475349864417,0.10964502093478612,14.7464933876,1.616879576198087,UNIT_VALUE_CLD_HA,UNIT_VALUE_CLD_HA_2015_USD,15375.0,24859.52348404559,68946148.21635655
NO2_CLD,NO2,p95,Hospital Admissions,Chronic Lung Disease,87,69.74334530139153,12.564225349253327,57.1791199521382,2360,0.0020967572,0.00185,,1.111578827584497,0.10037869093545282,4.948346992,0.49670859335134565,UNIT_VALUE_CLD_HA,UNIT_VALUE_CLD_HA_2015_USD,15375.0,7636.894622776939,21180392.653648246
NO2_CLD,NO2,p95,Hospital Admissions,Chronic Lung Disease,91,77.82570327553417,12.79917150620924,65.02653176932492,537,0.0020967572,0.00185,,1.1278341180250213,0.11334478712957785,1.1259586164,0.127621539692572,UNIT_VALUE_CLD_HA,UNIT_VALUE_CLD_HA_2015_USD,15375.0,1962.1811727732945,5441972.130004638
NO2_CLD,NO2,p95,Hospital Admissions,Chronic Lung Disease,125,82.55380811937648,13.137478150089144,69.41632996928735,3772,0.0020967572,0.00185,,1.1370306944965354,0.12051626676376659,7.9089681584,0.9531593164038701,UNIT_VALUE_CLD_HA,UNIT_VALUE_CLD_HA_2015_USD,15375.0,14654.824489709503,40644129.88449503
NO2_CLD,NO2,p95,Hospital Admissions,Chronic Lung Disease,126,78.37052339585021,13.078956393054492,65.29156700279572,9325,0.0020967572,0.00185,,1.1283872478086612,0.11377942107905814,19.55226089,2.22464492485091,UNIT_VALUE_CLD_HA,UNIT_VALUE_CLD_HA_2015_USD,15375.0,34203.91571958274,94862165.97416236
NO2_CLD,NO2,p95,Hospital Admissions,Chronic Lung Disease,127,79.8344881422731,12.853430721310776,66.98105742096233,9380,0.0020967572,0.00185,,1.131919604193929,0.11654502996957328,19.667582536,2.292158996087176,UNIT_VALUE_CLD_HA,UNIT_VALUE_CLD_HA_2015_USD,15375.0,35241.944564840334,97741066.31446512
NO2_CLD,NO2,p95,Hospital Admissions,Chronic Lung Disease,128,80.86960995371334,12.88155108032522,67.98805887338811,9379,0.0020967572,0.00185,,1.134030282298297,0.11818933267519349,19.6654857788,2.32425064092988,UNIT_VALUE_CLD_HA,UNIT_VALUE_CLD_HA_2015_USD,15375.0,35735.353604296906,99109501.74676517
NO2_CLD,NO2,p95,Hospital Admissions,Chronic Lung Disease,129,77.18917117952623,12.827071028659258,64.36210015086697,7335,0.0020967572,0.00185,,1.1264486377150993,0.11225424176604182,15.379714062,1.726438140608341,UNIT_VALUE_CLD_HA,UNIT_VALUE_CLD_HA_2015_USD,15375.0,26543.986411853246,73617888.23422614
NO2_CLD,NO2,p95,Hospital Admissions,Chronic Lung Disease,130,81.00480993870703,12.796916953091984,68.20789298561505,5190,0.0020967572,0.00185,,1.1344915783945533,0.11854788608027889,10.882169868,1.2900582338179076,UNIT_VALUE_CLD_HA,UNIT_VALUE_CLD_HA_2015_USD,15375.0,19834.64534495033,55010000.43904559
NO2_CLD,NO2,p95,Hospital Admissions,Chronic Lung Disease,131,75.32753886890906,12.925263253179734,62.40227561572932,5202,0.0020967572,0.00185,,1.1223718955490105,0.10902972181885584,10.907330954399999,1.1892232597444272,UNIT_VALUE_CLD_HA,UNIT_VALUE_CLD_HA_2015_USD,15375.0,18284.30761857057,50710247.27857217
NO2_CLD,NO2,p95,Hospital Admissions,Chronic Lung Disease,132,78.556539521928,13.011638214937909,65.5449013069901,8779,0.0020967572,0.00185,,1.128916211270053,0.11419466740141848,18.407431458799998,2.1020305131520733,UNIT_VALUE_CLD_HA,UNIT_VALUE_CLD_HA_2015_USD,15375.0,32318.71913971313,89633705.22365458
NO2_CLD,NO2,p95,Hospital Admissions,Chronic Lung Disease,133,74.60058632953525,12.717174302166493,61.88341202736876,7568,0.0020967572,0.00185,,1.1212950503302666,0.10817407094996123,15.868258489599999,1.7165341197063149,UNIT_VALUE_CLD_HA,UNIT_VALUE_CLD_HA_2015_USD,15375.0,26391.71209048459,73195566.06311268
NO2_CLD,NO2,p95,Hospital Admissions,Chronic Lung Disease,134,77.00016892517593,12.663385350129223,64.33678357504671,6970,0.0020967572,0.00185,,1.1263958809792203,0.11221266262918095,14.614397684,1.6399204768433755,UNIT_VALUE_CLD_HA,UNIT_VALUE_CLD_HA_2015_USD,15375.0,25213.7773314669,69928646.46441025
NO2_CLD,NO2,p95,Hospital Admissions,Chronic Lung Disease,135,77.48505262832164,12.777145461566295,64.70790716675535,2916,0.0020967572,0.00185,,1.1271695058833138,0.11282198925675924,6.1141439952,0.6898098881407334,UNIT_VALUE_CLD_HA,UNIT_VALUE_CLD_HA_2015_USD,15375.0,10605.827030163777,29414518.86026712
NO2_CLD,NO2,p95,Hospital Admissions,Chronic Lung Disease,136,80.10577255336335,12.891718101414078,67.21405445194927,629,0.0020967572,0.00185,,1.1324076170921347,0.11692575632097846,1.3188602788,0.1542087355803865,UNIT_VALUE_CLD_HA,UNIT_VALUE_CLD_HA_2015_USD,15375.0,2370.9593095484424,6575689.677880936
NO2_CLD,NO2,p95,Hospital Admissions,Chronic Lung Disease,166,80.79687342501191,12.57979607434408,68.21707735066784,6,0.0020967572,0.00185,,1.1345108547902059,0.11856286277232642,0.012580543199999999,0.001491585217022924,UNIT_VALUE_CLD_HA,UNIT_VALUE_CLD_HA_2015_USD,15375.0,22.933122711727457,63603.41052238628
NO2_CLD,NO2,p95,Hospital Admissions,Chronic Lung Disease,167,76.16028154762968,12.914657721513736,63.245623826115946,6438,0.0020967572,0.00185,,1.1241243804114418,0.11041872463081959,13.4989228536,1.4905338453843358,UNIT_VALUE_CLD_HA,UNIT_VALUE_CLD_HA_2015_USD,15375.0,22916.95787278416,63558578.47311577
NO2_CLD,NO2,p95,Hospital Admissions,Chronic Lung Disease,168,80.50039406973397,12.981779587645455,67.51861448208851,9380,0.0020967572,0.00185,,1.1330458361543505,0.1174231720456419,19.667582536,2.30942992784659,UNIT_VALUE_CLD_HA,UNIT_VALUE_CLD_HA_2015_USD,15375.0,35507.48514064132,98477524.51360886
NO2_CLD,NO2,p95,Hospital Admissions,Chronic Lung Disease,169,75.69795250326919,12.898982273816792,62.7989702294524,9293,0.0020967572,0.00185,,1.1231958898088392,0.10968335169905785,19.4851646596,2.1371981682729597,UNIT_VALUE_CLD_HA,UNIT_VALUE_CLD_HA_2015_USD,15375.0,32859.42183719676,91133306.3059366
NO2_CLD,NO2,p95,Hospital Admissions,Chronic Lung Disease,170,80.58702923235619,12.641175729485168,67.94585350287102,9380,0.0020967572,0.00185,,1.1339417407437538,0.11812047826716499,19.667582536,2.3231442555112616,UNIT_VALUE_CLD_HA,UNIT_VALUE_CLD_HA_2015_USD,15375.0,35718.34292848565,99062323.82814994
NO2_CLD,NO2,p95,Hospital Admissions,Chronic Lung Disease,171,81.62043727663266,13.005933777819427,68.61450349881324,9380,0.0020967572,0.00185,,1.135345297425979,0.11921069099667714,19.667582536,2.3445861043507397,UNIT_VALUE_CLD_HA,UNIT_VALUE_CLD_HA_2015_USD,15375.0,36048.01135439262,99976636.13061312
NO2_CLD,NO2,p95,Hospital Admissions,Chronic Lung Disease,172,74.57945941598967,13.05569628336927,61.5237631326204,9380,0.0020967572,0.00185,,1.1205492442967266,0.1075804967164875,19.667582536,2.1158482984353952,UNIT_VALUE_CLD_HA,UNIT_VALUE_CLD_HA_2015_USD,15375.0,32531.1675884442,90222916.1248188
NO2_CLD,NO2,p95,Hospital Admissions,Chronic Lung Disease,173,76.98088183621518,13.027485330512985,63.95339650570219,9380,0.0020967572,0.00185,,1.1255972498445854,0.11158276182882199,19.667582536,2.194563177863187,UNIT_VALUE_CLD_HA,UNIT_VALUE_CLD_HA_2015_USD,15375.0,33741.4088596465,93579435.57360938
NO2_CLD,NO2,p95,Hospital Admissions,Chronic Lung Disease,174,80.8646234893947,13.066019242601657,67.79860424679305,9380,0.0020967572,0.00185,,1.1336328844697496,0.11788021175149266,19.667582536,2.318418793983639,UNIT_VALUE_CLD_HA,UNIT_VALUE_CLD_HA_2015_USD,15375.0,35645.68895749845,98860823.12539493
NO2_CLD,NO2,p95,Hospital Admissions,Chronic Lung Disease,175,78.13241283561109,12.977259101296715,65.15515373431438,9380,0.0020967572,0.00185,,1.1281025188016411,0.11355574220126885,19.667582536,2.2333669321801937,UNIT_VALUE_CLD_HA,UNIT_VALUE_CLD_HA_2015_USD,15375.0,34338.01658227048,95234085.32976641
NO2_CLD,NO2,p95,Hospital Admissions,Chronic Lung Disease,176,79.27253731742866,12.993492598486192,66.27904471894246,9380,0.0020967572,0.00185,,1.1304505077867861,0.11539692086315578,19.667582536,2.2695784654763766,UNIT_VALUE_CLD_HA,UNIT_VALUE_CLD_HA_2015_USD,15375.0,34894.76890669929,96778198.928907
NO2_CLD,NO2,p95,Hospital Admissions,Chronic Lung Disease,177,78.90073812643182,12.922669386356592,65.97806874007523,8935,0.0020967572,0.00185,,1.1298212418633637,0.11490423179622222,18.734525582,2.152676270066383,UNIT_VALUE_CLD_HA,UNIT_VALUE_CLD_HA_2015_USD,15375.0,33097.397652270636,91793315.57073694
NO2_CLD,NO2,p95,Hospital Admissions,Chronic Lung Disease,178,74.9539027504447,12.592901348128583,62.36100140231611,3436,0.0020967572,0.00185,,1.1222861975391665,0.1089616871412149,7.2044577391999995,0.7850098702008148,UNIT_VALUE_CLD_HA,UNIT_VALUE_CLD_HA_2015_USD,15375.0,12069.526754337528,33473987.586282328
NO2_CLD,NO2,p95,Hospital Admissions,Chronic Lung Disease,208,78.76476242892028,12.996430067222986,65.76833236169729,4959,0.0020967572,0.00185,,1.129382942363018,0.11456073711571102,10.3978189548,1.1911818038575999,UNIT_VALUE_CLD_HA,UNIT_VALUE_CLD_HA_2015_USD,15375.0,18314.420234310597,50793762.51044404
NO2_CLD,NO2,p95,Hospital Admissions,Chronic Lung Disease,209,76.41371384940145,12.73026765579241,63.68344619360904,2301,0.0020967572,0.00185,,1.1250352578295013,0.11113896827618386,4.8246383172,0.5362053248793519,UNIT_VALUE_CLD_HA,UNIT_VALUE_CLD_HA_2015_USD,15375.0,8244.156870020035,22864591.988019664
NO2_CLD,NO2,p95,Hospital Admissions,Chronic Lung Disease,210,75.63716986436927,12.891576379505365,62.7455934848639,2925,0.0020967572,0.00185,,1.1230849830855347,0.10959543128016391,6.13301481,0.6721504031495825,UNIT_VALUE_CLD_HA,UNIT_VALUE_CLD_HA_2015_USD,15375.0,10334.312448424831,28661492.17383488
NO2_CLD,NO2,p95,Hospital Admissions,Chronic Lung Disease,211,81.73970613667271,12.827443347584964,68.91226278908775,9380,0.0020967572,0.00185,,1.1359708799911634,0.11969574430659802,19.667582536,2.3541259303579687,UNIT_VALUE_CLD_HA,UNIT_VALUE_CLD_HA_2015_USD,15375.0,36194.68617925377,100383428.49012777
NO2_CLD,NO2,p95,Hospital Admissions,Chronic Lung Disease,212,81.32270379126491,13.230175673650969,68.09252811761395,9380,0.0020967572,0.00185,,1.1342494753591918,0.11835974208114841,19.667582536,2.327849996320659,UNIT_VALUE_CLD_HA,UNIT_VALUE_CLD_HA_2015_USD,15375.0,35790.693693430134,99262983.61016993
NO2_CLD,NO2,p95,Hospital Admissions,Chronic Lung Disease,213,77.67497470602994,12.881859175168245,64.7931155308617,9380,0.0020967572,0.00185,,1.1273472017874187,0.11296182896050877,19.667582536,2.2216860944983217,UNIT_VALUE_CLD_HA,UNIT_VALUE_CLD_HA_2015_USD,15375.0,34158.42370291169,94735997.05036637
NO2_CLD,NO2,p95,Hospital Admissions,Chronic Lung Disease,214,78.83206351300973,12.602999511619624,66.2290640013901,9380,0.0020967572,0.00185,,1.1303459862731735,0.11531512285272316,19.667582536,2.2679696963549127,UNIT_VALUE_CLD_HA,UNIT_VALUE_CLD_HA_2015_USD,15375.0,34870.03408145678,96709598.62253468
NO2_CLD,NO2,p95,Hospital Admissions,Chronic Lung Disease,215,79.46697481074676,13.270152198797357,66.19682261194941,9380,0.0020967572,0.00185,,1.1302785670223368,0.11526235286009989,19.667582536,2.2669318381695702,UNIT_VALUE_CLD_HA,UNIT_VALUE_CLD_HA_2015_USD,15375.0,34854.077011857145,96665342.80699496
NO2_CLD,NO2,p95,Hospital Admissions,Chronic Lung Disease,216,78.04504105556269,13.143551372282404,64.90148968328029,9380,0.0020967572,0.00185,,1.1275732487473147,0.11313965535191883,19.667582536,2.225183509728458,UNIT_VALUE_CLD_HA,UNIT_VALUE_CLD_HA_2015_USD,15375.0,34212.196462075044,94885132.03381279
NO2_CLD,NO2,p95,Hospital Admissions,Chronic Lung Disease,217,77.50751449987432,12.85890234666896,64.64861215320536,9380,0.0020967572,0.00185,,1.1270458669321928,0.11272466423927385,19.667582536,2.217021637768806,UNIT_VALUE_CLD_HA,UNIT_VALUE_CLD_HA_2015_USD,15375.0,34086.70768069539,94537097.68287101
NO2_CLD,NO2,p95,Hospital Admissions,Chronic Lung Disease,218,77.78702880510478,12.889236307418072,64.89779249768671,8126,0.0020967572,0.00185,,1.1275655364056838,0.11313358938968776,17.0382490072,1.92759826709982,UNIT_VALUE_CLD_HA,UNIT_VALUE_CLD_HA_2015_USD,15375.0,29636.823356659734,82195655.0020608
NO2_CLD,NO2,p95,Hospital Admissions,Chronic Lung Disease,219,80.70072693325947,13.047125416770507,67.65360151648896,537,0.0020967572,0.00185,,1.133328822507342,0.11764354692080392,1.1259586164,0.13246176531933684,UNIT_VALUE_CLD_HA,UNIT_VALUE_CLD_HA_2015_USD,15375.0,2036.599641784804,5648366.544515229
NO2_CLD,NO2,p95,Hospital Admissions,Chronic Lung Disease,251,81.27614849346627,12.849915928054156,68.4262325654121,8,0.0020967572,0.00185,,1.1349499241245529,0.11890385756767807,0.0167740576,0.0019945001557024277,UNIT_VALUE_CLD_HA,UNIT_VALUE_CLD_HA_2015_USD,15375.0,30.665439893924827,85048.45096500793
NO2_CLD,NO2,p95,Hospital Admissions,Chronic Lung Disease,252,77.50998463595056,12.909435351320878,64.60054928462968,3036,0.0020967572,0.00185,,1.1269456586311797,0.11264576748569366,6.3657548592,0.7170753417403678,UNIT_VALUE_CLD_HA,UNIT_VALUE_CLD_HA_2015_USD,15375.0,11025.033379258155,30577158.325035945
NO2_CLD,NO2,p95,Hospital Admissions,Chronic Lung Disease,253,79.14481303145038,12.685844184944722,66.45896884650566,8188,0.0020967572,0.00185,,1.1308268517626994,0.11569132052247466,17.168247953599998,1.986217276809257,UNIT_VALUE_CLD_HA,UNIT_VALUE_CLD_HA_2015_USD,15375.0,30538.090630942326,84695256.69857436
NO2_CLD,NO2,p95,Hospital Admissions,Chronic Lung Disease,254,74.00908195765616,12.407751869985374,61.60133008767079,9380,0.0020967572,0.00185,,1.12071005338121,0.10770854871607938,19.667582536,2.118366771706268,UNIT_VALUE_CLD_HA,UNIT_VALUE_CLD_HA_2015_USD,15375.0,32569.889114983875,90330307.56816973
NO2_CLD,NO2,p95,Hospital Admissions,Chronic Lung Disease,255,80.65049162026077,12.466540857365056,68.1839507628957,9380,0.0020967572,0.00185,,1.134441329344825,0.11850884295838293,19.667582536,2.330782450129859,UNIT_VALUE_CLD_HA,UNIT_VALUE_CLD_HA_2015_USD,15375.0,35835.78017074658,99388027.79895367
NO2_CLD,NO2,p95,Hospital Admissions,Chronic Lung Disease,256,75.11337469981034,12.635893102271275,62.47748159753906,9380,0.0020967572,0.00185,,1.1225280632113122,0.10915367484068561,19.667582536,2.146788909036891,UNIT_VALUE_CLD_HA,UNIT_VALUE_CLD_HA_2015_USD,15375.0,33006.8794764422,91542269.74634908
NO2_CLD,NO2,p95,Hospital Admissions,Chronic Lung Disease,257,79.1828372877375,12.55169659949943,66.63114068823808,9380,0.0020967572,0.00185,,1.1311870977342848,0.11597294381897261,19.667582536,2.280907444502535,UNIT_VALUE_CLD_HA,UNIT_VALUE_CLD_HA_2015_USD,15375.0,35068.95195922647,97261283.43227746
NO2_CLD,NO2,p95,Hospital Admissions,Chronic Lung Disease,258,80.74561051155482,12.867963148621094,67.87764736293371,9380,0.0020967572,0.00185,,1.1337986674607918,0.1180091944899192,19.667582536,2.3209555726373625,UNIT_VALUE_CLD_HA,UNIT_VALUE_CLD_HA_2015_USD,15375.0,35684.69192929945,98968995.13747697
NO2_CLD,NO2,p95,Hospital Admissions,Chronic Lung Disease,259,76.44152967071115,12.72672934369458,63.71480032701657,4854,0.0020967572,0.00185,,1.125100517557473,0.11119052529551654,10.1776594488,1.1316593003909494,UNIT_VALUE_CLD_HA,UNIT_VALUE_CLD_HA_2015_USD,15375.0,17399.261743510848,48255634.49730529
NO2_CLD,NO2,p95,Hospital Admissions,Chronic Lung Disease,294,77.54287288245338,12.756930694338962,64.78594218811442,1103,0.0020967572,0.00185,,1.127332241218121,0.11295005727906293,2.3127231916,0.26122221696183723,UNIT_VALUE_CLD_HA,UNIT_VALUE_CLD_HA_2015_USD,15375.0,4016.291585788247,11138903.572772698
NO2_CLD,NO2,p95,Hospital Admissions,Chronic Lung Disease,295,76.58192507818806,13.093897456813778,63.488027621374286,6166,0.0020967572,0.00185,,1.124628603691591,0.1108175652677672,12.9286048952,1.4327165167950004,UNIT_VALUE_CLD_HA,UNIT_VALUE_CLD_HA_2015_USD,15375.0,22028.016445723133,61093161.65106191
NO2_CLD,NO2,p95,Hospital Admissions,Chronic Lung Disease,296,82.57135122794973,12.917862185241637,69.6534890427081,9345,0.0020967572,0.00185,,1.1375296696698058,0.12090205058978998,19.594196034,2.36897848016893,UNIT_VALUE_CLD_HA,UNIT_VALUE_CLD_HA_2015_USD,15375.0,36423.0441325973,101016763.28866933
NO2_CLD,NO2,p95,Hospital Admissions,Chronic Lung Disease,297,81.77823519478476,12.945287918834406,68.83294727595035,9380,0.0020967572,0.00185,,1.135804207010211,0.11956656452936543,19.667582536,2.3515852764272647,UNIT_VALUE_CLD_HA,UNIT_VALUE_CLD_HA_2015_USD,15375.0,36155.623625069195,100275091.23047565
NO2_CLD,NO2,p95,Hospital Admissions,Chronic Lung Disease,298,82.58778299624069,13.353943359640724,69.23383963659997,9380,0.0020967572,0.00185,,1.1366468896348352,0.12021929667069697,19.667582536,2.3644229396908027,UNIT_VALUE_CLD_HA,UNIT_VALUE_CLD_HA_2015_USD,15375.0,36353.002697746095,100822508.27200994
NO2_CLD,NO2,p95,Hospital Admissions,Chronic Lung Disease,299,74.8688431842996,12.780806430828346,62.08803675347126,9380,0.0020967572,0.00185,,1.1217196033649162,0.10851161288416789,19.667582536,2.134161102513853,UNIT_VALUE_CLD_HA,UNIT_VALUE_CLD_HA_2015_USD,15375.0,32812.72695115049,91003801.30812931
NO2_CLD,NO2,p95,Hospital Admissions,Chronic Lung Disease,300,76.96649013090817,12.79925714342944,64.16723298747873,6904,0.0020967572,0.00185,,1.126042621380946,0.11193414795114143,14.4760117088,1.6203600363552748,UNIT_VALUE_CLD_HA,UNIT_VALUE_CLD_HA_2015_USD,15375.0,24913.03555896235,69094560.21029295
NO2_CLD,NO2,p95,Hospital Admissions,Chronic Lung Disease,301,81.39518608635359,12.733271356265943,68.66191473008764,3775,0.0020967572,0.00185,,1.135444883812489,0.11928794232416207,7.91525843,0.9441948910786776,UNIT_VALUE_CLD_HA,UNIT_VALUE_CLD_HA_2015_USD,15375.0,14516.996450334667,40261873.46525168
NO2_CLD,NO2,p95,Hospital Admissions,Chronic Lung Disease,302,78.61820109179605,12.703377383334006,65.91482370846205,3437,0.0020967572,0.00185,,1.129689056773267,0.11480066660440003,7.2065544964,0.8273172601076563,UNIT_VALUE_CLD_HA,UNIT_VALUE_CLD_HA_2015_USD,15375.0,12720.002874155216,35278037.5712683
NO2_CLD,NO2,p95,Hospital Admissions,Chronic Lung Disease,303,77.24411566411176,12.960978715397491,64.28313694871427,2651,0.0020967572,0.00185,,1.1262840959494158,0.112124548684995,5.5585033371999995,0.6232446780475885,UNIT_VALUE_CLD_HA,UNIT_VALUE_CLD_HA_2015_USD,15375.0,9582.386924981674,26576079.369351923
NO2_CLD,NO2,p95,Hospital Admissions,Chronic Lung Disease,304,75.36145114241752,12.843451807118951,62.51799933529857,870,0.0020967572,0.00185,,1.1226122086156822,0.1092204482319662,1.824178764,0.19923762225931407,UNIT_VALUE_CLD_HA,UNIT_VALUE_CLD_HA_2015_USD,15375.0,3063.2784422369537,8495788.330053234
NO2_CLD,NO2,p95,Hospital Admissions,Chronic Lung Disease,337,84.04270087374917,13.006535634360024,71.03616523938915,1314,0.0020967572,0.00185,,1.1404431394525798,0.1231478664688127,2.7551389608,0.33928948484762184,UNIT_VALUE_CLD_HA,UNIT_VALUE_CLD_HA_2015_USD,15375.0,5216.575829532186,14467807.90289945
NO2_CLD,NO2,p95,Hospital Admissions,Chronic Lung Disease,338,79.10443656552343,12.818044142568397,66.28639242295503,7894,0.0020967572,0.00185,,1.1304658743903313,0.1154089454143783,16.5518013368,1.910225936988385,UNIT_VALUE_CLD_HA,UNIT_VALUE_CLD_HA_2015_USD,15375.0,29369.72378119642,81454873.02648358
NO2_CLD,NO2,p95,Hospital Admissions,Chronic Lung Disease,339,78.69275266758335,12.846442834378704,65.84630983320464,9380,0.0020967572,0.00185,,1.129545877003561,0.11468845988550536,19.667582536,2.255644750724902,UNIT_VALUE_CLD_HA,UNIT_VALUE_CLD_HA_2015_USD,15375.0,34680.53804239537,96184044.62292059
NO2_CLD,NO2,p95,Hospital Admissions,Chronic Lung Disease,340,77.67185396477056,12.996960305996272,64.6748936587743,9380,0.0020967572,0.00185,,1.127100666119494,0.11276780321414426,19.667582536,2.2178700771175883,UNIT_VALUE_CLD_HA,UNIT_VALUE_CLD_HA_2015_USD,15375.0,34099.75243568292,94573276.39769608
NO2_CLD,NO2,p95,Hospital Admissions,Chronic Lung Disease,341,78.96070725356789,13.079657619108476,65.88104963445942,9380,0.0020967572,0.00185,,1.1296184737050405,0.11474535581903533,19.667582536,2.2567637561935654,UNIT_VALUE_CLD_HA,UNIT_VALUE_CLD_HA_2015_USD,15375.0,34697.74275147607,96231760.67922628
NO2_CLD,NO2,p95,Hospital Admissions,Chronic Lung Disease,342,76.35301988186635,12.80265073340836,63.55036914845798,9380,0.0020967572,0.00185,,1.1247583166408914,0.1109201103873445,19.667582536,2.181530425945329,UNIT_VALUE_CLD_HA,UNIT_VALUE_CLD_HA_2015_USD,15375.0,33541.030298909434,93023699.66190438
NO2_CLD,NO2,p95,Hospital Admissions,Chronic Lung Disease,343,78.8978605923773,12.919237529547502,65.9786230628298,9380,0.0020967572,0.00185,,1.1298224004923603,0.1149051394588968,19.667582536,2.2599063141184432,UNIT_VALUE_CLD_HA,UNIT_VALUE_CLD_HA_2015_USD,15375.0,34746.05957957106,96365764.01976976
NO2_CLD,NO2,p95,Hospital Admissions,Chronic Lung Disease,344,77.27625292206082,12.70276760438119,64.57348531767963,9380,0.0020967572,0.00185,,1.1268892357465812,0.11260133802104788,19.667582536,2.2145961091929944,UNIT_VALUE_CLD_HA,UNIT_VALUE_CLD_HA_2015_USD,15375.0,34049.41517884229,94433669.53945656
NO2_CLD,NO2,p95,Hospital Admissions,Chronic Lung Disease,345,79.10285095908222,12.79851269185022,66.304338267232,9159,0.0020967572,0.00185,,1.1305034062677566,0.11543831318350506,19.2041991948,2.2169003610877382,UNIT_VALUE_CLD_HA,UNIT_VALUE_CLD_HA_2015_USD,15375.0,34084.843051723976,94531926.26494282
NO2_CLD,NO2,p95,Hospital Admissions,Chronic Lung Disease,346,80.45581309513615,12.95135903305163,67.50445406208452,3601,0.0020967572,0.00185,,1.1330161543940265,0.11740005107444196,7.550422677199999,0.8864200079369047,UNIT_VALUE_CLD_HA,UNIT_VALUE_CLD_HA_2015_USD,15375.0,13628.70762202991,37798266.58016641
NO2_CLD,NO2,p95,Hospital Admissions,Chronic Lung Disease,347,77.24965386458499,13.024788855217846,64.22486500936714,227,0.0020967572,0.00185,,1.1261626855904645,0.11202882781035806,0.4759638844,0.05332167604939676,UNIT_VALUE_CLD_HA,UNIT_VALUE_CLD_HA_2015_USD,15375.0,819.8207692594752,2273715.516087306
NO2_CLD,NO2,p95,Hospital Admissions,Chronic Lung Disease,348,79.60808793129203,12.902229677650643,66.7058582536414,3432,0.0020967572,0.00185,,1.1313434697015117,0.11609513222024836,7.1960707104,0.8354287805901446,UNIT_VALUE_CLD_HA,UNIT_VALUE_CLD_HA_2015_USD,15375.0,12844.717501573474,35623924.86038892
NO2_CLD,NO2,p95,Hospital Admissions,Chronic Lung Disease,349,81.21911360603389,12.900824472964318,68.31828913306957,3186,0.0020967572,0.00185,,1.1347233025308034,0.11872788919582988,6.6802684392,0.793134171047737,UNIT_VALUE_CLD_HA,UNIT_VALUE_CLD_HA_2015_USD,15375.0,12194.437879858957,33820419.849137224
NO2_CLD,NO2,p95,Hospital Admissions,Chronic Lung Disease,350,77.65537161503875,13.145032719996268,64.51033889504248,4386,0.0020967572,0.00185,,1.1267575992413776,0.11249766527132443,9.1963770792,1.0345709503647218,UNIT_VALUE_CLD_HA,UNIT_VALUE_CLD_HA_2015_USD,15375.0,15906.528361857598,44115642.95462672
NO2_CLD,NO2,p95,Hospital Admissions,Chronic Lung Disease,351,78.53369752340595,12.62753346091184,65.90616406249411,3394,0.0020967572,0.00185,,1.1296709589097562,0.11478648529205482,7.1163939368,0.8168658479589612,UNIT_VALUE_CLD_HA,UNIT_VALUE_CLD_HA_2015_USD,15375.0,12559.312412369029,34832373.82383663
NO2_CLD,NO2,p95,Hospital Admissions,Chronic Lung Disease,352,78.70552187335083,13.099213078633886,65.60630879471695,1255,0.0020967572,0.00185,,1.1290444677856506,0.11429529258377236,2.631430286,0.3007600944521698,UNIT_VALUE_CLD_HA,UNIT_VALUE_CLD_HA_2015_USD,15375.0,4624.186452202111,12824857.4321309
NO2_CLD,NO2,p95,Hospital Admissions,Chronic Lung Disease,353,82.02237275328818,13.029929861233532,68.99244289205465,3,0.0020967572,0.00185,,1.1361393946739462,0.11982631296137392,0.006290271599999999,0.0007537400533536422,UNIT_VALUE_CLD_HA,UNIT_VALUE_CLD_HA_2015_USD,15375.0,11.588753320312248,32140.596121153598
NO2_CLD,NO2,p95,Hospital Admissions,Chronic Lung Disease,360,81.72743537539495,12.700089004466552,69.0273463709284,2764,0.0020967572,0.00185,,1.1362127591946622,0.11988314520531229,5.7954369007999995,0.6947752035068314,UNIT_VALUE_CLD_HA,UNIT_VALUE_CLD_HA_2015_USD,15375.0,10682.168753917533,29626247.2871775
NO2_CLD,NO2,p95,Hospital Admissions,Chronic Lung Disease,361,73.6865232542929,12.734942392851211,60.95158086144168,2224,0.0020967572,0.00185,,1.119363728802148,0.10663533731781838,4.6631880128,0.4972606267213352,UNIT_VALUE_CLD_HA,UNIT_VALUE_CLD_HA_2015_USD,15375.0,7645.3821358405285,21203932.177004196
NO2_CLD,NO2,p95,Hospital Admissions,Chronic Lung Disease,379,79.70114396836625,12.638117487826449,67.0630264805398,5837,0.0020967572,0.00185,,1.1320912646222558,0.11667898936251453,12.2387717764,1.4280075219088186,UNIT_VALUE_CLD_HA,UNIT_VALUE_CLD_HA_2015_USD,15375.0,21955.615649348085,60892363.110371456
NO2_CLD,NO2,p95,Hospital Admissions,Chronic Lung Disease,380,77.80939147849774,12.98540092587393,64.82399055262381,9380,0.0020967572,0.00185,,1.1274115963348394,0.11301249406077452,19.667582536,2.222682554539493,UNIT_VALUE_CLD_HA,UNIT_VALUE_CLD_HA_2015_USD,15375.0,34173.7442760447,94778487.58751065
NO2_CLD,NO2,p95,Hospital Admissions,Chronic Lung Disease,381,77.98157525195532,12.978324250310006,65.00325100164531,9380,0.0020967572,0.00185,,1.127785543909505,0.11330659858126235,19.667582536,2.228466879470398,UNIT_VALUE_CLD_HA,UNIT_VALUE_CLD_HA_2015_USD,15375.0,34262.67827185737,95025139.79951738
NO2_CLD,NO2,p95,Hospital Admissions,Chronic Lung Disease,382,77.68868048950236,12.697450575717289,64.99122991378508,9380,0.0020967572,0.00185,,1.1277604633515343,0.11328687917631863,19.667582536,2.2280790464461067,UNIT_VALUE_CLD_HA,UNIT_VALUE_CLD_HA_2015_USD,15375.0,34256.71533910889,95008602.02294475
NO2_CLD,NO2,p95,Hospital Admissions,Chronic Lung Disease,383,79.3389910665566,12.812056932973752,66.52693413358286,9380,0.0020967572,0.00185,,1.1309690460994573,0.11580250277507587,19.667582536,2.2775552812041737,UNIT_VALUE_CLD_HA,UNIT_VALUE_CLD_HA_2015_USD,15375.0,35017.41244851417,97118342.20708266
NO2_CLD,NO2,p95,Hospital Admissions,Chronic Lung Disease,384,81.49373731251572,12.762089186024584,68.73164812649114,9380,0.0020967572,0.00185,,1.135591373353486,0.11940155282535703,19.667582536,2.3483398951192735,UNIT_VALUE_CLD_HA,UNIT_VALUE_CLD_HA_2015_USD,15375.0,36105.72588745883,100136703.34805493
NO2_CLD,NO2,p95,Hospital Admissions,Chronic Lung Disease,385,81.26537629651901,12.724590923336295,68.54078537318271,9380,0.0020967572,0.00185,,1.1351904712582528,0.11909056205202884,19.667582536,2.342223458416907,UNIT_VALUE_CLD_HA,UNIT_VALUE_CLD_HA_2015_USD,15375.0,36011.68567315994,99875889.39651197
NO2_CLD,NO2,p95,Hospital Admissions,Chronic Lung Disease,386,76.49492667115797,12.709537397487653,63.78538927367032,9380,0.0020967572,0.00185,,1.125247453523181,0.11130658694763329,19.667582536,2.1891314855930384,UNIT_VALUE_CLD_HA,UNIT_VALUE_CLD_HA_2015_USD,15375.0,33657.89659099297,93347820.14235762
NO2_CLD,NO2,p95,Hospital Admissions,Chronic Lung Disease,387,77.99191876158842,12.642610401203603,65.34930836038482,9371,0.0020967572,0.00185,,1.1285077902782241,0.11387408344477767,19.648711721199998,2.2374790381223097,UNIT_VALUE_CLD_HA,UNIT_VALUE_CLD_HA_2015_USD,15375.0,34401.24021113051,95409431.6387557
NO2_CLD,NO2,p95,Hospital Admissions,Chronic Lung Disease,388,80.88730763356693,12.804330599445445,68.08297703412148,9205,0.0020967572,0.00185,,1.134229433910089,0.11834416379704826,19.300650026,2.2841192880664476,UNIT_VALUE_CLD_HA,UNIT_VALUE_CLD_HA_2015_USD,15375.0,35118.33405402163,97398241.2154452
NO2_CLD,NO2,p95,Hospital Admissions,Chronic Lung Disease,389,75.18842526865397,12.68286874706344,62.505556521590535,9380,0.0020967572,0.00185,,1.1225863672721375,0.10919994295852697,19.667582536,2.1476988910633215,UNIT_VALUE_CLD_HA,UNIT_VALUE_CLD_HA_2015_USD,15375.0,33020.87045009857,91581072.73241687
NO2_CLD,NO2,p95,Hospital Admissions,Chronic Lung Disease,390,80.3864062394288,12.750940048118828,67.63546619130997,9380,0.0020967572,0.00185,,1.133290799564735,0.11761394305497597,19.667582536,2.3131819324181437,UNIT_VALUE_CLD_HA,UNIT_VALUE_CLD_HA_2015_USD,15375.0,35565.17221092896,98637515.56495671
NO2_CLD,NO2,p95,Hospital Admissions,Chronic Lung Disease,391,76.69408779897171,12.66478382810116,64.02930397087054,9380,0.0020967572,0.00185,,1.1257553272266019,0.11170751244536525,19.667582536,2.1970167209104683,UNIT_VALUE_CLD_HA,UNIT_VALUE_CLD_HA_2015_USD,15375.0,33779.13208399845,93684058.29572381
NO2_CLD,NO2,p95,Hospital Admissions,Chronic Lung Disease,392,79.24341685413633,12.805722769399786,66.43769408473653,9380,0.0020967572,0.00185,,1.130782345205591,0.1156565149430353,19.667582536,2.274684053468264,UNIT_VALUE_CLD_HA,UNIT_VALUE_CLD_HA_2015_USD,15375.0,34973.267322074564,96995908.78906125
NO2_CLD,NO2,p95,Hospital Admissions,Chronic Lung Disease,393,74.06432275298683,12.910493307730528,61.1538294452563,9380,0.0020967572,0.00185,,1.1197826281634373,0.10696953600708514,19.667582536,2.103832178256971,UNIT_VALUE_CLD_HA,UNIT_VALUE_CLD_HA_2015_USD,15375.0,32346.41974070093,89710530.90145218
NO2_CLD,NO2,p95,Hospital Admissions,Chronic Lung Disease,394,73.890969962221,12.734551441404315,61.15641852081669,6975,0.0020967572,0.00185,,1.119787991699678,0.10697381342503687,14.62488147,1.5644793417350589,UNIT_VALUE_CLD_HA,UNIT_VALUE_CLD_HA_2015_USD,15375.0,24053.86987917653,66711724.33900456
NO2_CLD,NO2,p95,Hospital Admissions,Chronic Lung Disease,395,77.50174098448049,13.049272798909085,64.4524681855714,3089,0.0020967572,0.00185,,1.1266369741145152,0.11240264346378848,6.4768829908,0.7280187695715684,UNIT_VALUE_CLD_HA,UNIT_VALUE_CLD_HA_2015_USD,15375.0,11193.288582162864,31043802.352427952
NO2_CLD,NO2,p95,Hospital Admissions,Chronic Lung Disease,396,78.02331399676272,12.806102061137445,65.21721193562529,756,0.0020967572,0.00185,,1.128232041061014,0.11365750696144195,1.5851484432,0.18016402021792285,UNIT_VALUE_CLD_HA,UNIT_VALUE_CLD_HA_2015_USD,15375.0,2770.0218108505637,7682461.590867278
NO2_CLD,NO2,p95,Hospital Admissions,Chronic Lung Disease,397,83.60611945003163,13.094070828001398,70.51204862203024,269,0.0020967572,0.00185,,1.1393378837548351,0.12229724451505919,0.5640276868,0.06897903192584283,UNIT_VALUE_CLD_HA,UNIT_VALUE_CLD_HA_2015_USD,15375.0,1060.5526158598334,2941368.4414041378
NO2_CLD,NO2,p95,Hospital Admissions,Chronic Lung Disease,398,74.27974060500102,12.612637517289592,61.66710308771143,1076,0.0020967572,0.00185,,1.1208464297335976,0.10781711617917211,2.2561107472,0.24324735454394122,UNIT_VALUE_CLD_HA,UNIT_VALUE_CLD_HA_2015_USD,15375.0,3739.9280761130963,10372428.724134345
NO2_CLD,NO2,p95,Hospital Admissions,Chronic Lung Disease,400,75.5253350574195,12.393512040453407,63.13182301696609,746,0.0020967572,0.00185,,1.123887741733723,0.11023142003721131,1.5641808712,0.17242187862741834,UNIT_VALUE_CLD_HA,UNIT_VALUE_CLD_HA_2015_USD,15375.0,2650.986383896557,7352325.166690228
NO2_CLD,NO2,p95,Hospital Admissions,Chronic Lung Disease,401,78.93395259791804,12.284515906967716,66.64943669095032,9240,0.0020967572,0.00185,,1.1312253863563555,0.11600286551120353,19.374036527999998,2.2474437537667282,UNIT_VALUE_CLD_HA,UNIT_VALUE_CLD_HA_2015_USD,15375.0,34554.44771416345,95834341.92389233
NO2_CLD,NO2,p95,Hospital Admissions,Chronic Lung Disease,402,72.36922377270328,12.8196843793945,59.54953939330878,8169,0.0020967572,0.00185,,1.116464111331376,0.10431514112217488,17.1284095668,1.786752461159152,UNIT_VALUE_CLD_HA,UNIT_VALUE_CLD_HA_2015_USD,15375.0,27471.319090321962,76189780.50467163
NO2_CLD,NO2,p95,Hospital Admissions,Chronic Lung Disease,403,85.32123165898777,13.041431751108432,72.27979990787934,73,0.0020967572,0.00185,,1.1430700051980331,0.12516294238098458,0.1530632756,0.01915784994456756,UNIT_VALUE_CLD_HA,UNIT_VALUE_CLD_HA_2015_USD,15375.0,294.55194289772624,816919.1949908409
NO2_CLD,NO2,p95,Hospital Admissions,Chronic Lung Disease,420,75.6064622924799,12.725035712794256,62.88142657968565,4864,0.0020967572,0.00185,,1.1233672399500367,0.10981915402439879,10.1986270208,1.1200045916346306,UNIT_VALUE_CLD_HA,UNIT_VALUE_CLD_HA_2015_USD,15375.0,17220.070596382448,47758660.39412497
NO2_CLD,NO2,p95,Hospital Admissions,Chronic Lung Disease,421,81.77562024119948,12.708032642758992,69.06758759844048,9380,0.0020967572,0.00185,,1.1362973491461945,0.11994866418425365,19.667582536,2.3591002529267557,UNIT_VALUE_CLD_HA,UNIT_VALUE_CLD_HA_2015_USD,15375.0,36271.16638874887,100595540.99754778
NO2_CLD,NO2,p95,Hospital Admissions,Chronic Lung Disease,422,80.81393499583152,13.152316036678595,67.66161895915292,9380,0.0020967572,0.00185,,1.1333456324698863,0.1176566341719496,19.667582536,2.314021563484777,UNIT_VALUE_CLD_HA,UNIT_VALUE_CLD_HA_2015_USD,15375.0,35578.081538578444,98673318.68153961
NO2_CLD,NO2,p95,Hospital Admissions,Chronic Lung Disease,423,77.92707196741682,12.84560324866496,65.08146871875186,9380,0.0020967572,0.00185,,1.1279487494170315,0.11343489629574077,19.667582536,2.2309901853590826,UNIT_VALUE_CLD_HA,UNIT_VALUE_CLD_HA_2015_USD,15375.0,34301.474099895895,95132737.31287427
NO2_CLD,NO2,p95,Hospital Admissions,Chronic Lung Disease,424,79.83871267494278,12.76144052832808,67.0772721466147,9380,0.0020967572,0.00185,,1.132121100694537,0.11670226852364385,19.667582536,2.2952514983272003,UNIT_VALUE_CLD_HA,UNIT_VALUE_CLD_HA_2015_USD,15375.0,35289.4917867807,97872935.2062112
NO2_CLD,NO2,p95,Hospital Admissions,Chronic Lung Disease,425,81.31479239801268,12.783300732304255,68.53149166570843,9380,0.0020967572,0.00185,,1.1351709536889296,0.11907541612976347,19.667582536,2.3419255747406686,UNIT_VALUE_CLD_HA,UNIT_VALUE_CLD_HA_2015_USD,15375.0,36007.10571163778,99863187.19382755
NO2_CLD,NO2,p95,Hospital Admissions,Chronic Lung Disease,426,75.90278288852852,12.7613800255812,63.14140286294732,9380,0.0020967572,0.00185,,1.1239076602524396,0.11024718901249309,19.667582536,2.1682956892652,UNIT_VALUE_CLD_HA,UNIT_VALUE_CLD_HA_2015_USD,15375.0,33337.54622245245,92459350.8197363
NO2_CLD,NO2,p95,Hospital Admissions,Chronic Lung Disease,427,78.46352385542598,12.992557858854529,65.47096599657145,9380,0.0020967572,0.00185,,1.1287618083044815,0.114073498374201,19.667582536,2.24354994444486,UNIT_VALUE_CLD_HA,UNIT_VALUE_CLD_HA_2015_USD,15375.0,34494.58039583972,95668304.10723376
NO2_CLD,NO2,p95,Hospital Admissions,Chronic Lung Disease,428,78.73646467225777,13.06965537052943,65.66680930172834,9380,0.0020967572,0.00185,,1.129170844218987,0.11439442036632685,19.667582536,2.249861704212613,UNIT_VALUE_CLD_HA,UNIT_VALUE_CLD_HA_2015_USD,15375.0,34591.623702268924,95937446.92458369
NO2_CLD,NO2,p95,Hospital Admissions,Chronic Lung Disease,429,81.77116164213479,12.487700207295278,69.28346143483951,9380,0.0020967572,0.00185,,1.1367512389802739,0.12030005711975034,19.667582536,2.366011302488204,UNIT_VALUE_CLD_HA,UNIT_VALUE_CLD_HA_2015_USD,15375.0,36377.423775756135,100890238.42239533
NO2_CLD,NO2,p95,Hospital Admissions,Chronic Lung Disease,430,76.83464530630093,12.892837956277631,63.941807350023296,9380,0.0020967572,0.00185,,1.1255731173680295,0.11156371401412091,19.667582536,2.194188553395423,UNIT_VALUE_CLD_HA,UNIT_VALUE_CLD_HA_2015_USD,15375.0,33735.649008454624,93563461.0295183
NO2_CLD,NO2,p95,Hospital Admissions,Chronic Lung Disease,431,77.3362012859783,12.446232250686156,64.88996903529215,9380,0.0020967572,0.00185,,1.127549216810627,0.1131207533196743,19.667582536,2.2248117524491904,UNIT_VALUE_CLD_HA,UNIT_VALUE_CLD_HA_2015_USD,15375.0,34206.480693906306,94869279.75090057
NO2_CLD,NO2,p95,Hospital Admissions,Chronic Lung Disease,432,73.58133175828587,12.872796622565865,60.708535135720005,9380,0.0020967572,0.00185,,1.1188605372826281,0.10623355934181411,19.667582536,2.089357296448183,UNIT_VALUE_CLD_HA,UNIT_VALUE_CLD_HA_2015_USD,15375.0,32123.868432890813,89093300.42783237
NO2_CLD,NO2,p95,Hospital Admissions,Chronic Lung Disease,433,77.71300378300334,12.681985520594134,65.0310182624092,9380,0.0020967572,0.00185,,1.1278434791008156,0.11335214634812629,19.667582536,2.229362693934525,UNIT_VALUE_CLD_HA,UNIT_VALUE_CLD_HA_2015_USD,15375.0,34276.45141924332,95063338.65967199
NO2_CLD,NO2,p95,Hospital Admissions,Chronic Lung Disease,434,81.13759731907066,12.48869344179479,68.64890387727587,9380,0.0020967572,0.00185,,1.1354175538948275,0.11926674326137032,19.667582536,2.3456885168929227,UNIT_VALUE_CLD_HA,UNIT_VALUE_CLD_HA_2015_USD,15375.0,36064.96094722868,100023644.63987245
NO2_CLD,NO2,p95,Hospital Admissions,Chronic Lung Disease,435,74.84350525909277,12.926390888962436,61.91711437013033,9379,0.0020967572,0.00185,,1.121364964509523,0.1082296739693549,19.6654857788,2.1283891142885096,UNIT_VALUE_CLD_HA,UNIT_VALUE_CLD_HA_2015_USD,15375.0,32723.982632185835,90757675.15158315
NO2_CLD,NO2,p95,Hospital Admissions,Chronic Lung Disease,436,76.66206130306422,13.04221996913206,63.61984133393216,9379,0.0020967572,0.00185,,1.1249028838548543,0.11103437074215061,19.6654857788,2.18354483878777,UNIT_VALUE_CLD_HA,UNIT_VALUE_CLD_HA_2015_USD,15375.0,33572.00189636196,93109597.21942714
NO2_CLD,NO2,p95,Hospital Admissions,Chronic Lung Disease,437,83.57595630149625,13.371440660366856,70.20451564112939,9289,0.0020967572,0.00185,,1.1386898577600364,0.12179774572934099,19.4767776308,2.3722276095030947,UNIT_VALUE_CLD_HA,UNIT_VALUE_CLD_HA_2015_USD,15375.0,36472.99949611008,101155310.99249658
NO2_CLD,NO2,p95,Hospital Admissions,Chronic Lung Disease,438,77.98048690293382,12.938945693609464,65.04154120932435,8853,0.0020967572,0.00185,,1.1278654355530924,0.11336940695446418,18.5625914916,2.104429988940675,UNIT_VALUE_CLD_HA,UNIT_VALUE_CLD_HA_2015_USD,15375.0,32355.611079962873,89736022.43750143
NO2_CLD,NO2,p95,Hospital Admissions,Chronic Lung Disease,439,84.075266183636,12.968380281383547,71.10688590225246,8857,0.0020967572,0.00185,,1.140592357069021,0.12326258035807036,18.5709785204,2.2891067321988037,UNIT_VALUE_CLD_HA,UNIT_VALUE_CLD_HA_2015_USD,15375.0,35195.01600755661,97610913.24583772
NO2_CLD,NO2,p95,Hospital Admissions,Chronic Lung Disease,440,74.82586363122046,13.02930152952725,61.796562101693205,8213,0.0020967572,0.00185,,1.1211149036781523,0.10803076765887132,17.2206668836,1.8603618630330112,UNIT_VALUE_CLD_HA,UNIT_VALUE_CLD_HA_2015_USD,15375.0,28603.063644132548,79328594.80254653
NO2_CLD,NO2,p95,Hospital Admissions,Chronic Lung Disease,441,78.75497357993059,12.170469804648013,66.58450377528258,9110,0.0020967572,0.00185,,1.1310895050571153,0.11589666818674604,19.101458091999998,2.213795350371559,UNIT_VALUE_CLD_HA,UNIT_VALUE_CLD_HA_2015_USD,15375.0,34037.10351196272,94399523.99318276
NO2_CLD,NO2,p95,Hospital Admissions,Chronic Lung Disease,442,21.241779314535464,17.305411478410115,3.936367836125349,9379,0.0020967572,0.00185,,1.0073088607839769,0.00725582894037935,19.6654857788,0.14268940084043558,UNIT_VALUE_CLD_HA,UNIT_VALUE_CLD_HA_2015_USD,15375.0,2193.849537921697,6084488.123958171
NO2_CLD,NO2,p95,Hospital Admissions,Chronic Lung Disease,443,75.49197045961563,12.746616897857344,62.745353561758286,9374,0.0020967572,0.00185,,1.123084484595677,0.10959503606711185,19.6550019928,2.1540906523000714,UNIT_VALUE_CLD_HA,UNIT_VALUE_CLD_HA_2015_USD,15375.0,33119.1437791136,91853626.93130702
NO2_CLD,NO2,p95,Hospital Admissions,Chronic Lung Disease,444,82.32696585132267,12.487097916727723,69.83986793459495,4839,0.0020967572,0.00185,,1.1379219586074634,0.12120511214692253,10.1462080908,1.2297722895114267,UNIT_VALUE_CLD_HA,UNIT_VALUE_CLD_HA_2015_USD,15375.0,18907.748951238187,52439318.17383252
NO2_CLD,NO2,p95,Hospital Admissions,Chronic Lung Disease,445,82.50041855740814,12.92714412081053,69.57327443659761,6092,0.0020967572,0.00185,,1.137360876179717,0.1207715853925787,12.7734448624,1.5426691869567373,UNIT_VALUE_CLD_HA,UNIT_VALUE_CLD_HA_2015_USD,15375.0,23718.538749459836,65781706.92391439
NO2_CLD,NO2,p95,Hospital Admissions,Chronic Lung Disease,446,78.26010370117828,12.45958874112578,65.8005149600525,858,0.0020967572,0.00185,,1.129450185348351,0.11461345265831735,1.7990176776,0.2061916274230836,UNIT_VALUE_CLD_HA,UNIT_VALUE_CLD_HA_2015_USD,15375.0,3170.1962716299104,8792317.445626542
NO2_CLD,NO2,p95,Hospital Admissions,Chronic Lung Disease,461,79.82410833416084,12.979926274455469,66.84418205970537,2433,0.0020967572,0.00185,,1.1316330164564854,0.1163212936899557,5.1014102675999995,0.593402641970455,UNIT_VALUE_CLD_HA,UNIT_VALUE_CLD_HA_2015_USD,15375.0,9123.565620295745,25303570.59829683
NO2_CLD,NO2,p95,Hospital Admissions,Chronic Lung Disease,462,75.37729384793654,12.991476170620894,62.38581767731565,7924,0.0020967572,0.00185,,1.1223377230033038,0.10900259386803457,16.6147040528,1.8110458381049463,UNIT_VALUE_CLD_HA,UNIT_VALUE_CLD_HA_2015_USD,15375.0,27844.82976086355,77225686.2036718
NO2_CLD,NO2,p95,Hospital Admissions,Chronic Lung Disease,463,82.7306327843535,12.782316652115416,69.94831613223809,8501,0.0020967572,0.00185,,1.1381502818439664,0.12138140634657058,17.8245329572,2.1635668778157324,UNIT_VALUE_CLD_HA,UNIT_VALUE_CLD_HA_2015_USD,15375.0,33264.840746416885,92257707.27133498
NO2_CLD,NO2,p95,Hospital Admissions,Chronic Lung Disease,464,79.97430755429932,12.895175971346704,67.07913158295261,8783,0.0020967572,0.00185,,1.1321249951493955,0.11670530702483106,18.4158184876,2.149223750708918,UNIT_VALUE_CLD_HA,UNIT_VALUE_CLD_HA_2015_USD,15375.0,33044.31516714961,91646095.01402773
NO2_CLD,NO2,p95,Hospital Admissions,Chronic Lung Disease,465,75.7861171905515,12.458636739285494,63.327480451266,9379,0.0020967572,0.00185,,1.1242946248034298,0.11055342795502665,19.6654857788,2.174086865247167,UNIT_VALUE_CLD_HA,UNIT_VALUE_CLD_HA_2015_USD,15375.0,33426.585553175195,92706295.17074268
NO2_CLD,NO2,p95,Hospital Admissions,Chronic Lung Disease,466,76.3989449032802,12.806962837562113,63.591982065718085,9379,0.0020967572,0.00185,,1.1248449082522494,0.11098855258742257,19.6654857788,2.1826438025175547,UNIT_VALUE_CLD_HA,UNIT_VALUE_CLD_HA_2015_USD,15375.0,33558.1484637074,93071175.69370002
NO2_CLD,NO2,p95,Hospital Admissions,Chronic Lung Disease,467,76.28779515535341,12.805369888362751,63.48242526699065,9379,0.0020967572,0.00185,,1.124616947701217,0.11080834941705364,19.6654857788,2.1791000196333696,UNIT_VALUE_CLD_HA,UNIT_VALUE_CLD_HA_2015_USD,15375.0,33503.66280186306,92920063.52457106
NO2_CLD,NO2,p95,Hospital Admissions,Chronic Lung Disease,468,78.72107164664253,12.391525020495733,66.3295466261468,6428,0.0020967572,0.00185,,1.1305561290480188,0.11547956416631278,13.4779552816,1.5564284017722214,UNIT_VALUE_CLD_HA,UNIT_VALUE_CLD_HA_2015_USD,15375.0,23930.086677247906,66368420.293279655
NO2_CLD,NO2,p95,Hospital Admissions,Chronic Lung Disease,469,75.10825272734961,12.809453978663884,62.298798748685726,3998,0.0020967572,0.00185,,1.1221570579873736,0.10885914508835903,8.3828352856,0.9125482826069461,UNIT_VALUE_CLD_HA,UNIT_VALUE_CLD_HA_2015_USD,15375.0,14030.429845081797,38912415.04524521
NO2_CLD,NO2,p95,Hospital Admissions,Chronic Lung Disease,470,79.64487861908502,13.110034824848189,66.53484379423683,1575,0.0020967572,0.00185,,1.1309855955460648,0.11581544102939889,3.3023925899999997,0.38246805426306885,UNIT_VALUE_CLD_HA,UNIT_VALUE_CLD_HA_2015_USD,15375.0,5880.446334294684,16309006.276922904
NO2_CLD,NO2,p95,Hospital Admissions,Chronic Lung Disease,471,84.94118694728394,12.685822737968872,72.25536420931506,5971,0.0020967572,0.00185,,1.1430183326949397,0.1251233935659979,12.5197372412,1.5665120101735481,UNIT_VALUE_CLD_HA,UNIT_VALUE_CLD_HA_2015_USD,15375.0,24085.122156418303,66798400.34227521
NO2_CLD,NO2,p95,Hospital Admissions,Chronic Lung Disease,472,74.08442312234055,12.614958476489242,61.46946464585131,9252,0.0020967572,0.00185,,1.1204366883126855,0.10749084671089848,19.3991976144,2.085236177083898,UNIT_VALUE_CLD_HA,UNIT_VALUE_CLD_HA_2015_USD,15375.0,32060.506222664928,88917569.77312559
NO2_CLD,NO2,p95,Hospital Admissions,Chronic Lung Disease,473,80.44881284138935,13.098730047895016,67.35008279349434,9380,0.0020967572,0.00185,,1.1326926260829298,0.11714795614217643,19.667582536,2.304017096349963,UNIT_VALUE_CLD_HA,UNIT_VALUE_CLD_HA_2015_USD,15375.0,35424.26285638068,98246713.33377185
NO2_CLD,NO2,p95,Hospital Admissions,Chronic Lung Disease,474,81.28149316795148,12.57443722373055,68.70705594422093,9379,0.0020967572,0.00185,,1.1355397101891462,0.11936148861458096,19.6654857788,2.34730165688644,UNIT_VALUE_CLD_HA,UNIT_VALUE_CLD_HA_2015_USD,15375.0,36089.76297462902,100092431.32672535
NO2_CLD,NO2,p95,Hospital Admissions,Chronic Lung Disease,475,75.76241279054292,12.661365370606516,63.10104741993641,9380,0.0020967572,0.00185,,1.1238237551702175,0.11018075975041375,19.667582536,2.1669891862704493,UNIT_VALUE_CLD_HA,UNIT_VALUE_CLD_HA_2015_USD,15375.0,33317.45873890816,92403639.59025005
NO2_CLD,NO2,p95,Hospital Admissions,Chronic Lung Disease,476,78.49347721075291,13.149186032331723,65.34429117842119,9380,0.0020967572,0.00185,,1.1284973157583127,0.11386585857491982,19.667582536,2.239466171554739,UNIT_VALUE_CLD_HA,UNIT_VALUE_CLD_HA_2015_USD,15375.0,34431.79238765411,95494165.96169153
NO2_CLD,NO2,p95,Hospital Admissions,Chronic Lung Disease,477,82.33661594822904,13.594924500433514,68.74169144779552,9380,0.0020967572,0.00185,,1.1356124730012138,0.11941791431967552,19.667582536,2.3486616861591947,UNIT_VALUE_CLD_HA,UNIT_VALUE_CLD_HA_2015_USD,15375.0,36110.67342469762,100150424.99625911
NO2_CLD,NO2,p95,Hospital Admissions,Chronic Lung Disease,478,85.99261084741633,12.937659342458987,73.05495150495734,9379,0.0020967572,0.00185,,1.1447103782885937,0.12641658626782415,19.6654857788,2.486043579454339,UNIT_VALUE_CLD_HA,UNIT_VALUE_CLD_HA_2015_USD,15375.0,38222.920034110466,106008593.11020298
NO2_CLD,NO2,p95,Hospital Admissions,Chronic Lung Disease,479,78.53929336147095,13.225557631347966,65.31373573012299,9380,0.0020967572,0.00185,,1.1284335263396956,0.11381576614113553,19.667582536,2.2384809744788576,UNIT_VALUE_CLD_HA,UNIT_VALUE_CLD_HA_2015_USD,15375.0,34416.64498261244,95452155.6941268
NO2_CLD,NO2,p95,Hospital Admissions,Chronic Lung Disease,480,79.63863039846547,13.070410005795347,66.56822039267011,9380,0.0020967572,0.00185,,1.131055432338443,0.11587003482887426,19.667582536,2.278883473446079,UNIT_VALUE_CLD_HA,UNIT_VALUE_CLD_HA_2015_USD,15375.0,35037.83340423347,97174978.29830322
NO2_CLD,NO2,p95,Hospital Admissions,Chronic Lung Disease,481,71.79619492522079,12.025168506628589,59.7710264185922,9380,0.0020967572,0.00185,,1.1169216773515214,0.10468207370526605,19.667582536,2.0588433246379556,UNIT_VALUE_CLD_HA,UNIT_VALUE_CLD_HA_2015_USD,15375.0,31654.716116308566,87792139.31845365
NO2_CLD,NO2,p95,Hospital Admissions,Chronic Lung Disease,482,12.228088162593217,9.946404454824236,2.281683707768982,9380,0.0020967572,0.00185,,1.0042300363131107,0.004212218475998508,19.667582536,0.0828441545363648,UNIT_VALUE_CLD_HA,UNIT_VALUE_CLD_HA_2015_USD,15375.0,1273.7288759966088,3532597.8765552747
NO2_CLD,NO2,p95,Hospital Admissions,Chronic Lung Disease,483,84.44580275711336,13.740008792367536,70.70579396474582,9380,0.0020967572,0.00185,,1.1397463285558698,0.1226117821611562,19.667582536,2.4114773455405922,UNIT_VALUE_CLD_HA,UNIT_VALUE_CLD_HA_2015_USD,15375.0,37076.46418768661,102828978.07205567
NO2_CLD,NO2,p95,Hospital Admissions,Chronic Lung Disease,484,80.41038392457882,13.571396202681196,66.83898772189762,9380,0.0020967572,0.00185,,1.1316221420530348,0.11631280191658377,19.667582536,2.2875916316878304,UNIT_VALUE_CLD_HA,UNIT_VALUE_CLD_HA_2015_USD,15375.0,35171.72133720039,97546307.10823168
NO2_CLD,NO2,p95,Hospital Admissions,Chronic Lung Disease,485,21.54767665096748,17.619880042944832,3.9277966080226463,9380,0.0020967572,0.00185,,1.007292888243685,0.007240087097607373,19.667582536,0.1423950105600217,UNIT_VALUE_CLD_HA,UNIT_VALUE_CLD_HA_2015_USD,15375.0,2189.323287360334,6071934.884863771
NO2_CLD,NO2,p95,Hospital Admissions,Chronic Lung Disease,486,81.93792639426529,13.614176173664578,68.32375022060072,9380,0.0020967572,0.00185,,1.1347347667117804,0.11873679265350523,19.667582536,2.3352656695727325,UNIT_VALUE_CLD_HA,UNIT_VALUE_CLD_HA_2015_USD,15375.0,35904.709669680764,99579198.93918271
NO2_CLD,NO2,p95,Hospital Admissions,Chronic Lung Disease,487,75.281180813928,13.022949206675328,62.25823160725268,7095,0.0020967572,0.00185,,1.1220728441449537,0.10879226316004109,14.876492334,1.6184472688988618,UNIT_VALUE_CLD_HA,UNIT_VALUE_CLD_HA_2015_USD,15375.0,24883.62675932,69012996.96310087
NO2_CLD,NO2,p95,Hospital Admissions,Chronic Lung Disease,488,20.667690425236675,16.640436337862983,4.027254087373692,654,0.0020967572,0.00185,,1.0074782434970266,0.007422734481162707,1.3712792087999999,0.010178641466461275,UNIT_VALUE_CLD_HA,UNIT_VALUE_CLD_HA_2015_USD,15375.0,156.4966125468421,434032.40013578825
NO2_CLD,NO2,p95,Hospital Admissions,Chronic Lung Disease,503,76.7835007449744,12.74911275223668,64.03438799273772,12,0.0020967572,0.00185,,1.1257659155010917,0.11171586718817283,0.025161086399999998,0.0028108925865725416,UNIT_VALUE_CLD_HA,UNIT_VALUE_CLD_HA_2015_USD,15375.0,43.21747351855283,119860.63758055997
NO2_CLD,NO2,p95,Hospital Admissions,Chronic Lung Disease,504,78.23656967641587,12.897927835867522,65.33864184054835,62,0.0020967572,0.00185,,1.128485521584088,0.11385659729486752,0.1299989464,0.01480123768902187,UNIT_VALUE_CLD_HA,UNIT_VALUE_CLD_HA_2015_USD,15375.0,227.56902946871125,631146.7733994079
NO2_CLD,NO2,p95,Hospital Admissions,Chronic Lung Disease,505,81.69604497950978,13.054159597473731,68.64188538203605,3191,0.0020967572,0.00185,,1.1354028114835473,0.11925530755611424,6.6907522252,0.7979077143979817,UNIT_VALUE_CLD_HA,UNIT_VALUE_CLD_HA_2015_USD,15375.0,12267.831108868968,34023970.83227046
NO2_CLD,NO2,p95,Hospital Admissions,Chronic Lung Disease,506,77.39467014307063,12.848362255713951,64.54630788735668,7589,0.0020967572,0.00185,,1.1268325791565705,0.11255672005108719,15.912290390799999,1.7910352148888802,UNIT_VALUE_CLD_HA,UNIT_VALUE_CLD_HA_2015_USD,15375.0,27537.16642891653,76372403.48894997
NO2_CLD,NO2,p95,Hospital Admissions,Chronic Lung Disease,507,79.81658432134948,13.112543467344862,66.70404085400462,3876,0.0020967572,0.00185,,1.1313396659169659,0.11609216035973902,8.1270309072,0.9434845753272176,UNIT_VALUE_CLD_HA,UNIT_VALUE_CLD_HA_2015_USD,15375.0,14506.07534565597,40231584.54590264
NO2_CLD,NO2,p95,Hospital Admissions,Chronic Lung Disease,508,82.62955156223474,12.85026373094326,69.77928783129147,3406,0.0020967572,0.00185,,1.137794435208437,0.12110661728029448,7.1415550232,0.864889570980847,UNIT_VALUE_CLD_HA,UNIT_VALUE_CLD_HA_2015_USD,15375.0,13297.677153830522,36880176.74874818
NO2_CLD,NO2,p95,Hospital Admissions,Chronic Lung Disease,509,79.38793018705627,13.05452061527232,66.33340957178395,45,0.0020967572,0.00185,,1.1305642085390912,0.11548588532428916,0.094354074,0.010896563769843493,UNIT_VALUE_CLD_HA,UNIT_VALUE_CLD_HA_2015_USD,15375.0,167.5346679613437,464645.6741640294
NO2_CLD,NO2,p95,Hospital Admissions,Chronic Lung Disease,513,76.86284813688214,12.851743325823316,64.01110481105881,3157,0.0020967572,0.00185,,1.1257174254326008,0.11167760451455122,6.6194624804,0.7392457129850215,UNIT_VALUE_CLD_HA,UNIT_VALUE_CLD_HA_2015_USD,15375.0,11365.902837144706,31522535.90562224
NO2_CLD,NO2,p95,Hospital Admissions,Chronic Lung Disease,514,77.2367653433531,13.047329306139234,64.18943603721387,8374,0.0020967572,0.00185,,1.126088875254497,0.11197062507699573,17.5582447928,1.9660076447047214,UNIT_VALUE_CLD_HA,UNIT_VALUE_CLD_HA_2015_USD,15375.0,30227.367537335092,83833487.94907126
NO2_CLD,NO2,p95,Hospital Admissions,Chronic Lung Disease,515,76.6696767452082,12.801216734593174,63.86846001061503,8986,0.0020967572,0.00185,,1.125420395811938,0.11144315162464513,18.8414601992,2.099751705809162,UNIT_VALUE_CLD_HA,UNIT_VALUE_CLD_HA_2015_USD,15375.0,32283.68247681587,89536533.49167544
NO2_CLD,NO2,p95,Hospital Admissions,Chronic Lung Disease,516,76.6475395995936,13.123241367169356,63.52429823242424,4255,0.0020967572,0.00185,,1.1247040695117858,0.11087722796799127,8.921701886,0.9892135738764796,UNIT_VALUE_CLD_HA,UNIT_VALUE_CLD_HA_2015_USD,15375.0,15209.158698350873,42181537.00876726
NO2_CLD,NO2,p95,Hospital Admissions,Chronic Lung Disease,517,76.79827390471543,13.366991782297108,63.43128212241832,4378,0.0020967572,0.00185,,1.1245105473076051,0.11072421473121663,9.1796030216,1.0164043361109634,UNIT_VALUE_CLD_HA,UNIT_VALUE_CLD_HA_2015_USD,15375.0,15627.216667706061,43340991.522716016
NO2_CLD,NO2,p95,Hospital Admissions,Chronic Lung Disease,518,82.38520315044248,12.777307558320947,69.60789559212154,7540,0.0020967572,0.00185,,1.137433725496055,0.1208278974110053,15.809549288,1.9102345994846959,UNIT_VALUE_CLD_HA,UNIT_VALUE_CLD_HA_2015_USD,15375.0,29369.856967077198,81455242.4082009
NO2_CLD,NO2,p95,Hospital Admissions,Chronic Lung Disease,519,76.92381128848132,12.832735610282574,64.09107567819875,9380,0.0020967572,0.00185,,1.1258839832606207,0.11180901863090187,19.667582536,2.199013102192424,UNIT_VALUE_CLD_HA,UNIT_VALUE_CLD_HA_2015_USD,15375.0,33809.82644620852,93769186.9607081
NO2_CLD,NO2,p95,Hospital Admissions,Chronic Lung Disease,520,82.33396529986891,12.904898484216472,69.42906681565243,9380,0.0020967572,0.00185,,1.1370574868549366,0.1205369899406169,19.667582536,2.370671198298085,UNIT_VALUE_CLD_HA,UNIT_VALUE_CLD_HA_2015_USD,15375.0,36449.06967383305,101088943.3054988
NO2_CLD,NO2,p95,Hospital Admissions,Chronic Lung Disease,521,80.36872171163637,13.41237490206555,66.95634680957082,9380,0.0020967572,0.00185,,1.1318678600895578,0.11650464222839929,19.667582536,2.2913646668541943,UNIT_VALUE_CLD_HA,UNIT_VALUE_CLD_HA_2015_USD,15375.0,35229.731752883235,97707194.93539895
NO2_CLD,NO2,p95,Hospital Admissions,Chronic Lung Disease,522,77.24111089415233,12.796552711345443,64.44455818280689,9380,0.0020967572,0.00185,,1.1266204875872208,0.11238965470829687,19.667582536,2.21043281016797,UNIT_VALUE_CLD_HA,UNIT_VALUE_CLD_HA_2015_USD,15375.0,33985.40445633254,94256140.28132634
NO2_CLD,NO2,p95,Hospital Admissions,Chronic Lung Disease,523,84.19629690047189,13.573094382607076,70.62320251786481,9380,0.0020967572,0.00185,,1.139572195257533,0.12247771210843816,19.667582536,2.408840511713154,UNIT_VALUE_CLD_HA,UNIT_VALUE_CLD_HA_2015_USD,15375.0,37035.92286758975,102716539.55865942
NO2_CLD,NO2,p95,Hospital Admissions,Chronic Lung Disease,524,81.0216926626113,14.208662395184238,66.81303026742707,9380,0.0020967572,0.00185,,1.1315678014018735,0.11627036509776711,19.667582536,2.2867570020511887,UNIT_VALUE_CLD_HA,UNIT_VALUE_CLD_HA_2015_USD,15375.0,35158.888906537024,97510717.26005697
NO2_CLD,NO2,p95,Hospital Admissions,Chronic Lung Disease,525,21.55666817611721,17.551209430055852,4.0054587460613575,9380,0.0020967572,0.00185,,1.0074376214014653,0.007382711587759383,19.667582536,0.1452000894917413,UNIT_VALUE_CLD_HA,UNIT_VALUE_CLD_HA_2015_USD,15375.0,2232.4513759355223,6191547.619560855
NO2_CLD,NO2,p95,Hospital Admissions,Chronic Lung Disease,526,76.7121458264416,12.12927287504141,64.58287295140019,9380,0.0020967572,0.00185,,1.1269088067397959,0.11261674944838662,19.667582536,2.2148992147121764,UNIT_VALUE_CLD_HA,UNIT_VALUE_CLD_HA_2015_USD,15375.0,34054.07542619971,94446594.40928507
NO2_CLD,NO2,p95,Hospital Admissions,Chronic Lung Disease,527,74.10038570564595,12.702306852249732,61.39807885339621,9380,0.0020967572,0.00185,,1.1202887290502774,0.10737297085212294,19.667582536,2.11176676636965,UNIT_VALUE_CLD_HA,UNIT_VALUE_CLD_HA_2015_USD,15375.0,32468.41403293337,90048873.53135839
NO2_CLD,NO2,p95,Hospital Admissions,Chronic Lung Disease,528,76.1666821176951,12.696644582544408,63.470037535150695,9380,0.0020967572,0.00185,,1.1245911748081745,0.11078797130826368,19.667582536,2.178931569701276,UNIT_VALUE_CLD_HA,UNIT_VALUE_CLD_HA_2015_USD,15375.0,33501.07288415712,92912880.56910788
NO2_CLD,NO2,p95,Hospital Admissions,Chronic Lung Disease,529,83.34351774806605,12.9882779583601,70.35523978970595,8735,0.0020967572,0.00185,,1.1390074139413218,0.12204258922276245,18.315174142,2.235231274355467,UNIT_VALUE_CLD_HA,UNIT_VALUE_CLD_HA_2015_USD,15375.0,34366.680843215305,95313583.65099862
NO2_CLD,NO2,p95,Hospital Admissions,Chronic Lung Disease,530,80.85364622258253,12.966165307353425,67.8874809152291,5649,0.0020967572,0.00185,,1.1338192937951137,0.1180252395839857,11.8445814228,1.3979595601979962,UNIT_VALUE_CLD_HA,UNIT_VALUE_CLD_HA_2015_USD,15375.0,21493.62823804419,59611073.364238895
NO2_CLD,NO2,p95,Hospital Admissions,Chronic Lung Disease,531,85.30892496582125,13.136260504039374,72.17266446178188,927,0.0020967572,0.00185,,1.142843470515811,0.12498953198843588,1.9436939244,0.24294139393952227,UNIT_VALUE_CLD_HA,UNIT_VALUE_CLD_HA_2015_USD,15375.0,3735.223931820155,10359382.109227972
NO2_CLD,NO2,p95,Hospital Admissions,Chronic Lung Disease,546,79.14745888840424,12.761400196411527,66.38605869199272,3,0.0020967572,0.00185,,1.1306743318422574,0.1155720335751711,0.006290271599999999,0.0007269794805521452,UNIT_VALUE_CLD_HA,UNIT_VALUE_CLD_HA_2015_USD,15375.0,11.177309513489233,30999.48552399644
NO2_CLD,NO2,p95,Hospital Admissions,Chronic Lung Disease,547,73.69305965985411,12.723436626178474,60.96962303367564,544,0.0020967572,0.00185,,1.119401091569089,0.10666515556253553,1.1406359168,0.12166610750568733,UNIT_VALUE_CLD_HA,UNIT_VALUE_CLD_HA_2015_USD,15375.0,1870.6164028999428,5188023.650294788
NO2_CLD,NO2,p95,Hospital Admissions,Chronic Lung Disease,555,76.47915663230965,12.587315582201306,63.89184105010835,86,0.0020967572,0.00185,,1.1254690768374114,0.11148158525153062,0.1803211192,0.020102484222746214,UNIT_VALUE_CLD_HA,UNIT_VALUE_CLD_HA_2015_USD,15375.0,309.07569492472305,857199.8045750746
NO2_CLD,NO2,p95,Hospital Admissions,Chronic Lung Disease,556,77.69499066889543,12.884883977363492,64.81010669153194,695,0.0020967572,0.00185,,1.1273826389786337,0.11298971136724045,1.457246254,0.16465383363045236,UNIT_VALUE_CLD_HA,UNIT_VALUE_CLD_HA_2015_USD,15375.0,2531.552692068205,7021084.182762722
NO2_CLD,NO2,p95,Hospital Admissions,Chronic Lung Disease,559,79.2585577944417,13.211966548718491,66.0465912457232,1595,0.0020967572,0.00185,,1.129964474579226,0.11501642529746081,3.3443277339999997,0.38465262098783737,UNIT_VALUE_CLD_HA,UNIT_VALUE_CLD_HA_2015_USD,15375.0,5914.034047687999,16402159.448879326
NO2_CLD,NO2,p95,Hospital Admissions,Chronic Lung Disease,560,79.02010214594947,12.99684897680382,66.02325316914565,8277,0.0020967572,0.00185,,1.1299156889171453,0.11497821491588456,17.3548593444,1.9954307475353708,UNIT_VALUE_CLD_HA,UNIT_VALUE_CLD_HA_2015_USD,15375.0,30679.747743356325,85088132.78385673
NO2_CLD,NO2,p95,Hospital Admissions,Chronic Lung Disease,561,77.00049227749292,12.726692247133052,64.27380003035987,9379,0.0020967572,0.00185,,1.1262646414755395,0.11210921201443191,19.6654857788,2.204682114542285,UNIT_VALUE_CLD_HA,UNIT_VALUE_CLD_HA_2015_USD,15375.0,33896.98751108763,94010922.07287577
NO2_CLD,NO2,p95,Hospital Admissions,Chronic Lung Disease,562,78.00280884231651,12.723023880799705,65.27978496151681,9379,0.0020967572,0.00185,,1.1283626528722126,0.11376010411676551,19.6654857788,2.2371477097030597,UNIT_VALUE_CLD_HA,UNIT_VALUE_CLD_HA_2015_USD,15375.0,34396.14603668454,95395303.302522
NO2_CLD,NO2,p95,Hospital Admissions,Chronic Lung Disease,563,72.81527390389856,12.023226899023747,60.79204700487481,9379,0.0020967572,0.00185,,1.1190334111858955,0.10637163287175666,19.6654857788,2.0918498335072653,UNIT_VALUE_CLD_HA,UNIT_VALUE_CLD_HA_2015_USD,15375.0,32162.191190174202,89199585.91256483
NO2_CLD,NO2,p95,Hospital Admissions,Chronic Lung Disease,564,13.264666863903733,10.78007396527531,2.4845928986284225,9379,0.0020967572,0.00185,,1.004607076958414,0.0045859491378087425,19.6654857788,0.09018491755187795,UNIT_VALUE_CLD_HA,UNIT_VALUE_CLD_HA_2015_USD,15375.0,1386.5931073601234,3845618.921745787
NO2_CLD,NO2,p95,Hospital Admissions,Chronic Lung Disease,565,85.680843506191,13.560955233446904,72.11988827274409,9379,0.0020967572,0.00185,,1.1427318933552457,0.12490409533960045,19.6654857788,2.4562997106147924,UNIT_VALUE_CLD_HA,UNIT_VALUE_CLD_HA_2015_USD,15375.0,37765.60805070243,104740270.33605963
NO2_CLD,NO2,p95,Hospital Admissions,Chronic Lung Disease,566,71.0366708889482,11.938298106172663,59.09837278277553,9379,0.0020967572,0.00185,,1.115532634159547,0.10356723830548487,19.6654857788,2.036700052046103,UNIT_VALUE_CLD_HA,UNIT_VALUE_CLD_HA_2015_USD,15375.0,31314.263300208837,86847917.26469819
NO2_CLD,NO2,p95,Hospital Admissions,Chronic Lung Disease,567,14.26693196565964,11.614827775088912,2.6521041905707285,9379,0.0020967572,0.00185,,1.0049184488066583,0.0048943760685246085,19.6654857788,0.09625028297166975,UNIT_VALUE_CLD_HA,UNIT_VALUE_CLD_HA_2015_USD,15375.0,1479.8481006894224,4104255.1178950644
NO2_CLD,NO2,p95,Hospital Admissions,Chronic Lung Disease,568,17.305725084330934,14.07395008528269,3.2317749990482447,9379,0.0020967572,0.00185,,1.0059966923485537,0.0059609463869647605,19.6654857788,0.11722490640104474,UNIT_VALUE_CLD_HA,UNIT_VALUE_CLD_HA_2015_USD,15375.0,1802.332935916063,4998644.234457687
NO2_CLD,NO2,p95,Hospital Admissions,Chronic Lung Disease,569,83.74013718146048,13.770642510538098,69.96949467092239,9380,0.0020967572,0.00185,,1.1381948757831417,0.12141583020926527,19.667582536,2.3879558618176873,UNIT_VALUE_CLD_HA,UNIT_VALUE_CLD_HA_2015_USD,15375.0,36714.82137544694,101825987.04730581
NO2_CLD,NO2,p95,Hospital Admissions,Chronic Lung Disease,570,12.527683286659189,10.188725159768584,2.338958126890603,9380,0.0020967572,0.00185,,1.0043364478307593,0.004317724244823906,19.667582536,0.08491919795276245,UNIT_VALUE_CLD_HA,UNIT_VALUE_CLD_HA_2015_USD,15375.0,1305.6326685237227,3621080.811863748
NO2_CLD,NO2,p95,Hospital Admissions,Chronic Lung Disease,571,78.18368333245904,13.312756432978343,64.8709268994807,9380,0.0020967572,0.00185,,1.1275094962614245,0.11308950983048771,19.667582536,2.2241972685469005,UNIT_VALUE_CLD_HA,UNIT_VALUE_CLD_HA_2015_USD,15375.0,34197.0330039086,94843077.2440302
NO2_CLD,NO2,p95,Hospital Admissions,Chronic Lung Disease,572,72.27211406023885,13.06768453158599,59.20442952865286,5729,0.0020967572,0.00185,,1.1157515286909765,0.10374310562386468,12.0123219988,1.2461955899093817,UNIT_VALUE_CLD_HA,UNIT_VALUE_CLD_HA_2015_USD,15375.0,19160.257194856746,53139632.11193154
NO2_CLD,NO2,p95,Hospital Admissions,Chronic Lung Disease,573,82.62712909545554,13.493334516385517,69.13379457907003,2857,0.0020967572,0.00185,,1.1364365346806264,0.12005644883545497,5.9904353204,0.7191903915457049,UNIT_VALUE_CLD_HA,UNIT_VALUE_CLD_HA_2015_USD,15375.0,11057.552270015212,30667347.192228287
NO2_CLD,NO2,p95,Hospital Admissions,Chronic Lung Disease,601,74.62722725928934,12.814577596834456,61.81264966245489,418,0.0020967572,0.00185,,1.121148270782333,0.10805731404089503,0.8764445096,0.09470623961326544,UNIT_VALUE_CLD_HA,UNIT_VALUE_CLD_HA_2015_USD,15375.0,1456.108434053956,4038414.814258263
NO2_CLD,NO2,p95,Hospital Admissions,Chronic Lung Disease,602,79.56105749577101,12.681687591007677,66.87936990476334,5837,0.0020967572,0.00185,,1.1317066853496944,0.11637881710400733,12.2387717764,1.4243337821433424,UNIT_VALUE_CLD_HA,UNIT_VALUE_CLD_HA_2015_USD,15375.0,21899.13190045389,60735709.38667583
NO2_CLD,NO2,p95,Hospital Admissions,Chronic Lung Disease,603,79.01501297233737,13.444801467236566,65.57021150510081,9379,0.0020967572,0.00185,,1.128969072729604,0.1142361432610236,19.6654857788,2.2465092507246194,UNIT_VALUE_CLD_HA,UNIT_VALUE_CLD_HA_2015_USD,15375.0,34540.079729891026,95794493.32527167
NO2_CLD,NO2,p95,Hospital Admissions,Chronic Lung Disease,604,73.54062777338306,12.597052153661023,60.94357561972204,9379,0.0020967572,0.00185,,1.1193471514870414,0.1066221067597215,19.6654857788,2.0967755241889985,UNIT_VALUE_CLD_HA,UNIT_VALUE_CLD_HA_2015_USD,15375.0,32237.92368440585,89409624.68404171
NO2_CLD,NO2,p95,Hospital Admissions,Chronic Lung Disease,605,77.66978260263049,12.384050391915853,65.28573221071464,9380,0.0020967572,0.00185,,1.1283750676501907,0.11376985483871793,19.667582536,2.237578010149224,UNIT_VALUE_CLD_HA,UNIT_VALUE_CLD_HA_2015_USD,15375.0,34402.761906044325,95413651.9530805
NO2_CLD,NO2,p95,Hospital Admissions,Chronic Lung Disease,606,15.602300128391166,12.663021973999324,2.9392781543918414,9380,0.0020967572,0.00185,,1.0054524755171546,0.005422907248152198,19.667582536,0.10665547588810599,UNIT_VALUE_CLD_HA,UNIT_VALUE_CLD_HA_2015_USD,15375.0,1639.8279417796296,4547948.008569878
NO2_CLD,NO2,p95,Hospital Admissions,Chronic Lung Disease,607,79.52408273306096,12.938359910453071,66.58572282260789,9379,0.0020967572,0.00185,,1.131092055935518,0.1158986620475313,19.6654857788,2.2792034902776743,UNIT_VALUE_CLD_HA,UNIT_VALUE_CLD_HA_2015_USD,15375.0,35042.75366301924,97188624.29162745
NO2_CLD,NO2,p95,Hospital Admissions,Chronic Lung Disease,608,78.32322976936138,12.525248465749057,65.79798130361232,9380,0.0020967572,0.00185,,1.1294448913290966,0.11460930260773494,19.667582536,2.254087918431027,UNIT_VALUE_CLD_HA,UNIT_VALUE_CLD_HA_2015_USD,15375.0,34656.60174587704,96117658.98006774
NO2_CLD,NO2,p95,Hospital Admissions,Chronic Lung Disease,609,77.33591073302397,13.069712832798771,64.2661979002252,9380,0.0020967572,0.00185,,1.126248801867738,0.11209672468318765,19.667582536,2.204671584721862,UNIT_VALUE_CLD_HA,UNIT_VALUE_CLD_HA_2015_USD,15375.0,33896.82561509863,94010473.06568298
NO2_CLD,NO2,p95,Hospital Admissions,Chronic Lung Disease,610,85.94958195711878,13.919798403432624,72.02978355368616,9379,0.0020967572,0.00185,,1.1425414229888076,0.12475821018018685,19.6654857788,2.4534308080870058,UNIT_VALUE_CLD_HA,UNIT_VALUE_CLD_HA_2015_USD,15375.0,37721.498674337716,104617936.06836845
NO2_CLD,NO2,p95,Hospital Admissions,Chronic Lung Disease,611,20.620394409418,16.70533323772496,3.91506117169304,9380,0.0020967572,0.00185,,1.0072691561415361,0.007216696845341319,19.667582536,0.14193498084304124,UNIT_VALUE_CLD_HA,UNIT_VALUE_CLD_HA_2015_USD,15375.0,2182.250330461759,6052318.534012556
NO2_CLD,NO2,p95,Hospital Admissions,Chronic Lung Disease,612,74.68795211980515,12.170666011394372,62.51728610841077,9380,0.0020967572,0.00185,,1.1226107273638177,0.10921927287452504,19.667582536,2.148079063781627,UNIT_VALUE_CLD_HA,UNIT_VALUE_CLD_HA_2015_USD,15375.0,33026.715605642516,91597283.86215712
NO2_CLD,NO2,p95,Hospital Admissions,Chronic Lung Disease,613,77.82375759746037,12.358325884076118,65.46543171338425,9380,0.0020967572,0.00185,,1.1287502516217713,0.11406442783670245,19.667582536,2.2433715488999617,UNIT_VALUE_CLD_HA,UNIT_VALUE_CLD_HA_2015_USD,15375.0,34491.837564336915,95660697.05605893
NO2_CLD,NO2,p95,Hospital Admissions,Chronic Lung Disease,614,81.12710262147877,13.41752213379477,67.709580487684,5064,0.0020967572,0.00185,,1.1334461973607641,0.11773491999134533,10.6179784608,1.250106844552116,UNIT_VALUE_CLD_HA,UNIT_VALUE_CLD_HA_2015_USD,15375.0,19220.39273498878,53306413.82299993
NO2_CLD,NO2,p95,Hospital Admissions,Chronic Lung Disease,643,77.56794825069464,12.776591756029662,64.79135649466498,249,0.0020967572,0.00185,,1.1273435331609996,0.11295894234114812,0.5220925428,0.0589750214388886,UNIT_VALUE_CLD_HA,UNIT_VALUE_CLD_HA_2015_USD,15375.0,906.7409546229122,2514782.5657798233
NO2_CLD,NO2,p95,Hospital Admissions,Chronic Lung Disease,644,78.88889537368003,12.804183095924545,66.08471227775549,2838,0.0020967572,0.00185,,1.130044166901372,0.11507883559804444,5.9505969336,0.6847877662319818,UNIT_VALUE_CLD_HA,UNIT_VALUE_CLD_HA_2015_USD,15375.0,10528.61190581672,29200368.117949266
NO2_CLD,NO2,p95,Hospital Admissions,Chronic Lung Disease,645,72.02149033120135,12.656589852379197,59.36490047882215,7418,0.0020967572,0.00185,,1.116082812422582,0.10400913904462983,15.553744909599999,1.6177316169672897,UNIT_VALUE_CLD_HA,UNIT_VALUE_CLD_HA_2015_USD,15375.0,24872.62361087208,68982480.50110096
NO2_CLD,NO2,p95,Hospital Admissions,Chronic Lung Disease,646,75.29225618837155,13.071455788420971,62.22080039995058,9380,0.0020967572,0.00185,,1.1219951458339117,0.10873054690734874,19.667582536,2.138467005484701,UNIT_VALUE_CLD_HA,UNIT_VALUE_CLD_HA_2015_USD,15375.0,32878.93020932728,91187411.41045454
NO2_CLD,NO2,p95,Hospital Admissions,Chronic Lung Disease,647,84.02579549703609,13.294592800699338,70.73120269633675,9380,0.0020967572,0.00185,,1.1397999049058756,0.12265302383703924,19.667582536,2.412288469604945,UNIT_VALUE_CLD_HA,UNIT_VALUE_CLD_HA_2015_USD,15375.0,37088.93522017603,102863565.6076928
NO2_CLD,NO2,p95,Hospital Admissions,Chronic Lung Disease,648,79.25763492127105,12.577138542978156,66.6804963782929,7672,0.0020967572,0.00185,,1.131290388911481,0.11605365889991126,16.0863212384,1.8668764379556717,UNIT_VALUE_CLD_HA,UNIT_VALUE_CLD_HA_2015_USD,15375.0,28703.225233568453,79606385.95953575
NO2_CLD,NO2,p95,Hospital Admissions,Chronic Lung Disease,649,76.32357783470196,12.5460526772763,63.777525157425664,8354,0.0020967572,0.00185,,1.1252310828502263,0.11129365759521515,17.5163096488,1.9494541683853104,UNIT_VALUE_CLD_HA,UNIT_VALUE_CLD_HA_2015_USD,15375.0,29972.85783892415,83127623.11620739
NO2_CLD,NO2,p95,Hospital Admissions,Chronic Lung Disease,650,81.34127839043067,13.002309632380715,68.33896875804996,9380,0.0020967572,0.00185,,1.1347667148180693,0.11876160364791433,19.667582536,2.3357536418530738,UNIT_VALUE_CLD_HA,UNIT_VALUE_CLD_HA_2015_USD,15375.0,35912.21224349101,99600006.80246527
NO2_CLD,NO2,p95,Hospital Admissions,Chronic Lung Disease,651,10.546411931880057,8.573727629601802,1.9726843022782528,9380,0.0020967572,0.00185,,1.0036561333684688,0.003642814751899315,19.667582536,0.07164535979633814,UNIT_VALUE_CLD_HA,UNIT_VALUE_CLD_HA_2015_USD,15375.0,1101.547406868699,3055064.6246318556
NO2_CLD,NO2,p95,Hospital Admissions,Chronic Lung Disease,652,80.34954641853271,13.301773914341236,67.04777250419147,9380,0.0020967572,0.00185,,1.1320593176202847,0.1166540618188524,19.667582536,2.294303388981926,UNIT_VALUE_CLD_HA,UNIT_VALUE_CLD_HA_2015_USD,15375.0,35274.914605597114,97832506.41460119
NO2_CLD,NO2,p95,Hospital Admissions,Chronic Lung Disease,653,11.065496280493068,9.001683871660244,2.0638124088328222,9358,0.0020967572,0.00185,,1.0038253510056865,0.0038107734596003473,19.6214538776,0.0747729156755304,UNIT_VALUE_CLD_HA,UNIT_VALUE_CLD_HA_2015_USD,15375.0,1149.63357851128,3188428.255650539
NO2_CLD,NO2,p95,Hospital Admissions,Chronic Lung Disease,654,76.91479860170526,12.491581409880448,64.4232171918248,9380,0.0020967572,0.00185,,1.1265760085495795,0.11235461042041972,19.667582536,2.2097435737437308,UNIT_VALUE_CLD_HA,UNIT_VALUE_CLD_HA_2015_USD,15375.0,33974.80744630986,94226750.21581915
NO2_CLD,NO2,p95,Hospital Admissions,Chronic Lung Disease,655,81.50935480667799,13.394203047947997,68.11515175873,2972,0.0020967572,0.00185,,1.1342969489308312,0.11839664124761795,6.2315623983999995,0.7377960576955104,UNIT_VALUE_CLD_HA,UNIT_VALUE_CLD_HA_2015_USD,15375.0,11343.614387068472,31460720.44952731
NO2_CLD,NO2,p95,Hospital Admissions,Chronic Lung Disease,686,75.20943807949274,12.936855073282729,62.27258300621001,1809,0.0020967572,0.00185,,1.12210263567327,0.10881592448983723,3.7930337748,0.4127424768260391,UNIT_VALUE_CLD_HA,UNIT_VALUE_CLD_HA_2015_USD,15375.0,6345.915581200351,17599952.65036849
NO2_CLD,NO2,p95,Hospital Admissions,Chronic Lung Disease,687,75.59845419221999,13.012931382296085,62.58552280992391,5329,0.0020967572,0.00185,,1.1227524523274297,0.10933171606347225,11.1736191188,1.2216309528980265,UNIT_VALUE_CLD_HA,UNIT_VALUE_CLD_HA_2015_USD,15375.0,18782.575900807158,52092159.48057559
NO2_CLD,NO2,p95,Hospital Admissions,Chronic Lung Disease,688,75.47746871906817,13.285671022981656,62.19179769608652,8364,0.0020967572,0.00185,,1.1219349467969555,0.10868272455998551,17.5372772208,1.9059990697203146,UNIT_VALUE_CLD_HA,UNIT_VALUE_CLD_HA_2015_USD,15375.0,29304.735696949836,81274633.12399158
NO2_CLD,NO2,p95,Hospital Admissions,Chronic Lung Disease,689,76.35079597415981,12.65512066244724,63.69567531171257,1634,0.0020967572,0.00185,,1.1250607107671435,0.1111590775237975,3.4261012647999998,0.3808422560982838,UNIT_VALUE_CLD_HA,UNIT_VALUE_CLD_HA_2015_USD,15375.0,5855.449687511114,16239679.826833947
NO2_CLD,NO2,p95,Hospital Admissions,Chronic Lung Disease,690,79.5993510300612,12.736105743364728,66.86324528669647,2836,0.0020967572,0.00185,,1.1316729264278003,0.11635245781078674,5.9464034192,0.691878652958386,UNIT_VALUE_CLD_HA,UNIT_VALUE_CLD_HA_2015_USD,15375.0,10637.634289235186,29502734.06679354
NO2_CLD,NO2,p95,Hospital Admissions,Chronic Lung Disease,691,76.65257817511427,12.858187203280218,63.794390971834055,1951,0.0020967572,0.00185,,1.1252661925843945,0.11132138636165378,4.0907732972,0.4553905547355376,UNIT_VALUE_CLD_HA,UNIT_VALUE_CLD_HA_2015_USD,15375.0,7001.629779058891,19418530.078135297
NO2_CLD,NO2,p95,Hospital Admissions,Chronic Lung Disease,692,83.16441446599603,13.159809977353197,70.00460448864284,3072,0.0020967572,0.00185,,1.1382688075412117,0.121472895176569,6.441238118399999,0.7824358427637237,UNIT_VALUE_CLD_HA,UNIT_VALUE_CLD_HA_2015_USD,15375.0,12029.95108249225,33364227.23071648
NO2_CLD,NO2,p95,Hospital Admissions,Chronic Lung Disease,693,80.46220824907273,13.649982184647625,66.8122260644251,2789,0.0020967572,0.00185,,1.1315661178842136,0.11626905030544221,5.8478558307999995,0.6799246437702587,UNIT_VALUE_CLD_HA,UNIT_VALUE_CLD_HA_2015_USD,15375.0,10453.841397967728,28992997.348365635
NO2_CLD,NO2,p95,Hospital Admissions,Chronic Lung Disease,694,80.16469678520117,12.76924822603621,67.39544855916496,366,0.0020967572,0.00185,,1.1327876931884722,0.11722204786204282,0.7674131352,0.08995773926437474,UNIT_VALUE_CLD_HA,UNIT_VALUE_CLD_HA_2015_USD,15375.0,1383.1002411897616,3835931.7019229205
NO2_CLD,NO2,p95,Hospital Admissions,Chronic Lung Disease,695,80.51401724412128,13.478275328891856,67.03574191522942,3681,0.0020967572,0.00185,,1.1320341221210564,0.11663440133206249,7.7181632532,0.9002033504201058,UNIT_VALUE_CLD_HA,UNIT_VALUE_CLD_HA_2015_USD,15375.0,13840.626512709126,38386008.78914287
NO2_CLD,NO2,p95,Hospital Admissions,Chronic Lung Disease,696,80.84967754580272,13.931937753943288,66.91773979185943,886,0.0020967572,0.00185,,1.1317870215977905,0.11644153810117153,1.8577268792,0.21631657518593728,UNIT_VALUE_CLD_HA,UNIT_VALUE_CLD_HA_2015_USD,15375.0,3325.8673434837856,9224060.266438235
NO2_CLD,NO2,p95,Hospital Admissions,Chronic Lung Disease,729,75.58223970732188,12.919906124497585,62.66233358282429,49,0.0020967572,0.00185,,1.1229120067082268,0.1094582709722185,0.1027411028,0.011245863470266956,UNIT_VALUE_CLD_HA,UNIT_VALUE_CLD_HA_2015_USD,15375.0,172.90515085535444,479540.3325367656
NO2_CLD,NO2,p95,Hospital Admissions,Chronic Lung Disease,730,77.62787682655615,12.791663979722111,64.83621284683403,173,0.0020967572,0.00185,,1.1274370888020653,0.11303254972520993,0.3627389956,0.041001313557429704,UNIT_VALUE_CLD_HA,UNIT_VALUE_CLD_HA_2015_USD,15375.0,630.3951959454816,1748356.948291077
O3_MAIN,O3,p05,Mortality,Respiratory mortality,0,2.1497861076473086,10.628289599658313,-8.478503492011003,66007,0.0001320424481591,0.000867,0.000304,0.9926760889829926,-0.007377946440223715,8.715725875637713,-0.06430415869812699,VSL,VSL_2015_USD,8705114.0,-559775.032141287,-1552496867.3916094
O3_MAIN,O3,p05,Mortality,Respiratory mortality,1,2.190242618184284,10.465149963049068,-8.274907344864783,35848,0.0001320424481591,0.000867,0.000304,0.9928513295075581,-0.0072001419346314766,4.733457681607416,-0.034081567149145044,VSL,VSL_2015_USD,8705114.0,-296683.9273319626,-822832104.5802851
O3_MAIN,O3,p05,Mortality,Respiratory mortality,2,2.306145074056002,10.877889595859063,-8.571744521803062,682,0.0001320424481591,0.000867,0.000304,0.9925958443184625,-0.0074593861377905135,0.09005294964450619,-0.0006717397242453766,VSL,VSL_2015_USD,8705114.0,-5847.570877884567,-16217828.499851394
O3_MAIN,O3,p05,Mortality,Respiratory mortality,41,2.0249391618427617,10.546509927397642,-8.52157076555488,53333,0.0001320424481591,0.000867,0.000304,0.9926390238187308,-0.007415561956199523,7.04221988766928,-0.05222201788619199,VSL,VSL_2015_USD,8705114.0,-454598.6190093403,-1260797447.9190745
O3_MAIN,O3,p05,Mortality,Respiratory mortality,42,2.178157250104709,10.804454334080193,-8.626297083975484,88375,0.0001320424481591,0.000867,0.000304,0.9925488985521463,-0.00750703714318024,11.669251356060462,-0.08760150336305227,VSL,VSL_2015_USD,8705114.0,-762581.0733467534,-2114965226.2520862
O3_MAIN,O3,p05,Mortality,Respiratory mortality,43,2.176049749997518,10.891730480309578,-8.715680730312059,64336,0.0001320424481591,0.000867,0.000304,0.9924719833388438,-0.007585117552467935,8.495082944763857,-0.06443620275399932,VSL,VSL_2015_USD,8705114.0,-560924.4907006781,-1555684810.2439816
O3_MAIN,O3,p05,Mortality,Respiratory mortality,44,2.271519031956551,10.836412741998172,-8.564893710041622,8855,0.0001320424481591,0.000867,0.000304,0.9926017400116475,-0.007453402195593428,1.1692358784488304,-0.008714785263597122,VSL,VSL_2015_USD,8705114.0,-75863.199205133,-210401272.57149202
O3_MAIN,O3,p05,Mortality,Respiratory mortality,82,2.147088953248487,10.861001685882062,-8.713912732633576,6180,0.0001320424481591,0.000867,0.000304,0.9924735046546467,-0.007583573072786898,0.816022329623238,-0.006188364965723622,VSL,VSL_2015_USD,8705114.0,-53870.42250023022,-149405845.8748135
O3_MAIN,O3,p05,Mortality,Respiratory mortality,83,2.0417627563710123,10.60746707553874,-8.565704319167729,38621,0.0001320424481591,0.000867,0.000304,0.9926010424132634,-0.0074541102321914465,5.099611390352601,-0.038013065445027375,VSL,VSL_2015_USD,8705114.0,-330908.06818842405,-917750363.5558208
O3_MAIN,O3,p05,Mortality,Respiratory mortality,84,2.214449289397429,10.705570634072195,-8.491121344674767,86400,0.0001320424481591,0.000867,0.000304,0.9926652294853631,-0.007388966891123561,11.408467520946239,-0.08429678879073024,VSL,VSL_2015_USD,8705114.0,-733813.1562572289,-2035179421.9584863
O3_MAIN,O3,p05,Mortality,Respiratory mortality,85,2.0645271701427585,10.333548994186698,-8.26902182404394,86293,0.0001320424481591,0.000867,0.000304,0.9928563957891821,-0.007195002460693045,11.394338978993217,-0.08198229699182687,VSL,VSL_2015_USD,8705114.0,-713665.24129571,-1979300590.1667607
O3_MAIN,O3,p05,Mortality,Respiratory mortality,86,2.2758474374616924,10.852941896833686,-8.577094459371994,66266,0.0001320424481591,0.000867,0.000304,0.9925912402766731,-0.00746405914408621,8.74992486971092,-0.06530995673383314,VSL,VSL_2015_USD,8705114.0,-568530.6187030851,-1576779873.8296974
O3_MAIN,O3,p05,Mortality,Respiratory mortality,87,2.0550646482273844,10.530959157449145,-8.47589450922176,22233,0.0001320424481591,0.000867,0.000304,0.992678334407011,-0.007375667765895821,2.93569974992127,-0.021652746015842734,VSL,VSL_2015_USD,8705114.0,-188489.6224809568,-522762773.67736
O3_MAIN,O3,p05,Mortality,Respiratory mortality,91,2.1371788142199053,10.709651835177088,-8.572473020957183,5057,0.0001320424481591,0.000867,0.000304,0.9925952173864235,-0.007460022458171567,0.6677386603405686,-0.004981345402330037,VSL,VSL_2015_USD,8705114.0,-43363.17960065884,-120264743.19985524
O3_MAIN,O3,p05,Mortality,Respiratory mortality,125,2.0637527941229847,10.748583371998256,-8.684830577875271,35539,0.0001320424481591,0.000867,0.000304,0.9924985294235399,-0.007558167950956207,4.692656565126255,-0.0354678864553815,VSL,VSL_2015_USD,8705114.0,-308751.9949331519,-856302045.3074514
O3_MAIN,O3,p05,Mortality,Respiratory mortality,126,2.022516894358651,11.151125906668566,-9.128609012309916,87860,0.0001320424481591,0.000867,0.000304,0.9921167332098514,-0.007945906490905985,11.601249495258525,-0.0921824436669945,VSL,VSL_2015_USD,8705114.0,-802458.6809197651,-2225562979.423304
O3_MAIN,O3,p05,Mortality,Respiratory mortality,127,2.3847115420568894,10.925635465435567,-8.540923923378678,88375,0.0001320424481591,0.000867,0.000304,0.9926223682818331,-0.007432465712954972,11.669251356060462,-0.0867313105997727,VSL,VSL_2015_USD,8705114.0,-755005.9461404297,-2093956141.2042518
O3_MAIN,O3,p05,Mortality,Respiratory mortality,128,2.1514262442634955,10.544989765596762,-8.393563521333267,88366,0.0001320424481591,0.000867,0.000304,0.9927491952749725,-0.0073037628834533574,11.66806297402703,-0.08522076527149502,VSL,VSL_2015_USD,8705114.0,-741856.4768556051,-2057487008.605641
O3_MAIN,O3,p05,Mortality,Respiratory mortality,129,2.33930003096086,10.596983622918229,-8.257683591957367,69107,0.0001320424481591,0.000867,0.000304,0.9928661558609776,-0.007185101533485394,9.125057464930924,-0.06556446438441753,VSL,VSL_2015_USD,8705114.0,-570746.1368152944,-1582924458.2276418
O3_MAIN,O3,p05,Mortality,Respiratory mortality,130,2.11093947349034,10.682118493455595,-8.571179019965255,48901,0.0001320424481591,0.000867,0.000304,0.992596330978491,-0.0074588921905549554,6.457007757428149,-0.04816212473623358,VSL,VSL_2015_USD,8705114.0,-419256.78631113324,-1162779348.8588862
O3_MAIN,O3,p05,Mortality,Respiratory mortality,131,2.1865656718222604,11.02531799574731,-8.83875232392505,49015,0.0001320424481591,0.000867,0.000304,0.9923660891793991,-0.007692635715629281,6.472060596518286,-0.04978720449849352,VSL,VSL_2015_USD,8705114.0,-433403.2909006989,-1202013689.0827253
O3_MAIN,O3,p05,Mortality,Respiratory mortality,132,2.243121830648766,10.795823540822106,-8.55270171017334,82710,0.0001320424481591,0.000867,0.000304,0.9926122323279475,-0.007442753002072422,10.92123088723916,-0.08128402397232531,VSL,VSL_2015_USD,8705114.0,-707586.6950578247,-1962442167.6742227
O3_MAIN,O3,p05,Mortality,Respiratory mortality,133,2.2844270430407225,10.510118688886724,-8.225691645846002,71305,0.0001320424481591,0.000867,0.000304,0.9928936953886284,-0.007157165610352845,9.415286765984625,-0.06738676665311541,VSL,VSL_2015_USD,8705114.0,-586609.4858067681,-1626920346.2210646
O3_MAIN,O3,p05,Mortality,Respiratory mortality,134,2.1811128561570348,10.609844900805824,-8.42873204464879,65679,0.0001320424481591,0.000867,0.000304,0.992718925711819,-0.007334477161257125,8.67241595264153,-0.06360763673757125,VSL,VSL_2015_USD,8705114.0,-553711.7290711458,-1535680720.7577877
O3_MAIN,O3,p05,Mortality,Respiratory mortality,135,2.064746944579083,10.643971249267038,-8.579224304687955,27480,0.0001320424481591,0.000867,0.000304,0.9925894073833135,-0.00746591950464448,3.628526475412068,-0.02709028658589785,VSL,VSL_2015_USD,8705114.0,-235824.03302291158,-654041447.9067336
O3_MAIN,O3,p05,Mortality,Respiratory mortality,136,2.2006278943054656,10.887383553382357,-8.68675565907689,5922,0.0001320424481591,0.000867,0.000304,0.9924968728998155,-0.007559849612686742,0.7819553779981901,-0.005911465061497933,VSL,VSL_2015_USD,8705114.0,-51459.97726735652,-142720644.75260457
O3_MAIN,O3,p05,Mortality,Respiratory mortality,166,2.192595105224205,10.722343111639765,-8.52974800641556,56,0.0001320424481591,0.000867,0.000304,0.9926319863627272,-0.007422704223214893,0.0073943770969096,-5.488627410527437e-05,VSL,VSL_2015_USD,8705114.0,-477.7912731216614,-1325120.6506138092
O3_MAIN,O3,p05,Mortality,Respiratory mortality,167,2.1549135953516227,10.432758079056972,-8.27784448370535,60657,0.0001320424481591,0.000867,0.000304,0.9928488012154875,-0.007202706772428735,8.009298777986528,-0.05768863055060876,VSL,VSL_2015_USD,8705114.0,-502186.105446932,-1392778010.4296846
O3_MAIN,O3,p05,Mortality,Respiratory mortality,168,2.164327438975915,10.655419368349188,-8.491091929373273,88376,0.0001320424481591,0.000867,0.000304,0.9926652548013707,-0.007388941199616195,11.669383398508621,-0.0862243877673576,VSL,VSL_2015_USD,8705114.0,-750593.1250950533,-2081717490.9323738
O3_MAIN,O3,p05,Mortality,Respiratory mortality,169,2.1774265226164817,10.78907790061846,-8.611651378001977,87552,0.0001320424481591,0.000867,0.000304,0.9925615018464446,-0.007494244074264023,11.560580421225522,-0.08663781131682205,VSL,VSL_2015_USD,8705114.0,-754192.024223426,-2091698785.7419763
O3_MAIN,O3,p05,Mortality,Respiratory mortality,170,2.1479785142272347,10.780836260758356,-8.632857746531121,88376,0.0001320424481591,0.000867,0.000304,0.9925432528563359,-0.007512767954650945,11.669383398508621,-0.0876693696468513,VSL,VSL_2015_USD,8705114.0,-763171.8570839803,-2116603723.5924234
O3_MAIN,O3,p05,Mortality,Respiratory mortality,171,2.123850824737531,10.668220806544166,-8.544369981806636,88376,0.0001320424481591,0.000867,0.000304,0.9926194025959977,-0.007435475656329071,11.669383398508621,-0.08676741618398146,VSL,VSL_2015_USD,8705114.0,-755320.2493670036,-2094827839.2019286
O3_MAIN,O3,p05,Mortality,Respiratory mortality,172,2.1442671239427344,10.85017150030122,-8.705904376358484,88376,0.0001320424481591,0.000867,0.000304,0.9924803956651598,-0.007576577197578427,11.669383398508621,-0.08841398416694067,VSL,VSL_2015_USD,8705114.0,-769653.8113674136,-2134580970.0607257
O3_MAIN,O3,p05,Mortality,Respiratory mortality,173,2.257304996069645,10.92124764162318,-8.663942645553536,88377,0.0001320424481591,0.000867,0.000304,0.992516503573205,-0.007539921401662708,11.669515440956781,-0.08798722922030347,VSL,VSL_2015_USD,8705114.0,-765938.8609068728,-2124277815.0049481
O3_MAIN,O3,p05,Mortality,Respiratory mortality,174,2.1019694988520783,10.592134672688296,-8.490165173836218,88377,0.0001320424481591,0.000867,0.000304,0.9926660524052956,-0.007388131765898365,11.669515440956781,-0.08621591772197426,VSL,VSL_2015_USD,8705114.0,-750519.3923844063,-2081512998.4206839
O3_MAIN,O3,p05,Mortality,Respiratory mortality,175,2.2236773298411903,10.481159420223426,-8.257482090382236,88377,0.0001320424481591,0.000867,0.000304,0.9928663293165625,-0.007184925576384504,11.669515440956781,-0.08384459995574427,VSL,VSL_2015_USD,8705114.0,-729876.8008991488,-2024262215.917726
O3_MAIN,O3,p05,Mortality,Respiratory mortality,176,2.26674877932008,10.70349487951558,-8.4367461001955,88377,0.0001320424481591,0.000867,0.000304,0.9927120281398824,-0.007341476333044605,11.669515440956781,-0.08567147142788278,VSL,VSL_2015_USD,8705114.0,-745779.9253274624,-2068368418.3009439
O3_MAIN,O3,p05,Mortality,Respiratory mortality,177,1.9704931606944047,10.416263835853709,-8.445770675159302,84182,0.0001320424481591,0.000867,0.000304,0.9927042608871011,-0.007349358112333837,11.115597370929356,-0.08169250571147633,VSL,VSL_2015_USD,8705114.0,-711142.5751640527,-1972304152.2372384
O3_MAIN,O3,p05,Mortality,Respiratory mortality,178,2.1863894357769285,10.745074347096104,-8.558684911319176,32375,0.0001320424481591,0.000867,0.000304,0.9926070832294768,-0.007447979059820975,4.274874259150862,-0.031839173965523326,VSL,VSL_2015_USD,8705114.0,-277163.63903571264,-768693951.4108164
O3_MAIN,O3,p05,Mortality,Respiratory mortality,208,2.246874823048341,10.643087857162664,-8.396213034114322,46725,0.0001320424481591,0.000867,0.000304,0.9927469148060342,-0.0073060767913673,6.169683390233947,-0.04507618062747256,VSL,VSL_2015_USD,8705114.0,-392393.2910467402,-1088275325.1877606
O3_MAIN,O3,p05,Mortality,Respiratory mortality,209,2.038325389802594,10.846479079884352,-8.808153690081758,21680,0.0001320424481591,0.000867,0.000304,0.9923924160240135,-0.007665902976633054,2.862680276089288,-0.021945029249621606,VSL,VSL_2015_USD,8705114.0,-191033.98135129054,-529819374.89910966
O3_MAIN,O3,p05,Mortality,Respiratory mortality,210,2.091184263025164,10.667895203629364,-8.576710940604201,27561,0.0001320424481591,0.000867,0.000304,0.9925915703240072,-0.007463724151490103,3.639221913712955,-0.027162148490011414,VSL,VSL_2015_USD,8705114.0,-236449.59909047722,-655776411.6055022
O3_MAIN,O3,p05,Mortality,Respiratory mortality,211,2.1183855045121534,10.722590080186697,-8.604204575674542,88377,0.0001320424481591,0.000867,0.000304,0.992567910218997,-0.007487739331974996,11.669515440956781,-0.08737828975234163,VSL,VSL_2015_USD,8705114.0,-760637.9734191657,-2109576174.6199167
O3_MAIN,O3,p05,Mortality,Respiratory mortality,212,2.23642649036235,10.719578592917523,-8.483152102555174,88377,0.0001320424481591,0.000867,0.000304,0.9926720881636039,-0.007382006529419449,11.669515440956781,-0.08614443918030404,VSL,VSL_2015_USD,8705114.0,-749897.1635306132,-2079787290.2507083
O3_MAIN,O3,p05,Mortality,Respiratory mortality,213,2.2434311639210187,10.92357639353843,-8.68014522961741,88376,0.0001320424481591,0.000867,0.000304,0.9925025611562175,-0.007554075059562848,11.669383398508621,-0.08815139809115073,VSL,VSL_2015_USD,8705114.0,-767367.9696428495,-2128241348.046568
O3_MAIN,O3,p05,Mortality,Respiratory mortality,214,2.1430707161626232,10.751869057562986,-8.608798341400362,88377,0.0001320424481591,0.000867,0.000304,0.9925639570324742,-0.007491751956979931,11.669515440956781,-0.08742511514179548,VSL,VSL_2015_USD,8705114.0,-761045.5937724558,-2110706681.136342
O3_MAIN,O3,p05,Mortality,Respiratory mortality,215,2.1602969045762803,10.902565055950712,-8.742268151374432,88376,0.0001320424481591,0.000867,0.000304,0.9924491058389875,-0.007608343961002628,11.669383398508621,-0.08878468270866739,VSL,VSL_2015_USD,8705114.0,-772880.7844327785,-2143530753.9694006
O3_MAIN,O3,p05,Mortality,Respiratory mortality,216,2.036129407386192,10.629712623213337,-8.593583215827142,88376,0.0001320424481591,0.000867,0.000304,0.9925770505400436,-0.0074784617032175316,11.669383398508621,-0.08726903684590917,VSL,VSL_2015_USD,8705114.0,-759686.9144138398,-2106938479.0427756
O3_MAIN,O3,p05,Mortality,Respiratory mortality,217,2.2412943113645056,10.81625902946566,-8.574964718101153,88377,0.0001320424481591,0.000867,0.000304,0.9925930730838782,-0.0074621988778433845,11.669515440956781,-0.08708024502848374,VSL,VSL_2015_USD,8705114.0,-758043.4601208842,-2102380473.6030638
O3_MAIN,O3,p05,Mortality,Respiratory mortality,218,2.202204574712891,10.43576228388898,-8.23355770917609,76565,0.0001320424481591,0.000867,0.000304,0.992886923998934,-0.007164034321670343,10.109830043301491,-0.07242716941646585,VSL,VSL_2015_USD,8705114.0,-630486.7664676487,-1748610912.7243707
O3_MAIN,O3,p05,Mortality,Respiratory mortality,219,2.028993493813951,10.568833362418708,-8.539839868604757,5064,0.0001320424481591,0.000867,0.000304,0.9926233012237053,-0.00743151885231863,0.6686629574776823,-0.004969181374342527,VSL,VSL_2015_USD,8705114.0,-43257.290350328374,-119971066.77631122
O3_MAIN,O3,p05,Mortality,Respiratory mortality,251,2.23808389830013,10.556600911356345,-8.318517013056212,80,0.0001320424481591,0.000867,0.000304,0.9928137909231451,-0.007238224471250332,0.010563395852727999,-7.646023036072007e-05,VSL,VSL_2015_USD,8705114.0,-665.5950217563293,-1845981.2011896563
O3_MAIN,O3,p05,Mortality,Respiratory mortality,252,2.2069685556582206,10.632326061909293,-8.425357506251071,28607,0.0001320424481591,0.000867,0.000304,0.9927218301384391,-0.007331529982115947,3.7773383144873733,-0.027693669105259496,VSL,VSL_2015_USD,8705114.0,-241076.54663956192,-668608926.7465602
O3_MAIN,O3,p05,Mortality,Respiratory mortality,253,2.1972389573511397,10.910859109898448,-8.713620152547309,77148,0.0001320424481591,0.000867,0.000304,0.9924737564123903,-0.007583317482182661,10.186810790578246,-0.07724982035587899,VSL,VSL_2015_USD,8705114.0,-672468.4926774472,-1865044291.6464121
O3_MAIN,O3,p05,Mortality,Respiratory mortality,254,2.2197202245940155,10.961214112780112,-8.741493888186097,88376,0.0001320424481591,0.000867,0.000304,0.9924497720565845,-0.007607667567669285,11.669383398508621,-0.08877678961553243,VSL,VSL_2015_USD,8705114.0,-772812.0741572259,-2143340190.829875
O3_MAIN,O3,p05,Mortality,Respiratory mortality,255,2.2230847734063977,10.855375090029836,-8.63229031662344,88376,0.0001320424481591,0.000867,0.000304,0.9925437411497517,-0.00751227229704865,11.669383398508621,-0.08766358562825574,VSL,VSL_2015_USD,8705114.0,-763121.5065427278,-2116464079.8907974
O3_MAIN,O3,p05,Mortality,Respiratory mortality,256,2.39954173624712,10.761658013856346,-8.362116277609227,88376,0.0001320424481591,0.000867,0.000304,0.9927762627128203,-0.007276299362195093,11.669383398508621,-0.0849099269797783,VSL,VSL_2015_USD,8705114.0,-739150.5940906458,-2049982432.1688197
O3_MAIN,O3,p05,Mortality,Respiratory mortality,257,2.326849904033053,11.12394995607365,-8.797100052040596,88377,0.0001320424481591,0.000867,0.000304,0.9924019266664549,-0.007656246052511806,11.669515440956781,-0.08934468152955093,VSL,VSL_2015_USD,8705114.0,-777755.6380084351,-2157050819.121734
O3_MAIN,O3,p05,Mortality,Respiratory mortality,258,2.232840548100474,11.234921368954152,-9.002080820853678,88376,0.0001320424481591,0.000867,0.000304,0.9922255743277573,-0.007835340948060043,11.669383398508621,-0.09143359758094667,VSL,VSL_2015_USD,8705114.0,-795939.890372265,-2207483570.155151
O3_MAIN,O3,p05,Mortality,Respiratory mortality,259,2.209648617715764,10.84936344755392,-8.639714829838155,45742,0.0001320424481591,0.000867,0.000304,0.992537352113691,-0.007518757727773773,6.039885663693552,-0.04541243700876591,VSL,VSL_2015_USD,8705114.0,-395320.44117912627,-1096393571.179424
O3_MAIN,O3,p05,Mortality,Respiratory mortality,294,2.167287742212012,10.664496386331129,-8.497208644119116,10391,0.0001320424481591,0.000867,0.000304,0.9926599905212046,-0.007394283590438144,1.372053078821208,-0.010145349565937791,VSL,VSL_2015_USD,8705114.0,-88316.42454133899,-244939421.31568578
O3_MAIN,O3,p05,Mortality,Respiratory mortality,295,2.1684706343691578,10.243381648520884,-8.074911014151727,58101,0.0001320424481591,0.000867,0.000304,0.9930235016961882,-0.007025511774791937,7.671798280491869,-0.05389830915342416,VSL,VSL_2015_USD,8705114.0,-469190.9255878008,-1301268188.7529743
O3_MAIN,O3,p05,Mortality,Respiratory mortality,296,2.1124709405243576,10.35315851321965,-8.240687572695293,88049,0.0001320424481591,0.000867,0.000304,0.9928807863963642,-0.007170260217719271,11.626205517960596,-0.08336291890846113,VSL,VSL_2015_USD,8705114.0,-725683.7124709097,-2012632978.678195
O3_MAIN,O3,p05,Mortality,Respiratory mortality,297,2.0333839271478515,10.225138127621667,-8.191754200473817,88376,0.0001320424481591,0.000867,0.000304,0.9929229104893352,-0.007127531690428013,11.669383398508621,-0.08317389998062474,VSL,VSL_2015_USD,8705114.0,-724038.2811559362,-2008069490.106308
O3_MAIN,O3,p05,Mortality,Respiratory mortality,298,2.0496376713889206,10.580290262109664,-8.530652590720745,88375,0.0001320424481591,0.000867,0.000304,0.9926312078669858,-0.00742349431955569,11.669251356060462,-0.08662662115518237,VSL,VSL_2015_USD,8705114.0,-754094.6125906742,-2091428621.3973534
O3_MAIN,O3,p05,Mortality,Respiratory mortality,299,2.198684374632544,10.60059617963082,-8.401911804998276,88375,0.0001320424481591,0.000867,0.000304,0.9927420098200876,-0.007311053736134054,11.669251356060462,-0.08531452372461322,VSL,VSL_2015_USD,8705114.0,-742672.6548784627,-2059750621.2195747
O3_MAIN,O3,p05,Mortality,Respiratory mortality,300,2.1866205727745145,10.26958392830425,-8.082963355529735,65052,0.0001320424481591,0.000867,0.000304,0.9930165690459989,-0.007032542227074945,8.589625337645773,-0.06040690290174678,VSL,VSL_2015_USD,8705114.0,-525848.9761466365,-1458405325.914366
O3_MAIN,O3,p05,Mortality,Respiratory mortality,301,2.1051030776629465,10.766291852111843,-8.661188774448899,35569,0.0001320424481591,0.000867,0.000304,0.9925188733146388,-0.007537515795923433,4.6966178385710275,-0.03540083114564489,VSL,VSL_2015_USD,8705114.0,-308168.2708175894,-854683127.333627
O3_MAIN,O3,p05,Mortality,Respiratory mortality,302,2.257628393222652,10.945834407130148,-8.688206013907497,32382,0.0001320424481591,0.000867,0.000304,0.9924956248778265,-0.007561116577312177,4.275798556287976,-0.03232981134519649,VSL,VSL_2015_USD,8705114.0,-281434.6933584288,-780539421.6010671
O3_MAIN,O3,p05,Mortality,Respiratory mortality,303,2.2249716060470823,10.678329189699914,-8.453357583652831,24978,0.0001320424481591,0.000867,0.000304,0.9926977310491885,-0.007355984326763654,3.2981562701179996,-0.024261185830205277,VSL,VSL_2015_USD,8705114.0,-211196.3884271216,-585738399.5554318
O3_MAIN,O3,p05,Mortality,Respiratory mortality,304,2.2244659408406178,10.65719429627202,-8.4327283554314,8201,0.0001320424481591,0.000867,0.000304,0.9927154861438059,-0.007337967381259247,1.0828801173527791,-0.007946138978948879,VSL,VSL_2015_USD,8705114.0,-69172.04567159359,-191843826.6269678
O3_MAIN,O3,p05,Mortality,Respiratory mortality,337,2.170857666670932,10.55007977130536,-8.37922210463443,12381,0.0001320424481591,0.000867,0.000304,0.9927615392034266,-0.007291238137993927,1.634817550657817,-0.011919844074018094,VSL,VSL_2015_USD,8705114.0,-103763.60152655195,-287781085.381785
O3_MAIN,O3,p05,Mortality,Respiratory mortality,338,2.219406445234644,10.833402902273887,-8.613996457039242,74381,0.0001320424481591,0.000867,0.000304,0.9925594837888029,-0.00749629249704542,9.821449336522017,-0.07362445697148172,VSL,VSL_2015_USD,8705114.0,-640909.2911248431,-1777517055.2843733
O3_MAIN,O3,p05,Mortality,Respiratory mortality,339,2.22069158518655,10.680232629727136,-8.459541044540584,88375,0.0001320424481591,0.000867,0.000304,0.9926924091507705,-0.007361384837707208,11.669251356060462,-0.08590184999989776,VSL,VSL_2015_USD,8705114.0,-747785.39706001,-2073930453.7681434
O3_MAIN,O3,p05,Mortality,Respiratory mortality,340,2.098999877606961,10.905342615353536,-8.806342737746576,88377,0.0001320424481591,0.000867,0.000304,0.9923939741762766,-0.007664320845999217,11.669515440956781,-0.0894389104568348,VSL,VSL_2015_USD,8705114.0,-778575.911562539,-2159325790.4048924
O3_MAIN,O3,p05,Mortality,Respiratory mortality,341,2.2031707614053087,10.670430337398829,-8.46725957599352,88375,0.0001320424481591,0.000867,0.000304,0.9926857661083835,-0.007368126089175586,11.669251356060462,-0.08598051535773668,VSL,VSL_2015_USD,8705114.0,-748470.1879678486,-2075829673.4156702
O3_MAIN,O3,p05,Mortality,Respiratory mortality,342,2.2000634102578744,11.009931903721183,-8.809868493463311,88375,0.0001320424481591,0.000867,0.000304,0.9923909406010363,-0.0076674011094410854,11.669251356060462,-0.08947283079380487,VSL,VSL_2015_USD,8705114.0,-778871.191962782,-2160144729.9253383
O3_MAIN,O3,p05,Mortality,Respiratory mortality,343,2.1765234274765017,10.683323491264868,-8.506800063788367,88375,0.0001320424481591,0.000867,0.000304,0.9926517358324368,-0.007402660875217126,11.669251356060462,-0.08638351045658318,VSL,VSL_2015_USD,8705114.0,-751978.3062447486,-2085559193.8883731
O3_MAIN,O3,p05,Mortality,Respiratory mortality,344,2.215619411197187,10.951122974421525,-8.735503563224338,88377,0.0001320424481591,0.000867,0.000304,0.9924549264687588,-0.007602434458245044,11.669515440956781,-0.08871672629935244,VSL,VSL_2015_USD,8705114.0,-772289.2161426612,-2141890080.7265406
O3_MAIN,O3,p05,Mortality,Respiratory mortality,345,2.0628516159953096,10.899698860299644,-8.836847244304334,86300,0.0001320424481591,0.000867,0.000304,0.9923677282758226,-0.0076909713070154595,11.39526327613033,-0.08764064289260534,VSL,VSL_2015_USD,8705114.0,-762921.7874134192,-2115910172.8659992
O3_MAIN,O3,p05,Mortality,Respiratory mortality,346,2.1243125171761377,10.553730187180978,-8.42941767000484,33933,0.0001320424481591,0.000867,0.000304,0.992718335602952,-0.007335075958504689,4.48059639338274,-0.032865514884864555,VSL,VSL_2015_USD,8705114.0,-286098.05374144285,-793472925.1881298
O3_MAIN,O3,p05,Mortality,Respiratory mortality,347,2.350371104077212,10.683203493349971,-8.33283238927276,2135,0.0001320424481591,0.000867,0.000304,0.9928014687595729,-0.007250725816734693,0.2819106268196785,-0.0020440566598933026,VSL,VSL_2015_USD,8705114.0,-17793.746246830426,-49349709.6533469
O3_MAIN,O3,p05,Mortality,Respiratory mortality,348,2.114571790194057,10.81240176539774,-8.697829975203684,32334,0.0001320424481591,0.000867,0.000304,0.9924873435542465,-0.007569523676593803,4.269460518776339,-0.03231778248315996,VSL,VSL_2015_USD,8705114.0,-281329.98074311053,-780249008.492365
O3_MAIN,O3,p05,Mortality,Respiratory mortality,349,2.2121322542598514,11.042405652780422,-8.830273398520571,30021,0.0001320424481591,0.000867,0.000304,0.9923733843159174,-0.007685227964210117,3.964046336184341,-0.030464599754268556,VSL,VSL_2015_USD,8705114.0,-265197.81382527977,-735507572.7974457
O3_MAIN,O3,p05,Mortality,Respiratory mortality,350,2.3162155124858512,10.763755656524475,-8.447540144038625,41325,0.0001320424481591,0.000867,0.000304,0.9927027379513597,-0.007350903517904905,5.456654170174807,-0.04011133833552846,VSL,VSL_2015_USD,8705114.0,-349173.7729033455,-968409016.9833255
O3_MAIN,O3,p05,Mortality,Respiratory mortality,351,2.202153482952658,11.005743891120485,-8.803590408167825,31973,0.0001320424481591,0.000867,0.000304,0.9923963422988176,-0.00766191628998647,4.221793194990904,-0.03234702605365484,VSL,VSL_2015_USD,8705114.0,-281584.5493580355,-780955036.7260563
O3_MAIN,O3,p05,Mortality,Respiratory mortality,352,2.2053520792862407,10.764013967672472,-8.558661888386231,11823,0.0001320424481591,0.000867,0.000304,0.9926071030427908,-0.007447958950270062,1.5611378645850391,-0.011627290731141634,VSL,VSL_2015_USD,8705114.0,-101216.89132573127,-280717962.90952283
O3_MAIN,O3,p05,Mortality,Respiratory mortality,353,2.018667356061348,10.623947845439243,-8.605280489377897,30,0.0001320424481591,0.000867,0.000304,0.9925669843350291,-0.00748867913428608,0.003961273444773,-2.966470579107311e-05,VSL,VSL_2015_USD,8705114.0,-258.2346456877516,-716195.7133897808
O3_MAIN,O3,p05,Mortality,Respiratory mortality,360,2.16033185651631,10.753892716736964,-8.593560860220654,26038,0.0001320424481591,0.000867,0.000304,0.9925770697784808,-0.007478442175957056,3.4381212651666457,-0.025711791075477077,VSL,VSL_2015_USD,8705114.0,-223824.07245621056,-620760397.272228
O3_MAIN,O3,p05,Mortality,Respiratory mortality,361,2.270102913618009,10.776854907443065,-8.506751993825056,20956,0.0001320424481591,0.000867,0.000304,0.9926517772028448,-0.007402618890041568,2.7670815436220995,-0.020483650105102336,VSL,VSL_2015_USD,8705114.0,-178312.5093010278,-494537262.67074955
O3_MAIN,O3,p05,Mortality,Respiratory mortality,379,2.151158128415662,10.89564139037766,-8.744483261962,54999,0.0001320424481591,0.000867,0.000304,0.9924471998414371,-0.007610279075571436,7.26220260630234,-0.05526738853730304,VSL,VSL_2015_USD,8705114.0,-481108.9176995162,-1334321905.6153693
O3_MAIN,O3,p05,Mortality,Respiratory mortality,380,1.9905354634544887,10.655047628643812,-8.664512165189324,88376,0.0001320424481591,0.000867,0.000304,0.9925160134949541,-0.007540418898323242,11.669383398508621,-0.08799203910989391,VSL,VSL_2015_USD,8705114.0,-765980.731544085,-2124393940.2863114
O3_MAIN,O3,p05,Mortality,Respiratory mortality,381,2.1349343231103632,10.62284388880003,-8.487909565689668,88376,0.0001320424481591,0.000867,0.000304,0.992667993677099,-0.00738616170724038,11.669383398508621,-0.08619195280517099,VSL,VSL_2015_USD,8705114.0,-750310.7750516332,-2080934412.8514512
O3_MAIN,O3,p05,Mortality,Respiratory mortality,382,2.134496551835417,10.672954597919771,-8.538458046084356,88375,0.0001320424481591,0.000867,0.000304,0.9926244904269618,-0.0074303119096585934,11.669251356060462,-0.08670617732773574,VSL,VSL_2015_USD,8705114.0,-754787.1581421549,-2093349348.0061965
O3_MAIN,O3,p05,Mortality,Respiratory mortality,383,2.260614845354474,10.615829476332117,-8.355214630977642,88376,0.0001320424481591,0.000867,0.000304,0.9927822032333468,-0.007270272113204745,11.669383398508621,-0.08483959270047164,VSL,VSL_2015_USD,8705114.0,-738538.3261711735,-2048284349.9529176
O3_MAIN,O3,p05,Mortality,Respiratory mortality,384,2.1864410562675527,10.860869762619044,-8.674428706351492,88377,0.0001320424481591,0.000867,0.000304,0.9925074802350802,-0.0075490814065655165,11.669515440956781,-0.08809412203895603,VSL,VSL_2015_USD,8705114.0,-766869.3750790247,-2126858530.9254193
O3_MAIN,O3,p05,Mortality,Respiratory mortality,385,2.149318153411524,10.833572000038194,-8.68425384662667,88376,0.0001320424481591,0.000867,0.000304,0.9924990256987263,-0.007557664145809051,11.669383398508621,-0.08819328051460798,VSL,VSL_2015_USD,8705114.0,-767732.5609136411,-2129252516.4147196
O3_MAIN,O3,p05,Mortality,Respiratory mortality,386,2.174975312700036,10.637988276752523,-8.463012964052488,88376,0.0001320424481591,0.000867,0.000304,0.9926894209980265,-0.0073644171553914894,11.669383398508621,-0.08593820729281754,VSL,VSL_2015_USD,8705114.0,-748101.8914396081,-2074808228.775352
O3_MAIN,O3,p05,Mortality,Respiratory mortality,387,2.108922684971264,10.812141347544063,-8.7032186625728,88291,0.0001320424481591,0.000867,0.000304,0.9924827066721997,-0.0075742310442927785,11.658159790415098,-0.08830159580388783,VSL,VSL_2015_USD,8705114.0,-768675.4578547652,-2131867575.0781415
O3_MAIN,O3,p05,Mortality,Respiratory mortality,388,2.174853783348032,10.67644563306618,-8.501591849718148,86731,0.0001320424481591,0.000867,0.000304,0.9926562181829102,-0.007398111937013674,11.452173571286902,-0.08472446200249015,VSL,VSL_2015_USD,8705114.0,-737536.100320345,-2045504746.7114544
O3_MAIN,O3,p05,Mortality,Respiratory mortality,389,2.2227507982053774,10.784689155253742,-8.561938357048366,88377,0.0001320424481591,0.000867,0.000304,0.9926042833494556,-0.007450820810069647,11.669515440956781,-0.08694746849090985,VSL,VSL_2015_USD,8705114.0,-756887.6252247782,-2099174846.4271564
O3_MAIN,O3,p05,Mortality,Respiratory mortality,390,2.1915790400864705,10.551410529286692,-8.359831489200223,88377,0.0001320424481591,0.000867,0.000304,0.9927782293167341,-0.00727430403891538,11.669515440956781,-0.08488760330433731,VSL,VSL_2015_USD,8705114.0,-738956.263951033,-2049443471.1297133
O3_MAIN,O3,p05,Mortality,Respiratory mortality,391,2.131001159524687,10.81611402389334,-8.685112864368655,88376,0.0001320424481591,0.000867,0.000304,0.9924982865171077,-0.007558414543180181,11.669383398508621,-0.08820203718923293,VSL,VSL_2015_USD,8705114.0,-767808.7887645123,-2129463929.0231612
O3_MAIN,O3,p05,Mortality,Respiratory mortality,392,2.226270759556315,11.015618638193088,-8.789347878636772,88377,0.0001320424481591,0.000867,0.000304,0.9924085967555397,-0.007649473482272073,11.669515440956781,-0.0892656489165634,VSL,VSL_2015_USD,8705114.0,-777067.6501026609,-2155142732.8242226
O3_MAIN,O3,p05,Mortality,Respiratory mortality,393,2.2205142082405045,10.779000126170873,-8.558485917930366,88376,0.0001320424481591,0.000867,0.000304,0.99260725448128,-0.007447805247588368,11.669383398508621,-0.0869112949115331,VSL,VSL_2015_USD,8705114.0,-756572.7300925156,-2098301506.8204854
O3_MAIN,O3,p05,Mortality,Respiratory mortality,394,2.212544317944709,10.784387133437448,-8.571842815492737,65713,0.0001320424481591,0.000867,0.000304,0.992595759728824,-0.007459471994116562,8.676905395878938,-0.06472513279615782,VSL,VSL_2015_USD,8705114.0,-563439.6596556926,-1562660455.2788875
O3_MAIN,O3,p05,Mortality,Respiratory mortality,395,2.2353740703309293,10.94268182549281,-8.707307755161882,29100,0.0001320424481591,0.000867,0.000304,0.9924791880857957,-0.0075778031463911155,3.84243524142981,-0.029117217862310918,VSL,VSL_2015_USD,8705114.0,-253468.70085425285,-702977699.0102104
O3_MAIN,O3,p05,Mortality,Respiratory mortality,396,2.2200540921195224,10.63869947492177,-8.418645382802248,7120,0.0001320424481591,0.000867,0.000304,0.9927276072116168,-0.007325667922956303,0.9401422308927919,-0.006887169783867904,VSL,VSL_2015_USD,8705114.0,-59953.59810592546,-166277107.59491685
O3_MAIN,O3,p05,Mortality,Respiratory mortality,397,2.097055401567946,10.66598357355673,-8.568928171988784,2535,0.0001320424481591,0.000867,0.000304,0.9925982680174261,-0.007456926151359955,0.3347276060833185,-0.002496039039384811,VSL,VSL_2015_USD,8705114.0,-21728.304386295273,-60261931.23408289
O3_MAIN,O3,p05,Mortality,Respiratory mortality,398,2.109500189645432,10.808145959315068,-8.698645769669636,10141,0.0001320424481591,0.000867,0.000304,0.9924866415743482,-0.007570236324524915,1.3390424667814331,-0.010136867922110252,VSL,VSL_2015_USD,8705114.0,-88242.59086491287,-244734648.7824753
O3_MAIN,O3,p05,Mortality,Respiratory mortality,400,2.183173361754691,10.325314715152851,-8.142141353398163,7025,0.0001320424481591,0.000867,0.000304,0.9929656213300093,-0.007084211697650389,0.9275981983176774,-0.006571302007241516,VSL,VSL_2015_USD,8705114.0,-57203.933101466224,-158651104.18159947
O3_MAIN,O3,p05,Mortality,Respiratory mortality,401,2.102010999265992,10.420378181002992,-8.318367181736999,87066,0.0001320424481591,0.000867,0.000304,0.9928139198933917,-0.007238093627232711,11.4964077914202,-0.08321207597114703,VSL,VSL_2015_USD,8705114.0,-724370.6075054957,-2008991173.9739666
O3_MAIN,O3,p05,Mortality,Respiratory mortality,402,2.2716864478107426,10.803886301191351,-8.532199853380611,76970,0.0001320424481591,0.000867,0.000304,0.992629876276216,-0.007424845755632958,10.163307234805927,-0.07546098858554252,VSL,VSL_2015_USD,8705114.0,-656896.5081898464,-1821856482.7089655
O3_MAIN,O3,p05,Mortality,Respiratory mortality,403,2.324126423906843,10.81393658702407,-8.489810163117227,682,0.0001320424481591,0.000867,0.000304,0.9926663579422887,-0.00738782169762775,0.09005294964450619,-0.000665295135319062,VSL,VSL_2015_USD,8705114.0,-5791.469996597862,-16062236.632664407
O3_MAIN,O3,p05,Mortality,Respiratory mortality,420,2.117180493325893,10.67956629795805,-8.562385804632157,45834,0.0001320424481591,0.000867,0.000304,0.9926038982815477,-0.007451211637649946,6.052033568924189,-0.04509498296021606,VSL,VSL_2015_USD,8705114.0,-392556.96749673825,-1088729270.3644786
O3_MAIN,O3,p05,Mortality,Respiratory mortality,421,2.0732691965908323,10.683321655237808,-8.610052458646974,88376,0.0001320424481591,0.000867,0.000304,0.9925628777987638,-0.007492847423157478,11.669383398508621,-0.08743690932735199,VSL,VSL_2015_USD,8705114.0,-761148.2635022623,-2110991428.445079
O3_MAIN,O3,p05,Mortality,Respiratory mortality,422,2.2053562337410773,10.8384605124617,-8.633104278720623,88378,0.0001320424481591,0.000867,0.000304,0.9925430407067809,-0.007512983303886944,11.669647483404939,-0.0876738667050676,VSL,VSL_2015_USD,8705114.0,-763211.0044884179,-2116712296.1783128
O3_MAIN,O3,p05,Mortality,Respiratory mortality,423,2.0874266163759945,10.796624728183565,-8.709198111807568,88378,0.0001320424481591,0.000867,0.000304,0.9924775614740704,-0.007579454506514871,11.669647483404939,-0.08844956220753349,VSL,VSL_2015_USD,8705114.0,-769963.5222666706,-2135439931.5600522
O3_MAIN,O3,p05,Mortality,Respiratory mortality,424,2.2192047907947696,10.48262972351954,-8.26342493272477,88378,0.0001320424481591,0.000867,0.000304,0.9928612136412716,-0.007190115053993695,11.669647483404939,-0.0839061080452295,VSL,VSL_2015_USD,8705114.0,-730412.23583004,-2025747207.2181075
O3_MAIN,O3,p05,Mortality,Respiratory mortality,425,2.207076145238377,10.627532286369751,-8.420456141131377,88377,0.0001320424481591,0.000867,0.000304,0.992726048702498,-0.007327249352436338,11.669515440956781,-0.08550544945799642,VSL,VSL_2015_USD,8705114.0,-744334.685153097,-2064360145.844154
O3_MAIN,O3,p05,Mortality,Respiratory mortality,426,2.184307590890862,10.837587496472292,-8.65327990558143,88377,0.0001320424481591,0.000867,0.000304,0.9925256790292746,-0.007530607145636248,11.669515440956781,-0.08787853636578166,VSL,VSL_2015_USD,8705114.0,-764992.677217275,-2121653640.7747068
O3_MAIN,O3,p05,Mortality,Respiratory mortality,427,2.0851333565007324,10.926945081064805,-8.841811724564073,88377,0.0001320424481591,0.000867,0.000304,0.9923634569314872,-0.007695308624247277,11.669515440956781,-0.08980052281358147,VSL,VSL_2015_USD,8705114.0,-781723.7883518275,-2168056206.328609
O3_MAIN,O3,p05,Mortality,Respiratory mortality,428,2.15202207394046,10.408252284380264,-8.256230210439803,88377,0.0001320424481591,0.000867,0.000304,0.9928674069543145,-0.00718383239869369,11.669515440956781,-0.08383184310180161,VSL,VSL_2015_USD,8705114.0,-729765.7510312967,-2023954226.882729
O3_MAIN,O3,p05,Mortality,Respiratory mortality,429,2.205219530135122,10.916267463006044,-8.711047932870922,88376,0.0001320424481591,0.000867,0.000304,0.9924759697449331,-0.007581070458562822,11.669383398508621,-0.08846641775207714,VSL,VSL_2015_USD,8705114.0,-770110.2517034552,-2135846875.3819137
O3_MAIN,O3,p05,Mortality,Respiratory mortality,430,2.1078250371536624,10.88171415915382,-8.77388912200016,88378,0.0001320424481591,0.000867,0.000304,0.9924218978410598,-0.00763596830685187,11.669647483404939,-0.0891090583354138,VSL,VSL_2015_USD,8705114.0,-775704.5112424274,-2151362162.615085
O3_MAIN,O3,p05,Mortality,Respiratory mortality,431,2.2154894638853366,11.059771946877472,-8.844282482992135,88377,0.0001320424481591,0.000867,0.000304,0.9923613311448091,-0.007697467258602986,11.669515440956781,-0.0898257130305268,VSL,VSL_2015_USD,8705114.0,-781943.0720620214,-2168664374.348972
O3_MAIN,O3,p05,Mortality,Respiratory mortality,432,2.2213484255580616,11.01913693477885,-8.797788509220787,88377,0.0001320424481591,0.000867,0.000304,0.9924013343094885,-0.007656847515021381,11.669515440956781,-0.08935170030559357,VSL,VSL_2015_USD,8705114.0,-777816.7372540268,-2157220273.6024356
O3_MAIN,O3,p05,Mortality,Respiratory mortality,433,2.323438852281107,10.991768028924614,-8.668329176643507,88376,0.0001320424481591,0.000867,0.000304,0.992512728918581,-0.0075437532066484625,11.669383398508621,-0.08803094843210975,VSL,VSL_2015_USD,8705114.0,-766319.4416296366,-2125333328.9988828
O3_MAIN,O3,p05,Mortality,Respiratory mortality,434,2.324587310795229,11.092040198269846,-8.767452887474617,88374,0.0001320424481591,0.000867,0.000304,0.9924274357844031,-0.007630345496859148,11.669119313612303,-0.08903941200693374,VSL,VSL_2015_USD,8705114.0,-775098.2320133271,-2149680689.6127214
O3_MAIN,O3,p05,Mortality,Respiratory mortality,435,2.294861819644568,11.159081407733892,-8.864219588089323,88373,0.0001320424481591,0.000867,0.000304,0.9923441778609238,-0.007714885933607141,11.668987271164143,-0.09002490575774502,VSL,VSL_2015_USD,8705114.0,-783677.0674604268,-2173473489.2067714
O3_MAIN,O3,p05,Mortality,Respiratory mortality,436,2.1332364294985555,10.64746027217084,-8.514223842672283,88373,0.0001320424481591,0.000867,0.000304,0.9926453467331932,-0.007409144958983704,11.668987271164143,-0.08645721821659083,VSL,VSL_2015_USD,8705114.0,-752619.9406982999,-2087338722.1308858
O3_MAIN,O3,p05,Mortality,Respiratory mortality,437,2.25463508635644,10.692927339377611,-8.43829225302117,87523,0.0001320424481591,0.000867,0.000304,0.9927106973959064,-0.007342826689805015,11.556751190228908,-0.08485922108704871,VSL,VSL_2015_USD,8705114.0,-738709.193513963,-2048758238.5674303
O3_MAIN,O3,p05,Mortality,Respiratory mortality,438,2.275844809776033,10.96033854251173,-8.684493732735696,83412,0.0001320424481591,0.000867,0.000304,0.9924988192775532,-0.007557873698939899,11.013924685846849,-0.08324185170526678,VSL,VSL_2015_USD,8705114.0,-724629.8086654417,-2009710050.246996
O3_MAIN,O3,p05,Mortality,Respiratory mortality,439,2.1150936576490045,10.70132937101098,-8.586235713361976,83452,0.0001320424481591,0.000867,0.000304,0.9925833735585198,-0.007472043799092498,11.019206383773213,-0.0823359927307931,VSL,VSL_2015_USD,8705114.0,-716744.2030247253,-1987839874.9948637
O3_MAIN,O3,p05,Mortality,Respiratory mortality,440,2.3183894021975733,11.005512512268508,-8.687123110070935,77384,0.0001320424481591,0.000867,0.000304,0.9924965567102003,-0.00756017060116676,10.217972808343793,-0.0772496176291621,VSL,VSL_2015_USD,8705114.0,-672466.7279182659,-1865039397.210356
O3_MAIN,O3,p05,Mortality,Respiratory mortality,441,2.243352046214713,10.562169546695166,-8.318817500480453,85838,0.0001320424481591,0.000867,0.000304,0.9928135322727519,-0.00723848687960249,11.334259665080825,-0.08204288987569527,VSL,VSL_2015_USD,8705114.0,-714192.7092573732,-1980763485.6356766
O3_MAIN,O3,p05,Mortality,Respiratory mortality,442,13.210063298939357,12.97862925591719,0.2314340430221655,88372,0.0001320424481591,0.000867,0.000304,1.0002006734475233,0.00020063318577012712,11.668855228715985,0.0023411595988276934,VSL,VSL_2015_USD,8705114.0,20380.061199989337,56522673.13388643
O3_MAIN,O3,p05,Mortality,Respiratory mortality,443,2.125690115868685,10.227200892995606,-8.101510777126922,88316,0.0001320424481591,0.000867,0.000304,0.9930006008577248,-0.007048736059403371,11.661460851619076,-0.08219855961012812,VSL,VSL_2015_USD,8705114.0,-715547.8320419608,-1984521823.820135
O3_MAIN,O3,p05,Mortality,Respiratory mortality,444,2.1975739965608434,10.973025719120976,-8.775451722560133,45597,0.0001320424481591,0.000867,0.000304,0.992420553333906,-0.007637333427478632,6.0207395087104825,-0.04598239510801584,VSL,VSL_2015_USD,8705114.0,-400281.9914083202,-1110154083.4315774
O3_MAIN,O3,p05,Mortality,Respiratory mortality,445,2.288332294461137,11.402208656731116,-9.11387636226998,57394,0.0001320424481591,0.000867,0.000304,0.9921294058037675,-0.007933031870833718,7.578444269643385,-0.06012003992241813,VSL,VSL_2015_USD,8705114.0,-523351.801209201,-1451479586.0276341
O3_MAIN,O3,p05,Mortality,Respiratory mortality,446,2.0000858756070654,10.330958336078847,-8.330872460471781,8084,0.0001320424481591,0.000867,0.000304,0.9928031557871129,-0.007249014239062657,1.0674311509181644,-0.007737823612224814,VSL,VSL_2015_USD,8705114.0,-67358.6366563088,-186814463.66170648
O3_MAIN,O3,p05,Mortality,Respiratory mortality,461,2.1909587732261158,10.918167526364028,-8.727208753137912,22921,0.0001320424481591,0.000867,0.000304,0.9924620638336148,-0.007595188210286041,3.026544954254731,-0.022987178554456242,VSL,VSL_2015_USD,8705114.0,-200106.00985489678,-554980010.9118663
O3_MAIN,O3,p05,Mortality,Respiratory mortality,462,2.1851424674352367,10.6992299370281,-8.514087469592862,74661,0.0001320424481591,0.000867,0.000304,0.9926454640990792,-0.007409025847507245,9.858421222006564,-0.07304129764946059,VSL,VSL_2015_USD,8705114.0,-635832.8227464864,-1763437825.5897877
O3_MAIN,O3,p05,Mortality,Respiratory mortality,463,2.188443933893558,10.78495618231915,-8.596512248425592,80098,0.0001320424481591,0.000867,0.000304,0.9925745299223482,-0.007481020169067598,10.576336012647591,-0.07912178302545261,VSL,VSL_2015_USD,8705114.0,-688764.1411198298,-1910239131.9059696
O3_MAIN,O3,p05,Mortality,Respiratory mortality,464,2.298367668207322,11.014567199250132,-8.716199531042811,82755,0.0001320424481591,0.000867,0.000304,0.9924715369248143,-0.007585570764591099,10.92717279740632,-0.08288884251164051,VSL,VSL_2015_USD,8705114.0,-721556.823391877,-2001187340.6997333
O3_MAIN,O3,p05,Mortality,Respiratory mortality,465,2.1428323565580127,10.9533933158045,-8.810560959246487,88371,0.0001320424481591,0.000867,0.000304,0.9923903448016156,-0.007668006080717715,11.668723186267826,-0.08947584034651349,VSL,VSL_2015_USD,8705114.0,-778897.3904621993,-2160217389.629577
O3_MAIN,O3,p05,Mortality,Respiratory mortality,466,2.137272426998573,10.801655558708848,-8.664383131710276,88371,0.0001320424481591,0.000867,0.000304,0.9925161245297379,-0.007540306182741263,11.668723186267826,-0.08798574558611162,VSL,VSL_2015_USD,8705114.0,-765925.9457020984,-2124241995.5885706
O3_MAIN,O3,p05,Mortality,Respiratory mortality,467,2.2675367053980797,10.944728493579683,-8.677191788181606,88369,0.0001320424481591,0.000867,0.000304,0.9925051025950014,-0.0075514950859219,11.668459101371507,-0.0881143115642876,VSL,VSL_2015_USD,8705114.0,-767045.1271986419,-2127345967.1265292
O3_MAIN,O3,p05,Mortality,Respiratory mortality,468,2.122362262227938,10.847629454953497,-8.725267192725557,60568,0.0001320424481591,0.000867,0.000304,0.9924637344790427,-0.007593492093606047,7.997547000100369,-0.060729309913504906,VSL,VSL_2015_USD,8705114.0,-528655.5659383903,-1466189206.2405097
O3_MAIN,O3,p05,Mortality,Respiratory mortality,469,2.090279658564129,10.52676716193448,-8.436487503370351,37663,0.0001320424481591,0.000867,0.000304,0.9927122507093663,-0.007341250483638095,4.973114725016183,-0.036508880880212785,VSL,VSL_2015_USD,8705114.0,-317813.97007467266,-881434799.0241994
O3_MAIN,O3,p05,Mortality,Respiratory mortality,470,2.1356877413569886,10.643762439197378,-8.508074697840389,14834,0.0001320424481591,0.000867,0.000304,0.9926506388459434,-0.007403774164293164,1.9587176759920892,-0.01450190332465458,VSL,VSL_2015_USD,8705114.0,-126240.72165809713,-350119804.6682163
O3_MAIN,O3,p05,Mortality,Respiratory mortality,471,2.129624089356108,10.546603771985827,-8.41697968262972,56261,0.0001320424481591,0.000867,0.000304,0.9927290408721878,-0.0073242131825055345,7.428840175879125,-0.054410409146900617,VSL,VSL_2015_USD,8705114.0,-473648.8144104126,-1313631831.3502705
O3_MAIN,O3,p05,Mortality,Respiratory mortality,472,2.090097181683745,10.60776453518582,-8.517667353502075,87172,0.0001320424481591,0.000867,0.000304,0.9926423831712207,-0.007412152607542133,11.510404290925065,-0.08531687317884437,VSL,VSL_2015_USD,8705114.0,-742693.1071453827,-2059807344.1502185
O3_MAIN,O3,p05,Mortality,Respiratory mortality,473,2.1916210120013315,10.55767814664634,-8.366057134645008,88375,0.0001320424481591,0.000867,0.000304,0.9927728706770748,-0.007279740952224278,11.669251356060462,-0.08494912697851204,VSL,VSL_2015_USD,8705114.0,-739491.8345484228,-2050928838.6916323
O3_MAIN,O3,p05,Mortality,Respiratory mortality,474,2.083624968484993,10.614132958404957,-8.530507989919963,88372,0.0001320424481591,0.000867,0.000304,0.9926313323120706,-0.007423368019993992,11.668855228715985,-0.08662220673478993,VSL,VSL_2015_USD,8705114.0,-754056.1845579142,-2091322043.9384558
O3_MAIN,O3,p05,Mortality,Respiratory mortality,475,2.214116610154185,10.506379938671062,-8.292263328516876,88373,0.0001320424481591,0.000867,0.000304,0.992836389552742,-0.0072152980316173565,11.668987271164143,-0.08419522088859863,VSL,VSL_2015_USD,8705114.0,-732928.9960904324,-2032727265.6270878
O3_MAIN,O3,p05,Mortality,Respiratory mortality,476,2.1615570247033733,10.587600434477205,-8.42604340977383,88372,0.0001320424481591,0.000867,0.000304,0.9927212397884304,-0.007332129020550582,11.668855228715985,-0.08555755205907187,VSL,VSL_2015_USD,8705114.0,-744788.2442351553,-2065618060.2091067
O3_MAIN,O3,p05,Mortality,Respiratory mortality,477,2.1445490269949814,10.667222364863774,-8.522673337868792,88373,0.0001320424481591,0.000867,0.000304,0.9926380749255675,-0.007416524975615513,11.668987271164143,-0.08654333553672837,VSL,VSL_2015_USD,8705114.0,-753369.6017874717,-2089417854.6854274
O3_MAIN,O3,p05,Mortality,Respiratory mortality,478,2.126661335857973,10.583370467250363,-8.456709131392392,88371,0.0001320424481591,0.000867,0.000304,0.9926948464803631,-0.007358911497866272,11.668723186267826,-0.08586910122084507,VSL,VSL_2015_USD,8705114.0,-747500.3152049955,-2073139799.1989903
O3_MAIN,O3,p05,Mortality,Respiratory mortality,479,2.047805295110632,11.07245954950764,-9.02465425439701,88373,0.0001320424481591,0.000867,0.000304,0.9922061555054826,-0.007855065654724491,11.668987271164143,-0.09166066113913872,VSL,VSL_2015_USD,8705114.0,-797916.5045315725,-2212965571.1629987
O3_MAIN,O3,p05,Mortality,Respiratory mortality,480,2.280634930572477,11.12623608464206,-8.845601154069584,88373,0.0001320424481591,0.000867,0.000304,0.9923601965908305,-0.007698619347506375,11.668987271164143,-0.08983509117158989,VSL,VSL_2015_USD,8705114.0,-782024.7098490836,-2168890791.0367436
O3_MAIN,O3,p05,Mortality,Respiratory mortality,481,2.501917911007364,12.463987061689236,-9.96206915068187,88374,0.0001320424481591,0.000867,0.000304,0.9914000787588241,-0.008674521442385341,11.669119313612303,-0.10122402569968283,VSL,VSL_2015_USD,8705114.0,-881166.6832546688,-2443854114.338996
O3_MAIN,O3,p05,Mortality,Respiratory mortality,482,12.617037137563162,12.37919767678262,0.2378394607805436,88374,0.0001320424481591,0.000867,0.000304,1.000206228074583,0.00020618555333329347,11.669119313612303,0.002406003822589374,VSL,VSL_2015_USD,8705114.0,20944.537560076278,58088208.80524235
O3_MAIN,O3,p05,Mortality,Respiratory mortality,483,2.377320905993516,11.441256035813046,-9.06393512981953,88373,0.0001320424481591,0.000867,0.000304,0.9921723649931012,-0.007889390274393726,11.668987271164143,-0.09206119468914657,VSL,VSL_2015_USD,8705114.0,-801403.1947452155,-2222635662.4022226
O3_MAIN,O3,p05,Mortality,Respiratory mortality,484,2.2437837835295604,11.278297279359704,-9.034513495830144,88373,0.0001320424481591,0.000867,0.000304,0.9921976742008982,-0.007863680798673167,11.668987271164143,-0.09176119114421508,VSL,VSL_2015_USD,8705114.0,-798791.6296861827,-2215392669.52055
O3_MAIN,O3,p05,Mortality,Respiratory mortality,485,14.396260421373968,14.142398583420402,0.2538618379535649,88373,0.0001320424481591,0.000867,0.000304,1.0002201224368947,0.00022007399367085512,11.668987271164143,0.0025680406308594664,VSL,VSL_2015_USD,8705114.0,22355.086448263573,62000267.40820764
O3_MAIN,O3,p05,Mortality,Respiratory mortality,486,2.432103221868641,12.04995281318079,-9.61784959131215,88372,0.0001320424481591,0.000867,0.000304,0.9916959947245648,-0.00837353918903494,11.668855228715985,-0.09770961654882857,VSL,VSL_2015_USD,8705114.0,-850573.3509538393,-2359005648.735906
O3_MAIN,O3,p05,Mortality,Respiratory mortality,487,2.2968181662040594,11.281690771288202,-8.984872605084142,66848,0.0001320424481591,0.000867,0.000304,0.9922403779705377,-0.007820304637605302,8.826773574539516,-0.0690280583200633,VSL,VSL_2015_USD,8705114.0,-600897.1168747995,-1666546090.854075
O3_MAIN,O3,p05,Mortality,Respiratory mortality,488,5.833819483108429,5.743585658326686,0.0902338247817429,6168,0.0001320424481591,0.000867,0.000304,1.0000782357863454,7.822966598580727e-05,0.8144378202453287,6.3713198644001e-05,VSL,VSL_2015_USD,8705114.0,554.6306575006741,1538229.3044320946
O3_MAIN,O3,p05,Mortality,Respiratory mortality,503,2.365174601151621,10.612743901482997,-8.247569300331376,110,0.0001320424481591,0.000867,0.000304,0.9928748624326643,-0.007176269474562291,0.014524669297501,-0.00010423294090776854,VSL,VSL_2015_USD,8705114.0,-907.3596331573887,-2516498.427387696
O3_MAIN,O3,p05,Mortality,Respiratory mortality,504,2.3826762936973584,10.68286389709331,-8.300187603395951,585,0.0001320424481591,0.000867,0.000304,0.9928295684463383,-0.007222217973305023,0.0772448321730735,-0.0005578790152653016,VSL,VSL_2015_USD,8705114.0,-4856.40042609219,-13468886.633736862
O3_MAIN,O3,p05,Mortality,Respiratory mortality,505,2.181504787212825,10.365340754092024,-8.1838359668792,30061,0.0001320424481591,0.000867,0.000304,0.9929297270362724,-0.007120617674355678,3.969328034110705,-0.028264067355004162,VSL,VSL_2015_USD,8705114.0,-246041.9284289897,-682380065.5628128
O3_MAIN,O3,p05,Mortality,Respiratory mortality,506,2.08254148242032,10.490670025197948,-8.408128542777627,71500,0.0001320424481591,0.000867,0.000304,0.9927366590427789,-0.007316483068354307,9.44103504337565,-0.06907517304259761,VSL,VSL_2015_USD,8705114.0,-601307.255905539,-1667683582.746099
O3_MAIN,O3,p05,Mortality,Respiratory mortality,507,2.217076841411953,10.412552463244118,-8.195475621832164,36518,0.0001320424481591,0.000867,0.000304,0.9929197068562191,-0.007130781164771616,4.8219261218740135,-0.034384099967779455,VSL,VSL_2015_USD,8705114.0,-299317.5100069165,-830136161.7784823
O3_MAIN,O3,p05,Mortality,Respiratory mortality,508,2.161733101633258,10.589577666261963,-8.427844564628707,32087,0.0001320424481591,0.000867,0.000304,0.9927196895549028,-0.00733370207289985,4.236846034081042,-0.031071766542697648,VSL,VSL_2015_USD,8705114.0,-270483.2699355689,-750166415.3374048
O3_MAIN,O3,p05,Mortality,Respiratory mortality,509,2.1044110194725265,10.47139801316646,-8.366986993693935,423,0.0001320424481591,0.000867,0.000304,0.9927720703160254,-0.007280553009185287,0.055853955571299296,-0.0004066476843095244,VSL,VSL_2015_USD,8705114.0,-3539.914449750421,-9817704.93237131
O3_MAIN,O3,p05,Mortality,Respiratory mortality,513,2.2018370388059654,10.335931938639357,-8.13409489983339,29744,0.0001320424481591,0.000867,0.000304,0.9929725485556513,-0.007077186025505666,3.9274705780442702,-0.02779543989051957,VSL,VSL_2015_USD,8705114.0,-241962.47292712037,-671065981.2902634
O3_MAIN,O3,p05,Mortality,Respiratory mortality,514,2.202184043246762,10.651387048450184,-8.449203005203422,78902,0.0001320424481591,0.000867,0.000304,0.9927013067722287,-0.007352355817383804,10.418413244649308,-0.07659988122720582,VSL,VSL_2015_USD,8705114.0,-666810.6984692866,-1849352795.4556732
O3_MAIN,O3,p05,Mortality,Respiratory mortality,515,2.141200880700536,10.937786493245138,-8.796585612544602,84667,0.0001320424481591,0.000867,0.000304,0.9924023692967112,-0.007655796618737387,11.17963795828652,-0.08558903447975809,VSL,VSL_2015_USD,8705114.0,-745062.3022962249,-2066378141.0574188
O3_MAIN,O3,p05,Mortality,Respiratory mortality,516,2.0771641431979613,10.68897288986307,-8.611808746665108,40091,0.0001320424481591,0.000867,0.000304,0.9925613664227215,-0.007494381535408712,5.293713789146478,-0.03967311087511785,VSL,VSL_2015_USD,8705114.0,-345358.9529025407,-957828880.7484933
O3_MAIN,O3,p05,Mortality,Respiratory mortality,517,2.114188986146235,10.530436128612289,-8.416247142466052,41250,0.0001320424481591,0.000867,0.000304,0.9927296713668342,-0.0073235734186887225,5.446750986562875,-0.03988968074340844,VSL,VSL_2015_USD,8705114.0,-347244.21829497523,-963057532.3458331
O3_MAIN,O3,p05,Mortality,Respiratory mortality,518,2.1534720077951994,10.863894237420856,-8.710422229625657,71036,0.0001320424481591,0.000867,0.000304,0.9924765081481214,-0.0075805238613826376,9.379767347429826,-0.07110355019140953,VSL,VSL_2015_USD,8705114.0,-618964.5102209417,-1716654741.5820663
O3_MAIN,O3,p05,Mortality,Respiratory mortality,519,2.1379236189812274,10.4659738845718,-8.328050265590571,88373,0.0001320424481591,0.000867,0.000304,0.9928055850234992,-0.007246549661916291,11.668987271164143,-0.08455989576476002,VSL,VSL_2015_USD,8705114.0,-736103.5324603531,-2041531620.031517
O3_MAIN,O3,p05,Mortality,Respiratory mortality,520,2.141576342598884,10.311925242339766,-8.170348899740883,88373,0.0001320424481591,0.000867,0.000304,0.9929413377166322,-0.007108841192572157,11.668987271164143,-0.08295297738885184,VSL,VSL_2015_USD,8705114.0,-722115.1248093776,-2002735750.600072
O3_MAIN,O3,p05,Mortality,Respiratory mortality,521,2.117941972572293,10.3852494820048,-8.267307509432506,88375,0.0001320424481591,0.000867,0.000304,0.992857871483431,-0.007193505457027793,11.669251356060462,-0.08394282330924992,VSL,VSL_2015_USD,8705114.0,-730731.8463888778,-2026633624.7303054
O3_MAIN,O3,p05,Mortality,Respiratory mortality,522,2.0441198786500387,10.376748863728542,-8.332628985078504,88374,0.0001320424481591,0.000867,0.000304,0.9928016438415533,-0.007250548186638062,11.669119313612303,-0.08460751187897486,VSL,VSL_2015_USD,8705114.0,-736518.0361628304,-2042681217.0350788
O3_MAIN,O3,p05,Mortality,Respiratory mortality,523,1.8829914682862177,8.92331015084219,-7.040318682555972,88374,0.0001320424481591,0.000867,0.000304,0.9939146349974155,-0.006122623400751426,11.669119313612303,-0.0714456229756831,VSL,VSL_2015_USD,8705114.0,-621942.2928043406,-1724913413.1323423
O3_MAIN,O3,p05,Mortality,Respiratory mortality,524,1.8755567629940468,8.931076196369093,-7.0555194333750455,88375,0.0001320424481591,0.000867,0.000304,0.9939015362321056,-0.006135883229453132,11.669251356060462,-0.0716011636959246,VSL,VSL_2015_USD,8705114.0,-623296.292505685,-1728668636.524042
O3_MAIN,O3,p05,Mortality,Respiratory mortality,525,8.076188401496097,7.915481364755325,0.1607070367407717,88374,0.0001320424481591,0.000867,0.000304,1.0001393427081477,0.00013932329446253444,11.669119313612303,0.0016257801462488547,VSL,VSL_2015_USD,8705114.0,14152.601512032952,39251249.61151755
O3_MAIN,O3,p05,Mortality,Respiratory mortality,526,2.1678308899676155,10.771396710822204,-8.603565820854588,88375,0.0001320424481591,0.000867,0.000304,0.9925684599036836,-0.007487181384987274,11.669251356060462,-0.0873698015298334,VSL,VSL_2015_USD,8705114.0,-760564.0824745741,-2109371243.257458
O3_MAIN,O3,p05,Mortality,Respiratory mortality,527,2.191393823610166,10.811418584518943,-8.620024760908779,88375,0.0001320424481591,0.000867,0.000304,0.9925542961510562,-0.007501558229929373,11.669251356060462,-0.08753756854716985,VSL,VSL_2015_USD,8705114.0,-762024.513485928,-2113421646.437277
O3_MAIN,O3,p05,Mortality,Respiratory mortality,528,2.1644636547216494,11.04066955566207,-8.876205900940422,88375,0.0001320424481591,0.000867,0.000304,0.9923338653415902,-0.007725358295386675,11.669251356060462,-0.0901491477644939,VSL,VSL_2015_USD,8705114.0,-784758.6082927645,-2176473066.9974017
O3_MAIN,O3,p05,Mortality,Respiratory mortality,529,2.250177408996737,10.60412670463838,-8.353949295641645,82303,0.0001320424481591,0.000867,0.000304,0.9927832923614273,-0.007269167092253559,10.867489610838406,-0.07899759785451398,VSL,VSL_2015_USD,8705114.0,-687683.0950496995,-1907240926.303688
O3_MAIN,O3,p05,Mortality,Respiratory mortality,530,2.409530043353699,11.472703464090904,-9.063173420737206,53223,0.0001320424481591,0.000867,0.000304,0.9921730202257079,-0.007888724662671764,7.027695218371779,-0.05543955259090989,VSL,VSL_2015_USD,8705114.0,-482607.62541286595,-1338478466.5488048
O3_MAIN,O3,p05,Mortality,Respiratory mortality,531,2.1510898681941057,11.053170042792198,-8.902080174598092,8740,0.0001320424481591,0.000867,0.000304,0.9923116045703804,-0.007747964847139244,1.154050996910534,-0.008941546555868816,VSL,VSL_2015_USD,8705114.0,-77837.18210514542,-215875975.96587345
O3_MAIN,O3,p05,Mortality,Respiratory mortality,546,2.263403324479386,10.920206557206482,-8.656803232727096,33,0.0001320424481591,0.000867,0.000304,0.9925226471412625,-0.0075336848789036015,0.0043574007892503,-3.2827284437297604e-05,VSL,VSL_2015_USD,8705114.0,-285.7652533371015,-792549.9265627174
O3_MAIN,O3,p05,Mortality,Respiratory mortality,547,2.283788046357833,10.70729268963708,-8.423504643279248,5126,0.0001320424481591,0.000867,0.000304,0.9927234248800301,-0.007329911773613418,0.6768495892635465,-0.004961247773308276,VSL,VSL_2015_USD,8705114.0,-43188.2274488947,-119779525.65358803
O3_MAIN,O3,p05,Mortality,Respiratory mortality,555,2.272084765287538,11.000065789098446,-8.727981023810909,815,0.0001320424481591,0.000867,0.000304,0.9924613993222543,-0.007595862854609559,0.10761459524966649,-0.0008174257066707839,VSL,VSL_2015_USD,8705114.0,-7115.783963099735,-19735128.716779698
O3_MAIN,O3,p05,Mortality,Respiratory mortality,556,2.091832994646528,10.455835969292576,-8.364002974646048,6555,0.0001320424481591,0.000867,0.000304,0.9927746387641638,-0.0072779470321990836,0.8655382476829004,-0.006299341520978561,VSL,VSL_2015_USD,8705114.0,-54836.48606505176,-152085155.54739648
O3_MAIN,O3,p05,Mortality,Respiratory mortality,559,2.14220391847558,10.530654487088595,-8.388450568613015,15036,0.0001320424481591,0.000867,0.000304,0.9927535960724253,-0.007299297586272457,1.9853902505202274,-0.014491954263431165,VSL,VSL_2015_USD,8705114.0,-126154.11394595432,-349879604.2411281
O3_MAIN,O3,p05,Mortality,Respiratory mortality,560,2.312486825296561,10.906789996259494,-8.594303170962933,77991,0.0001320424481591,0.000867,0.000304,0.9925764309725476,-0.00747909057258056,10.298122574376368,-0.07702059146129735,VSL,VSL_2015_USD,8705114.0,-670473.02901802,-1859510012.8694472
O3_MAIN,O3,p05,Mortality,Respiratory mortality,561,2.1242538020517507,10.722206894796637,-8.597953092744886,88372,0.0001320424481591,0.000867,0.000304,0.9925732899870844,-0.007482278727258818,11.668855228715985,-0.08730962724928444,VSL,VSL_2015_USD,8705114.0,-760040.2585025275,-2107918454.1386647
O3_MAIN,O3,p05,Mortality,Respiratory mortality,562,2.222993090881352,10.310428975609131,-8.087435884727782,88372,0.0001320424481591,0.000867,0.000304,0.99301271845018,-0.007036447187428907,11.668855228715985,-0.08210728355461369,VSL,VSL_2015_USD,8705114.0,-714753.2635732375,-1982318143.7919238
O3_MAIN,O3,p05,Mortality,Respiratory mortality,563,2.265467430071152,11.129826594738937,-8.864359164667786,88372,0.0001320424481591,0.000867,0.000304,0.9923440577744906,-0.007715007880108704,11.668855228715985,-0.09002531004139148,VSL,VSL_2015_USD,8705114.0,-783680.5867956576,-2173483249.8366804
O3_MAIN,O3,p05,Mortality,Respiratory mortality,564,10.077830102191902,9.896023559910011,0.1818065422818904,88371,0.0001320424481591,0.000867,0.000304,1.000157638695832,0.00015761384979029458,11.668723186267826,0.0018391523835249446,VSL,VSL_2015_USD,8705114.0,16010.031161956365,44402700.72550464
O3_MAIN,O3,p05,Mortality,Respiratory mortality,565,2.0041423761001638,9.740226262296767,-7.736083886196606,88373,0.0001320424481591,0.000867,0.000304,0.9933152582297741,-0.00672972826586693,11.668987271164143,-0.07852911347279475,VSL,VSL_2015_USD,8705114.0,-683604.8850996142,-1895930296.4818227
O3_MAIN,O3,p05,Mortality,Respiratory mortality,566,2.4624697726928635,11.932417672926162,-9.4699479002333,88372,0.0001320424481591,0.000867,0.000304,0.9918231688154128,-0.008244242967577753,11.668855228715985,-0.09620087765902466,VSL,VSL_2015_USD,8705114.0,-837439.6069218628,-2322580129.025302
O3_MAIN,O3,p05,Mortality,Respiratory mortality,567,12.705632587446514,12.467650247008576,0.2379823404379379,88371,0.0001320424481591,0.000867,0.000304,1.0002063519768003,0.00020630940444699153,11.668723186267826,0.0024073673312157164,VSL,VSL_2015_USD,8705114.0,20956.40705810857,58121128.02717005
O3_MAIN,O3,p05,Mortality,Respiratory mortality,568,12.265856068500192,12.029292001050509,0.2365640674496827,88372,0.0001320424481591,0.000867,0.000304,1.0002051220811365,0.00020508001469710102,11.668855228715985,0.0023930490018034185,VSL,VSL_2015_USD,8705114.0,20831.764368284963,57775440.25193256
O3_MAIN,O3,p05,Mortality,Respiratory mortality,569,2.067522373001492,9.755395018988333,-7.687872645986841,88373,0.0001320424481591,0.000867,0.000304,0.9933567788263004,-0.0066876487031668486,11.668987271164143,-0.07803808759127134,VSL,VSL_2015_USD,8705114.0,-679330.4488240024,-1884075446.681953
O3_MAIN,O3,p05,Mortality,Respiratory mortality,570,11.337557058830557,11.13405619451646,0.2035008643140958,88374,0.0001320424481591,0.000867,0.000304,1.0001764508149744,0.0001764196855770228,11.669119313612303,0.002058662360268247,VSL,VSL_2015_USD,8705114.0,17920.89053364416,49702335.43272472
O3_MAIN,O3,p05,Mortality,Respiratory mortality,571,2.2095977759609284,10.396084925634248,-8.18648714967332,88373,0.0001320424481591,0.000867,0.000304,0.992927444714969,-0.0071229326197759235,11.668987271164143,-0.08311741007352512,VSL,VSL_2015_USD,8705114.0,-723546.5300747845,-2006705652.9053094
O3_MAIN,O3,p05,Mortality,Respiratory mortality,572,2.12445456714558,10.36370708008206,-8.23925251293648,53982,0.0001320424481591,0.000867,0.000304,0.9928820217362407,-0.007169007100473079,7.127915436524536,-0.05110007637601607,VSL,VSL_2015_USD,8705114.0,-444831.9902619267,-1233710386.7521353
O3_MAIN,O3,p05,Mortality,Respiratory mortality,573,2.221607008558426,10.50406190746896,-8.282454898910533,26916,0.0001320424481591,0.000867,0.000304,0.9928448325784225,-0.0072067328013336596,3.5540545346503354,-0.025613121392593207,VSL,VSL_2015_USD,8705114.0,-222965.14161836263,-618378212.7186154
O3_MAIN,O3,p05,Mortality,Respiratory mortality,601,2.1188456385749803,10.422654556601604,-8.303808918026625,3938,0.0001320424481591,0.000867,0.000304,0.9928264512843059,-0.0072253803335058375,0.5199831608505358,-0.0037570761041636636,VSL,VSL_2015_USD,8705114.0,-32705.775793420566,-90707179.7587464
O3_MAIN,O3,p05,Mortality,Respiratory mortality,602,2.1584401164369904,10.45271095567469,-8.294270839237699,54996,0.0001320424481591,0.000867,0.000304,0.9928346615107994,-0.007217051103249217,7.261806478957864,-0.05240882846054516,VSL,VSL_2015_USD,8705114.0,-456224.82635549014,-1265307620.159107
O3_MAIN,O3,p05,Mortality,Respiratory mortality,603,2.033844515260468,10.853795316609892,-8.819950801349425,88373,0.0001320424481591,0.000867,0.000304,0.9923822657915485,-0.007676209532397671,11.668987271164143,-0.08957359132433729,VSL,VSL_2015_USD,8705114.0,-779748.323867767,-2162577393.864581
O3_MAIN,O3,p05,Mortality,Respiratory mortality,604,2.25904281080984,10.5527481200844,-8.29370530927456,88373,0.0001320424481591,0.000867,0.000304,0.9928351483121276,-0.007216557250267597,11.668987271164143,-0.0842099146949999,VSL,VSL_2015_USD,8705114.0,-733056.9073502494,-2033082018.552402
O3_MAIN,O3,p05,Mortality,Respiratory mortality,605,2.1017520700209187,10.560798004529252,-8.459045934508334,88373,0.0001320424481591,0.000867,0.000304,0.9926928352744006,-0.007360952417450939,11.668987271164143,-0.08589486006287993,VSL,VSL_2015_USD,8705114.0,-747724.548861417,-2073761695.5487196
O3_MAIN,O3,p05,Mortality,Respiratory mortality,606,12.565932260295266,12.352083729370548,0.213848530924718,88374,0.0001320424481591,0.000867,0.000304,1.000185423865192,0.00018538948955615364,11.669119313612303,0.0021633320731204385,VSL,VSL_2015_USD,8705114.0,18832.052316369754,52229378.85578936
O3_MAIN,O3,p05,Mortality,Respiratory mortality,607,2.343975079779427,11.656971266924309,-9.312996187144885,88373,0.0001320424481591,0.000867,0.000304,0.9919581424541022,-0.008107053313764156,11.668987271164143,-0.09460110192496303,VSL,VSL_2015_USD,8705114.0,-823513.3767824227,-2283956704.5696745
O3_MAIN,O3,p05,Mortality,Respiratory mortality,608,2.253358150181429,11.425565591252166,-9.172207441070736,88374,0.0001320424481591,0.000867,0.000304,0.9920792320670943,-0.007984007402717319,11.669119313612303,-0.09316633498307227,VSL,VSL_2015_USD,8705114.0,-811023.5669898321,-2249317091.39661
O3_MAIN,O3,p05,Mortality,Respiratory mortality,609,2.31493356876928,11.068447408240296,-8.753513839471019,88374,0.0001320424481591,0.000867,0.000304,0.9924394294958855,-0.007618168201917186,11.669119313612303,-0.08889731369933894,VSL,VSL_2015_USD,8705114.0,-773861.2500465072,-2146250006.7164843
O3_MAIN,O3,p05,Mortality,Respiratory mortality,610,2.0230989438431237,10.152567899026556,-8.129468955183432,88373,0.0001320424481591,0.000867,0.000304,0.9929765310726917,-0.007073146955166143,11.668987271164143,-0.08253646178690714,VSL,VSL_2015_USD,8705114.0,-718489.3090116704,-1992679804.292237
O3_MAIN,O3,p05,Mortality,Respiratory mortality,611,7.307665039589165,7.214304166821575,0.0933608727675894,88374,0.0001320424481591,0.000867,0.000304,1.0000809471527334,8.094060082231014e-05,11.669119313612303,0.000944505528311003,VSL,VSL_2015_USD,8705114.0,8222.028297577508,22803219.941350386
O3_MAIN,O3,p05,Mortality,Respiratory mortality,612,2.133797446455042,10.631326979649328,-8.497529533194285,88373,0.0001320424481591,0.000867,0.000304,0.9926597143524849,-0.007394563858475145,11.668987271164143,-0.08628707154035688,VSL,VSL_2015_USD,8705114.0,-751138.7944849622,-2083230866.7884288
O3_MAIN,O3,p05,Mortality,Respiratory mortality,613,2.237545575169249,10.943998094830466,-8.706452519661218,88373,0.0001320424481591,0.000867,0.000304,0.9924799239986469,-0.0075770560386301256,11.668987271164143,-0.08841657046767235,VSL,VSL_2015_USD,8705114.0,-769676.3254101211,-2134643411.182192
O3_MAIN,O3,p05,Mortality,Respiratory mortality,614,2.097477826737954,10.553226375424655,-8.455748548686703,47718,0.0001320424481591,0.000867,0.000304,0.9926956732219973,-0.007358072544322747,6.300801541255933,-0.04636175482794173,VSL,VSL_2015_USD,8705114.0,-403584.3610172831,-1119312974.3761635
O3_MAIN,O3,p05,Mortality,Respiratory mortality,643,2.198625539118482,11.151722397379988,-8.953096858261507,2346,0.0001320424481591,0.000867,0.000304,0.9922677141453116,-0.007792540001514192,0.3097715833812486,-0.002413907454830769,VSL,VSL_2015_USD,8705114.0,-21013.339579751693,-58279026.39067073
O3_MAIN,O3,p05,Mortality,Respiratory mortality,644,2.2768494682852283,11.004740611697304,-8.727891143412075,26746,0.0001320424481591,0.000867,0.000304,0.9924614766611078,-0.007595784336389189,3.5316073184632883,-0.02682532755186087,VSL,VSL_2015_USD,8705114.0,-233517.53442628979,-647644535.5039048
O3_MAIN,O3,p05,Mortality,Respiratory mortality,645,2.2810593753233026,10.53706096776448,-8.256001592441176,69888,0.0001320424481591,0.000867,0.000304,0.9928676037523747,-0.00718363276298839,9.22818261694318,-0.06629187498991296,VSL,VSL_2015_USD,8705114.0,-577078.3290609411,-1600486350.167486
O3_MAIN,O3,p05,Mortality,Respiratory mortality,646,2.260391430585041,10.268070306519403,-8.007678875934364,88373,0.0001320424481591,0.000867,0.000304,0.993081386985154,-0.006966813702802277,11.668987271164143,-0.0812956604185717,VSL,VSL_2015_USD,8705114.0,-707687.9916489543,-1962723106.6789594
O3_MAIN,O3,p05,Mortality,Respiratory mortality,647,2.137334499816963,10.611591668896365,-8.4742571690794,88374,0.0001320424481591,0.000867,0.000304,0.9926797435882693,-0.0073742377227019595,11.669119313612303,-0.08605085983314983,VSL,VSL_2015_USD,8705114.0,-749082.5446455902,-2077528001.7964191
O3_MAIN,O3,p05,Mortality,Respiratory mortality,648,2.140847732343987,10.943537642901132,-8.802689910557145,72285,0.0001320424481591,0.000867,0.000304,0.992397117094134,-0.007661129576966408,9.544688365180543,-0.0731230943374118,VSL,VSL_2015_USD,8705114.0,-636544.8722399243,-1765412645.0163732
O3_MAIN,O3,p05,Mortality,Respiratory mortality,649,2.456847574986232,11.005024922342669,-8.548177347356436,78707,0.0001320424481591,0.000867,0.000304,0.9926161259787222,-0.007438801192150013,10.392664967258284,-0.0773089685480566,VSL,VSL_2015_USD,8705114.0,-672983.3844332473,-1866472307.888701
O3_MAIN,O3,p05,Mortality,Respiratory mortality,650,2.2213905757746333,10.994550338891004,-8.77315976311637,88375,0.0001320424481591,0.000867,0.000304,0.9924225254033661,-0.007635331124264955,11.669251356060462,-0.08909859807579948,VSL,VSL_2015_USD,8705114.0,-775613.4534900151,-2151109620.3128123
O3_MAIN,O3,p05,Mortality,Respiratory mortality,651,16.563321295936753,16.246940998696473,0.3163802972402791,88374,0.0001320424481591,0.000867,0.000304,1.0002743393418636,0.00027426410043074334,11.669119313612303,0.0032004205113668914,VSL,VSL_2015_USD,8705114.0,27860.025399387087,77267830.24342212
O3_MAIN,O3,p05,Mortality,Respiratory mortality,652,2.2081090384354174,10.434387458830336,-8.226278420394918,88374,0.0001320424481591,0.000867,0.000304,0.9928931902704384,-0.007157677985107247,11.669119313612303,-0.08352379841663257,VSL,VSL_2015_USD,8705114.0,-727084.186929806,-2016517096.5567317
O3_MAIN,O3,p05,Mortality,Respiratory mortality,653,10.91845641201176,10.72790235967234,0.1905540523394204,88170,0.0001320424481591,0.000867,0.000304,1.0001652240113619,0.00016519671689774196,11.642182654187847,0.0019232503519956718,VSL,VSL_2015_USD,8705114.0,16742.11356466245,46433080.02364177
O3_MAIN,O3,p05,Mortality,Respiratory mortality,654,2.193991034888819,10.888708000160356,-8.694716965271537,88374,0.0001320424481591,0.000867,0.000304,0.992490022260966,-0.007566804270662253,11.669119313612303,-0.08829794185710894,VSL,VSL_2015_USD,8705114.0,-768643.649831505,-2131779357.7521908
O3_MAIN,O3,p05,Mortality,Respiratory mortality,655,2.281716754244713,10.81876985727748,-8.537053103032768,28007,0.0001320424481591,0.000867,0.000304,0.9926256995293217,-0.007429084774024153,3.6981128455919134,-0.02747359383381002,VSL,VSL_2015_USD,8705114.0,-239160.76631301327,-663295644.1155003
O3_MAIN,O3,p05,Mortality,Respiratory mortality,686,2.27402675158857,10.935480724021472,-8.661453972432902,17050,0.0001320424481591,0.000867,0.000304,0.9925186451081234,-0.007537747455677923,2.251323741112655,-0.016969909801479218,VSL,VSL_2015_USD,8705114.0,-147724.99939159397,-409704945.06262845
O3_MAIN,O3,p05,Mortality,Respiratory mortality,687,2.25872150780868,10.91001988799576,-8.651298380187079,50211,0.0001320424481591,0.000867,0.000304,0.9925273841725034,-0.007528876227154813,6.62998336451657,-0.04991632413954068,VSL,VSL_2015_USD,8705114.0,-434527.29209565354,-1205131027.7168484
O3_MAIN,O3,p05,Mortality,Respiratory mortality,688,2.04472447581061,10.668867942003056,-8.624143466192447,78804,0.0001320424481591,0.000867,0.000304,0.9925507518278975,-0.007505155941279318,10.405473084729715,-0.07809469814368125,VSL,VSL_2015_USD,8705114.0,-679823.2501363336,-1885442196.6256118
O3_MAIN,O3,p05,Mortality,Respiratory mortality,689,2.185713861774152,10.796918106074209,-8.611204244300055,15395,0.0001320424481591,0.000867,0.000304,0.9925618866277941,-0.007493853504164649,2.0327934894093445,-0.015233456613853301,VSL,VSL_2015_USD,8705114.0,-132608.97643764695,-367781713.52146316
O3_MAIN,O3,p05,Mortality,Respiratory mortality,690,2.2272413443311185,10.756999102992372,-8.529757758661255,26719,0.0001320424481591,0.000867,0.000304,0.9926319779698283,-0.007422712741172344,3.528042172362993,-0.026187643584192143,VSL,VSL_2015_USD,8705114.0,-227966.4227917612,-632248915.9633542
O3_MAIN,O3,p05,Mortality,Respiratory mortality,691,2.4471778650635088,11.356941394996134,-8.909763529932626,18381,0.0001320424481591,0.000867,0.000304,0.9923049943393306,-0.007754677951402167,2.427072239612417,-0.018821163582982685,VSL,VSL_2015_USD,8705114.0,-163840.37460251272,-454399810.1338468
O3_MAIN,O3,p05,Mortality,Respiratory mortality,692,2.158179700543585,10.915462337553503,-8.757282637009919,28949,0.0001320424481591,0.000867,0.000304,0.9924361866582404,-0.00762146064748892,3.822496831757786,-0.02913300917839304,VSL,VSL_2015_USD,8705114.0,-253606.16606095777,-703358949.138442
O3_MAIN,O3,p05,Mortality,Respiratory mortality,693,2.1523446360168825,10.976438192552628,-8.824093556535745,26275,0.0001320424481591,0.000867,0.000304,0.9923787013903429,-0.007679828878813577,3.469415325380352,-0.02664451600845443,VSL,VSL_2015_USD,8705114.0,-231943.54932842078,-643279198.013922
O3_MAIN,O3,p05,Mortality,Respiratory mortality,694,2.163014765710119,10.7267701213071,-8.563755355596982,3451,0.0001320424481591,0.000867,0.000304,0.9926027196636973,-0.0074524078866204935,0.45567848859705407,-0.0033959019621839924,VSL,VSL_2015_USD,8705114.0,-29561.71371363534,-81987343.66480766
O3_MAIN,O3,p05,Mortality,Respiratory mortality,695,2.2066990253114294,10.933649624992308,-8.726950599680878,34687,0.0001320424481591,0.000867,0.000304,0.9924622859655532,-0.00759496269131632,4.580156399294702,-0.034786116973036955,VSL,VSL_2015_USD,8705114.0,-302817.11386762164,-839842068.1138778
O3_MAIN,O3,p05,Mortality,Respiratory mortality,696,2.3463713567226168,10.805841751290467,-8.459470394567852,8351,0.0001320424481591,0.000867,0.000304,0.992692469956683,-0.007361323133271869,1.102686484576644,-0.008117231527660283,VSL,VSL_2015_USD,8705114.0,-70661.42581267691,-195974518.1916525
O3_MAIN,O3,p05,Mortality,Respiratory mortality,729,2.128459402081832,10.52592376145224,-8.397464359370408,456,0.0001320424481591,0.000867,0.000304,0.9927458377764862,-0.007307169617312592,0.0602113563605496,-0.0004399745938149893,VSL,VSL_2015_USD,8705114.0,-3830.028996263177,-10622317.319106182
O3_MAIN,O3,p05,Mortality,Respiratory mortality,730,2.2983482282676886,10.581215006492696,-8.282866778225008,1632,0.0001320424481591,0.000867,0.000304,0.9928444780342259,-0.007207092474283083,0.2154932753956512,-0.0015530799633626097,VSL,VSL_2015_USD,8705114.0,-13519.73813218734,-37496047.32795233
O3_MAIN,O3,p50,Mortality,Respiratory mortality,0,11.809210666287012,10.628289599658313,1.1809210666287022,66007,0.0001320424481591,0.000867,0.000304,1.0010243828868761,0.0010233346004238086,8.715725875637713,0.008919103856349168,VSL,VSL_2015_USD,8705114.0,77641.81584735913,215334141.32554123
O3_MAIN,O3,p50,Mortality,Respiratory mortality,1,11.62794440338785,10.465149963049068,1.162794440338784,35848,0.0001320424481591,0.000867,0.000304,1.0010086511265204,0.0010076347745697767,4.733457681607416,0.004769596563942067,VSL,VSL_2015_USD,8705114.0,41519.88182312398,115152485.84470673
O3_MAIN,O3,p50,Mortality,Respiratory mortality,2,12.08654399539896,10.877889595859063,1.2086543995398955,682,0.0001320424481591,0.000867,0.000304,1.0010484526069658,0.0010473545054043853,0.09005294964450619,9.43173625351278e-05,VSL,VSL_2015_USD,8705114.0,821.0433930476165,2277106.377580051
O3_MAIN,O3,p50,Mortality,Respiratory mortality,41,11.718344363775156,10.546509927397642,1.1718344363775142,53333,0.0001320424481591,0.000867,0.000304,1.0010164967393127,0.0010154645229363268,7.04221988766928,0.007151124458644798,VSL,VSL_2015_USD,8705114.0,62251.35364069125,172649771.72770232
O3_MAIN,O3,p50,Mortality,Respiratory mortality,42,12.004949260089102,10.804454334080193,1.2004949260089095,88375,0.0001320424481591,0.000867,0.000304,1.0010413709514332,0.001040287626118297,11.669251356060462,0.012139377791773856,VSL,VSL_2015_USD,8705114.0,105674.66756645968,293081293.2688463
O3_MAIN,O3,p50,Mortality,Respiratory mortality,43,12.101922755899531,10.891730480309578,1.2101922755899537,64336,0.0001320424481591,0.000867,0.000304,1.0010497873443334,0.0010486864465736323,8.495082944763857,0.008908678346692678,VSL,VSL_2015_USD,8705114.0,77551.06059729129,215082437.99234557
O3_MAIN,O3,p50,Mortality,Respiratory mortality,44,12.040458602220191,10.836412741998172,1.2040458602220188,8855,0.0001320424481591,0.000867,0.000304,1.0010444528221671,0.0010433630786550463,1.1692358784488304,0.0012199375458123091,VSL,VSL_2015_USD,8705114.0,10619.695409176373,29452981.838672027
O3_MAIN,O3,p50,Mortality,Respiratory mortality,82,12.06777965098007,10.861001685882062,1.2067779650980075,6180,0.0001320424481591,0.000867,0.000304,1.001046824033935,0.0010457293393294487,0.816022329623238,0.0008533384916349862,VSL,VSL_2015_USD,8705114.0,7428.408850270602,20602171.957605995
O3_MAIN,O3,p50,Mortality,Respiratory mortality,83,11.786074528376378,10.60746707553874,1.1786074528376371,38621,0.0001320424481591,0.000867,0.000304,1.0010223749309202,0.0010213307479672862,5.099611390352601,0.005208389915651314,VSL,VSL_2015_USD,8705114.0,45339.62797219508,125746284.406925
O3_MAIN,O3,p50,Mortality,Respiratory mortality,84,11.89507848230244,10.705570634072195,1.189507848230244,86400,0.0001320424481591,0.000867,0.000304,1.001031835280529,0.0010307716939290668,11.408467520946239,0.011759525391700495,VSL,VSL_2015_USD,8705114.0,102368.00912064746,283910507.5354773
O3_MAIN,O3,p50,Mortality,Respiratory mortality,85,11.481721104651887,10.333548994186698,1.1481721104651896,86293,0.0001320424481591,0.000867,0.000304,1.0009959608597256,0.0009949699086401198,11.394338978993217,0.011337024412943437,VSL,VSL_2015_USD,8705114.0,98690.0899354557,273710056.1296909
O3_MAIN,O3,p50,Mortality,Respiratory mortality,86,12.058824329815204,10.852941896833686,1.205882432981518,66266,0.0001320424481591,0.000867,0.000304,1.00104604679511,0.0010449537246152163,8.74992486971092,0.009143266582707737,VSL,VSL_2015_USD,8705114.0,79593.17793486128,220746107.4798823
O3_MAIN,O3,p50,Mortality,Respiratory mortality,87,11.70106573049905,10.530959157449145,1.170106573049905,22233,0.0001320424481591,0.000867,0.000304,1.0010149971601605,0.0010139679855346584,2.93569974992127,0.0029767055615622707,VSL,VSL_2015_USD,8705114.0,25912.561257833586,71866674.7693134
O3_MAIN,O3,p50,Mortality,Respiratory mortality,91,11.899613150196764,10.709651835177088,1.1899613150196764,5057,0.0001320424481591,0.000867,0.000304,1.0010322288419846,0.001031164444304511,0.6677386603405686,0.000688548364630721,VSL,VSL_2015_USD,8705114.0,5993.892008623994,16623639.913478043
O3_MAIN,O3,p50,Mortality,Respiratory mortality,125,11.942870413331397,10.748583371998256,1.1942870413331406,35539,0.0001320424481591,0.000867,0.000304,1.0010359831250144,0.0010349109747087581,4.692656565126255,0.004856481779788265,VSL,VSL_2015_USD,8705114.0,42276.22753197975,117250157.72401859
O3_MAIN,O3,p50,Mortality,Respiratory mortality,126,12.390139896298406,11.151125906668566,1.239013989629839,87860,0.0001320424481591,0.000867,0.000304,1.0010748023154805,0.001073648355741752,11.601249495258525,0.012455662445134146,VSL,VSL_2015_USD,8705114.0,108427.96153041149,300717361.3472891
O3_MAIN,O3,p50,Mortality,Respiratory mortality,127,12.139594961595074,10.925635465435567,1.2139594961595073,88375,0.0001320424481591,0.000867,0.000304,1.0010530569587015,0.0010519491962801553,11.669251356060462,0.012275459585198914,VSL,VSL_2015_USD,8705114.0,106859.27509154927,296366719.3171555
O3_MAIN,O3,p50,Mortality,Respiratory mortality,128,11.716655295107511,10.544989765596762,1.171665529510749,88366,0.0001320424481591,0.000867,0.000304,1.0010163501482119,0.0010153182293790586,11.66806297402703,0.011846797039072477,VSL,VSL_2015_USD,8705114.0,103127.71875998836,286017509.0405145
O3_MAIN,O3,p50,Mortality,Respiratory mortality,129,11.77442624768692,10.596983622918229,1.1774426247686929,69107,0.0001320424481591,0.000867,0.000304,1.0010213639929924,0.0010203218729700758,9.125057464930924,0.009310495723577892,VSL,VSL_2015_USD,8705114.0,81048.92667025804,224783524.69509372
O3_MAIN,O3,p50,Mortality,Respiratory mortality,130,11.869020548283997,10.682118493455595,1.1869020548283995,48901,0.0001320424481591,0.000867,0.000304,1.0010295737290584,0.0010285147972431963,6.457007757428149,0.006641128024428958,VSL,VSL_2015_USD,8705114.0,57811.77654124886,160336915.4127958
O3_MAIN,O3,p50,Mortality,Respiratory mortality,131,12.25035332860812,11.02531799574731,1.225035332860811,49015,0.0001320424481591,0.000867,0.000304,1.0010626698675198,0.0010615417990368359,6.472060596518286,0.006870362849103439,VSL,VSL_2015_USD,8705114.0,59807.291822810235,165871337.36013657
O3_MAIN,O3,p50,Mortality,Respiratory mortality,132,11.995359489802338,10.795823540822106,1.1995359489802322,82710,0.0001320424481591,0.000867,0.000304,1.0010405386528651,0.0010394570576187645,10.92123088723916,0.011352150523624786,VSL,VSL_2015_USD,8705114.0,98821.76445331346,274075246.18775314
O3_MAIN,O3,p50,Mortality,Respiratory mortality,133,11.67790965431858,10.510118688886724,1.1677909654318557,71305,0.0001320424481591,0.000867,0.000304,1.0010129874926323,0.0010119623873908745,9.415286765984625,0.009527916073675508,VSL,VSL_2015_USD,8705114.0,82941.59560377769,230032709.49538514
O3_MAIN,O3,p50,Mortality,Respiratory mortality,134,11.788716556450916,10.609844900805824,1.178871655645091,65679,0.0001320424481591,0.000867,0.000304,1.0010226042289696,0.0010215595778252373,8.67241595264153,0.008859389579305333,VSL,VSL_2015_USD,8705114.0,77121.99625826498,213892458.08255982
O3_MAIN,O3,p50,Mortality,Respiratory mortality,135,11.82663472140782,10.643971249267038,1.1826634721407832,27480,0.0001320424481591,0.000867,0.000304,1.0010258951010973,0.001024843718946511,3.628526475412068,0.003718672567357179,VSL,VSL_2015_USD,8705114.0,32371.468627516922,89780002.23561426
O3_MAIN,O3,p50,Mortality,Respiratory mortality,136,12.097092837091507,10.887383553382357,1.2097092837091503,5922,0.0001320424481591,0.000867,0.000304,1.0010493681508579,0.0010482681316670295,0.7819553779981901,0.0008196989031411486,VSL,VSL_2015_USD,8705114.0,7135.5723975186565,19790010.554450165
O3_MAIN,O3,p50,Mortality,Respiratory mortality,166,11.913714568488626,10.722343111639765,1.1913714568488611,56,0.0001320424481591,0.000867,0.000304,1.0010334526976945,0.0010323857758294253,0.0073943770969096,7.633849735968351e-06,VSL,VSL_2015_USD,8705114.0,66.45353221047439,184304.21983849598
O3_MAIN,O3,p50,Mortality,Respiratory mortality,167,11.591953421174413,10.432758079056972,1.1591953421174406,60657,0.0001320424481591,0.000867,0.000304,1.0010055275658225,0.0010045174957901137,8.009298777986528,0.008045480751497846,VSL,VSL_2015_USD,8705114.0,70036.82712659442,194242237.45771074
O3_MAIN,O3,p50,Mortality,Respiratory mortality,168,11.83935485372132,10.655419368349188,1.1839354853721318,88376,0.0001320424481591,0.000867,0.000304,1.001026999068571,0.0010259454235765908,11.669383398508621,0.011972150493660565,VSL,VSL_2015_USD,8705114.0,104218.9348724715,289043920.5433586
O3_MAIN,O3,p50,Mortality,Respiratory mortality,169,11.98786433402051,10.78907790061846,1.1987864334020522,87552,0.0001320424481591,0.000867,0.000304,1.001039888146897,0.0010388079028719188,11.560580421225522,0.012009222303355448,VSL,VSL_2015_USD,8705114.0,104541.64920205176,289938946.1464464
O3_MAIN,O3,p50,Mortality,Respiratory mortality,170,11.978706956398174,10.780836260758356,1.1978706956398175,88376,0.0001320424481591,0.000867,0.000304,1.001039093376959,0.00103801478267318,11.669383398508621,0.012112992472332941,VSL,VSL_2015_USD,8705114.0,105444.9803528001,292444271.8598664
O3_MAIN,O3,p50,Mortality,Respiratory mortality,171,11.853578673937964,10.668220806544166,1.1853578673937974,88376,0.0001320424481591,0.000867,0.000304,1.0010282335410456,0.0010271773628285352,11.669383398508621,0.011986526465115176,VSL,VSL_2015_USD,8705114.0,104344.07934284463,289390999.9718256
O3_MAIN,O3,p50,Mortality,Respiratory mortality,172,12.055746111445796,10.85017150030122,1.205574611144577,88376,0.0001320424481591,0.000867,0.000304,1.0010457796344423,0.001044687121925847,11.669383398508621,0.01219085455723723,VSL,VSL_2015_USD,8705114.0,106122.7786781696,294324098.0693959
O3_MAIN,O3,p50,Mortality,Respiratory mortality,173,12.134719601803534,10.92124764162318,1.2134719601803532,88377,0.0001320424481591,0.000867,0.000304,1.0010526338199766,0.0010515269471492728,11.669515440956781,0.012270809946340583,VSL,VSL_2015_USD,8705114.0,106818.79945522865,296254462.9731148
O3_MAIN,O3,p50,Mortality,Respiratory mortality,174,11.769038525209217,10.592134672688296,1.1769038525209208,88377,0.0001320424481591,0.000867,0.000304,1.0010208964004679,0.0010198552339304445,11.669515440956781,0.011901216399891912,VSL,VSL_2015_USD,8705114.0,103601.44549972868,287331356.9923125
O3_MAIN,O3,p50,Mortality,Respiratory mortality,175,11.645732689137136,10.481159420223426,1.1645732689137116,88377,0.0001320424481591,0.000867,0.000304,1.0010101949276717,0.001009175463737133,11.669515440956781,0.011776588656715194,VSL,VSL_2015_USD,8705114.0,102516.54678781262,284322466.3577231
O3_MAIN,O3,p50,Mortality,Respiratory mortality,176,11.892772088350643,10.70349487951558,1.1892772088350654,88377,0.0001320424481591,0.000867,0.000304,1.0010316351098631,0.0010305719356710208,11.669515440956781,0.012026275116329695,VSL,VSL_2015_USD,8705114.0,104690.09588301326,290350652.6248254
O3_MAIN,O3,p50,Mortality,Respiratory mortality,177,11.573626484281895,10.416263835853709,1.1573626484281905,84182,0.0001320424481591,0.000867,0.000304,1.0010039370239292,0.0010029301452239014,11.115597370929356,0.011148167685476596,VSL,VSL_2015_USD,8705114.0,97046.07059318991,269150483.56527066
O3_MAIN,O3,p50,Mortality,Respiratory mortality,178,11.938971496773451,10.745074347096104,1.1938971496773458,32375,0.0001320424481591,0.000867,0.000304,1.0010356447388065,0.0010345732884233794,4.274874259150862,0.0044226707198861655,VSL,VSL_2015_USD,8705114.0,38499.85280107114,106776646.75407472
O3_MAIN,O3,p50,Mortality,Respiratory mortality,208,11.825653174625185,10.643087857162664,1.1825653174625188,46725,0.0001320424481591,0.000867,0.000304,1.001025809913691,0.001024758706051232,6.169683390233947,0.006322436767721918,VSL,VSL_2015_USD,8705114.0,55037.53282081082,152642744.65122133
O3_MAIN,O3,p50,Mortality,Respiratory mortality,209,12.051643422093724,10.846479079884352,1.205164342209372,21680,0.0001320424481591,0.000867,0.000304,1.0010454235593518,0.001044331790294284,2.862680276089288,0.0029895880177684612,VSL,VSL_2015_USD,8705114.0,26024.70450770848,72177696.22281392
O3_MAIN,O3,p50,Mortality,Respiratory mortality,210,11.853216892921516,10.667895203629364,1.1853216892921503,27561,0.0001320424481591,0.000867,0.000304,1.00102820214238,0.0010271460286327416,3.639221913712955,0.0037380123359835077,VSL,VSL_2015_USD,8705114.0,32539.823518142737,90246922.73992261
O3_MAIN,O3,p50,Mortality,Respiratory mortality,211,11.913988977985216,10.722590080186697,1.1913988977985213,88377,0.0001320424481591,0.000867,0.000304,1.0010334765135853,0.001032409542570667,11.669515440956781,0.012047719098419526,VSL,VSL_2015_USD,8705114.0,104876.7681917192,290868375.20595974
O3_MAIN,O3,p50,Mortality,Respiratory mortality,212,11.910642881019472,10.719578592917523,1.1910642881019484,88377,0.0001320424481591,0.000867,0.000304,1.0010331861072022,0.0010321197354304923,11.669515440956781,0.012044337189522357,VSL,VSL_2015_USD,8705114.0,104847.32828923172,290786725.69720393
O3_MAIN,O3,p50,Mortality,Respiratory mortality,213,12.137307103931589,10.92357639353843,1.2137307103931594,88376,0.0001320424481591,0.000867,0.000304,1.0010528583925802,0.0010517510476628633,11.669383398508621,0.012273286214961068,VSL,VSL_2015_USD,8705114.0,106840.3556558646,296314247.58664453
O3_MAIN,O3,p50,Mortality,Respiratory mortality,214,11.946521175069984,10.751869057562986,1.1946521175069975,88377,0.0001320424481591,0.000867,0.000304,1.0010362999740179,0.001035227168130315,11.669515440956781,0.012080599423394671,VSL,VSL_2015_USD,8705114.0,105162.99516898488,291662205.6915177
O3_MAIN,O3,p50,Mortality,Respiratory mortality,215,12.11396117327857,10.902565055950712,1.2113961173278565,88376,0.0001320424481591,0.000867,0.000304,1.001050832171361,0.0010497290822699679,11.669383398508621,0.012249691125572854,VSL,VSL_2015_USD,8705114.0,106634.95771290001,295744590.76968825
O3_MAIN,O3,p50,Mortality,Respiratory mortality,216,11.810791803570371,10.629712623213337,1.1810791803570382,88376,0.0001320424481591,0.000867,0.000304,1.001024520111915,0.0010234715447334786,11.669383398508621,0.011943281852958829,VSL,VSL_2015_USD,8705114.0,103967.63006413785,288346944.2487818
O3_MAIN,O3,p50,Mortality,Respiratory mortality,217,12.018065588295174,10.81625902946566,1.2018065588295157,88377,0.0001320424481591,0.000867,0.000304,1.0010425093219681,0.0010414236281276468,11.669515440956781,0.012152909109012807,VSL,VSL_2015_USD,8705114.0,105792.45922559491,293407980.19004166
O3_MAIN,O3,p50,Mortality,Respiratory mortality,218,11.59529142654331,10.43576228388898,1.1595291426543302,76565,0.0001320424481591,0.000867,0.000304,1.0010058172619347,0.001004806610101272,10.109830043301491,0.010158424054509767,VSL,VSL_2015_USD,8705114.0,88430.23945484974,245255079.0112639
O3_MAIN,O3,p50,Mortality,Respiratory mortality,219,11.74314818046523,10.568833362418708,1.174314818046522,5064,0.0001320424481591,0.000867,0.000304,1.0010186494185014,0.0010176128277862295,0.6686629574776823,0.0006804400029947677,VSL,VSL_2015_USD,8705114.0,5923.307796229794,16427879.541297596
O3_MAIN,O3,p50,Mortality,Respiratory mortality,251,11.729556568173711,10.556600911356345,1.1729556568173702,80,0.0001320424481591,0.000867,0.000304,1.0010174698260417,0.0010164356334545488,0.010563395852727999,1.0737011954998737e-05,VSL,VSL_2015_USD,8705114.0,93.46691308762688,259223.940764617
O3_MAIN,O3,p50,Mortality,Respiratory mortality,252,11.81369562434366,10.632326061909293,1.181369562434366,28607,0.0001320424481591,0.000867,0.000304,1.0010247721311423,0.0010237230482923465,3.7773383144873733,0.0038669482937384882,VSL,VSL_2015_USD,8705114.0,33662.225729099024,93359826.7038551
O3_MAIN,O3,p50,Mortality,Respiratory mortality,253,12.123176788776052,10.910859109898448,1.212317678877605,77148,0.0001320424481591,0.000867,0.000304,1.0010516320051523,0.0010505272370876506,10.186810790578246,0.01070152219456083,VSL,VSL_2015_USD,8705114.0,93157.97067718221,258367110.61521745
O3_MAIN,O3,p50,Mortality,Respiratory mortality,254,12.179126791977902,10.961214112780112,1.2179126791977897,88376,0.0001320424481591,0.000867,0.000304,1.001056487983533,0.0010553729946460866,11.669383398508621,0.01231555210295737,VSL,VSL_2015_USD,8705114.0,107208.28502918365,297334673.9484888
O3_MAIN,O3,p50,Mortality,Respiratory mortality,255,12.06152787781093,10.855375090029836,1.2061527877810931,88376,0.0001320424481591,0.000867,0.000304,1.0010462814379395,0.0010451878772642642,11.669383398508621,0.012196698063270072,VSL,VSL_2015_USD,8705114.0,106173.64706434519,294465177.97766685
O3_MAIN,O3,p50,Mortality,Respiratory mortality,256,11.95739779317372,10.761658013856346,1.195739779317373,88376,0.0001320424481591,0.000867,0.000304,1.0010372439544863,0.0010361691942536444,11.669383398508621,0.012091455593469533,VSL,VSL_2015_USD,8705114.0,105257.49936708994,291924306.46966827
O3_MAIN,O3,p50,Mortality,Respiratory mortality,257,12.359944395637388,11.12394995607365,1.235994439563738,88377,0.0001320424481591,0.000867,0.000304,1.001072181555225,0.001071033213168926,11.669515440956781,0.012498438618852336,VSL,VSL_2015_USD,8705114.0,108800.33299911214,301750107.54972756
O3_MAIN,O3,p50,Mortality,Respiratory mortality,258,12.483245965504612,11.234921368954152,1.2483245965504608,88376,0.0001320424481591,0.000867,0.000304,1.0010828833204195,0.0010817119525885488,11.669383398508621,0.012622911501505156,VSL,VSL_2015_USD,8705114.0,109883.88363251355,304755259.38292205
O3_MAIN,O3,p50,Mortality,Respiratory mortality,259,12.054848275059912,10.84936344755392,1.2054848275059928,45742,0.0001320424481591,0.000867,0.000304,1.0010457017106247,0.001044609360829063,6.039885663693552,0.006309321102631542,VSL,VSL_2015_USD,8705114.0,54923.35946101327,152326092.82995802
O3_MAIN,O3,p50,Mortality,Respiratory mortality,294,11.849440429256807,10.664496386331129,1.1849440429256806,10391,0.0001320424481591,0.000867,0.000304,1.0010278743863805,0.0010268189454870624,1.372053078821208,0.00140885009554747,VSL,VSL_2015_USD,8705114.0,12264.200690651618,34013902.121473916
O3_MAIN,O3,p50,Mortality,Respiratory mortality,295,11.381535165023204,10.243381648520884,1.1381535165023209,58101,0.0001320424481591,0.000867,0.000304,1.0009872661254853,0.0009862923924163214,7.671798280491869,0.007566636280201746,VSL,VSL_2015_USD,8705114.0,65868.43141569215,182681483.74122307
O3_MAIN,O3,p50,Mortality,Respiratory mortality,296,11.503509459132944,10.35315851321965,1.150350945913294,88049,0.0001320424481591,0.000867,0.000304,1.0009978517932654,0.0009968570776428543,11.626205517960596,0.011589665256709427,VSL,VSL_2015_USD,8705114.0,100889.35728149483,279809570.1652162
O3_MAIN,O3,p50,Mortality,Respiratory mortality,297,11.361264586246296,10.225138127621667,1.136126458624629,88376,0.0001320424481591,0.000867,0.000304,1.000985506932771,0.0009845366650621523,11.669383398508621,0.011488935814499323,VSL,VSL_2015_USD,8705114.0,100012.49600389946,277377656.7920949
O3_MAIN,O3,p50,Mortality,Respiratory mortality,298,11.75587806901074,10.580290262109664,1.175587806901074,88375,0.0001320424481591,0.000867,0.000304,1.0010197542247123,0.001018715385394331,11.669251356060462,0.011887645892452453,VSL,VSL_2015_USD,8705114.0,103483.31268543034,287003723.901153
O3_MAIN,O3,p50,Mortality,Respiratory mortality,299,11.7784401995898,10.60059617963082,1.1778440199589788,88375,0.0001320424481591,0.000867,0.000304,1.0010217123581275,0.0010206695274577182,11.669251356060462,0.01191044926737557,VSL,VSL_2015_USD,8705114.0,103681.81866372081,287554266.3365232
O3_MAIN,O3,p50,Mortality,Respiratory mortality,300,11.410648809226943,10.26958392830425,1.1410648809226949,65052,0.0001320424481591,0.000867,0.000304,1.000989792773637,0.0009888140526334022,8.589625337645773,0.008493542240720072,VSL,VSL_2015_USD,8705114.0,73937.25346928366,205059796.88931537
O3_MAIN,O3,p50,Mortality,Respiratory mortality,301,11.962546502346497,10.766291852111843,1.1962546502346516,35569,0.0001320424481591,0.000867,0.000304,1.0010376908106897,0.0010366151247006572,4.6966178385710275,0.004868585086401637,VSL,VSL_2015_USD,8705114.0,42381.588195826094,117542368.14994995
O3_MAIN,O3,p50,Mortality,Respiratory mortality,302,12.16203823014461,10.945834407130148,1.216203823014462,32382,0.0001320424481591,0.000867,0.000304,1.0010550048410511,0.0010538929788564966,4.275798556287976,0.004506234077476642,VSL,VSL_2015_USD,8705114.0,39227.281355119,108794118.92872767
O3_MAIN,O3,p50,Mortality,Respiratory mortality,303,11.86481021077768,10.678329189699914,1.186481021077766,24978,0.0001320424481591,0.000867,0.000304,1.0010292083170316,0.0010281501363600398,3.2981562701179996,0.0033909998188585417,VSL,VSL_2015_USD,8705114.0,29519.039997142954,81868991.09927619
O3_MAIN,O3,p50,Mortality,Respiratory mortality,304,11.841326995857798,10.65719429627202,1.1841326995857795,8201,0.0001320424481591,0.000867,0.000304,1.00102717022891,0.0010261162328643048,1.0828801173527791,0.00111116086666169,VSL,VSL_2015_USD,8705114.0,9672.782016628811,26826783.82837884
O3_MAIN,O3,p50,Mortality,Respiratory mortality,337,11.722310857005958,10.55007977130536,1.1722310857005969,12381,0.0001320424481591,0.000867,0.000304,1.0010168409839033,0.001015808068627222,1.634817550657817,0.0016606608586916028,VSL,VSL_2015_USD,8705114.0,14456.242090248294,40093375.50035732
O3_MAIN,O3,p50,Mortality,Respiratory mortality,338,12.037114335859874,10.833402902273887,1.2037114335859869,74381,0.0001320424481591,0.000867,0.000304,1.0010441625714788,0.0010430734332406155,9.821449336522017,0.010244492878844786,VSL,VSL_2015_USD,8705114.0,89179.47838253205,247333040.73046583
O3_MAIN,O3,p50,Mortality,Respiratory mortality,339,11.86692514414126,10.680232629727136,1.1866925144141245,88375,0.0001320424481591,0.000867,0.000304,1.0010293918704916,0.0010283333125393757,11.669251356060462,0.011999879901832256,VSL,VSL_2015_USD,8705114.0,104460.3225317586,289713392.31925523
O3_MAIN,O3,p50,Mortality,Respiratory mortality,340,12.117047350392818,10.905342615353536,1.211704735039282,88377,0.0001320424481591,0.000867,0.000304,1.0010511000241253,0.0010499963729123651,11.669515440956781,0.01225294888664946,VSL,VSL_2015_USD,8705114.0,106663.31689445663,295823242.9745928
O3_MAIN,O3,p50,Mortality,Respiratory mortality,341,11.856033708220922,10.670430337398829,1.1856033708220934,88375,0.0001320424481591,0.000867,0.000304,1.0010284466114017,0.001027389995642003,11.669251356060462,0.011988872099848395,VSL,VSL_2015_USD,8705114.0,104364.49836059965,289447630.6882379
O3_MAIN,O3,p50,Mortality,Respiratory mortality,342,12.233257670801317,11.009931903721183,1.223325767080132,88375,0.0001320424481591,0.000867,0.000304,1.0010611861000052,0.0010600611778180946,11.669251356060462,0.012370120336760852,VSL,VSL_2015_USD,8705114.0,107683.3077252216,298652116.1443613
O3_MAIN,O3,p50,Mortality,Respiratory mortality,343,11.870359434738742,10.683323491264868,1.187035943473873,88375,0.0001320424481591,0.000867,0.000304,1.0010296899300353,0.0010286307593005972,11.669251356060462,0.012003350882853998,VSL,VSL_2015_USD,8705114.0,104490.5378172447,289797192.2984809
O3_MAIN,O3,p50,Mortality,Respiratory mortality,344,12.167914416023914,10.951122974421525,1.216791441602389,88377,0.0001320424481591,0.000867,0.000304,1.0010555148439853,0.0010544019071206945,11.669515440956781,0.012304359336119222,VSL,VSL_2015_USD,8705114.0,107110.85071788215,297064446.7064959
O3_MAIN,O3,p50,Mortality,Respiratory mortality,345,12.110776511444048,10.899698860299644,1.2110776511444037,86300,0.0001320424481591,0.000867,0.000304,1.0010505557710725,0.001049453261891764,11.39526327613033,0.011958796215250403,VSL,VSL_2015_USD,8705114.0,104102.6843565233,288721507.8749124
O3_MAIN,O3,p50,Mortality,Respiratory mortality,346,11.726366874645532,10.553730187180978,1.1726366874645535,33933,0.0001320424481591,0.000867,0.000304,1.0010171929982734,0.0010161593680790837,4.48059639338274,0.004552999999717227,VSL,VSL_2015_USD,8705114.0,39634.384039538425,109923189.72677705
O3_MAIN,O3,p50,Mortality,Respiratory mortality,347,11.87022610372219,10.683203493349971,1.1870226103722192,2135,0.0001320424481591,0.000867,0.000304,1.001029678358333,0.00102861921139219,0.2819106268196785,0.00028997868664233564,VSL,VSL_2015_USD,8705114.0,2524.297524791809,7000962.484183346
O3_MAIN,O3,p50,Mortality,Respiratory mortality,348,12.013779739330824,10.81240176539774,1.2013779739330823,32334,0.0001320424481591,0.000867,0.000304,1.0010421373515532,0.0010410524319289793,4.269460518776339,0.004444732256096869,VSL,VSL_2015_USD,8705114.0,38691.900988800444,107309278.95936881
O3_MAIN,O3,p50,Mortality,Respiratory mortality,349,12.26933961420047,11.042405652780422,1.2269339614200483,30021,0.0001320424481591,0.000867,0.000304,1.0010643177291094,0.0010631861612286908,3.964046336184341,0.004214519207100486,VSL,VSL_2015_USD,8705114.0,36687.87015299934,101751239.71843296
O3_MAIN,O3,p50,Mortality,Respiratory mortality,350,11.959728507249418,10.763755656524475,1.1959728507249423,41325,0.0001320424481591,0.000867,0.000304,1.001037446237016,0.0010363710577618868,5.456654170174807,0.005655118454184875,VSL,VSL_2015_USD,8705114.0,49228.450827183115,136531662.37763447
O3_MAIN,O3,p50,Mortality,Respiratory mortality,351,12.228604323467204,11.005743891120485,1.222860432346721,31973,0.0001320424481591,0.000867,0.000304,1.0010607822267423,0.0010596581601994837,4.221793194990904,0.004473657609746762,VSL,VSL_2015_USD,8705114.0,38943.69948981307,108007624.47603226
O3_MAIN,O3,p50,Mortality,Respiratory mortality,352,11.960015519636078,10.764013967672472,1.1960015519636062,11823,0.0001320424481591,0.000867,0.000304,1.001037471146806,0.0010363959159465086,1.5611378645850391,0.0016179569070853882,VSL,VSL_2015_USD,8705114.0,14084.499323265713,39062372.958124824
O3_MAIN,O3,p50,Mortality,Respiratory mortality,353,11.804386494932494,10.623947845439243,1.180438649493249,30,0.0001320424481591,0.000867,0.000304,1.0010239642028531,0.0010229167726955035,0.003961273444773,4.052053047891597e-06,VSL,VSL_2015_USD,8705114.0,35.273583715943815,97828.81528531005
O3_MAIN,O3,p50,Mortality,Respiratory mortality,360,11.948769685263292,10.753892716736964,1.1948769685263283,26038,0.0001320424481591,0.000867,0.000304,1.0010364951218929,0.0010354219121319064,3.4381212651666457,0.0035599060945202174,VSL,VSL_2015_USD,8705114.0,30989.388382093268,85946899.42054893
O3_MAIN,O3,p50,Mortality,Respiratory mortality,361,11.974283230492295,10.776854907443065,1.1974283230492304,20956,0.0001320424481591,0.000867,0.000304,1.001038709441466,0.0010376316436807587,2.7670815436220995,0.00287121137030729,VSL,VSL_2015_USD,8705114.0,24994.222296621174,69319725.94411805
O3_MAIN,O3,p50,Mortality,Respiratory mortality,379,12.106268211530734,10.89564139037766,1.210626821153074,54999,0.0001320424481591,0.000867,0.000304,1.0010501644909162,0.0010490628024123483,7.26220260630234,0.007618506617853793,VSL,VSL_2015_USD,8705114.0,66319.9686181717,183933790.56469592
O3_MAIN,O3,p50,Mortality,Respiratory mortality,380,11.838941809604234,10.655047628643812,1.1838941809604222,88376,0.0001320424481591,0.000867,0.000304,1.001026963220869,0.001025909649391088,11.669383398508621,0.011971733030974162,VSL,VSL_2015_USD,8705114.0,104215.30081219562,289033841.7315677
O3_MAIN,O3,p50,Mortality,Respiratory mortality,381,11.80315987644448,10.62284388880003,1.1803159876444482,88376,0.0001320424481591,0.000867,0.000304,1.0010238577461397,0.001022810533651941,11.669383398508621,0.011935568261217704,VSL,VSL_2015_USD,8705114.0,103900.4823686819,288160714.8157734
O3_MAIN,O3,p50,Mortality,Respiratory mortality,382,11.85883844213308,10.672954597919771,1.1858838442133075,88375,0.0001320424481591,0.000867,0.000304,1.0010286900319492,0.0010276329162117737,11.669251356060462,0.011991706801036606,VSL,VSL_2015_USD,8705114.0,104389.17475759897,289516068.9479677
O3_MAIN,O3,p50,Mortality,Respiratory mortality,383,11.79536608481346,10.615829476332117,1.179536608481344,88376,0.0001320424481591,0.000867,0.000304,1.0010231813327908,0.0010221355028247059,11.669383398508621,0.011927691067688885,VSL,VSL_2015_USD,8705114.0,103831.91050101345,287970535.5408257
O3_MAIN,O3,p50,Mortality,Respiratory mortality,384,12.067633069576717,10.860869762619044,1.2067633069576704,88377,0.0001320424481591,0.000867,0.000304,1.0010468113120237,0.0010457166440114296,11.669515440956781,0.012203006524156883,VSL,VSL_2015_USD,8705114.0,106228.56293552942,294617483.3022854
O3_MAIN,O3,p50,Mortality,Respiratory mortality,385,12.03730222226466,10.833572000038194,1.203730222226465,88376,0.0001320424481591,0.000867,0.000304,1.0010441788782394,0.0010430897060003108,11.669383398508621,0.012172213698355265,VSL,VSL_2015_USD,8705114.0,105960.5078765442,293874051.36004394
O3_MAIN,O3,p50,Mortality,Respiratory mortality,386,11.81998697416947,10.637988276752523,1.1819986974169456,88376,0.0001320424481591,0.000867,0.000304,1.0010253181502933,0.0010242679497736162,11.669383398508621,0.011952575408712699,VSL,VSL_2015_USD,8705114.0,104048.53152644064,288571318.79137623
O3_MAIN,O3,p50,Mortality,Respiratory mortality,387,12.01349038616007,10.812141347544063,1.2013490386160068,88291,0.0001320424481591,0.000867,0.000304,1.0010421122384896,0.0010410273711255469,11.658159790415098,0.012136463438777386,VSL,VSL_2015_USD,8705114.0,105649.29779138917,293010931.97357243
O3_MAIN,O3,p50,Mortality,Respiratory mortality,388,11.862717370073534,10.67644563306618,1.1862717370073543,86731,0.0001320424481591,0.000867,0.000304,1.0010290266810098,0.0010279688736116732,11.452173571286902,0.01177247796648117,VSL,VSL_2015_USD,8705114.0,102480.76276070676,284223221.8634269
O3_MAIN,O3,p50,Mortality,Respiratory mortality,389,11.982987950281936,10.784689155253742,1.1982987950281938,88377,0.0001320424481591,0.000867,0.000304,1.00103946492487,0.0010383855595023084,11.669515440956781,0.012117456320278734,VSL,VSL_2015_USD,8705114.0,105483.8386580469,292552042.649387
O3_MAIN,O3,p50,Mortality,Respiratory mortality,390,11.723789476985214,10.551410529286692,1.1723789476985207,88377,0.0001320424481591,0.000867,0.000304,1.001016969310619,0.0010159361347483742,11.669515440956781,0.011855482411472102,VSL,VSL_2015_USD,8705114.0,103203.32591685955,286227200.1975958
O3_MAIN,O3,p50,Mortality,Respiratory mortality,391,12.0179044709926,10.81611402389334,1.2017904470992598,88376,0.0001320424481591,0.000867,0.000304,1.0010424953385355,0.0010414096738049494,11.669383398508621,0.012152608758545756,VSL,VSL_2015_USD,8705114.0,105789.84464053928,293400728.82141083
O3_MAIN,O3,p50,Mortality,Respiratory mortality,392,12.239576264658986,11.015618638193088,1.2239576264658982,88377,0.0001320424481591,0.000867,0.000304,1.001061734503584,0.001060608419030662,11.669515440956781,0.012376786322687069,VSL,VSL_2015_USD,8705114.0,107741.33589263172,298813053.20470154
O3_MAIN,O3,p50,Mortality,Respiratory mortality,393,11.97666680685652,10.779000126170873,1.19766668068565,88376,0.0001320424481591,0.000867,0.000304,1.0010389163122135,0.001037838085297338,11.669383398508621,0.012110930522908729,VSL,VSL_2015_USD,8705114.0,105427.0308480001,292394490.1647689
O3_MAIN,O3,p50,Mortality,Respiratory mortality,394,11.98265237048605,10.784387133437448,1.198265237048604,65713,0.0001320424481591,0.000867,0.000304,1.0010394357998589,0.001038356494945103,8.676905395878938,0.009009721073835105,VSL,VSL_2015_USD,8705114.0,78430.649055937,217521915.01120734
O3_MAIN,O3,p50,Mortality,Respiratory mortality,395,12.15853536165868,10.94268182549281,1.21585353616587,29100,0.0001320424481591,0.000867,0.000304,1.0010547008219959,0.0010535896001786504,3.84243524142981,0.00404834980973039,VSL,VSL_2015_USD,8705114.0,35241.346605581355,97739407.9163175
O3_MAIN,O3,p50,Mortality,Respiratory mortality,396,11.820777194357523,10.63869947492177,1.1820777194357532,7120,0.0001320424481591,0.000867,0.000304,1.0010253867326326,0.0010243363916868642,0.9401422308927919,0.0009630219004651612,VSL,VSL_2015_USD,8705114.0,8383.215428045882,23250261.16460529
O3_MAIN,O3,p50,Mortality,Respiratory mortality,397,11.851092859507476,10.66598357355673,1.1851092859507464,2535,0.0001320424481591,0.000867,0.000304,1.0010280177993527,0.0010269620640716015,0.3347276060833185,0.0003437525532450707,VSL,VSL_2015_USD,8705114.0,2992.4051637894104,8299226.253408464
O3_MAIN,O3,p50,Mortality,Respiratory mortality,398,12.009051065905632,10.808145959315068,1.2009051065905645,10141,0.0001320424481591,0.000867,0.000304,1.0010417269484,0.0010406428826654768,1.3390424667814331,0.0013934650126429214,VSL,VSL_2015_USD,8705114.0,12130.271790068073,33642459.69072849
O3_MAIN,O3,p50,Mortality,Respiratory mortality,400,11.472571905725392,10.325314715152851,1.1472571905725388,7025,0.0001320424481591,0.000867,0.000304,1.000995166834462,0.0009941774620243482,0.9275981983176774,0.0009221972225818266,VSL,VSL_2015_USD,8705114.0,8027.831953058175,22264629.97357013
O3_MAIN,O3,p50,Mortality,Respiratory mortality,401,11.578197978892211,10.420378181002992,1.1578197978892213,87066,0.0001320424481591,0.000867,0.000304,1.0010043337704995,0.0010033260962182267,11.4964077914202,0.011534645949898434,VSL,VSL_2015_USD,8705114.0,100410.40794350415,278481237.7027527
O3_MAIN,O3,p50,Mortality,Respiratory mortality,402,12.00431811243484,10.803886301191351,1.2004318112434866,76970,0.0001320424481591,0.000867,0.000304,1.0010413161739489,0.0010402329625402995,10.163307234805927,0.010572207194069429,VSL,VSL_2015_USD,8705114.0,92032.26885599451,255245055.41328084
O3_MAIN,O3,p50,Mortality,Respiratory mortality,403,12.015485096693412,10.81393658702407,1.201548509669342,682,0.0001320424481591,0.000867,0.000304,1.0010422853601322,0.0010412001324771047,0.09005294964450619,9.376314309981389e-05,VSL,VSL_2015_USD,8705114.0,816.2188496821933,2263725.8442740855
O3_MAIN,O3,p50,Mortality,Respiratory mortality,420,11.866184775508945,10.67956629795805,1.186618477550894,45834,0.0001320424481591,0.000867,0.000304,1.0010293276144566,0.0010282691885855622,6.052033568924189,0.00622311964721026,VSL,VSL_2015_USD,8705114.0,54172.9659646051,150244928.9952147
O3_MAIN,O3,p50,Mortality,Respiratory mortality,421,11.870357394708671,10.683321655237808,1.1870357394708648,88376,0.0001320424481591,0.000867,0.000304,1.0010296897529825,0.0010286305826119335,11.669383398508621,0.012003484643929948,VSL,VSL_2015_USD,8705114.0,104491.7022226596,289800421.6953908
O3_MAIN,O3,p50,Mortality,Respiratory mortality,422,12.042733902735224,10.8384605124617,1.2042733902735223,88378,0.0001320424481591,0.000867,0.000304,1.001044650296779,0.0010435601413675277,11.669647483404939,0.012177978977491273,VSL,VSL_2015_USD,8705114.0,106010.69528866497,294013242.6344421
O3_MAIN,O3,p50,Mortality,Respiratory mortality,423,11.996249697981735,10.796624728183565,1.1996249697981725,88378,0.0001320424481591,0.000867,0.000304,1.001040615914227,0.0010395341584384932,11.669647483404939,0.012130997175935233,VSL,VSL_2015_USD,8705114.0,105601.71335019426,292878959.8568292
O3_MAIN,O3,p50,Mortality,Respiratory mortality,424,11.647366359466156,10.48262972351954,1.164736635946614,88378,0.0001320424481591,0.000867,0.000304,1.0010103367099825,0.001009316960005835,11.669647483404939,0.011778373122290015,VSL,VSL_2015_USD,8705114.0,102532.08076407052,284365548.75349605
O3_MAIN,O3,p50,Mortality,Respiratory mortality,425,11.808369207077504,10.627532286369751,1.1808369207077511,88377,0.0001320424481591,0.000867,0.000304,1.001024309857632,0.00102326172056455,11.669515440956781,0.01194096844826802,VSL,VSL_2015_USD,8705114.0,103947.49161257621,288291091.6630672
O3_MAIN,O3,p50,Mortality,Respiratory mortality,426,12.041763884969214,10.837587496472292,1.204176388496922,88377,0.0001320424481591,0.000867,0.000304,1.0010445661083864,0.0010434761285876837,11.669515440956781,0.012176860794823777,VSL,VSL_2015_USD,8705114.0,106000.9613810716,293986246.3231054
O3_MAIN,O3,p50,Mortality,Respiratory mortality,427,12.141050090072005,10.926945081064805,1.2141050090072003,88377,0.0001320424481591,0.000867,0.000304,1.0010531832512017,0.0010520752231976127,11.669515440956781,0.012277208062152593,VSL,VSL_2015_USD,8705114.0,106874.49578275741,296408932.8387729
O3_MAIN,O3,p50,Mortality,Respiratory mortality,428,11.564724760422513,10.408252284380264,1.15647247604225,88377,0.0001320424481591,0.000867,0.000304,1.0010031644699506,0.0010021591395086293,11.669515440956781,0.011694711552791911,VSL,VSL_2015_USD,8705114.0,101803.7972641706,282345705.44636863
O3_MAIN,O3,p50,Mortality,Respiratory mortality,429,12.129186070006716,10.916267463006044,1.2129186070006703,88376,0.0001320424481591,0.000867,0.000304,1.0010521535578762,0.001051047694305196,11.669383398508621,0.01226507851496582,VSL,VSL_2015_USD,8705114.0,106768.90669172817,296116088.8860397
O3_MAIN,O3,p50,Mortality,Respiratory mortality,430,12.090793510170911,10.88171415915382,1.209079351017092,88378,0.0001320424481591,0.000867,0.000304,1.0010488214262492,0.0010477225523873868,11.669647483404939,0.012226552846774067,VSL,VSL_2015_USD,8705114.0,106433.5363581928,295185962.74190265
O3_MAIN,O3,p50,Mortality,Respiratory mortality,431,12.288635496530524,11.059771946877472,1.2288635496530524,88377,0.0001320424481591,0.000867,0.000304,1.001065992464062,0.0010648573341682788,11.669515440956781,0.012426369103492804,VSL,VSL_2015_USD,8705114.0,108172.95965198266,300010131.48759824
O3_MAIN,O3,p50,Mortality,Respiratory mortality,432,12.243485483087609,11.01913693477885,1.2243485483087593,88377,0.0001320424481591,0.000867,0.000304,1.001062073792732,0.0010609469887399303,11.669515440956781,0.012380737267137216,VSL,VSL_2015_USD,8705114.0,107775.72931447793,298908440.9526525
O3_MAIN,O3,p50,Mortality,Respiratory mortality,433,12.213075587694018,10.991768028924614,1.2213075587694036,88376,0.0001320424481591,0.000867,0.000304,1.001059434458083,0.0010583132445642907,11.669383398508621,0.012349863006540328,VSL,VSL_2015_USD,8705114.0,107506.9653563163,298163042.9281683
O3_MAIN,O3,p50,Mortality,Respiratory mortality,434,12.324489109188717,11.092040198269846,1.2324489109188708,88374,0.0001320424481591,0.000867,0.000304,1.0010691042907622,0.0010679625274417903,11.669119313612303,0.012462182155185204,VSL,VSL_2015_USD,8705114.0,108484.7163496529,300874766.8656178
O3_MAIN,O3,p50,Mortality,Respiratory mortality,435,12.398979341926546,11.159081407733892,1.2398979341926548,88373,0.0001320424481591,0.000867,0.000304,1.0010755695194173,0.0010744139125618002,11.668987271164143,0.012537322269645311,VSL,VSL_2015_USD,8705114.0,109138.81961200117,302688876.4765124
O3_MAIN,O3,p50,Mortality,Respiratory mortality,436,11.830511413523157,10.64746027217084,1.1830511413523173,88373,0.0001320424481591,0.000867,0.000304,1.001026231555173,0.0010251794836371175,11.668987271164143,0.011962806345220154,VSL,VSL_2015_USD,8705114.0,104137.5929950648,288818324.5403026
O3_MAIN,O3,p50,Mortality,Respiratory mortality,437,11.881030377086237,10.692927339377611,1.1881030377086237,87523,0.0001320424481591,0.000867,0.000304,1.001030616053804,0.00102955497791557,11.556751190228908,0.01189831071643186,VSL,VSL_2015_USD,8705114.0,103576.15119396102,287261205.0058673
O3_MAIN,O3,p50,Mortality,Respiratory mortality,438,12.178153936124144,10.96033854251173,1.2178153936124136,83412,0.0001320424481591,0.000867,0.000304,1.0010564035478229,0.0010552887370570696,11.013924685846849,0.011622870671769004,VSL,VSL_2015_USD,8705114.0,101178.41420500576,280611249.3085891
O3_MAIN,O3,p50,Mortality,Respiratory mortality,439,11.89036596778998,10.70132937101098,1.1890365967789975,83452,0.0001320424481591,0.000867,0.000304,1.0010314262840223,0.0010303635399849798,11.019206383773213,0.011353788497409655,VSL,VSL_2015_USD,8705114.0,98836.02320183975,274114791.8286784
O3_MAIN,O3,p50,Mortality,Respiratory mortality,440,12.228347235853898,11.005512512268508,1.2228347235853896,77384,0.0001320424481591,0.000867,0.000304,1.001060759913602,0.0010596358943224526,10.217972808343793,0.010827330754931879,VSL,VSL_2015_USD,8705114.0,94253.14853738807,261404509.7480482
O3_MAIN,O3,p50,Mortality,Respiratory mortality,441,11.735743940772409,10.562169546695166,1.1735743940772403,85838,0.0001320424481591,0.000867,0.000304,1.0010180068172068,0.001016971533253086,11.334259665080825,0.011526619429885856,VSL,VSL_2015_USD,8705114.0,100340.53617177138,278287453.2348759
O3_MAIN,O3,p50,Mortality,Respiratory mortality,442,14.420699173241324,12.97862925591719,1.4420699173241331,88372,0.0001320424481591,0.000867,0.000304,1.001251056537468,0.0012494933506430606,11.668855228715985,0.014580157017897133,VSL,VSL_2015_USD,8705114.0,126921.92897869459,352009085.4873809
O3_MAIN,O3,p50,Mortality,Respiratory mortality,443,11.363556547772898,10.227200892995606,1.136355654777292,88316,0.0001320424481591,0.000867,0.000304,1.0009857058416884,0.0009847351824665562,11.661460851619076,0.011483450779545712,VSL,VSL_2015_USD,8705114.0,99964.7481493343,277245231.4598082
O3_MAIN,O3,p50,Mortality,Respiratory mortality,444,12.192250799023306,10.973025719120976,1.21922507990233,45597,0.0001320424481591,0.000867,0.000304,1.0010576270377183,0.0010565096445526168,6.0207395087104825,0.006360969358291608,VSL,VSL_2015_USD,8705114.0,55372.9634144353,153573037.92249727
O3_MAIN,O3,p50,Mortality,Respiratory mortality,445,12.669120729701238,11.402208656731116,1.266912072970122,57394,0.0001320424481591,0.000867,0.000304,1.0010990162435038,0.00109780973277529,7.578444269643385,0.008319689878509633,VSL,VSL_2015_USD,8705114.0,72423.84883707251,200862475.080202
O3_MAIN,O3,p50,Mortality,Respiratory mortality,446,11.478842595643163,10.330958336078847,1.1478842595643162,8084,0.0001320424481591,0.000867,0.000304,1.0009957110444672,0.0009947205901892353,1.0674311509181644,0.0010617957444276913,VSL,VSL_2015_USD,8705114.0,9243.052999957918,25634960.481673285
O3_MAIN,O3,p50,Mortality,Respiratory mortality,461,12.131297251515589,10.918167526364028,1.2131297251515587,22921,0.0001320424481591,0.000867,0.000304,1.0010523367899153,0.0010512305413420409,3.026544954254731,0.0031815964906572233,VSL,VSL_2015_USD,8705114.0,27696.160153171062,76813361.45360921
O3_MAIN,O3,p50,Mortality,Respiratory mortality,462,11.888033263364555,10.6992299370281,1.1888033263364566,74661,0.0001320424481591,0.000867,0.000304,1.0010312238299677,0.0010301615028772693,9.858421222006564,0.010155766022059448,VSL,VSL_2015_USD,8705114.0,88407.10097935401,245190906.0691698
O3_MAIN,O3,p50,Mortality,Respiratory mortality,463,11.983284647021277,10.78495618231915,1.1983284647021275,80098,0.0001320424481591,0.000867,0.000304,1.0010394906752162,0.0010384112563982528,10.576336012647591,0.010982586366983472,VSL,VSL_2015_USD,8705114.0,95604.66633943697,265152849.76578465
O3_MAIN,O3,p50,Mortality,Respiratory mortality,464,12.238407999166812,11.014567199250132,1.2238407999166796,82755,0.0001320424481591,0.000867,0.000304,1.0010616331074293,0.0010605072378350178,10.92717279740632,0.01158834584072332,VSL,VSL_2015_USD,8705114.0,100877.87161492235,279777715.47297406
O3_MAIN,O3,p50,Mortality,Respiratory mortality,465,12.170437017560552,10.9533933158045,1.2170437017560527,88371,0.0001320424481591,0.000867,0.000304,1.0010557337844135,0.0010546203860422043,11.668723186267826,0.012306073351321395,VSL,VSL_2015_USD,8705114.0,107125.77141561478,297105828.2172085
O3_MAIN,O3,p50,Mortality,Respiratory mortality,466,12.0018395096765,10.801655558708848,1.2001839509676504,88371,0.0001320424481591,0.000867,0.000304,1.0010411010553393,0.0010400182911987077,11.668723186267826,0.012135685548653003,VSL,VSL_2015_USD,8705114.0,105642.52616917694,292992151.3533804
O3_MAIN,O3,p50,Mortality,Respiratory mortality,467,12.160809437310762,10.944728493579683,1.2160809437310771,88369,0.0001320424481591,0.000867,0.000304,1.0010548981923217,0.0010537865547900482,11.668459101371507,0.012296065316142862,VSL,VSL_2015_USD,8705114.0,107038.65032846965,296864203.9804876
O3_MAIN,O3,p50,Mortality,Respiratory mortality,468,12.052921616614992,10.847629454953497,1.2052921616614984,60568,0.0001320424481591,0.000867,0.000304,1.001045534494676,0.001044442494020914,7.997547000100369,0.008352977934834308,VSL,VSL_2015_USD,8705114.0,72713.62516221723,201666149.4336481
O3_MAIN,O3,p50,Mortality,Respiratory mortality,469,11.696407957704976,10.52676716193448,1.169640795770496,37663,0.0001320424481591,0.000867,0.000304,1.0010145929214556,0.0010135645660215298,4.973114725016183,0.005040572868036307,VSL,VSL_2015_USD,8705114.0,43878.76144156301,121694673.34487408
O3_MAIN,O3,p50,Mortality,Respiratory mortality,470,11.826402710219307,10.643762439197378,1.1826402710219297,14834,0.0001320424481591,0.000867,0.000304,1.001025874965091,0.0010248236241914288,1.9587176759920892,0.0020073401474780257,VSL,VSL_2015_USD,8705114.0,17474.124820573026,48463262.00112185
O3_MAIN,O3,p50,Mortality,Respiratory mortality,471,11.71844863553981,10.546603771985827,1.1718448635539822,56261,0.0001320424481591,0.000867,0.000304,1.0010165057888643,0.0010154735541181292,7.428840175879125,0.007543790736375523,VSL,VSL_2015_USD,8705114.0,65669.55835229288,182129923.22099963
O3_MAIN,O3,p50,Mortality,Respiratory mortality,472,11.786405039095357,10.60776453518582,1.1786405039095342,87172,0.0001320424481591,0.000867,0.000304,1.0010224036154964,0.0010213593739797355,11.510404290925065,0.011756259320832886,VSL,VSL_2015_USD,8705114.0,102339.57760141285,283831654.70708644
O3_MAIN,O3,p50,Mortality,Respiratory mortality,473,11.730753496273708,10.55767814664634,1.1730753496273696,88375,0.0001320424481591,0.000867,0.000304,1.0010175737053,0.0010165393016361435,11.669251356060462,0.011862252624106322,VSL,VSL_2015_USD,8705114.0,103262.26138964469,286390653.6058822
O3_MAIN,O3,p50,Mortality,Respiratory mortality,474,11.793481064894396,10.614132958404957,1.1793481064894404,88372,0.0001320424481591,0.000867,0.000304,1.0010230177343573,0.0010219722386332064,11.668855228715985,0.011925246100377672,VSL,VSL_2015_USD,8705114.0,103810.62678184308,287911506.635567
O3_MAIN,O3,p50,Mortality,Respiratory mortality,475,11.673755487412288,10.506379938671062,1.1673755487412265,88373,0.0001320424481591,0.000867,0.000304,1.0010126269615827,0.0010116025855300137,11.668987271164143,0.011804377694026466,VSL,VSL_2015_USD,8705114.0,102758.4535255575,284993377.76138693
O3_MAIN,O3,p50,Mortality,Respiratory mortality,476,11.764000482752447,10.587600434477205,1.1764000482752444,88372,0.0001320424481591,0.000867,0.000304,1.0010204591563565,0.0010194188810251914,11.668855228715985,0.011895451340102604,VSL,VSL_2015_USD,8705114.0,103551.25999704594,287192171.0136071
O3_MAIN,O3,p50,Mortality,Respiratory mortality,477,11.852469294293082,10.667222364863774,1.185246929429308,88373,0.0001320424481591,0.000867,0.000304,1.0010281372589362,0.0010270812784058947,11.668987271164143,0.01198499836416938,VSL,VSL_2015_USD,8705114.0,104330.77704990798,289354106.9935263
O3_MAIN,O3,p50,Mortality,Respiratory mortality,478,11.759300519167072,10.583370467250363,1.1759300519167066,88371,0.0001320424481591,0.000867,0.000304,1.001020051253773,0.0010190118094991485,11.668723186267826,0.011890566728583447,VSL,VSL_2015_USD,8705114.0,103508.73889692596,287074241.71890134
O3_MAIN,O3,p50,Mortality,Respiratory mortality,479,12.302732832786267,11.07245954950764,1.2302732832786276,88373,0.0001320424481591,0.000867,0.000304,1.0010672160067606,0.001066078270965387,11.668987271164143,0.012440053773959781,VSL,VSL_2015_USD,8705114.0,108292.08626845013,300340520.81950766
O3_MAIN,O3,p50,Mortality,Respiratory mortality,480,12.362484538491175,11.12623608464206,1.2362484538491163,88373,0.0001320424481591,0.000867,0.000304,1.0010724020217618,0.0010712532076561088,11.668987271164143,0.012500440044332891,VSL,VSL_2015_USD,8705114.0,108817.75563608287,301798428.0137813
O3_MAIN,O3,p50,Mortality,Respiratory mortality,481,13.848874512988036,12.463987061689236,1.384887451298802,88374,0.0001320424481591,0.000867,0.000304,1.0012014185460127,0.0011999768715443837,11.669119313612303,0.014002673287626636,VSL,VSL_2015_USD,8705114.0,121894.86727354466,338066881.7424669
O3_MAIN,O3,p50,Mortality,Respiratory mortality,482,13.754664085314024,12.37919767678262,1.3754664085314037,88374,0.0001320424481591,0.000867,0.000304,1.001193240722092,0.001191818595610461,11.669119313612303,0.013907473392360321,VSL,VSL_2015_USD,8705114.0,121066.14133246333,335768468.35569376
O3_MAIN,O3,p50,Mortality,Respiratory mortality,483,12.71250670645894,11.441256035813046,1.2712506706458946,88373,0.0001320424481591,0.000867,0.000304,1.0011027819487914,0.0011015671604114319,11.668987271164143,0.012854173173173429,VSL,VSL_2015_USD,8705114.0,111897.04284821644,310338615.54652894
O3_MAIN,O3,p50,Mortality,Respiratory mortality,484,12.531441421510785,11.278297279359704,1.2531441421510792,88373,0.0001320424481591,0.000867,0.000304,1.0010870664000726,0.0010858859699203194,11.668987271164143,0.012671189560935936,VSL,VSL_2015_USD,8705114.0,110304.14964355726,305920837.745931
O3_MAIN,O3,p50,Mortality,Respiratory mortality,485,15.713776203800446,14.142398583420402,1.5713776203800442,88373,0.0001320424481591,0.000867,0.000304,1.001363312864087,0.0013614567725551696,11.668987271164143,0.01588682174918649,VSL,VSL_2015_USD,8705114.0,138296.5944243478,383555923.8743189
O3_MAIN,O3,p50,Mortality,Respiratory mortality,486,13.388836459089768,12.04995281318079,1.338883645908977,88372,0.0001320424481591,0.000867,0.000304,1.001161486124165,0.0011601386392334767,11.668855228715985,0.013537489826455003,VSL,VSL_2015_USD,8705114.0,117845.39221313102,326835946.12566394
O3_MAIN,O3,p50,Mortality,Respiratory mortality,487,12.535211968098002,11.281690771288202,1.2535211968097997,66848,0.0001320424481591,0.000867,0.000304,1.001087393661884,0.0010862125212730556,8.826773574539516,0.009587751979106949,VSL,VSL_2015_USD,8705114.0,83462.47398185161,231477329.2154867
O3_MAIN,O3,p50,Mortality,Respiratory mortality,488,6.381761842585207,5.743585658326686,0.638176184258521,6168,0.0001320424481591,0.000867,0.000304,1.0005534518497414,0.0005531457102250226,0.8144378202453287,0.00045050278651372164,VSL,VSL_2015_USD,8705114.0,3921.6781139196096,10876499.731488062
O3_MAIN,O3,p50,Mortality,Respiratory mortality,503,11.79193766831444,10.612743901482997,1.1791937668314445,110,0.0001320424481591,0.000867,0.000304,1.0010228837849904,0.0010218385628935067,0.014524669297501,1.4841867201461861e-05,VSL,VSL_2015_USD,8705114.0,129.20014596158646,358327.5608142427
O3_MAIN,O3,p50,Mortality,Respiratory mortality,504,11.86984877454812,10.68286389709331,1.1869848774548115,585,0.0001320424481591,0.000867,0.000304,1.0010296456102088,0.001028586530602893,0.0772448321730735,7.945299393190439e-05,VSL,VSL_2015_USD,8705114.0,691.6473698185359,1918235.564875822
O3_MAIN,O3,p50,Mortality,Respiratory mortality,505,11.51704528232447,10.365340754092024,1.151704528232445,30061,0.0001320424481591,0.000867,0.000304,1.0009990265208601,0.0009980294629581277,3.969328034110705,0.003961506326188148,VSL,VSL_2015_USD,8705114.0,34485.36418118901,95642743.58103503
O3_MAIN,O3,p50,Mortality,Respiratory mortality,506,11.65630002799772,10.490670025197948,1.165630002799773,71500,0.0001320424481591,0.000867,0.000304,1.0010111120418999,0.0010100907270023107,9.44103504337565,0.009536301950617602,VSL,VSL_2015_USD,8705114.0,83014.5956185486,230235169.92635122
O3_MAIN,O3,p50,Mortality,Respiratory mortality,507,11.56950273693791,10.412552463244118,1.156950273693791,36518,0.0001320424481591,0.000867,0.000304,1.0010035791361618,0.0010025729748418533,4.8219261218740135,0.0048343328164748706,VSL,VSL_2015_USD,8705114.0,42083.418281354825,116715414.7640579
O3_MAIN,O3,p50,Mortality,Respiratory mortality,508,11.76619740695774,10.589577666261963,1.1766197406957737,32087,0.0001320424481591,0.000867,0.000304,1.0010206498240735,0.001019609160163526,4.236846034081042,0.004319927026551537,VSL,VSL_2015_USD,8705114.0,37605.45723781216,104296103.26706538
O3_MAIN,O3,p50,Mortality,Respiratory mortality,509,11.634886681296068,10.47139801316646,1.1634886681296075,423,0.0001320424481591,0.000867,0.000304,1.0010092536292987,0.0010082360633926202,0.055853955571299296,5.631397229011311e-05,VSL,VSL_2015_USD,8705114.0,490.2195485782757,1359589.602613447
O3_MAIN,O3,p50,Mortality,Respiratory mortality,513,11.484368820710394,10.335931938639357,1.148436882071039,29744,0.0001320424481591,0.000867,0.000304,1.0009961906453642,0.0009951992371937113,3.9274705780442702,0.0039086157233704025,VSL,VSL_2015_USD,8705114.0,34024.94545413182,94365804.4708528
O3_MAIN,O3,p50,Mortality,Respiratory mortality,514,11.834874498277982,10.651387048450184,1.1834874498277976,78902,0.0001320424481591,0.000867,0.000304,1.001026610222895,0.0010255573752095959,10.418413244649308,0.010684680541031433,VSL,VSL_2015_USD,8705114.0,93011.3621632603,257960502.164451
O3_MAIN,O3,p50,Mortality,Respiratory mortality,515,12.153096103605709,10.937786493245138,1.2153096103605705,84667,0.0001320424481591,0.000867,0.000304,1.0010542287410544,0.001053118513249962,11.17963795828652,0.01177348370530354,VSL,VSL_2015_USD,8705114.0,102489.51783180973,284247503.440276
O3_MAIN,O3,p50,Mortality,Respiratory mortality,516,11.8766365442923,10.68897288986307,1.1876636544292296,40091,0.0001320424481591,0.000867,0.000304,1.0010302347159652,0.0010291744247439283,5.293713789146478,0.0054481548437038275,VSL,VSL_2015_USD,8705114.0,47426.809004094,131534934.89622441
O3_MAIN,O3,p50,Mortality,Respiratory mortality,517,11.700484587346985,10.530436128612289,1.1700484587346978,41250,0.0001320424481591,0.000867,0.000304,1.0010149467239096,0.0010139176515109316,5.446750986562875,0.00552255696866068,VSL,VSL_2015_USD,8705114.0,48074.48798368565,133331227.20859328
O3_MAIN,O3,p50,Mortality,Respiratory mortality,518,12.070993597134285,10.863894237420856,1.2070993597134283,71036,0.0001320424481591,0.000867,0.000304,1.0010471029748018,0.0010460076970306709,9.379767347429826,0.009811308841768557,VSL,VSL_2015_USD,8705114.0,85408.56195680326,236874667.98785684
O3_MAIN,O3,p50,Mortality,Respiratory mortality,519,11.62885987174644,10.4659738845718,1.1628859871746418,88373,0.0001320424481591,0.000867,0.000304,1.0010087305776878,0.0010077140656962191,11.668987271164143,0.011759002605582249,VSL,VSL_2015_USD,8705114.0,102363.45820789051,283897885.89750975
O3_MAIN,O3,p50,Mortality,Respiratory mortality,520,11.457694713710852,10.311925242339766,1.1457694713710858,88373,0.0001320424481591,0.000867,0.000304,1.0009938756991286,0.0009928888909880307,11.668987271164143,0.011586007830619612,VSL,VSL_2015_USD,8705114.0,100857.51897043642,279721268.83817744
O3_MAIN,O3,p50,Mortality,Respiratory mortality,521,11.539166091116442,10.3852494820048,1.1539166091116435,88375,0.0001320424481591,0.000867,0.000304,1.0010009463128307,0.0009999454211482295,11.669251356060462,0.011668614461720427,VSL,VSL_2015_USD,8705114.0,101576.61911132495,281715642.74192196
O3_MAIN,O3,p50,Mortality,Respiratory mortality,522,11.52972095969838,10.376748863728542,1.1529720959698366,88374,0.0001320424481591,0.000867,0.000304,1.0010001266006043,0.0009991273467675477,11.669119313612303,0.011658936218923407,VSL,VSL_2015_USD,8705114.0,101492.36890445721,281481980.6906887
O3_MAIN,O3,p50,Mortality,Respiratory mortality,523,9.91478905649132,8.92331015084219,0.9914789056491315,88374,0.0001320424481591,0.000867,0.000304,1.0008599817836634,0.0008592428504642369,11.669119313612303,0.010026607341435513,VSL,VSL_2015_USD,8705114.0,87282.75994043307,242072624.90159526
O3_MAIN,O3,p50,Mortality,Respiratory mortality,524,9.923417995965655,8.931076196369093,0.9923417995965648,88375,0.0001320424481591,0.000867,0.000304,1.0008607305563733,0.0008599903364124861,11.669251356060462,0.010035443399380296,VSL,VSL_2015_USD,8705114.0,87359.678832153,242285954.06345809
O3_MAIN,O3,p50,Mortality,Respiratory mortality,525,8.794979294172583,7.915481364755325,0.8794979294172576,88374,0.0001320424481591,0.000867,0.000304,1.0007628155006758,0.0007622340567221553,11.669119313612303,0.008894600152789558,VSL,VSL_2015_USD,8705114.0,77428.50831445052,214742547.8145465
O3_MAIN,O3,p50,Mortality,Respiratory mortality,526,11.968218567580228,10.771396710822204,1.1968218567580229,88375,0.0001320424481591,0.000867,0.000304,1.0010381830891697,0.0010371063828614746,11.669251356060462,0.012102255064585224,VSL,VSL_2015_USD,8705114.0,105351.50999429173,292185038.36346847
O3_MAIN,O3,p50,Mortality,Respiratory mortality,527,12.012687316132162,10.811418584518943,1.201268731613217,88375,0.0001320424481591,0.000867,0.000304,1.0010420425397624,0.001040957817434407,11.669251356060462,0.012147198422698192,VSL,VSL_2015_USD,8705114.0,105742.74705020795,293270106.9514582
O3_MAIN,O3,p50,Mortality,Respiratory mortality,528,12.2674106174023,11.04066955566207,1.2267410617402297,88375,0.0001320424481591,0.000867,0.000304,1.0010641503071003,0.0010630190950038365,11.669251356060462,0.012404637015891685,VSL,VSL_2015_USD,8705114.0,107983.77935195692,299485453.16809785
O3_MAIN,O3,p50,Mortality,Respiratory mortality,529,11.782363005153757,10.60412670463838,1.1782363005153762,82303,0.0001320424481591,0.000867,0.000304,1.0010220528129194,0.001021009287505259,10.867489610838406,0.011095807824532926,VSL,VSL_2015_USD,8705114.0,96590.27203465112,267886358.16906244
O3_MAIN,O3,p50,Mortality,Respiratory mortality,530,12.747448293434338,11.472703464090904,1.2747448293434331,53223,0.0001320424481591,0.000867,0.000304,1.0011058147297829,0.0011045932542917969,7.027695218371779,0.007762744731432183,VSL,VSL_2015_USD,8705114.0,67575.57784001654,187416134.84883708
O3_MAIN,O3,p50,Mortality,Respiratory mortality,531,12.281300047546887,11.053170042792198,1.2281300047546893,8740,0.0001320424481591,0.000867,0.000304,1.001065355802884,0.0010642220277710113,1.154050996910534,0.0012281664920832855,VSL,VSL_2015_USD,8705114.0,10691.329324565098,29651653.488628577
O3_MAIN,O3,p50,Mortality,Respiratory mortality,546,12.133562841340536,10.920206557206482,1.2133562841340524,33,0.0001320424481591,0.000867,0.000304,1.0010525334232796,0.0010514267614709638,0.0043574007892503,4.581487800272464e-06,VSL,VSL_2015_USD,8705114.0,39.88237359098103,110610.97138843451
O3_MAIN,O3,p50,Mortality,Respiratory mortality,547,11.896991877374536,10.70729268963708,1.189699187737455,5126,0.0001320424481591,0.000867,0.000304,1.001032001343068,0.0010309374142719596,0.6768495892635465,0.0006977895654063985,VSL,VSL_2015_USD,8705114.0,6074.337714873156,16846750.448560655
O3_MAIN,O3,p50,Mortality,Respiratory mortality,555,12.222295321220496,11.000065789098446,1.22222953212205,815,0.0001320424481591,0.000867,0.000304,1.0010602346561595,0.0010591117491782764,0.10761459524966649,0.00011397588221198652,VSL,VSL_2015_USD,8705114.0,992.1730479059148,2751722.496253701
O3_MAIN,O3,p50,Mortality,Respiratory mortality,556,11.617595521436195,10.455835969292576,1.1617595521436197,6555,0.0001320424481591,0.000867,0.000304,1.0010077529738477,0.0010067384302008264,0.8655382476829004,0.0008713706167510572,VSL,VSL_2015_USD,8705114.0,7585.380555068263,21037521.992842972
O3_MAIN,O3,p50,Mortality,Respiratory mortality,559,11.700727207876216,10.530654487088595,1.170072720787621,15036,0.0001320424481591,0.000867,0.000304,1.0010149677804594,0.0010139386653826854,1.9853902505202274,0.0020130639408762747,VSL,VSL_2015_USD,8705114.0,17523.95109461723,48601451.68434426
O3_MAIN,O3,p50,Mortality,Respiratory mortality,560,12.118655551399437,10.906789996259494,1.2118655551399424,77991,0.0001320424481591,0.000867,0.000304,1.0010512396017182,0.001050135657527873,10.298122574376368,0.01081442572094536,VSL,VSL_2015_USD,8705114.0,94140.80874536154,261092943.19864807
O3_MAIN,O3,p50,Mortality,Respiratory mortality,561,11.913563216440703,10.722206894796637,1.1913563216440686,88372,0.0001320424481591,0.000867,0.000304,1.001033439561911,0.0010323726671539468,11.668855228715985,0.0120466071951028,VSL,VSL_2015_USD,8705114.0,104867.08894659011,290841530.4971414
O3_MAIN,O3,p50,Mortality,Respiratory mortality,562,11.456032195121256,10.310428975609131,1.1456032195121235,88372,0.0001320424481591,0.000867,0.000304,1.0009937314155197,0.0009927448937312455,11.668855228715985,0.01158419644399694,VSL,VSL_2015_USD,8705114.0,100841.75064338798,279677536.4868915
O3_MAIN,O3,p50,Mortality,Respiratory mortality,563,12.366473994154372,11.129826594738937,1.2366473994154354,88372,0.0001320424481591,0.000867,0.000304,1.0010727482785562,0.0010715987228709922,11.668855228715985,0.01250433036045855,VSL,VSL_2015_USD,8705114.0,108851.62128145277,301892352.0106195
O3_MAIN,O3,p50,Mortality,Respiratory mortality,564,10.995581733233344,9.896023559910011,1.0995581733233326,88371,0.0001320424481591,0.000867,0.000304,1.000953771487294,0.0009528626740442636,11.668723186267826,0.01111869077794946,VSL,VSL_2015_USD,8705114.0,96789.47075279873,268438821.86993456
O3_MAIN,O3,p50,Mortality,Respiratory mortality,565,10.822473624774185,9.740226262296767,1.0822473624774158,88373,0.0001320424481591,0.000867,0.000304,1.000938748812371,0.0009378683895342466,11.668987271164143,0.010943974299502337,VSL,VSL_2015_USD,8705114.0,95268.54389023798,264220637.6815027
O3_MAIN,O3,p50,Mortality,Respiratory mortality,566,13.258241858806846,11.932417672926162,1.325824185880684,88372,0.0001320424481591,0.000867,0.000304,1.0011501504855078,0.0011488291590928679,11.668855228715985,0.0134055211399822,VSL,VSL_2015_USD,8705114.0,116696.589752955,323649822.918538
O3_MAIN,O3,p50,Mortality,Respiratory mortality,567,13.852944718898415,12.467650247008576,1.385294471889841,88371,0.0001320424481591,0.000867,0.000304,1.0012017718568922,0.0012003293348785693,11.668723186267826,0.014006310741055,VSL,VSL_2015_USD,8705114.0,121926.53172030825,338154700.8690545
O3_MAIN,O3,p50,Mortality,Respiratory mortality,568,13.365880001167229,12.029292001050509,1.33658800011672,88372,0.0001320424481591,0.000867,0.000304,1.0011594934895114,0.0011581506214060067,11.668855228715985,0.013514291934234148,VSL,VSL_2015_USD,8705114.0,117643.45191678876,326275878.84957945
O3_MAIN,O3,p50,Mortality,Respiratory mortality,569,10.839327798875924,9.755395018988333,1.0839327798875915,88373,0.0001320424481591,0.000867,0.000304,1.0009402114420876,0.0009393282748955123,11.668987271164143,0.010961009683200306,VSL,VSL_2015_USD,8705114.0,95416.83884736255,264631923.3644407
O3_MAIN,O3,p50,Mortality,Respiratory mortality,570,12.371173549462734,11.13405619451646,1.2371173549462728,88374,0.0001320424481591,0.000867,0.000304,1.0010731561671775,0.0010720057376089054,11.669119313612303,0.01250936285703528,VSL,VSL_2015_USD,8705114.0,108895.42973785782,302013851.697867
O3_MAIN,O3,p50,Mortality,Respiratory mortality,571,11.55120547292694,10.396084925634248,1.155120547292691,88373,0.0001320424481591,0.000867,0.000304,1.0010019911725812,0.0010009881912496077,11.668987271164143,0.011680518462277292,VSL,VSL_2015_USD,8705114.0,101680.24479322853,282003041.3168838
O3_MAIN,O3,p50,Mortality,Respiratory mortality,572,11.515230088980069,10.36370708008206,1.1515230088980069,53982,0.0001320424481591,0.000867,0.000304,1.0009988689863856,0.000997872242749942,7.127915436524536,0.007112748962776671,VSL,VSL_2015_USD,8705114.0,61917.29057435268,171723271.19762695
O3_MAIN,O3,p50,Mortality,Respiratory mortality,573,11.671179897187733,10.50406190746896,1.1671179897187738,26916,0.0001320424481591,0.000867,0.000304,1.0010124034318117,0.001011379507727228,3.5540545346503354,0.003594497925690379,VSL,VSL_2015_USD,8705114.0,31290.514215898278,86782050.84179875
O3_MAIN,O3,p50,Mortality,Respiratory mortality,601,11.580727285112893,10.422654556601604,1.1580727285112875,3938,0.0001320424481591,0.000867,0.000304,1.001004553281614,0.0010035451670232787,0.5199831608505358,0.0005218265880050433,VSL,VSL_2015_USD,8705114.0,4542.559936814934,12598472.005560642
O3_MAIN,O3,p50,Mortality,Respiratory mortality,602,11.614123284082988,10.45271095567469,1.1614123284082982,54996,0.0001320424481591,0.000867,0.000304,1.0010074516275376,0.0010064376902485517,7.261806478957864,0.00730855573971432,VSL,VSL_2015_USD,8705114.0,63621.81088956748,176450638.97545314
O3_MAIN,O3,p50,Mortality,Respiratory mortality,603,12.059772574010989,10.853795316609892,1.2059772574010967,88373,0.0001320424481591,0.000867,0.000304,1.0010461290938835,0.0010450358514750846,11.668987271164143,0.012194510048772944,VSL,VSL_2015_USD,8705114.0,106154.60014871405,294412352.690448
O3_MAIN,O3,p50,Mortality,Respiratory mortality,604,11.725275688982666,10.5527481200844,1.172527568898266,88373,0.0001320424481591,0.000867,0.000304,1.0010170982962485,0.0010160648584122134,11.668987271164143,0.011856447899489315,VSL,VSL_2015_USD,8705114.0,103211.73060011503,286250509.998277
O3_MAIN,O3,p50,Mortality,Respiratory mortality,605,11.7342200050325,10.560798004529252,1.1734220005032494,88373,0.0001320424481591,0.000867,0.000304,1.0010178745574825,0.0010168395423832965,11.668987271164143,0.01186548767688706,VSL,VSL_2015_USD,8705114.0,103290.42289289701,286468757.56384736
O3_MAIN,O3,p50,Mortality,Respiratory mortality,606,13.724537477078387,12.352083729370548,1.372453747707839,88374,0.0001320424481591,0.000867,0.000304,1.0011906256318561,0.0011892097282719671,11.669119313612303,0.01387703020811405,VSL,VSL_2015_USD,8705114.0,120801.12994307654,335033477.8180267
O3_MAIN,O3,p50,Mortality,Respiratory mortality,607,12.952190296582565,11.656971266924309,1.2952190296582555,88373,0.0001320424481591,0.000867,0.000304,1.0011235856486451,0.0011223246208080795,11.668987271164143,0.013096391714323603,VSL,VSL_2015_USD,8705114.0,114005.5828618424,316186503.6765196
O3_MAIN,O3,p50,Mortality,Respiratory mortality,608,12.695072879169071,11.425565591252166,1.2695072879169054,88374,0.0001320424481591,0.000867,0.000304,1.0011012687702399,0.0011000573114772205,11.669119313612303,0.012836700019439259,VSL,VSL_2015_USD,8705114.0,111744.93705302096,309916760.7709599
O3_MAIN,O3,p50,Mortality,Respiratory mortality,609,12.298274898044776,11.068447408240296,1.229827489804478,88374,0.0001320424481591,0.000867,0.000304,1.001066829091411,0.0010656921799910846,11.669119313612303,0.012435689199899564,VSL,VSL_2015_USD,8705114.0,108254.0921536945,300235146.80182093
O3_MAIN,O3,p50,Mortality,Respiratory mortality,610,11.280630998918394,10.152567899026556,1.128063099891838,88373,0.0001320424481591,0.000867,0.000304,1.0009785091355985,0.0009775525914571537,11.668987271164143,0.011407048746607048,VSL,VSL_2015_USD,8705114.0,99299.65974277147,275400655.3203947
O3_MAIN,O3,p50,Mortality,Respiratory mortality,611,8.015893518690639,7.214304166821575,0.8015893518690635,88374,0.0001320424481591,0.000867,0.000304,1.0006952195212133,0.0006947365268177297,11.669119313612303,0.008106963422960701,VSL,VSL_2015_USD,8705114.0,70572.04079070312,195726615.09015974
O3_MAIN,O3,p50,Mortality,Respiratory mortality,612,11.812585532943698,10.631326979649328,1.18125855329437,88373,0.0001320424481591,0.000867,0.000304,1.0010246757875934,0.0010236269018915056,11.668987271164143,0.011944689288593166,VSL,VSL_2015_USD,8705114.0,103979.88195178242,288380924.0015319
O3_MAIN,O3,p50,Mortality,Respiratory mortality,613,12.159997883144962,10.943998094830466,1.2159997883144964,88373,0.0001320424481591,0.000867,0.000304,1.0010548277563536,0.0010537162671876432,11.668987271164143,0.012295801709231204,VSL,VSL_2015_USD,8705114.0,107036.35560025249,296857839.71240824
O3_MAIN,O3,p50,Mortality,Respiratory mortality,614,11.725807083805172,10.553226375424655,1.172580708380515,47718,0.0001320424481591,0.000867,0.000304,1.0010171444150404,0.0010161108835301524,6.300801541255933,0.006402313021033713,VSL,VSL_2015_USD,8705114.0,55732.864711782866,154571198.97759995
O3_MAIN,O3,p50,Mortality,Respiratory mortality,643,12.390802663755544,11.151722397379988,1.2390802663755558,2346,0.0001320424481591,0.000867,0.000304,1.001074859839181,0.0010737057559847552,0.3097715833812486,0.00033260353211695814,VSL,VSL_2015_USD,8705114.0,2895.351663880782,8030055.165156877
O3_MAIN,O3,p50,Mortality,Respiratory mortality,644,12.227489568552558,11.004740611697304,1.2227489568552556,26746,0.0001320424481591,0.000867,0.000304,1.001060685474972,0.0010595616133589614,3.5316073184632883,0.003741955548101277,VSL,VSL_2015_USD,8705114.0,32574.1496291541,90342123.80598485
O3_MAIN,O3,p50,Mortality,Respiratory mortality,645,11.707845519738306,10.53706096776448,1.1707845519738278,69888,0.0001320424481591,0.000867,0.000304,1.0010155855646836,0.0010145551970708322,9.22818261694318,0.009362500633538415,VSL,VSL_2015_USD,8705114.0,81501.63534002414,226039080.50108314
O3_MAIN,O3,p50,Mortality,Respiratory mortality,646,11.408967007243785,10.268070306519403,1.1408967007243778,88373,0.0001320424481591,0.000867,0.000304,1.000989646817092,0.0009886683845720112,11.668987271164143,0.011536758794973215,VSL,VSL_2015_USD,8705114.0,100428.80050074446,278532248.1727797
O3_MAIN,O3,p50,Mortality,Respiratory mortality,647,11.790657409884853,10.611591668896365,1.1790657409884862,88374,0.0001320424481591,0.000867,0.000304,1.0010227726730523,0.001021727677903983,11.669119313612303,0.011922662179481618,VSL,VSL_2015_USD,8705114.0,103788.13345587594,287849122.97053
O3_MAIN,O3,p50,Mortality,Respiratory mortality,648,12.159486269890149,10.943537642901132,1.2159486269890143,72285,0.0001320424481591,0.000867,0.000304,1.0010547833526966,0.0010536719570569675,9.544688365180543,0.01005697046923865,VSL,VSL_2015_USD,8705114.0,87547.07442935594,242805682.63460863
O3_MAIN,O3,p50,Mortality,Respiratory mortality,649,12.22780546926963,11.005024922342669,1.2227805469269626,78707,0.0001320424481591,0.000867,0.000304,1.0010607128926152,0.0010595889729307917,10.392664967258284,0.011011953198671025,VSL,VSL_2015_USD,8705114.0,95860.30795709592,265861853.89744854
O3_MAIN,O3,p50,Mortality,Respiratory mortality,650,12.216167043212224,10.994550338891004,1.2216167043212227,88375,0.0001320424481591,0.000867,0.000304,1.0010597027712718,0.0010585809900629517,11.669251356060462,0.012352847653791925,VSL,VSL_2015_USD,8705114.0,107532.94705089123,298235101.33935326
O3_MAIN,O3,p50,Mortality,Respiratory mortality,651,18.052156665218305,16.246940998696473,1.8052156665218284,88374,0.0001320424481591,0.000867,0.000304,1.001566347425524,0.001563897818202764,11.669119313612303,0.018249310234906016,VSL,VSL_2015_USD,8705114.0,158862.32601622364,440593540.8431751
O3_MAIN,O3,p50,Mortality,Respiratory mortality,652,11.593763843144815,10.434387458830336,1.1593763843144806,88374,0.0001320424481591,0.000867,0.000304,1.0010056846872508,0.001004674301689934,11.669119313612303,0.011723664297739961,VSL,VSL_2015_USD,8705114.0,102055.8342095563,283044712.2718097
O3_MAIN,O3,p50,Mortality,Respiratory mortality,653,11.919891510747046,10.72790235967234,1.191989151074706,88170,0.0001320424481591,0.000867,0.000304,1.001033988792188,0.0010329207636950999,11.642182654187847,0.012025452198241556,VSL,VSL_2015_USD,8705114.0,104682.93228724334,290330784.89340925
O3_MAIN,O3,p50,Mortality,Respiratory mortality,654,12.098564444622616,10.888708000160356,1.2098564444622593,88374,0.0001320424481591,0.000867,0.000304,1.0010494958731262,0.0010483955862850003,11.669119313612303,0.01223385318422419,VSL,VSL_2015_USD,8705114.0,106497.08662793458,295362214.96651256
O3_MAIN,O3,p50,Mortality,Respiratory mortality,655,12.020855396974978,10.81876985727748,1.2020855396974977,28007,0.0001320424481591,0.000867,0.000304,1.0010427514505684,0.001041665252615176,3.6981128455919134,0.0038521956515029277,VSL,VSL_2015_USD,8705114.0,33533.80229663726,93003653.30356267
O3_MAIN,O3,p50,Mortality,Respiratory mortality,686,12.150534137801635,10.935480724021472,1.2150534137801632,17050,0.0001320424481591,0.000867,0.000304,1.001054006384476,0.001052896624711419,2.251323741112655,0.0023704111681501993,VSL,VSL_2015_USD,8705114.0,20634.699445620652,57228894.48346768
O3_MAIN,O3,p50,Mortality,Respiratory mortality,687,12.122244319995287,10.91001988799576,1.2122244319995286,50211,0.0001320424481591,0.000867,0.000304,1.0010515510750932,0.0010504464769709454,6.62998336451657,0.006964442667632406,VSL,VSL_2015_USD,8705114.0,60626.26736820421,168142708.7069986
O3_MAIN,O3,p50,Mortality,Respiratory mortality,688,11.854297713336727,10.668867942003056,1.1854297713336717,78804,0.0001320424481591,0.000867,0.000304,1.0010282959458643,0.0010272396395074601,10.405473084729715,0.010688914420462332,VSL,VSL_2015_USD,8705114.0,93048.21856636854,258062720.81852347
O3_MAIN,O3,p50,Mortality,Respiratory mortality,689,11.996575673415784,10.796918106074209,1.1996575673415766,15395,0.0001320424481591,0.000867,0.000304,1.0010406442057076,0.001039562391128901,2.0327934894093445,0.0021132156605216403,VSL,VSL_2015_USD,8705114.0,18395.78323142618,51019417.08753431
O3_MAIN,O3,p50,Mortality,Respiratory mortality,690,11.95222122554708,10.756999102992372,1.195222122554707,26719,0.0001320424481591,0.000867,0.000304,1.00103679468065,0.0010357208507812965,3.528042172362993,0.0036540668403520927,VSL,VSL_2015_USD,8705114.0,31809.068408884767,88220224.59725328
O3_MAIN,O3,p50,Mortality,Respiratory mortality,691,12.618823772217926,11.356941394996134,1.2618823772217915,18381,0.0001320424481591,0.000867,0.000304,1.0010946507142777,0.0010934537643334519,2.427072239612417,0.002653891276713419,VSL,VSL_2015_USD,8705114.0,23102.42610739586,64072961.63903489
O3_MAIN,O3,p50,Mortality,Respiratory mortality,692,12.12829148617056,10.915462337553503,1.2128291486170557,28949,0.0001320424481591,0.000867,0.000304,1.0010520759158552,0.0010509702154032352,3.822496831757786,0.004017330318650664,VSL,VSL_2015_USD,8705114.0,34971.31839951036,96990503.58875401
O3_MAIN,O3,p50,Mortality,Respiratory mortality,693,12.196042436169588,10.976438192552628,1.2196042436169598,26275,0.0001320424481591,0.000867,0.000304,1.0010579561203918,0.0010568380321275272,3.469415325380352,0.003666610065108056,VSL,VSL_2015_USD,8705114.0,31918.25861031305,88523055.97760051
O3_MAIN,O3,p50,Mortality,Respiratory mortality,694,11.918633468118998,10.7267701213071,1.191863346811898,3451,0.0001320424481591,0.000867,0.000304,1.0010338796071185,0.0010328118040563439,0.45567848859705407,0.00047063012187759155,VSL,VSL_2015_USD,8705114.0,4096.888862778328,11362434.478695298
O3_MAIN,O3,p50,Mortality,Respiratory mortality,695,12.148499583324783,10.933649624992308,1.2148499583324774,34687,0.0001320424481591,0.000867,0.000304,1.001053829802696,0.0010527204145492908,4.580156399294702,0.0048216241433661055,VSL,VSL_2015_USD,8705114.0,41972.78783315429,116408588.96010509
O3_MAIN,O3,p50,Mortality,Respiratory mortality,696,12.006490834767188,10.805841751290467,1.2006490834767192,8351,0.0001320424481591,0.000867,0.000304,1.0010415047451509,0.0010404211415948605,1.102686484576644,0.0011472583311044554,VSL,VSL_2015_USD,8705114.0,9987.01455971403,27698285.790347684
O3_MAIN,O3,p50,Mortality,Respiratory mortality,729,11.695470846058043,10.52592376145224,1.1695470846058047,456,0.0001320424481591,0.000867,0.000304,1.001014511591446,0.0010134834007881066,0.0602113563605496,6.10232102103544e-05,VSL,VSL_2015_USD,8705114.0,531.2140015270991,1473284.8482553023
O3_MAIN,O3,p50,Mortality,Respiratory mortality,730,11.756905562769663,10.581215006492696,1.175690556276967,1632,0.0001320424481591,0.000867,0.000304,1.0010198433992687,0.001018804378348337,0.2154932753956512,0.00021954549247771337,VSL,VSL_2015_USD,8705114.0,1911.1685402046373,5300492.164459747
O3_MAIN,O3,p95,Mortality,Respiratory mortality,0,62.57906538381279,10.628289599658313,51.95077578415448,66007,0.0001320424481591,0.000867,0.000304,1.0460710853977353,0.04404202165689175,8.715725875637713,0.38385818777036795,VSL,VSL_2015_USD,8705114.0,3341529.2843744587,9267497563.162655
O3_MAIN,O3,p95,Mortality,Respiratory mortality,1,67.42369447942148,10.465149963049068,56.95854451637242,35848,0.0001320424481591,0.000867,0.000304,1.0506227232087384,0.048183541142276076,4.733457681607416,0.22807475294695367,VSL,VSL_2015_USD,8705114.0,1985416.7249250677,5506414307.40893
O3_MAIN,O3,p95,Mortality,Respiratory mortality,2,62.96500634808014,10.877889595859063,52.08711675222108,682,0.0001320424481591,0.000867,0.000304,1.0461947462790582,0.04415501649511866,0.09005294964450619,0.003976289476987261,VSL,VSL_2015_USD,8705114.0,34614.053194174485,95999653.55031933
O3_MAIN,O3,p95,Mortality,Respiratory mortality,41,65.129527047725,10.546509927397642,54.58301712032736,53333,0.0001320424481591,0.000867,0.000304,1.048461106072335,0.04622117672431003,7.04221988766928,0.32549968995941253,VSL,VSL_2015_USD,8705114.0,2833511.9080613414,7858546931.174565
O3_MAIN,O3,p95,Mortality,Respiratory mortality,42,67.3935518923794,10.804454334080193,56.589097558299216,88375,0.0001320424481591,0.000867,0.000304,1.0502862515962403,0.04787861549155248,11.669251356060462,0.5587075987510962,VSL,VSL_2015_USD,8705114.0,4863613.33979455,13488891144.986399
O3_MAIN,O3,p95,Mortality,Respiratory mortality,43,64.15643727403759,10.891730480309578,53.26470679372801,64336,0.0001320424481591,0.000867,0.000304,1.0472634257736222,0.045130408081145656,8.495082944763857,0.3833865599803734,VSL,VSL_2015_USD,8705114.0,3337423.7106969883,9256111041.958347
O3_MAIN,O3,p95,Mortality,Respiratory mortality,44,63.439825710010886,10.836412741998172,52.60341296801271,8855,0.0001320424481591,0.000867,0.000304,1.0466631580273522,0.04458278450853126,1.1692358784488304,0.05212779120852745,VSL,VSL_2015_USD,8705114.0,453778.36503842927,1258522530.948531
O3_MAIN,O3,p95,Mortality,Respiratory mortality,82,66.85428373672751,10.861001685882062,55.99328205084545,6180,0.0001320424481591,0.000867,0.000304,1.0497438431880293,0.0473866491438133,0.816022329623238,0.03866856382737354,VSL,VSL_2015_USD,8705114.0,336614.256333563,933576076.9431936
O3_MAIN,O3,p95,Mortality,Respiratory mortality,83,68.85060524394862,10.60746707553874,58.24313816840988,38621,0.0001320424481591,0.000867,0.000304,1.0517934984434583,0.04924302966324379,5.099611390352601,0.25112031496614906,VSL,VSL_2015_USD,8705114.0,2186030.969496234,6062803871.729939
O3_MAIN,O3,p95,Mortality,Respiratory mortality,84,64.50967538029217,10.705570634072195,53.80410474621997,86400,0.0001320424481591,0.000867,0.000304,1.0477533014569949,0.045576856107816255,11.408467520946239,0.5199620826128619,VSL,VSL_2015_USD,8705114.0,4526329.204822381,12553457206.530535
O3_MAIN,O3,p95,Mortality,Respiratory mortality,85,66.9756976772671,10.333548994186698,56.64214868308041,86293,0.0001320424481591,0.000867,0.000304,1.0503345609649142,0.04792240761712452,11.394338978993217,0.5460441570790033,VSL,VSL_2015_USD,8705114.0,4753376.636406631,13183157364.709242
O3_MAIN,O3,p95,Mortality,Respiratory mortality,86,65.6067224655422,10.852941896833686,54.75378056870852,66266,0.0001320424481591,0.000867,0.000304,1.0486163442327534,0.046362375047973026,8.74992486971092,0.4056672984511242,VSL,VSL_2015_USD,8705114.0,3531380.0790890595,9794035452.74797
O3_MAIN,O3,p95,Mortality,Respiratory mortality,87,62.93963820319716,10.530959157449145,52.408679045748016,22233,0.0001320424481591,0.000867,0.000304,1.0464864602913726,0.044421463683753104,2.93569974992127,0.13040807982753078,VSL,VSL_2015_USD,8705114.0,1135217.2014197558,3148445442.9335933
O3_MAIN,O3,p95,Mortality,Respiratory mortality,91,63.625182500533455,10.709651835177088,52.91553066535637,5057,0.0001320424481591,0.000867,0.000304,1.0469464297293134,0.04484129120288549,0.6677386603405686,0.029942263715756083,VSL,VSL_2015_USD,8705114.0,260650.8190637203,722896801.1158937
O3_MAIN,O3,p95,Mortality,Respiratory mortality,125,67.05815920915208,10.748583371998256,56.30957583715382,35539,0.0001320424481591,0.000867,0.000304,1.0500317504654835,0.047647845356394436,4.692656565126255,0.22359497432580488,VSL,VSL_2015_USD,8705114.0,1946419.7413332046,5398258903.2057495
O3_MAIN,O3,p95,Mortality,Respiratory mortality,126,68.46595233522089,11.151125906668566,57.31482642855232,87860,0.0001320424481591,0.000867,0.000304,1.0509473069332538,0.04847750843181853,11.601249495258525,0.5623996702260255,VSL,VSL_2015_USD,8705114.0,4895753.242879958,13578028916.40056
O3_MAIN,O3,p95,Mortality,Respiratory mortality,127,61.5456113960514,10.925635465435567,50.61997593061583,88375,0.0001320424481591,0.000867,0.000304,1.0448648209762403,0.04293839746113959,11.669251356060462,0.5010589528004662,VSL,VSL_2015_USD,8705114.0,4361775.3048486775,12097078483.726467
O3_MAIN,O3,p95,Mortality,Respiratory mortality,128,64.69706083339304,10.544989765596762,54.15207106779628,88366,0.0001320424481591,0.000867,0.000304,1.0480694424839359,0.045864749543704564,11.66806297402703,0.5351527859639224,VSL,VSL_2015_USD,8705114.0,4658566.009233544,12920206726.988586
O3_MAIN,O3,p95,Mortality,Respiratory mortality,129,65.31849848336202,10.596983622918229,54.72151486044379,69107,0.0001320424481591,0.000867,0.000304,1.0485870102624333,0.04633569726395259,9.125057464930924,0.42281590021120996,VSL,VSL_2015_USD,8705114.0,3680660.6123512066,10208054562.113207
O3_MAIN,O3,p95,Mortality,Respiratory mortality,130,67.11356379647447,10.682118493455595,56.43144530301887,48901,0.0001320424481591,0.000867,0.000304,1.0501427035501083,0.047748466356616226,6.457007757428149,0.3083122176699679,VSL,VSL_2015_USD,8705114.0,2683893.002409885,7443589369.673647
O3_MAIN,O3,p95,Mortality,Respiratory mortality,131,65.58508137162535,11.02531799574731,54.55976337587804,49015,0.0001320424481591,0.000867,0.000304,1.048439968264791,0.04620194739901118,6.472060596518286,0.29902180324355077,VSL,VSL_2015_USD,8705114.0,2603018.885720679,7219290668.224302
O3_MAIN,O3,p95,Mortality,Respiratory mortality,132,66.23889716933854,10.795823540822106,55.44307362851644,82710,0.0001320424481591,0.000867,0.000304,1.0492432025653935,0.04693211492339833,10.92123088723916,0.5125564631048757,VSL,VSL_2015_USD,8705114.0,4461862.442764737,12374663154.637003
O3_MAIN,O3,p95,Mortality,Respiratory mortality,133,66.28596909924332,10.510118688886724,55.7758504103566,71305,0.0001320424481591,0.000867,0.000304,1.0495459712343855,0.04720705199421982,9.415286765984625,0.444467931902326,VSL,VSL_2015_USD,8705114.0,3869144.0165539845,10730800089.831316
O3_MAIN,O3,p95,Mortality,Respiratory mortality,134,66.00570060841409,10.609844900805824,55.39585570760826,65679,0.0001320424481591,0.000867,0.000304,1.0492002495920298,0.04689309749131387,8.67241595264153,0.4066764467524449,VSL,VSL_2015_USD,8705114.0,3540164.830094963,9818399344.730272
O3_MAIN,O3,p95,Mortality,Respiratory mortality,135,69.07247658751966,10.643971249267038,58.42850533825262,27480,0.0001320424481591,0.000867,0.000304,1.0519625492696403,0.04939581671012616,3.628526475412068,0.1792340287072946,VSL,VSL_2015_USD,8705114.0,1560252.6525762721,4327251514.234611
O3_MAIN,O3,p95,Mortality,Respiratory mortality,136,65.80286653691495,10.887383553382357,54.91548298353259,5922,0.0001320424481591,0.000867,0.000304,1.0487633663488083,0.04649606185099153,0.7819553779981901,0.03635784562011931,VSL,VSL_2015_USD,8705114.0,316499.1909175393,877788351.0664309
O3_MAIN,O3,p95,Mortality,Respiratory mortality,166,66.64777509335144,10.722343111639765,55.92543198171168,56,0.0001320424481591,0.000867,0.000304,1.0496820927625599,0.04733060905307651,0.0073943770969096,0.0003499803715648511,VSL,VSL_2015_USD,8705114.0,3046.6190322343873,8449584.622569816
O3_MAIN,O3,p95,Mortality,Respiratory mortality,167,64.67845817279598,10.432758079056972,54.24570009373901,60657,0.0001320424481591,0.000867,0.000304,1.048154524405334,0.04594219963192392,8.009298777986528,0.36796480336998133,VSL,VSL_2015_USD,8705114.0,3203175.5613232716,8883783197.0408
O3_MAIN,O3,p95,Mortality,Respiratory mortality,168,66.958115666642,10.655419368349188,56.302696298292815,88376,0.0001320424481591,0.000867,0.000304,1.0500254875065818,0.04764216497770313,11.669383398508621,0.5559546890598177,VSL,VSL_2015_USD,8705114.0,4839648.947100266,13422427579.356289
O3_MAIN,O3,p95,Mortality,Respiratory mortality,169,62.37373973693357,10.78907790061846,51.58466183631512,87552,0.0001320424481591,0.000867,0.000304,1.04573909337788,0.043738532553217024,11.560580421225522,0.5056428230878559,VSL,VSL_2015_USD,8705114.0,4401678.418261617,12207746975.559317
O3_MAIN,O3,p95,Mortality,Respiratory mortality,170,67.66869542077856,10.780836260758356,56.887859160020206,88376,0.0001320424481591,0.000867,0.000304,1.0505583386043866,0.04812520804085085,11.669383398508621,0.5615915037616785,VSL,VSL_2015_USD,8705114.0,4888718.06167684,13558517333.796398
O3_MAIN,O3,p95,Mortality,Respiratory mortality,171,66.73696793074078,10.668220806544166,56.068747124196605,88376,0.0001320424481591,0.000867,0.000304,1.0498125283046185,0.04744897489941624,11.669383398508621,0.5537002799675002,VSL,VSL_2015_USD,8705114.0,4820024.058949005,13367999325.810938
O3_MAIN,O3,p95,Mortality,Respiratory mortality,172,66.98497219385773,10.85017150030122,56.134800693556514,88376,0.0001320424481591,0.000867,0.000304,1.0498726511568277,0.047503524453060275,11.669383398508621,0.5543368396231899,VSL,VSL_2015_USD,8705114.0,4825565.383319586,13383367801.060038
O3_MAIN,O3,p95,Mortality,Respiratory mortality,173,68.41484799130835,10.92124764162318,57.49360034968517,88377,0.0001320424481591,0.000867,0.000304,1.0511102132267465,0.04862498012443994,11.669515440956781,0.5674299563783685,VSL,VSL_2015_USD,8705114.0,4939542.457288724,13699475237.318266
O3_MAIN,O3,p95,Mortality,Respiratory mortality,174,69.44651943239815,10.592134672688296,58.85438475970985,88377,0.0001320424481591,0.000867,0.000304,1.0523510449668363,0.04974675058975775,11.669515440956781,0.580520474144604,VSL,VSL_2015_USD,8705114.0,5053496.90676283,14015519926.123234
O3_MAIN,O3,p95,Mortality,Respiratory mortality,175,60.32720678296136,10.481159420223426,49.846047362737934,88377,0.0001320424481591,0.000867,0.000304,1.044163955954541,0.042295997388808404,11.669515440956781,0.49357379461936735,VSL,VSL_2015_USD,8705114.0,4296616.149574179,11916364127.713514
O3_MAIN,O3,p95,Mortality,Respiratory mortality,176,66.84911652623109,10.70349487951558,56.145621646715504,88377,0.0001320424481591,0.000867,0.000304,1.0498825008629826,0.047512460510562016,11.669515440956781,0.5544473915658528,VSL,VSL_2015_USD,8705114.0,4826527.750583387,13386036859.300482
O3_MAIN,O3,p95,Mortality,Respiratory mortality,177,64.83538585157467,10.416263835853709,54.419122015720966,84182,0.0001320424481591,0.000867,0.000304,1.0483121334206909,0.04608563793213594,11.115597370929356,0.5122693958360525,VSL,VSL_2015_USD,8705114.0,4459363.489463962,12367732482.584034
O3_MAIN,O3,p95,Mortality,Respiratory mortality,178,64.51310048477127,10.745074347096104,53.768026137675164,32375,0.0001320424481591,0.000867,0.000304,1.0477205280853623,0.04554700113833643,4.274874259150862,0.19470770274778942,VSL,VSL_2015_USD,8705114.0,1694952.7490976201,4700832802.929812
O3_MAIN,O3,p95,Mortality,Respiratory mortality,208,64.66163332247892,10.643087857162664,54.01854546531626,46725,0.0001320424481591,0.000867,0.000304,1.0479481179687904,0.04575428606306109,6.169683390233947,0.2822894587552806,VSL,VSL_2015_USD,8705114.0,2457361.9194630156,6815321268.296311
O3_MAIN,O3,p95,Mortality,Respiratory mortality,209,68.1346739936586,10.846479079884352,57.28819491377424,21680,0.0001320424481591,0.000867,0.000304,1.0509230413410515,0.0484555379774243,2.862680276089288,0.13871271283526798,VSL,VSL_2015_USD,8705114.0,1207509.978480271,3348944399.616538
O3_MAIN,O3,p95,Mortality,Respiratory mortality,210,64.81730490629097,10.667895203629364,54.14940970266161,27561,0.0001320424481591,0.000867,0.000304,1.0480670241675507,0.0458625479660798,3.639221913712955,0.16690398957686914,VSL,VSL_2015_USD,8705114.0,1452918.2563214577,4029567079.62962
O3_MAIN,O3,p95,Mortality,Respiratory mortality,211,67.2045964195899,10.722590080186697,56.48200633940321,88377,0.0001320424481591,0.000867,0.000304,1.0501887390542017,0.04779020873848039,11.669515440956781,0.5576885788002446,VSL,VSL_2015_USD,8705114.0,4854742.654954112,13464288921.529383
O3_MAIN,O3,p95,Mortality,Respiratory mortality,212,63.6966351823573,10.719578592917523,52.977056589439776,88377,0.0001320424481591,0.000867,0.000304,1.0470022784573318,0.04489224085222221,11.669515440956781,0.5238706978041578,VSL,VSL_2015_USD,8705114.0,4560354.145644744,12647822998.155502
O3_MAIN,O3,p95,Mortality,Respiratory mortality,213,66.51815109362984,10.92357639353843,55.59457470009141,88376,0.0001320424481591,0.000867,0.000304,1.049381031211274,0.04705729353071564,11.669383398508621,0.5491295999060802,VSL,VSL_2015_USD,8705114.0,4780235.7679568175,13257649285.924475
O3_MAIN,O3,p95,Mortality,Respiratory mortality,214,63.458470494496666,10.751869057562986,52.70660143693368,88377,0.0001320424481591,0.000867,0.000304,1.0467568013102686,0.04466825651549744,11.669515440956781,0.5212569091282158,VSL,VSL_2015_USD,8705114.0,4537600.817248759,12584718234.582224
O3_MAIN,O3,p95,Mortality,Respiratory mortality,215,66.78197493428517,10.902565055950712,55.87940987833446,88376,0.0001320424481591,0.000867,0.000304,1.049640210061209,0.04729259567744093,11.669383398508621,0.5518754308707098,VSL,VSL_2015_USD,8705114.0,4804138.539528648,13323941949.684938
O3_MAIN,O3,p95,Mortality,Respiratory mortality,216,63.94726217545276,10.629712623213337,53.31754955223942,88376,0.0001320424481591,0.000867,0.000304,1.047311406902695,0.045174154115835585,11.669383398508621,0.5271545240810017,VSL,VSL_2015_USD,8705114.0,4588940.227740865,12727104495.823347
O3_MAIN,O3,p95,Mortality,Respiratory mortality,217,64.0103255417649,10.81625902946566,53.19406651229925,88377,0.0001320424481591,0.000867,0.000304,1.0471992879593357,0.04507192518370817,11.669515440956781,0.5259675268849313,VSL,VSL_2015_USD,8705114.0,4578607.281831392,12698446793.649637
O3_MAIN,O3,p95,Mortality,Respiratory mortality,218,67.21733500590356,10.43576228388898,56.78157272201459,76565,0.0001320424481591,0.000867,0.000304,1.0504615337548235,0.048037488411832974,10.109830043301491,0.4856508435506962,VSL,VSL_2015_USD,8705114.0,4227645.957304975,11725080127.368336
O3_MAIN,O3,p95,Mortality,Respiratory mortality,219,68.56440495744529,10.568833362418708,57.99557159502658,5064,0.0001320424481591,0.000867,0.000304,1.0515677654830324,0.04903893707634244,0.6686629574776823,0.032790520697029105,VSL,VSL_2015_USD,8705114.0,285445.2207869978,791662338.6872833
O3_MAIN,O3,p95,Mortality,Respiratory mortality,251,64.01087469153892,10.556600911356345,53.454273780182575,80,0.0001320424481591,0.000867,0.000304,1.0474355624565794,0.04528733237329419,0.010563395852727999,0.00047838801897317026,VSL,VSL_2015_USD,8705114.0,4164.42224139561,11549733.576953826
O3_MAIN,O3,p95,Mortality,Respiratory mortality,252,64.97283123981241,10.632326061909293,54.34050517790311,28607,0.0001320424481591,0.000867,0.000304,1.0482406820638355,0.046020616151680405,3.7773383144873733,0.17383543664605886,VSL,VSL_2015_USD,8705114.0,1513257.29324372,4196913174.80093
O3_MAIN,O3,p95,Mortality,Respiratory mortality,253,64.92725499605305,10.910859109898448,54.016395886154605,77148,0.0001320424481591,0.000867,0.000304,1.0479461649252826,0.045752507647853435,10.186810790578246,0.4660721386031671,VSL,VSL_2015_USD,8705114.0,4057211.09876437,11252390977.646067
O3_MAIN,O3,p95,Mortality,Respiratory mortality,254,62.7806266539416,10.961214112780112,51.81941254116149,88376,0.0001320424481591,0.000867,0.000304,1.0459519531253811,0.043933139555859424,11.669383398508621,0.5126726493775084,VSL,VSL_2015_USD,8705114.0,4462873.857513241,12377468242.642946
O3_MAIN,O3,p95,Mortality,Respiratory mortality,255,67.27702086391761,10.855375090029836,56.421645773887775,88376,0.0001320424481591,0.000867,0.000304,1.0501337813742295,0.04774037581061641,11.669383398508621,0.5571007489229697,VSL,VSL_2015_USD,8705114.0,4849625.528859829,13450096930.505714
O3_MAIN,O3,p95,Mortality,Respiratory mortality,256,65.97983526289629,10.761658013856346,55.21817724903994,88376,0.0001320424481591,0.000867,0.000304,1.049038635655011,0.046746262709753794,11.669383398508621,0.5455000620075235,VSL,VSL_2015_USD,8705114.0,4748640.226782561,13170021264.165558
O3_MAIN,O3,p95,Mortality,Respiratory mortality,257,73.1149075717308,11.12394995607365,61.990957615657145,88377,0.0001320424481591,0.000867,0.000304,1.055216712212465,0.05232736704547869,11.669515440956781,0.6106350177218266,VSL,VSL_2015_USD,8705114.0,5315647.441660521,14742576084.124537
O3_MAIN,O3,p95,Mortality,Respiratory mortality,258,65.10487983102136,11.234921368954152,53.86995846206721,88376,0.0001320424481591,0.000867,0.000304,1.0478131248193738,0.04563134750542097,11.669383398508621,0.5324896890313373,VSL,VSL_2015_USD,8705114.0,4635383.446842341,12855911512.975952
O3_MAIN,O3,p95,Mortality,Respiratory mortality,259,70.32073938816437,10.84936344755392,59.47137594061045,45742,0.0001320424481591,0.000867,0.000304,1.0529141311288301,0.05025493491297428,6.039885663693552,0.3035340609107259,VSL,VSL_2015_USD,8705114.0,2642298.6031108126,7328230214.825621
O3_MAIN,O3,p95,Mortality,Respiratory mortality,294,64.08685406922596,10.664496386331129,53.42235768289484,10391,0.0001320424481591,0.000867,0.000304,1.0474065789996283,0.045260913908814815,1.372053078821208,0.062100376278851004,VSL,VSL_2015_USD,8705114.0,540590.8549502938,1499290894.844793
O3_MAIN,O3,p95,Mortality,Respiratory mortality,295,57.05085286407619,10.243381648520884,46.80747121555531,58101,0.0001320424481591,0.000867,0.000304,1.0414167831264662,0.03976965207160177,7.671798280491869,0.30510474837867435,VSL,VSL_2015_USD,8705114.0,2655971.6165776756,7366151360.565022
O3_MAIN,O3,p95,Mortality,Respiratory mortality,296,62.87797574760434,10.35315851321965,52.524817234384685,88049,0.0001320424481591,0.000867,0.000304,1.0465918382119845,0.04451767777167348,11.626205517960596,0.517571670955822,VSL,VSL_2015_USD,8705114.0,4505520.39884092,12495745439.757372
O3_MAIN,O3,p95,Mortality,Respiratory mortality,297,66.99379792237346,10.225138127621667,56.76865979475179,88376,0.0001320424481591,0.000867,0.000304,1.050449773370217,0.048026830648319474,11.669383398508621,0.5604435002504843,VSL,VSL_2015_USD,8705114.0,4878724.560239494,13530801057.105019
O3_MAIN,O3,p95,Mortality,Respiratory mortality,298,64.44203819262411,10.580290262109664,53.86174793051445,88375,0.0001320424481591,0.000867,0.000304,1.0478056659558612,0.045624553778539245,11.669251356060462,0.5324043860498726,VSL,VSL_2015_USD,8705114.0,4634640.874664151,12853852041.019796
O3_MAIN,O3,p95,Mortality,Respiratory mortality,299,64.6697006452116,10.60059617963082,54.06910446558079,88375,0.0001320424481591,0.000867,0.000304,1.0479940554179628,0.04579611417625995,11.669251356060462,0.5344063674536211,VSL,VSL_2015_USD,8705114.0,4652068.351009661,12902185926.740725
O3_MAIN,O3,p95,Mortality,Respiratory mortality,300,63.298997037373056,10.26958392830425,53.029413109068805,65052,0.0001320424481591,0.000867,0.000304,1.047049806217803,0.044935595172648224,8.589625337645773,0.38597992685717225,VSL,VSL_2015_USD,8705114.0,3359999.2650033464,9318722761.53823
O3_MAIN,O3,p95,Mortality,Respiratory mortality,301,65.65113587752985,10.766291852111843,54.884844025418005,35569,0.0001320424481591,0.000867,0.000304,1.04873550739322,0.046470732658188574,4.6966178385710275,0.21825527197391367,VSL,VSL_2015_USD,8705114.0,1899937.0236339236,5269342339.457032
O3_MAIN,O3,p95,Mortality,Respiratory mortality,302,65.34376314522515,10.945834407130148,54.39792873809501,32382,0.0001320424481591,0.000867,0.000304,1.0482928713111968,0.046068110003259166,4.275798556287976,0.1969779582428512,VSL,VSL_2015_USD,8705114.0,1714715.5819912592,4755643636.562017
O3_MAIN,O3,p95,Mortality,Respiratory mortality,303,61.25991857579288,10.678329189699914,50.581589386092965,24978,0.0001320424481591,0.000867,0.000304,1.0448300472686731,0.042906544835559446,3.2981562701179996,0.14151248987849946,VSL,VSL_2015_USD,8705114.0,1231882.356816184,3416539484.864709
O3_MAIN,O3,p95,Mortality,Respiratory mortality,304,61.69143193630859,10.65719429627202,51.03423764003657,8201,0.0001320424481591,0.000867,0.000304,1.0452401671488911,0.04328207867507905,1.0828801173527791,0.04686930243494182,VSL,VSL_2015_USD,8705114.0,408002.6207966461,1131566708.5960422
O3_MAIN,O3,p95,Mortality,Respiratory mortality,337,65.8875550288943,10.55007977130536,55.337475257588935,12381,0.0001320424481591,0.000867,0.000304,1.0491471447733858,0.04684485395421012,1.634817550657817,0.07658278940234495,VSL,VSL_2015_USD,8705114.0,666661.9121854047,1848940147.112367
O3_MAIN,O3,p95,Mortality,Respiratory mortality,338,67.02008368292053,10.833402902273887,56.18668078064664,74381,0.0001320424481591,0.000867,0.000304,1.0499198755280237,0.047546366814818164,9.821449336522017,0.4669742328074283,VSL,VSL_2015_USD,8705114.0,4065063.9316512034,11274170259.959396
O3_MAIN,O3,p95,Mortality,Respiratory mortality,339,70.36335686960015,10.680232629727136,59.68312423987302,88375,0.0001320424481591,0.000867,0.000304,1.0531074489307433,0.05042927859323865,11.669251356060462,0.5884719276093009,VSL,VSL_2015_USD,8705114.0,5122715.215638712,14207492060.508873
O3_MAIN,O3,p95,Mortality,Respiratory mortality,340,67.37039869167288,10.905342615353536,56.46505607631934,88377,0.0001320424481591,0.000867,0.000304,1.0501733057219207,0.04777621507664409,11.669515440956781,0.5575252795473704,VSL,VSL_2015_USD,8705114.0,4853321.116341728,13460346383.695637
O3_MAIN,O3,p95,Mortality,Respiratory mortality,341,67.5256304274563,10.670430337398829,56.85520009005748,88375,0.0001320424481591,0.000867,0.000304,1.0505285920316028,0.0480982549307738,11.669251356060462,0.561270626575074,VSL,VSL_2015_USD,8705114.0,4885924.789187449,13550770388.076145
O3_MAIN,O3,p95,Mortality,Respiratory mortality,342,61.25763170952528,11.009931903721183,50.24769980580409,88375,0.0001320424481591,0.000867,0.000304,1.0445276312730352,0.04262944314720174,11.669251356060462,0.4974536872535863,VSL,VSL_2015_USD,8705114.0,4330391.057262816,12010036469.94441
O3_MAIN,O3,p95,Mortality,Respiratory mortality,343,65.77595926185218,10.683323491264868,55.09263577058731,88375,0.0001320424481591,0.000867,0.000304,1.0489244598231025,0.046642500672883,11.669251356060462,0.5442830642270909,VSL,VSL_2015_USD,8705114.0,4738046.122366149,13140639257.153948
O3_MAIN,O3,p95,Mortality,Respiratory mortality,344,64.44049628298455,10.951122974421525,53.48937330856303,88377,0.0001320424481591,0.000867,0.000304,1.047467437758096,0.04531638507034741,11.669515440956781,0.5288202553067625,VSL,VSL_2015_USD,8705114.0,4603440.607954472,12767320285.319172
O3_MAIN,O3,p95,Mortality,Respiratory mortality,345,65.71135607964568,10.899698860299644,54.81165721934604,86300,0.0001320424481591,0.000867,0.000304,1.0486689641313183,0.046410226483277195,11.39526327613033,0.5288567494817799,VSL,VSL_2015_USD,8705114.0,4603758.293908334,12768201365.07419
O3_MAIN,O3,p95,Mortality,Respiratory mortality,346,66.51948734939748,10.553730187180978,55.965757162216505,33933,0.0001320424481591,0.000867,0.000304,1.0497187923175213,0.04736391563282816,4.48059639338274,0.21221858956093423,VSL,VSL_2015_USD,8705114.0,1847387.0150471425,5123598569.142196
O3_MAIN,O3,p95,Mortality,Respiratory mortality,347,64.03399423391298,10.683203493349971,53.350790740563006,2135,0.0001320424481591,0.000867,0.000304,1.0473415909678878,0.04520167190547408,0.2819106268196785,0.01274283166016965,VSL,VSL_2015_USD,8705114.0,110927.80228458605,307650494.6901395
O3_MAIN,O3,p95,Mortality,Respiratory mortality,348,66.49904648074731,10.81240176539774,55.68664471534957,32334,0.0001320424481591,0.000867,0.000304,1.0494648010840726,0.04713335886346692,4.269460518776339,0.20123401478488884,VSL,VSL_2015_USD,8705114.0,1751765.0393801427,4858397713.168069
O3_MAIN,O3,p95,Mortality,Respiratory mortality,349,66.64059998981463,11.042405652780422,55.59819433703421,30021,0.0001320424481591,0.000867,0.000304,1.0493843244104688,0.04706028407486673,3.964046336184341,0.18654914666676975,VSL,VSL_2015_USD,8705114.0,1623931.5883369506,4503860585.041348
O3_MAIN,O3,p95,Mortality,Respiratory mortality,350,63.096286929529846,10.763755656524475,52.33253127300537,41325,0.0001320424481591,0.000867,0.000304,1.0464173734113529,0.04435837419253741,5.456654170174807,0.2420483075198838,VSL,VSL_2015_USD,8705114.0,2107058.110467646,5843778175.314282
O3_MAIN,O3,p95,Mortality,Respiratory mortality,351,64.48312702430606,11.005743891120485,53.477383133185576,31973,0.0001320424481591,0.000867,0.000304,1.0474565488857441,0.0453064606223782,4.221793194990904,0.19127450714467964,VSL,VSL_2015_USD,8705114.0,1665066.3899882508,4617945077.985114
O3_MAIN,O3,p95,Mortality,Respiratory mortality,352,65.25373911347937,10.764013967672472,54.4897251458069,11823,0.0001320424481591,0.000867,0.000304,1.048376305624997,0.046144028022606975,1.5611378645850391,0.07203718937056486,VSL,VSL_2015_USD,8705114.0,627091.9457103553,1739195614.9914706
O3_MAIN,O3,p95,Mortality,Respiratory mortality,353,68.61021304842147,10.623947845439243,57.986265202982224,30,0.0001320424481591,0.000867,0.000304,1.0515592807935266,0.04903126408110725,0.003961273444773,0.00019422624436814237,VSL,VSL_2015_USD,8705114.0,1690.7615990165373,4689208.941560435
O3_MAIN,O3,p95,Mortality,Respiratory mortality,360,62.549667803384544,10.753892716736964,51.79577508664758,26038,0.0001320424481591,0.000867,0.000304,1.045930517947657,0.04391354603342368,3.4381212651666457,0.15098009644638835,VSL,VSL_2015_USD,8705114.0,1314298.9512968054,3645116140.4950986
O3_MAIN,O3,p95,Mortality,Respiratory mortality,361,67.56160248417544,10.776854907443065,56.78474757673237,20956,0.0001320424481591,0.000867,0.000304,1.050464425258213,0.0480401087793223,2.7670815436220995,0.13293089835686073,VSL,VSL_2015_USD,8705114.0,1157178.6243188854,3209353912.044726
O3_MAIN,O3,p95,Mortality,Respiratory mortality,379,64.68188590572926,10.89564139037766,53.7862445153516,54999,0.0001320424481591,0.000867,0.000304,1.0477370773111612,0.045562076922647576,7.26220260630234,0.33088103377619893,VSL,VSL_2015_USD,8705114.0,2880357.119459662,7988468845.82301
O3_MAIN,O3,p95,Mortality,Respiratory mortality,380,66.66529688405154,10.655047628643812,56.01024925540773,88376,0.0001320424481591,0.000867,0.000304,1.049759285628074,0.04740066252264952,11.669383398508621,0.5531365043201161,VSL,VSL_2015_USD,8705114.0,4815116.327668102,13354388076.644545
O3_MAIN,O3,p95,Mortality,Respiratory mortality,381,64.62765055469615,10.62284388880003,54.00480666589611,88376,0.0001320424481591,0.000867,0.000304,1.047935635368155,0.045742919460234344,11.669383398508621,0.5337916649485756,VSL,VSL_2015_USD,8705114.0,4646717.295627154,12887345149.211218
O3_MAIN,O3,p95,Mortality,Respiratory mortality,382,64.60519456924871,10.672954597919771,53.93223997132894,88375,0.0001320424481591,0.000867,0.000304,1.0478697062319242,0.04568288017797617,11.669251356060462,0.5330850114655961,VSL,VSL_2015_USD,8705114.0,4640565.796499321,12870284396.985111
O3_MAIN,O3,p95,Mortality,Respiratory mortality,383,65.15576831014826,10.615829476332117,54.539938833816144,88376,0.0001320424481591,0.000867,0.000304,1.0484219479614256,0.04618555349358955,11.669383398508621,0.5389569311890258,VSL,VSL_2015_USD,8705114.0,4691681.527090625,13012050297.678951
O3_MAIN,O3,p95,Mortality,Respiratory mortality,384,64.45298589584083,10.860869762619044,53.59211613322178,88377,0.0001320424481591,0.000867,0.000304,1.047560748248767,0.04540142261751923,11.669515440956781,0.529812602276545,VSL,VSL_2015_USD,8705114.0,4612079.101453984,12791278542.345522
O3_MAIN,O3,p95,Mortality,Respiratory mortality,385,65.17941100758169,10.833572000038194,54.345839007543496,88376,0.0001320424481591,0.000867,0.000304,1.048245529591014,0.046025027752646386,11.669383398508621,0.5370836947726303,VSL,VSL_2015_USD,8705114.0,4675374.79053695,12966824705.318893
O3_MAIN,O3,p95,Mortality,Respiratory mortality,386,65.16229908585284,10.637988276752523,54.52431080910032,88376,0.0001320424481591,0.000867,0.000304,1.0484077424671765,0.04617262969964386,11.669383398508621,0.5388061184825103,VSL,VSL_2015_USD,8705114.0,4690368.685287759,13008409222.837627
O3_MAIN,O3,p95,Mortality,Respiratory mortality,387,65.64118000455709,10.812141347544063,54.82903865701302,88291,0.0001320424481591,0.000867,0.000304,1.0486847673838535,0.04642459669296706,11.658159790415098,0.5412253664521863,VSL,VSL_2015_USD,8705114.0,4711428.514658057,13066817185.408094
O3_MAIN,O3,p95,Mortality,Respiratory mortality,388,66.20510817370909,10.67644563306618,55.52866254064291,86731,0.0001320424481591,0.000867,0.000304,1.0493210651618343,0.04700283526112914,11.452173571286902,0.5382846277530552,VSL,VSL_2015_USD,8705114.0,4685829.049037909,12995818859.473207
O3_MAIN,O3,p95,Mortality,Respiratory mortality,389,63.68866047204382,10.784689155253742,52.90397131679008,88377,0.0001320424481591,0.000867,0.000304,1.0469359373316678,0.044831718597122316,11.669515440956781,0.5231644324137481,VSL,VSL_2015_USD,8705114.0,4554206.024906972,12630771615.657743
O3_MAIN,O3,p95,Mortality,Respiratory mortality,390,67.12103448436974,10.551410529286692,56.56962395508305,88377,0.0001320424481591,0.000867,0.000304,1.0502685191182857,0.04786254010592139,11.669515440956781,0.5585326508094629,VSL,VSL_2015_USD,8705114.0,4862090.398018567,13484667372.576633
O3_MAIN,O3,p95,Mortality,Respiratory mortality,391,70.1588424165332,10.81611402389334,59.34272839263986,88376,0.0001320424481591,0.000867,0.000304,1.0527966983480523,0.0501489968869544,11.669383398508621,0.5852078717244862,VSL,VSL_2015_USD,8705114.0,5094301.237059029,14128687879.896622
O3_MAIN,O3,p95,Mortality,Respiratory mortality,392,65.67383928927714,11.015618638193088,54.65822065108405,88377,0.0001320424481591,0.000867,0.000304,1.0485294694971,0.04628336246989406,11.669515440956781,0.5401044130018283,VSL,VSL_2015_USD,8705114.0,4701670.487083998,13039753978.99337
O3_MAIN,O3,p95,Mortality,Respiratory mortality,393,68.52954962789906,10.779000126170873,57.75054950172819,88376,0.0001320424481591,0.000867,0.000304,1.0513444002994998,0.0488368990074739,11.669383398508621,0.569896498512458,VSL,VSL_2015_USD,8705114.0,4961013.987751777,13759025024.050411
O3_MAIN,O3,p95,Mortality,Respiratory mortality,394,68.32306097381957,10.784387133437448,57.53867384038212,65713,0.0001320424481591,0.000867,0.000304,1.05115129006732,0.04866215791262951,8.676905395878938,0.42223694056720795,VSL,VSL_2015_USD,8705114.0,3675620.70264877,10194076725.347178
O3_MAIN,O3,p95,Mortality,Respiratory mortality,395,63.18958708545436,10.94268182549281,52.24690525996155,29100,0.0001320424481591,0.000867,0.000304,1.0463396926199868,0.04428742687181675,3.84243524142981,0.17017156976451425,VSL,VSL_2015_USD,8705114.0,1481362.9143590496,4108456347.570819
O3_MAIN,O3,p95,Mortality,Respiratory mortality,396,65.81575473545438,10.63869947492177,55.177055260532605,7120,0.0001320424481591,0.000867,0.000304,1.0490012351947882,0.04671227597333494,0.9401422308927919,0.04391618334365087,VSL,VSL_2015_USD,8705114.0,382295.382451382,1060269482.5521363
O3_MAIN,O3,p95,Mortality,Respiratory mortality,397,68.99398915323846,10.66598357355673,58.32800557968173,2535,0.0001320424481591,0.000867,0.000304,1.0518708923042936,0.04931298383080274,0.3347276060833185,0.01650641702650999,VSL,VSL_2015_USD,8705114.0,143690.24194731048,398514827.7239293
O3_MAIN,O3,p95,Mortality,Respiratory mortality,398,70.14515003591987,10.808145959315068,59.3370040766048,10141,0.0001320424481591,0.000867,0.000304,1.052791473349952,0.050144282781822924,1.3390424667814331,0.06714532411115791,VSL,VSL_2015_USD,8705114.0,584507.7009545782,1621091193.0584557
O3_MAIN,O3,p95,Mortality,Respiratory mortality,400,64.85395631613592,10.325314715152851,54.528641600983065,7025,0.0001320424481591,0.000867,0.000304,1.0484116790323543,0.04617621112065118,0.9275981983176774,0.04283297024065273,VSL,VSL_2015_USD,8705114.0,372865.88890348945,1034117442.2616047
O3_MAIN,O3,p95,Mortality,Respiratory mortality,401,68.69947786904639,10.420378181002992,58.2790996880434,87066,0.0001320424481591,0.000867,0.000304,1.0518262924429278,0.04927267250807954,11.4964077914202,0.5664587361259815,VSL,VSL_2015_USD,8705114.0,4931087.874272588,13676027043.143822
O3_MAIN,O3,p95,Mortality,Respiratory mortality,402,67.32405740078435,10.803886301191351,56.520171099593,76970,0.0001320424481591,0.000867,0.000304,1.0502234891637157,0.047821715741387716,10.163307234805927,0.4860267895752783,VSL,VSL_2015_USD,8705114.0,4230918.610306809,11734156601.383211
O3_MAIN,O3,p95,Mortality,Respiratory mortality,403,62.70233558739855,10.81393658702407,51.88839900037448,682,0.0001320424481591,0.000867,0.000304,1.0460145147006656,0.043990321409482114,0.09005294964450619,0.003961458198733735,VSL,VSL_2015_USD,8705114.0,34484.94522621182,95641581.63873264
O3_MAIN,O3,p95,Mortality,Respiratory mortality,420,66.17153571178314,10.67956629795805,55.49196941382509,45834,0.0001320424481591,0.000867,0.000304,1.0492876837037335,0.04697251713634898,6.052033568924189,0.28427925052605074,VSL,VSL_2015_USD,8705114.0,2474683.2836638317,6863360859.41178
O3_MAIN,O3,p95,Mortality,Respiratory mortality,421,61.54386103418707,10.683321655237808,50.86053937894926,88376,0.0001320424481591,0.000867,0.000304,1.0450827696026146,0.04313798955824044,11.669383398508621,0.5033937391959693,VSL,VSL_2015_USD,8705114.0,4382099.886587181,12153447288.457485
O3_MAIN,O3,p95,Mortality,Respiratory mortality,422,63.98190085738805,10.8384605124617,53.14344034492635,88378,0.0001320424481591,0.000867,0.000304,1.0471533243679498,0.045030009713631136,11.669647483404939,0.5254843395323755,VSL,VSL_2015_USD,8705114.0,4574401.080844035,12686781189.645273
O3_MAIN,O3,p95,Mortality,Respiratory mortality,423,66.11531000349008,10.796624728183565,55.31868527530652,88378,0.0001320424481591,0.000867,0.000304,1.0491300533460246,0.04682932605860679,11.669647483404939,0.54648172698937,VSL,VSL_2015_USD,8705114.0,4757185.732359343,13193721625.697372
O3_MAIN,O3,p95,Mortality,Respiratory mortality,424,64.54548219877475,10.48262972351954,54.06285247525521,88378,0.0001320424481591,0.000867,0.000304,1.0479883748071392,0.04579094192334965,11.669647483404939,0.5343641501785589,VSL,VSL_2015_USD,8705114.0,4651700.844817475,12901166674.04213
O3_MAIN,O3,p95,Mortality,Respiratory mortality,425,60.646526813997646,10.627532286369751,50.018994527627896,88377,0.0001320424481591,0.000867,0.000304,1.0443205350582025,0.042439589733560545,11.669515440956781,0.49524944770365564,VSL,VSL_2015_USD,8705114.0,4311202.900697361,11956819460.88108
O3_MAIN,O3,p95,Mortality,Respiratory mortality,426,63.03247805568529,10.837587496472292,52.19489055921299,88377,0.0001320424481591,0.000867,0.000304,1.046292507169074,0.0442443263732496,11.669515440956781,0.5163098497873675,VSL,VSL_2015_USD,8705114.0,4494536.10172191,12465281260.598597
O3_MAIN,O3,p95,Mortality,Respiratory mortality,427,67.49346171615092,10.926945081064805,56.56651663508612,88377,0.0001320424481591,0.000867,0.000304,1.0502656896499347,0.04785997499993444,11.669515440956781,0.5585027172655405,VSL,VSL_2015_USD,8705114.0,4861829.823106298,13483944686.297699
O3_MAIN,O3,p95,Mortality,Respiratory mortality,428,67.15747109016742,10.408252284380264,56.74921880578716,88377,0.0001320424481591,0.000867,0.000304,1.050432067834048,0.04801078468409381,11.669515440956781,0.560262593203484,VSL,VSL_2015_USD,8705114.0,4877149.7437719535,13526433413.869448
O3_MAIN,O3,p95,Mortality,Respiratory mortality,429,67.24981821459433,10.916267463006044,56.33355075158829,88376,0.0001320424481591,0.000867,0.000304,1.0500535769156563,0.047667640981405635,11.669383398508621,0.5562519783144841,VSL,VSL_2015_USD,8705114.0,4842236.883953112,13429605041.062078
O3_MAIN,O3,p95,Mortality,Respiratory mortality,430,64.83924272497849,10.88171415915382,53.95752856582467,88378,0.0001320424481591,0.000867,0.000304,1.047892681248647,0.0457038035532219,11.669647483404939,0.5333472761168896,VSL,VSL_2015_USD,8705114.0,4642848.840187001,12876616258.839834
O3_MAIN,O3,p95,Mortality,Respiratory mortality,431,66.08362424867435,11.059771946877472,55.02385230179688,88377,0.0001320424481591,0.000867,0.000304,1.0488619087975573,0.04658564524816611,11.669515440956781,0.5436319065504093,VSL,VSL_2015_USD,8705114.0,4732377.720558659,13124918341.529001
O3_MAIN,O3,p95,Mortality,Respiratory mortality,432,65.24888613030184,11.01913693477885,54.22974919552299,88377,0.0001320424481591,0.000867,0.000304,1.0481400291272474,0.04592900546631351,11.669515440956781,0.5359692384769339,VSL,VSL_2015_USD,8705114.0,4665673.3214348955,12939918359.867182
O3_MAIN,O3,p95,Mortality,Respiratory mortality,433,64.93734127796122,10.991768028924614,53.94557324903661,88376,0.0001320424481591,0.000867,0.000304,1.047881819625207,0.04569391197409345,11.669383398508621,0.5332197778034004,VSL,VSL_2015_USD,8705114.0,4641738.95283327,12873538063.956375
O3_MAIN,O3,p95,Mortality,Respiratory mortality,434,63.27490245773407,11.092040198269846,52.182862259464216,88374,0.0001320424481591,0.000867,0.000304,1.046281595927014,0.04423435918894103,11.669119313612303,0.5161760151369356,VSL,VSL_2015_USD,8705114.0,4493371.055832749,12462050087.378222
O3_MAIN,O3,p95,Mortality,Respiratory mortality,435,65.09822648821584,11.159081407733892,53.93914508048195,88373,0.0001320424481591,0.000867,0.000304,1.047875979563327,0.04568859339945752,11.668987271164143,0.533139614815664,VSL,VSL_2015_USD,8705114.0,4641041.124886444,12871602686.993809
O3_MAIN,O3,p95,Mortality,Respiratory mortality,436,65.15149738166805,10.64746027217084,54.50403710949721,88373,0.0001320424481591,0.000867,0.000304,1.048389314454285,0.046155863844790423,11.668987271164143,0.5385921876944447,VSL,VSL_2015_USD,8705114.0,4688506.393389539,13003244286.618347
O3_MAIN,O3,p95,Mortality,Respiratory mortality,437,64.67212197806855,10.692927339377611,53.97919463869093,87523,0.0001320424481591,0.000867,0.000304,1.0479123655580624,0.04572172934761276,11.556751190228908,0.5283946500573478,VSL,VSL_2015_USD,8705114.0,4599735.665739318,12757044887.431396
O3_MAIN,O3,p95,Mortality,Respiratory mortality,438,65.13205508186876,10.96033854251173,54.17171653935703,83412,0.0001320424481591,0.000867,0.000304,1.04808729400854,0.045881000832119656,11.013924685846849,0.5053298876762425,VSL,VSL_2015_USD,8705114.0,4398954.2798288865,12200191768.305828
O3_MAIN,O3,p95,Mortality,Respiratory mortality,439,67.55802667746747,10.70132937101098,56.85669730645648,83452,0.0001320424481591,0.000867,0.000304,1.050529955709595,0.04809949058088858,11.019206383773213,0.530018213665167,VSL,VSL_2015_USD,8705114.0,4613868.972031636,12796242623.1017
O3_MAIN,O3,p95,Mortality,Respiratory mortality,440,61.535409003664206,11.005512512268508,50.5298964913957,77384,0.0001320424481591,0.000867,0.000304,1.044783221396904,0.04286364910897733,10.217972808343793,0.43797960106192,VSL,VSL_2015_USD,8705114.0,3812662.3569185347,10574152160.54857
O3_MAIN,O3,p95,Mortality,Respiratory mortality,441,60.4597634827019,10.562169546695166,49.897593936006736,85838,0.0001320424481591,0.000867,0.000304,1.0442106216023346,0.042338797066145184,11.334259665080825,0.47987891985485176,VSL,VSL_2015_USD,8705114.0,4177400.703533348,11585728433.200493
O3_MAIN,O3,p95,Mortality,Respiratory mortality,442,15.744078753399313,12.97862925591719,2.765449497482121,88372,0.0001320424481591,0.000867,0.000304,1.002400521363006,0.002394772660076039,11.668855228715985,0.027944255476114375,VSL,VSL_2015_USD,8705114.0,243257.9295646999,674658839.5926256
O3_MAIN,O3,p95,Mortality,Respiratory mortality,443,59.76196640635694,10.227200892995606,49.534765513361336,88316,0.0001320424481591,0.000867,0.000304,1.0438821935854015,0.04203749604606255,11.661460851619076,0.4902186144412501,VSL,VSL_2015_USD,8705114.0,4267408.923633128,11835359931.071827
O3_MAIN,O3,p95,Mortality,Respiratory mortality,444,68.93617165099373,10.973025719120976,57.96314593187275,45597,0.0001320424481591,0.000867,0.000304,1.051538203121457,0.049012202284679285,6.0207395087104825,0.29508970270427876,VSL,VSL_2015_USD,8705114.0,2568789.502266855,7124357869.271963
O3_MAIN,O3,p95,Mortality,Respiratory mortality,445,70.15892424814005,11.402208656731116,58.75671559140893,57394,0.0001320424481591,0.000867,0.000304,1.0522619365278072,0.04966628052731625,7.578444269643385,0.3763931390567407,VSL,VSL_2015_USD,8705114.0,3276545.1843067803,9087268710.511953
O3_MAIN,O3,p95,Mortality,Respiratory mortality,446,61.581636500504416,10.330958336078847,51.250678164425565,8084,0.0001320424481591,0.000867,0.000304,1.0454363289836002,0.04346159371348279,1.0674311509181644,0.0463922589983206,VSL,VSL_2015_USD,8705114.0,403849.9032979066,1120049437.303513
O3_MAIN,O3,p95,Mortality,Respiratory mortality,461,65.21129749514371,10.918167526364028,54.29312996877968,22921,0.0001320424481591,0.000867,0.000304,1.0481976271892044,0.04598143130551513,3.026544954254731,0.13916486890711735,VSL,VSL_2015_USD,8705114.0,1211446.0486315119,3359860814.6560936
O3_MAIN,O3,p95,Mortality,Respiratory mortality,462,65.58756531714832,10.6992299370281,54.88833538012022,74661,0.0001320424481591,0.000867,0.000304,1.0487386819251532,0.046473618991228816,9.858421222006564,0.45815651172657745,VSL,VSL_2015_USD,8705114.0,3988304.6644221935,11061283805.448444
O3_MAIN,O3,p95,Mortality,Respiratory mortality,463,65.5928601758514,10.78495618231915,54.80790399353225,80098,0.0001320424481591,0.000867,0.000304,1.0486655517190038,0.04640712345249609,10.576336012647591,0.49081733101401703,VSL,VSL_2015_USD,8705114.0,4272620.819652754,11849814759.849537
O3_MAIN,O3,p95,Mortality,Respiratory mortality,464,63.1172329679216,11.014567199250132,52.10266576867147,82755,0.0001320424481591,0.000867,0.000304,1.0462088501226356,0.04416790215186872,10.92717279740632,0.48263029891240394,VSL,VSL_2015_USD,8705114.0,4201351.771886553,11652155044.703321
O3_MAIN,O3,p95,Mortality,Respiratory mortality,465,68.57935007605712,10.9533933158045,57.62595676025263,88371,0.0001320424481591,0.000867,0.000304,1.051230838206321,0.04873414700593681,11.668723186267826,0.5686652711311596,VSL,VSL_2015_USD,8705114.0,4950296.013037654,13729299471.439018
O3_MAIN,O3,p95,Mortality,Respiratory mortality,466,66.06802708830547,10.801655558708848,55.26637152959663,88371,0.0001320424481591,0.000867,0.000304,1.0490824700640355,0.04678609305237891,11.668723186267826,0.5459339687951777,VSL,VSL_2015_USD,8705114.0,4752417.434834465,13180497086.29295
O3_MAIN,O3,p95,Mortality,Respiratory mortality,467,67.60514980954777,10.944728493579683,56.66042131596808,88369,0.0001320424481591,0.000867,0.000304,1.0503512008883105,0.047937490665719396,11.668459101371507,0.5593566492553251,VSL,VSL_2015_USD,8705114.0,4869263.39842562,13504561187.095566
O3_MAIN,O3,p95,Mortality,Respiratory mortality,468,66.26709787114858,10.847629454953497,55.41946841619509,60568,0.0001320424481591,0.000867,0.000304,1.0492217292684944,0.046912609504200176,7.997547000100369,0.37518579940719615,VSL,VSL_2015_USD,8705114.0,3266035.155020775,9058119879.989267
O3_MAIN,O3,p95,Mortality,Respiratory mortality,469,67.3461967714641,10.52676716193448,56.819429609529614,37663,0.0001320424481591,0.000867,0.000304,1.0504960124866236,0.048068733137877184,4.973114725016183,0.23905132458085038,VSL,VSL_2015_USD,8705114.0,2080969.0323273048,5771421943.327517
O3_MAIN,O3,p95,Mortality,Respiratory mortality,470,66.67367134945593,10.643762439197378,56.02990891025856,14834,0.0001320424481591,0.000867,0.000304,1.049777178844404,0.04741689936449056,1.9587176759920892,0.09287631892596572,VSL,VSL_2015_USD,8705114.0,808498.9441508892,2242315226.6764007
O3_MAIN,O3,p95,Mortality,Respiratory mortality,471,60.90397696595462,10.546603771985827,50.35737319396879,56261,0.0001320424481591,0.000867,0.000304,1.0446269568139699,0.042720472148333855,7.428840175879125,0.31736355982806774,VSL,VSL_2015_USD,8705114.0,2762685.96774915,7662116143.534525
O3_MAIN,O3,p95,Mortality,Respiratory mortality,472,62.800243470511255,10.60776453518582,52.19247893532543,87172,0.0001320424481591,0.000867,0.000304,1.04629031950147,0.04424232800273453,11.510404290925065,0.5092470820831897,VSL,VSL_2015_USD,8705114.0,4433053.903701523,12294764688.142916
O3_MAIN,O3,p95,Mortality,Respiratory mortality,473,62.49787004117143,10.55767814664634,51.94019189452509,88375,0.0001320424481591,0.000867,0.000304,1.0460614864504854,0.04403324952415755,11.669251356060462,0.5138350567215242,VSL,VSL_2015_USD,8705114.0,4472992.7459573345,12405532271.42045
O3_MAIN,O3,p95,Mortality,Respiratory mortality,474,63.6209005721985,10.614132958404957,53.00676761379354,88372,0.0001320424481591,0.000867,0.000304,1.0470292490160418,0.04491684359366099,11.668855228715985,0.5241281452253091,VSL,VSL_2015_USD,8705114.0,4562595.254794871,12654038557.50574
O3_MAIN,O3,p95,Mortality,Respiratory mortality,475,64.0375419798791,10.506379938671062,53.531162041208034,88373,0.0001320424481591,0.000867,0.000304,1.0475053890615238,0.04535097342466621,11.668987271164143,0.5291999316273333,VSL,VSL_2015_USD,8705114.0,4606745.733608142,12776486819.960827
O3_MAIN,O3,p95,Mortality,Respiratory mortality,476,67.32221438000568,10.587600434477205,56.73461394552847,88372,0.0001320424481591,0.000867,0.000304,1.0504187669127008,0.04799873012635447,11.668855228715985,0.5600902330066388,VSL,VSL_2015_USD,8705114.0,4875649.328609354,13522272117.44504
O3_MAIN,O3,p95,Mortality,Respiratory mortality,477,66.86722389886351,10.667222364863774,56.20000153399974,88373,0.0001320424481591,0.000867,0.000304,1.0499320012204938,0.04755736672703603,11.668987271164143,0.5549463069878686,VSL,VSL_2015_USD,8705114.0,4830870.866208393,13398082186.468344
O3_MAIN,O3,p95,Mortality,Respiratory mortality,478,68.59608961179933,10.583370467250363,58.01271914454897,88371,0.0001320424481591,0.000867,0.000304,1.0515833991788048,0.04905307483846466,11.668723186267826,0.5723867517253235,VSL,VSL_2015_USD,8705114.0,4982691.925858637,13819147267.93412
O3_MAIN,O3,p95,Mortality,Respiratory mortality,479,66.23167873133983,11.07245954950764,55.159219181832185,88373,0.0001320424481591,0.000867,0.000304,1.0489850136907466,0.04669753433216162,11.668987271164143,0.5449129337167444,VSL,VSL_2015_USD,8705114.0,4743529.208078704,13155846211.561718
O3_MAIN,O3,p95,Mortality,Respiratory mortality,480,66.68356126434804,11.12623608464206,55.557325179705984,88373,0.0001320424481591,0.000867,0.000304,1.0493471416474354,0.04702651743060182,11.668987271164143,0.5487518333048713,VSL,VSL_2015_USD,8705114.0,4776947.266627901,13248528857.683819
O3_MAIN,O3,p95,Mortality,Respiratory mortality,481,77.32166979420444,12.463987061689236,64.8576827325152,88374,0.0001320424481591,0.000867,0.000304,1.0578426632876212,0.05467983594824455,11.669119313612303,0.6380655297288127,VSL,VSL_2015_USD,8705114.0,5554433.175759704,15404831602.647234
O3_MAIN,O3,p95,Mortality,Respiratory mortality,482,14.9953052161933,12.37919767678262,2.616107539410681,88374,0.0001320424481591,0.000867,0.000304,1.0022707394693333,0.0022655948935867976,11.669119313612303,0.02643749712957511,VSL,VSL_2015_USD,8705114.0,230141.4263876241,638281136.1862283
O3_MAIN,O3,p95,Mortality,Respiratory mortality,483,69.55817015867692,11.441256035813046,58.11691412286387,88373,0.0001320424481591,0.000867,0.000304,1.0516784004079194,0.04913897669465739,11.668987271164143,0.5734020935679885,VSL,VSL_2015_USD,8705114.0,4991530.5923480075,13843660690.735733
O3_MAIN,O3,p95,Mortality,Respiratory mortality,484,66.01824021186664,11.278297279359704,54.739942932506935,88373,0.0001320424481591,0.000867,0.000304,1.0486037638161398,0.04635093396885981,11.668987271164143,0.5408684584891948,VSL,VSL_2015_USD,8705114.0,4708321.590152709,13058200347.777225
O3_MAIN,O3,p95,Mortality,Respiratory mortality,485,17.148420136425624,14.142398583420402,3.0060215530052226,88373,0.0001320424481591,0.000867,0.000304,1.0026096198319217,0.002602827441810507,11.668987271164143,0.030372360287523534,VSL,VSL_2015_USD,8705114.0,264394.85875196516,733280633.1084627
O3_MAIN,O3,p95,Mortality,Respiratory mortality,486,77.35994816259185,12.04995281318079,65.30999534941105,88372,0.0001320424481591,0.000867,0.000304,1.0582575829694432,0.05505047533510121,11.668855228715985,0.6423760269572961,VSL,VSL_2015_USD,8705114.0,5591956.545530336,15508900042.070198
O3_MAIN,O3,p95,Mortality,Respiratory mortality,487,64.62964521615244,11.281690771288202,53.34795444486424,66848,0.0001320424481591,0.000867,0.000304,1.0473390154864746,0.04519932398821813,8.826773574539516,0.3989641985662538,VSL,VSL_2015_USD,8705114.0,3473028.830437876,9632202349.201317
O3_MAIN,O3,p95,Mortality,Respiratory mortality,488,6.985412930059193,5.743585658326686,1.2418272717325074,6168,0.0001320424481591,0.000867,0.000304,1.0010772440556084,0.0010760848496008668,0.8144378202453287,0.0008764041993079524,VSL,VSL_2015_USD,8705114.0,7629.198465054447,21159047.898935955
O3_MAIN,O3,p95,Mortality,Respiratory mortality,503,63.15028345286259,10.612743901482997,52.5375395513796,110,0.0001320424481591,0.000867,0.000304,1.046603382444056,0.04452821692131981,0.014524669297501,0.0006467576251895583,VSL,VSL_2015_USD,8705114.0,5630.098857644377,15614685.074756643
O3_MAIN,O3,p95,Mortality,Respiratory mortality,504,63.48076280280339,10.68286389709331,52.797898905710085,585,0.0001320424481591,0.000867,0.000304,1.046839660525197,0.04474387271657032,0.0772448321730735,0.0034562329387648368,VSL,VSL_2015_USD,8705114.0,30086.901742502923,83443915.89970988
O3_MAIN,O3,p95,Mortality,Respiratory mortality,505,63.59370349179601,10.365340754092024,53.22836273770399,30061,0.0001320424481591,0.000867,0.000304,1.047230426712394,0.04510031938306658,3.969328034110705,0.1790179620745526,VSL,VSL_2015_USD,8705114.0,1558371.7679066567,4322035012.265359
O3_MAIN,O3,p95,Mortality,Respiratory mortality,506,60.68497113233264,10.490670025197948,50.19430110713469,71500,0.0001320424481591,0.000867,0.000304,1.0444792742395537,0.04258511905077034,9.44103504337565,0.4020476012846467,VSL,VSL_2015_USD,8705114.0,3499870.202609396,9706645016.022976
O3_MAIN,O3,p95,Mortality,Respiratory mortality,507,63.07596072198647,10.412552463244118,52.66340825874235,36518,0.0001320424481591,0.000867,0.000304,1.0467176025873524,0.04463248011867982,4.8219261218740135,0.2152145217682848,VSL,VSL_2015_USD,8705114.0,1873466.9464484006,5195929433.288387
O3_MAIN,O3,p95,Mortality,Respiratory mortality,508,66.78582581807265,10.589577666261963,56.196248151810686,32087,0.0001320424481591,0.000867,0.000304,1.0499285845558577,0.0475542672999788,4.236846034081042,0.20148010881354497,VSL,VSL_2015_USD,8705114.0,1753907.3159543136,4864339167.287171
O3_MAIN,O3,p95,Mortality,Respiratory mortality,509,65.22435848300786,10.47139801316646,54.7529604698414,423,0.0001320424481591,0.000867,0.000304,1.0486155986398296,0.046361696986855216,0.055853955571299296,0.002589484163713852,VSL,VSL_2015_USD,8705114.0,22541.754846323744,62517979.14343966
O3_MAIN,O3,p95,Mortality,Respiratory mortality,513,63.44838138024711,10.335931938639357,53.11244944160775,29744,0.0001320424481591,0.000867,0.000304,1.047125188664756,0.0450043501721582,3.9274705780442702,0.17675326118515294,VSL,VSL_2015_USD,8705114.0,1538657.2884885315,4267358283.6127477
O3_MAIN,O3,p95,Mortality,Respiratory mortality,514,66.85583752897864,10.651387048450184,56.20445048052846,78902,0.0001320424481591,0.000867,0.000304,1.0499360510644895,0.047561040516573616,10.418413244649308,0.49551057444717295,VSL,VSL_2015_USD,8705114.0,4313476.038768128,11963123850.200687
O3_MAIN,O3,p95,Mortality,Respiratory mortality,515,62.94075523743928,10.937786493245138,52.00296874419415,84667,0.0001320424481591,0.000867,0.000304,1.046118422541454,0.04408527901593895,11.17963795828652,0.49285745868824327,VSL,VSL_2015_USD,8705114.0,4290380.363631448,11899069611.906366
O3_MAIN,O3,p95,Mortality,Respiratory mortality,516,67.13482947728737,10.68897288986307,56.4458565874243,40091,0.0001320424481591,0.000867,0.000304,1.05015582472786,0.04776036426866215,5.293713789146478,0.25282969890367557,VSL,VSL_2015_USD,8705114.0,2200911.351542171,6104073569.707603
O3_MAIN,O3,p95,Mortality,Respiratory mortality,517,63.74086730522868,10.530436128612289,53.2104311766164,41250,0.0001320424481591,0.000867,0.000304,1.0472141458999382,0.04508547376369154,5.446750986562875,0.2455693487020415,VSL,VSL_2015_USD,8705114.0,2137709.1753570233,5928786758.210428
O3_MAIN,O3,p95,Mortality,Respiratory mortality,518,66.38569618622283,10.863894237420856,55.52180194880197,71036,0.0001320424481591,0.000867,0.000304,1.0493148236790093,0.04699716669026577,9.379767347429826,0.4408224895430715,VSL,VSL_2015_USD,8705114.0,3837410.0252362452,10642788086.290958
O3_MAIN,O3,p95,Mortality,Respiratory mortality,519,65.34549037224745,10.4659738845718,54.87951648767566,88373,0.0001320424481591,0.000867,0.000304,1.0487306633210838,0.046466328319957007,11.668987271164143,0.5422149937033123,VSL,VSL_2015_USD,8705114.0,4720043.332696616,13090709780.200773
O3_MAIN,O3,p95,Mortality,Respiratory mortality,520,69.19435375233915,10.311925242339766,58.882428509999386,88373,0.0001320424481591,0.000867,0.000304,1.0523766320691188,0.04976985470129558,11.668987271164143,0.580763800997107,VSL,VSL_2015_USD,8705114.0,5055615.09475313,14021394572.241173
O3_MAIN,O3,p95,Mortality,Respiratory mortality,521,60.162708748812896,10.3852494820048,49.777459266808094,88375,0.0001320424481591,0.000867,0.000304,1.0441018656730463,0.04223904498496178,11.669251356060462,0.49289803296946416,VSL,VSL_2015_USD,8705114.0,4290733.567374944,11900049197.76469
O3_MAIN,O3,p95,Mortality,Respiratory mortality,522,61.839943198270674,10.376748863728542,51.46319433454213,88374,0.0001320424481591,0.000867,0.000304,1.0456289699623982,0.0436378211327092,11.669119313612303,0.509214941383656,VSL,VSL_2015_USD,8705114.0,4432774.115248043,12293988714.45238
O3_MAIN,O3,p95,Mortality,Respiratory mortality,523,55.97303531080243,8.92331015084219,47.04972515996024,88374,0.0001320424481591,0.000867,0.000304,1.0416355392082468,0.03997131207705751,11.669119313612303,0.46643000974881643,VSL,VSL_2015_USD,8705114.0,4060326.407884558,11261031069.41927
O3_MAIN,O3,p95,Mortality,Respiratory mortality,524,55.7048218596378,8.931076196369093,46.77374566326871,88375,0.0001320424481591,0.000867,0.000304,1.041386332488857,0.03974157447404347,11.669251356060462,0.46375442182320964,VSL,VSL_2015_USD,8705114.0,4037035.109975128,11196434285.05832
O3_MAIN,O3,p95,Mortality,Respiratory mortality,525,9.58012802205536,7.915481364755325,1.6646466573000334,88374,0.0001320424481591,0.000867,0.000304,1.0014442906364354,0.0014422076694026176,11.669119313612303,0.01682929336926587,VSL,VSL_2015_USD,8705114.0,146500.9173189035,406310039.1197665
O3_MAIN,O3,p95,Mortality,Respiratory mortality,526,65.26677102684583,10.771396710822204,54.49537431602363,88375,0.0001320424481591,0.000867,0.000304,1.0483814404070986,0.04614869983611258,11.669251356060462,0.5385207781429839,VSL,VSL_2015_USD,8705114.0,4687884.765103384,13001520244.080677
O3_MAIN,O3,p95,Mortality,Respiratory mortality,527,66.51639357596993,10.811418584518943,55.70497499145098,88375,0.0001320424481591,0.000867,0.000304,1.049481479677884,0.047148502032709705,11.669251356060462,0.5501877212814171,VSL,VSL_2015_USD,8705114.0,4789446.835154962,13283195536.023825
O3_MAIN,O3,p95,Mortality,Respiratory mortality,528,67.82132630823095,11.04066955566207,56.78065675256888,88375,0.0001320424481591,0.000867,0.000304,1.050460699535845,0.048036732414779015,11.669251356060462,0.5605527048718736,VSL,VSL_2015_USD,8705114.0,4879675.198918015,13533437586.935188
O3_MAIN,O3,p95,Mortality,Respiratory mortality,529,64.44014491229638,10.60412670463838,53.83601820765799,82303,0.0001320424481591,0.000867,0.000304,1.047782292113847,0.0456032636488336,10.867489610838406,0.49559299392402395,VSL,VSL_2015_USD,8705114.0,4314193.509709936,11965113705.634827
O3_MAIN,O3,p95,Mortality,Respiratory mortality,530,73.16691894286747,11.472703464090904,61.69421547877656,53223,0.0001320424481591,0.000867,0.000304,1.0549452657960086,0.052083522792577885,7.027695218371779,0.36602712408535715,VSL,VSL_2015_USD,8705114.0,3186307.84225518,8837001758.945784
O3_MAIN,O3,p95,Mortality,Respiratory mortality,531,70.74719703053303,11.053170042792198,59.694026987740834,8740,0.0001320424481591,0.000867,0.000304,1.053117403668042,0.050438254541262384,1.154050996910534,0.058208317935771116,VSL,VSL_2015_USD,8705114.0,506710.0433791322,1405324835.6089866
O3_MAIN,O3,p95,Mortality,Respiratory mortality,546,65.69988770175034,10.920206557206482,54.77968114454386,33,0.0001320424481591,0.000867,0.000304,1.04863989201526,0.04638378950259525,0.0043574007892503,0.0002021127609870283,VSL,VSL_2015_USD,8705114.0,1759.414625246834,4879613.304098327
O3_MAIN,O3,p95,Mortality,Respiratory mortality,547,60.38101298548491,10.70729268963708,49.67372029584783,5126,0.0001320424481591,0.000867,0.000304,1.0440079616119973,0.042152898474113965,0.6768495892635465,0.028531172018472016,VSL,VSL_2015_USD,8705114.0,248367.104974409,688828779.9491751
O3_MAIN,O3,p95,Mortality,Respiratory mortality,555,62.64934574434253,11.000065789098446,51.64927995524408,815,0.0001320424481591,0.000867,0.000304,1.0457976814109518,0.043792104558085465,0.10761459524966649,0.004712669607149442,VSL,VSL_2015_USD,8705114.0,41024.326174571106,113778096.94234073
O3_MAIN,O3,p95,Mortality,Respiratory mortality,556,64.89362668862428,10.455835969292576,54.4377907193317,6555,0.0001320424481591,0.000867,0.000304,1.0483291012929281,0.04610107764186133,0.8655382476829004,0.03990224595843,VSL,VSL_2015_USD,8705114.0,347353.5999241724,963360894.6376973
O3_MAIN,O3,p95,Mortality,Respiratory mortality,559,63.43203679205257,10.530654487088595,52.90138230496397,15036,0.0001320424481591,0.000867,0.000304,1.046933587305209,0.04482957455402237,1.9853902505202274,0.08900420025452568,VSL,VSL_2015_USD,8705114.0,774791.709694475,2148830571.417948
O3_MAIN,O3,p95,Mortality,Respiratory mortality,560,67.7349876439053,10.906789996259494,56.82819764764581,77991,0.0001320424481591,0.000867,0.000304,1.050503998271108,0.048075969586242606,10.298122574376368,0.49509222768111666,VSL,VSL_2015_USD,8705114.0,4309834.282478076,11953023694.053171
O3_MAIN,O3,p95,Mortality,Respiratory mortality,561,63.434121598727,10.722206894796637,52.71191470393037,88372,0.0001320424481591,0.000867,0.000304,1.0467616233138586,0.044672657338945654,11.668855228715985,0.5212787711701935,VSL,VSL_2015_USD,8705114.0,4537791.128816448,12585246050.3934
O3_MAIN,O3,p95,Mortality,Respiratory mortality,562,61.251384683191205,10.310428975609131,50.94095570758207,88372,0.0001320424481591,0.000867,0.000304,1.0451556363135157,0.04320470056764858,11.668855228715985,0.5041493961239146,VSL,VSL_2015_USD,8705114.0,4388677.966289835,12171691132.047216
O3_MAIN,O3,p95,Mortality,Respiratory mortality,563,66.69822913563937,11.129826594738937,55.56840254090043,88372,0.0001320424481591,0.000867,0.000304,1.049357219701495,0.047035669812740655,11.668855228715985,0.5488524216305575,VSL,VSL_2015_USD,8705114.0,4777822.8994700685,13250957364.07727
O3_MAIN,O3,p95,Mortality,Respiratory mortality,564,11.997224964177972,9.896023559910011,2.101201404267961,88371,0.0001320424481591,0.000867,0.000304,1.0018234019968684,0.0018200832534296385,11.668723186267826,0.0212380476602322,VSL,VSL_2015_USD,8705114.0,184879.6260197546,512750701.19196796
O3_MAIN,O3,p95,Mortality,Respiratory mortality,565,55.19320229840922,9.740226262296767,45.452976036112446,88373,0.0001320424481591,0.000867,0.000304,1.0401945159411632,0.038641345753294254,11.668987271164143,0.4509053717358433,VSL,VSL_2015_USD,8705114.0,3925182.6641728934,10886219356.297028
O3_MAIN,O3,p95,Mortality,Respiratory mortality,566,72.7181400734549,11.932417672926162,60.78572240052874,88372,0.0001320424481591,0.000867,0.000304,1.0541146510822557,0.051336589456086434,11.668855228715985,0.5990392302991001,VSL,VSL_2015_USD,8705114.0,5214704.79022592,14462618706.356274
O3_MAIN,O3,p95,Mortality,Respiratory mortality,567,15.108994079325354,12.467650247008576,2.641343832316778,88371,0.0001320424481591,0.000867,0.000304,1.0022926692586676,0.002287424949803607,11.668723186267826,0.026691328548620868,VSL,VSL_2015_USD,8705114.0,232351.0578271992,644409394.309689
O3_MAIN,O3,p95,Mortality,Respiratory mortality,568,14.567779762334236,12.029292001050509,2.5384877612837258,88372,0.0001320424481591,0.000867,0.000304,1.0022032925787145,0.0021984487528926566,11.668855228715985,0.025653380225255613,VSL,VSL_2015_USD,8705114.0,223315.59934619578,619350182.6947198
O3_MAIN,O3,p95,Mortality,Respiratory mortality,569,54.63553137046495,9.755395018988333,44.880136351476615,88373,0.0001320424481591,0.000867,0.000304,1.0396780295152146,0.03816376646308073,11.668987271164143,0.44533250507737004,VSL,VSL_2015_USD,8705114.0,3876670.224604085,10751673501.023706
O3_MAIN,O3,p95,Mortality,Respiratory mortality,570,13.501939588096398,11.13405619451646,2.367883393579937,88374,0.0001320424481591,0.000867,0.000304,1.0020550636569616,0.002050849031650759,11.669119313612303,0.02393160204453896,VSL,VSL_2015_USD,8705114.0,208327.32400034473,577781250.202276
O3_MAIN,O3,p95,Mortality,Respiratory mortality,571,65.25215804705205,10.396084925634248,54.8560731214178,88373,0.0001320424481591,0.000867,0.000304,1.0487093476690101,0.046446947171089326,11.668987271164143,0.5419888353238748,VSL,VSL_2015_USD,8705114.0,4718074.598221556,13085249632.94561
O3_MAIN,O3,p95,Mortality,Respiratory mortality,572,65.45425953127011,10.36370708008206,55.09055245118805,53982,0.0001320424481591,0.000867,0.000304,1.04892256521768,0.04664077868086203,7.127915436524536,0.33245152633084096,VSL,VSL_2015_USD,8705114.0,2894028.4361839723,8026385285.765714
O3_MAIN,O3,p95,Mortality,Respiratory mortality,573,65.75200474435358,10.50406190746896,55.24794283688463,26916,0.0001320424481591,0.000867,0.000304,1.049065708297529,0.046770862787189116,3.5540545346503354,0.1662261969783181,VSL,VSL_2015_USD,8705114.0,1447017.9944827147,4013203116.438195
O3_MAIN,O3,p95,Mortality,Respiratory mortality,601,67.29252139065474,10.422654556601604,56.869866834053134,3938,0.0001320424481591,0.000867,0.000304,1.0505419507085458,0.04811035930022345,0.5199831608505358,0.025016576698585157,VSL,VSL_2015_USD,8705114.0,217772.15205092743,603975819.6626036
O3_MAIN,O3,p95,Mortality,Respiratory mortality,602,64.30689254661314,10.45271095567469,53.85418159093845,54996,0.0001320424481591,0.000867,0.000304,1.0477987923560412,0.04561829303941323,7.261806478957864,0.3312712159526094,VSL,VSL_2015_USD,8705114.0,2883753.6997860833,7997889023.597716
O3_MAIN,O3,p95,Mortality,Respiratory mortality,603,67.95014010604878,10.853795316609892,57.09634478943889,88373,0.0001320424481591,0.000867,0.000304,1.050748251584299,0.04829725056195111,11.668987271164143,0.5635800020396328,VSL,VSL_2015_USD,8705114.0,4906028.165875236,13606525696.083353
O3_MAIN,O3,p95,Mortality,Respiratory mortality,604,63.78241712726917,10.5527481200844,53.22966900718477,88373,0.0001320424481591,0.000867,0.000304,1.047231612738847,0.04510140084037495,11.668987271164143,0.5262876723180071,VSL,VSL_2015_USD,8705114.0,4581394.184322896,12706176072.62665
O3_MAIN,O3,p95,Mortality,Respiratory mortality,605,64.46501952231745,10.560798004529252,53.904221517788194,88373,0.0001320424481591,0.000867,0.000304,1.04784425169101,0.0456596976256719,11.668987271164143,0.5328024303991691,VSL,VSL_2015_USD,8705114.0,4638105.896101832,12863462035.425705
O3_MAIN,O3,p95,Mortality,Respiratory mortality,606,15.0015612418152,12.352083729370548,2.649477512444653,88374,0.0001320424481591,0.000867,0.000304,1.002299737351936,0.0022944606949732993,11.669119313612303,0.026774335610037232,VSL,VSL_2015_USD,8705114.0,233073.64375963365,646413435.8122807
O3_MAIN,O3,p95,Mortality,Respiratory mortality,607,70.38613894207137,11.656971266924309,58.72916767514706,88373,0.0001320424481591,0.000867,0.000304,1.0522368045581756,0.04964358244445688,11.668987271164143,0.5792903316393551,VSL,VSL_2015_USD,8705114.0,5042788.376018393,13985820565.700691
O3_MAIN,O3,p95,Mortality,Respiratory mortality,608,67.23157661267277,11.425565591252166,55.8060110214206,88374,0.0001320424481591,0.000867,0.000304,1.0495734164329902,0.04723196648926875,11.669119313612303,0.551155452379815,VSL,VSL_2015_USD,8705114.0,4797871.044687861,13306559491.468653
O3_MAIN,O3,p95,Mortality,Respiratory mortality,609,66.60375345400244,11.068447408240296,55.53530604576215,88374,0.0001320424481591,0.000867,0.000304,1.0493271091835166,0.04700832443173797,11.669119313612303,0.5485457465269467,VSL,VSL_2015_USD,8705114.0,4775153.257732174,13243553299.592144
O3_MAIN,O3,p95,Mortality,Respiratory mortality,610,58.4932586641313,10.152567899026556,48.34069076510474,88373,0.0001320424481591,0.000867,0.000304,1.0428020603831023,0.04104523956097461,11.668987271164143,0.4789563779788957,VSL,VSL_2015_USD,8705114.0,4169369.8713333765,11563455482.252125
O3_MAIN,O3,p95,Mortality,Respiratory mortality,611,8.793743044990086,7.214304166821575,1.57943887816851,88374,0.0001320424481591,0.000867,0.000304,1.001370311527391,0.0013684363432954205,11.669119313612303,0.015968446962997585,VSL,VSL_2015_USD,8705114.0,139007.15121584776,385526603.3965686
O3_MAIN,O3,p95,Mortality,Respiratory mortality,612,67.19745156934151,10.631326979649328,56.56612458969218,88373,0.0001320424481591,0.000867,0.000304,1.0502653326611622,0.047859651364289046,11.668987271164143,0.5584736625722425,VSL,VSL_2015_USD,8705114.0,4861576.898688904,13483243218.130766
O3_MAIN,O3,p95,Mortality,Respiratory mortality,613,64.71136320260497,10.943998094830466,53.76736510777451,88373,0.0001320424481591,0.000867,0.000304,1.0477199276233593,0.04554645412883074,11.668987271164143,0.5314809934759874,VSL,VSL_2015_USD,8705114.0,4626602.637041727,12831558551.650637
O3_MAIN,O3,p95,Mortality,Respiratory mortality,614,67.12503359929902,10.553226375424655,56.57180722387436,47718,0.0001320424481591,0.000867,0.000304,1.0502705071671896,0.04786434239954063,6.300801541255933,0.3015837223622273,VSL,VSL_2015_USD,8705114.0,2625320.683707538,7281143143.814997
O3_MAIN,O3,p95,Mortality,Respiratory mortality,643,66.10043202088683,11.151722397379988,54.94870962350684,2346,0.0001320424481591,0.000867,0.000304,1.0487935790313627,0.046523529517054296,0.3097715833812486,0.014411667402982166,VSL,VSL_2015_USD,8705114.0,125455.2076730437,347941236.61664957
O3_MAIN,O3,p95,Mortality,Respiratory mortality,644,63.88536584007573,11.004740611697304,52.88062522837843,26746,0.0001320424481591,0.000867,0.000304,1.046914746454418,0.04481238478424732,3.5316073184632883,0.15825974606184073,VSL,VSL_2015_USD,8705114.0,1377669.1310793746,3820868898.20947
O3_MAIN,O3,p95,Mortality,Respiratory mortality,645,61.50258976586176,10.53706096776448,50.96552879809728,69888,0.0001320424481591,0.000867,0.000304,1.0451779034551285,0.04322508474947695,9.22818261694318,0.39888897570101894,VSL,VSL_2015_USD,8705114.0,3472374.0068206,9630386241.736456
O3_MAIN,O3,p95,Mortality,Respiratory mortality,646,62.35722429945985,10.268070306519403,52.089153992940446,88373,0.0001320424481591,0.000867,0.000304,1.0461965941616063,0.04415670479086864,11.668987271164143,0.5152640261411989,VSL,VSL_2015_USD,8705114.0,4485432.087658117,12440031914.87365
O3_MAIN,O3,p95,Mortality,Respiratory mortality,647,65.39788531224481,10.611591668896365,54.78629364334844,88374,0.0001320424481591,0.000867,0.000304,1.0486459039232314,0.04638925660343074,11.669119313612303,0.5413217701752107,VSL,VSL_2015_USD,8705114.0,4712267.720057009,13069144662.83771
O3_MAIN,O3,p95,Mortality,Respiratory mortality,648,66.66618214427199,10.943537642901132,55.72264450137085,72285,0.0001320424481591,0.000867,0.000304,1.0494975572959355,0.04716309909616889,9.544688365180543,0.45015708320906017,VSL,VSL_2015_USD,8705114.0,3918668.727242355,10868153408.195763
O3_MAIN,O3,p95,Mortality,Respiratory mortality,649,62.21437974690293,11.005024922342669,51.209354824560265,78707,0.0001320424481591,0.000867,0.000304,1.0453988744562792,0.04342732287701334,10.392664967258284,0.4513256170857508,VSL,VSL_2015_USD,8705114.0,3928840.9478518087,10896365350.00064
O3_MAIN,O3,p95,Mortality,Respiratory mortality,650,67.20526389625796,10.994550338891004,56.21071355736696,88375,0.0001320424481591,0.000867,0.000304,1.0499417523247203,0.04756621232953362,11.669251356060462,0.5550620877290701,VSL,VSL_2015_USD,8705114.0,4831878.750759556,13400877483.719074
O3_MAIN,O3,p95,Mortality,Respiratory mortality,651,19.682247572021183,16.246940998696473,3.435306573324709,88374,0.0001320424481591,0.000867,0.000304,1.0029828506713434,0.0029739797338976803,11.669119313612303,0.034703724351116995,VSL,VSL_2015_USD,8705114.0,302099.87670104945,837852861.0389916
O3_MAIN,O3,p95,Mortality,Respiratory mortality,652,61.88984684963123,10.434387458830336,51.4554593908009,88374,0.0001320424481591,0.000867,0.000304,1.045621957792861,0.043631407558771595,11.669119313612303,0.5091401006241514,VSL,VSL_2015_USD,8705114.0,4432122.617904709,12292181832.175455
O3_MAIN,O3,p95,Mortality,Respiratory mortality,653,13.01912257623496,10.72790235967234,2.291220216562621,88170,0.0001320424481591,0.000867,0.000304,1.0019884623020439,0.001984516166459005,11.642182654187847,0.02310409969010439,VSL,VSL_2015_USD,8705114.0,201123.82166972337,557802840.7334609
O3_MAIN,O3,p95,Mortality,Respiratory mortality,654,64.77736080183115,10.888708000160356,53.8886528016708,88374,0.0001320424481591,0.000867,0.000304,1.047830107904206,0.045646815779966876,11.669119313612303,0.5326581396229143,VSL,VSL_2015_USD,8705114.0,4636849.828445386,12859978419.705286
O3_MAIN,O3,p95,Mortality,Respiratory mortality,655,66.7774565844128,10.81876985727748,55.95868672713532,28007,0.0001320424481591,0.000867,0.000304,1.04971235749049,0.04735807589170016,3.6981128455919134,0.17513550879761305,VSL,VSL_2015_USD,8705114.0,1524574.5695312247,4228300848.3749843
O3_MAIN,O3,p95,Mortality,Respiratory mortality,686,64.9045990688496,10.935480724021472,53.96911834482813,17050,0.0001320424481591,0.000867,0.000304,1.0479032108818136,0.04571339259615681,2.251323741112655,0.10291564603853129,VSL,VSL_2015_USD,8705114.0,895892.4311490633,2484694945.3217463
O3_MAIN,O3,p95,Mortality,Respiratory mortality,687,65.74548197503108,10.91001988799576,54.83546208703533,50211,0.0001320424481591,0.000867,0.000304,1.0486906076449567,0.04642990724814544,6.62998336451657,0.3078295126712516,VSL,VSL_2015_USD,8705114.0,2679691.0003676894,7431935411.14976
O3_MAIN,O3,p95,Mortality,Respiratory mortality,688,67.49250856732155,10.668867942003056,56.8236406253185,78804,0.0001320424481591,0.000867,0.000304,1.0504998478027654,0.048072208585647425,10.405473084729715,0.500214072561467,VSL,VSL_2015_USD,8705114.0,4354420.526051843,12076680519.56796
O3_MAIN,O3,p95,Mortality,Respiratory mortality,689,63.597925553966974,10.796918106074209,52.801007447892765,15395,0.0001320424481591,0.000867,0.000304,1.046842481872925,0.044746447229690345,2.0327934894093445,0.09096028660271332,VSL,VSL_2015_USD,8705114.0,791819.6643492922,2196056411.696257
O3_MAIN,O3,p95,Mortality,Respiratory mortality,690,65.46997944663727,10.756999102992372,54.712980343644894,26719,0.0001320424481591,0.000867,0.000304,1.0485792513490841,0.04632864066934661,3.528042172362993,0.16344939806970613,VSL,VSL_2015_USD,8705114.0,1422845.6434281718,3946162792.852994
O3_MAIN,O3,p95,Mortality,Respiratory mortality,691,63.52676294660837,11.356941394996134,52.16982155161224,18381,0.0001320424481591,0.000867,0.000304,1.0462697664268636,0.04422355296080127,2.427072239612417,0.10733375772819027,VSL,VSL_2015_USD,8705114.0,934352.5970722773,2591361523.298166
O3_MAIN,O3,p95,Mortality,Respiratory mortality,692,68.5343786812188,10.915462337553503,57.61891634366529,28949,0.0001320424481591,0.000867,0.000304,1.0512244214695776,0.04872834042227403,3.822496831757786,0.18626392688095733,VSL,VSL_2015_USD,8705114.0,1621448.717586398,4496974516.815643
O3_MAIN,O3,p95,Mortality,Respiratory mortality,693,63.73741393981256,10.976438192552628,52.760975747259934,26275,0.0001320424481591,0.000867,0.000304,1.046806149234276,0.044713292206502664,3.469415325380352,0.1551289812294502,VSL,VSL_2015_USD,8705114.0,1350415.4663062242,3745282766.7176714
O3_MAIN,O3,p95,Mortality,Respiratory mortality,694,66.94930883969728,10.7267701213071,56.22253871839018,3451,0.0001320424481591,0.000867,0.000304,1.0499525168180595,0.047575977025554717,0.45567848859705407,0.02167934930453294,VSL,VSL_2015_USD,8705114.0,188721.20714177997,523405057.5232268
O3_MAIN,O3,p95,Mortality,Respiratory mortality,695,64.88139813907678,10.933649624992308,53.94774851408447,34687,0.0001320424481591,0.000867,0.000304,1.0478837958848146,0.045695711750540324,4.580156399294702,0.20929350659456336,VSL,VSL_2015_USD,8705114.0,1821923.8343654259,5052978219.944102
O3_MAIN,O3,p95,Mortality,Respiratory mortality,696,66.10061766617524,10.805841751290467,55.29477591488477,8351,0.0001320424481591,0.000867,0.000304,1.0491083057186588,0.04680956718288365,1.102686484576644,0.05161627708144821,VSL,VSL_2015_USD,8705114.0,449325.576249594,1246173032.9379113
O3_MAIN,O3,p95,Mortality,Respiratory mortality,729,64.6168213189945,10.52592376145224,54.090897557542256,456,0.0001320424481591,0.000867,0.000304,1.0480138570447592,0.045814143316912914,0.0602113563605496,0.002758531709607935,VSL,VSL_2015_USD,8705114.0,24013.33300475197,66599298.15536925
O3_MAIN,O3,p95,Mortality,Respiratory mortality,730,62.10784583541032,10.581215006492696,51.52663082891762,1632,0.0001320424481591,0.000867,0.000304,1.0456864805523565,0.043690419071138575,0.2154932753956512,0.009414991509048275,VSL,VSL_2015_USD,8705114.0,81958.57439529727,227306368.9851493
PM25_MAIN,PM25,p05,Mortality,All-cause mortality,0,2.7413364337445274,13.546607811497896,-10.80527137775337,7006,6.44018355644251e-05,0.008066,5e-05,0.9165347293811643,-0.09106612978560102,0.4511992599643623,-0.04108897036708175,VSL,VSL_2015_USD,8705114.0,-357684.17118806846,-992012010.8981247
PM25_MAIN,PM25,p05,Mortality,All-cause mortality,1,2.625257666680932,13.339014241248254,-10.713756574567322,3805,6.44018355644251e-05,0.008066,5e-05,0.9172115269540154,-0.09026104732996365,0.2450489843226375,-0.022118377972105103,VSL,VSL_2015_USD,8705114.0,-192543.00174226373,-534004537.32204646
PM25_MAIN,PM25,p05,Mortality,All-cause mortality,2,2.612143172200349,13.305939958971832,-10.693796786771482,73,6.44018355644251e-05,0.008066,5e-05,0.9173592059059971,-0.09008553417457188,0.004701333996203033,-0.0004235221843810249,VSL,VSL_2015_USD,8705114.0,-3686.808896565841,-10225106.3980026
PM25_MAIN,PM25,p05,Mortality,All-cause mortality,41,2.497864868622827,13.257478788361254,-10.759613919738428,5661,6.44018355644251e-05,0.008066,5e-05,0.916872326587365,-0.09066439350617062,0.36457879113021047,-0.033054314983033385,VSL,VSL_2015_USD,8705114.0,-287741.5801192137,-798031130.5500307
PM25_MAIN,PM25,p05,Mortality,All-cause mortality,42,2.816960108807359,12.650578808813826,-9.833618700006468,9380,6.44018355644251e-05,0.008066,5e-05,0.9237461556242056,-0.08254848359749567,0.6040892175943074,-0.049866648870007683,VSL,VSL_2015_USD,8705114.0,-434094.86321138806,-1203931716.4763598
PM25_MAIN,PM25,p05,Mortality,All-cause mortality,43,2.620981015783036,12.901292874985844,-10.280311859202808,6828,6.44018355644251e-05,0.008066,5e-05,0.9204238620148889,-0.08645597019932971,0.4397357332338946,-0.03801777944804999,VSL,VSL_2015_USD,8705114.0,-330949.10412213224,-917864173.8454452
PM25_MAIN,PM25,p05,Mortality,All-cause mortality,44,2.643437233243196,12.920829107948968,-10.27739187470577,939,6.44018355644251e-05,0.008066,5e-05,0.920445540640589,-0.08643038164326877,0.06047332359499517,-0.005226732437552323,VSL,VSL_2015_USD,8705114.0,-45499.30171639085,-126189128.35928987
PM25_MAIN,PM25,p05,Mortality,All-cause mortality,82,2.629833716158491,13.366787183442574,-10.736953467284083,656,6.44018355644251e-05,0.008066,5e-05,0.9170399271029063,-0.09046506094797802,0.042247604130262864,-0.003821932082550278,VSL,VSL_2015_USD,8705114.0,-33270.35447885758,-92272999.22229798
PM25_MAIN,PM25,p05,Mortality,All-cause mortality,83,2.602872884104679,13.814584727562297,-11.211711843457618,4099,6.44018355644251e-05,0.008066,5e-05,0.9135349287373944,-0.0946488946866102,0.2639831239785785,-0.02498571090049084,VSL,VSL_2015_USD,8705114.0,-217503.4617598154,-603230625.9485248
PM25_MAIN,PM25,p05,Mortality,All-cause mortality,84,2.709902938373039,13.238058654865462,-10.528155716492424,9171,6.44018355644251e-05,0.008066,5e-05,0.9185856727821357,-0.08863008604443334,0.5906292339613426,-0.052347519826351545,VSL,VSL_2015_USD,8705114.0,-455691.1277056504,-1263827444.312682
PM25_MAIN,PM25,p05,Mortality,All-cause mortality,85,2.6937349046856283,12.6672246592341,-9.97348975454847,9159,6.44018355644251e-05,0.008066,5e-05,0.9227045729470768,-0.0837705039285166,0.5898564119345695,-0.04941256887322556,VSL,VSL_2015_USD,8705114.0,-430142.04507428006,-1192968852.0703604
PM25_MAIN,PM25,p05,Mortality,All-cause mortality,86,2.767156647483001,13.066854358112035,-10.299697710629037,7033,6.44018355644251e-05,0.008066,5e-05,0.920279950013553,-0.08662586855801102,0.45293810952460173,-0.03923615714059215,VSL,VSL_2015_USD,8705114.0,-341555.2208307687,-947279496.1086788
PM25_MAIN,PM25,p05,Mortality,All-cause mortality,87,2.703909172484957,13.000779036586744,-10.296869864101788,2360,6.44018355644251e-05,0.008066,5e-05,0.9203009412957278,-0.08660108354562879,0.15198833193204322,-0.013162354231607635,VSL,VSL_2015_USD,8705114.0,-114579.79409452686,-317779038.3355836
PM25_MAIN,PM25,p05,Mortality,All-cause mortality,91,2.544963556872379,13.413287811866384,-10.868324254994004,537,6.44018355644251e-05,0.008066,5e-05,0.9160687125314393,-0.09162117024674621,0.03458378569809628,-0.003168606917222266,VSL,VSL_2015_USD,8705114.0,-27583.08443560839,-76499753.86624937
PM25_MAIN,PM25,p05,Mortality,All-cause mortality,125,2.5961833878487712,13.165057895378592,-10.56887450752982,3772,6.44018355644251e-05,0.008066,5e-05,0.9182840240927068,-0.088987692003061,0.24292372374901147,-0.02161722150921371,VSL,VSL_2015_USD,8705114.0,-188180.37760095738,-521905104.6498232
PM25_MAIN,PM25,p05,Mortality,All-cause mortality,126,2.546737449301003,13.684254756657502,-11.1375173073565,9325,6.44018355644251e-05,0.008066,5e-05,0.9140818001953553,-0.09399399461435776,0.6005471166382641,-0.05644782244696508,VSL,VSL_2015_USD,8705114.0,-491384.72945258993,-1362821150.2056963
PM25_MAIN,PM25,p05,Mortality,All-cause mortality,127,2.883065715740622,13.236251200274326,-10.353185484533704,9380,6.44018355644251e-05,0.008066,5e-05,0.9198829970758147,-0.08709477529084309,0.6040892175943074,-0.05261301466199742,VSL,VSL_2015_USD,8705114.0,-458002.29051635903,-1270237292.5867856
PM25_MAIN,PM25,p05,Mortality,All-cause mortality,128,2.7127144615937846,12.944912919786754,-10.232198458192968,9379,6.44018355644251e-05,0.008066,5e-05,0.9207811319061894,-0.08603441724507621,0.604024815758743,-0.051966923025367984,VSL,VSL_2015_USD,8705114.0,-452377.9891650532,-1254638686.4900334
PM25_MAIN,PM25,p05,Mortality,All-cause mortality,129,2.685005539260055,13.037485616921527,-10.352480077661472,7335,6.44018355644251e-05,0.008066,5e-05,0.9198882310518651,-0.08708858994372548,0.4723874638650581,-0.04113955813510048,VSL,VSL_2015_USD,8705114.0,-358124.5434756771,-993233352.611747
PM25_MAIN,PM25,p05,Mortality,All-cause mortality,130,2.654482743288838,13.205190797441,-10.55070805415216,5190,6.44018355644251e-05,0.008066,5e-05,0.9184185906724349,-0.08882813365943942,0.3342455265793663,-0.029690406310061663,VSL,VSL_2015_USD,8705114.0,-258458.37163540613,-716816201.6447843
PM25_MAIN,PM25,p05,Mortality,All-cause mortality,131,2.624219205284233,12.931490044281327,-10.307270838997097,5202,6.44018355644251e-05,0.008066,5e-05,0.9202237365646166,-0.08669224696724798,0.3350183486061394,-0.02904349341592301,VSL,VSL_2015_USD,8705114.0,-252826.92114385922,-701197767.9080135
PM25_MAIN,PM25,p05,Mortality,All-cause mortality,132,2.61262168921852,13.053519448950851,-10.440897759732334,8779,6.44018355644251e-05,0.008066,5e-05,0.9192324217830617,-0.0878641530727029,0.565383714420088,-0.04967696122861995,VSL,VSL_2015_USD,8705114.0,-432443.6106687167,-1199352083.136939
PM25_MAIN,PM25,p05,Mortality,All-cause mortality,133,2.6672600103999016,12.970153703964614,-10.302893693564712,7568,6.44018355644251e-05,0.008066,5e-05,0.9202562266080694,-0.08665388082822822,0.4873930915515692,-0.0422345028718114,VSL,VSL_2015_USD,8705114.0,-367656.1622324456,-1019668630.0203316
PM25_MAIN,PM25,p05,Mortality,All-cause mortality,134,2.617345870576163,12.850991196587067,-10.233645326010906,6970,6.44018355644251e-05,0.008066,5e-05,0.9207703860517902,-0.08604709181399905,0.44888079388404295,-0.03862488688488103,VSL,VSL_2015_USD,8705114.0,-336234.0435699942,-932521583.458329
PM25_MAIN,PM25,p05,Mortality,All-cause mortality,135,2.847559655356501,12.762537344758298,-9.914977689401796,2916,6.44018355644251e-05,0.008066,5e-05,0.9231401538247733,-0.08325913010801167,0.18779575250586358,-0.015635710991617653,VSL,VSL_2015_USD,8705114.0,-136110.64665308472,-377493350.74706477
PM25_MAIN,PM25,p05,Mortality,All-cause mortality,136,2.701328872662709,13.647829675756247,-10.94650080309354,629,6.44018355644251e-05,0.008066,5e-05,0.9154912473032201,-0.09230973310309509,0.04050875457002339,-0.003739352322697643,VSL,VSL_2015_USD,8705114.0,-32551.48825524777,-90279274.07175182
PM25_MAIN,PM25,p05,Mortality,All-cause mortality,166,2.689592786669622,13.060195694573874,-10.370602907904251,6,6.44018355644251e-05,0.008066,5e-05,0.9197537727689821,-0.08724751080871473,0.0003864110133865506,-3.371339906704949e-05,VSL,VSL_2015_USD,8705114.0,-293.4789822061594,-813943.4136200286
PM25_MAIN,PM25,p05,Mortality,All-cause mortality,167,2.7329254855900973,13.153609835400436,-10.42068434981034,6438,6.44018355644251e-05,0.008066,5e-05,0.919382306909744,-0.08768680067515189,0.41461901736376877,-0.03635661513170413,VSL,VSL_2015_USD,8705114.0,-316488.47937560943,-877758643.3546964
PM25_MAIN,PM25,p05,Mortality,All-cause mortality,168,2.7585103388621346,13.240468521655435,-10.481958182793305,9380,6.44018355644251e-05,0.008066,5e-05,0.9189280285065633,-0.08822450614026267,0.6040892175943074,-0.05329547288691545,VSL,VSL_2015_USD,8705114.0,-463943.1671645081,-1286713898.1090615
PM25_MAIN,PM25,p05,Mortality,All-cause mortality,169,2.875287492473537,13.336902288703325,-10.461614796229783,9293,6.44018355644251e-05,0.008066,5e-05,0.9190788275545132,-0.08804595429621842,0.5984862579002025,-0.052694293709996017,VSL,VSL_2015_USD,8705114.0,-458709.83389499824,-1272199614.6194048
PM25_MAIN,PM25,p05,Mortality,All-cause mortality,170,2.625529855684567,13.52199200794272,-10.896462152258152,9380,6.44018355644251e-05,0.008066,5e-05,0.9158608249125637,-0.09186895300982978,0.6040892175943074,-0.055497043944916266,VSL,VSL_2015_USD,8705114.0,-483108.09420350584,-1339866481.706829
PM25_MAIN,PM25,p05,Mortality,All-cause mortality,171,2.612062827286886,13.965711296950843,-11.353648469663955,9380,6.44018355644251e-05,0.008066,5e-05,0.9124896568429978,-0.09590283298088842,0.6040892175943074,-0.05793386734050243,VSL,VSL_2015_USD,8705114.0,-504320.9196599505,-1398698768.2124963
PM25_MAIN,PM25,p05,Mortality,All-cause mortality,172,2.547848866649385,13.575418998451392,-11.027570131802008,9380,6.44018355644251e-05,0.008066,5e-05,0.9148927984968638,-0.09302423370581159,0.6040892175943074,-0.056194936556653724,VSL,VSL_2015_USD,8705114.0,-489183.3289484381,-1356715720.0054667
PM25_MAIN,PM25,p05,Mortality,All-cause mortality,173,2.893643004498464,13.391355976798852,-10.497712972300388,9380,6.44018355644251e-05,0.008066,5e-05,0.9188112602686093,-0.08836280446503841,0.6040892175943074,-0.053379017413723834,VSL,VSL_2015_USD,8705114.0,-464670.43179445114,-1288730915.6516845
PM25_MAIN,PM25,p05,Mortality,All-cause mortality,174,2.623402462009876,13.88706374380191,-11.263661281792034,9380,6.44018355644251e-05,0.008066,5e-05,0.9131522157110785,-0.09510767514405316,0.6040892175943074,-0.057453521064984636,VSL,VSL_2015_USD,8705114.0,-500139.45057209267,-1387101756.400159
PM25_MAIN,PM25,p05,Mortality,All-cause mortality,175,2.8400460816038304,13.605362429007462,-10.765316347403632,9380,6.44018355644251e-05,0.008066,5e-05,0.9168301552979824,-0.09071456062108507,0.6040892175943074,-0.05479968795000265,VSL,VSL_2015_USD,8705114.0,-477037.53076919937,-1323030198.9612205
PM25_MAIN,PM25,p05,Mortality,All-cause mortality,176,2.5841421772312487,13.10767302060008,-10.523530843368832,9380,6.44018355644251e-05,0.008066,5e-05,0.9186199405494005,-0.08858947629846603,0.6040892175943074,-0.05351594742422979,VSL,VSL_2015_USD,8705114.0,-465862.4231459267,-1292036820.2256074
PM25_MAIN,PM25,p05,Mortality,All-cause mortality,177,2.650762235488187,12.196664467367714,-9.545902231879529,8935,6.44018355644251e-05,0.008066,5e-05,0.9258924022122472,-0.0800391034754,0.5754304007681382,-0.0460569333899719,VSL,VSL_2015_USD,8705114.0,-400930.85565011186,-1111953662.9856896
PM25_MAIN,PM25,p05,Mortality,All-cause mortality,178,2.663885863070254,12.8803745322555,-10.216488669185246,3436,6.44018355644251e-05,0.008066,5e-05,0.9208978162256076,-0.08589680894086671,0.22128470699936464,-0.019007650198660096,VSL,VSL_2015_USD,8705114.0,-165463.76185145878,-458902161.0316913
PM25_MAIN,PM25,p05,Mortality,All-cause mortality,208,2.8147767686321696,13.300005260924888,-10.485228492292718,4959,6.44018355644251e-05,0.008066,5e-05,0.9189037890519575,-0.0882532120492292,0.3193687025639841,-0.028185313829266496,VSL,VSL_2015_USD,8705114.0,-245356.3700095414,-680478717.2755624
PM25_MAIN,PM25,p05,Mortality,All-cause mortality,209,2.6735091181431394,13.163338675589054,-10.489829557445915,2301,6.44018355644251e-05,0.008066,5e-05,0.9188696871513465,-0.08829360026030608,0.14818862363374216,-0.013084107098242577,VSL,VSL_2015_USD,8705114.0,-113898.64387841083,-315889915.8917009
PM25_MAIN,PM25,p05,Mortality,All-cause mortality,210,2.558985754526582,13.13069918451432,-10.57171342998774,2925,6.44018355644251e-05,0.008066,5e-05,0.9182629967784962,-0.08901262874389837,0.18837536902594343,-0.016767786787601154,VSL,VSL_2015_USD,8705114.0,-145965.49551376182,-404825084.2227324
PM25_MAIN,PM25,p05,Mortality,All-cause mortality,211,2.5656196992282267,12.883876418736904,-10.318256719508678,9380,6.44018355644251e-05,0.008066,5e-05,0.9201421972083578,-0.08678854532910751,0.6040892175943074,-0.052428024444008646,VSL,VSL_2015_USD,8705114.0,-456391.9295798819,-1265771069.2547317
PM25_MAIN,PM25,p05,Mortality,All-cause mortality,212,2.5999716587760906,12.862477624315025,-10.262505965538931,9380,6.44018355644251e-05,0.008066,5e-05,0.9205560649355911,-0.08629994205726899,0.6040892175943074,-0.05213286447580969,VSL,VSL_2015_USD,8705114.0,-453822.5284084736,-1258645014.9639127
PM25_MAIN,PM25,p05,Mortality,All-cause mortality,213,2.611112672836564,12.966495244406564,-10.35538257157,9380,6.44018355644251e-05,0.008066,5e-05,0.9198666953260417,-0.08711404063341543,0.6040892175943074,-0.05262465264771864,VSL,VSL_2015_USD,8705114.0,-458103.60050879256,-1270518268.7591004
PM25_MAIN,PM25,p05,Mortality,All-cause mortality,214,2.656950479831848,12.95743440509774,-10.300483925265894,9380,6.44018355644251e-05,0.008066,5e-05,0.9202741139780448,-0.086632759534359,0.6040892175943074,-0.05233391592514671,VSL,VSL_2015_USD,8705114.0,-455572.7041948176,-1263499004.9950328
PM25_MAIN,PM25,p05,Mortality,All-cause mortality,215,2.702198518080021,12.932805386642126,-10.230606868562106,9380,6.44018355644251e-05,0.008066,5e-05,0.9207929527510568,-0.08602047508323785,0.6040892175943074,-0.05196404149012377,VSL,VSL_2015_USD,8705114.0,-452352.9050722573,-1254569117.5145504
PM25_MAIN,PM25,p05,Mortality,All-cause mortality,216,2.560213980487179,13.11755056051137,-10.557336580024192,9380,6.44018355644251e-05,0.008066,5e-05,0.9183694881017292,-0.08888635016283164,0.6040892175943074,-0.05369528572467861,VSL,VSL_2015_USD,8705114.0,-467423.5834958999,-1296366589.1750336
PM25_MAIN,PM25,p05,Mortality,All-cause mortality,217,2.786288689183144,13.314202323222764,-10.52791363403962,9380,6.44018355644251e-05,0.008066,5e-05,0.9185874664483182,-0.08862796034705345,0.6040892175943074,-0.05353919522303082,VSL,VSL_2015_USD,8705114.0,-466064.7978847387,-1292598092.3974707
PM25_MAIN,PM25,p05,Mortality,All-cause mortality,218,2.685921675534049,13.92210019975624,-11.236178524222192,8126,6.44018355644251e-05,0.008066,5e-05,0.9133546620088383,-0.09486494304478987,0.5233293157965183,-0.04964560573670556,VSL,VSL_2015_USD,8705114.0,-432170.65753707587,-1198595066.7330523
PM25_MAIN,PM25,p05,Mortality,All-cause mortality,219,2.6215706533880194,13.906514121688051,-11.284943468300034,537,6.44018355644251e-05,0.008066,5e-05,0.9129954755227194,-0.09529567978140041,0.03458378569809628,-0.0032956853675143584,VSL,VSL_2015_USD,8705114.0,-28689.316832344386,-79567811.98232889
PM25_MAIN,PM25,p05,Mortality,All-cause mortality,251,2.508270883912964,12.88399236750938,-10.375721483596417,8,6.44018355644251e-05,0.008066,5e-05,0.9197158002016967,-0.0872924003052864,0.0005152146845154008,-4.497432648388021e-05,VSL,VSL_2015_USD,8705114.0,-391.50663911539635,-1085816.2581218136
PM25_MAIN,PM25,p05,Mortality,All-cause mortality,252,2.539362003218454,13.006667401287096,-10.467305398068644,3036,6.44018355644251e-05,0.008066,5e-05,0.9190366424419782,-0.08809589718087141,0.1955239727735946,-0.01722485980185809,VSL,VSL_2015_USD,8705114.0,-149944.36820919206,-415860209.12241954
PM25_MAIN,PM25,p05,Mortality,All-cause mortality,253,2.607021836827811,13.317619854742118,-10.710598017914307,8188,6.44018355644251e-05,0.008066,5e-05,0.9172348949745138,-0.09023327119252889,0.5273222296015128,-0.04758200974948228,VSL,VSL_2015_USD,8705114.0,-414206.8192183547,-1148773618.6247613
PM25_MAIN,PM25,p05,Mortality,All-cause mortality,254,2.778353787789786,13.061360341493044,-10.283006553703258,9380,6.44018355644251e-05,0.008066,5e-05,0.920403856446118,-0.08647958501740782,0.6040892175943074,-0.052241384851046284,VSL,VSL_2015_USD,8705114.0,-454767.2106462309,-1261265025.022576
PM25_MAIN,PM25,p05,Mortality,All-cause mortality,255,2.605640413597195,13.2730817151998,-10.667441301602604,9380,6.44018355644251e-05,0.008066,5e-05,0.9175542419230316,-0.08985382477680726,0.6040892175943074,-0.054279726707277494,VSL,VSL_2015_USD,8705114.0,-472511.2088756952,-1310476762.0321193
PM25_MAIN,PM25,p05,Mortality,All-cause mortality,256,2.522982821327402,13.166692909033497,-10.643710087706094,9380,6.44018355644251e-05,0.008066,5e-05,0.9177298932701602,-0.08964522931326302,0.6040892175943074,-0.05415371643691133,VSL,VSL_2015_USD,8705114.0,-471414.2751069869,-1307434493.0099707
PM25_MAIN,PM25,p05,Mortality,All-cause mortality,257,2.5602675711292657,13.020821352969014,-10.460553781839748,9380,6.44018355644251e-05,0.008066,5e-05,0.9190866931953506,-0.08803664268420808,0.6040892175943074,-0.05318198659873287,VSL,VSL_2015_USD,8705114.0,-462955.2560884419,-1283973995.8933673
PM25_MAIN,PM25,p05,Mortality,All-cause mortality,258,2.7002898624993947,13.216889393083552,-10.51659953058416,9380,6.44018355644251e-05,0.008066,5e-05,0.9186713001601795,-0.0885286171731281,0.6040892175943074,-0.05347918308282092,VSL,VSL_2015_USD,8705114.0,-465542.38536282757,-1291149217.8368268
PM25_MAIN,PM25,p05,Mortality,All-cause mortality,259,2.7068993687839846,13.050521578420888,-10.343622209636903,4854,6.44018355644251e-05,0.008066,5e-05,0.919953957172611,-0.08701092288727441,0.31260650982971944,-0.027200180920853707,VSL,VSL_2015_USD,8705114.0,-236780.6757366565,-656694629.5083152
PM25_MAIN,PM25,p05,Mortality,All-cause mortality,294,2.8824540046368043,13.477528136024322,-10.595074131387518,1103,6.44018355644251e-05,0.008066,5e-05,0.9180899871538263,-0.0892178479149992,0.07103522462756089,-0.006337609867429533,VSL,VSL_2015_USD,8705114.0,-55169.61638349897,-153009069.16648754
PM25_MAIN,PM25,p05,Mortality,All-cause mortality,295,2.8501480849457512,13.0965912258332,-10.24644314088745,6166,6.44018355644251e-05,0.008066,5e-05,0.9206753424318305,-0.08615920717355685,0.3971017180902452,-0.0342139691979128,VSL,VSL_2015_USD,8705114.0,-297836.5022603195,-826028690.4638379
PM25_MAIN,PM25,p05,Mortality,All-cause mortality,296,2.672445932610429,12.842916677607764,-10.170470744997331,9345,6.44018355644251e-05,0.008066,5e-05,0.921239699054139,-0.08549381993277771,0.6018351533495525,-0.051453186229682306,VSL,VSL_2015_USD,8705114.0,-447905.8517926147,-1242235526.5371912
PM25_MAIN,PM25,p05,Mortality,All-cause mortality,297,2.594421113087494,13.01136503694936,-10.416943923861863,9380,6.44018355644251e-05,0.008066,5e-05,0.9194100453458536,-0.08765398535952573,0.6040892175943074,-0.05295082743485878,VSL,VSL_2015_USD,8705114.0,-460942.98921477323,-1278393114.5779285
PM25_MAIN,PM25,p05,Mortality,All-cause mortality,298,2.836140022886105,13.0848539321661,-10.248713909279996,9380,6.44018355644251e-05,0.008066,5e-05,0.920658479480252,-0.08617910146717955,0.6040892175943074,-0.052059865978288926,VSL,VSL_2015_USD,8705114.0,-453187.0681657266,-1256882610.462871
PM25_MAIN,PM25,p05,Mortality,All-cause mortality,299,2.7415070706132725,13.470570250231637,-10.729063179618365,9380,6.44018355644251e-05,0.008066,5e-05,0.9170982921875417,-0.0903956626227207,0.6040892175943074,-0.054607045107678324,VSL,VSL_2015_USD,8705114.0,-475360.5528654821,-1318379218.133714
PM25_MAIN,PM25,p05,Mortality,All-cause mortality,300,2.6200907869299708,13.402821007289925,-10.782730220359952,6904,6.44018355644251e-05,0.008066,5e-05,0.9167013861036849,-0.09086777347459307,0.4446302727367909,-0.04040256290299325,VSL,VSL_2015_USD,8705114.0,-351708.9159627272,-975440058.7985065
PM25_MAIN,PM25,p05,Mortality,All-cause mortality,301,2.595371589852688,13.083045127187132,-10.487673537334445,3775,6.44018355644251e-05,0.008066,5e-05,0.9188856668551965,-0.08827467450048498,0.24311692925570474,-0.02146106779560477,VSL,VSL_2015_USD,8705114.0,-186821.04172246822,-518135081.744345
PM25_MAIN,PM25,p05,Mortality,All-cause mortality,302,2.7054812693405688,13.03685555526098,-10.331374285920411,3437,6.44018355644251e-05,0.008066,5e-05,0.9200448455258767,-0.08690354047733684,0.22134910883492906,-0.019236021239258695,VSL,VSL_2015_USD,8705114.0,-167451.75779416822,-464415728.61907995
PM25_MAIN,PM25,p05,Mortality,All-cause mortality,303,2.8281065989068144,12.94058522922867,-10.112478630321856,2651,6.44018355644251e-05,0.008066,5e-05,0.9216707229874,-0.08498618330710572,0.17072926608129094,-0.014509628703072219,VSL,VSL_2015_USD,8705114.0,-126307.97195791581,-350306318.6672424
PM25_MAIN,PM25,p05,Mortality,All-cause mortality,304,2.668307282111782,13.426856098716351,-10.75854881660457,870,6.44018355644251e-05,0.008066,5e-05,0.9168802035831051,-0.09065502351568777,0.056029596941049836,-0.005079364428265381,VSL,VSL_2015_USD,8705114.0,-44216.44639559496,-122631218.92693493
PM25_MAIN,PM25,p05,Mortality,All-cause mortality,337,2.7389639175130864,13.69282357925844,-10.953859661745357,1314,6.44018355644251e-05,0.008066,5e-05,0.9154369085103654,-0.092374570768879,0.08462401193165459,-0.007817106778927089,VSL,VSL_2015_USD,8705114.0,-68048.80566073311,-188728599.083647
PM25_MAIN,PM25,p05,Mortality,All-cause mortality,338,2.6065437338625683,12.99371755810033,-10.387173824237763,7894,6.44018355644251e-05,0.008066,5e-05,0.9196308457651652,-0.08739284312279105,0.5083880899455717,-0.04442948059010874,VSL,VSL_2015_USD,8705114.0,-386763.69349768385,-1072662030.4572812
PM25_MAIN,PM25,p05,Mortality,All-cause mortality,339,2.627435497958873,13.440552700470285,-10.813117202511412,9380,6.44018355644251e-05,0.008066,5e-05,0.9164767288454002,-0.0911351794603934,0.6040892175943074,-0.055053779255545846,VSL,VSL_2015_USD,8705114.0,-479249.4245503617,-1329164731.5307095
PM25_MAIN,PM25,p05,Mortality,All-cause mortality,340,2.5779503635392103,13.08238266314849,-10.50443229960928,9380,6.44018355644251e-05,0.008066,5e-05,0.9187614637989385,-0.08842179325322652,0.6040892175943074,-0.05341465190462722,VSL,VSL_2015_USD,8705114.0,-464980.63410009706,-1289591240.032232
PM25_MAIN,PM25,p05,Mortality,All-cause mortality,341,2.7268063171439083,12.952588827185956,-10.225782510042048,9380,6.44018355644251e-05,0.008066,5e-05,0.920828784518364,-0.08597821529118055,0.6040892175943074,-0.05193851280540418,VSL,VSL_2015_USD,8705114.0,-452130.6749615032,-1253952777.8584816
PM25_MAIN,PM25,p05,Mortality,All-cause mortality,342,2.7502604385567966,13.071019998940352,-10.320759560383555,9380,6.44018355644251e-05,0.008066,5e-05,0.9201236216438573,-0.08681048554479953,0.6040892175943074,-0.05244127829173988,VSL,VSL_2015_USD,8705114.0,-456507.30583532096,-1266091057.2228541
PM25_MAIN,PM25,p05,Mortality,All-cause mortality,343,2.6748765243140302,13.422160506144722,-10.747283981830693,9380,6.44018355644251e-05,0.008066,5e-05,0.9169635170813403,-0.09055592874944662,0.6040892175943074,-0.05470386014677906,VSL,VSL_2015_USD,8705114.0,-476203.33881776844,-1320716625.9773633
PM25_MAIN,PM25,p05,Mortality,All-cause mortality,344,2.77437993043736,13.50963686600624,-10.73525693556888,9380,6.44018355644251e-05,0.008066,5e-05,0.9170524761692949,-0.09045013888102993,0.6040892175943074,-0.05463995362793782,VSL,VSL_2015_USD,8705114.0,-475647.02528591227,-1319173729.3387077
PM25_MAIN,PM25,p05,Mortality,All-cause mortality,345,2.6169858631090905,13.015578205573338,-10.398592342464248,9159,6.44018355644251e-05,0.008066,5e-05,0.9195461500387222,-0.08749299853834414,0.5898564119345695,-0.05160830618722421,VSL,VSL_2015_USD,8705114.0,-449256.1887066921,-1245980591.4448009
PM25_MAIN,PM25,p05,Mortality,All-cause mortality,346,2.8863329189473843,13.07288565077144,-10.186552731824056,3601,6.44018355644251e-05,0.008066,5e-05,0.9211202060727544,-0.08563463639947044,0.23191100986749477,-0.019859615007036917,VSL,VSL_2015_USD,8705114.0,-172880.21263236715,-479471168.120986
PM25_MAIN,PM25,p05,Mortality,All-cause mortality,347,2.749568573155374,13.275996919941385,-10.526428346786007,227,6.44018355644251e-05,0.008066,5e-05,0.9185984714924549,-0.08861491830624457,0.014619216673124498,-0.0012954806911902159,VSL,VSL_2015_USD,8705114.0,-11277.307101609626,-31276821.834817182
PM25_MAIN,PM25,p05,Mortality,All-cause mortality,348,2.5701521500624507,13.125081054418072,-10.554928904355624,3432,6.44018355644251e-05,0.008066,5e-05,0.9183873232968488,-0.08886520385557595,0.22102709965710696,-0.01964161826863551,VSL,VSL_2015_USD,8705114.0,-170982.52617295473,-474208067.5638578
PM25_MAIN,PM25,p05,Mortality,All-cause mortality,349,2.717260821532872,13.3271578769058,-10.60989705537293,3186,6.44018355644251e-05,0.008066,5e-05,0.9179802253115287,-0.08934808444336229,0.20518424810825836,-0.018332819526424467,VSL,VSL_2015_USD,8705114.0,-159589.283918951,-442609707.69933623
PM25_MAIN,PM25,p05,Mortality,All-cause mortality,350,2.745208633788627,13.670566699404974,-10.925358065616347,4386,6.44018355644251e-05,0.008066,5e-05,0.9156473860408307,-0.09212346941097249,0.2824664507855685,-0.026021789438570284,VSL,VSL_2015_USD,8705114.0,-226522.64354675033,-628244695.2918637
PM25_MAIN,PM25,p05,Mortality,All-cause mortality,351,2.6813158801105432,13.209361858951986,-10.528045978841444,3394,6.44018355644251e-05,0.008066,5e-05,0.9185864858629937,-0.08862912245058774,0.2185798299056588,-0.019372538509937275,VSL,VSL_2015_USD,8705114.0,-168640.1561983941,-467711668.4053121
PM25_MAIN,PM25,p05,Mortality,All-cause mortality,352,2.7191749136901544,13.33343199378358,-10.614257080093424,1255,6.44018355644251e-05,0.008066,5e-05,0.9179479423879047,-0.08938639526621639,0.0808243036333535,-0.007224593151687625,VSL,VSL_2015_USD,8705114.0,-62890.906989060066,-174423528.17066884
PM25_MAIN,PM25,p05,Mortality,All-cause mortality,353,2.592178088357989,13.38753056431656,-10.795352475958572,3,6.44018355644251e-05,0.008066,5e-05,0.9166080604655477,-0.09097884159135305,0.0001932055066932753,-1.7577613188024595e-05,VSL,VSL_2015_USD,8705114.0,-153.01512664965753,-424376.74270395964
PM25_MAIN,PM25,p05,Mortality,All-cause mortality,360,2.910217986322736,14.31291829365491,-11.402700307332172,2764,6.44018355644251e-05,0.008066,5e-05,0.9121286997848101,-0.0963365150509139,0.178006673500071,-0.017148542580802704,VSL,VSL_2015_USD,8705114.0,-149280.01809974175,-414017680.59836674
PM25_MAIN,PM25,p05,Mortality,All-cause mortality,361,2.917028023265944,13.62673386166451,-10.709705838398566,2224,6.44018355644251e-05,0.008066,5e-05,0.9172414957140599,-0.09022542555329305,0.14322968229528144,-0.01292295903695473,VSL,VSL_2015_USD,8705114.0,-112495.83163402115,-311999314.3287432
PM25_MAIN,PM25,p05,Mortality,All-cause mortality,379,2.7426461658386296,13.011890403058528,-10.269244237219898,5837,6.44018355644251e-05,0.008066,5e-05,0.9205060332451793,-0.08635898504061967,0.3759135141895493,-0.03246350954846206,VSL,VSL_2015_USD,8705114.0,-282598.5514594508,-783767300.5741845
PM25_MAIN,PM25,p05,Mortality,All-cause mortality,380,2.489524920907856,12.698463975482298,-10.208939054574442,9380,6.44018355644251e-05,0.008066,5e-05,0.9209538961819158,-0.08583068506012403,0.6040892175943074,-0.05184939138355374,VSL,VSL_2015_USD,8705114.0,-451354.86282445304,-1251801117.2032228
PM25_MAIN,PM25,p05,Mortality,All-cause mortality,381,2.676003443504457,13.21446792001876,-10.538464476514305,9380,6.44018355644251e-05,0.008066,5e-05,0.9185092951378845,-0.08872060989854469,0.6040892175943074,-0.05359516381810163,VSL,VSL_2015_USD,8705114.0,-466552.01088524994,-1293949343.5494788
PM25_MAIN,PM25,p05,Mortality,All-cause mortality,382,2.7230734560476493,13.1042033497661,-10.381129893718452,9380,6.44018355644251e-05,0.008066,5e-05,0.9196756791776659,-0.08733983364022047,0.6040892175943074,-0.05276105176853776,VSL,VSL_2015_USD,8705114.0,-459290.9704050228,-1273811356.0504022
PM25_MAIN,PM25,p05,Mortality,All-cause mortality,383,2.6750175798879288,13.296768696016784,-10.621751116128856,9380,6.44018355644251e-05,0.008066,5e-05,0.9178924569623039,-0.08945224728115186,0.6040892175943074,-0.05403713807212355,VSL,VSL_2015_USD,8705114.0,-470399.4471515757,-1304619938.7135944
PM25_MAIN,PM25,p05,Mortality,All-cause mortality,384,2.7503874206960344,13.265256799120644,-10.51486937842461,9380,6.44018355644251e-05,0.008066,5e-05,0.9186841206818231,-0.08851342641889404,0.6040892175943074,-0.053470006511981,VSL,VSL_2015_USD,8705114.0,-465462.50226753694,-1290927667.6638548
PM25_MAIN,PM25,p05,Mortality,All-cause mortality,385,2.666046151805482,12.987380475904484,-10.321334324099002,9380,6.44018355644251e-05,0.008066,5e-05,0.9201193559200315,-0.08681552405784965,0.6040892175943074,-0.052444322003146165,VSL,VSL_2015_USD,8705114.0,-456533.80169009574,-1266164541.6213622
PM25_MAIN,PM25,p05,Mortality,All-cause mortality,386,2.875667336004301,13.044637106614552,-10.16896977061025,9380,6.44018355644251e-05,0.008066,5e-05,0.921250852441171,-0.08548067809126692,0.6040892175943074,-0.05163795594758429,VSL,VSL_2015_USD,8705114.0,-449514.29325069924,-1246696426.3302867
PM25_MAIN,PM25,p05,Mortality,All-cause mortality,387,2.6325993120241478,13.207507384503549,-10.5749080724794,9371,6.44018355644251e-05,0.008066,5e-05,0.9182393352949965,-0.08904069076798682,0.6035096010742276,-0.053736911764761384,VSL,VSL_2015_USD,8705114.0,-467785.94292018906,-1297371567.6731398
PM25_MAIN,PM25,p05,Mortality,All-cause mortality,388,2.711201718875393,13.05542820771952,-10.344226488844129,9205,6.44018355644251e-05,0.008066,5e-05,0.9199494732211582,-0.08701622111761087,0.5928188963705331,-0.05158486016927635,VSL,VSL_2015_USD,8705114.0,-449052.08844761,-1245414533.663255
PM25_MAIN,PM25,p05,Mortality,All-cause mortality,389,2.772958117350532,12.999270658857077,-10.226312541506545,9380,6.44018355644251e-05,0.008066,5e-05,0.9208248477684425,-0.08598285811186912,0.6040892175943074,-0.05194131748332137,VSL,VSL_2015_USD,8705114.0,-452155.09000250563,-1254020491.265649
PM25_MAIN,PM25,p05,Mortality,All-cause mortality,390,2.766840080958941,13.347622452135711,-10.58078237117677,9380,6.44018355644251e-05,0.008066,5e-05,0.9181958282238823,-0.0890922930180984,0.6040892175943074,-0.05381969358298584,VSL,VSL_2015_USD,8705114.0,-468506.5680849602,-1299370171.123871
PM25_MAIN,PM25,p05,Mortality,All-cause mortality,391,2.669013400015692,13.06475936314592,-10.39574596313023,9380,6.44018355644251e-05,0.008066,5e-05,0.9195672620452331,-0.08746803118661961,0.6040892175943074,-0.05283849452403953,VSL,VSL_2015_USD,8705114.0,-459965.1184201398,-1275681058.3799684
PM25_MAIN,PM25,p05,Mortality,All-cause mortality,392,2.752687183522035,12.993325153967996,-10.24063797044596,9380,6.44018355644251e-05,0.008066,5e-05,0.9207184536081259,-0.08610834949726964,0.6040892175943074,-0.052017125476142796,VSL,VSL_2015_USD,8705114.0,-452815.00722212734,-1255850725.4800646
PM25_MAIN,PM25,p05,Mortality,All-cause mortality,393,2.6622425773471154,13.215028868237257,-10.552786290890142,9380,6.44018355644251e-05,0.008066,5e-05,0.9184031952978013,-0.08884638590106397,0.6040892175943074,-0.05367114374505565,VSL,VSL_2015_USD,8705114.0,-467213.42481109634,-1295783728.7738388
PM25_MAIN,PM25,p05,Mortality,All-cause mortality,394,2.7181902617548435,13.12054294801952,-10.402352686264678,6975,6.44018355644251e-05,0.008066,5e-05,0.9195182597689394,-0.08752598371595632,0.44920280306186505,-0.039316917225954734,VSL,VSL_2015_USD,8705114.0,-342258.2465804997,-949229288.8137552
PM25_MAIN,PM25,p05,Mortality,All-cause mortality,395,2.781094448786183,13.5318398152671,-10.750745366480915,3089,6.44018355644251e-05,0.008066,5e-05,0.9169379162495935,-0.09058637698192507,0.19893727005850914,-0.018021006541275142,VSL,VSL_2015_USD,8705114.0,-156874.9163365458,-435081599.2152662
PM25_MAIN,PM25,p05,Mortality,All-cause mortality,396,2.674327208013473,13.65979383898114,-10.985466630967666,756,6.44018355644251e-05,0.008066,5e-05,0.915203555111572,-0.09265309822588108,0.048687787686705376,-0.004511074374937156,VSL,VSL_2015_USD,8705114.0,-39269.41669630669,-108910978.34803785
PM25_MAIN,PM25,p05,Mortality,All-cause mortality,397,2.427490349166478,13.286070429657013,-10.858580080490531,269,6.44018355644251e-05,0.008066,5e-05,0.9161407151661207,-0.09153537600244466,0.01732409376683035,-0.001585767436848424,VSL,VSL_2015_USD,8705114.0,-13804.286315253332,-38285221.795313045
PM25_MAIN,PM25,p05,Mortality,All-cause mortality,398,2.871856016077963,13.607592190983285,-10.735736174905322,1076,6.44018355644251e-05,0.008066,5e-05,0.9170489312690021,-0.09045435407270053,0.0692963750673214,-0.006268158846294147,VSL,VSL_2015_USD,8705114.0,-54565.037327099024,-151332311.47409624
PM25_MAIN,PM25,p05,Mortality,All-cause mortality,400,2.9594360562844457,14.18830090743461,-11.228864851150163,746,6.44018355644251e-05,0.008066,5e-05,0.9134085442958191,-0.09480035658188135,0.04804376933106112,-0.00455456646412225,VSL,VSL_2015_USD,8705114.0,-39648.020290761095,-109961008.91500553
PM25_MAIN,PM25,p05,Mortality,All-cause mortality,401,2.4730623305969552,13.12247880382179,-10.649416473224836,9240,6.44018355644251e-05,0.008066,5e-05,0.917687653240931,-0.08969538433733137,0.5950729606152879,-0.05337529791114191,VSL,VSL_2015_USD,8705114.0,-464638.0531004522,-1288641115.610387
PM25_MAIN,PM25,p05,Mortality,All-cause mortality,402,2.650197361911682,12.615169480314266,-9.964972118402583,8169,6.44018355644251e-05,0.008066,5e-05,0.922767967930633,-0.08369604792693974,0.5260985947257887,-0.04403237319846526,VSL,VSL_2015_USD,8705114.0,-383306.8283831847,-1063074657.0427759
PM25_MAIN,PM25,p05,Mortality,All-cause mortality,403,2.7761634328937363,13.71413239180436,-10.937968958910623,73,6.44018355644251e-05,0.008066,5e-05,0.9155542516151809,-0.09223456527654528,0.004701333996203033,-0.0004336254973596301,VSL,VSL_2015_USD,8705114.0,-3774.7593878222788,-10469030.928967942
PM25_MAIN,PM25,p05,Mortality,All-cause mortality,420,2.6352583939362417,13.131977465714565,-10.496719071778324,4864,6.44018355644251e-05,0.008066,5e-05,0.9188186262257265,-0.08835407931132822,0.3132505281853637,-0.027676962011605077,VSL,VSL_2015_USD,8705114.0,-240931.10948469152,-668205566.978128
PM25_MAIN,PM25,p05,Mortality,All-cause mortality,421,2.7603841906559263,13.078919733447233,-10.318535542791306,9380,6.44018355644251e-05,0.008066,5e-05,0.920140127821375,-0.08679098950690256,0.6040892175943074,-0.05242950094546051,VSL,VSL_2015_USD,8705114.0,-456404.78269334155,-1265806716.4651942
PM25_MAIN,PM25,p05,Mortality,All-cause mortality,422,2.669177861232862,13.388310066492162,-10.7191322052593,9380,6.44018355644251e-05,0.008066,5e-05,0.917171757673765,-0.09030832189634075,0.6040892175943074,-0.05455428351661535,VSL,VSL_2015_USD,8705114.0,-474901.2572004575,-1317105393.757465
PM25_MAIN,PM25,p05,Mortality,All-cause mortality,423,2.6615863127302264,13.073472383125688,-10.41188607039546,9380,6.44018355644251e-05,0.008066,5e-05,0.9194475549571856,-0.08760961362996422,0.6040892175943074,-0.05292402295146466,VSL,VSL_2015_USD,8705114.0,-460709.6531311163,-1277745973.2834318
PM25_MAIN,PM25,p05,Mortality,All-cause mortality,424,2.773702896952455,12.697065994864529,-9.923363097912071,9380,6.44018355644251e-05,0.008066,5e-05,0.923077717777983,-0.08333240066414227,0.6040892175943074,-0.05034020471745705,VSL,VSL_2015_USD,8705114.0,-438217.22084880143,-1215364786.8186913
PM25_MAIN,PM25,p05,Mortality,All-cause mortality,425,2.6823725168789068,12.84397927362757,-10.161606756748665,9380,6.44018355644251e-05,0.008066,5e-05,0.9213055672183489,-0.08541621323232551,0.6040892175943074,-0.05159901342138405,VSL,VSL_2015_USD,8705114.0,-449175.2941206782,-1245756235.9731126
PM25_MAIN,PM25,p05,Mortality,All-cause mortality,426,2.785827429360609,13.123623978018768,-10.33779654865816,9380,6.44018355644251e-05,0.008066,5e-05,0.9199971866236701,-0.08695984568163206,0.6040892175943074,-0.05253150513993883,VSL,VSL_2015_USD,8705114.0,-457292.7408347535,-1268269406.2133303
PM25_MAIN,PM25,p05,Mortality,All-cause mortality,427,2.686055095495905,13.517042023090198,-10.830986927594292,9380,6.44018355644251e-05,0.008066,5e-05,0.9163446399732201,-0.09129246396773238,0.6040892175943074,-0.05514879313052396,VSL,VSL_2015_USD,8705114.0,-480076.531163628,-1331458653.8251407
PM25_MAIN,PM25,p05,Mortality,All-cause mortality,428,2.6883955371574078,12.74099583914188,-10.052600301984471,9380,6.44018355644251e-05,0.008066,5e-05,0.9221159777351045,-0.08446228472929596,0.6040892175943074,-0.05102275549834802,VSL,VSL_2015_USD,8705114.0,-444158.90320724633,-1231843626.9220731
PM25_MAIN,PM25,p05,Mortality,All-cause mortality,429,2.6426165247658395,13.224771857323113,-10.582155332557273,9380,6.44018355644251e-05,0.008066,5e-05,0.9181856598981618,-0.08910435402673622,0.6040892175943074,-0.05382697950825726,VSL,VSL_2015_USD,8705114.0,-468569.9928950434,-1299546075.3949
PM25_MAIN,PM25,p05,Mortality,All-cause mortality,430,2.6135272013508284,13.191188146946258,-10.57766094559543,9380,6.44018355644251e-05,0.008066,5e-05,0.9182189463157598,-0.08906487283057762,0.6040892175943074,-0.05380312934336013,VSL,VSL_2015_USD,8705114.0,-468362.3744906951,-1298970260.2837284
PM25_MAIN,PM25,p05,Mortality,All-cause mortality,431,2.688234099697933,12.919165858868476,-10.230931759170542,9380,6.44018355644251e-05,0.008066,5e-05,0.9207905397539964,-0.08602332107708843,0.6040892175943074,-0.05196576072432225,VSL,VSL_2015_USD,8705114.0,-452367.87120194774,-1254610625.027618
PM25_MAIN,PM25,p05,Mortality,All-cause mortality,432,2.612429397280754,13.173650091557384,-10.56122069427663,9380,6.44018355644251e-05,0.008066,5e-05,0.9183407167108498,-0.08892046470684978,0.6040892175943074,-0.05371589395288311,VSL,VSL_2015_USD,8705114.0,-467602.9804717581,-1296864134.129788
PM25_MAIN,PM25,p05,Mortality,All-cause mortality,433,2.763432706288796,12.954748641674849,-10.19131593538605,9380,6.44018355644251e-05,0.008066,5e-05,0.9210848173143229,-0.08567634728338702,0.6040892175943074,-0.05175615759675944,VSL,VSL_2015_USD,8705114.0,-450543.25208175695,-1249550171.621107
PM25_MAIN,PM25,p05,Mortality,All-cause mortality,434,2.6515720571821046,13.15380073068584,-10.502228673503735,9380,6.44018355644251e-05,0.008066,5e-05,0.9187777944220884,-0.08840244732841018,0.6040892175943074,-0.05340296524004128,VSL,VSL_2015_USD,8705114.0,-464878.9003525967,-1289309088.6049023
PM25_MAIN,PM25,p05,Mortality,All-cause mortality,435,2.604845692715692,13.161660152746151,-10.55681446003046,9379,6.44018355644251e-05,0.008066,5e-05,0.9183733557493831,-0.08888176441487716,0.604024815758743,-0.053686791375008175,VSL,VSL_2015_USD,8705114.0,-467349.6392136629,-1296161509.8843489
PM25_MAIN,PM25,p05,Mortality,All-cause mortality,436,2.695325618502325,13.19323803567743,-10.497912417175105,9379,6.44018355644251e-05,0.008066,5e-05,0.9188097821575797,-0.08836455534002563,0.604024815758743,-0.053374384258862234,VSL,VSL_2015_USD,8705114.0,-464630.09965320124,-1288619057.2811778
PM25_MAIN,PM25,p05,Mortality,All-cause mortality,437,2.762831630706859,13.623361823354726,-10.860530192647866,9289,6.44018355644251e-05,0.008066,5e-05,0.9161263047481926,-0.09155254555741754,0.5982286505579447,-0.054769355783958654,VSL,VSL_2015_USD,8705114.0,-476773.48580591945,-1322297888.738711
PM25_MAIN,PM25,p05,Mortality,All-cause mortality,438,2.749582915909911,13.207572513437832,-10.45798959752792,8853,6.44018355644251e-05,0.008066,5e-05,0.9191057025960789,-0.08801413936985636,0.5701494502518554,-0.050181213176113786,VSL,VSL_2015_USD,8705114.0,-436833.1813563726,-1211526250.1692045
PM25_MAIN,PM25,p05,Mortality,All-cause mortality,439,2.74278497874168,13.556816832626676,-10.814031853884996,8857,6.44018355644251e-05,0.008066,5e-05,0.9164699674918082,-0.09114322942496034,0.5704070575941131,-0.05198874131591682,VSL,VSL_2015_USD,8705114.0,-452567.91987156594,-1255165446.009397
PM25_MAIN,PM25,p05,Mortality,All-cause mortality,440,3.025541973806042,13.753948126980738,-10.728406153174696,8213,6.44018355644251e-05,0.008066,5e-05,0.9171031524318723,-0.09038988400411774,0.5289322754906234,-0.047810127027631495,VSL,VSL_2015_USD,8705114.0,-416192.6061300133,-1154281059.6191628
PM25_MAIN,PM25,p05,Mortality,All-cause mortality,441,16.761930550698587,17.257384450997655,-0.4954539002990685,9110,6.44018355644251e-05,0.008066,5e-05,0.9960116435448334,-0.004004327139160768,0.5867007219919127,-0.002349341623637433,VSL,VSL_2015_USD,8705114.0,-20451.28665870895,-56720211.95786315
PM25_MAIN,PM25,p05,Mortality,All-cause mortality,442,19.123782031499744,19.003359092276987,0.120422939222756,9379,6.44018355644251e-05,0.008066,5e-05,1.0009718033229185,0.0009708598381017453,0.604024815758743,0.0005864234348369697,VSL,VSL_2015_USD,8705114.0,5104.882852527393,14158035.249685047
PM25_MAIN,PM25,p05,Mortality,All-cause mortality,443,2.6626994803516646,12.855719053313369,-10.193019572961704,9374,6.44018355644251e-05,0.008066,5e-05,0.9210721602767951,-0.08569126625158874,0.6037028065809209,-0.051732057935557074,VSL,VSL_2015_USD,8705114.0,-450333.46178362897,-1248968332.91457
PM25_MAIN,PM25,p05,Mortality,All-cause mortality,444,2.624323260342333,13.278666841917495,-10.654343581575164,4839,6.44018355644251e-05,0.008066,5e-05,0.9176511831715705,-0.0897386919328289,0.3116404822962531,-0.027966209234581676,VSL,VSL_2015_USD,8705114.0,-243449.03953488622,-675188869.7172395
PM25_MAIN,PM25,p05,Mortality,All-cause mortality,445,2.858053665782371,13.821318175059506,-10.963264509277137,6092,6.44018355644251e-05,0.008066,5e-05,0.9153674665579784,-0.0924574409010428,0.3923359822584777,-0.03627438089301578,VSL,VSL_2015_USD,8705114.0,-315772.6209531242,-875773260.1300231
PM25_MAIN,PM25,p05,Mortality,All-cause mortality,446,2.719190840752026,12.83378280279737,-10.114591962045344,858,6.44018355644251e-05,0.008066,5e-05,0.9216550121989501,-0.08500467828426261,0.05525677491427674,-0.004697084374614007,VSL,VSL_2015_USD,8705114.0,-40888.65494863364,-113401822.29418898
PM25_MAIN,PM25,p05,Mortality,All-cause mortality,461,2.726790163959761,13.155126409363332,-10.428336245403573,2433,6.44018355644251e-05,0.008066,5e-05,0.9193255642103153,-0.08775393498274209,0.15668966592824626,-0.013750134756334902,VSL,VSL_2015_USD,8705114.0,-119696.49056925754,-331969837.8394959
PM25_MAIN,PM25,p05,Mortality,All-cause mortality,462,2.679423742897631,12.902099412018494,-10.222675669120862,7924,6.44018355644251e-05,0.008066,5e-05,0.9208518605732207,-0.08595100125823762,0.5103201450125044,-0.04386252742607378,VSL,VSL_2015_USD,8705114.0,-381828.3015720988,-1058974066.4291059
PM25_MAIN,PM25,p05,Mortality,All-cause mortality,463,2.589781567416808,13.004418842627624,-10.414637275210817,8501,6.44018355644251e-05,0.008066,5e-05,0.919427151522406,-0.08763374927984224,0.5474800041331778,-0.047977725417933895,VSL,VSL_2015_USD,8705114.0,-417651.5692238122,-1158327391.6323974
PM25_MAIN,PM25,p05,Mortality,All-cause mortality,464,2.740327355780925,12.985200046349384,-10.244872690568458,8783,6.44018355644251e-05,0.008066,5e-05,0.9206870049325203,-0.08614544860801288,0.5656413217623456,-0.04872742541444662,VSL,VSL_2015_USD,8705114.0,-424177.79315925506,-1176427416.8816726
PM25_MAIN,PM25,p05,Mortality,All-cause mortality,465,2.734335071646833,13.115087594989353,-10.38075252334252,9379,6.44018355644251e-05,0.008066,5e-05,0.9196784785546323,-0.08733652392475366,0.604024815758743,-0.05275342777265838,VSL,VSL_2015_USD,8705114.0,-459224.6026517573,-1273627289.7324631
PM25_MAIN,PM25,p05,Mortality,All-cause mortality,466,2.7560445647976914,13.253298170669431,-10.49725360587174,9379,6.44018355644251e-05,0.008066,5e-05,0.9188146646999834,-0.08835877181664897,0.604024815758743,-0.05337089086722021,VSL,VSL_2015_USD,8705114.0,-464599.68928071077,-1288534716.2418015
PM25_MAIN,PM25,p05,Mortality,All-cause mortality,467,2.658311442759642,12.850375833703929,-10.192064390944289,9379,6.44018355644251e-05,0.008066,5e-05,0.9210792567028894,-0.08568290157745673,0.604024815758743,-0.05175459883899781,VSL,VSL_2015_USD,8705114.0,-450529.6829177436,-1249512538.4945574
PM25_MAIN,PM25,p05,Mortality,All-cause mortality,468,2.691494448382292,12.992337564083362,-10.30084311570107,6428,6.44018355644251e-05,0.008066,5e-05,0.9202714477360898,-0.08663590776400376,0.41397499900812457,-0.03586509983067143,VSL,VSL_2015_USD,8705114.0,-312209.7826473755,-865891977.4877105
PM25_MAIN,PM25,p05,Mortality,All-cause mortality,469,2.7112114399479426,13.216461496495096,-10.505250056547156,3998,6.44018355644251e-05,0.008066,5e-05,0.9187554036430797,-0.08842897253694115,0.25747853858657155,-0.022768562617523677,VSL,VSL_2015_USD,8705114.0,-198202.933201682,-549701961.0295409
PM25_MAIN,PM25,p05,Mortality,All-cause mortality,470,2.651961200888496,12.871097735042976,-10.21913653415448,1575,6.44018355644251e-05,0.008066,5e-05,0.920878148195835,-0.08592000142383527,0.10143289101396953,-0.00871511414034399,VSL,VSL_2015_USD,8705114.0,-75866.06211470642,-210409212.6507902
PM25_MAIN,PM25,p05,Mortality,All-cause mortality,471,2.604393994787108,13.18902426588755,-10.584630271100442,5971,6.44018355644251e-05,0.008066,5e-05,0.9181673304745772,-0.08912609587527531,0.38454336015518226,-0.0342728483853913,VSL,VSL_2015_USD,8705114.0,-298349.0522995472,-827450212.1191331
PM25_MAIN,PM25,p05,Mortality,All-cause mortality,472,2.890661718297721,13.645849343063109,-10.755187624765387,9252,6.44018355644251e-05,0.008066,5e-05,0.916905061801613,-0.09062545476094863,0.595845782642061,-0.05399879501933013,VSL,VSL_2015_USD,8705114.0,-470065.66650590097,-1303694221.4574609
PM25_MAIN,PM25,p05,Mortality,All-cause mortality,473,2.6150304327007663,12.993684840531609,-10.37865440783084,9380,6.44018355644251e-05,0.008066,5e-05,0.9196940427728355,-0.08731812264983874,0.6040892175943074,-0.05274793639334486,VSL,VSL_2015_USD,8705114.0,-459176.79956881586,-1273494711.2281408
PM25_MAIN,PM25,p05,Mortality,All-cause mortality,474,2.6590459566536717,12.913110001448077,-10.254064044794406,9379,6.44018355644251e-05,0.008066,5e-05,0.9206187500637385,-0.08622597566122292,0.604024815758743,-0.05208262906238803,VSL,VSL_2015_USD,8705114.0,-453385.2234078009,-1257432180.1558971
PM25_MAIN,PM25,p05,Mortality,All-cause mortality,475,2.619041976348281,13.435656339693184,-10.816614363344904,9380,6.44018355644251e-05,0.008066,5e-05,0.9164508771434579,-0.09116595874397704,0.6040892175943074,-0.055072372688884,VSL,VSL_2015_USD,8705114.0,-479411.28250722174,-1329613633.244004
PM25_MAIN,PM25,p05,Mortality,All-cause mortality,476,2.867425001183583,13.427432132255596,-10.560007131072012,9380,6.44018355644251e-05,0.008066,5e-05,0.9183497060255281,-0.08890980575127672,0.6040892175943074,-0.05370945499275061,VSL,VSL_2015_USD,8705114.0,-467546.92858976324,-1296708678.158707
PM25_MAIN,PM25,p05,Mortality,All-cause mortality,477,2.710582530603389,13.448534786381776,-10.737952255778389,9380,6.44018355644251e-05,0.008066,5e-05,0.9170325392499321,-0.09047384601851682,0.6040892175943074,-0.054654274854073676,VSL,VSL_2015_USD,8705114.0,-475771.69319204474,-1319519487.0496125
PM25_MAIN,PM25,p05,Mortality,All-cause mortality,478,2.7680912334508503,13.294361306523658,-10.526270073072808,9379,6.44018355644251e-05,0.008066,5e-05,0.9185996442088711,-0.08861352854238658,0.604024815758743,-0.053524770251547164,VSL,VSL_2015_USD,8705114.0,-465939.22686352674,-1292249829.960111
PM25_MAIN,PM25,p05,Mortality,All-cause mortality,479,2.7610579677649505,13.094416950842314,-10.333358983077364,9380,6.44018355644251e-05,0.008066,5e-05,0.9200301170439689,-0.08692094038505194,0.6040892175943074,-0.052508002869767464,VSL,VSL_2015_USD,8705114.0,-457088.1508936529,-1267701990.3329837
PM25_MAIN,PM25,p05,Mortality,All-cause mortality,480,2.699564629061329,13.106866566621166,-10.407301937559836,9380,6.44018355644251e-05,0.008066,5e-05,0.9194815527249464,-0.0875693993386073,0.6040892175943074,-0.052899729931662746,VSL,VSL_2015_USD,8705114.0,-460498.1796243364,-1277159466.3155234
PM25_MAIN,PM25,p05,Mortality,All-cause mortality,481,2.588189205081752,13.328587726567909,-10.740398521486156,9380,6.44018355644251e-05,0.008066,5e-05,0.9170144449282713,-0.09049536300185523,0.6040892175943074,-0.054667273031703566,VSL,VSL_2015_USD,8705114.0,-475884.8438101052,-1319833302.36826
PM25_MAIN,PM25,p05,Mortality,All-cause mortality,482,19.91171178957677,19.751716422495875,0.1599953670808958,9380,6.44018355644251e-05,0.008066,5e-05,1.001291355713537,0.0012896902646450936,0.6040892175943074,0.0007790879829084499,VSL,VSL_2015_USD,8705114.0,6782.049707248108,18809540.119573116
PM25_MAIN,PM25,p05,Mortality,All-cause mortality,483,2.970912120532583,14.799620447630785,-11.828708327098202,9380,6.44018355644251e-05,0.008066,5e-05,0.9089998395054144,-0.1001102052384284,0.6040892175943074,-0.06047549555568775,VSL,VSL_2015_USD,8705114.0,-526446.0830187552,-1460061360.0267062
PM25_MAIN,PM25,p05,Mortality,All-cause mortality,484,2.7962954736228345,14.339900733816927,-11.543605260194091,9380,6.44018355644251e-05,0.008066,5e-05,0.9110926185105334,-0.09758325299003467,0.6040892175943074,-0.05894899094905741,VSL,VSL_2015_USD,8705114.0,-513157.68639651296,-1423206922.1826808
PM25_MAIN,PM25,p05,Mortality,All-cause mortality,485,18.24789851203715,18.05150356398813,0.1963949480490185,9380,6.44018355644251e-05,0.008066,5e-05,1.0015853770344718,0.0015828675925420033,0.6040892175943074,0.0009561932455340838,VSL,VSL_2015_USD,8705114.0,8323.77120840419,23085396.782524433
PM25_MAIN,PM25,p05,Mortality,All-cause mortality,486,2.9643610834076517,14.47234047360242,-11.50797939019477,9380,6.44018355644251e-05,0.008066,5e-05,0.9113544661270796,-0.09726789868011632,0.6040892175943074,-0.058758488810713834,VSL,VSL_2015_USD,8705114.0,-511499.34356498835,-1418607624.4234455
PM25_MAIN,PM25,p05,Mortality,All-cause mortality,487,2.7801142356602235,13.776831615327326,-10.996717379667103,7095,6.44018355644251e-05,0.008066,5e-05,0.9151205054944219,-0.09275225939748699,0.45693102332959606,-0.04238138480262588,VSL,VSL_2015_USD,8705114.0,-368934.78618472576,-1023214804.0483038
PM25_MAIN,PM25,p05,Mortality,All-cause mortality,488,13.4156678158488,13.368548135648613,0.0471196802001898,654,6.44018355644251e-05,0.008066,5e-05,1.0003801395752374,0.0003799951240524013,0.04211880045913401,1.6004938805406967e-05,VSL,VSL_2015_USD,8705114.0,139.32481686409147,386407.6268353772
PM25_MAIN,PM25,p05,Mortality,All-cause mortality,503,2.7463541999399586,13.233560415220156,-10.487206215280198,12,6.44018355644251e-05,0.008066,5e-05,0.9188891305274496,-0.08827057234423052,0.0007728220267731011,-6.821744262348989e-05,VSL,VSL_2015_USD,8705114.0,-593.8406148259386,-1646975.3763767027
PM25_MAIN,PM25,p05,Mortality,All-cause mortality,504,2.6970157851519456,13.08212012483541,-10.385104339683464,62,6.44018355644251e-05,0.008066,5e-05,0.9196461967966167,-0.08737469201012082,0.003992913804994357,-0.00034887961393434153,VSL,VSL_2015_USD,8705114.0,-3037.036811574432,-8423009.004324876
PM25_MAIN,PM25,p05,Mortality,All-cause mortality,505,2.9093347341320968,13.22207769877833,-10.312742964646231,3191,6.44018355644251e-05,0.008066,5e-05,0.9201831204734146,-0.08674021262802722,0.2055062572860805,-0.01782565645338469,VSL,VSL_2015_USD,8705114.0,-155174.3715515494,-430365257.2922137
PM25_MAIN,PM25,p05,Mortality,All-cause mortality,506,2.636151781975099,13.024761879348686,-10.388610097373586,7589,6.44018355644251e-05,0.008066,5e-05,0.9196201919227373,-0.08740544061913758,0.4887455300984221,-0.04271901840888655,VSL,VSL_2015_USD,8705114.0,-371873.925217456,-1031366300.415849
PM25_MAIN,PM25,p05,Mortality,All-cause mortality,507,2.7307215368624216,12.924171809295602,-10.19345027243318,3876,6.44018355644251e-05,0.008066,5e-05,0.9210689604574629,-0.08569503797341604,0.24962151464771168,-0.021391325176717282,VSL,VSL_2015_USD,8705114.0,-186213.92427439408,-516451284.0003328
PM25_MAIN,PM25,p05,Mortality,All-cause mortality,508,2.599310955437358,12.881513143082891,-10.282202187645536,3406,6.44018355644251e-05,0.008066,5e-05,0.9204098280610091,-0.08647253594266835,0.2193526519324319,-0.01896798007834684,VSL,VSL_2015_USD,8705114.0,-165118.42893173816,-457944404.35215056
PM25_MAIN,PM25,p05,Mortality,All-cause mortality,509,2.7129883151779883,13.134149037711971,-10.421160722533983,45,6.44018355644251e-05,0.008066,5e-05,0.9193787742613709,-0.0876909800352963,0.0028980826003991295,-0.0002541357034522396,VSL,VSL_2015_USD,8705114.0,-2212.2802700219395,-6135604.4692869475
PM25_MAIN,PM25,p05,Mortality,All-cause mortality,513,2.7768803620584523,13.044174956171444,-10.267294594112991,3157,6.44018355644251e-05,0.008066,5e-05,0.9205205090723858,-0.08634190128768138,0.20331659487689005,-0.017554741365007946,VSL,VSL_2015_USD,8705114.0,-152816.0248229098,-423824547.7246027
PM25_MAIN,PM25,p05,Mortality,All-cause mortality,514,2.7944490169650087,13.30929876085538,-10.51484974389037,8374,6.44018355644251e-05,0.008066,5e-05,0.9186842661758169,-0.08851325402869259,0.5393009710164958,-0.04773528384550367,VSL,VSL_2015_USD,8705114.0,-415541.0876974678,-1152474118.8527882
PM25_MAIN,PM25,p05,Mortality,All-cause mortality,515,2.755439978946033,12.94290452350024,-10.187464544554206,8986,6.44018355644251e-05,0.008066,5e-05,0.9211134315519448,-0.08564262092578812,0.5787148943819239,-0.049562660323658615,VSL,VSL_2015_USD,8705114.0,-431448.60826072516,-1196592513.608543
PM25_MAIN,PM25,p05,Mortality,All-cause mortality,516,2.764979854743117,12.850420431233996,-10.085440576490878,4255,6.44018355644251e-05,0.008066,5e-05,0.9218717511006412,-0.0847495856186935,0.2740298103266288,-0.02322391287235097,VSL,VSL_2015_USD,8705114.0,-202166.80907988263,-560695493.3064189
PM25_MAIN,PM25,p05,Mortality,All-cause mortality,517,2.7245647728811915,13.334898334687267,-10.610333561806078,4378,6.44018355644251e-05,0.008066,5e-05,0.9179769932365457,-0.08935191989318025,0.2819512361010531,-0.02519288426188445,VSL,VSL_2015_USD,8705114.0,-219306.92948850998,-608232417.4513181
PM25_MAIN,PM25,p05,Mortality,All-cause mortality,518,2.7192003153715394,13.308533113786403,-10.589332798414864,7540,6.44018355644251e-05,0.008066,5e-05,0.9181325045108011,-0.08916740784906585,0.48558984015576523,-0.04329878732453181,VSL,VSL_2015_USD,8705114.0,-376920.8797218044,-1045363675.446844
PM25_MAIN,PM25,p05,Mortality,All-cause mortality,519,2.6406624854337704,13.34043033333005,-10.69976784789628,9380,6.44018355644251e-05,0.008066,5e-05,0.917315024584693,-0.0901380367695841,0.6040892175943074,-0.054451416107624974,VSL,VSL_2015_USD,8705114.0,-474005.78467831167,-1314621863.40037
PM25_MAIN,PM25,p05,Mortality,All-cause mortality,520,2.6732798725796854,13.334963569175365,-10.66168369659568,9380,6.44018355644251e-05,0.008066,5e-05,0.9175968549040779,-0.08980321222279719,0.6040892175943074,-0.0542491522091251,VSL,VSL_2015_USD,8705114.0,-472245.0543837859,-1309738601.1796231
PM25_MAIN,PM25,p05,Mortality,All-cause mortality,521,2.746168346308979,13.267507283702663,-10.521338937393686,9380,6.44018355644251e-05,0.008066,5e-05,0.9186361818141483,-0.08857023030071831,0.6040892175943074,-0.05350432112450855,VSL,VSL_2015_USD,8705114.0,-465761.2148814551,-1291756126.188674
PM25_MAIN,PM25,p05,Mortality,All-cause mortality,522,2.7107266183830387,13.349346888739738,-10.6386202703567,9380,6.44018355644251e-05,0.008066,5e-05,0.9177675709549533,-0.08960049542770654,0.6040892175943074,-0.054126693178985566,VSL,VSL_2015_USD,8705114.0,-471179.0345660918,-1306782069.8366358
PM25_MAIN,PM25,p05,Mortality,All-cause mortality,523,2.749475444875587,13.472144674799678,-10.72266922992409,9380,6.44018355644251e-05,0.008066,5e-05,0.9171455914660906,-0.0903394284450123,0.6040892175943074,-0.05457307464726441,VSL,VSL_2015_USD,8705114.0,-475064.83613494644,-1317559068.4817445
PM25_MAIN,PM25,p05,Mortality,All-cause mortality,524,2.821080159889278,13.79991072091597,-10.97883056102669,9380,6.44018355644251e-05,0.008066,5e-05,0.9152525441024985,-0.0925946138512026,0.6040892175943074,-0.055935407834820004,VSL,VSL_2015_USD,8705114.0,-486924.1018386013,-1350449911.7622318
PM25_MAIN,PM25,p05,Mortality,All-cause mortality,525,15.247200661141513,15.126715079082906,0.1204855820586061,9380,6.44018355644251e-05,0.008066,5e-05,1.0009723090911902,0.0009713646245349539,0.6040892175943074,0.0005867908960341085,VSL,VSL_2015_USD,8705114.0,5108.0816441390625,14166906.8743046
PM25_MAIN,PM25,p05,Mortality,All-cause mortality,526,2.557465359703982,12.601900120314676,-10.044434760610695,9380,6.44018355644251e-05,0.008066,5e-05,0.9221767132965715,-0.08439086086356284,0.6040892175943074,-0.05097960911117974,VSL,VSL_2015_USD,8705114.0,-443783.3089882583,-1230801942.6473053
PM25_MAIN,PM25,p05,Mortality,All-cause mortality,527,2.691591166525727,13.19214864469442,-10.500557478168693,9380,6.44018355644251e-05,0.008066,5e-05,0.9187901795030474,-0.08838777591296965,0.6040892175943074,-0.05339410239616681,VSL,VSL_2015_USD,8705114.0,-464801.7482863052,-1289095112.7496874
PM25_MAIN,PM25,p05,Mortality,All-cause mortality,528,2.544793753080589,13.64851654421768,-11.103722791137091,9380,6.44018355644251e-05,0.008066,5e-05,0.9143310005787781,-0.09369582718620806,0.6040892175943074,-0.056600638936767866,VSL,VSL_2015_USD,8705114.0,-492715.0144174031,-1366510602.4356582
PM25_MAIN,PM25,p05,Mortality,All-cause mortality,529,2.6782053934064094,13.460761840631614,-10.782556447225204,8735,6.44018355644251e-05,0.008066,5e-05,0.9167026710028462,-0.09086624445637193,0.5625500336552532,-0.051116808877058495,VSL,VSL_2015_USD,8705114.0,-444977.6485910062,-1234114359.931754
PM25_MAIN,PM25,p05,Mortality,All-cause mortality,530,2.758043261937874,13.7100112724566,-10.951968010518726,5649,6.44018355644251e-05,0.008066,5e-05,0.9154508764070989,-0.09235790338060945,0.3638059691034374,-0.033600356543744256,VSL,VSL_2015_USD,8705114.0,-292494.9341539397,-811214225.230561
PM25_MAIN,PM25,p05,Mortality,All-cause mortality,531,2.682621246818776,13.657800140437846,-10.97517889361907,927,6.44018355644251e-05,0.008066,5e-05,0.9152795026676607,-0.09256243266173247,0.05970050156822207,-0.0055260236562802096,VSL,VSL_2015_USD,8705114.0,-48104.66589461604,-133414923.53210495
PM25_MAIN,PM25,p05,Mortality,All-cause mortality,546,2.630569390115071,13.368090665351746,-10.737521275236675,3,6.44018355644251e-05,0.008066,5e-05,0.9170357271256473,-0.09047005522281615,0.0001932055066932753,-1.747931285989279e-05,VSL,VSL_2015_USD,8705114.0,-152.15941108703277,-422003.47549110925
PM25_MAIN,PM25,p05,Mortality,All-cause mortality,547,2.750209043327456,13.08947051966779,-10.339261476340331,544,6.44018355644251e-05,0.008066,5e-05,0.9199863159029885,-0.08697268939101144,0.035034598547047255,-0.0030470532573711215,VSL,VSL_2015_USD,8705114.0,-26524.94596948695,-73565080.90015419
PM25_MAIN,PM25,p05,Mortality,All-cause mortality,555,2.6615392420794284,13.26333646329094,-10.60179722121151,86,6.44018355644251e-05,0.008066,5e-05,0.9180402019136297,-0.08927691610403055,0.0055385578585405585,-0.0004944653652742445,VSL,VSL_2015_USD,8705114.0,-4304.377373763939,-11937889.339718122
PM25_MAIN,PM25,p05,Mortality,All-cause mortality,556,2.450358124282032,13.234233166698909,-10.783875042416875,695,6.44018355644251e-05,0.008066,5e-05,0.9166929211986788,-0.09087784674107424,0.04475927571727544,-0.004067626598876044,VSL,VSL_2015_USD,8705114.0,-35409.15325264823,-98204807.90549219
PM25_MAIN,PM25,p05,Mortality,All-cause mortality,559,2.5222289076158613,13.222701312946874,-10.700472405331013,1595,6.44018355644251e-05,0.008066,5e-05,0.9173098115346674,-0.09014423199833788,0.10272092772525804,-0.009259699139950157,VSL,VSL_2015_USD,8705114.0,-80606.73661896808,-223557141.5411446
PM25_MAIN,PM25,p05,Mortality,All-cause mortality,560,2.749046569941884,13.166184561574946,-10.417137991633062,8277,6.44018355644251e-05,0.008066,5e-05,0.9194086061478748,-0.08765568792072309,0.5330539929667466,-0.04672521445238846,VSL,VSL_2015_USD,8705114.0,-406748.31848248915,-1128087988.9288898
PM25_MAIN,PM25,p05,Mortality,All-cause mortality,561,2.8645385414013345,13.332951474294132,-10.468412932892798,9379,6.44018355644251e-05,0.008066,5e-05,0.9190284323788649,-0.08810561759394497,0.604024815758743,-0.05321797943449288,VSL,VSL_2015_USD,8705114.0,-463268.577826916,-1284842971.8025036
PM25_MAIN,PM25,p05,Mortality,All-cause mortality,562,2.598043170187762,13.291909608558168,-10.693866438370408,9379,6.44018355644251e-05,0.008066,5e-05,0.9173586905247527,-0.09008614659547654,0.604024815758743,-0.05441426809974783,VSL,VSL_2015_USD,8705114.0,-473682.40703486826,-1313724998.1427145
PM25_MAIN,PM25,p05,Mortality,All-cause mortality,563,2.425183620006833,12.501823468602955,-10.076639848596123,9379,6.44018355644251e-05,0.008066,5e-05,0.9219371940302847,-0.08467258558954605,0.604024815758743,-0.05114434291054195,VSL,VSL_2015_USD,8705114.0,-445217.33549135947,-1234779114.771801
PM25_MAIN,PM25,p05,Mortality,All-cause mortality,564,10.576529010517202,10.50374981664356,0.072779193873643,9379,6.44018355644251e-05,0.008066,5e-05,1.000587209317713,0.0005868647052899023,0.604024815758743,0.00035448084548804227,VSL,VSL_2015_USD,8705114.0,3085.7961707897935,8558239.673953537
PM25_MAIN,PM25,p05,Mortality,All-cause mortality,565,2.9569095674852437,13.530512379992002,-10.57360281250676,9379,6.44018355644251e-05,0.008066,5e-05,0.9182490027779937,-0.08902922516080469,0.604024815758743,-0.0537758613248987,VSL,VSL_2015_USD,8705114.0,-468125.00328143424,-1298311927.8508282
PM25_MAIN,PM25,p05,Mortality,All-cause mortality,566,2.5640968081008504,12.684072681098844,-10.119975872997994,9379,6.44018355644251e-05,0.008066,5e-05,0.9216149887007191,-0.08505179739946178,0.604024815758743,-0.05137339625415984,VSL,VSL_2015_USD,8705114.0,-447211.2709596344,-1240309155.2175786
PM25_MAIN,PM25,p05,Mortality,All-cause mortality,567,11.971982096655726,11.890390779661464,0.0815913169942614,9379,6.44018355644251e-05,0.008066,5e-05,1.0006583321684372,0.000657899052327604,0.604024815758743,0.00039738735387003264,VSL,VSL_2015_USD,8705114.0,3459.3022175969754,9594132.549349979
PM25_MAIN,PM25,p05,Mortality,All-cause mortality,568,12.905481883720483,12.817995468114484,0.0874864156059995,9379,6.44018355644251e-05,0.008066,5e-05,1.0007059144687027,0.0007054165049852346,0.604024815758743,0.0004260890744568827,VSL,VSL_2015_USD,8705114.0,3709.153967301652,10287078.887533419
PM25_MAIN,PM25,p05,Mortality,All-cause mortality,569,2.5852509028052157,12.62269499478357,-10.037444091978356,9380,6.44018355644251e-05,0.008066,5e-05,0.922228713294898,-0.08432971732927741,0.6040892175943074,-0.0509426729613923,VSL,VSL_2015_USD,8705114.0,-443461.77559363755,-1229910192.284662
PM25_MAIN,PM25,p05,Mortality,All-cause mortality,570,13.269132656536131,13.185736967204486,0.0833956893316472,9380,6.44018355644251e-05,0.008066,5e-05,1.000672895923102,0.0006724434386535805,0.6040892175943074,0.0004062158307326671,VSL,VSL_2015_USD,8705114.0,3536.1551151325707,9807278.680962125
PM25_MAIN,PM25,p05,Mortality,All-cause mortality,571,2.784333967692231,13.36571274982349,-10.58137878213126,9380,6.44018355644251e-05,0.008066,5e-05,0.9181914111150491,-0.08909753227336648,0.6040892175943074,-0.05382285856060151,VSL,VSL_2015_USD,8705114.0,-468534.1195759121,-1299446583.2554216
PM25_MAIN,PM25,p05,Mortality,All-cause mortality,572,2.906905662116131,13.726534828974696,-10.819629166858563,5729,6.44018355644251e-05,0.008066,5e-05,0.9164285917071495,-0.09119249339129776,0.3689581159485914,-0.033646210550307594,VSL,VSL_2015_USD,8705114.0,-292894.09850843035,-812321279.626236
PM25_MAIN,PM25,p05,Mortality,All-cause mortality,573,2.803609456358351,13.875001894866982,-11.071392438508632,2857,6.44018355644251e-05,0.008066,5e-05,0.914569467822593,-0.09341065406524018,0.18399604420756252,-0.017187190834845264,VSL,VSL_2015_USD,8705114.0,-149616.4555570832,-414950766.3356812
PM25_MAIN,PM25,p05,Mortality,All-cause mortality,601,2.744852327703301,12.88220153705442,-10.13734920935112,418,6.44018355644251e-05,0.008066,5e-05,0.9214858487710462,-0.0852038599764342,0.02691996726592969,-0.002293685121496466,VSL,VSL_2015_USD,8705114.0,-19966.790462730587,-55376495.67305089
PM25_MAIN,PM25,p05,Mortality,All-cause mortality,602,2.6060823727222755,12.998544562684284,-10.392462189962009,5837,6.44018355644251e-05,0.008066,5e-05,0.9195916188671319,-0.087439227895449,0.3759135141895493,-0.0328695874361991,VSL,VSL_2015_USD,8705114.0,-286133.5057650809,-793571248.8940483
PM25_MAIN,PM25,p05,Mortality,All-cause mortality,603,2.7817750054052093,13.549511058880029,-10.76773605347482,9379,6.44018355644251e-05,0.008066,5e-05,0.9168122613783332,-0.09073584868575235,0.604024815758743,-0.05480670428512475,VSL,VSL_2015_USD,8705114.0,-477098.60876629944,-1323199594.5107179
PM25_MAIN,PM25,p05,Mortality,All-cause mortality,604,2.598836711273793,12.882962351771766,-10.284125640497972,9379,6.44018355644251e-05,0.008066,5e-05,0.9203955484084232,-0.08648939222840801,0.604024815758743,-0.05224173920584981,VSL,VSL_2015_USD,8705114.0,-454770.2953451921,-1261273580.2192159
PM25_MAIN,PM25,p05,Mortality,All-cause mortality,605,2.708592814511762,13.277413394100568,-10.568820579588806,9380,6.44018355644251e-05,0.008066,5e-05,0.9182844235305242,-0.08898721831227885,0.6040892175943074,-0.05375621908615836,VSL,VSL_2015_USD,8705114.0,-467954.0153539843,-1297837704.8032007
PM25_MAIN,PM25,p05,Mortality,All-cause mortality,606,12.163418645229278,12.060996550187726,0.1024220950415522,9380,6.44018355644251e-05,0.008066,5e-05,1.0008264779634541,0.0008257954617026941,0.6040892175943074,0.0004988541343529104,VSL,VSL_2015_USD,8705114.0,4342.5821089134015,12043847.498323694
PM25_MAIN,PM25,p05,Mortality,All-cause mortality,607,2.6711277373478604,13.186088249707348,-10.514960512359488,9379,6.44018355644251e-05,0.008066,5e-05,0.918683445369943,-0.08851422657051566,0.604024815758743,-0.05346478939628336,VSL,VSL_2015_USD,8705114.0,-465417.0866806378,-1290801710.7126813
PM25_MAIN,PM25,p05,Mortality,All-cause mortality,608,2.682624325537567,13.259004261375912,-10.576379935838345,9380,6.44018355644251e-05,0.008066,5e-05,0.9182284339765412,-0.08905361999010797,0.6040892175943074,-0.0537963316237651,VSL,VSL_2015_USD,8705114.0,-468303.1995666803,-1298806142.774218
PM25_MAIN,PM25,p05,Mortality,All-cause mortality,609,2.834843397413176,13.644457125751272,-10.809613728338098,9380,6.44018355644251e-05,0.008066,5e-05,0.9165026279480081,-0.09110434548227886,0.6040892175943074,-0.05503515278183131,VSL,VSL_2015_USD,8705114.0,-479087.2789732587,-1328715032.1228046
PM25_MAIN,PM25,p05,Mortality,All-cause mortality,610,2.6683184093662207,12.87673318955722,-10.208414780191,9379,6.44018355644251e-05,0.008066,5e-05,0.9209577907173865,-0.08582609331209734,0.604024815758743,-0.05184109020013228,VSL,VSL_2015_USD,8705114.0,-451282.6000764343,-1251600701.5299852
PM25_MAIN,PM25,p05,Mortality,All-cause mortality,611,9.49651897727817,9.48110999479424,0.0154089824839296,9380,6.44018355644251e-05,0.008066,5e-05,1.0001242965768948,0.00012428112917595158,0.6040892175943074,7.507689008563764e-05,VSL,VSL_2015_USD,8705114.0,653.5528869609454,1812583.1832840948
PM25_MAIN,PM25,p05,Mortality,All-cause mortality,612,2.8134235852691942,14.466433588135905,-11.653010002866708,9380,6.44018355644251e-05,0.008066,5e-05,0.9102889715891139,-0.09855225231859643,0.6040892175943074,-0.05953435299529769,VSL,VSL_2015_USD,8705114.0,-518253.3297403079,-1437339332.301662
PM25_MAIN,PM25,p05,Mortality,All-cause mortality,613,2.9110963555163805,13.691587290296717,-10.780490934780335,9380,6.44018355644251e-05,0.008066,5e-05,0.9167179437846842,-0.09084807031428288,0.6040892175943074,-0.05488033971610778,VSL,VSL_2015_USD,8705114.0,-477739.6135874458,-1324977376.5118299
PM25_MAIN,PM25,p05,Mortality,All-cause mortality,614,2.82910055277487,13.77258989169792,-10.943489338923053,5064,6.44018355644251e-05,0.008066,5e-05,0.9155134852859816,-0.09228320070853702,0.3261308952982487,-0.030096402868063154,VSL,VSL_2015_USD,8705114.0,-261992.6179564167,-726618186.4188647
PM25_MAIN,PM25,p05,Mortality,All-cause mortality,643,2.730807467053468,13.023382614688098,-10.29257514763463,249,6.44018355644251e-05,0.008066,5e-05,0.9203328221612648,-0.08656344305057906,0.01603605705554185,-0.0013881363116832334,VSL,VSL_2015_USD,8705114.0,-12083.88484074208,-33513808.733859304
PM25_MAIN,PM25,p05,Mortality,All-cause mortality,644,2.831575587611646,13.032602132791364,-10.20102654517972,2838,6.44018355644251e-05,0.008066,5e-05,0.9210126754541746,-0.08576138705895087,0.18277240933183844,-0.0156748153404048,VSL,VSL_2015_USD,8705114.0,-136451.0544671726,-378437447.99089044
PM25_MAIN,PM25,p05,Mortality,All-cause mortality,645,2.725070450392322,13.237787085169236,-10.512716634776917,7418,6.44018355644251e-05,0.008066,5e-05,0.918700072879193,-0.08849452560291438,0.4777328162169054,-0.04227673893605932,VSL,VSL_2015_USD,8705114.0,-368023.8319866351,-1020688336.3466934
PM25_MAIN,PM25,p05,Mortality,All-cause mortality,646,2.8979574510159845,13.699972456125684,-10.802015005109698,9380,6.44018355644251e-05,0.008066,5e-05,0.9165588033084714,-0.09103747232619863,0.6040892175943074,-0.05499475542929675,VSL,VSL_2015_USD,8705114.0,-478735.61541414715,-1327739717.858058
PM25_MAIN,PM25,p05,Mortality,All-cause mortality,647,2.7065467644456715,13.43080035566024,-10.724253591214566,9380,6.44018355644251e-05,0.008066,5e-05,0.917133870917261,-0.09035336248116255,0.6040892175943074,-0.054581492048260336,VSL,VSL_2015_USD,8705114.0,-475138.11057019973,-1317762289.998709
PM25_MAIN,PM25,p05,Mortality,All-cause mortality,648,2.6620879638036725,13.389368390065282,-10.72728042626161,7672,6.44018355644251e-05,0.008066,5e-05,0.9171114798701937,-0.09037998318540086,0.4940908824502694,-0.04465592564791522,VSL,VSL_2015_USD,8705114.0,-388734.92354062584,-1078129098.995278
PM25_MAIN,PM25,p05,Mortality,All-cause mortality,649,2.840329007734788,13.342839028628614,-10.502510020893826,8354,6.44018355644251e-05,0.008066,5e-05,0.9187757093978595,-0.08840491729518263,0.5380129343052072,-0.04756298896099037,VSL,VSL_2015_USD,8705114.0,-414041.24108616274,-1148314399.2655962
PM25_MAIN,PM25,p05,Mortality,All-cause mortality,650,2.729559679949056,13.807814231353571,-11.078254551404518,9380,6.44018355644251e-05,0.008066,5e-05,0.9145188479839803,-0.09347117580404096,0.6040892175943074,-0.05646492945908307,VSL,VSL_2015_USD,8705114.0,-491533.64794327645,-1363234165.215321
PM25_MAIN,PM25,p05,Mortality,All-cause mortality,651,9.904518227669469,9.838482622411918,0.0660356052575483,9380,6.44018355644251e-05,0.008066,5e-05,1.0005327850715817,0.0005325013628049158,0.6040892175943074,0.00032167833162472404,VSL,VSL_2015_USD,8705114.0,2800.246548123028,7766287.783960849
PM25_MAIN,PM25,p05,Mortality,All-cause mortality,652,2.720403507507556,13.239665190686228,-10.519261683178671,9380,6.44018355644251e-05,0.008066,5e-05,0.9186515738140395,-0.08855199131507474,0.6040892175943074,-0.053493303149941406,VSL,VSL_2015_USD,8705114.0,-465665.302156799,-1291490118.960731
PM25_MAIN,PM25,p05,Mortality,All-cause mortality,653,12.480255203329138,12.41693442699349,0.0633207763356473,9358,6.44018355644251e-05,0.008066,5e-05,1.0005108758345542,0.000510614973703527,0.60267237721189,0.0003077335400418914,VSL,VSL_2015_USD,8705114.0,2678.8555476882293,7429618.341624965
PM25_MAIN,PM25,p05,Mortality,All-cause mortality,654,2.8074571501249324,13.83127207961208,-11.023814929487148,9380,6.44018355644251e-05,0.008066,5e-05,0.9149205105270897,-0.09299112709135327,0.6040892175943074,-0.0561749372078284,VSL,VSL_2015_USD,8705114.0,-489009.2323369879,-1356232875.2403724
PM25_MAIN,PM25,p05,Mortality,All-cause mortality,655,2.9239004708060707,13.56234933030409,-10.638448859498018,2972,6.44018355644251e-05,0.008066,5e-05,0.9177688398612613,-0.08959898894711826,0.1914022552974714,-0.01714944855685165,VSL,VSL_2015_USD,8705114.0,-149287.9047245291,-414039553.6001507
PM25_MAIN,PM25,p05,Mortality,All-cause mortality,686,2.792072173486216,13.228783272712612,-10.436711099226397,1809,6.44018355644251e-05,0.008066,5e-05,0.9192634644217451,-0.08782741695172414,0.11650292053604501,-0.01023215057801281,VSL,VSL_2015_USD,8705114.0,-89072.0372467674,-247035060.2613021
PM25_MAIN,PM25,p05,Mortality,All-cause mortality,687,2.7786540526391863,13.176158151055551,-10.397504098416364,5329,6.44018355644251e-05,0.008066,5e-05,0.919554221644725,-0.08748345280976344,0.3431973817228214,-0.030024091948382813,VSL,VSL_2015_USD,8705114.0,-261363.1431571545,-724872382.126347
PM25_MAIN,PM25,p05,Mortality,All-cause mortality,688,2.783065141984456,13.47221296895048,-10.689147826966025,8364,6.44018355644251e-05,0.008066,5e-05,0.9173936061541365,-0.09004465835789177,0.5386569526608516,-0.04850318127444946,VSL,VSL_2015_USD,8705114.0,-422225.72235674784,-1171013485.155875
PM25_MAIN,PM25,p05,Mortality,All-cause mortality,689,2.5848395225381395,13.021548633876847,-10.436709111338708,1634,6.44018355644251e-05,0.008066,5e-05,0.9192634791614933,-0.08782739950917073,0.10523259931227061,-0.009242305541187277,VSL,VSL_2015_USD,8705114.0,-80455.32335886694,-223137207.46318233
PM25_MAIN,PM25,p05,Mortality,All-cause mortality,690,2.8278242642809515,13.809921000759688,-10.982096736478734,2836,6.44018355644251e-05,0.008066,5e-05,0.915228432118203,-0.0926233986039986,0.18264360566070958,-0.01691707148958344,VSL,VSL_2015_USD,8705114.0,-147265.03586297366,-408429268.413447
PM25_MAIN,PM25,p05,Mortality,All-cause mortality,691,2.795557331242945,13.587818995969096,-10.792261664726151,1951,6.44018355644251e-05,0.008066,5e-05,0.9166309122324356,-0.09095164330048688,0.12564798118619336,-0.011427890366272946,VSL,VSL_2015_USD,8705114.0,-99481.08841790774,-275903835.05087787
PM25_MAIN,PM25,p05,Mortality,All-cause mortality,692,2.668655038011549,13.51125396246044,-10.842598924448891,3072,6.44018355644251e-05,0.008066,5e-05,0.9162588169848471,-0.09139468178949905,0.1978424388539139,-0.018081746743511883,VSL,VSL_2015_USD,8705114.0,-157403.6667213997,-436548051.3951315
PM25_MAIN,PM25,p05,Mortality,All-cause mortality,693,2.881766294397058,13.791333686308548,-10.909567391911487,2789,6.44018355644251e-05,0.008066,5e-05,0.9157640172544845,-0.09198437715216201,0.1796167193891816,-0.01652193205912853,VSL,VSL_2015_USD,8705114.0,-143825.3020749686,-398889407.53378016
PM25_MAIN,PM25,p05,Mortality,All-cause mortality,694,2.7144046734383047,14.266938225277196,-11.552533551838891,366,6.44018355644251e-05,0.008066,5e-05,0.9110270079911038,-0.09766229895323253,0.023571071816579588,-0.0023020050623989096,VSL,VSL_2015_USD,8705114.0,-20039.21649675962,-55577364.20860803
PM25_MAIN,PM25,p05,Mortality,All-cause mortality,695,2.762958229835687,13.945721263849046,-11.18276303401336,3681,6.44018355644251e-05,0.008066,5e-05,0.9137482650515442,-0.09439332280821389,0.2370631567126488,-0.022377179077511255,VSL,VSL_2015_USD,8705114.0,-194795.89486815032,-540252778.7041742
PM25_MAIN,PM25,p05,Mortality,All-cause mortality,696,2.8800631478733125,14.233581195991432,-11.35351804811812,886,6.44018355644251e-05,0.008066,5e-05,0.9124906167645441,-0.09590168011342581,0.05706002631008064,-0.005472152390453015,VSL,VSL_2015_USD,8705114.0,-47635.71038426601,-132114308.25103487
PM25_MAIN,PM25,p05,Mortality,All-cause mortality,729,2.7434934634342,13.086081119045208,-10.342587655611007,49,6.44018355644251e-05,0.008066,5e-05,0.9199616339561781,-0.08700185213118838,0.00315568994265683,-0.0002745508697629079,VSL,VSL_2015_USD,8705114.0,-2389.996620085266,-6628488.326043079
PM25_MAIN,PM25,p05,Mortality,All-cause mortality,730,2.75510607904852,13.215662147915364,-10.460556068866843,173,6.44018355644251e-05,0.008066,5e-05,0.919086676240811,-0.08803666275539479,0.011141517552645542,-0.0009808620233655672,VSL,VSL_2015_USD,8705114.0,-8538.515731667925,-23680975.68567977
PM25_MAIN,PM25,p50,Mortality,All-cause mortality,0,15.051786457219883,13.546607811497896,1.505178645721989,7006,6.44018355644251e-05,0.008066,5e-05,1.0122147692784376,0.012067369148490936,0.4511992599643623,0.005444788029515887,VSL,VSL_2015_USD,8705114.0,47397.50050277116,131453649.81940061
PM25_MAIN,PM25,p50,Mortality,All-cause mortality,1,14.82112693472028,13.339014241248254,1.4821126934720257,3805,6.44018355644251e-05,0.008066,5e-05,1.0120264642677352,0.01188354721181828,0.2450489843226375,0.00291205117440618,VSL,VSL_2015_USD,8705114.0,25349.73744703968,70305722.32774325
PM25_MAIN,PM25,p50,Mortality,All-cause mortality,2,14.784377732190926,13.305939958971832,1.4784377732190936,73,6.44018355644251e-05,0.008066,5e-05,1.011996466318243,0.01185425712195165,0.004701333996203033,5.5730822007163214e-05,VSL,VSL_2015_USD,8705114.0,485.1431588860646,1345510.591149378
PM25_MAIN,PM25,p50,Mortality,All-cause mortality,41,14.730531987068058,13.257478788361254,1.473053198706804,5661,6.44018355644251e-05,0.008066,5e-05,1.0119525142644348,0.011811339065769033,0.36457879113021047,0.004306163718227104,VSL,VSL_2015_USD,8705114.0,37485.646069830815,103963815.37945087
PM25_MAIN,PM25,p50,Mortality,All-cause mortality,42,14.056198676459806,12.650578808813826,1.4056198676459797,9380,6.44018355644251e-05,0.008066,5e-05,1.0114022455013305,0.011273700006152132,0.6040892175943074,0.0068103206161093804,VSL,VSL_2015_USD,8705114.0,59284.617339782395,164421736.26867267
PM25_MAIN,PM25,p50,Mortality,All-cause mortality,43,14.33476986109538,12.901292874985844,1.433476986109536,6828,6.44018355644251e-05,0.008066,5e-05,1.0116295285861006,0.011495837416247046,0.4397357332338946,0.005055130495371035,VSL,VSL_2015_USD,8705114.0,44005.48724708133,122046138.49567276
PM25_MAIN,PM25,p50,Mortality,All-cause mortality,44,14.356476786609962,12.920829107948968,1.4356476786609953,939,6.44018355644251e-05,0.008066,5e-05,1.0116472411664446,0.01151314479246246,0.06047332359499517,0.0006962381306306158,VSL,VSL_2015_USD,8705114.0,6060.832298286402,16809294.121036455
PM25_MAIN,PM25,p50,Mortality,All-cause mortality,82,14.851985759380636,13.366787183442574,1.485198575938064,656,6.44018355644251e-05,0.008066,5e-05,1.0120516546566591,0.01190814184355804,0.042247604130262864,0.0005030904625336587,VSL,VSL_2015_USD,8705114.0,4379.459828668228,12146125.272623321
PM25_MAIN,PM25,p50,Mortality,All-cause mortality,83,15.34953858618033,13.814584727562297,1.5349538586180334,4099,6.44018355644251e-05,0.008066,5e-05,1.0124578989232023,0.012304609343708917,0.2639831239785785,0.003248209213888286,VSL,VSL_2015_USD,8705114.0,28276.031502747916,78421594.05066615
PM25_MAIN,PM25,p50,Mortality,All-cause mortality,84,14.708954060961624,13.238058654865462,1.4708954060961634,9171,6.44018355644251e-05,0.008066,5e-05,1.0119349016319248,0.011794139734361941,0.5906292339613426,0.006965963716539226,VSL,VSL_2015_USD,8705114.0,60639.50827233765,168179431.4277494
PM25_MAIN,PM25,p50,Mortality,All-cause mortality,85,14.074694065815663,12.6672246592341,1.4074694065815656,9159,6.44018355644251e-05,0.008066,5e-05,1.0114173340979769,0.011288450091829993,0.5898564119345695,0.006658564667469302,VSL,VSL_2015_USD,8705114.0,57963.56450669236,160757888.70979577
PM25_MAIN,PM25,p50,Mortality,All-cause mortality,86,14.518727064568928,13.066854358112035,1.4518727064568928,7033,6.44018355644251e-05,0.008066,5e-05,1.0117796451913486,0.011642500664382105,0.45293810952460173,0.00527333224106415,VSL,VSL_2015_USD,8705114.0,45904.958318338904,127314188.54883066
PM25_MAIN,PM25,p50,Mortality,All-cause mortality,87,14.445310040651938,13.000779036586744,1.444531004065194,2360,6.44018355644251e-05,0.008066,5e-05,1.0117197312248234,0.01158397020747537,0.15198833193204322,0.001760628308984666,VSL,VSL_2015_USD,8705114.0,15326.470141338741,42506892.0840931
PM25_MAIN,PM25,p50,Mortality,All-cause mortality,91,14.90365312429598,13.413287811866384,1.4903653124295977,537,6.44018355644251e-05,0.008066,5e-05,1.0120938326835371,0.01194931961147383,0.03458378569809628,0.00041325270868127005,VSL,VSL_2015_USD,8705114.0,3597.4119398792454,9977170.196419295
PM25_MAIN,PM25,p50,Mortality,All-cause mortality,125,14.627842105976214,13.165057895378592,1.462784210597622,3772,6.44018355644251e-05,0.008066,5e-05,1.011868698054958,0.01172948434690435,0.24292372374901147,0.0028493700152057468,VSL,VSL_2015_USD,8705114.0,24804.090810547757,68792409.57669747
PM25_MAIN,PM25,p50,Mortality,All-cause mortality,126,15.204727507397225,13.684254756657502,1.5204727507397229,9325,6.44018355644251e-05,0.008066,5e-05,1.012339646073328,0.012189235224750017,0.6005471166382641,0.0073202100682491856,VSL,VSL_2015_USD,8705114.0,63723.26314805694,176732009.71271554
PM25_MAIN,PM25,p50,Mortality,All-cause mortality,127,14.706945778082584,13.236251200274326,1.4706945778082563,9380,6.44018355644251e-05,0.008066,5e-05,1.0119332624191621,0.011792538957197674,0.6040892175943074,0.0071237456321039325,VSL,VSL_2015_USD,8705114.0,62013.017834466795,171988764.05264524
PM25_MAIN,PM25,p50,Mortality,All-cause mortality,128,14.383236577540837,12.944912919786754,1.438323657754081,9379,6.44018355644251e-05,0.008066,5e-05,1.0116690772487322,0.011534480504698852,0.604024815758743,0.006967112461723537,VSL,VSL_2015_USD,8705114.0,60649.508230124025,168207165.61067286
PM25_MAIN,PM25,p50,Mortality,All-cause mortality,129,14.486095129912808,13.037485616921527,1.4486095129912808,7335,6.44018355644251e-05,0.008066,5e-05,1.0117530145722466,0.011616485844834101,0.4723874638650581,0.0054874822872655275,VSL,VSL_2015_USD,8705114.0,47769.15888362716,132484418.32261807
PM25_MAIN,PM25,p50,Mortality,All-cause mortality,130,14.672434219378887,13.205190797441,1.467243421937889,5190,6.44018355644251e-05,0.008066,5e-05,1.0119050936014782,0.011765029820243966,0.3342455265793663,0.003932408587489391,VSL,VSL_2015_USD,8705114.0,34232.06504867413,94940236.16794428
PM25_MAIN,PM25,p50,Mortality,All-cause mortality,131,14.368322271423695,12.931490044281327,1.436832227142368,5202,6.44018355644251e-05,0.008066,5e-05,1.01165690706503,0.011522589312268572,0.3350183486061394,0.0038602788430629684,VSL,VSL_2015_USD,8705114.0,33604.16740065125,93198805.99398819
PM25_MAIN,PM25,p50,Mortality,All-cause mortality,132,14.503910498834282,13.053519448950851,1.4503910498834287,8779,6.44018355644251e-05,0.008066,5e-05,1.0117675534426482,0.011630688691891544,0.565383714420088,0.006575801973885355,VSL,VSL_2015_USD,8705114.0,57243.10582409704,158759746.98572543
PM25_MAIN,PM25,p50,Mortality,All-cause mortality,133,14.411281893294015,12.970153703964614,1.441128189329401,7568,6.44018355644251e-05,0.008066,5e-05,1.0116919628295695,0.01155684067793572,0.4873930915515692,0.005632724306588024,VSL,VSL_2015_USD,8705114.0,49033.5072194197,135990999.92755517
PM25_MAIN,PM25,p50,Mortality,All-cause mortality,134,14.278879107318964,12.850991196587067,1.4278879107318954,6970,6.44018355644251e-05,0.008066,5e-05,1.011583923855693,0.01145127317913519,0.44888079388404295,0.005140256595633253,VSL,VSL_2015_USD,8705114.0,44746.51965423937,124101340.00465709
PM25_MAIN,PM25,p50,Mortality,All-cause mortality,135,14.18059704973144,12.762537344758298,1.4180597049731425,2916,6.44018355644251e-05,0.008066,5e-05,1.0115037344190223,0.011372903556930325,0.18779575250586358,0.0021357829816503427,VSL,VSL_2015_USD,8705114.0,18592.234334526143,51564260.47040484
PM25_MAIN,PM25,p50,Mortality,All-cause mortality,136,15.164255195284715,13.647829675756247,1.51642551952847,629,6.44018355644251e-05,0.008066,5e-05,1.012306598818456,0.012156987648623496,0.04050875457002339,0.000492464428968895,VSL,VSL_2015_USD,8705114.0,4286.958995119133,11889580.685833257
PM25_MAIN,PM25,p50,Mortality,All-cause mortality,166,14.511328549526526,13.060195694573874,1.451132854952652,6,6.44018355644251e-05,0.008066,5e-05,1.0117736072704233,0.011636602482828495,0.0003864110133865506,4.4965113577662096e-06,VSL,VSL_2015_USD,8705114.0,39.14264397164964,108559.38307029226
PM25_MAIN,PM25,p50,Mortality,All-cause mortality,167,14.615122039333816,13.153609835400436,1.4615122039333812,6438,6.44018355644251e-05,0.008066,5e-05,1.0118583163295525,0.011719344633710826,0.41461901736376877,0.00485906315617654,VSL,VSL_2015_USD,8705114.0,42298.69870771658,117312479.9569424
PM25_MAIN,PM25,p50,Mortality,All-cause mortality,168,14.711631690728264,13.240468521655435,1.4711631690728255,9380,6.44018355644251e-05,0.008066,5e-05,1.0119370871871707,0.011796274035524967,0.6040892175943074,0.007126001952648321,VSL,VSL_2015_USD,8705114.0,62032.659362026236,172043238.4544244
PM25_MAIN,PM25,p50,Mortality,All-cause mortality,169,14.818780320781467,13.336902288703325,1.4818780320781446,9293,6.44018355644251e-05,0.008066,5e-05,1.0120245487273083,0.011881676924171525,0.5984862579002025,0.007111020359926604,VSL,VSL_2015_USD,8705114.0,61902.24288948212,171681537.49697638
PM25_MAIN,PM25,p50,Mortality,All-cause mortality,170,15.0244355643808,13.52199200794272,1.502443556438081,9380,6.44018355644251e-05,0.008066,5e-05,1.0121924388217567,0.012045573898921136,0.6040892175943074,0.00727660131207368,VSL,VSL_2015_USD,8705114.0,63343.64395415096,175679162.4517609
PM25_MAIN,PM25,p50,Mortality,All-cause mortality,171,15.517456996612047,13.965711296950843,1.5517456996612058,9380,6.44018355644251e-05,0.008066,5e-05,1.0125950385352238,0.012438376701354725,0.6040892175943074,0.007513889249664639,VSL,VSL_2015_USD,8705114.0,65409.26250170515,181408010.9001041
PM25_MAIN,PM25,p50,Mortality,All-cause mortality,172,15.083798887168212,13.575418998451392,1.5083798887168207,9380,6.44018355644251e-05,0.008066,5e-05,1.0122409062421946,0.012092878450879141,0.6040892175943074,0.007305177481854641,VSL,VSL_2015_USD,8705114.0,63592.40276977758,176369077.61378422
PM25_MAIN,PM25,p50,Mortality,All-cause mortality,173,14.879284418665394,13.391355976798852,1.4879284418665415,9380,6.44018355644251e-05,0.008066,5e-05,1.0120739393671538,0.01192989849605608,0.6040892175943074,0.0072067230484620225,VSL,VSL_2015_USD,8705114.0,62735.34570328943,173992089.833874
PM25_MAIN,PM25,p50,Mortality,All-cause mortality,174,15.430070826446569,13.88706374380191,1.5430070826446585,9380,6.44018355644251e-05,0.008066,5e-05,1.0125236675957958,0.012368765290724393,0.6040892175943074,0.007471837747081325,VSL,VSL_2015_USD,8705114.0,65043.199377846104,180392760.4504997
PM25_MAIN,PM25,p50,Mortality,All-cause mortality,175,15.117069365563845,13.605362429007462,1.5117069365563829,9380,6.44018355644251e-05,0.008066,5e-05,1.012268071071131,0.012119389538928549,0.6040892175943074,0.007321192544291982,VSL,VSL_2015_USD,8705114.0,63731.815714011755,176755729.65571162
PM25_MAIN,PM25,p50,Mortality,All-cause mortality,176,14.564081134000087,13.10767302060008,1.4564081134000073,9380,6.44018355644251e-05,0.008066,5e-05,1.011816659390744,0.011678656682584498,0.6040892175943074,0.007054950577935,VSL,VSL_2015_USD,8705114.0,61414.14904529006,170327843.3866788
PM25_MAIN,PM25,p50,Mortality,All-cause mortality,177,13.551849408186348,12.196664467367714,1.3551849408186332,8935,6.44018355644251e-05,0.008066,5e-05,1.0109908825340583,0.010871396294405256,0.5754304007681382,0.006255731926598869,VSL,VSL_2015_USD,8705114.0,54456.85957448279,151032288.0496578
PM25_MAIN,PM25,p50,Mortality,All-cause mortality,178,14.311527258061666,12.8803745322555,1.4311527258061665,3436,6.44018355644251e-05,0.008066,5e-05,1.0116105632558736,0.01147730527694868,0.22128470699936464,0.00253975213535185,VSL,VSL_2015_USD,8705114.0,22108.831869981284,61317297.57316219
PM25_MAIN,PM25,p50,Mortality,All-cause mortality,208,14.777783623249878,13.300005260924888,1.4777783623249905,4959,6.44018355644251e-05,0.008066,5e-05,1.0119910837173813,0.011849001350223487,0.3193687025639841,0.0037842001878997705,VSL,VSL_2015_USD,8705114.0,32941.89403448892,91362037.1720726
PM25_MAIN,PM25,p50,Mortality,All-cause mortality,209,14.625931861765617,13.163338675589054,1.4625931861765622,2301,6.44018355644251e-05,0.008066,5e-05,1.0118671389658536,0.011727961615575433,0.14818862363374216,0.0017379504898414825,VSL,VSL_2015_USD,8705114.0,15129.057140425948,41959380.94497153
PM25_MAIN,PM25,p50,Mortality,All-cause mortality,210,14.589665760571467,13.13069918451432,1.458966576057147,2925,6.44018355644251e-05,0.008066,5e-05,1.011837540021186,0.011699052024634504,0.18837536902594343,0.0022038132423942355,VSL,VSL_2015_USD,8705114.0,19184.445509751455,53206716.71010997
PM25_MAIN,PM25,p50,Mortality,All-cause mortality,211,14.315418243041004,12.883876418736904,1.4315418243040998,9380,6.44018355644251e-05,0.008066,5e-05,1.011613738168727,0.011480407719403618,0.6040892175943074,0.006935190516878179,VSL,VSL_2015_USD,8705114.0,60371.62406114347,167436473.31989712
PM25_MAIN,PM25,p50,Mortality,All-cause mortality,212,14.291641804794468,12.862477624315025,1.4291641804794448,9380,6.44018355644251e-05,0.008066,5e-05,1.0115943375505285,0.011461449634646015,0.6040892175943074,0.006923738142289872,VSL,VSL_2015_USD,8705114.0,60271.92983478156,167159978.3616782
PM25_MAIN,PM25,p50,Mortality,All-cause mortality,213,14.407216938229515,12.966495244406564,1.4407216938229528,9380,6.44018355644251e-05,0.008066,5e-05,1.0116886457067296,0.011553599772353151,0.6040892175943074,0.006979405046878584,VSL,VSL_2015_USD,8705114.0,60756.51658525341,168503945.79303935
PM25_MAIN,PM25,p50,Mortality,All-cause mortality,214,14.39714933899749,12.95743440509774,1.439714933899749,9380,6.44018355644251e-05,0.008066,5e-05,1.0116804302965998,0.011545573035523948,0.6040892175943074,0.006974556181707595,VSL,VSL_2015_USD,8705114.0,60714.30666116933,168386879.52328685
PM25_MAIN,PM25,p50,Mortality,All-cause mortality,215,14.369783762935697,12.932805386642126,1.4369783762935704,9380,6.44018355644251e-05,0.008066,5e-05,1.011658099646404,0.011523754567357103,0.6040892175943074,0.006961375880343579,VSL,VSL_2015_USD,8705114.0,60599.570635241216,168068667.18689704
PM25_MAIN,PM25,p50,Mortality,All-cause mortality,216,14.575056178345964,13.11755056051137,1.4575056178345935,9380,6.44018355644251e-05,0.008066,5e-05,1.0118256165077915,0.011687405729661537,0.6040892175943074,0.007060235782938464,VSL,VSL_2015_USD,8705114.0,61460.157357358585,170455444.219619
PM25_MAIN,PM25,p50,Mortality,All-cause mortality,217,14.793558136914182,13.314202323222764,1.4793558136914182,9380,6.44018355644251e-05,0.008066,5e-05,1.012003960093245,0.011861574229550254,0.6040892175943074,0.007165449095765813,VSL,VSL_2015_USD,8705114.0,62376.051239838314,172995611.79010478
PM25_MAIN,PM25,p50,Mortality,All-cause mortality,218,15.46900022195138,13.92210019975624,1.546900022195139,8126,6.44018355644251e-05,0.008066,5e-05,1.0125554617941868,0.012399776869446044,0.5233293157965183,0.0064891667451166925,VSL,VSL_2015_USD,8705114.0,56488.93628124975,156668110.55050647
PM25_MAIN,PM25,p50,Mortality,All-cause mortality,219,15.45168235743117,13.906514121688051,1.5451682357431178,537,6.44018355644251e-05,0.008066,5e-05,1.012541317921358,0.012385981390965806,0.03458378569809628,0.0004283541260857699,VSL,VSL_2015_USD,8705114.0,3728.8714999470008,10341764.08409801
PM25_MAIN,PM25,p50,Mortality,All-cause mortality,251,14.31554707501042,12.88399236750938,1.431554707501041,8,6.44018355644251e-05,0.008066,5e-05,1.0116138432914508,0.011480510442268277,0.0005152146845154008,5.914927565589015e-06,VSL,VSL_2015_USD,8705114.0,51.490118760194854,142804.24007308722
PM25_MAIN,PM25,p50,Mortality,All-cause mortality,252,14.451852668096771,13.006667401287096,1.4451852668096752,3036,6.44018355644251e-05,0.008066,5e-05,1.0117250703705503,0.011589186345116409,0.1955239727735946,0.002265963755410655,VSL,VSL_2015_USD,8705114.0,19725.47281071787,54707218.05742926
PM25_MAIN,PM25,p50,Mortality,All-cause mortality,253,14.797355394157908,13.317619854742118,1.47973553941579,8188,6.44018355644251e-05,0.008066,5e-05,1.0120070597322262,0.011864600762175659,0.5273222296015128,0.006256467727242276,VSL,VSL_2015_USD,8705114.0,54463.26480296491,151050052.50248697
PM25_MAIN,PM25,p50,Mortality,All-cause mortality,254,14.512622601658936,13.061360341493044,1.4512622601658922,9380,6.44018355644251e-05,0.008066,5e-05,1.011774663342509,0.01163763411865859,0.6040892175943074,0.007030169289389286,VSL,VSL_2015_USD,8705114.0,61198.425103432724,169729548.13461342
PM25_MAIN,PM25,p50,Mortality,All-cause mortality,255,14.747868572444222,13.2730817151998,1.474786857244423,9380,6.44018355644251e-05,0.008066,5e-05,1.0119666651933914,0.011825157492815652,0.6040892175943074,0.00714345013776447,VSL,VSL_2015_USD,8705114.0,62184.54780255542,172464490.41204128
PM25_MAIN,PM25,p50,Mortality,All-cause mortality,256,14.629658787814996,13.166692909033497,1.4629658787815014,9380,6.44018355644251e-05,0.008066,5e-05,1.011870180783241,0.011730932493783874,0.6040892175943074,0.007086529831821539,VSL,VSL_2015_USD,8705114.0,61689.05005040733,171090262.08130118
PM25_MAIN,PM25,p50,Mortality,All-cause mortality,257,14.467579281076684,13.020821352969014,1.4467579281076688,9380,6.44018355644251e-05,0.008066,5e-05,1.0117379042715056,0.011601724341797293,0.6040892175943074,0.007008476580381158,VSL,VSL_2015_USD,8705114.0,61009.58759854814,169205820.53344136
PM25_MAIN,PM25,p50,Mortality,All-cause mortality,258,14.685432658981725,13.216889393083552,1.4685432658981696,9380,6.44018355644251e-05,0.008066,5e-05,1.0119157030179255,0.011775390956369591,0.6040892175943074,0.00711338670970039,VSL,VSL_2015_USD,8705114.0,61922.8422340268,171738668.33711693
PM25_MAIN,PM25,p50,Mortality,All-cause mortality,259,14.500579531578763,13.050521578420888,1.4500579531578754,4854,6.44018355644251e-05,0.008066,5e-05,1.0117648350715411,0.011628033178983976,0.31260650982971944,0.003634998868266358,VSL,VSL_2015_USD,8705114.0,31643.07953812963,87759866.08343485
PM25_MAIN,PM25,p50,Mortality,All-cause mortality,294,14.975031262249246,13.477528136024322,1.497503126224924,1103,6.44018355644251e-05,0.008066,5e-05,1.0121521042526052,0.012006203614602473,0.07103522462756089,0.0008528633706875201,VSL,VSL_2015_USD,8705114.0,7424.2728682591205,20590701.101015892
PM25_MAIN,PM25,p50,Mortality,All-cause mortality,295,14.551768028703556,13.0965912258332,1.455176802870355,6166,6.44018355644251e-05,0.008066,5e-05,1.0118066103297987,0.011668840872615327,0.3971017180902452,0.004633716758637222,VSL,VSL_2015_USD,8705114.0,40337.0326276475,111871936.40049641
PM25_MAIN,PM25,p50,Mortality,All-cause mortality,296,14.26990741956418,12.842916677607764,1.426990741956418,9345,6.44018355644251e-05,0.008066,5e-05,1.0115766034910385,0.011444119457771684,0.6018351533495525,0.0068874733888186195,VSL,VSL_2015_USD,8705114.0,59956.241021632406,166284437.53662595
PM25_MAIN,PM25,p50,Mortality,All-cause mortality,297,14.457072263277064,13.01136503694936,1.4457072263277055,9380,6.44018355644251e-05,0.008066,5e-05,1.0117293298690067,0.011593347669900278,0.6040892175943074,0.007003416323208846,VSL,VSL_2015_USD,8705114.0,60965.53748299385,169083650.62145963
PM25_MAIN,PM25,p50,Mortality,All-cause mortality,298,14.538726591295667,13.0848539321661,1.4538726591295656,9380,6.44018355644251e-05,0.008066,5e-05,1.0117959669659937,0.011658444341664631,0.6040892175943074,0.007042740520722968,VSL,VSL_2015_USD,8705114.0,61307.8591053128,170033055.67844766
PM25_MAIN,PM25,p50,Mortality,All-cause mortality,299,14.967300278035149,13.470570250231637,1.4967300278035118,9380,6.44018355644251e-05,0.008066,5e-05,1.012145792682181,0.012000042651953091,0.6040892175943074,0.007249096376716661,VSL,VSL_2015_USD,8705114.0,63104.210356305484,175015110.1284883
PM25_MAIN,PM25,p50,Mortality,All-cause mortality,300,14.892023341433248,13.402821007289925,1.4892023341433251,6904,6.44018355644251e-05,0.008066,5e-05,1.01208433869801,0.011940051076727354,0.4446302727367909,0.005308908166736497,VSL,VSL_2015_USD,8705114.0,46214.65080697222,128173098.98758096
PM25_MAIN,PM25,p50,Mortality,All-cause mortality,301,14.536716807985702,13.083045127187132,1.4536716807985697,3775,6.44018355644251e-05,0.008066,5e-05,1.011794326753767,0.011656842148549895,0.24311692925570474,0.002833975667973922,VSL,VSL_2015_USD,8705114.0,24670.08126293914,68420743.4770733
PM25_MAIN,PM25,p50,Mortality,All-cause mortality,302,14.485395061401087,13.03685555526098,1.4485395061401078,3437,6.44018355644251e-05,0.008066,5e-05,1.0117524432605098,0.011615927728957143,0.22134910883492906,0.002571175251095605,VSL,VSL_2015_USD,8705114.0,22382.373674765866,62075946.62080589
PM25_MAIN,PM25,p50,Mortality,All-cause mortality,303,14.3784280324763,12.94058522922867,1.43784280324763,2651,6.44018355644251e-05,0.008066,5e-05,1.0116651534245311,0.011530646662133215,0.17072926608129094,0.001968618842068691,VSL,VSL_2015_USD,8705114.0,17137.05144275595,47528412.582882635
PM25_MAIN,PM25,p50,Mortality,All-cause mortality,304,14.918728998573725,13.426856098716351,1.4918728998573734,870,6.44018355644251e-05,0.008066,5e-05,1.0121061400219857,0.01196133443249614,0.056029596941049836,0.0006701887471298598,VSL,VSL_2015_USD,8705114.0,5834.069445282602,16180383.221630126
PM25_MAIN,PM25,p50,Mortality,All-cause mortality,337,15.214248421398269,13.69282357925844,1.5214248421398278,1314,6.44018355644251e-05,0.008066,5e-05,1.0123474204355793,0.012196821156779114,0.08462401193165459,0.0010321439390995329,VSL,VSL_2015_USD,8705114.0,8984.93065427049,24919076.224473406
PM25_MAIN,PM25,p50,Mortality,All-cause mortality,338,14.437463953444812,12.99371755810033,1.4437463953444816,7894,6.44018355644251e-05,0.008066,5e-05,1.0117133284210196,0.011577714844678844,0.5083880899455717,0.0058859723358207685,VSL,VSL_2015_USD,8705114.0,51238.060184166075,142105173.2565717
PM25_MAIN,PM25,p50,Mortality,All-cause mortality,339,14.933947444966984,13.440552700470285,1.4933947444966993,9380,6.44018355644251e-05,0.008066,5e-05,1.0121185639023753,0.011973462729159334,0.6040892175943074,0.007233039731952463,VSL,VSL_2015_USD,8705114.0,62964.43543317563,174627454.1634323
PM25_MAIN,PM25,p50,Mortality,All-cause mortality,340,14.535980736831656,13.08238266314849,1.4535980736831655,9380,6.44018355644251e-05,0.008066,5e-05,1.0117937260364838,0.011656255354224765,0.6040892175943074,0.007041418177013095,VSL,VSL_2015_USD,8705114.0,61296.347952571174,170001130.30209947
PM25_MAIN,PM25,p50,Mortality,All-cause mortality,341,14.39176536353995,12.952588827185956,1.439176536353994,9380,6.44018355644251e-05,0.008066,5e-05,1.01167603686676,0.011541280450727776,0.6040892175943074,0.0069719630775166175,VSL,VSL_2015_USD,8705114.0,60691.73339357299,168324274.14573714
PM25_MAIN,PM25,p50,Mortality,All-cause mortality,342,14.523355554378169,13.071019998940352,1.4523355554378163,9380,6.44018355644251e-05,0.008066,5e-05,1.011783422515699,0.011646190531962475,0.6040892175943074,0.007035338126407443,VSL,VSL_2015_USD,8705114.0,61243.420418923204,169854339.49245417
PM25_MAIN,PM25,p50,Mortality,All-cause mortality,343,14.913511673494137,13.422160506144722,1.4913511673494124,9380,6.44018355644251e-05,0.008066,5e-05,1.0121018807903372,0.011957176466154795,0.6040892175943074,0.0072232013760765166,VSL,VSL_2015_USD,8705114.0,62878.79142370295,174389926.49824044
PM25_MAIN,PM25,p50,Mortality,All-cause mortality,344,15.010707628895824,13.50963686600624,1.501070762889583,9380,6.44018355644251e-05,0.008066,5e-05,1.0121812309247478,0.012034634265662758,0.6040892175943074,0.007269992797577858,VSL,VSL_2015_USD,8705114.0,63286.11608209418,175519612.92556244
PM25_MAIN,PM25,p50,Mortality,All-cause mortality,345,14.461753561748152,13.015578205573338,1.4461753561748143,9159,6.44018355644251e-05,0.008066,5e-05,1.0117331501007572,0.011597079822469714,0.5898564119345695,0.006840611893000779,VSL,VSL_2015_USD,8705114.0,59548.30635832759,165153059.30337647
PM25_MAIN,PM25,p50,Mortality,All-cause mortality,346,14.525428500857153,13.07288565077144,1.4525428500857132,3601,6.44018355644251e-05,0.008066,5e-05,1.0117851142580807,0.01164784309633038,0.23191100986749477,0.0027012630552481053,VSL,VSL_2015_USD,8705114.0,23514.802839923053,65216659.64032779
PM25_MAIN,PM25,p50,Mortality,All-cause mortality,347,14.751107688823758,13.275996919941385,1.4751107688823757,227,6.44018355644251e-05,0.008066,5e-05,1.0119693091330793,0.011827739265465542,0.014619216673124498,0.00017291228307506315,VSL,VSL_2015_USD,8705114.0,1505.2211361686952,4174625.4556843443
PM25_MAIN,PM25,p50,Mortality,All-cause mortality,348,14.583423393797858,13.125081054418072,1.4583423393797847,3432,6.44018355644251e-05,0.008066,5e-05,1.011832445337857,0.011694075824882466,0.22102709965710696,0.002584707662744062,VSL,VSL_2015_USD,8705114.0,22500.174860860614,62402659.964356646
PM25_MAIN,PM25,p50,Mortality,All-cause mortality,349,14.807953196562002,13.3271578769058,1.4807953196562007,3186,6.44018355644251e-05,0.008066,5e-05,1.0120157105952168,0.011873047492661715,0.20518424810825836,0.0024361623225354363,VSL,VSL_2015_USD,8705114.0,21207.070740175743,58816326.20292561
PM25_MAIN,PM25,p50,Mortality,All-cause mortality,350,15.189518554894414,13.670566699404974,1.5189518554894406,4386,6.44018355644251e-05,0.008066,5e-05,1.0123272272312984,0.012177117141275784,0.2824664507855685,0.0034396270596962785,VSL,VSL_2015_USD,8705114.0,29942.34567214091,83042999.75748576
PM25_MAIN,PM25,p50,Mortality,All-cause mortality,351,14.677068732168872,13.209361858951986,1.467706873216887,3394,6.44018355644251e-05,0.008066,5e-05,1.011908876310162,0.011768724031344324,0.2185798299056588,0.0025724056969778815,VSL,VSL_2015_USD,8705114.0,22393.084846441914,62105653.30566739
PM25_MAIN,PM25,p50,Mortality,All-cause mortality,352,14.814924437537307,13.33343199378358,1.48149244375373,1255,6.44018355644251e-05,0.008066,5e-05,1.0120214011785629,0.011878603717829672,0.0808243036333535,0.0009600798736301471,VSL,VSL_2015_USD,8705114.0,8357.604749056025,23179231.73917445
PM25_MAIN,PM25,p50,Mortality,All-cause mortality,353,14.875033960351736,13.38753056431656,1.487503396035175,3,6.44018355644251e-05,0.008066,5e-05,1.0120704695588947,0.011926510971272175,0.0001932055066932753,2.3042675952875473e-06,VSL,VSL_2015_USD,8705114.0,20.058912103483962,55631.98859516552
PM25_MAIN,PM25,p50,Mortality,All-cause mortality,360,15.903242548505457,14.31291829365491,1.590324254850545,2764,6.44018355644251e-05,0.008066,5e-05,1.0129101814474848,0.012745633012628654,0.178006673500071,0.002268807734230715,VSL,VSL_2015_USD,8705114.0,19750.229970560078,54775880.30725043
PM25_MAIN,PM25,p50,Mortality,All-cause mortality,361,15.140815401849457,13.62673386166451,1.5140815401849448,2224,6.44018355644251e-05,0.008066,5e-05,1.0122874597868274,0.012138310781223183,0.14322968229528144,0.0017385663967959858,VSL,VSL_2015_USD,8705114.0,15134.418680678291,41974250.80155359
PM25_MAIN,PM25,p50,Mortality,All-cause mortality,379,14.457656003398364,13.011890403058528,1.4457656003398365,5837,6.44018355644251e-05,0.008066,5e-05,1.0117298062365945,0.011593813055905344,0.3759135141895493,0.004358271008702056,VSL,VSL_2015_USD,8705114.0,37939.245973646386,105221842.9606901
PM25_MAIN,PM25,p50,Mortality,All-cause mortality,380,14.109404417202551,12.698463975482298,1.4109404417202531,9380,6.44018355644251e-05,0.008066,5e-05,1.0114456515191308,0.011316131026852694,0.6040892175943074,0.006835952738206111,VSL,VSL_2015_USD,8705114.0,59507.74788469635,165040573.2158534
PM25_MAIN,PM25,p50,Mortality,All-cause mortality,381,14.682742133354177,13.21446792001876,1.468274213335416,9380,6.44018355644251e-05,0.008066,5e-05,1.011913506983141,0.011773246330765375,0.6040892175943074,0.007112091164497106,VSL,VSL_2015_USD,8705114.0,61911.56436534006,171707389.95776507
PM25_MAIN,PM25,p50,Mortality,All-cause mortality,382,14.560225944184555,13.1042033497661,1.4560225944184566,9380,6.44018355644251e-05,0.008066,5e-05,1.0118135130544927,0.011675583397606326,0.6040892175943074,0.007053094039617091,VSL,VSL_2015_USD,8705114.0,61397.987667587295,170283020.93691662
PM25_MAIN,PM25,p50,Mortality,All-cause mortality,383,14.774187440018649,13.296768696016784,1.477418744001863,9380,6.44018355644251e-05,0.008066,5e-05,1.011988148257931,0.01184613503484977,0.6040892175943074,0.007156122444718911,VSL,VSL_2015_USD,8705114.0,62294.86167923682,172770438.22704577
PM25_MAIN,PM25,p50,Mortality,All-cause mortality,384,14.73917422124516,13.265256799120644,1.473917422124515,9380,6.44018355644251e-05,0.008066,5e-05,1.0119595684340068,0.011818227533056613,0.6040892175943074,0.007139263823795672,VSL,VSL_2015_USD,8705114.0,62148.10546221724,172363420.13207716
PM25_MAIN,PM25,p50,Mortality,All-cause mortality,385,14.430422751004985,12.987380475904484,1.443042275100499,9380,6.44018355644251e-05,0.008066,5e-05,1.0117075824783741,0.01157210114971563,0.6040892175943074,0.006990581529453901,VSL,VSL_2015_USD,8705114.0,60853.80914019056,168773779.8836787
PM25_MAIN,PM25,p50,Mortality,All-cause mortality,386,14.494041229571724,13.044637106614552,1.4494041229571728,9380,6.44018355644251e-05,0.008066,5e-05,1.011759499245891,0.011622820694696556,0.6040892175943074,0.0070212206596981675,VSL,VSL_2015_USD,8705114.0,61120.526261827756,169513501.15034094
PM25_MAIN,PM25,p50,Mortality,All-cause mortality,387,14.67500820500394,13.207507384503549,1.4675008205003923,9371,6.44018355644251e-05,0.008066,5e-05,1.0119071944975433,0.01176708156863715,0.6035096010742276,0.007101546703296102,VSL,VSL_2015_USD,8705114.0,61819.77362851675,171452814.7745372
PM25_MAIN,PM25,p50,Mortality,All-cause mortality,388,14.506031341910578,13.05542820771952,1.4506031341910577,9205,6.44018355644251e-05,0.008066,5e-05,1.0117692842465784,0.011632379466176901,0.5928188963705331,0.006895894357302241,VSL,VSL_2015_USD,8705114.0,60029.54651227274,166487745.18353257
PM25_MAIN,PM25,p50,Mortality,All-cause mortality,389,14.443634065396752,12.999270658857077,1.4443634065396758,9380,6.44018355644251e-05,0.008066,5e-05,1.0117183635408864,0.011582634024624672,0.6040892175943074,0.0069969443256167226,VSL,VSL_2015_USD,8705114.0,60909.19800614669,168927397.0261874
PM25_MAIN,PM25,p50,Mortality,All-cause mortality,390,14.830691613484124,13.347622452135711,1.4830691613484124,9380,6.44018355644251e-05,0.008066,5e-05,1.0120342719503508,0.011891170372282822,0.6040892175943074,0.007183327806472939,VSL,VSL_2015_USD,8705114.0,62531.68745471688,173427257.9375354
PM25_MAIN,PM25,p50,Mortality,All-cause mortality,391,14.516399292384357,13.06475936314592,1.4516399292384357,9380,6.44018355644251e-05,0.008066,5e-05,1.0117777454948493,0.011640644941334433,0.6040892175943074,0.007031988094903851,VSL,VSL_2015_USD,8705114.0,61214.25801278084,169773459.60038677
PM25_MAIN,PM25,p50,Mortality,All-cause mortality,392,14.43702794885333,12.993325153967996,1.4437027948853345,9380,6.44018355644251e-05,0.008066,5e-05,1.01171297262042,0.011577367234980152,0.6040892175943074,0.006993762714781131,VSL,VSL_2015_USD,8705114.0,60881.501721119224,168850583.3184037
PM25_MAIN,PM25,p50,Mortality,All-cause mortality,393,14.683365409152508,13.215028868237257,1.4683365409152511,9380,6.44018355644251e-05,0.008066,5e-05,1.011914015706856,0.011773743146085147,0.6040892175943074,0.0071123912852749166,VSL,VSL_2015_USD,8705114.0,61914.17695092467,171714635.781003
PM25_MAIN,PM25,p50,Mortality,All-cause mortality,394,14.578381053355024,13.12054294801952,1.4578381053355027,6975,6.44018355644251e-05,0.008066,5e-05,1.0118283300700732,0.011690056226488665,0.44920280306186505,0.005251206024889517,VSL,VSL_2015_USD,8705114.0,45712.34708415008,126779994.77359435
PM25_MAIN,PM25,p50,Mortality,All-cause mortality,395,15.035377572519,13.5318398152671,1.5035377572519,3089,6.44018355644251e-05,0.008066,5e-05,1.0122013722932597,0.012054293372094627,0.19893727005850914,0.0023980482159288857,VSL,VSL_2015_USD,8705114.0,20875.283097157568,57896136.40014971
PM25_MAIN,PM25,p50,Mortality,All-cause mortality,396,15.177548709979044,13.65979383898114,1.517754870997905,756,6.44018355644251e-05,0.008066,5e-05,1.012317453383711,0.012167579786893312,0.048687787686705376,0.0005924125413253094,VSL,VSL_2015_USD,8705114.0,5157.018707266529,14302630.39329421
PM25_MAIN,PM25,p50,Mortality,All-cause mortality,397,14.762300477396678,13.286070429657013,1.4762300477396677,269,6.44018355644251e-05,0.008066,5e-05,1.0119784453377423,0.011836660546405753,0.01732409376683035,0.00020505941719207464,VSL,VSL_2015_USD,8705114.0,1785.0656034305696,4950754.496522444
PM25_MAIN,PM25,p50,Mortality,All-cause mortality,398,15.119546878870317,13.607592190983285,1.5119546878870302,1076,6.44018355644251e-05,0.008066,5e-05,1.0122700939514349,0.012121363680258623,0.0692963750673214,0.000839966563914609,VSL,VSL_2015_USD,8705114.0,7312.004695064958,20279333.181434005
PM25_MAIN,PM25,p50,Mortality,All-cause mortality,400,15.764778786038454,14.18830090743461,1.5764778786038445,746,6.44018355644251e-05,0.008066,5e-05,1.0127970610217696,0.01263536547870614,0.04804376933106112,0.0006070505844726105,VSL,VSL_2015_USD,8705114.0,5284.444541600705,14656037.025011642
PM25_MAIN,PM25,p50,Mortality,All-cause mortality,401,14.580532004246432,13.12247880382179,1.4580532004246418,9240,6.44018355644251e-05,0.008066,5e-05,1.0118300855502291,0.011691770900245535,0.5950729606152879,0.006957456724444781,VSL,VSL_2015_USD,8705114.0,60565.453936358404,167974046.91071448
PM25_MAIN,PM25,p50,Mortality,All-cause mortality,402,14.01685497812696,12.615169480314266,1.4016854978126947,8169,6.44018355644251e-05,0.008066,5e-05,1.011370149537526,0.011242322647870506,0.5260985947257887,0.005914570146498581,VSL,VSL_2015_USD,8705114.0,51487.00738626684,142795610.89529404
PM25_MAIN,PM25,p50,Mortality,All-cause mortality,403,15.23792487978262,13.71413239180436,1.5237924879782607,73,6.44018355644251e-05,0.008066,5e-05,1.0123667538555348,0.012215685480026717,0.004701333996203033,5.7430017434173365e-05,VSL,VSL_2015_USD,8705114.0,499.93484878646666,1386534.30766985
PM25_MAIN,PM25,p50,Mortality,All-cause mortality,420,14.591086073016184,13.131977465714565,1.4591086073016193,4864,6.44018355644251e-05,0.008066,5e-05,1.0118386992072381,0.011700184245288847,0.3132505281853637,0.0036650888947028022,VSL,VSL_2015_USD,8705114.0,31905.01664852189,88486330.32351007
PM25_MAIN,PM25,p50,Mortality,All-cause mortality,421,14.532133037163591,13.078919733447233,1.4532133037163586,9380,6.44018355644251e-05,0.008066,5e-05,1.0117905858843323,0.011653187970737,0.6040892175943074,0.007039565203721909,VSL,VSL_2015_USD,8705114.0,61280.21760883245,169956393.92286417
PM25_MAIN,PM25,p50,Mortality,All-cause mortality,422,14.87590007388018,13.388310066492162,1.4875900073880182,9380,6.44018355644251e-05,0.008066,5e-05,1.0120711765988304,0.011927201246256902,0.6040892175943074,0.00720509366894118,VSL,VSL_2015_USD,8705114.0,62721.16176881123,173952751.6844741
PM25_MAIN,PM25,p50,Mortality,All-cause mortality,423,14.52608042569521,13.073472383125688,1.452608042569521,9380,6.44018355644251e-05,0.008066,5e-05,1.01178564629791,0.0116483628138363,0.6040892175943074,0.007036650378464996,VSL,VSL_2015_USD,8705114.0,61254.84372268093,169886021.22579497
PM25_MAIN,PM25,p50,Mortality,All-cause mortality,424,14.107851105405034,12.697065994864529,1.4107851105405054,9380,6.44018355644251e-05,0.008066,5e-05,1.0114443842783571,0.011314892302776047,0.6040892175943074,0.006835204438347834,VSL,VSL_2015_USD,8705114.0,59501.23384912386,165022506.99417558
PM25_MAIN,PM25,p50,Mortality,All-cause mortality,425,14.27108808180841,12.84397927362757,1.42710880818084,9380,6.44018355644251e-05,0.008066,5e-05,1.0115775668383193,0.011445060881001057,0.6040892175943074,0.006913837872923143,VSL,VSL_2015_USD,8705114.0,60185.74686131348,166920955.91757262
PM25_MAIN,PM25,p50,Mortality,All-cause mortality,426,14.581804420020854,13.123623978018768,1.4581804420020852,9380,6.44018355644251e-05,0.008066,5e-05,1.011831124022904,0.011692785230666858,0.6040892175943074,0.007063485481491816,VSL,VSL_2015_USD,8705114.0,61488.446353731146,170533901.77082857
PM25_MAIN,PM25,p50,Mortality,All-cause mortality,427,15.018935581211332,13.517042023090198,1.501893558121134,9380,6.44018355644251e-05,0.008066,5e-05,1.0121879484561416,0.012041191040390808,0.6040892175943074,0.007273953674493268,VSL,VSL_2015_USD,8705114.0,63320.595967182795,175615240.47326377
PM25_MAIN,PM25,p50,Mortality,All-cause mortality,428,14.156662043490975,12.74099583914188,1.4156662043490975,9380,6.44018355644251e-05,0.008066,5e-05,1.0114842065406708,0.011353816961658159,0.6040892175943074,0.006858718405077054,VSL,VSL_2015_USD,8705114.0,59705.92561009394,165590205.2648028
PM25_MAIN,PM25,p50,Mortality,All-cause mortality,429,14.694190952581236,13.224771857323113,1.4694190952581234,9380,6.44018355644251e-05,0.008066,5e-05,1.011922851660558,0.01178237218478928,0.6040892175943074,0.007117603994514287,VSL,VSL_2015_USD,8705114.0,61959.55417910224,171840486.34694752
PM25_MAIN,PM25,p50,Mortality,All-cause mortality,430,14.656875718829175,13.191188146946258,1.4656875718829188,9380,6.44018355644251e-05,0.008066,5e-05,1.0118923947918048,0.011752627900965207,0.6040892175943074,0.0070996357933711,VSL,VSL_2015_USD,8705114.0,61803.13893977587,171406679.62974256
PM25_MAIN,PM25,p50,Mortality,All-cause mortality,431,14.354628732076083,12.919165858868476,1.435462873207609,9380,6.44018355644251e-05,0.008066,5e-05,1.0116457331649287,0.011511671312540384,0.6040892175943074,0.0069540765163953544,VSL,VSL_2015_USD,8705114.0,60536.02883994443,167892438.46556708
PM25_MAIN,PM25,p50,Mortality,All-cause mortality,432,14.637388990619316,13.173650091557384,1.4637388990619318,9380,6.44018355644251e-05,0.008066,5e-05,1.0118764899972252,0.01173709451166094,0.6040892175943074,0.007090252240379697,VSL,VSL_2015_USD,8705114.0,61721.454041260666,171180132.28165355
PM25_MAIN,PM25,p50,Mortality,All-cause mortality,433,14.394165157416497,12.954748641674849,1.43941651574165,9380,6.44018355644251e-05,0.008066,5e-05,1.0116779951433943,0.011543193782463379,0.6040892175943074,0.006973118900587777,VSL,VSL_2015_USD,8705114.0,60701.79496517126,168352179.21025494
PM25_MAIN,PM25,p50,Mortality,All-cause mortality,434,14.615334145206488,13.15380073068584,1.4615334145206482,9380,6.44018355644251e-05,0.008066,5e-05,1.0118584894429394,0.011719513713293828,0.6040892175943074,0.007079631869649425,VSL,VSL_2015_USD,8705114.0,61629.00250333138,170923724.41281435
PM25_MAIN,PM25,p50,Mortality,All-cause mortality,435,14.624066836384612,13.161660152746151,1.462406683638461,9379,6.44018355644251e-05,0.008066,5e-05,1.0118656167854394,0.011726474927703179,0.604024815758743,0.007083081857705432,VSL,VSL_2015_USD,8705114.0,61659.03504265756,171007017.55835775
PM25_MAIN,PM25,p50,Mortality,All-cause mortality,436,14.65915337297492,13.19323803567743,1.4659153372974902,9379,6.44018355644251e-05,0.008066,5e-05,1.0118942537975288,0.011754443463722564,0.604024815758743,0.0070999755475215824,VSL,VSL_2015_USD,8705114.0,61806.09653838779,171414882.32246083
PM25_MAIN,PM25,p50,Mortality,All-cause mortality,437,15.137068692616362,13.623361823354726,1.513706869261636,9289,6.44018355644251e-05,0.008066,5e-05,1.0122844005619036,0.012135325364181049,0.5982286505579447,0.007259699316695628,VSL,VSL_2015_USD,8705114.0,63196.51015755754,175271097.1662748
PM25_MAIN,PM25,p50,Mortality,All-cause mortality,438,14.67508057048648,13.207572513437832,1.4675080570486472,8853,6.44018355644251e-05,0.008066,5e-05,1.0119072535625662,0.011767139251789183,0.5701494502518554,0.0067090279754446315,VSL,VSL_2015_USD,8705114.0,58402.853355434716,161976225.5815633
PM25_MAIN,PM25,p50,Mortality,All-cause mortality,439,15.063129814029638,13.556816832626676,1.5063129814029637,8857,6.44018355644251e-05,0.008066,5e-05,1.0122240306320707,0.012076408247725046,0.5704070575941131,0.006888468494890123,VSL,VSL_2015_USD,8705114.0,59964.903533426936,166308462.40671226
PM25_MAIN,PM25,p50,Mortality,All-cause mortality,440,15.282164585534154,13.753948126980738,1.528216458553416,8213,6.44018355644251e-05,0.008066,5e-05,1.0124028795388518,0.01225093269637989,0.5289322754906234,0.006479913707978693,VSL,VSL_2015_USD,8705114.0,56408.38753811723,156444714.24984047
PM25_MAIN,PM25,p50,Mortality,All-cause mortality,441,19.17487161221961,17.257384450997655,1.917487161221956,9110,6.44018355644251e-05,0.008066,5e-05,1.0155866760186985,0.015347460129943036,0.5867007219919127,0.009004365938979674,VSL,VSL_2015_USD,8705114.0,78384.03199653511,217392625.86015037
PM25_MAIN,PM25,p50,Mortality,All-cause mortality,442,21.11484343586332,19.003359092276987,2.11148434358633,9379,6.44018355644251e-05,0.008066,5e-05,1.017177091031689,0.016887021132443003,0.604024815758743,0.010200179828237885,VSL,VSL_2015_USD,8705114.0,88793.7282253112,246263189.67192483
PM25_MAIN,PM25,p50,Mortality,All-cause mortality,443,14.284132281459296,12.855719053313369,1.4284132281459296,9374,6.44018355644251e-05,0.008066,5e-05,1.0115882101585565,0.011455461859070315,0.6037028065809209,0.006915694475001443,VSL,VSL_2015_USD,8705114.0,60201.90879405771,166965779.90670347
PM25_MAIN,PM25,p50,Mortality,All-cause mortality,444,14.754074268797218,13.278666841917495,1.4754074268797217,4839,6.44018355644251e-05,0.008066,5e-05,1.0119717306200655,0.0118301038041152,0.3116404822962531,0.003686739255129199,VSL,VSL_2015_USD,8705114.0,32093.48550417476,89009035.50184341
PM25_MAIN,PM25,p50,Mortality,All-cause mortality,445,15.357020194510564,13.821318175059506,1.5357020194510564,6092,6.44018355644251e-05,0.008066,5e-05,1.0124640087861672,0.012310569736804777,0.3923359822584777,0.0048298794698507915,VSL,VSL_2015_USD,8705114.0,42044.651391310705,116607897.50820284
PM25_MAIN,PM25,p50,Mortality,All-cause mortality,446,14.259758669774852,12.83378280279737,1.425975866977483,858,6.44018355644251e-05,0.008066,5e-05,1.0115683227774883,0.011436027124420933,0.05525677491427674,0.000631917976727691,VSL,VSL_2015_USD,8705114.0,5500.918026063897,15256411.081026392
PM25_MAIN,PM25,p50,Mortality,All-cause mortality,461,14.616807121514812,13.155126409363332,1.4616807121514803,2433,6.44018355644251e-05,0.008066,5e-05,1.011859691635447,0.011720687891300874,0.15668966592824626,0.001836510670137175,VSL,VSL_2015_USD,8705114.0,15987.034745760506,44338921.77493456
PM25_MAIN,PM25,p50,Mortality,All-cause mortality,462,14.33566601335388,12.902099412018494,1.4335666013353876,7924,6.44018355644251e-05,0.008066,5e-05,1.0116302598290232,0.011496551942790645,0.5103201450125044,0.005866922054588711,VSL,VSL_2015_USD,8705114.0,51072.225314308955,141645241.8534639
PM25_MAIN,PM25,p50,Mortality,All-cause mortality,463,14.449354269586248,13.004418842627624,1.444935426958624,8501,6.44018355644251e-05,0.008066,5e-05,1.0117230315359076,0.011587194489494634,0.5474800041331778,0.0063437572870004575,VSL,VSL_2015_USD,8705114.0,55223.1303716697,153157486.4666999
PM25_MAIN,PM25,p50,Mortality,All-cause mortality,464,14.428000051499316,12.985200046349384,1.442800005149932,8783,6.44018355644251e-05,0.008066,5e-05,1.0117056054525189,0.011570169612021841,0.5656413217623456,0.006544566032358559,VSL,VSL_2015_USD,8705114.0,56971.193392208945,158005616.88975406
PM25_MAIN,PM25,p50,Mortality,All-cause mortality,465,14.572319549988167,13.115087594989353,1.4572319549988162,9379,6.44018355644251e-05,0.008066,5e-05,1.011823383042378,0.011685224161184116,0.604024815758743,0.007058165371058848,VSL,VSL_2015_USD,8705114.0,61442.13418591957,170405458.2152549
PM25_MAIN,PM25,p50,Mortality,All-cause mortality,466,14.72588685629937,13.253298170669431,1.4725886856299368,9379,6.44018355644251e-05,0.008066,5e-05,1.0119487227258277,0.011807636550636769,0.604024815758743,0.007132105492044574,VSL,VSL_2015_USD,8705114.0,62085.79136827411,172190596.35451245
PM25_MAIN,PM25,p50,Mortality,All-cause mortality,467,14.27819537078214,12.850375833703929,1.4278195370782123,9379,6.44018355644251e-05,0.008066,5e-05,1.0115833659654003,0.011450727992493026,0.604024815758743,0.006916523865969081,VSL,VSL_2015_USD,8705114.0,60209.12873698157,166985803.91300678
PM25_MAIN,PM25,p50,Mortality,All-cause mortality,468,14.43593062675929,12.992337564083362,1.4435930626759284,6428,6.44018355644251e-05,0.008066,5e-05,1.0117120771536632,0.01157649238171965,0.41397499900812457,0.004792378422239954,VSL,VSL_2015_USD,8705114.0,41718.20049673894,115702508.80367066
PM25_MAIN,PM25,p50,Mortality,All-cause mortality,469,14.684957218327884,13.216461496495096,1.468495721832788,3998,6.44018355644251e-05,0.008066,5e-05,1.0119153149580105,0.011775011981615235,0.25747853858657155,0.003031812876865661,VSL,VSL_2015_USD,8705114.0,26392.276719783542,73197132.02294926
PM25_MAIN,PM25,p50,Mortality,All-cause mortality,470,14.301219705603303,12.871097735042976,1.4301219705603287,1575,6.44018355644251e-05,0.008066,5e-05,1.011602152687967,0.011469086594110722,0.10143289101396953,0.0011633426105302118,VSL,VSL_2015_USD,8705114.0,10127.030045723095,28086608.9397098
PM25_MAIN,PM25,p50,Mortality,All-cause mortality,471,14.654471406541722,13.18902426588755,1.465447140654172,5971,6.44018355644251e-05,0.008066,5e-05,1.0118904324122777,0.011750711372902067,0.38454336015518226,0.004518658035549476,VSL,VSL_2015_USD,8705114.0,39335.43332647424,109094070.85064344
PM25_MAIN,PM25,p50,Mortality,All-cause mortality,472,15.162054825625678,13.645849343063109,1.5162054825625688,9252,6.44018355644251e-05,0.008066,5e-05,1.0123048021599081,0.012155234405343163,0.595845782642061,0.007242645157449404,VSL,VSL_2015_USD,8705114.0,63048.05175714501,174859358.18481869
PM25_MAIN,PM25,p50,Mortality,All-cause mortality,473,14.437427600590674,12.993684840531609,1.4437427600590669,9380,6.44018355644251e-05,0.008066,5e-05,1.011713298755347,0.011577685861950515,0.6040892175943074,0.006993955193898361,VSL,VSL_2015_USD,8705114.0,60883.17727377734,168855230.34641227
PM25_MAIN,PM25,p50,Mortality,All-cause mortality,474,14.347900001608972,12.913110001448077,1.4347900001608966,9379,6.44018355644251e-05,0.008066,5e-05,1.0116402425798514,0.011506306382362608,0.604024815758743,0.006950094592670223,VSL,VSL_2015_USD,8705114.0,60501.36573997786,167796302.78422678
PM25_MAIN,PM25,p50,Mortality,All-cause mortality,475,14.928507044103537,13.435656339693184,1.4928507044103512,9380,6.44018355644251e-05,0.008066,5e-05,1.0121141225057704,0.011969127034586302,0.6040892175943074,0.007230420585610113,VSL,VSL_2015_USD,8705114.0,62941.63546568279,174564220.04958862
PM25_MAIN,PM25,p50,Mortality,All-cause mortality,476,14.91936903583955,13.427432132255596,1.4919369035839534,9380,6.44018355644251e-05,0.008066,5e-05,1.012106662526023,0.01196184451133564,0.6040892175943074,0.007226021291837507,VSL,VSL_2015_USD,8705114.0,62903.339111872774,174458007.7930413
PM25_MAIN,PM25,p50,Mortality,All-cause mortality,477,14.942816429313083,13.448534786381776,1.494281642931309,9380,6.44018355644251e-05,0.008066,5e-05,1.0121258043438937,0.011980530771818487,0.6040892175943074,0.007237309460312354,VSL,VSL_2015_USD,8705114.0,63001.60390529752,174730538.3190693
PM25_MAIN,PM25,p50,Mortality,All-cause mortality,478,14.771512562804066,13.294361306523658,1.4771512562804077,9379,6.44018355644251e-05,0.008066,5e-05,1.0119859648392244,0.011844003035287765,0.604024815758743,0.007154071751235685,VSL,VSL_2015_USD,8705114.0,62277.01015868628,172720928.2844053
PM25_MAIN,PM25,p50,Mortality,All-cause mortality,479,14.549352167602567,13.094416950842314,1.454935216760255,9380,6.44018355644251e-05,0.008066,5e-05,1.0118046386913986,0.011666914975469789,0.6040892175943074,0.007047857539270853,VSL,VSL_2015_USD,8705114.0,61352.403335112256,170156595.98170036
PM25_MAIN,PM25,p50,Mortality,All-cause mortality,480,14.563185074023515,13.106866566621166,1.4563185074023508,9380,6.44018355644251e-05,0.008066,5e-05,1.0118159280883992,0.011677942361238203,0.6040892175943074,0.007054519064111805,VSL,VSL_2015_USD,8705114.0,61410.39266826657,170317425.33795053
PM25_MAIN,PM25,p50,Mortality,All-cause mortality,481,14.809541918408788,13.328587726567909,1.480954191840878,9380,6.44018355644251e-05,0.008066,5e-05,1.0120170074567783,0.011874313740020348,0.6040892175943074,0.007173144896678227,VSL,VSL_2015_USD,8705114.0,62443.044064102185,173181411.6987029
PM25_MAIN,PM25,p50,Mortality,All-cause mortality,482,21.94635158055097,19.751716422495875,2.194635158055096,9380,6.44018355644251e-05,0.008066,5e-05,1.0178595349112372,0.01754616850231161,0.6040892175943074,0.010599451202339301,VSL,VSL_2015_USD,8705114.0,92269.43105380068,255902808.16754243
PM25_MAIN,PM25,p50,Mortality,All-cause mortality,483,16.44402271958976,14.799620447630785,1.6444022719589757,9380,6.44018355644251e-05,0.008066,5e-05,1.0133521024424283,0.013176172832963573,0.6040892175943074,0.007959583937552334,VSL,VSL_2015_USD,8705114.0,69289.08556896195,192168428.58952612
PM25_MAIN,PM25,p50,Mortality,All-cause mortality,484,15.933223037574365,14.339900733816927,1.5933223037574358,9380,6.44018355644251e-05,0.008066,5e-05,1.0129346762035323,0.012769506768206762,0.6040892175943074,0.007713921352671236,VSL,VSL_2015_USD,8705114.0,67150.56476203732,186237390.82797715
PM25_MAIN,PM25,p50,Mortality,All-cause mortality,485,20.057226182209035,18.05150356398813,2.0057226182209043,9380,6.44018355644251e-05,0.008066,5e-05,1.0163097336364728,0.016047995110815894,0.6040892175943074,0.009694420810450044,VSL,VSL_2015_USD,8705114.0,84391.03831894003,234052637.40489784
PM25_MAIN,PM25,p50,Mortality,All-cause mortality,486,16.080378304002686,14.47234047360242,1.6080378304002654,9380,6.44018355644251e-05,0.008066,5e-05,1.0130549140641911,0.012886679569834136,0.6040892175943074,0.00778470417872965,VSL,VSL_2015_USD,8705114.0,67766.73733211798,187946302.31901595
PM25_MAIN,PM25,p50,Mortality,All-cause mortality,487,15.307590683697027,13.776831615327326,1.5307590683697008,7095,6.44018355644251e-05,0.008066,5e-05,1.012423642809364,0.012271189928842241,0.45693102332959606,0.005607087371657719,VSL,VSL_2015_USD,8705114.0,48810.33477824081,135372046.7840164
PM25_MAIN,PM25,p50,Mortality,All-cause mortality,488,14.8539423729429,13.368548135648613,1.4853942372942883,654,6.44018355644251e-05,0.008066,5e-05,1.0120532518823944,0.011909701253343674,0.04211880045913401,0.0005016223306174805,VSL,VSL_2015_USD,8705114.0,4366.679572970858,12110680.128064567
PM25_MAIN,PM25,p50,Mortality,All-cause mortality,503,14.703956016911285,13.233560415220156,1.4703956016911288,12,6.44018355644251e-05,0.008066,5e-05,1.011930822103188,0.011790155851158834,0.0007728220267731011,9.111692140863308e-06,VSL,VSL_2015_USD,8705114.0,79.31831881911916,219983.80496250963
PM25_MAIN,PM25,p50,Mortality,All-cause mortality,504,14.5356890275949,13.08212012483541,1.453568902759491,62,6.44018355644251e-05,0.008066,5e-05,1.0117934879688641,0.011656022804158561,0.003992913804994357,4.654149436605375e-05,VSL,VSL_2015_USD,8705114.0,405.14901418685565,1123652.430416251
PM25_MAIN,PM25,p50,Mortality,All-cause mortality,505,14.691197443087033,13.22207769877833,1.4691197443087027,3191,6.44018355644251e-05,0.008066,5e-05,1.0119204083102524,0.011779986066451142,0.2055062572860805,0.002420860847398552,VSL,VSL_2015_USD,8705114.0,21073.869654740996,58446902.31654832
PM25_MAIN,PM25,p50,Mortality,All-cause mortality,506,14.471957643720762,13.024761879348686,1.4471957643720756,7589,6.44018355644251e-05,0.008066,5e-05,1.0117414773185573,0.011605214950439757,0.4887455300984221,0.005671996932858812,VSL,VSL_2015_USD,8705114.0,49375.3799081863,136939159.89876112
PM25_MAIN,PM25,p50,Mortality,All-cause mortality,507,14.360190899217336,12.924171809295602,1.4360190899217322,3876,6.44018355644251e-05,0.008066,5e-05,1.011650271867056,0.011516106100139423,0.24962151464771168,0.0028746678475605547,VSL,VSL_2015_USD,8705114.0,25024.31132514925,69403175.75850868
PM25_MAIN,PM25,p50,Mortality,All-cause mortality,508,14.312792381203217,12.881513143082891,1.4312792381203234,3406,6.44018355644251e-05,0.008066,5e-05,1.011611595552706,0.011478314012763002,0.2193526519324319,0.0025177986184127584,VSL,VSL_2015_USD,8705114.0,21917.72400232556,60787273.27976978
PM25_MAIN,PM25,p50,Mortality,All-cause mortality,509,14.59349893079108,13.134149037711971,1.4593498930791071,45,6.44018355644251e-05,0.008066,5e-05,1.0118406684608432,0.011702107683470131,0.0028980826003991295,3.391367466546175e-05,VSL,VSL_2015_USD,8705114.0,295.22240412175637,818778.6722634027
PM25_MAIN,PM25,p50,Mortality,All-cause mortality,513,14.493527729079382,13.044174956171444,1.4493527729079378,3157,6.44018355644251e-05,0.008066,5e-05,1.0117590801858196,0.01162241131916486,0.20331659487689005,0.002363029093671223,VSL,VSL_2015_USD,8705114.0,20570.437645724676,57050668.879782185
PM25_MAIN,PM25,p50,Mortality,All-cause mortality,514,14.788109734283754,13.30929876085538,1.4788109734283754,8374,6.44018355644251e-05,0.008066,5e-05,1.0119995126678736,0.011857231666288048,0.5393009710164958,0.006394616551196687,VSL,VSL_2015_USD,8705114.0,55665.866064454,154385382.91913864
PM25_MAIN,PM25,p50,Mortality,All-cause mortality,515,14.381005026111376,12.94290452350024,1.438100502611137,8986,6.44018355644251e-05,0.008066,5e-05,1.0116672562770064,0.011532701295426384,0.5787148943819239,0.006674146012120957,VSL,VSL_2015_USD,8705114.0,58099.20188815831,161134069.4926749
PM25_MAIN,PM25,p50,Mortality,All-cause mortality,516,14.278244923593329,12.850420431233996,1.4278244923593313,4255,6.44018355644251e-05,0.008066,5e-05,1.0115834063976776,0.011450767504112225,0.2740298103266288,0.0031378516472461977,VSL,VSL_2015_USD,8705114.0,27315.356304365938,75757228.63521762
PM25_MAIN,PM25,p50,Mortality,All-cause mortality,517,14.816553705208076,13.334898334687267,1.4816553705208069,4378,6.44018355644251e-05,0.008066,5e-05,1.0120227311448724,0.011879902273807086,0.2819512361010531,0.0033495531308596195,VSL,VSL_2015_USD,8705114.0,29158.241853189906,80868342.70289248
PM25_MAIN,PM25,p50,Mortality,All-cause mortality,518,14.787259015318226,13.308533113786403,1.4787259015318224,7540,6.44018355644251e-05,0.008066,5e-05,1.0119988182442496,0.011856553612450638,0.48558984015576523,0.005757421973468166,VSL,VSL_2015_USD,8705114.0,50119.01462514536,139001578.7318169
PM25_MAIN,PM25,p50,Mortality,All-cause mortality,519,14.822700370366722,13.34043033333005,1.4822700370366722,9380,6.44018355644251e-05,0.008066,5e-05,1.0120277486649276,0.01188480126241076,0.6040892175943074,0.007179480295873553,VSL,VSL_2015_USD,8705114.0,62498.19443633301,173334367.39555904
PM25_MAIN,PM25,p50,Mortality,All-cause mortality,520,14.816626187972629,13.334963569175365,1.4816626187972624,9380,6.44018355644251e-05,0.008066,5e-05,1.0120227903123762,0.011879960043849502,0.6040892175943074,0.00717655576794068,VSL,VSL_2015_USD,8705114.0,62472.73608728116,173263760.4465482
PM25_MAIN,PM25,p50,Mortality,All-cause mortality,521,14.741674759669628,13.267507283702663,1.4741674759669632,9380,6.44018355644251e-05,0.008066,5e-05,1.011961609492022,0.011820220628751432,0.6040892175943074,0.007140467831414546,VSL,VSL_2015_USD,8705114.0,62158.586485796404,172392488.5173023
PM25_MAIN,PM25,p50,Mortality,All-cause mortality,522,14.832607654155264,13.349346888739738,1.483260765415526,9380,6.44018355644251e-05,0.008066,5e-05,1.012035836028672,0.011892697471961089,0.6040892175943074,0.0071842503109227724,VSL,VSL_2015_USD,8705114.0,62539.71796111818,173449529.984904
PM25_MAIN,PM25,p50,Mortality,All-cause mortality,523,14.96904963866631,13.472144674799678,1.4969049638666316,9380,6.44018355644251e-05,0.008066,5e-05,1.0121472208556037,0.012001436752782979,0.6040892175943074,0.007249938537996235,VSL,VSL_2015_USD,8705114.0,63111.54146625056,175035442.44874328
PM25_MAIN,PM25,p50,Mortality,All-cause mortality,524,15.333234134351075,13.79991072091597,1.5333234134351077,9380,6.44018355644251e-05,0.008066,5e-05,1.0124445840039533,0.012291619907470186,0.6040892175943074,0.007425235052870278,VSL,VSL_2015_USD,8705114.0,64637.5176120318,179267630.47073734
PM25_MAIN,PM25,p50,Mortality,All-cause mortality,525,16.807461198981006,15.126715079082906,1.6807461198980995,9380,6.44018355644251e-05,0.008066,5e-05,1.01364920962804,0.013465417324252216,0.6040892175943074,0.008134313415988354,VSL,VSL_2015_USD,8705114.0,70810.12559790805,196386926.6370061
PM25_MAIN,PM25,p50,Mortality,All-cause mortality,526,14.002111244794085,12.601900120314676,1.4002111244794089,9380,6.44018355644251e-05,0.008066,5e-05,1.0113581220965608,0.011230563979666486,0.6040892175943074,0.006784262607619539,VSL,VSL_2015_USD,8705114.0,59057.779405265355,163792617.13594508
PM25_MAIN,PM25,p50,Mortality,All-cause mortality,527,14.657942938549356,13.19214864469442,1.4657942938549358,9380,6.44018355644251e-05,0.008066,5e-05,1.0118932658488105,0.011753478603135026,0.6040892175943074,0.007100149693379272,VSL,VSL_2015_USD,8705114.0,61807.6124979316,171419086.73013842
PM25_MAIN,PM25,p50,Mortality,All-cause mortality,528,15.16501838246409,13.64851654421768,1.516501838246409,9380,6.44018355644251e-05,0.008066,5e-05,1.0123072219812062,0.0121575957515343,0.6040892175943074,0.007344272505372232,VSL,VSL_2015_USD,8705114.0,63932.72940633089,177312949.71740025
PM25_MAIN,PM25,p50,Mortality,All-cause mortality,529,14.956402045146238,13.460761840631614,1.4956402045146238,8735,6.44018355644251e-05,0.008066,5e-05,1.01213689543887,0.011991357585682483,0.5625500336552532,0.006745738613397857,VSL,VSL_2015_USD,8705114.0,58722.423643830276,162862531.4065082
PM25_MAIN,PM25,p50,Mortality,All-cause mortality,530,15.233345858285112,13.7100112724566,1.5233345858285112,5649,6.44018355644251e-05,0.008066,5e-05,1.0123630147478522,0.012212037152435351,0.3638059691034374,0.0044428120109689245,VSL,VSL_2015_USD,8705114.0,38675.185036053736,107262918.4345425
PM25_MAIN,PM25,p50,Mortality,All-cause mortality,531,15.175333489375385,13.657800140437846,1.5175333489375389,927,6.44018355644251e-05,0.008066,5e-05,1.0123156445796,0.012165814729371838,0.05970050156822207,0.0007263052413295626,VSL,VSL_2015_USD,8705114.0,6322.569924571354,17535205.10590393
PM25_MAIN,PM25,p50,Mortality,All-cause mortality,546,14.85343407261305,13.368090665351746,1.485343407261304,3,6.44018355644251e-05,0.008066,5e-05,1.0120528369456598,0.011909296141133119,0.0001932055066932753,2.3009415953078923e-06,VSL,VSL_2015_USD,8705114.0,20.029958894497067,55551.688896765
PM25_MAIN,PM25,p50,Mortality,All-cause mortality,547,14.54385613296421,13.08947051966779,1.45438561329642,544,6.44018355644251e-05,0.008066,5e-05,1.0118001532686394,0.011662533584837709,0.035034598547047255,0.000408592182186245,VSL,VSL_2015_USD,8705114.0,3556.841525440032,9864650.991901148
PM25_MAIN,PM25,p50,Mortality,All-cause mortality,555,14.73704051476771,13.26333646329094,1.473704051476771,86,6.44018355644251e-05,0.008066,5e-05,1.0119578268048737,0.011816526823681062,0.0055385578585405585,6.544651749995405e-05,VSL,VSL_2015_USD,8705114.0,569.7193957400949,1580076.8637274513
PM25_MAIN,PM25,p50,Mortality,All-cause mortality,556,14.70470351855434,13.234233166698909,1.4704703518554345,695,6.44018355644251e-05,0.008066,5e-05,1.0119314322317052,0.011790751677108968,0.04475927571727544,0.0005277455052296481,VSL,VSL_2015_USD,8705114.0,4594.084786011683,12741372.568068381
PM25_MAIN,PM25,p50,Mortality,All-cause mortality,559,14.691890347718749,13.222701312946874,1.4691890347718743,1595,6.44018355644251e-05,0.008066,5e-05,1.0119209738695654,0.011780538379375427,0.10272092772525804,0.0012101078314324517,VSL,VSL_2015_USD,8705114.0,10534.126624912276,29215662.80533045
PM25_MAIN,PM25,p50,Mortality,All-cause mortality,560,14.629093957305496,13.166184561574946,1.4629093957305503,8277,6.44018355644251e-05,0.008066,5e-05,1.0118697197830944,0.011730482245914664,0.5330539929667466,0.006252980400610341,VSL,VSL_2015_USD,8705114.0,54432.907227078686,150965857.89079684
PM25_MAIN,PM25,p50,Mortality,All-cause mortality,561,14.81439052699348,13.332951474294132,1.4814390526993488,9379,6.44018355644251e-05,0.008066,5e-05,1.0120209653493686,0.011878178181040755,0.604024815758743,0.007174714387352663,VSL,VSL_2015_USD,8705114.0,62456.706659345095,173219303.95022747
PM25_MAIN,PM25,p50,Mortality,All-cause mortality,562,14.76878845395352,13.291909608558168,1.476878845395353,9379,6.44018355644251e-05,0.008066,5e-05,1.011983741239113,0.011841831791131074,0.604024815758743,0.007152760265883973,VSL,VSL_2015_USD,8705114.0,62265.59352919029,172689265.06166223
PM25_MAIN,PM25,p50,Mortality,All-cause mortality,563,13.890914965114396,12.501823468602955,1.3890914965114387,9379,6.44018355644251e-05,0.008066,5e-05,1.011267416524754,0.011141876362905756,0.604024815758743,0.006729969817310843,VSL,VSL_2015_USD,8705114.0,58585.15447625006,162481824.9790662
PM25_MAIN,PM25,p50,Mortality,All-cause mortality,564,11.670833129603952,10.50374981664356,1.1670833129603937,9379,6.44018355644251e-05,0.008066,5e-05,1.0094581421841018,0.009369523894906417,0.604024815758743,0.005659424944367989,VSL,VSL_2015_USD,8705114.0,49265.939315167,136635634.0748636
PM25_MAIN,PM25,p50,Mortality,All-cause mortality,565,15.03390264443556,13.530512379992002,1.5033902644435564,9379,6.44018355644251e-05,0.008066,5e-05,1.012200168101292,0.012053118035118882,0.604024815758743,0.007280382400481065,VSL,VSL_2015_USD,8705114.0,63376.55875978133,175770449.3611403
PM25_MAIN,PM25,p50,Mortality,All-cause mortality,566,14.093414090109828,12.684072681098844,1.4093414090109828,9379,6.44018355644251e-05,0.008066,5e-05,1.0114326061817267,0.011303379099954158,0.604024815758743,0.006827521478301037,VSL,VSL_2015_USD,8705114.0,59434.352806059054,164837017.10290834
PM25_MAIN,PM25,p50,Mortality,All-cause mortality,567,13.21154531073496,11.890390779661464,1.3211545310734945,9379,6.44018355644251e-05,0.008066,5e-05,1.0107134144523153,0.010599853825152605,0.604024815758743,0.00640257475380741,VSL,VSL_2015_USD,8705114.0,55735.14312541544,154577517.99832094
PM25_MAIN,PM25,p50,Mortality,All-cause mortality,568,14.242217186793871,12.817995468114484,1.424221718679389,9379,6.44018355644251e-05,0.008066,5e-05,1.0115540102388316,0.011422039873188461,0.604024815758743,0.006899195529991677,VSL,VSL_2015_USD,8705114.0,60058.283596867965,166567445.47606152
PM25_MAIN,PM25,p50,Mortality,All-cause mortality,569,14.025216660870637,12.62269499478357,1.4025216660870647,9380,6.44018355644251e-05,0.008066,5e-05,1.0113769707801823,0.011248991334463554,0.6040892175943074,0.006795394373961232,VSL,VSL_2015_USD,8705114.0,59154.68270029116,164061371.6414685
PM25_MAIN,PM25,p50,Mortality,All-cause mortality,570,14.650818852449426,13.185736967204486,1.46508188524494,9380,6.44018355644251e-05,0.008066,5e-05,1.0118874512355394,0.011747799837842132,0.6040892175943074,0.007096719212496586,VSL,VSL_2015_USD,8705114.0,61777.74977077301,171336264.546755
PM25_MAIN,PM25,p50,Mortality,All-cause mortality,571,14.85079194424832,13.36571274982349,1.4850791944248307,9380,6.44018355644251e-05,0.008066,5e-05,1.0120506801209272,0.011907190378536492,0.6040892175943074,0.007193005319516575,VSL,VSL_2015_USD,8705114.0,62615.93130899821,173660902.3703149
PM25_MAIN,PM25,p50,Mortality,All-cause mortality,572,15.25170536552744,13.726534828974696,1.5251705365527446,5729,6.44018355644251e-05,0.008066,5e-05,1.0123780067185475,0.012226664977312951,0.3689581159485914,0.0045111272743640135,VSL,VSL_2015_USD,8705114.0,39269.87719184801,108912255.50018702
PM25_MAIN,PM25,p50,Mortality,All-cause mortality,573,15.416668772074424,13.875001894866982,1.541666877207442,2857,6.44018355644251e-05,0.008066,5e-05,1.0125127221758377,0.012358088843514414,0.18399604420756252,0.0022738394611722633,VSL,VSL_2015_USD,8705114.0,19794.031727203124,54897361.41317696
PM25_MAIN,PM25,p50,Mortality,All-cause mortality,601,14.3135572633938,12.88220153705442,1.4313557263393797,418,6.44018355644251e-05,0.008066,5e-05,1.0116122196706936,0.011478923884958303,0.02691996726592969,0.000309012255231176,VSL,VSL_2015_USD,8705114.0,2689.9869091844835,7460490.393539522
PM25_MAIN,PM25,p50,Mortality,All-cause mortality,602,14.442827291871426,12.998544562684284,1.444282729187142,5837,6.44018355644251e-05,0.008066,5e-05,1.0117177051719257,0.011581990818213983,0.3759135141895493,0.0043538268697859124,VSL,VSL_2015_USD,8705114.0,37900.55923774953,105114548.00675166
PM25_MAIN,PM25,p50,Mortality,All-cause mortality,603,15.055012287644477,13.549511058880029,1.5055012287644465,9379,6.44018355644251e-05,0.008066,5e-05,1.0122174030189621,0.012069939701217836,0.604024815758743,0.007290543104247241,VSL,VSL_2015_USD,8705114.0,63465.00884438612,176015759.47928578
PM25_MAIN,PM25,p50,Mortality,All-cause mortality,604,14.31440261307974,12.882962351771766,1.4314402613079746,9379,6.44018355644251e-05,0.008066,5e-05,1.0116129094478827,0.011479597916776996,0.604024815758743,0.006933962016665675,VSL,VSL_2015_USD,8705114.0,60360.9298267446,167406813.60938826
PM25_MAIN,PM25,p50,Mortality,All-cause mortality,605,14.752681549000632,13.277413394100568,1.475268154900064,9380,6.44018355644251e-05,0.008066,5e-05,1.0119705938042596,0.01182899372526125,0.6040892175943074,0.00714576756442104,VSL,VSL_2015_USD,8705114.0,62204.7212657875,172520440.10017303
PM25_MAIN,PM25,p50,Mortality,All-cause mortality,606,13.401107277986362,12.060996550187726,1.3401107277986366,9380,6.44018355644251e-05,0.008066,5e-05,1.0108679650386292,0.010751122218235265,0.6040892175943074,0.0064946370090745165,VSL,VSL_2015_USD,8705114.0,56536.5555526127,156800179.26628262
PM25_MAIN,PM25,p50,Mortality,All-cause mortality,607,14.651209166341497,13.186088249707348,1.4651209166341488,9379,6.44018355644251e-05,0.008066,5e-05,1.0118877698052677,0.011748110966451786,0.604024815758743,0.007096150562024308,VSL,VSL_2015_USD,8705114.0,61772.79960358567,171322535.6045726
PM25_MAIN,PM25,p50,Mortality,All-cause mortality,608,14.732226957084348,13.259004261375912,1.473222695708435,9380,6.44018355644251e-05,0.008066,5e-05,1.0119538977692286,0.011812690079637034,0.6040892175943074,0.007135918707891973,VSL,VSL_2015_USD,8705114.0,62118.98584693232,172282658.9174575
PM25_MAIN,PM25,p50,Mortality,All-cause mortality,609,15.160507917501413,13.644457125751272,1.5160507917501391,9380,6.44018355644251e-05,0.008066,5e-05,1.0123035390714574,0.012154001835005812,0.6040892175943074,0.007342101459148438,VSL,VSL_2015_USD,8705114.0,63913.8302014535,177260534.09561718
PM25_MAIN,PM25,p50,Mortality,All-cause mortality,610,14.307481321730242,12.87673318955722,1.4307481321730222,9379,6.44018355644251e-05,0.008066,5e-05,1.0116072619184968,0.011474079275077487,0.604024815758743,0.0069306286201298905,VSL,VSL_2015_USD,8705114.0,60331.912229893394,167326335.33575323
PM25_MAIN,PM25,p50,Mortality,All-cause mortality,611,10.534566660882486,9.48110999479424,1.0534566660882465,9380,6.44018355644251e-05,0.008066,5e-05,1.0085333849850884,0.008461182457747407,0.6040892175943074,0.00511130909082331,VSL,VSL_2015_USD,8705114.0,44494.52832485327,123402459.69199781
PM25_MAIN,PM25,p50,Mortality,All-cause mortality,612,16.07381509792878,14.466433588135905,1.6073815097928763,9380,6.44018355644251e-05,0.008066,5e-05,1.0130495510851927,0.012881453894544204,0.6040892175943074,0.007781547404632353,VSL,VSL_2015_USD,8705114.0,67739.25725372876,187870088.24520895
PM25_MAIN,PM25,p50,Mortality,All-cause mortality,613,15.21287476699635,13.691587290296717,1.5212874766996336,9380,6.44018355644251e-05,0.008066,5e-05,1.0123462987657463,0.012195726680483632,0.6040892175943074,0.007367306988407377,VSL,VSL_2015_USD,8705114.0,64133.247207082895,177869071.8015399
PM25_MAIN,PM25,p50,Mortality,All-cause mortality,614,15.302877657442137,13.77258989169792,1.5302877657442142,5064,6.44018355644251e-05,0.008066,5e-05,1.0124197940608892,0.012267435043987529,0.3261308952982487,0.004000789573908764,VSL,VSL_2015_USD,8705114.0,34827.329330887216,96591159.98616253
PM25_MAIN,PM25,p50,Mortality,All-cause mortality,643,14.47042512743122,13.023382614688098,1.4470425127431223,249,6.44018355644251e-05,0.008066,5e-05,1.0117402266777267,0.011603993167572546,0.01603605705554185,0.00018608229650731112,VSL,VSL_2015_USD,8705114.0,1619.8676044779452,4492589.4102872675
PM25_MAIN,PM25,p50,Mortality,All-cause mortality,644,14.480669036434849,13.032602132791364,1.4480669036434843,2838,6.44018355644251e-05,0.008066,5e-05,1.0117485864556717,0.011612159990090909,0.18277240933183844,0.0021223824589356927,VSL,VSL_2015_USD,8705114.0,18475.581256635523,51240731.32459065
PM25_MAIN,PM25,p50,Mortality,All-cause mortality,645,14.708652316854709,13.237787085169236,1.470865231685471,7418,6.44018355644251e-05,0.008066,5e-05,1.0119346553403605,0.011793899218073944,0.4777328162169054,0.005634332687628823,VSL,VSL_2015_USD,8705114.0,49047.5083597353,136029831.11014065
PM25_MAIN,PM25,p50,Mortality,All-cause mortality,646,15.222191617917424,13.699972456125684,1.5222191617917409,9380,6.44018355644251e-05,0.008066,5e-05,1.0123539065483742,0.012203149973999627,0.6040892175943074,0.007371791319979428,VSL,VSL_2015_USD,8705114.0,64172.2838246314,177977337.12774745
PM25_MAIN,PM25,p50,Mortality,All-cause mortality,647,14.923111506289157,13.43080035566024,1.4923111506289164,9380,6.44018355644251e-05,0.008066,5e-05,1.0121097177533989,0.011964827074557705,0.6040892175943074,0.00722782302612075,VSL,VSL_2015_USD,8705114.0,62919.02341420611,174501507.10766163
PM25_MAIN,PM25,p50,Mortality,All-cause mortality,648,14.877075988961426,13.389368390065282,1.4877075988961437,7672,6.44018355644251e-05,0.008066,5e-05,1.012072136541818,0.011928138426048895,0.4940908824502694,0.005893584440915466,VSL,VSL_2015_USD,8705114.0,51304.32442679539,142288952.49500713
PM25_MAIN,PM25,p50,Mortality,All-cause mortality,649,14.825376698476235,13.342839028628614,1.4825376698476234,8354,6.44018355644251e-05,0.008066,5e-05,1.0120299333581557,0.011886934330329058,0.5380129343052072,0.00639532441895364,VSL,VSL_2015_USD,8705114.0,55672.0281339752,154402472.98761082
PM25_MAIN,PM25,p50,Mortality,All-cause mortality,650,15.34201581261508,13.807814231353571,1.534201581261506,9380,6.44018355644251e-05,0.008066,5e-05,1.0124517554797827,0.012298616119127637,0.6040892175943074,0.007429461388896552,VSL,VSL_2015_USD,8705114.0,64674.30834894282,179369667.00420848
PM25_MAIN,PM25,p50,Mortality,All-cause mortality,651,10.931647358235464,9.838482622411918,1.093164735823544,9380,6.44018355644251e-05,0.008066,5e-05,1.0088564551278076,0.008778706904031819,0.6040892175943074,0.005303122185146327,VSL,VSL_2015_USD,8705114.0,46164.283177627876,128033407.89332847
PM25_MAIN,PM25,p50,Mortality,All-cause mortality,652,14.710739100762476,13.239665190686228,1.4710739100762478,9380,6.44018355644251e-05,0.008066,5e-05,1.0119363586301047,0.011795562565084072,0.6040892175943074,0.007125572161026339,VSL,VSL_2015_USD,8705114.0,62028.91797696064,172032861.98484194
PM25_MAIN,PM25,p50,Mortality,All-cause mortality,653,13.796593807770543,12.41693442699349,1.3796593807770543,9358,6.44018355644251e-05,0.008066,5e-05,1.011190482787014,0.011066641723299298,0.60267237721189,0.006669559275133075,VSL,VSL_2015_USD,8705114.0,58059.27381979079,161023331.79002237
PM25_MAIN,PM25,p50,Mortality,All-cause mortality,654,15.368080088457864,13.83127207961208,1.5368080088457852,9380,6.44018355644251e-05,0.008066,5e-05,1.0124730409272187,0.01231938078647099,0.6040892175943074,0.007442005100545605,VSL,VSL_2015_USD,8705114.0,64783.50278883095,179672510.1396274
PM25_MAIN,PM25,p50,Mortality,All-cause mortality,655,15.069277033671208,13.56234933030409,1.5069277033671185,2972,6.44018355644251e-05,0.008066,5e-05,1.0122290496028665,0.012081306703916828,0.1914022552974714,0.0023123893500701415,VSL,VSL_2015_USD,8705114.0,20129.61290474649,55828072.31841105
PM25_MAIN,PM25,p50,Mortality,All-cause mortality,686,14.698648080791791,13.228783272712612,1.46986480807918,1809,6.44018355644251e-05,0.008066,5e-05,1.01192648965079,0.011785924938980341,0.11650292053604501,0.0013730946766098177,VSL,VSL_2015_USD,8705114.0,11952.945692681596,33150658.172453918
PM25_MAIN,PM25,p50,Mortality,All-cause mortality,687,14.640175723395055,13.176158151055551,1.4640175723395057,5329,6.44018355644251e-05,0.008066,5e-05,1.0118787644741591,0.011739315905430647,0.3431973817228214,0.0040289024819608705,VSL,VSL_2015_USD,8705114.0,35072.05540035232,97269890.60899913
PM25_MAIN,PM25,p50,Mortality,All-cause mortality,688,14.969125521056087,13.47221296895048,1.4969125521056077,8364,6.44018355644251e-05,0.008066,5e-05,1.0121472828058329,0.012001497224947921,0.5386569526608516,0.006464689922558114,VSL,VSL_2015_USD,8705114.0,56275.862750519555,156077166.02817345
PM25_MAIN,PM25,p50,Mortality,All-cause mortality,689,14.468387370974272,13.021548633876847,1.4468387370974265,1634,6.44018355644251e-05,0.008066,5e-05,1.0117385637278604,0.0116023685848331,0.10523259931227061,0.0012209474043610178,VSL,VSL_2015_USD,8705114.0,10628.486342966757,29477362.87817429
PM25_MAIN,PM25,p50,Mortality,All-cause mortality,690,15.344356667510764,13.809921000759688,1.5344356667510777,2836,6.44018355644251e-05,0.008066,5e-05,1.0124536671257238,0.012300481029496102,0.18264360566070958,0.002246604206588325,VSL,VSL_2015_USD,8705114.0,19556.94573123092,54239819.999367766
PM25_MAIN,PM25,p50,Mortality,All-cause mortality,691,15.097576662187883,13.587818995969096,1.509757666218789,1951,6.44018355644251e-05,0.008066,5e-05,1.0122521554931008,0.012103857153193509,0.12564798118619336,0.0015208252158648299,VSL,VSL_2015_USD,8705114.0,13238.956878177953,36717320.17464507
PM25_MAIN,PM25,p50,Mortality,All-cause mortality,692,15.01250440273382,13.51125396246044,1.501250440273381,3072,6.44018355644251e-05,0.008066,5e-05,1.0121826978575756,0.012036066100874931,0.1978424388539139,0.0023812446716040144,VSL,VSL_2015_USD,8705114.0,20729.00632820551,57490448.020835005
PM25_MAIN,PM25,p50,Mortality,All-cause mortality,693,15.323704095898384,13.791333686308548,1.5323704095898378,2789,6.44018355644251e-05,0.008066,5e-05,1.0124368014442156,0.012284027434082523,0.1796167193891816,0.002206416708596609,VSL,VSL_2015_USD,8705114.0,19207.10897983826,53269572.257952824
PM25_MAIN,PM25,p50,Mortality,All-cause mortality,694,15.85215358364133,14.266938225277196,1.5852153583641329,366,6.44018355644251e-05,0.008066,5e-05,1.012868441941047,0.012704949041936864,0.023571071816579588,0.00029946926629347784,VSL,VSL_2015_USD,8705114.0,2606.9141025810823,7230093.77952145
PM25_MAIN,PM25,p50,Mortality,All-cause mortality,695,15.495245848721163,13.945721263849046,1.5495245848721169,3681,6.44018355644251e-05,0.008066,5e-05,1.0125768975392757,0.012420683870864035,0.2370631567126488,0.00294448652695691,VSL,VSL_2015_USD,8705114.0,25632.090888623974,71088809.83323638
PM25_MAIN,PM25,p50,Mortality,All-cause mortality,696,15.815090217768256,14.233581195991432,1.5815090217768244,886,6.44018355644251e-05,0.008066,5e-05,1.0128381623766718,0.012675433108233602,0.05706002631008064,0.0007232605466474766,VSL,VSL_2015_USD,8705114.0,6296.065510268601,17461696.968144245
PM25_MAIN,PM25,p50,Mortality,All-cause mortality,729,14.54009013227245,13.086081119045208,1.4540090132272423,49,6.44018355644251e-05,0.008066,5e-05,1.0117970797723412,0.01165953135088682,0.00315568994265683,3.679386582008554e-05,VSL,VSL_2015_USD,8705114.0,320.29479646454814,888315.1973586717
PM25_MAIN,PM25,p50,Mortality,All-cause mortality,730,14.684069053239297,13.215662147915364,1.4684069053239297,173,6.44018355644251e-05,0.008066,5e-05,1.01191459002825,0.011774304022948656,0.011141517552645542,0.00013118361494186747,VSL,VSL_2015_USD,8705114.0,1141.9683230010596,3167169.2060608286
PM25_MAIN,PM25,p95,Mortality,All-cause mortality,0,75.2287376105083,13.546607811497896,61.68212979901041,7006,6.44018355644251e-05,0.008066,5e-05,1.6446507620270727,0.39196817762849834,0.4511992599643623,0.17685575167555814,VSL,VSL_2015_USD,8705114.0,1539549.4798914245,4269832714.015273
PM25_MAIN,PM25,p95,Mortality,All-cause mortality,1,79.14910187167443,13.339014241248254,65.81008763042618,3805,6.44018355644251e-05,0.008066,5e-05,1.7003330894279098,0.41187993916153354,0.2450489843226375,0.10093076075440352,VSL,VSL_2015_USD,8705114.0,878613.7784738087,2436773811.632615
PM25_MAIN,PM25,p95,Mortality,All-cause mortality,2,79.64171995345171,13.305939958971832,66.33577999447988,73,6.44018355644251e-05,0.008066,5e-05,1.7075582079129468,0.4143684265836862,0.004701333996203033,0.0019480843708510444,VSL,VSL_2015_USD,8705114.0,16958.296529876618,47032648.3448557
PM25_MAIN,PM25,p95,Mortality,All-cause mortality,41,78.35247357008579,13.257478788361254,65.09499478172454,5661,6.44018355644251e-05,0.008066,5e-05,1.6905539020183544,0.4084778966195052,0.36457879113021047,0.14892237775295028,VSL,VSL_2015_USD,8705114.0,1296386.275490496,3595436588.0336065
PM25_MAIN,PM25,p95,Mortality,All-cause mortality,42,77.2582619310881,12.650578808813826,64.60768312227427,9380,6.44018355644251e-05,0.008066,5e-05,1.683921958923486,0.40614825128874155,0.6040892175943074,0.24534977934831206,VSL,VSL_2015_USD,8705114.0,2135797.799101902,5923485689.963188
PM25_MAIN,PM25,p95,Mortality,All-cause mortality,43,82.86216027616526,12.901292874985844,69.96086740117941,6828,6.44018355644251e-05,0.008066,5e-05,1.758224259851358,0.4312443396244908,0.4397357332338946,0.18963354588774214,VSL,VSL_2015_USD,8705114.0,1650781.6351770265,4578327310.44902
PM25_MAIN,PM25,p95,Mortality,All-cause mortality,44,76.756665516595,12.920829107948968,63.83583640864604,939,6.44018355644251e-05,0.008066,5e-05,1.6734709061255464,0.4024395665681334,0.06047332359499517,0.024336858136504328,VSL,VSL_2015_USD,8705114.0,211855.12448009773,587565357.8868374
PM25_MAIN,PM25,p95,Mortality,All-cause mortality,82,81.83551235293537,13.366787183442574,68.4687251694928,656,6.44018355644251e-05,0.008066,5e-05,1.7371897775437315,0.4243576534200355,0.042247604130262864,0.01792809415133695,VSL,VSL_2015_USD,8705114.0,156066.1033901214,432838413.12526435
PM25_MAIN,PM25,p95,Mortality,All-cause mortality,83,80.29528635691568,13.814584727562297,66.48070162935339,4099,6.44018355644251e-05,0.008066,5e-05,1.7095554045023806,0.4150525935770527,0.2639831239785785,0.10956688026788165,VSL,VSL_2015_USD,8705114.0,953792.1833562603,2645275855.085753
PM25_MAIN,PM25,p95,Mortality,All-cause mortality,84,78.8630455000864,13.238058654865462,65.62498684522095,9171,6.44018355644251e-05,0.008066,5e-05,1.6977963473091684,0.41100120660237216,0.5906292339613426,0.24274932781274658,VSL,VSL_2015_USD,8705114.0,2113160.5720333294,5860702925.294396
PM25_MAIN,PM25,p95,Mortality,All-cause mortality,85,79.25915354953462,12.6672246592341,66.59192889030052,9159,6.44018355644251e-05,0.008066,5e-05,1.7110898358795223,0.4155771491179556,0.5898564119345695,0.24513084606071486,VSL,VSL_2015_USD,8705114.0,2133891.9598749736,5918199978.276048
PM25_MAIN,PM25,p95,Mortality,All-cause mortality,86,77.3088222231954,13.066854358112035,64.24196786508337,7033,6.44018355644251e-05,0.008066,5e-05,1.6789619453998792,0.40439388591274505,0.45293810952460173,0.1831654021886262,VSL,VSL_2015_USD,8705114.0,1594475.7069078407,4422166759.809412
PM25_MAIN,PM25,p95,Mortality,All-cause mortality,87,78.88821844845332,13.000779036586744,65.88743941186657,2360,6.44018355644251e-05,0.008066,5e-05,1.701394291364205,0.4122467642710943,0.15198833193204322,0.06265669804594586,VSL,VSL_2015_USD,8705114.0,545433.6993535359,1512722184.7980769
PM25_MAIN,PM25,p95,Mortality,All-cause mortality,91,81.26362518310202,13.413287811866384,67.85033737123564,537,6.44018355644251e-05,0.008066,5e-05,1.7285463950436943,0.4214792250486734,0.03458378569809628,0.014576347195283015,VSL,VSL_2015_USD,8705114.0,126888.76403851892,351917104.84734946
PM25_MAIN,PM25,p95,Mortality,All-cause mortality,125,85.49563546441351,13.165057895378592,72.33057756903492,3772,6.44018355644251e-05,0.008066,5e-05,1.7921543410675704,0.4420123439790856,0.24292372374901147,0.10737528454242842,VSL,VSL_2015_USD,8705114.0,934714.0927242773,2592364106.1842923
PM25_MAIN,PM25,p95,Mortality,All-cause mortality,126,87.2390008992305,13.684254756657502,73.55474614257301,9325,6.44018355644251e-05,0.008066,5e-05,1.8099379852283586,0.4474948820559558,0.6005471166382641,0.2687417611290843,VSL,VSL_2015_USD,8705114.0,2339427.6671894477,6488238875.013229
PM25_MAIN,PM25,p95,Mortality,All-cause mortality,127,78.78212354680085,13.236251200274326,65.54587234652652,9380,6.44018355644251e-05,0.008066,5e-05,1.6967132653280854,0.41062522440606086,0.6040892175943074,0.24805427053594423,VSL,VSL_2015_USD,8705114.0,2159340.7032022355,5988780286.482176
PM25_MAIN,PM25,p95,Mortality,All-cause mortality,128,74.09569152856513,12.944912919786754,61.15077860877837,9379,6.44018355644251e-05,0.008066,5e-05,1.6376170718945222,0.38935663461109216,0.604024815758743,0.23518106948540915,VSL,VSL_2015_USD,8705114.0,2047278.0205124079,5677982280.429727
PM25_MAIN,PM25,p95,Mortality,All-cause mortality,129,77.54493911000777,13.037485616921527,64.50745349308625,7335,6.44018355644251e-05,0.008066,5e-05,1.6825611386828077,0.4056679564209775,0.4723874638650581,0.1916324571050265,VSL,VSL_2015_USD,8705114.0,1668182.3851993657,4626587072.583476
PM25_MAIN,PM25,p95,Mortality,All-cause mortality,130,76.0315259434583,13.205190797441,62.82633514601731,5190,6.44018355644251e-05,0.008066,5e-05,1.6598997671122933,0.3975539849977282,0.3342455265793663,0.13288064105929115,VSL,VSL_2015_USD,8705114.0,1156741.1288142102,3208140548.8871946
PM25_MAIN,PM25,p95,Mortality,All-cause mortality,131,81.30218570772443,12.931490044281327,68.3706956634431,5202,6.44018355644251e-05,0.008066,5e-05,1.7358167140870828,0.423902309567327,0.3350183486061394,0.14201505172157436,VSL,VSL_2015_USD,8705114.0,1236257.2149522011,3428672847.664883
PM25_MAIN,PM25,p95,Mortality,All-cause mortality,132,76.97399879327035,13.053519448950851,63.9204793443195,8779,6.44018355644251e-05,0.008066,5e-05,1.674613824889995,0.4028473997187443,0.565383714420088,0.22776335919745752,VSL,VSL_2015_USD,8705114.0,1982706.0068368162,5498896320.54143
PM25_MAIN,PM25,p95,Mortality,All-cause mortality,133,75.076289831884,12.970153703964614,62.106136127919385,7568,6.44018355644251e-05,0.008066,5e-05,1.650285154694784,0.39404411585769406,0.4873930915515692,0.1920543798355862,VSL,VSL_2015_USD,8705114.0,1671855.2706680791,4636773563.328971
PM25_MAIN,PM25,p95,Mortality,All-cause mortality,134,80.11282015129323,12.850991196587067,67.26182895470616,6970,6.44018355644251e-05,0.008066,5e-05,1.720360586812131,0.41872651136874517,0.44888079388404295,0.18795828884349808,VSL,VSL_2015_USD,8705114.0,1636198.331627579,4537881538.885876
PM25_MAIN,PM25,p95,Mortality,All-cause mortality,135,75.80450407905587,12.762537344758298,63.04196673429757,2916,6.44018355644251e-05,0.008066,5e-05,1.6627893170140569,0.39860089924336084,0.18779575250586358,0.07485555582292086,VSL,VSL_2015_USD,8705114.0,651626.1469718899,1807239504.7962484
PM25_MAIN,PM25,p95,Mortality,All-cause mortality,136,80.47043462949041,13.647829675756247,66.82260495373417,629,6.44018355644251e-05,0.008066,5e-05,1.7142765100089374,0.41666353463900263,0.04050875457002339,0.016878520862969797,VSL,VSL_2015_USD,8705114.0,146929.44826353047,407498539.6975233
PM25_MAIN,PM25,p95,Mortality,All-cause mortality,166,78.00532417786835,13.060195694573874,64.94512848329447,6,6.44018355644251e-05,0.008066,5e-05,1.6885115586709858,0.4077624195909608,0.0003864110133865506,0.00015756388977509502,VSL,VSL_2015_USD,8705114.0,1371.6116227756365,3804068.8229546333
PM25_MAIN,PM25,p95,Mortality,All-cause mortality,167,76.74930210687958,13.153609835400436,63.595692271479145,6438,6.44018355644251e-05,0.008066,5e-05,1.6702325259998787,0.4012809687074238,0.41461901736376877,0.1663787209322533,VSL,VSL_2015_USD,8705114.0,1448345.7328894513,4016885505.967591
PM25_MAIN,PM25,p95,Mortality,All-cause mortality,168,83.37419866557444,13.240468521655435,70.133730143919,9380,6.44018355644251e-05,0.008066,5e-05,1.760677480950509,0.4320368092286011,0.6040892175943074,0.2609887780588467,VSL,VSL_2015_USD,8705114.0,2271937.065722959,6301058416.188026
PM25_MAIN,PM25,p95,Mortality,All-cause mortality,169,82.81565735507742,13.336902288703325,69.47875506637409,9293,6.44018355644251e-05,0.008066,5e-05,1.7514002981923147,0.42902830321992236,0.5984862579002025,0.2567675437273647,VSL,VSL_2015_USD,8705114.0,2235190.7396466946,6199145053.0583315
PM25_MAIN,PM25,p95,Mortality,All-cause mortality,170,86.68870161365044,13.52199200794272,73.16670960570772,9380,6.44018355644251e-05,0.008066,5e-05,1.8042819115276263,0.4457628857159396,0.6040892175943074,0.26928055286472263,VSL,VSL_2015_USD,8705114.0,2344117.910670437,6501246936.990709
PM25_MAIN,PM25,p95,Mortality,All-cause mortality,171,87.42198960112779,13.965711296950843,73.45627830417695,9380,6.44018355644251e-05,0.008066,5e-05,1.808501027936276,0.4470558852039338,0.6040892175943074,0.2700616399137749,VSL,VSL_2015_USD,8705114.0,2350917.362476361,6520104740.612813
PM25_MAIN,PM25,p95,Mortality,All-cause mortality,172,85.20445011246412,13.575418998451392,71.62903111401272,9380,6.44018355644251e-05,0.008066,5e-05,1.7820417632934888,0.43884592348057805,0.6040892175943074,0.2651020905598337,VSL,VSL_2015_USD,8705114.0,2307743.919961676,6400366219.939311
PM25_MAIN,PM25,p95,Mortality,All-cause mortality,173,83.5244873259764,13.391355976798852,70.13313134917755,9380,6.44018355644251e-05,0.008066,5e-05,1.760668977112938,0.4320340660288381,0.6040892175943074,0.26098712092144816,VSL,VSL_2015_USD,8705114.0,2271922.6401529913,6301018407.87951
PM25_MAIN,PM25,p95,Mortality,All-cause mortality,174,77.91936738866801,13.88706374380191,64.03230364486609,9380,6.44018355644251e-05,0.008066,5e-05,1.6761249657765798,0.4033857734845675,0.6040892175943074,0.2436809962929669,VSL,VSL_2015_USD,8705114.0,2121270.852363854,5883196220.071484
PM25_MAIN,PM25,p95,Mortality,All-cause mortality,175,83.07831833306783,13.605362429007462,69.47295590406037,9380,6.44018355644251e-05,0.008066,5e-05,1.7513183765322673,0.42900159479850264,0.6040892175943074,0.25915523774853755,VSL,VSL_2015_USD,8705114.0,2255975.8882981227,6256791207.882662
PM25_MAIN,PM25,p95,Mortality,All-cause mortality,176,74.50100943774663,13.10767302060008,61.39333641714655,9380,6.44018355644251e-05,0.008066,5e-05,1.6408241589309258,0.3905501728768138,0.6040892175943074,0.23592714836447598,VSL,VSL_2015_USD,8705114.0,2053772.7222076769,5695994880.952436
PM25_MAIN,PM25,p95,Mortality,All-cause mortality,177,79.6843979399282,12.196664467367714,67.48773347256049,8935,6.44018355644251e-05,0.008066,5e-05,1.7234981924198107,0.4197847120477748,0.5754304007681382,0.24155688508998854,VSL,VSL_2015_USD,8705114.0,2102780.2221932504,5831913751.637426
PM25_MAIN,PM25,p95,Mortality,All-cause mortality,178,74.9244008847828,12.8803745322555,62.0440263525273,3436,6.44018355644251e-05,0.008066,5e-05,1.6494586061073853,0.39374046957144637,0.22128470699936464,0.08712874444290976,VSL,VSL_2015_USD,8705114.0,758465.6530523959,2103551396.1451063
PM25_MAIN,PM25,p95,Mortality,All-cause mortality,208,78.67186813879906,13.300005260924888,65.37186287787416,4959,6.44018355644251e-05,0.008066,5e-05,1.6943334962880137,0.40979742052504775,0.3193687025639841,0.13087647050715187,VSL,VSL_2015_USD,8705114.0,1139294.595682395,3159753810.503424
PM25_MAIN,PM25,p95,Mortality,All-cause mortality,209,83.72722224797714,13.163338675589054,70.56388357238808,2301,6.44018355644251e-05,0.008066,5e-05,1.7667969684470328,0.4340040095954131,0.14818862363374216,0.06431445683346969,VSL,VSL_2015_USD,8705114.0,559864.6785834327,1552745495.5236497
PM25_MAIN,PM25,p95,Mortality,All-cause mortality,210,80.80329623195045,13.13069918451432,67.67259704743614,2925,6.44018355644251e-05,0.008066,5e-05,1.7260700340837716,0.42064923192365267,0.18837536902594343,0.07923995429409773,VSL,VSL_2015_USD,8705114.0,689792.8354849103,1913092143.7189147
PM25_MAIN,PM25,p95,Mortality,All-cause mortality,211,80.01806709410032,12.883876418736904,67.13419067536341,9380,6.44018355644251e-05,0.008066,5e-05,1.718590334776304,0.41812776450289857,0.6040892175943074,0.2525864741130128,VSL,VSL_2015_USD,8705114.0,2198794.0520118256,6098201387.671157
PM25_MAIN,PM25,p95,Mortality,All-cause mortality,212,84.43939689012497,12.862477624315025,71.57691926580995,9380,6.44018355644251e-05,0.008066,5e-05,1.7812928676565185,0.43861000166940145,0.6040892175943074,0.2649595727375066,VSL,VSL_2015_USD,8705114.0,2306503.286071287,6396925408.688689
PM25_MAIN,PM25,p95,Mortality,All-cause mortality,213,77.14611806432289,12.966495244406564,64.17962281991633,9380,6.44018355644251e-05,0.008066,5e-05,1.678117849441295,0.4040942950860481,0.6040892175943074,0.244109006552854,VSL,VSL_2015_USD,8705114.0,2124996.730469341,5893529682.185584
PM25_MAIN,PM25,p95,Mortality,All-cause mortality,214,80.84872651020656,12.95743440509774,67.89129210510882,9380,6.44018355644251e-05,0.008066,5e-05,1.729117498911152,0.42167030255045523,0.6040892175943074,0.2547264831504594,VSL,VSL_2015_USD,8705114.0,2217423.0746438284,6149867677.909432
PM25_MAIN,PM25,p95,Mortality,All-cause mortality,215,78.63637899182937,12.932805386642126,65.70357360518724,9380,6.44018355644251e-05,0.008066,5e-05,1.698872888989542,0.4113744433259032,0.6040892175943074,0.24850686560703866,VSL,VSL_2015_USD,8705114.0,2163280.594891951,5999707300.291183
PM25_MAIN,PM25,p95,Mortality,All-cause mortality,216,84.65400353963243,13.11755056051137,71.53645297912105,9380,6.44018355644251e-05,0.008066,5e-05,1.7807115466383856,0.43842673346629735,0.6040892175943074,0.26484886239208355,VSL,VSL_2015_USD,8705114.0,2305539.5398934,6394252526.126552
PM25_MAIN,PM25,p95,Mortality,All-cause mortality,217,77.76436409676162,13.314202323222764,64.45016177353887,9380,6.44018355644251e-05,0.008066,5e-05,1.681783781553632,0.4053932431931293,0.6040892175943074,0.24489368709855627,VSL,VSL_2015_USD,8705114.0,2131827.4640732617,5912474243.684706
PM25_MAIN,PM25,p95,Mortality,All-cause mortality,218,83.09823153994597,13.92210019975624,69.17613134018973,8126,6.44018355644251e-05,0.008066,5e-05,1.7471304083509303,0.42763288005279854,0.5233293157965183,0.22379282253012564,VSL,VSL_2015_USD,8705114.0,1948142.0325065122,5403035557.214536
PM25_MAIN,PM25,p95,Mortality,All-cause mortality,219,86.3238303487299,13.906514121688051,72.41731622704185,537,6.44018355644251e-05,0.008066,5e-05,1.7934086319266904,0.4424025945912381,0.03458378569809628,0.015299956523625147,VSL,VSL_2015_USD,8705114.0,133187.8657332006,369387222.4604305
PM25_MAIN,PM25,p95,Mortality,All-cause mortality,251,82.47748941947124,12.88399236750938,69.59349705196186,8,6.44018355644251e-05,0.008066,5e-05,1.753021985005253,0.4295564981194441,0.0005152146845154008,0.00022131381566014975,VSL,VSL_2015_USD,8705114.0,1926.5619950965888,5343184.834060732
PM25_MAIN,PM25,p95,Mortality,All-cause mortality,252,82.42218061189229,13.006667401287096,69.41551321060518,3036,6.44018355644251e-05,0.008066,5e-05,1.750507121300834,0.4287369712287251,0.1955239727735946,0.08382835588955866,VSL,VSL_2015_USD,8705114.0,729735.3944511795,2023870035.0327349
PM25_MAIN,PM25,p95,Mortality,All-cause mortality,253,79.33879991198313,13.317619854742118,66.02118005724101,8188,6.44018355644251e-05,0.008066,5e-05,1.7032306642537922,0.41288046241340237,0.5273222296015128,0.21772104599873893,VSL,VSL_2015_USD,8705114.0,1895286.5256182663,5256444508.745468
PM25_MAIN,PM25,p95,Mortality,All-cause mortality,254,77.93783925792603,13.061360341493044,64.87647891643299,9380,6.44018355644251e-05,0.008066,5e-05,1.6875768423579904,0.4074343906007054,0.6040892175943074,0.2461267222389936,VSL,VSL_2015_USD,8705114.0,2142561.1755367746,5942243441.068956
PM25_MAIN,PM25,p95,Mortality,All-cause mortality,255,84.55866560753425,13.2730817151998,71.28558389233446,9380,6.44018355644251e-05,0.008066,5e-05,1.7771119021071586,0.4372892338325577,0.6040892175943074,0.26416171112832393,VSL,VSL_2015_USD,8705114.0,2299557.8098071283,6377662616.453383
PM25_MAIN,PM25,p95,Mortality,All-cause mortality,256,79.47591606685495,13.166692909033497,66.30922315782145,9380,6.44018355644251e-05,0.008066,5e-05,1.7071924754056285,0.41424296650417214,0.6040892175943074,0.25023970952945024,VSL,VSL_2015_USD,8705114.0,2178365.198780751,6041543393.254498
PM25_MAIN,PM25,p95,Mortality,All-cause mortality,257,80.29036420418683,13.020821352969014,67.26954285121782,9380,6.44018355644251e-05,0.008066,5e-05,1.7204676314756195,0.41876267724821137,0.6040892175943074,0.2529700180565695,VSL,VSL_2015_USD,8705114.0,2202132.845764496,6107461298.428625
PM25_MAIN,PM25,p95,Mortality,All-cause mortality,258,82.47940863653665,13.216889393083552,69.2625192434531,9380,6.44018355644251e-05,0.008066,5e-05,1.7483482415008638,0.42803156930477804,0.6040892175943074,0.258569255806987,VSL,VSL_2015_USD,8705114.0,2250874.8486949834,6242643831.616127
PM25_MAIN,PM25,p95,Mortality,All-cause mortality,259,78.24260551116377,13.050521578420888,65.19208393274289,4854,6.44018355644251e-05,0.008066,5e-05,1.6918783289620312,0.4089409487185164,0.31260650982971944,0.1278376027053497,VSL,VSL_2015_USD,8705114.0,1112840.9050367775,3086386351.25615
PM25_MAIN,PM25,p95,Mortality,All-cause mortality,294,76.82149403888866,13.477528136024322,63.34396590286434,1103,6.44018355644251e-05,0.008066,5e-05,1.6668446848506537,0.400064079701824,0.07103522462756089,0.02841864176703749,VSL,VSL_2015_USD,8705114.0,247387.5163072228,686111959.3519409
PM25_MAIN,PM25,p95,Mortality,All-cause mortality,295,77.28186879430537,13.0965912258332,64.18527756847217,6166,6.44018355644251e-05,0.008066,5e-05,1.6781943921588458,0.4041214744415931,0.3971017180902452,0.16047733181791973,VSL,VSL_2015_USD,8705114.0,1396973.4678908186,3874408125.052433
PM25_MAIN,PM25,p95,Mortality,All-cause mortality,296,78.00915923383529,12.842916677607764,65.16624255622753,9345,6.44018355644251e-05,0.008066,5e-05,1.6915257164419555,0.40881773757276785,0.6018351533495525,0.24604088578412386,VSL,VSL_2015_USD,8705114.0,2141813.9594117776,5940171089.451406
PM25_MAIN,PM25,p95,Mortality,All-cause mortality,297,83.87139659144371,13.01136503694936,70.86003155449436,9380,6.44018355644251e-05,0.008066,5e-05,1.7710224134181498,0.4353544074747441,0.6040892175943074,0.26299290338765147,VSL,VSL_2015_USD,8705114.0,2289383.2051804923,6349444062.743732
PM25_MAIN,PM25,p95,Mortality,All-cause mortality,298,76.68292679970656,13.0848539321661,63.59807286754047,9380,6.44018355644251e-05,0.008066,5e-05,1.670264597925414,0.40129246513272787,0.6040892175943074,0.2424164512885205,VSL,VSL_2015_USD,8705114.0,2110262.8439420178,5852666279.27411
PM25_MAIN,PM25,p95,Mortality,All-cause mortality,299,76.57713165574121,13.470570250231637,63.10656140550958,9380,6.44018355644251e-05,0.008066,5e-05,1.663655890263266,0.39891415896002724,0.6040892175943074,0.24097974217345405,VSL,VSL_2015_USD,8705114.0,2097756.127310525,5817979776.166829
PM25_MAIN,PM25,p95,Mortality,All-cause mortality,300,82.29216005638561,13.402821007289925,68.8893390490957,6904,6.44018355644251e-05,0.008066,5e-05,1.7430935009183652,0.4263073096921418,0.4446302727367909,0.18954913537810458,VSL,VSL_2015_USD,8705114.0,1650046.8320678335,4576289385.461891
PM25_MAIN,PM25,p95,Mortality,All-cause mortality,301,83.41553016620331,13.083045127187132,70.33248503901618,3775,6.44018355644251e-05,0.008066,5e-05,1.7635023871294166,0.43294661390973566,0.24311692925570474,0.10525665130539012,VSL,VSL_2015_USD,8705114.0,916271.1488716698,2541213892.415155
PM25_MAIN,PM25,p95,Mortality,All-cause mortality,302,78.80716227151449,13.03685555526098,65.7703067162535,3437,6.44018355644251e-05,0.008066,5e-05,1.6997875862205019,0.41169119711980473,0.22134910883492906,0.0911274795976539,VSL,VSL_2015_USD,8705114.0,793275.0984302514,2200092956.239412
PM25_MAIN,PM25,p95,Mortality,All-cause mortality,303,79.94982103378578,12.94058522922867,67.00923580455711,2651,6.44018355644251e-05,0.008066,5e-05,1.7168590642671027,0.4175410079878149,0.17072926608129094,0.07128646985260208,VSL,VSL_2015_USD,8705114.0,620556.8467244643,1721070975.411031
PM25_MAIN,PM25,p95,Mortality,All-cause mortality,304,77.90228979208415,13.426856098716351,64.47543369336779,870,6.44018355644251e-05,0.008066,5e-05,1.6821266368617238,0.40551443744707594,0.056029596941049836,0.022720810483936232,VSL,VSL_2015_USD,8705114.0,197787.24543506006,548549080.1069586
PM25_MAIN,PM25,p95,Mortality,All-cause mortality,337,77.81800706131652,13.69282357925844,64.12518348205808,1314,6.44018355644251e-05,0.008066,5e-05,1.6773811367334484,0.4038325708446848,0.08462401193165459,0.034173932293551354,VSL,VSL_2015_USD,8705114.0,297487.976443646,825062078.5081011
PM25_MAIN,PM25,p95,Mortality,All-cause mortality,338,78.17444262946908,12.99371755810033,65.18072507136876,7894,6.44018355644251e-05,0.008066,5e-05,1.6917233251961497,0.40888679306703213,0.5083880899455717,0.2078731757313187,VSL,VSL_2015_USD,8705114.0,1809559.6922831626,5018687137.368892
PM25_MAIN,PM25,p95,Mortality,All-cause mortality,339,83.60031902482889,13.440552700470285,70.1597663243586,9380,6.44018355644251e-05,0.008066,5e-05,1.761047275838676,0.432156073422979,0.6040892175943074,0.2610608242727155,VSL,VSL_2015_USD,8705114.0,2272564.236227955,6302797829.681698
PM25_MAIN,PM25,p95,Mortality,All-cause mortality,340,79.88820551243445,13.08238266314849,66.80582284928596,9380,6.44018355644251e-05,0.008066,5e-05,1.7140444736094282,0.41658456627195684,0.6040892175943074,0.2516542447010903,VSL,VSL_2015_USD,8705114.0,2190678.888706887,6075694550.306341
PM25_MAIN,PM25,p95,Mortality,All-cause mortality,341,78.96998083946639,12.952588827185956,66.01739201228042,9380,6.44018355644251e-05,0.008066,5e-05,1.7031786239078048,0.4128625230713726,0.6040892175943074,0.24940579853619718,VSL,VSL_2015_USD,8705114.0,2171105.9085186296,6021410259.862823
PM25_MAIN,PM25,p95,Mortality,All-cause mortality,342,78.23809611195699,13.071019998940352,65.16707611301663,9380,6.44018355644251e-05,0.008066,5e-05,1.6915370894010084,0.4088217123550565,0.6040892175943074,0.2469647883521311,VSL,VSL_2015_USD,8705114.0,2149856.6365911732,5962476891.6210575
PM25_MAIN,PM25,p95,Mortality,All-cause mortality,343,77.01842928627731,13.422160506144722,63.59626878013259,9380,6.44018355644251e-05,0.008066,5e-05,1.6702402927976043,0.40128375281557316,0.6040892175943074,0.24241118827166705,VSL,VSL_2015_USD,8705114.0,2110217.028780325,5852539214.130216
PM25_MAIN,PM25,p95,Mortality,All-cause mortality,344,80.35965713669606,13.50963686600624,66.85002027068981,9380,6.44018355644251e-05,0.008066,5e-05,1.7146556332271277,0.4167925147057576,0.6040892175943074,0.251779864107765,VSL,VSL_2015_USD,8705114.0,2191772.4199626027,6078727382.69688
PM25_MAIN,PM25,p95,Mortality,All-cause mortality,345,77.05112286570518,13.015578205573338,64.03554466013185,9159,6.44018355644251e-05,0.008066,5e-05,1.6761687836570083,0.40340136998719556,0.5898564119345695,0.23794888467013692,VSL,VSL_2015_USD,8705114.0,2071372.1672263942,5744805709.750698
PM25_MAIN,PM25,p95,Mortality,All-cause mortality,346,79.6139238678069,13.07288565077144,66.54103821703546,3601,6.44018355644251e-05,0.008066,5e-05,1.7103876047247415,0.41533720354519676,0.23191100986749477,0.09632127030970782,VSL,VSL_2015_USD,8705114.0,838487.6386708218,2325486771.718817
PM25_MAIN,PM25,p95,Mortality,All-cause mortality,347,77.93974449879505,13.275996919941385,64.66374757885367,227,6.44018355644251e-05,0.008066,5e-05,1.6846836274253956,0.4064167397838121,0.014619216673124498,0.005941494378484406,VSL,VSL_2015_USD,8705114.0,51721.385895065905,143445643.28295264
PM25_MAIN,PM25,p95,Mortality,All-cause mortality,348,78.48324199797024,13.125081054418072,65.35816094355216,3432,6.44018355644251e-05,0.008066,5e-05,1.6941462492325174,0.40973218784799703,0.22102709965710696,0.0905619171162037,VSL,VSL_2015_USD,8705114.0,788351.8125551045,2186438567.4947033
PM25_MAIN,PM25,p95,Mortality,All-cause mortality,349,82.33810270011735,13.3271578769058,69.01094482321155,3186,6.44018355644251e-05,0.008066,5e-05,1.7448040916283947,0.4268697530009127,0.20518424810825836,0.08758694930965023,VSL,VSL_2015_USD,8705114.0,762454.3786527265,2114613847.3868313
PM25_MAIN,PM25,p95,Mortality,All-cause mortality,350,79.75261469262914,13.670566699404974,66.08204799322417,4386,6.44018355644251e-05,0.008066,5e-05,1.7040670890040646,0.4131686443258251,0.2824664507855685,0.11670628053860073,VSL,VSL_2015_USD,8705114.0,1015941.4766045008,2817642569.4592204
PM25_MAIN,PM25,p95,Mortality,All-cause mortality,351,81.09473730637534,13.209361858951986,67.88537544742334,3394,6.44018355644251e-05,0.008066,5e-05,1.7290349808901322,0.42164270182365804,0.2185798299056588,0.09216259004557759,VSL,VSL_2015_USD,8705114.0,802285.8528820181,2225083652.9585752
PM25_MAIN,PM25,p95,Mortality,All-cause mortality,352,79.11504322713932,13.33343199378358,65.78161123335575,1255,6.44018355644251e-05,0.008066,5e-05,1.6999425837179498,0.41174483798570605,0.0808243036333535,0.03327898980482265,VSL,VSL_2015_USD,8705114.0,289697.4000558189,803455460.2368097
PM25_MAIN,PM25,p95,Mortality,All-cause mortality,353,85.29506029862662,13.38753056431656,71.90752973431006,3,6.44018355644251e-05,0.008066,5e-05,1.7860493878382333,0.44010506830924634,0.0001932055066932753,8.503072272096646e-05,VSL,VSL_2015_USD,8705114.0,740.2021347884032,2052898.806686201
PM25_MAIN,PM25,p95,Mortality,All-cause mortality,360,91.69454589702488,14.31291829365491,77.38162760336996,2764,6.44018355644251e-05,0.008066,5e-05,1.8666776784939518,0.4642888745491366,0.178006673500071,0.08264651810158358,VSL,VSL_2015_USD,8705114.0,719447.3617773487,1995336896.574152
PM25_MAIN,PM25,p95,Mortality,All-cause mortality,361,83.904009275524,13.62673386166451,70.2772754138595,2224,6.44018355644251e-05,0.008066,5e-05,1.7627172376058826,0.43269403698678466,0.14322968229528144,0.06197462944867992,VSL,VSL_2015_USD,8705114.0,539496.2144585159,1496254986.0656815
PM25_MAIN,PM25,p95,Mortality,All-cause mortality,379,81.84705879005713,13.011890403058528,68.8351683869986,5837,6.44018355644251e-05,0.008066,5e-05,1.7423320390360189,0.4260565853146622,0.3759135141895493,0.16016042822923418,VSL,VSL_2015_USD,8705114.0,1394214.7860243018,3866757114.003379
PM25_MAIN,PM25,p95,Mortality,All-cause mortality,380,78.81861030513052,12.698463975482298,66.12014632964822,9380,6.44018355644251e-05,0.008066,5e-05,1.7045908313032274,0.41334895058923893,0.6040892175943074,0.24969964415488138,VSL,VSL_2015_USD,8705114.0,2173663.868127676,6028504581.781341
PM25_MAIN,PM25,p95,Mortality,All-cause mortality,381,81.98553948348959,13.21446792001876,68.77107156347083,9380,6.44018355644251e-05,0.008066,5e-05,1.7414314775149609,0.4257597769927707,0.6040892175943074,0.25719689056668965,VSL,VSL_2015_USD,8705114.0,2238928.252828558,6209510784.242307
PM25_MAIN,PM25,p95,Mortality,All-cause mortality,382,79.18600949450494,13.1042033497661,66.08180614473885,9380,6.44018355644251e-05,0.008066,5e-05,1.7040637647986332,0.4131674995635104,0.6040892175943074,0.24959003154671736,VSL,VSL_2015_USD,8705114.0,2172709.6778777707,6025858201.916545
PM25_MAIN,PM25,p95,Mortality,All-cause mortality,383,76.80949179488158,13.296768696016784,63.5127230988648,9380,6.44018355644251e-05,0.008066,5e-05,1.6691151313166832,0.40088015425805346,0.6040892175943074,0.2421673787348328,VSL,VSL_2015_USD,8705114.0,2108094.6389678954,5846652914.55273
PM25_MAIN,PM25,p95,Mortality,All-cause mortality,384,76.06086581082397,13.265256799120644,62.79560901170333,9380,6.44018355644251e-05,0.008066,5e-05,1.6594884335086946,0.3974046580814806,0.6040892175943074,0.2400678689687749,VSL,VSL_2015_USD,8705114.0,2089818.167110248,5795964399.208575
PM25_MAIN,PM25,p95,Mortality,All-cause mortality,385,84.78867061310812,12.987380475904484,71.80129013720364,9380,6.44018355644251e-05,0.008066,5e-05,1.7845195266386964,0.43962507270313245,0.6040892175943074,0.2655727662040758,VSL,VSL_2015_USD,8705114.0,2311841.205101827,6411729753.46556
PM25_MAIN,PM25,p95,Mortality,All-cause mortality,386,79.47695001593182,13.044637106614552,66.43231290931726,9380,6.44018355644251e-05,0.008066,5e-05,1.7088882893856077,0.41482424204596335,0.6040892175943074,0.2505908518166976,VSL,VSL_2015_USD,8705114.0,2181421.93242146,6050021030.035649
PM25_MAIN,PM25,p95,Mortality,All-cause mortality,387,81.75879920097356,13.207507384503549,68.55129181647001,9371,6.44018355644251e-05,0.008066,5e-05,1.7383471010000582,0.42474089356221933,0.6035096010742276,0.25633520723364595,VSL,VSL_2015_USD,8705114.0,2231427.2011825126,6188707142.575616
PM25_MAIN,PM25,p95,Mortality,All-cause mortality,388,77.14463965643604,13.05542820771952,64.08921144871653,9205,6.44018355644251e-05,0.008066,5e-05,1.6768945144907983,0.4036595675168885,0.5928188963705331,0.23929701932476852,VSL,VSL_2015_USD,8705114.0,2083107.833082313,5777353757.505479
PM25_MAIN,PM25,p95,Mortality,All-cause mortality,389,77.81344640934407,12.999270658857077,64.814175750487,9380,6.44018355644251e-05,0.008066,5e-05,1.68672898504428,0.40713652942073086,0.6040892175943074,0.24594678751183105,VSL,VSL_2015_USD,8705114.0,2140994.8232242656,5937899272.574875
PM25_MAIN,PM25,p95,Mortality,All-cause mortality,390,77.8598521421861,13.347622452135711,64.51222969005039,9380,6.44018355644251e-05,0.008066,5e-05,1.682625960270704,0.40569085250585457,0.6040892175943074,0.24507346967542928,VSL,VSL_2015_USD,8705114.0,2133392.491900155,5916814738.810646
PM25_MAIN,PM25,p95,Mortality,All-cause mortality,391,82.20185149420014,13.06475936314592,69.13709213105422,9380,6.44018355644251e-05,0.008066,5e-05,1.7465803406108733,0.4274526188413147,0.6040892175943074,0.2582195180744875,VSL,VSL_2015_USD,8705114.0,2247830.3418634743,6234200105.034415
PM25_MAIN,PM25,p95,Mortality,All-cause mortality,392,79.93476801395497,12.993325153967996,66.94144285998696,9380,6.44018355644251e-05,0.008066,5e-05,1.7159205116466716,0.4172224218939159,0.6040892175943074,0.2520395664046977,VSL,VSL_2015_USD,8705114.0,2194033.158063464,6084997381.567952
PM25_MAIN,PM25,p95,Mortality,All-cause mortality,393,80.28500593996932,13.215028868237257,67.06997707173207,9380,6.44018355644251e-05,0.008066,5e-05,1.7177004266763005,0.41782630750405625,0.6040892175943074,0.25240436719044385,VSL,VSL_2015_USD,8705114.0,2197208.7904906734,6093804775.810548
PM25_MAIN,PM25,p95,Mortality,All-cause mortality,394,80.99879889047223,13.12054294801952,67.87825594245271,6975,6.44018355644251e-05,0.008066,5e-05,1.728935692304275,0.4216094881659658,0.44920280306186505,0.18938816388163005,VSL,VSL_2015_USD,8705114.0,1648645.5568402722,4572403046.707516
PM25_MAIN,PM25,p95,Mortality,All-cause mortality,395,78.53385048538063,13.5318398152671,65.00201067011352,3089,6.44018355644251e-05,0.008066,5e-05,1.689286445311515,0.4080340828073159,0.19893727005850914,0.08117318652451508,VSL,VSL_2015_USD,8705114.0,706621.8424391676,1959766216.4760604
PM25_MAIN,PM25,p95,Mortality,All-cause mortality,396,84.305912140964,13.65979383898114,70.64611830198285,756,6.44018355644251e-05,0.008066,5e-05,1.7679692830495874,0.4343793132677677,0.048687787686705376,0.02114896777987796,VSL,VSL_2015_USD,8705114.0,184104.17550616452,510600043.47406185
PM25_MAIN,PM25,p95,Mortality,All-cause mortality,397,85.76399055362415,13.286070429657013,72.47792012396714,269,6.44018355644251e-05,0.008066,5e-05,1.7942855200277044,0.44267509889699175,0.01732409376683035,0.007668944921532384,VSL,VSL_2015_USD,8705114.0,66759.03980166046,185151523.75711915
PM25_MAIN,PM25,p95,Mortality,All-cause mortality,398,87.04739807635595,13.607592190983285,73.43980588537266,1076,6.44018355644251e-05,0.008066,5e-05,1.8082607546425493,0.44698241255715543,0.0692963750673214,0.030974260909056837,VSL,VSL_2015_USD,8705114.0,269634.4722790834,747812334.4529783
PM25_MAIN,PM25,p95,Mortality,All-cause mortality,400,88.39881749431679,14.18830090743461,74.21051658688218,746,6.44018355644251e-05,0.008066,5e-05,1.819536915700005,0.45040961171415195,0.04804376933106112,0.021639375489687522,VSL,VSL_2015_USD,8705114.0,188373.2305265357,522439968.7392099
PM25_MAIN,PM25,p95,Mortality,All-cause mortality,401,78.96271661431079,13.12247880382179,65.840237810489,9240,6.44018355644251e-05,0.008066,5e-05,1.7007466460160905,0.412022947484596,0.5950729606152879,0.24518371520109583,VSL,VSL_2015_USD,8705114.0,2134352.1917690723,5919476399.218098
PM25_MAIN,PM25,p95,Mortality,All-cause mortality,402,74.25703242336526,12.615169480314266,61.641862943051,8169,6.44018355644251e-05,0.008066,5e-05,1.644116678597786,0.3917706614028953,0.5260985947257887,0.206109994418856,VSL,VSL_2015_USD,8705114.0,1794210.9979555053,4976118608.059736
PM25_MAIN,PM25,p95,Mortality,All-cause mortality,403,85.09929526000323,13.71413239180436,71.38516286819888,73,6.44018355644251e-05,0.008066,5e-05,1.7785398589232748,0.4377410239175643,0.004701333996203033,0.0020579667572763697,VSL,VSL_2015_USD,8705114.0,17914.835230301127,49685541.47277405
PM25_MAIN,PM25,p95,Mortality,All-cause mortality,420,86.16884212603311,13.131977465714565,73.03686466031854,4864,6.44018355644251e-05,0.008066,5e-05,1.8023932233748707,0.4451821128535085,0.3132505281853637,0.13945353199003774,VSL,VSL_2015_USD,8705114.0,1213958.8936759254,3366830014.487622
PM25_MAIN,PM25,p95,Mortality,All-cause mortality,421,78.40927801142085,13.078919733447233,65.33035827797362,9380,6.44018355644251e-05,0.008066,5e-05,1.6937663688589384,0.40959980172845034,0.6040892175943074,0.24743482375292303,VSL,VSL_2015_USD,8705114.0,2153948.3483391027,5973824967.7341175
PM25_MAIN,PM25,p95,Mortality,All-cause mortality,422,80.5705082527169,13.388310066492162,67.18219818622474,9380,6.44018355644251e-05,0.008066,5e-05,1.719255950940207,0.4183530384448392,0.6040892175943074,0.25272255967234414,VSL,VSL_2015_USD,8705114.0,2199978.6923195585,6101486904.6398325
PM25_MAIN,PM25,p95,Mortality,All-cause mortality,423,80.21191657652092,13.073472383125688,67.13844419339523,9380,6.44018355644251e-05,0.008066,5e-05,1.7186492986912458,0.41814772754307605,0.6040892175943074,0.25259853357033446,VSL,VSL_2015_USD,8705114.0,2198899.0309625883,6098492539.442571
PM25_MAIN,PM25,p95,Mortality,All-cause mortality,424,78.22115092145454,12.697065994864529,65.52408492659,9380,6.44018355644251e-05,0.008066,5e-05,1.6964151156691847,0.41052164015555226,0.6040892175943074,0.2479916964070994,VSL,VSL_2015_USD,8705114.0,2158795.988277191,5987269557.767609
PM25_MAIN,PM25,p95,Mortality,All-cause mortality,425,81.50133085095844,12.84397927362757,68.65735157733087,9380,6.44018355644251e-05,0.008066,5e-05,1.7398348550351095,0.4252328046504045,0.6040892175943074,0.2568785522566958,VSL,VSL_2015_USD,8705114.0,2236157.0815494945,6201825134.681814
PM25_MAIN,PM25,p95,Mortality,All-cause mortality,426,79.64235319050646,13.123623978018768,66.51872921248768,9380,6.44018355644251e-05,0.008066,5e-05,1.7100798576904759,0.41523198726488963,0.6040892175943074,0.2508371663069766,VSL,VSL_2015_USD,8705114.0,2183566.1281391904,6055967806.765075
PM25_MAIN,PM25,p95,Mortality,All-cause mortality,427,80.96035318351083,13.517042023090198,67.44331116042063,9380,6.44018355644251e-05,0.008066,5e-05,1.722880755768856,0.4195767776431294,0.6040892175943074,0.25346180732717877,VSL,VSL_2015_USD,8705114.0,2206413.9274291266,6119334578.749763
PM25_MAIN,PM25,p95,Mortality,All-cause mortality,428,83.32319837563237,12.74099583914188,70.5822025364905,9380,6.44018355644251e-05,0.008066,5e-05,1.767058051006123,0.4340876354171711,0.6040892175943074,0.26222766004652187,VSL,VSL_2015_USD,8705114.0,2282721.6746582184,6330968774.147343
PM25_MAIN,PM25,p95,Mortality,All-cause mortality,429,81.61884487018396,13.224771857323113,68.39407301286084,9380,6.44018355644251e-05,0.008066,5e-05,1.7361440534991481,0.4240109292863522,0.6040892175943074,0.25614043052402774,VSL,VSL_2015_USD,8705114.0,2229731.647720741,6184004643.738134
PM25_MAIN,PM25,p95,Mortality,All-cause mortality,430,81.02447571850439,13.191188146946258,67.83328757155813,9380,6.44018355644251e-05,0.008066,5e-05,1.728308695320185,0.4213996592693524,0.6040892175943074,0.25456299046253084,VSL,VSL_2015_USD,8705114.0,2215999.8521572435,6145920469.968464
PM25_MAIN,PM25,p95,Mortality,All-cause mortality,431,81.28585045748362,12.919165858868476,68.36668459861514,9380,6.44018355644251e-05,0.008066,5e-05,1.7357605556853413,0.4238836706338429,0.6040892175943074,0.2560635549442013,VSL,VSL_2015_USD,8705114.0,2229062.437034536,6182148634.744693
PM25_MAIN,PM25,p95,Mortality,All-cause mortality,432,79.87247611066122,13.173650091557384,66.69882601910385,9380,6.44018355644251e-05,0.008066,5e-05,1.7125658289360985,0.4160808401617867,0.6040892175943074,0.2513499491893158,VSL,VSL_2015_USD,8705114.0,2188029.961587202,6068347936.364793
PM25_MAIN,PM25,p95,Mortality,All-cause mortality,433,77.33835639702366,12.954748641674849,64.3836077553488,9380,6.44018355644251e-05,0.008066,5e-05,1.68088120074712,0.40507395790046385,0.6040892175943074,0.24470081029592064,VSL,VSL_2015_USD,8705114.0,2130148.449518363,5907817614.347713
PM25_MAIN,PM25,p95,Mortality,All-cause mortality,434,78.49286117584705,13.15380073068584,65.33906044516121,9380,6.44018355644251e-05,0.008066,5e-05,1.693885261339385,0.4096412414561762,0.6040892175943074,0.24745985704562226,VSL,VSL_2015_USD,8705114.0,2154166.266005845,5974429347.12859
PM25_MAIN,PM25,p95,Mortality,All-cause mortality,435,78.84065975849308,13.161660152746151,65.67899960574692,9379,6.44018355644251e-05,0.008066,5e-05,1.6985361821745468,0.41125775800680764,0.604024815758743,0.2484098915094157,VSL,VSL_2015_USD,8705114.0,2162436.424317096,5997366052.293763
PM25_MAIN,PM25,p95,Mortality,All-cause mortality,436,78.06306112967982,13.19323803567743,64.8698230940024,9379,6.44018355644251e-05,0.008066,5e-05,1.6874862457695057,0.4074025773501977,0.604024815758743,0.2460812667235902,VSL,VSL_2015_USD,8705114.0,2142165.4800932594,5941146007.455048
PM25_MAIN,PM25,p95,Mortality,All-cause mortality,437,83.73661487386498,13.623361823354726,70.11325305051025,9289,6.44018355644251e-05,0.008066,5e-05,1.7603866969726096,0.4319429920029899,0.5982286505579447,0.25840067322390975,VSL,VSL_2015_USD,8705114.0,2249407.3180908817,6238573738.212793
PM25_MAIN,PM25,p95,Mortality,All-cause mortality,438,83.09004640149777,13.207572513437832,69.88247388805993,8853,6.44018355644251e-05,0.008066,5e-05,1.7571128472582416,0.430884589137017,0.5701494502518554,0.24566861161846681,VSL,VSL_2015_USD,8705114.0,2138573.270360478,5931183265.21586
PM25_MAIN,PM25,p95,Mortality,All-cause mortality,439,81.84770742886059,13.556816832626676,68.29089059623391,8857,6.44018355644251e-05,0.008066,5e-05,1.734699715099828,0.42353135168270195,0.5704070575941131,0.24158527211218755,VSL,VSL_2015_USD,8705114.0,2103027.3344576135,5832599100.204779
PM25_MAIN,PM25,p95,Mortality,All-cause mortality,440,80.75992084187013,13.753948126980738,67.0059727148894,8213,6.44018355644251e-05,0.008066,5e-05,1.7168138769916887,0.4175256774180647,0.5289322754906234,0.22084280663250094,VSL,VSL_2015_USD,8705114.0,1922461.8078158768,5331813251.650786
PM25_MAIN,PM25,p95,Mortality,All-cause mortality,441,21.914124704298693,17.257384450997655,4.656740253301038,9110,6.44018355644251e-05,0.008066,5e-05,1.0382756070434827,0.03686459239129525,0.5867007219919127,0.021628482971910494,VSL,VSL_2015_USD,8705114.0,188278.40991753965,522176990.417602
PM25_MAIN,PM25,p95,Mortality,All-cause mortality,442,23.312960995322847,19.003359092276987,4.309601903045859,9379,6.44018355644251e-05,0.008066,5e-05,1.035372483020595,0.034164016912444195,0.604024815758743,0.020635914021117686,VSL,VSL_2015_USD,8705114.0,179637.98404802787,498213374.0983219
PM25_MAIN,PM25,p95,Mortality,All-cause mortality,443,75.82062349017725,12.855719053313369,62.96490443686389,9374,6.44018355644251e-05,0.008066,5e-05,1.661756074119781,0.39822696268482605,0.6037028065809209,0.24041073502902516,VSL,VSL_2015_USD,8705114.0,2092802.8552514573,5804242222.840049
PM25_MAIN,PM25,p95,Mortality,All-cause mortality,444,84.24774182871319,13.278666841917495,70.96907498679569,4839,6.44018355644251e-05,0.008066,5e-05,1.772580791361993,0.43585081996085906,0.3116404822962531,0.1358287597418195,VSL,VSL_2015_USD,8705114.0,1182404.8380311492,3279317049.94073
PM25_MAIN,PM25,p95,Mortality,All-cause mortality,445,82.71289190652081,13.821318175059506,68.8915737314613,6092,6.44018355644251e-05,0.008066,5e-05,1.7431249203711767,0.4263176503798348,0.3923359822584777,0.16725975411589877,VSL,VSL_2015_USD,8705114.0,1456015.227190868,4038156311.547969
PM25_MAIN,PM25,p95,Mortality,All-cause mortality,446,80.62001289061497,12.83378280279737,67.7862300878176,858,6.44018355644251e-05,0.008066,5e-05,1.7276528131659532,0.4211800007621421,0.05525677491427674,0.023273048500508594,VSL,VSL_2015_USD,8705114.0,202594.54032445638,561881775.972057
PM25_MAIN,PM25,p95,Mortality,All-cause mortality,461,81.1904643697039,13.155126409363332,68.03533796034057,2433,6.44018355644251e-05,0.008066,5e-05,1.731127682912349,0.42234185850597805,0.15668966592824626,0.06617660471681636,VSL,VSL_2015_USD,8705114.0,576074.8881928241,1597703377.160624
PM25_MAIN,PM25,p95,Mortality,All-cause mortality,462,78.34258734238506,12.902099412018494,65.44048793036657,7924,6.44018355644251e-05,0.008066,5e-05,1.6952716197704902,0.41012402476519827,0.5103201450125044,0.20929455179128795,VSL,VSL_2015_USD,8705114.0,1821932.9329220657,5053003454.154044
PM25_MAIN,PM25,p95,Mortality,All-cause mortality,463,84.34388085921901,13.004418842627624,71.33946201659138,8501,6.44018355644251e-05,0.008066,5e-05,1.7778843689238126,0.4375337240827877,0.5474800041331778,0.23954096506924927,VSL,VSL_2015_USD,8705114.0,2085231.4085978328,5783243345.547487
PM25_MAIN,PM25,p95,Mortality,All-cause mortality,464,76.06407043716726,12.985200046349384,63.07887039081788,8783,6.44018355644251e-05,0.008066,5e-05,1.6632843446915322,0.3987798880019777,0.5656413217623456,0.22556638294167883,VSL,VSL_2015_USD,8705114.0,1963581.0780749696,5445854669.365462
PM25_MAIN,PM25,p95,Mortality,All-cause mortality,465,76.88901978006876,13.115087594989353,63.77393218507941,9379,6.44018355644251e-05,0.008066,5e-05,1.6726355181042847,0.40214111850657686,0.604024815758743,0.24290321501494994,VSL,VSL_2015_USD,8705114.0,2114500.177671651,5864418227.759887
PM25_MAIN,PM25,p95,Mortality,All-cause mortality,466,80.59063016961885,13.253298170669431,67.33733199894941,9379,6.44018355644251e-05,0.008066,5e-05,1.7214086185038102,0.41908040354232345,0.604024815758743,0.2531349635377516,VSL,VSL_2015_USD,8705114.0,2203568.7149819713,6111443581.192449
PM25_MAIN,PM25,p95,Mortality,All-cause mortality,467,77.25968290490059,12.850375833703929,64.40930707119665,9379,6.44018355644251e-05,0.008066,5e-05,1.6812296678727061,0.40519726774431697,0.604024815758743,0.2447492049952071,VSL,VSL_2015_USD,8705114.0,2130569.7308926475,5908986008.749595
PM25_MAIN,PM25,p95,Mortality,All-cause mortality,468,79.90197729271519,12.992337564083362,66.90963972863183,6428,6.44018355644251e-05,0.008066,5e-05,1.7154803932075557,0.41707290624859383,0.41397499900812457,0.17265775595057725,VSL,VSL_2015_USD,8705114.0,1503005.4485339534,4168480401.127522
PM25_MAIN,PM25,p95,Mortality,All-cause mortality,469,79.82525018416722,13.216461496495096,66.60878868767212,3998,6.44018355644251e-05,0.008066,5e-05,1.7113225447351161,0.41565662003548076,0.25747853858657155,0.10702265908056945,VSL,VSL_2015_USD,8705114.0,931644.4478794922,2583850661.08242
PM25_MAIN,PM25,p95,Mortality,All-cause mortality,470,76.55225357112919,12.871097735042976,63.68115583608621,1575,6.44018355644251e-05,0.008066,5e-05,1.6713842962490006,0.4016935529164376,0.10143289101396953,0.04074493837398722,VSL,VSL_2015_USD,8705114.0,354689.33346853335,983706038.1216344
PM25_MAIN,PM25,p95,Mortality,All-cause mortality,471,81.09035497643123,13.18902426588755,67.90133071054368,5971,6.44018355644251e-05,0.008066,5e-05,1.7292575136295147,0.42171712881494794,0.38454336015518226,0.16216852174949592,VSL,VSL_2015_USD,8705114.0,1411695.4690408413,3915238564.7019405
PM25_MAIN,PM25,p95,Mortality,All-cause mortality,472,76.9424887171897,13.645849343063109,63.2966393741266,9252,6.44018355644251e-05,0.008066,5e-05,1.6662085120261025,0.3998350189773042,0.595845782642061,0.23824000981023516,VSL,VSL_2015_USD,8705114.0,2073906.4447592155,5751834351.088551
PM25_MAIN,PM25,p95,Mortality,All-cause mortality,473,80.29401260928509,12.993684840531609,67.30032776875348,9380,6.44018355644251e-05,0.008066,5e-05,1.7208948958079082,0.41890698703564333,0.6040892175943074,0.25305719404315047,VSL,VSL_2015_USD,8705114.0,2202891.7226657458,6109565990.3928585
PM25_MAIN,PM25,p95,Mortality,All-cause mortality,474,84.32239571898452,12.913110001448077,71.40928571753645,9379,6.44018355644251e-05,0.008066,5e-05,1.7788859518127773,0.4378504147604584,0.604024815758743,0.2644725161055751,VSL,VSL_2015_USD,8705114.0,2302263.402565867,6385166388.578253
PM25_MAIN,PM25,p95,Mortality,All-cause mortality,475,78.85631791271513,13.435656339693184,65.42066157302195,9380,6.44018355644251e-05,0.008066,5e-05,1.695000534629495,0.41002968461093314,0.6040892175943074,0.24769451136705925,VSL,VSL_2015_USD,8705114.0,2156208.9586245464,5980094612.118075
PM25_MAIN,PM25,p95,Mortality,All-cause mortality,476,77.87170887916342,13.427432132255596,64.44427674690783,9380,6.44018355644251e-05,0.008066,5e-05,1.6817039514850278,0.4053650173581679,0.6040892175943074,0.2448766361759985,VSL,VSL_2015_USD,8705114.0,2131679.033848591,5912062582.846698
PM25_MAIN,PM25,p95,Mortality,All-cause mortality,477,80.77691809012127,13.448534786381776,67.3283833037395,9380,6.44018355644251e-05,0.008066,5e-05,1.7212843714116532,0.4190384711505376,0.6040892175943074,0.25313662217924304,VSL,VSL_2015_USD,8705114.0,2203583.1536452393,6111483625.814316
PM25_MAIN,PM25,p95,Mortality,All-cause mortality,478,76.46135812230465,13.294361306523658,63.16699681578099,9379,6.44018355644251e-05,0.008066,5e-05,1.664467073657969,0.39920710008259985,0.604024815758743,0.24113099507697447,VSL,VSL_2015_USD,8705114.0,2099072.8010785016,5821631478.695148
PM25_MAIN,PM25,p95,Mortality,All-cause mortality,479,82.15038563956297,13.094416950842314,69.05596868872065,9380,6.44018355644251e-05,0.008066,5e-05,1.7454378541153375,0.42707785462413805,0.6040892175943074,0.2579931270517509,VSL,VSL_2015_USD,8705114.0,2245859.582201976,6228734341.066425
PM25_MAIN,PM25,p95,Mortality,All-cause mortality,480,86.09043279744947,13.106866566621166,72.9835662308283,9380,6.44018355644251e-05,0.008066,5e-05,1.8016185318116473,0.4449435425187187,0.6040892175943074,0.26878559647377226,VSL,VSL_2015_USD,8705114.0,2339809.2588621858,6489297192.806151
PM25_MAIN,PM25,p95,Mortality,All-cause mortality,481,81.464934740914,13.328587726567909,68.1363470143461,9380,6.44018355644251e-05,0.008066,5e-05,1.732538674917931,0.4228123074670358,0.6040892175943074,0.2554163560070054,VSL,VSL_2015_USD,8705114.0,2223428.496505567,6166523295.063434
PM25_MAIN,PM25,p95,Mortality,All-cause mortality,482,24.188031038034,19.751716422495875,4.436314615538127,9380,6.44018355644251e-05,0.008066,5e-05,1.0364312416949701,0.035150659522179994,0.6040892175943074,0.021234134408677607,VSL,VSL_2015_USD,8705114.0,184845.56071886118,512656223.4645111
PM25_MAIN,PM25,p95,Mortality,All-cause mortality,483,89.89961405525659,14.799620447630785,75.0999936076258,9380,6.44018355644251e-05,0.008066,5e-05,1.8326381640910396,0.4543385488777133,0.6040892175943074,0.27446101851447086,VSL,VSL_2015_USD,8705114.0,2389214.4547245796,6626319045.16679
PM25_MAIN,PM25,p95,Mortality,All-cause mortality,484,87.65216893257224,14.339900733816927,73.3122681987553,9380,6.44018355644251e-05,0.008066,5e-05,1.8064015189624767,0.44641322014921736,0.6040892175943074,0.26967341288369606,VSL,VSL_2015_USD,8705114.0,2347537.801921643,6510731765.9835415
PM25_MAIN,PM25,p95,Mortality,All-cause mortality,485,22.054200455661555,18.05150356398813,4.002696891673423,9380,6.44018355644251e-05,0.008066,5e-05,1.0328125925712663,0.031770132168486565,0.6040892175943074,0.019191994284528786,VSL,VSL_2015_USD,8705114.0,167068.49813417153,463352784.7802553
PM25_MAIN,PM25,p95,Mortality,All-cause mortality,486,87.33729263429748,14.47234047360242,72.86495216069507,9380,6.44018355644251e-05,0.008066,5e-05,1.799895673630333,0.4444122430812718,0.6040892175943074,0.26846464421229665,VSL,VSL_2015_USD,8705114.0,2337015.3328374824,6481548434.551458
PM25_MAIN,PM25,p95,Mortality,All-cause mortality,487,83.8925479923122,13.776831615327326,70.11571637698488,7095,6.44018355644251e-05,0.008066,5e-05,1.760421674780221,0.43195427872424685,0.45693102332959606,0.19737331060906768,VSL,VSL_2015_USD,8705114.0,1718157.1694093435,4765188638.354956
PM25_MAIN,PM25,p95,Mortality,All-cause mortality,488,16.437036444683987,13.368548135648613,3.0684883090353754,654,6.44018355644251e-05,0.008066,5e-05,1.0250592611761151,0.024446646282053064,0.04211880045913401,0.0010296634166488234,VSL,VSL_2015_USD,8705114.0,8963.337423557507,24859188.910617094
PM25_MAIN,PM25,p95,Mortality,All-cause mortality,503,79.29311274646307,13.233560415220156,66.05955233124291,12,6.44018355644251e-05,0.008066,5e-05,1.7037579140652528,0.41306215410970604,0.0007728220267731011,0.00031922353112232607,VSL,VSL_2015_USD,8705114.0,2778.8772299023963,7707021.475728203
PM25_MAIN,PM25,p95,Mortality,All-cause mortality,504,77.9025253541762,13.08212012483541,64.82040522934079,62,6.44018355644251e-05,0.008066,5e-05,1.6868137402051706,0.40716631826915994,0.003992913804994357,0.0016257800131456546,VSL,VSL_2015_USD,8705114.0,14152.60035335442,39251246.39800375
PM25_MAIN,PM25,p95,Mortality,All-cause mortality,505,77.26421715011024,13.22207769877833,64.0421394513319,3191,6.44018355644251e-05,0.008066,5e-05,1.6762579474565,0.40343310436358093,0.2055062572860805,0.08290802734306423,VSL,VSL_2015_USD,8705114.0,721723.8295364912,2001650520.5513906
PM25_MAIN,PM25,p95,Mortality,All-cause mortality,506,77.49789815459349,13.024761879348686,64.4731362752448,7589,6.44018355644251e-05,0.008066,5e-05,1.6820954657045926,0.40550342094815517,0.4887455300984221,0.1981879844280297,VSL,VSL_2015_USD,8705114.0,1725248.9978762234,4784857328.179854
PM25_MAIN,PM25,p95,Mortality,All-cause mortality,507,79.08358669881376,12.924171809295602,66.15941488951816,3876,6.44018355644251e-05,0.008066,5e-05,1.7051308292657368,0.413534737137666,0.24962151464771168,0.10322716744374749,VSL,VSL_2015_USD,8705114.0,898604.2604949105,2492216014.1843996
PM25_MAIN,PM25,p95,Mortality,All-cause mortality,508,81.93239649597211,12.881513143082891,69.05088335288922,3406,6.44018355644251e-05,0.008066,5e-05,1.745366260657295,0.42705435383894397,0.2193526519324319,0.09367550503386349,VSL,VSL_2015_USD,8705114.0,815455.9503273555,2261609996.3163977
PM25_MAIN,PM25,p95,Mortality,All-cause mortality,509,76.86248670235527,13.134149037711971,63.7283376646433,45,6.44018355644251e-05,0.008066,5e-05,1.672020493730116,0.4019212062592028,0.0028980826003991295,0.0011648008545912254,VSL,VSL_2015_USD,8705114.0,10139.724226514041,28121815.361540835
PM25_MAIN,PM25,p95,Mortality,All-cause mortality,513,79.7149962026527,13.044174956171444,66.67082124648125,3157,6.44018355644251e-05,0.008066,5e-05,1.7121790271301724,0.4159489258105644,0.20331659487689005,0.08456931923850412,VSL,VSL_2015_USD,8705114.0,736185.5648735716,2041759131.1873097
PM25_MAIN,PM25,p95,Mortality,All-cause mortality,514,74.16972409958325,13.30929876085538,60.86042533872787,8374,6.44018355644251e-05,0.008066,5e-05,1.6337862775370553,0.38792483830412183,0.5393009710164958,0.20920824197883,VSL,VSL_2015_USD,8705114.0,1821181.5961653008,5050919674.25273
PM25_MAIN,PM25,p95,Mortality,All-cause mortality,515,78.55484643728605,12.94290452350024,65.61194191378581,8986,6.44018355644251e-05,0.008066,5e-05,1.6976177138677058,0.41093922864312826,0.5787148943819239,0.23781665230159726,VSL,VSL_2015_USD,8705114.0,2070221.0693837665,5741613220.4610195
PM25_MAIN,PM25,p95,Mortality,All-cause mortality,516,74.74344176018191,12.850420431233996,61.89302132894791,4255,6.44018355644251e-05,0.008066,5e-05,1.6474507777925746,0.39300159162272297,0.2740298103266288,0.10769415161043801,VSL,VSL_2015_USD,8705114.0,937489.8669021465,2600062521.56242
PM25_MAIN,PM25,p95,Mortality,All-cause mortality,517,72.93806961637378,13.334898334687267,59.603171281686514,4378,6.44018355644251e-05,0.008066,5e-05,1.6173017586764074,0.3816861976218986,0.2819512361010531,0.10761689522220515,VSL,VSL_2015_USD,8705114.0,936817.3412353512,2598197318.7023597
PM25_MAIN,PM25,p95,Mortality,All-cause mortality,518,81.72421275903001,13.308533113786403,68.41567964524361,7540,6.44018355644251e-05,0.008066,5e-05,1.7364466534843659,0.42411130339455394,0.48558984015576523,0.2059441400236147,VSL,VSL_2015_USD,8705114.0,1792767.2165375287,4972114381.361678
PM25_MAIN,PM25,p95,Mortality,All-cause mortality,519,79.02067654318881,13.34043033333005,65.68024620985877,9380,6.44018355644251e-05,0.008066,5e-05,1.6985532612264675,0.4112636778443238,0.6040892175943074,0.2484399533739349,VSL,VSL_2015_USD,8705114.0,2162698.116274788,5998091836.619985
PM25_MAIN,PM25,p95,Mortality,All-cause mortality,520,80.17887344242517,13.334963569175365,66.8439098732498,9380,6.44018355644251e-05,0.008066,5e-05,1.7145711259935343,0.4167637697616453,0.6040892175943074,0.2517624995969664,VSL,VSL_2015_USD,8705114.0,2191621.2599165463,6078308150.890347
PM25_MAIN,PM25,p95,Mortality,All-cause mortality,521,82.39567807449879,13.267507283702663,69.12817079079612,9380,6.44018355644251e-05,0.008066,5e-05,1.7464546620314843,0.42741141711815445,0.6040892175943074,0.2581946285577801,VSL,VSL_2015_USD,8705114.0,2247613.6757831313,6233599196.827209
PM25_MAIN,PM25,p95,Mortality,All-cause mortality,522,82.55171606220719,13.349346888739738,69.20236917346745,9380,6.44018355644251e-05,0.008066,5e-05,1.7475002003113234,0.42775399978675455,0.6040892175943074,0.2584015790540161,VSL,VSL_2015_USD,8705114.0,2249415.203445222,6238595607.691082
PM25_MAIN,PM25,p95,Mortality,All-cause mortality,523,78.91178842200378,13.472144674799678,65.4396437472041,9380,6.44018355644251e-05,0.008066,5e-05,1.6952600763978292,0.4101200081790114,0.6040892175943074,0.24774907486062997,VSL,VSL_2015_USD,8705114.0,2156683.940056318,5981411939.870394
PM25_MAIN,PM25,p95,Mortality,All-cause mortality,524,82.30040788805545,13.79991072091597,68.50049716713947,9380,6.44018355644251e-05,0.008066,5e-05,1.7376350293137832,0.42450515607128714,0.6040892175943074,0.2564389875958532,VSL,VSL_2015_USD,8705114.0,2232330.6210664883,6191212714.38443
PM25_MAIN,PM25,p95,Mortality,All-cause mortality,525,18.52876895395368,15.126715079082906,3.4020538748707736,9380,6.44018355644251e-05,0.008066,5e-05,1.0278209375051819,0.027067883606955112,0.6040892175943074,0.016351416630059293,VSL,VSL_2015_USD,8705114.0,142340.94582616197,394772649.3826524
PM25_MAIN,PM25,p95,Mortality,All-cause mortality,526,76.49828542067081,12.601900120314676,63.89638530035614,9380,6.44018355644251e-05,0.008066,5e-05,1.6742884077768063,0.4027313362768581,0.6040892175943074,0.24328565783219713,VSL,VSL_2015_USD,8705114.0,2117829.385994269,5873651553.998085
PM25_MAIN,PM25,p95,Mortality,All-cause mortality,527,77.34077664879297,13.19214864469442,64.14862800409855,9380,6.44018355644251e-05,0.008066,5e-05,1.67769836539561,0.4039452975420913,0.6040892175943074,0.24401899874310165,VSL,VSL_2015_USD,8705114.0,2124213.2022245564,5891356621.445651
PM25_MAIN,PM25,p95,Mortality,All-cause mortality,528,82.53854602265328,13.64851654421768,68.8900294784356,9380,6.44018355644251e-05,0.008066,5e-05,1.7431032082384281,0.42631050457959097,0.6040892175943074,0.25752957916371955,VSL,VSL_2015_USD,8705114.0,2241824.344992203,6217542893.131725
PM25_MAIN,PM25,p95,Mortality,All-cause mortality,529,83.46186250066195,13.460761840631614,70.00110066003033,8735,6.44018355644251e-05,0.008066,5e-05,1.7587949339585216,0.4314288830993509,0.5625500336552532,0.24270033270738817,VSL,VSL_2015_USD,8705114.0,2112734.0640557427,5859520035.274118
PM25_MAIN,PM25,p95,Mortality,All-cause mortality,530,83.03953089585842,13.7100112724566,69.32951962340182,5649,6.44018355644251e-05,0.008066,5e-05,1.749293348068973,0.4283405918716322,0.3638059691034374,0.1558328641321991,VSL,VSL_2015_USD,8705114.0,1356542.8472173042,3762276628.757888
PM25_MAIN,PM25,p95,Mortality,All-cause mortality,531,88.94618438603835,13.657800140437846,75.28838424560051,927,6.44018355644251e-05,0.008066,5e-05,1.8354250826050635,0.4551670839211396,0.05970050156822207,0.02717370320743706,VSL,VSL_2015_USD,8705114.0,236550.18422290526,656055377.4293321
PM25_MAIN,PM25,p95,Mortality,All-cause mortality,546,77.92687692476304,13.368090665351746,64.55878625941129,3,6.44018355644251e-05,0.008066,5e-05,1.683257947525985,0.4059139887206368,0.0001932055066932753,7.842481786465906e-05,VSL,VSL_2015_USD,8705114.0,682.6969799410937,1893412.2850780273
PM25_MAIN,PM25,p95,Mortality,All-cause mortality,547,79.2153013959589,13.08947051966779,66.12583087629112,544,6.44018355644251e-05,0.008066,5e-05,1.7046689912323132,0.4133758488343855,0.035034598547047255,0.014482456912957587,VSL,VSL_2015_USD,8705114.0,126071.43842738388,349650309.4776592
PM25_MAIN,PM25,p95,Mortality,All-cause mortality,555,80.254127428425,13.26333646329094,66.99079096513405,86,6.44018355644251e-05,0.008066,5e-05,1.7166036557143718,0.4174543455787726,0.0055385578585405585,0.002312095046287217,VSL,VSL_2015_USD,8705114.0,20127.0509567655,55820966.93502214
PM25_MAIN,PM25,p95,Mortality,All-cause mortality,556,83.08376053015208,13.234233166698909,69.84952736345318,695,6.44018355644251e-05,0.008066,5e-05,1.756645962413993,0.4307333285155569,0.04475927571727544,0.019279311811647593,VSL,VSL_2015_USD,8705114.0,167828.60716193882,465460893.961136
PM25_MAIN,PM25,p95,Mortality,All-cause mortality,559,81.01042959063601,13.222701312946874,67.78772827768913,1595,6.44018355644251e-05,0.008066,5e-05,1.7276736909388986,0.42118699541199056,0.10272092772525804,0.04326471891453367,VSL,VSL_2015_USD,8705114.0,376624.3103289719,1044541160.9956805
PM25_MAIN,PM25,p95,Mortality,All-cause mortality,560,79.84574869880792,13.166184561574946,66.67956413723297,8277,6.44018355644251e-05,0.008066,5e-05,1.7122997745211537,0.41599011173166156,0.5330539929667466,0.22174519009324525,VSL,VSL_2015_USD,8705114.0,1930317.1587133706,5353599517.490423
PM25_MAIN,PM25,p95,Mortality,All-cause mortality,561,79.8636393215133,13.332951474294132,66.53068784721917,9379,6.44018355644251e-05,0.008066,5e-05,1.7102448171237887,0.41528839030089615,0.604024815758743,0.2508444934382438,VSL,VSL_2015_USD,8705114.0,2183629.911652164,6056144705.873461
PM25_MAIN,PM25,p95,Mortality,All-cause mortality,562,78.7573404255609,13.291909608558168,65.46543081700273,9379,6.44018355644251e-05,0.008066,5e-05,1.6956127246331802,0.4102426895762211,0.604024815758743,0.24779676498764816,VSL,VSL_2015_USD,8705114.0,2157099.088048686,5982563323.766867
PM25_MAIN,PM25,p95,Mortality,All-cause mortality,563,78.32146836613533,12.501823468602955,65.81964489753238,9379,6.44018355644251e-05,0.008066,5e-05,1.700464171315842,0.411925274952317,0.604024815758743,0.24881308830944285,VSL,VSL_2015_USD,8705114.0,2165946.298425767,6007100442.442975
PM25_MAIN,PM25,p95,Mortality,All-cause mortality,564,12.88001085652075,10.50374981664356,2.376261039877191,9379,6.44018355644251e-05,0.008066,5e-05,1.01935178619495,0.018984404066418104,0.604024815758743,0.011467051168507726,VSL,VSL_2015_USD,8705114.0,99821.98766569297,276849295.25166285
PM25_MAIN,PM25,p95,Mortality,All-cause mortality,565,78.52690374435852,13.530512379992002,64.99639136436652,9379,6.44018355644251e-05,0.008066,5e-05,1.689209879597743,0.4080072511545261,0.604024815758743,0.2464465047068438,VSL,VSL_2015_USD,8705114.0,2145344.9183746115,5949963956.967698
PM25_MAIN,PM25,p95,Mortality,All-cause mortality,566,72.09629859536295,12.684072681098844,59.412225914264106,9379,6.44018355644251e-05,0.008066,5e-05,1.6148127637975043,0.38073315840758437,0.604024815758743,0.22997227586038546,VSL,VSL_2015_USD,8705114.0,2001934.8782041036,5552226249.2576065
PM25_MAIN,PM25,p95,Mortality,All-cause mortality,567,14.574764113882557,11.890390779661464,2.6843733342210925,9379,6.44018355644251e-05,0.008066,5e-05,1.0218882642385336,0.0214194300928231,0.604024815758743,0.012937867315474747,VSL,VSL_2015_USD,8705114.0,112625.60989808165,312359245.2596366
PM25_MAIN,PM25,p95,Mortality,All-cause mortality,568,15.718852602253186,12.817995468114484,2.900857134138702,9379,6.44018355644251e-05,0.008066,5e-05,1.0236742017546496,0.023126695694851374,0.604024815758743,0.013969098106191116,VSL,VSL_2015_USD,8705114.0,121602.59149157777,337256275.3204865
PM25_MAIN,PM25,p95,Mortality,All-cause mortality,569,78.65436101014966,12.62269499478357,66.03166601536608,9380,6.44018355644251e-05,0.008066,5e-05,1.7033747291499315,0.41293011873021646,0.6040892175943074,0.24944663234486095,VSL,VSL_2015_USD,8705114.0,2171461.3714781017,6022396111.498511
PM25_MAIN,PM25,p95,Mortality,All-cause mortality,570,16.179552617621304,13.185736967204486,2.9938156504168187,9380,6.44018355644251e-05,0.008066,5e-05,1.0244420439731108,0.023858884079295373,0.6040892175943074,0.01441289461613482,VSL,VSL_2015_USD,8705114.0,125465.89070343984,347970865.2536411
PM25_MAIN,PM25,p95,Mortality,All-cause mortality,571,82.32692820110154,13.36571274982349,68.96121545127805,9380,6.44018355644251e-05,0.008066,5e-05,1.7441043611929465,0.42663981453723787,0.6040892175943074,0.25772851175838046,VSL,VSL_2015_USD,8705114.0,2243556.0759070423,6222345727.602868
PM25_MAIN,PM25,p95,Mortality,All-cause mortality,572,83.53205094123587,13.726534828974696,69.80551611226117,5729,6.44018355644251e-05,0.008066,5e-05,1.7560224729902971,0.43053120596052563,0.3689581159485914,0.1588479826082705,VSL,VSL_2015_USD,8705114.0,1382789.797275012,3835070707.456436
PM25_MAIN,PM25,p95,Mortality,All-cause mortality,573,81.005624713942,13.875001894866982,67.13062281907501,2857,6.44018355644251e-05,0.008066,5e-05,1.718540877330194,0.41811101895141956,0.18399604420756252,0.07693077352665441,VSL,VSL_2015_USD,8705114.0,669691.1536577087,1857341536.288899
PM25_MAIN,PM25,p95,Mortality,All-cause mortality,601,79.89977027462565,12.88220153705442,67.01756873757122,418,6.44018355644251e-05,0.008066,5e-05,1.7169744641450124,0.4175801557433403,0.02691996726592969,0.011241244123512543,VSL,VSL_2015_USD,8705114.0,97856.31159700677,271397630.2724865
PM25_MAIN,PM25,p95,Mortality,All-cause mortality,602,82.36026194584339,12.998544562684284,69.3617173831591,5837,6.44018355644251e-05,0.008066,5e-05,1.7497477110223774,0.42848903661905624,0.3759135141895493,0.1610748195471639,VSL,VSL_2015_USD,8705114.0,1402174.6666874902,3888833285.8310857
PM25_MAIN,PM25,p95,Mortality,All-cause mortality,603,83.8370313061937,13.549511058880029,70.28752024731367,9379,6.44018355644251e-05,0.008066,5e-05,1.7628629054577658,0.43274091427981565,0.604024815758743,0.26138625101913565,VSL,VSL_2015_USD,8705114.0,2275397.113154192,6310654615.535231
PM25_MAIN,PM25,p95,Mortality,All-cause mortality,604,72.04283480726484,12.882962351771766,59.15987245549307,9379,6.44018355644251e-05,0.008066,5e-05,1.6115291828414327,0.3794713675387438,0.604024815758743,0.22921012286330797,VSL,VSL_2015_USD,8705114.0,1995300.2494791022,5533825570.912827
PM25_MAIN,PM25,p95,Mortality,All-cause mortality,605,77.04214638391994,13.277413394100568,63.76473298981937,9380,6.44018355644251e-05,0.008066,5e-05,1.6725114119674358,0.4020967553078374,0.6040892175943074,0.2429023143111212,VSL,VSL_2015_USD,8705114.0,2114492.3369421414,5864396482.045443
PM25_MAIN,PM25,p95,Mortality,All-cause mortality,606,14.762796120647131,12.060996550187726,2.701799570459407,9380,6.44018355644251e-05,0.008066,5e-05,1.0220319109701812,0.021556969732253184,0.6040892175943074,0.013022332979260993,VSL,VSL_2015_USD,8705114.0,113360.89313042657,314398501.83471894
PM25_MAIN,PM25,p95,Mortality,All-cause mortality,607,79.65300500626573,13.186088249707348,66.46691675655838,9379,6.44018355644251e-05,0.008066,5e-05,1.7093653316830124,0.4149875503702788,0.604024815758743,0.25066277865457975,VSL,VSL_2015_USD,8705114.0,2182048.0637448835,6051757561.431972
PM25_MAIN,PM25,p95,Mortality,All-cause mortality,608,80.08917609639128,13.259004261375912,66.83017183501538,9380,6.44018355644251e-05,0.008066,5e-05,1.714381143150665,0.4166991371812371,0.6040892175943074,0.2517234557520365,VSL,VSL_2015_USD,8705114.0,2191281.3787954333,6077365514.392618
PM25_MAIN,PM25,p95,Mortality,All-cause mortality,609,81.21925009261331,13.644457125751272,67.57479296686203,9380,6.44018355644251e-05,0.008066,5e-05,1.7247088956038366,0.4201920088955703,0.6040892175943074,0.25383346189310535,VSL,VSL_2015_USD,8705114.0,2209649.222794138,6128307443.973946
PM25_MAIN,PM25,p95,Mortality,All-cause mortality,610,71.62444604061275,12.87673318955722,58.74771285105553,9379,6.44018355644251e-05,0.008066,5e-05,1.606180582901112,0.37740500000704635,0.604024815758743,0.22796198559568456,VSL,VSL_2015_USD,8705114.0,1984435.072276792,5503691762.504623
PM25_MAIN,PM25,p95,Mortality,All-cause mortality,611,11.686223246110876,9.48110999479424,2.205113251316636,9380,6.44018355644251e-05,0.008066,5e-05,1.0179455642686899,0.017629198356576392,0.6040892175943074,0.010649608642039083,VSL,VSL_2015_USD,8705114.0,92706.05728433542,257113760.45409435
PM25_MAIN,PM25,p95,Mortality,All-cause mortality,612,89.23353701809319,14.466433588135905,74.76710342995729,9380,6.44018355644251e-05,0.008066,5e-05,1.827723962195586,0.4528714287912864,0.6040892175943074,0.2735747470893443,VSL,VSL_2015_USD,8705114.0,2381499.3609339106,6604921772.594935
PM25_MAIN,PM25,p95,Mortality,All-cause mortality,613,81.47372749011657,13.691587290296717,67.78214019981985,9380,6.44018355644251e-05,0.008066,5e-05,1.7275958205041566,0.42116090573304676,0.6040892175943074,0.2544187620255861,VSL,VSL_2015_USD,8705114.0,2214744.327171598,6142438359.307525
PM25_MAIN,PM25,p95,Mortality,All-cause mortality,614,83.48665482564931,13.77258989169792,69.71406493395139,5064,6.44018355644251e-05,0.008066,5e-05,1.7547276290609661,0.43011098506772527,0.3261308952982487,0.14027248063774891,VSL,VSL_2015_USD,8705114.0,1221087.935014397,3386601911.6069784
PM25_MAIN,PM25,p95,Mortality,All-cause mortality,643,79.76321346270647,13.023382614688098,66.73983084801837,249,6.44018355644251e-05,0.008066,5e-05,1.713132345116622,0.41627393654053935,0.01603605705554185,0.0066753925970990955,VSL,VSL_2015_USD,8705114.0,58110.0535525037,161164165.8241203
PM25_MAIN,PM25,p95,Mortality,All-cause mortality,644,77.1451035668227,13.032602132791364,64.11250143403133,2838,6.44018355644251e-05,0.008066,5e-05,1.6772095604906179,0.4037715837325183,0.18277240933183844,0.07379830517852452,VSL,VSL_2015_USD,8705114.0,642422.6595858464,1781714276.7751737
PM25_MAIN,PM25,p95,Mortality,All-cause mortality,645,78.83417580905444,13.237787085169236,65.59638872388521,7418,6.44018355644251e-05,0.008066,5e-05,1.6974047576379565,0.4108653251381469,0.4777328162169054,0.1962838488641214,VSL,VSL_2015_USD,8705114.0,1708673.2807209473,4738885736.949897
PM25_MAIN,PM25,p95,Mortality,All-cause mortality,646,75.44615718635694,13.699972456125684,61.746184730231256,9380,6.44018355644251e-05,0.008066,5e-05,1.645500718479409,0.3922822465102962,0.6040892175943074,0.23697347537054206,VSL,VSL_2015_USD,8705114.0,2062881.1180767608,5721256379.307631
PM25_MAIN,PM25,p95,Mortality,All-cause mortality,647,84.22247126242807,13.43080035566024,70.79167090676783,9380,6.44018355644251e-05,0.008066,5e-05,1.77004614617994,0.4350429777448629,0.6040892175943074,0.26280477204579195,VSL,VSL_2015_USD,8705114.0,2287745.500402632,6344902003.181672
PM25_MAIN,PM25,p95,Mortality,All-cause mortality,648,82.73244021254439,13.389368390065282,69.3430718224791,7672,6.44018355644251e-05,0.008066,5e-05,1.7494845773411258,0.4284030777111484,0.4940908824502694,0.21167005471071262,VSL,VSL_2015_USD,8705114.0,1842611.9566429905,5110355278.912369
PM25_MAIN,PM25,p95,Mortality,All-cause mortality,649,77.1693268491575,13.342839028628614,63.82648782052888,8354,6.44018355644251e-05,0.008066,5e-05,1.6733447216183481,0.4023945053994217,0.5380129343052072,0.2164934485982354,VSL,VSL_2015_USD,8705114.0,1884600.1503007794,5226806594.84869
PM25_MAIN,PM25,p95,Mortality,All-cause mortality,650,80.69052271981012,13.807814231353571,66.88270848845654,9380,6.44018355644251e-05,0.008066,5e-05,1.7151077843626032,0.41694626476688956,0.6040892175943074,0.25187274286189926,VSL,VSL_2015_USD,8705114.0,2192580.9401055193,6080969756.71685
PM25_MAIN,PM25,p95,Mortality,All-cause mortality,651,12.059738325785505,9.838482622411918,2.2212557033735862,9380,6.44018355644251e-05,0.008066,5e-05,1.0180781145186717,0.017757099637898288,0.6040892175943074,0.010726872427002137,VSL,VSL_2015_USD,8705114.0,93378.64734051027,258979141.8935914
PM25_MAIN,PM25,p95,Mortality,All-cause mortality,652,80.89631611178703,13.239665190686228,67.6566509211008,9380,6.44018355644251e-05,0.008066,5e-05,1.7258480387215092,0.4205747101924513,0.6040892175943074,0.2540646476201105,VSL,VSL_2015_USD,8705114.0,2211661.7209028904,6133888966.6037035
PM25_MAIN,PM25,p95,Mortality,All-cause mortality,653,15.252521678006522,12.41693442699349,2.835587251013031,9358,6.44018355644251e-05,0.008066,5e-05,1.02313541303394,0.02261226885435985,0.60267237721189,0.013627789824611432,VSL,VSL_2015_USD,8705114.0,118631.46399128252,329016061.17734265
PM25_MAIN,PM25,p95,Mortality,All-cause mortality,654,86.0257820565643,13.83127207961208,72.19450997695222,9380,6.44018355644251e-05,0.008066,5e-05,1.7901884926661056,0.44139960451275595,0.6040892175943074,0.2666447417365475,VSL,VSL_2015_USD,8705114.0,2321172.874317204,6437610484.817563
PM25_MAIN,PM25,p95,Mortality,All-cause mortality,655,83.93182043620614,13.56234933030409,70.36947110590205,2972,6.44018355644251e-05,0.008066,5e-05,1.7640285706026588,0.4331157574968515,0.1914022552974714,0.08289933278977009,VSL,VSL_2015_USD,8705114.0,721648.1424588866,2001440607.7397497
PM25_MAIN,PM25,p95,Mortality,All-cause mortality,686,78.15611042680722,13.228783272712612,64.9273271540946,1809,6.44018355644251e-05,0.008066,5e-05,1.6882691302635902,0.40767737674391424,0.11650292053604501,0.04749560502713952,VSL,VSL_2015_USD,8705114.0,413454.65626022266,1146687547.3117893
PM25_MAIN,PM25,p95,Mortality,All-cause mortality,687,76.26379075831623,13.176158151055551,63.08763260726068,5329,6.44018355644251e-05,0.008066,5e-05,1.6634019031930312,0.39882237835581347,0.3431973817228214,0.13687479602418362,VSL,VSL_2015_USD,8705114.0,1191510.7031172651,3304571529.3465166
PM25_MAIN,PM25,p95,Mortality,All-cause mortality,688,78.59980405072727,13.47221296895048,65.12759108177679,8364,6.44018355644251e-05,0.008066,5e-05,1.6909984438565597,0.40863340020623584,0.5386569526608516,0.2201132221105332,VSL,VSL_2015_USD,8705114.0,1916110.691379512,5314198874.79268
PM25_MAIN,PM25,p95,Mortality,All-cause mortality,689,81.16287951616484,13.021548633876847,68.14133088228799,1634,6.44018355644251e-05,0.008066,5e-05,1.7326083241626486,0.4228355098759614,0.10523259931227061,0.04449607978577669,VSL,VSL_2015_USD,8705114.0,387343.4470882816,1074269936.4580529
PM25_MAIN,PM25,p95,Mortality,All-cause mortality,690,86.01501103607146,13.809921000759688,72.20509003531177,2836,6.44018355644251e-05,0.008066,5e-05,1.7903412716345282,0.4414472727386607,0.18264360566070958,0.08062752160207566,VSL,VSL_2015_USD,8705114.0,701871.7670835312,1946592214.982478
PM25_MAIN,PM25,p95,Mortality,All-cause mortality,691,81.00598015381446,13.587818995969096,67.41816115784536,1951,6.44018355644251e-05,0.008066,5e-05,1.7225312877629655,0.4194590210905892,0.12564798118619336,0.05270417919036943,VSL,VSL_2015_USD,8705114.0,458795.8881285936,1272438280.0124853
PM25_MAIN,PM25,p95,Mortality,All-cause mortality,692,84.65265315766943,13.51125396246044,71.14139919520899,3072,6.44018355644251e-05,0.008066,5e-05,1.7750463333963058,0.43663442402281505,0.1978424388539139,0.0863848193362477,VSL,VSL_2015_USD,8705114.0,751989.7001914405,2085590794.2019467
PM25_MAIN,PM25,p95,Mortality,All-cause mortality,693,80.27402364928233,13.791333686308548,66.48268996297378,2789,6.44018355644251e-05,0.008066,5e-05,1.7095828223991243,0.4150619748292387,0.1796167193891816,0.07455207026202293,VSL,VSL_2015_USD,8705114.0,648984.2705669195,1799912445.5184114
PM25_MAIN,PM25,p95,Mortality,All-cause mortality,694,85.04131358908585,14.266938225277196,70.77437536380864,366,6.44018355644251e-05,0.008066,5e-05,1.7697992316120612,0.4349641574377181,0.023571071816579588,0.010252571392602484,VSL,VSL_2015_USD,8705114.0,89249.80276574338,247528080.48459566
PM25_MAIN,PM25,p95,Mortality,All-cause mortality,695,82.77205903842449,13.945721263849046,68.82633777457544,3681,6.44018355644251e-05,0.008066,5e-05,1.742207941117393,0.42601570317798343,0.2370631567126488,0.10099262740453156,VSL,VSL_2015_USD,8705114.0,879152.3347159714,2438267459.671316
PM25_MAIN,PM25,p95,Mortality,All-cause mortality,696,80.61240653031487,14.233581195991432,66.37882533432344,886,6.44018355644251e-05,0.008066,5e-05,1.7081511813951267,0.4145717247443792,0.05706002631008064,0.023655473521329788,VSL,VSL_2015_USD,8705114.0,205923.59372715725,571114672.5507097
PM25_MAIN,PM25,p95,Mortality,All-cause mortality,729,76.54436833180573,13.086081119045208,63.45828721276053,49,6.44018355644251e-05,0.008066,5e-05,1.6683824173547215,0.4006170350407223,0.00315568994265683,0.0012642231483350063,VSL,VSL_2015_USD,8705114.0,11005.20662769514,30522170.21744853
PM25_MAIN,PM25,p95,Mortality,All-cause mortality,730,79.46055466553732,13.215662147915364,66.24489251762195,173,6.44018355644251e-05,0.008066,5e-05,1.7063068584799048,0.41393894361365424,0.011141517552645542,0.0046119080059950825,VSL,VSL_2015_USD,8705114.0,40147.18494969988,111345407.15504612
