cell_id,concentration_baseline_sens,concentration_control,pollutant,percentile_hbm,delta_concentration_sens
0,2.7413364337445274,13.546607811497896,PM25,p05,-10.80527137775337
1,2.625257666680932,13.339014241248254,PM25,p05,-10.713756574567322
2,2.612143172200349,13.305939958971832,PM25,p05,-10.693796786771482
41,2.497864868622827,13.257478788361254,PM25,p05,-10.759613919738428
42,2.816960108807359,12.650578808813826,PM25,p05,-9.833618700006467
43,2.620981015783036,12.901292874985844,PM25,p05,-10.280311859202808
44,2.643437233243196,12.920829107948967,PM25,p05,-10.27739187470577
82,2.629833716158491,13.366787183442574,PM25,p05,-10.736953467284083
83,2.602872884104679,13.814584727562297,PM25,p05,-11.211711843457618
84,2.709902938373039,13.238058654865462,PM25,p05,-10.528155716492423
85,2.6937349046856283,12.6672246592341,PM25,p05,-9.97348975454847
86,2.767156647483001,13.066854358112035,PM25,p05,-10.299697710629035
87,2.703909172484957,13.000779036586744,PM25,p05,-10.296869864101787
91,2.544963556872379,13.413287811866383,PM25,p05,-10.868324254994004
125,2.5961833878487712,13.165057895378592,PM25,p05,-10.56887450752982
126,2.546737449301003,13.684254756657502,PM25,p05,-11.1375173073565
127,2.883065715740622,13.236251200274326,PM25,p05,-10.353185484533704
128,2.7127144615937846,12.944912919786754,PM25,p05,-10.232198458192968
129,2.685005539260055,13.037485616921527,PM25,p05,-10.352480077661472
130,2.654482743288838,13.205190797440999,PM25,p05,-10.55070805415216
131,2.624219205284233,12.931490044281327,PM25,p05,-10.307270838997095
132,2.61262168921852,13.053519448950853,PM25,p05,-10.440897759732334
133,2.6672600103999016,12.970153703964614,PM25,p05,-10.302893693564712
134,2.617345870576163,12.850991196587069,PM25,p05,-10.233645326010906
135,2.8475596553565015,12.762537344758298,PM25,p05,-9.914977689401796
136,2.701328872662709,13.647829675756247,PM25,p05,-10.946500803093539
166,2.689592786669622,13.060195694573874,PM25,p05,-10.370602907904253
167,2.7329254855900973,13.153609835400436,PM25,p05,-10.420684349810339
168,2.7585103388621346,13.240468521655437,PM25,p05,-10.481958182793303
169,2.875287492473537,13.336902288703323,PM25,p05,-10.461614796229785
170,2.625529855684567,13.52199200794272,PM25,p05,-10.896462152258152
171,2.612062827286886,13.965711296950843,PM25,p05,-11.353648469663957
172,2.547848866649385,13.575418998451392,PM25,p05,-11.027570131802007
173,2.893643004498464,13.391355976798852,PM25,p05,-10.497712972300388
174,2.6234024620098757,13.88706374380191,PM25,p05,-11.263661281792034
175,2.8400460816038304,13.605362429007462,PM25,p05,-10.765316347403632
176,2.5841421772312487,13.10767302060008,PM25,p05,-10.523530843368832
177,2.650762235488187,12.196664467367714,PM25,p05,-9.545902231879527
178,2.663885863070254,12.8803745322555,PM25,p05,-10.216488669185246
208,2.8147767686321696,13.300005260924888,PM25,p05,-10.485228492292718
209,2.6735091181431394,13.163338675589054,PM25,p05,-10.489829557445915
210,2.558985754526582,13.13069918451432,PM25,p05,-10.571713429987739
211,2.5656196992282267,12.883876418736905,PM25,p05,-10.318256719508678
212,2.5999716587760906,12.862477624315023,PM25,p05,-10.262505965538931
213,2.6111126728365637,12.966495244406564,PM25,p05,-10.35538257157
214,2.656950479831848,12.957434405097741,PM25,p05,-10.300483925265894
215,2.702198518080021,12.932805386642126,PM25,p05,-10.230606868562106
216,2.560213980487179,13.11755056051137,PM25,p05,-10.557336580024192
217,2.786288689183144,13.314202323222764,PM25,p05,-10.52791363403962
218,2.685921675534049,13.92210019975624,PM25,p05,-11.236178524222192
219,2.6215706533880194,13.906514121688053,PM25,p05,-11.284943468300034
251,2.5082708839129637,12.88399236750938,PM25,p05,-10.375721483596417
252,2.539362003218454,13.006667401287096,PM25,p05,-10.467305398068643
253,2.607021836827811,13.317619854742118,PM25,p05,-10.710598017914307
254,2.778353787789786,13.061360341493044,PM25,p05,-10.283006553703258
255,2.605640413597195,13.2730817151998,PM25,p05,-10.667441301602604
256,2.522982821327402,13.166692909033495,PM25,p05,-10.643710087706094
257,2.5602675711292657,13.020821352969014,PM25,p05,-10.460553781839748
258,2.7002898624993947,13.216889393083553,PM25,p05,-10.516599530584159
259,2.7068993687839846,13.050521578420888,PM25,p05,-10.343622209636903
294,2.8824540046368043,13.477528136024322,PM25,p05,-10.595074131387518
295,2.8501480849457512,13.096591225833201,PM25,p05,-10.24644314088745
296,2.672445932610429,12.842916677607763,PM25,p05,-10.170470744997333
297,2.594421113087494,13.011365036949359,PM25,p05,-10.416943923861865
298,2.836140022886105,13.084853932166101,PM25,p05,-10.248713909279996
299,2.7415070706132725,13.470570250231635,PM25,p05,-10.729063179618363
300,2.6200907869299708,13.402821007289923,PM25,p05,-10.782730220359952
301,2.5953715898526877,13.083045127187132,PM25,p05,-10.487673537334445
302,2.7054812693405688,13.03685555526098,PM25,p05,-10.331374285920411
303,2.8281065989068144,12.94058522922867,PM25,p05,-10.112478630321856
304,2.668307282111782,13.426856098716351,PM25,p05,-10.75854881660457
337,2.7389639175130864,13.692823579258441,PM25,p05,-10.953859661745355
338,2.6065437338625683,12.99371755810033,PM25,p05,-10.387173824237763
339,2.627435497958873,13.440552700470285,PM25,p05,-10.813117202511412
340,2.5779503635392103,13.08238266314849,PM25,p05,-10.50443229960928
341,2.7268063171439083,12.952588827185956,PM25,p05,-10.225782510042048
342,2.7502604385567966,13.071019998940352,PM25,p05,-10.320759560383555
343,2.6748765243140302,13.422160506144722,PM25,p05,-10.747283981830693
344,2.7743799304373598,13.50963686600624,PM25,p05,-10.73525693556888
345,2.6169858631090905,13.015578205573338,PM25,p05,-10.398592342464248
346,2.8863329189473843,13.07288565077144,PM25,p05,-10.186552731824055
347,2.749568573155374,13.275996919941383,PM25,p05,-10.526428346786009
348,2.5701521500624507,13.125081054418073,PM25,p05,-10.554928904355624
349,2.717260821532872,13.327157876905801,PM25,p05,-10.60989705537293
350,2.745208633788627,13.670566699404974,PM25,p05,-10.925358065616347
351,2.6813158801105432,13.209361858951986,PM25,p05,-10.528045978841444
352,2.7191749136901544,13.333431993783579,PM25,p05,-10.614257080093424
353,2.592178088357989,13.387530564316561,PM25,p05,-10.795352475958573
360,2.910217986322736,14.31291829365491,PM25,p05,-11.402700307332173
361,2.9170280232659436,13.62673386166451,PM25,p05,-10.709705838398566
379,2.7426461658386296,13.011890403058528,PM25,p05,-10.269244237219898
380,2.4895249209078556,12.698463975482298,PM25,p05,-10.208939054574442
381,2.676003443504457,13.214467920018759,PM25,p05,-10.538464476514303
382,2.7230734560476493,13.1042033497661,PM25,p05,-10.381129893718452
383,2.6750175798879288,13.296768696016784,PM25,p05,-10.621751116128856
384,2.7503874206960344,13.265256799120644,PM25,p05,-10.51486937842461
385,2.666046151805482,12.987380475904484,PM25,p05,-10.321334324099002
386,2.8756673360043012,13.044637106614552,PM25,p05,-10.16896977061025
387,2.6325993120241473,13.207507384503547,PM25,p05,-10.5749080724794
388,2.711201718875393,13.05542820771952,PM25,p05,-10.344226488844129
389,2.772958117350532,12.999270658857077,PM25,p05,-10.226312541506545
390,2.7668400809589415,13.347622452135711,PM25,p05,-10.58078237117677
391,2.6690134000156918,13.064759363145921,PM25,p05,-10.39574596313023
392,2.752687183522035,12.993325153967996,PM25,p05,-10.240637970445961
393,2.6622425773471154,13.215028868237257,PM25,p05,-10.552786290890142
394,2.7181902617548435,13.120542948019521,PM25,p05,-10.402352686264678
395,2.781094448786183,13.5318398152671,PM25,p05,-10.750745366480917
396,2.674327208013473,13.65979383898114,PM25,p05,-10.985466630967666
397,2.427490349166478,13.286070429657011,PM25,p05,-10.858580080490533
398,2.871856016077963,13.607592190983285,PM25,p05,-10.735736174905322
400,2.9594360562844457,14.18830090743461,PM25,p05,-11.228864851150163
401,2.4730623305969552,13.12247880382179,PM25,p05,-10.649416473224836
402,2.650197361911682,12.615169480314266,PM25,p05,-9.964972118402585
403,2.7761634328937363,13.71413239180436,PM25,p05,-10.937968958910623
420,2.6352583939362417,13.131977465714565,PM25,p05,-10.496719071778323
421,2.7603841906559263,13.078919733447233,PM25,p05,-10.318535542791306
422,2.669177861232862,13.388310066492162,PM25,p05,-10.7191322052593
423,2.6615863127302264,13.073472383125688,PM25,p05,-10.411886070395461
424,2.773702896952455,12.697065994864529,PM25,p05,-9.923363097912073
425,2.6823725168789068,12.84397927362757,PM25,p05,-10.161606756748663
426,2.785827429360609,13.123623978018768,PM25,p05,-10.33779654865816
427,2.6860550954959055,13.517042023090198,PM25,p05,-10.830986927594292
428,2.6883955371574073,12.74099583914188,PM25,p05,-10.052600301984473
429,2.6426165247658395,13.224771857323113,PM25,p05,-10.582155332557273
430,2.6135272013508284,13.191188146946258,PM25,p05,-10.57766094559543
431,2.6882340996979335,12.919165858868475,PM25,p05,-10.230931759170542
432,2.612429397280754,13.173650091557384,PM25,p05,-10.56122069427663
433,2.763432706288796,12.954748641674847,PM25,p05,-10.19131593538605
434,2.6515720571821046,13.15380073068584,PM25,p05,-10.502228673503735
435,2.604845692715692,13.161660152746151,PM25,p05,-10.55681446003046
436,2.695325618502325,13.19323803567743,PM25,p05,-10.497912417175105
437,2.762831630706859,13.623361823354726,PM25,p05,-10.860530192647866
438,2.749582915909911,13.207572513437832,PM25,p05,-10.45798959752792
439,2.74278497874168,13.556816832626675,PM25,p05,-10.814031853884995
440,3.025541973806042,13.753948126980738,PM25,p05,-10.728406153174696
441,16.761930550698587,17.257384450997655,PM25,p05,-0.49545390029906855
442,19.123782031499744,19.003359092276987,PM25,p05,0.12042293922275604
443,2.6626994803516646,12.855719053313367,PM25,p05,-10.193019572961703
444,2.6243232603423334,13.278666841917497,PM25,p05,-10.654343581575164
445,2.858053665782371,13.821318175059506,PM25,p05,-10.963264509277135
446,2.719190840752026,12.83378280279737,PM25,p05,-10.114591962045344
461,2.726790163959761,13.155126409363332,PM25,p05,-10.428336245403571
462,2.679423742897631,12.902099412018494,PM25,p05,-10.222675669120862
463,2.5897815674168077,13.004418842627624,PM25,p05,-10.414637275210817
464,2.740327355780925,12.985200046349384,PM25,p05,-10.244872690568458
465,2.734335071646833,13.115087594989353,PM25,p05,-10.380752523342519
466,2.7560445647976914,13.253298170669433,PM25,p05,-10.497253605871741
467,2.658311442759642,12.850375833703929,PM25,p05,-10.192064390944287
468,2.6914944483822922,12.992337564083362,PM25,p05,-10.30084311570107
469,2.7112114399479426,13.216461496495096,PM25,p05,-10.505250056547155
470,2.6519612008884956,12.871097735042975,PM25,p05,-10.21913653415448
471,2.604393994787108,13.18902426588755,PM25,p05,-10.584630271100442
472,2.8906617182977214,13.645849343063109,PM25,p05,-10.755187624765387
473,2.6150304327007663,12.993684840531607,PM25,p05,-10.37865440783084
474,2.6590459566536713,12.913110001448077,PM25,p05,-10.254064044794406
475,2.619041976348281,13.435656339693185,PM25,p05,-10.816614363344904
476,2.867425001183583,13.427432132255596,PM25,p05,-10.560007131072012
477,2.710582530603389,13.448534786381776,PM25,p05,-10.737952255778387
478,2.7680912334508503,13.294361306523658,PM25,p05,-10.526270073072808
479,2.7610579677649505,13.094416950842314,PM25,p05,-10.333358983077364
480,2.699564629061329,13.106866566621166,PM25,p05,-10.407301937559836
481,2.588189205081752,13.328587726567909,PM25,p05,-10.740398521486156
482,19.91171178957677,19.751716422495875,PM25,p05,0.1599953670808958
483,2.970912120532583,14.799620447630785,PM25,p05,-11.828708327098202
484,2.7962954736228345,14.339900733816927,PM25,p05,-11.543605260194093
485,18.24789851203715,18.05150356398813,PM25,p05,0.19639494804901858
486,2.9643610834076513,14.47234047360242,PM25,p05,-11.50797939019477
487,2.7801142356602235,13.776831615327326,PM25,p05,-10.996717379667103
488,13.415667815848801,13.368548135648611,PM25,p05,0.04711968020018986
503,2.7463541999399586,13.233560415220156,PM25,p05,-10.487206215280198
504,2.6970157851519456,13.08212012483541,PM25,p05,-10.385104339683464
505,2.9093347341320968,13.22207769877833,PM25,p05,-10.312742964646233
506,2.636151781975099,13.024761879348686,PM25,p05,-10.388610097373586
507,2.7307215368624216,12.924171809295602,PM25,p05,-10.19345027243318
508,2.599310955437358,12.881513143082893,PM25,p05,-10.282202187645535
509,2.7129883151779883,13.134149037711973,PM25,p05,-10.421160722533985
513,2.7768803620584523,13.044174956171444,PM25,p05,-10.267294594112991
514,2.7944490169650087,13.309298760855379,PM25,p05,-10.51484974389037
515,2.7554399789460335,12.94290452350024,PM25,p05,-10.187464544554206
516,2.764979854743117,12.850420431233996,PM25,p05,-10.085440576490878
517,2.7245647728811915,13.334898334687269,PM25,p05,-10.610333561806078
518,2.7192003153715394,13.308533113786403,PM25,p05,-10.589332798414864
519,2.6406624854337704,13.34043033333005,PM25,p05,-10.699767847896279
520,2.6732798725796854,13.334963569175365,PM25,p05,-10.661683696595679
521,2.746168346308979,13.267507283702665,PM25,p05,-10.521338937393686
522,2.7107266183830387,13.349346888739738,PM25,p05,-10.6386202703567
523,2.749475444875587,13.472144674799678,PM25,p05,-10.72266922992409
524,2.821080159889278,13.79991072091597,PM25,p05,-10.97883056102669
525,15.247200661141513,15.126715079082906,PM25,p05,0.12048558205860616
526,2.557465359703982,12.601900120314676,PM25,p05,-10.044434760610695
527,2.691591166525727,13.19214864469442,PM25,p05,-10.500557478168693
528,2.544793753080589,13.648516544217681,PM25,p05,-11.103722791137093
529,2.6782053934064094,13.460761840631614,PM25,p05,-10.782556447225204
530,2.758043261937874,13.710011272456601,PM25,p05,-10.951968010518726
531,2.682621246818776,13.657800140437846,PM25,p05,-10.97517889361907
546,2.630569390115071,13.368090665351746,PM25,p05,-10.737521275236675
547,2.750209043327456,13.08947051966779,PM25,p05,-10.339261476340333
555,2.6615392420794284,13.263336463290939,PM25,p05,-10.60179722121151
556,2.4503581242820314,13.234233166698907,PM25,p05,-10.783875042416875
559,2.5222289076158613,13.222701312946874,PM25,p05,-10.700472405331013
560,2.749046569941884,13.166184561574946,PM25,p05,-10.417137991633062
561,2.8645385414013345,13.332951474294132,PM25,p05,-10.468412932892798
562,2.598043170187762,13.291909608558168,PM25,p05,-10.693866438370407
563,2.4251836200068335,12.501823468602957,PM25,p05,-10.076639848596123
564,10.576529010517202,10.503749816643559,PM25,p05,0.07277919387364307
565,2.9569095674852433,13.530512379992002,PM25,p05,-10.57360281250676
566,2.5640968081008504,12.684072681098845,PM25,p05,-10.119975872997994
567,11.971982096655726,11.890390779661464,PM25,p05,0.08159131699426148
568,12.905481883720483,12.817995468114484,PM25,p05,0.08748641560599957
569,2.5852509028052153,12.62269499478357,PM25,p05,-10.037444091978355
570,13.269132656536133,13.185736967204486,PM25,p05,0.0833956893316472
571,2.784333967692231,13.36571274982349,PM25,p05,-10.58137878213126
572,2.906905662116131,13.726534828974696,PM25,p05,-10.819629166858565
573,2.803609456358351,13.875001894866982,PM25,p05,-11.071392438508632
601,2.744852327703301,12.88220153705442,PM25,p05,-10.13734920935112
602,2.6060823727222755,12.998544562684284,PM25,p05,-10.392462189962009
603,2.7817750054052093,13.549511058880029,PM25,p05,-10.76773605347482
604,2.598836711273793,12.882962351771766,PM25,p05,-10.284125640497972
605,2.708592814511762,13.277413394100568,PM25,p05,-10.568820579588806
606,12.163418645229278,12.060996550187726,PM25,p05,0.1024220950415522
607,2.6711277373478604,13.186088249707348,PM25,p05,-10.514960512359487
608,2.682624325537567,13.259004261375912,PM25,p05,-10.576379935838345
609,2.834843397413176,13.644457125751273,PM25,p05,-10.809613728338098
610,2.6683184093662207,12.87673318955722,PM25,p05,-10.208414780191
611,9.49651897727817,9.48110999479424,PM25,p05,0.015408982483929634
612,2.8134235852691942,14.466433588135903,PM25,p05,-11.653010002866708
613,2.9110963555163805,13.691587290296717,PM25,p05,-10.780490934780335
614,2.82910055277487,13.77258989169792,PM25,p05,-10.943489338923051
643,2.730807467053468,13.023382614688098,PM25,p05,-10.29257514763463
644,2.831575587611646,13.032602132791364,PM25,p05,-10.201026545179719
645,2.725070450392322,13.237787085169236,PM25,p05,-10.512716634776915
646,2.8979574510159845,13.699972456125684,PM25,p05,-10.802015005109698
647,2.7065467644456715,13.430800355660239,PM25,p05,-10.724253591214566
648,2.6620879638036725,13.389368390065282,PM25,p05,-10.72728042626161
649,2.8403290077347876,13.342839028628614,PM25,p05,-10.502510020893826
650,2.7295596799490554,13.807814231353573,PM25,p05,-11.078254551404518
651,9.904518227669467,9.838482622411918,PM25,p05,0.06603560525754837
652,2.720403507507556,13.239665190686228,PM25,p05,-10.519261683178673
653,12.480255203329138,12.41693442699349,PM25,p05,0.06332077633564737
654,2.8074571501249324,13.831272079612079,PM25,p05,-11.023814929487147
655,2.9239004708060707,13.56234933030409,PM25,p05,-10.638448859498018
686,2.7920721734862157,13.228783272712613,PM25,p05,-10.436711099226397
687,2.7786540526391863,13.176158151055551,PM25,p05,-10.397504098416364
688,2.783065141984456,13.47221296895048,PM25,p05,-10.689147826966025
689,2.5848395225381395,13.021548633876847,PM25,p05,-10.436709111338708
690,2.8278242642809515,13.809921000759687,PM25,p05,-10.982096736478734
691,2.795557331242945,13.587818995969096,PM25,p05,-10.792261664726151
692,2.6686550380115492,13.51125396246044,PM25,p05,-10.842598924448891
693,2.881766294397058,13.791333686308548,PM25,p05,-10.909567391911489
694,2.7144046734383047,14.266938225277197,PM25,p05,-11.552533551838893
695,2.762958229835687,13.945721263849046,PM25,p05,-11.182763034013359
696,2.8800631478733125,14.233581195991432,PM25,p05,-11.353518048118119
729,2.7434934634342,13.086081119045208,PM25,p05,-10.342587655611007
730,2.75510607904852,13.215662147915365,PM25,p05,-10.460556068866845
0,15.051786457219885,13.546607811497896,PM25,p50,1.5051786457219887
1,14.82112693472028,13.339014241248254,PM25,p50,1.4821126934720255
2,14.784377732190926,13.305939958971832,PM25,p50,1.4784377732190936
41,14.730531987068058,13.257478788361254,PM25,p50,1.473053198706804
42,14.056198676459806,12.650578808813826,PM25,p50,1.4056198676459797
43,14.33476986109538,12.901292874985844,PM25,p50,1.433476986109536
44,14.356476786609962,12.920829107948967,PM25,p50,1.4356476786609953
82,14.851985759380637,13.366787183442574,PM25,p50,1.485198575938064
83,15.34953858618033,13.814584727562297,PM25,p50,1.5349538586180334
84,14.708954060961625,13.238058654865462,PM25,p50,1.4708954060961634
85,14.074694065815665,12.6672246592341,PM25,p50,1.4074694065815656
86,14.518727064568928,13.066854358112035,PM25,p50,1.4518727064568928
87,14.445310040651938,13.000779036586744,PM25,p50,1.444531004065194
91,14.90365312429598,13.413287811866383,PM25,p50,1.4903653124295975
125,14.627842105976214,13.165057895378592,PM25,p50,1.462784210597622
126,15.204727507397225,13.684254756657502,PM25,p50,1.5204727507397227
127,14.706945778082583,13.236251200274326,PM25,p50,1.4706945778082563
128,14.383236577540835,12.944912919786754,PM25,p50,1.438323657754081
129,14.486095129912808,13.037485616921527,PM25,p50,1.4486095129912808
130,14.672434219378887,13.205190797440999,PM25,p50,1.467243421937889
131,14.368322271423695,12.931490044281327,PM25,p50,1.436832227142368
132,14.503910498834282,13.053519448950853,PM25,p50,1.4503910498834287
133,14.411281893294015,12.970153703964614,PM25,p50,1.441128189329401
134,14.278879107318964,12.850991196587069,PM25,p50,1.4278879107318954
135,14.18059704973144,12.762537344758298,PM25,p50,1.4180597049731425
136,15.164255195284717,13.647829675756247,PM25,p50,1.51642551952847
166,14.511328549526526,13.060195694573874,PM25,p50,1.451132854952652
167,14.615122039333817,13.153609835400436,PM25,p50,1.4615122039333812
168,14.711631690728263,13.240468521655437,PM25,p50,1.4711631690728257
169,14.818780320781467,13.336902288703323,PM25,p50,1.4818780320781446
170,15.0244355643808,13.52199200794272,PM25,p50,1.502443556438081
171,15.517456996612049,13.965711296950843,PM25,p50,1.5517456996612058
172,15.083798887168212,13.575418998451392,PM25,p50,1.5083798887168207
173,14.879284418665394,13.391355976798852,PM25,p50,1.4879284418665417
174,15.430070826446569,13.88706374380191,PM25,p50,1.5430070826446585
175,15.117069365563845,13.605362429007462,PM25,p50,1.5117069365563829
176,14.564081134000087,13.10767302060008,PM25,p50,1.4564081134000073
177,13.551849408186348,12.196664467367714,PM25,p50,1.3551849408186332
178,14.311527258061666,12.8803745322555,PM25,p50,1.4311527258061663
208,14.777783623249878,13.300005260924888,PM25,p50,1.4777783623249903
209,14.625931861765617,13.163338675589054,PM25,p50,1.4625931861765622
210,14.589665760571467,13.13069918451432,PM25,p50,1.458966576057147
211,14.315418243041005,12.883876418736905,PM25,p50,1.4315418243040998
212,14.291641804794468,12.862477624315023,PM25,p50,1.4291641804794448
213,14.407216938229517,12.966495244406564,PM25,p50,1.4407216938229528
214,14.39714933899749,12.957434405097741,PM25,p50,1.439714933899749
215,14.369783762935697,12.932805386642126,PM25,p50,1.4369783762935704
216,14.575056178345964,13.11755056051137,PM25,p50,1.4575056178345935
217,14.793558136914182,13.314202323222764,PM25,p50,1.4793558136914182
218,15.46900022195138,13.92210019975624,PM25,p50,1.546900022195139
219,15.45168235743117,13.906514121688053,PM25,p50,1.5451682357431178
251,14.315547075010421,12.88399236750938,PM25,p50,1.431554707501041
252,14.451852668096771,13.006667401287096,PM25,p50,1.4451852668096752
253,14.797355394157908,13.317619854742118,PM25,p50,1.47973553941579
254,14.512622601658936,13.061360341493044,PM25,p50,1.4512622601658922
255,14.747868572444222,13.2730817151998,PM25,p50,1.474786857244423
256,14.629658787814996,13.166692909033495,PM25,p50,1.4629658787815014
257,14.467579281076683,13.020821352969014,PM25,p50,1.4467579281076688
258,14.685432658981723,13.216889393083553,PM25,p50,1.4685432658981696
259,14.500579531578763,13.050521578420888,PM25,p50,1.4500579531578754
294,14.975031262249246,13.477528136024322,PM25,p50,1.4975031262249239
295,14.551768028703556,13.096591225833201,PM25,p50,1.455176802870355
296,14.26990741956418,12.842916677607763,PM25,p50,1.426990741956418
297,14.457072263277064,13.011365036949359,PM25,p50,1.4457072263277055
298,14.538726591295667,13.084853932166101,PM25,p50,1.4538726591295656
299,14.967300278035147,13.470570250231635,PM25,p50,1.4967300278035118
300,14.892023341433248,13.402821007289923,PM25,p50,1.4892023341433251
301,14.536716807985702,13.083045127187132,PM25,p50,1.4536716807985695
302,14.485395061401087,13.03685555526098,PM25,p50,1.4485395061401078
303,14.3784280324763,12.94058522922867,PM25,p50,1.43784280324763
304,14.918728998573725,13.426856098716351,PM25,p50,1.4918728998573734
337,15.214248421398269,13.692823579258441,PM25,p50,1.5214248421398278
338,14.437463953444812,12.99371755810033,PM25,p50,1.4437463953444816
339,14.933947444966984,13.440552700470285,PM25,p50,1.4933947444966993
340,14.535980736831656,13.08238266314849,PM25,p50,1.4535980736831657
341,14.39176536353995,12.952588827185956,PM25,p50,1.439176536353994
342,14.523355554378169,13.071019998940352,PM25,p50,1.4523355554378163
343,14.913511673494135,13.422160506144722,PM25,p50,1.4913511673494124
344,15.010707628895823,13.50963686600624,PM25,p50,1.501070762889583
345,14.461753561748152,13.015578205573338,PM25,p50,1.4461753561748143
346,14.525428500857153,13.07288565077144,PM25,p50,1.4525428500857132
347,14.751107688823758,13.275996919941383,PM25,p50,1.4751107688823755
348,14.583423393797858,13.125081054418073,PM25,p50,1.4583423393797847
349,14.807953196562002,13.327157876905801,PM25,p50,1.4807953196562007
350,15.189518554894414,13.670566699404974,PM25,p50,1.5189518554894406
351,14.677068732168873,13.209361858951986,PM25,p50,1.467706873216887
352,14.814924437537309,13.333431993783579,PM25,p50,1.48149244375373
353,14.875033960351736,13.387530564316561,PM25,p50,1.4875033960351747
360,15.903242548505455,14.31291829365491,PM25,p50,1.590324254850545
361,15.140815401849455,13.62673386166451,PM25,p50,1.5140815401849448
379,14.457656003398364,13.011890403058528,PM25,p50,1.4457656003398363
380,14.109404417202551,12.698463975482298,PM25,p50,1.4109404417202533
381,14.682742133354175,13.214467920018759,PM25,p50,1.468274213335416
382,14.560225944184557,13.1042033497661,PM25,p50,1.4560225944184566
383,14.774187440018647,13.296768696016784,PM25,p50,1.477418744001863
384,14.73917422124516,13.265256799120644,PM25,p50,1.473917422124515
385,14.430422751004983,12.987380475904484,PM25,p50,1.443042275100499
386,14.494041229571724,13.044637106614552,PM25,p50,1.4494041229571728
387,14.67500820500394,13.207507384503547,PM25,p50,1.4675008205003923
388,14.506031341910578,13.05542820771952,PM25,p50,1.4506031341910575
389,14.443634065396752,12.999270658857077,PM25,p50,1.4443634065396758
390,14.830691613484124,13.347622452135711,PM25,p50,1.4830691613484124
391,14.516399292384357,13.064759363145921,PM25,p50,1.4516399292384357
392,14.43702794885333,12.993325153967996,PM25,p50,1.4437027948853345
393,14.683365409152508,13.215028868237257,PM25,p50,1.4683365409152511
394,14.578381053355024,13.120542948019521,PM25,p50,1.4578381053355027
395,15.035377572519,13.5318398152671,PM25,p50,1.5035377572519
396,15.177548709979044,13.65979383898114,PM25,p50,1.517754870997905
397,14.762300477396678,13.286070429657011,PM25,p50,1.4762300477396675
398,15.119546878870315,13.607592190983285,PM25,p50,1.5119546878870302
400,15.764778786038454,14.18830090743461,PM25,p50,1.5764778786038445
401,14.580532004246432,13.12247880382179,PM25,p50,1.4580532004246418
402,14.016854978126961,12.615169480314266,PM25,p50,1.4016854978126947
403,15.237924879782621,13.71413239180436,PM25,p50,1.5237924879782607
420,14.591086073016184,13.131977465714565,PM25,p50,1.4591086073016193
421,14.532133037163591,13.078919733447233,PM25,p50,1.4532133037163586
422,14.87590007388018,13.388310066492162,PM25,p50,1.4875900073880182
423,14.52608042569521,13.073472383125688,PM25,p50,1.452608042569521
424,14.107851105405034,12.697065994864529,PM25,p50,1.4107851105405054
425,14.27108808180841,12.84397927362757,PM25,p50,1.42710880818084
426,14.581804420020854,13.123623978018768,PM25,p50,1.4581804420020852
427,15.018935581211332,13.517042023090198,PM25,p50,1.5018935581211341
428,14.156662043490977,12.74099583914188,PM25,p50,1.4156662043490975
429,14.694190952581236,13.224771857323113,PM25,p50,1.4694190952581234
430,14.656875718829177,13.191188146946258,PM25,p50,1.4656875718829188
431,14.354628732076083,12.919165858868475,PM25,p50,1.4354628732076087
432,14.637388990619316,13.173650091557384,PM25,p50,1.4637388990619318
433,14.394165157416497,12.954748641674847,PM25,p50,1.4394165157416499
434,14.615334145206488,13.15380073068584,PM25,p50,1.4615334145206482
435,14.624066836384612,13.161660152746151,PM25,p50,1.462406683638461
436,14.65915337297492,13.19323803567743,PM25,p50,1.4659153372974902
437,15.137068692616362,13.623361823354726,PM25,p50,1.513706869261636
438,14.675080570486479,13.207572513437832,PM25,p50,1.4675080570486472
439,15.063129814029638,13.556816832626675,PM25,p50,1.5063129814029637
440,15.282164585534154,13.753948126980738,PM25,p50,1.5282164585534161
441,19.17487161221961,17.257384450997655,PM25,p50,1.9174871612219562
442,21.114843435863317,19.003359092276987,PM25,p50,2.11148434358633
443,14.284132281459296,12.855719053313367,PM25,p50,1.4284132281459296
444,14.754074268797218,13.278666841917497,PM25,p50,1.4754074268797215
445,15.357020194510563,13.821318175059506,PM25,p50,1.5357020194510564
446,14.259758669774852,12.83378280279737,PM25,p50,1.425975866977483
461,14.616807121514812,13.155126409363332,PM25,p50,1.4616807121514803
462,14.335666013353881,12.902099412018494,PM25,p50,1.4335666013353876
463,14.449354269586248,13.004418842627624,PM25,p50,1.444935426958624
464,14.428000051499316,12.985200046349384,PM25,p50,1.4428000051499321
465,14.572319549988169,13.115087594989353,PM25,p50,1.4572319549988162
466,14.72588685629937,13.253298170669433,PM25,p50,1.4725886856299368
467,14.278195370782141,12.850375833703929,PM25,p50,1.4278195370782125
468,14.43593062675929,12.992337564083362,PM25,p50,1.4435930626759284
469,14.684957218327884,13.216461496495096,PM25,p50,1.468495721832788
470,14.301219705603303,12.871097735042975,PM25,p50,1.4301219705603287
471,14.654471406541722,13.18902426588755,PM25,p50,1.465447140654172
472,15.162054825625678,13.645849343063109,PM25,p50,1.5162054825625688
473,14.437427600590674,12.993684840531607,PM25,p50,1.4437427600590667
474,14.347900001608973,12.913110001448077,PM25,p50,1.4347900001608966
475,14.928507044103537,13.435656339693185,PM25,p50,1.4928507044103512
476,14.91936903583955,13.427432132255596,PM25,p50,1.4919369035839534
477,14.942816429313085,13.448534786381776,PM25,p50,1.494281642931309
478,14.771512562804066,13.294361306523658,PM25,p50,1.4771512562804077
479,14.549352167602569,13.094416950842314,PM25,p50,1.454935216760255
480,14.563185074023517,13.106866566621166,PM25,p50,1.4563185074023508
481,14.809541918408787,13.328587726567909,PM25,p50,1.480954191840878
482,21.94635158055097,19.751716422495875,PM25,p50,2.194635158055096
483,16.44402271958976,14.799620447630785,PM25,p50,1.6444022719589757
484,15.933223037574363,14.339900733816927,PM25,p50,1.5933223037574358
485,20.057226182209035,18.05150356398813,PM25,p50,2.0057226182209043
486,16.080378304002686,14.47234047360242,PM25,p50,1.6080378304002654
487,15.307590683697027,13.776831615327326,PM25,p50,1.5307590683697008
488,14.8539423729429,13.368548135648611,PM25,p50,1.4853942372942885
503,14.703956016911285,13.233560415220156,PM25,p50,1.4703956016911288
504,14.5356890275949,13.08212012483541,PM25,p50,1.453568902759491
505,14.691197443087033,13.22207769877833,PM25,p50,1.4691197443087027
506,14.471957643720762,13.024761879348686,PM25,p50,1.4471957643720756
507,14.360190899217335,12.924171809295602,PM25,p50,1.4360190899217322
508,14.312792381203217,12.881513143082893,PM25,p50,1.4312792381203234
509,14.59349893079108,13.134149037711973,PM25,p50,1.4593498930791071
513,14.493527729079382,13.044174956171444,PM25,p50,1.4493527729079378
514,14.788109734283754,13.309298760855379,PM25,p50,1.4788109734283754
515,14.381005026111376,12.94290452350024,PM25,p50,1.438100502611137
516,14.278244923593327,12.850420431233996,PM25,p50,1.4278244923593313
517,14.816553705208076,13.334898334687269,PM25,p50,1.4816553705208069
518,14.787259015318226,13.308533113786403,PM25,p50,1.4787259015318224
519,14.822700370366722,13.34043033333005,PM25,p50,1.4822700370366722
520,14.816626187972627,13.334963569175365,PM25,p50,1.4816626187972624
521,14.741674759669628,13.267507283702665,PM25,p50,1.4741674759669632
522,14.832607654155264,13.349346888739738,PM25,p50,1.483260765415526
523,14.96904963866631,13.472144674799678,PM25,p50,1.4969049638666316
524,15.333234134351077,13.79991072091597,PM25,p50,1.5333234134351077
525,16.807461198981006,15.126715079082906,PM25,p50,1.6807461198980995
526,14.002111244794085,12.601900120314676,PM25,p50,1.4002111244794087
527,14.657942938549356,13.19214864469442,PM25,p50,1.4657942938549358
528,15.16501838246409,13.648516544217681,PM25,p50,1.516501838246409
529,14.956402045146238,13.460761840631614,PM25,p50,1.4956402045146238
530,15.233345858285112,13.710011272456601,PM25,p50,1.5233345858285112
531,15.175333489375385,13.657800140437846,PM25,p50,1.5175333489375387
546,14.85343407261305,13.368090665351746,PM25,p50,1.485343407261304
547,14.54385613296421,13.08947051966779,PM25,p50,1.4543856132964201
555,14.73704051476771,13.263336463290939,PM25,p50,1.473704051476771
556,14.704703518554341,13.234233166698907,PM25,p50,1.4704703518554343
559,14.691890347718749,13.222701312946874,PM25,p50,1.4691890347718743
560,14.629093957305496,13.166184561574946,PM25,p50,1.4629093957305503
561,14.814390526993481,13.332951474294132,PM25,p50,1.4814390526993488
562,14.76878845395352,13.291909608558168,PM25,p50,1.476878845395353
563,13.890914965114396,12.501823468602957,PM25,p50,1.3890914965114387
564,11.670833129603952,10.503749816643559,PM25,p50,1.1670833129603935
565,15.033902644435559,13.530512379992002,PM25,p50,1.5033902644435564
566,14.093414090109828,12.684072681098845,PM25,p50,1.4093414090109828
567,13.211545310734959,11.890390779661464,PM25,p50,1.3211545310734945
568,14.242217186793873,12.817995468114484,PM25,p50,1.424221718679389
569,14.025216660870635,12.62269499478357,PM25,p50,1.4025216660870647
570,14.650818852449426,13.185736967204486,PM25,p50,1.46508188524494
571,14.850791944248321,13.36571274982349,PM25,p50,1.4850791944248307
572,15.25170536552744,13.726534828974696,PM25,p50,1.5251705365527446
573,15.416668772074424,13.875001894866982,PM25,p50,1.541666877207442
601,14.3135572633938,12.88220153705442,PM25,p50,1.4313557263393797
602,14.442827291871426,12.998544562684284,PM25,p50,1.444282729187142
603,15.055012287644475,13.549511058880029,PM25,p50,1.5055012287644463
604,14.314402613079741,12.882962351771766,PM25,p50,1.4314402613079746
605,14.752681549000632,13.277413394100568,PM25,p50,1.4752681549000641
606,13.401107277986362,12.060996550187726,PM25,p50,1.3401107277986366
607,14.651209166341497,13.186088249707348,PM25,p50,1.4651209166341488
608,14.732226957084347,13.259004261375912,PM25,p50,1.4732226957084347
609,15.160507917501413,13.644457125751273,PM25,p50,1.5160507917501391
610,14.307481321730242,12.87673318955722,PM25,p50,1.4307481321730222
611,10.534566660882486,9.48110999479424,PM25,p50,1.0534566660882465
612,16.07381509792878,14.466433588135903,PM25,p50,1.6073815097928765
613,15.21287476699635,13.691587290296717,PM25,p50,1.5212874766996336
614,15.302877657442135,13.77258989169792,PM25,p50,1.5302877657442142
643,14.47042512743122,13.023382614688098,PM25,p50,1.4470425127431223
644,14.480669036434849,13.032602132791364,PM25,p50,1.4480669036434843
645,14.708652316854707,13.237787085169236,PM25,p50,1.4708652316854707
646,15.222191617917424,13.699972456125684,PM25,p50,1.5222191617917407
647,14.923111506289155,13.430800355660239,PM25,p50,1.4923111506289164
648,14.877075988961426,13.389368390065282,PM25,p50,1.4877075988961437
649,14.825376698476237,13.342839028628614,PM25,p50,1.4825376698476234
650,15.34201581261508,13.807814231353573,PM25,p50,1.534201581261506
651,10.931647358235463,9.838482622411918,PM25,p50,1.0931647358235441
652,14.710739100762476,13.239665190686228,PM25,p50,1.4710739100762478
653,13.796593807770545,12.41693442699349,PM25,p50,1.3796593807770545
654,15.368080088457864,13.831272079612079,PM25,p50,1.5368080088457852
655,15.069277033671208,13.56234933030409,PM25,p50,1.5069277033671185
686,14.698648080791793,13.228783272712613,PM25,p50,1.4698648080791799
687,14.640175723395057,13.176158151055551,PM25,p50,1.4640175723395057
688,14.969125521056087,13.47221296895048,PM25,p50,1.4969125521056075
689,14.468387370974273,13.021548633876847,PM25,p50,1.4468387370974263
690,15.344356667510764,13.809921000759687,PM25,p50,1.5344356667510777
691,15.097576662187885,13.587818995969096,PM25,p50,1.509757666218789
692,15.012504402733821,13.51125396246044,PM25,p50,1.501250440273381
693,15.323704095898385,13.791333686308548,PM25,p50,1.5323704095898378
694,15.85215358364133,14.266938225277197,PM25,p50,1.5852153583641329
695,15.495245848721163,13.945721263849046,PM25,p50,1.5495245848721169
696,15.815090217768256,14.233581195991432,PM25,p50,1.5815090217768244
729,14.54009013227245,13.086081119045208,PM25,p50,1.4540090132272425
730,14.684069053239295,13.215662147915365,PM25,p50,1.4684069053239295
0,75.2287376105083,13.546607811497896,PM25,p95,61.68212979901041
1,79.14910187167443,13.339014241248254,PM25,p95,65.81008763042618
2,79.64171995345171,13.305939958971832,PM25,p95,66.33577999447988
41,78.35247357008579,13.257478788361254,PM25,p95,65.09499478172454
42,77.2582619310881,12.650578808813826,PM25,p95,64.60768312227427
43,82.86216027616526,12.901292874985844,PM25,p95,69.96086740117941
44,76.756665516595,12.920829107948967,PM25,p95,63.83583640864604
82,81.83551235293537,13.366787183442574,PM25,p95,68.4687251694928
83,80.29528635691568,13.814584727562297,PM25,p95,66.48070162935339
84,78.8630455000864,13.238058654865462,PM25,p95,65.62498684522095
85,79.25915354953462,12.6672246592341,PM25,p95,66.59192889030052
86,77.3088222231954,13.066854358112035,PM25,p95,64.24196786508337
87,78.88821844845332,13.000779036586744,PM25,p95,65.88743941186657
91,81.26362518310202,13.413287811866383,PM25,p95,67.85033737123564
125,85.49563546441351,13.165057895378592,PM25,p95,72.33057756903492
126,87.2390008992305,13.684254756657502,PM25,p95,73.55474614257301
127,78.78212354680085,13.236251200274326,PM25,p95,65.54587234652652
128,74.09569152856513,12.944912919786754,PM25,p95,61.150778608778374
129,77.54493911000777,13.037485616921527,PM25,p95,64.50745349308625
130,76.0315259434583,13.205190797440999,PM25,p95,62.82633514601731
131,81.30218570772443,12.931490044281327,PM25,p95,68.3706956634431
132,76.97399879327035,13.053519448950853,PM25,p95,63.9204793443195
133,75.076289831884,12.970153703964614,PM25,p95,62.106136127919385
134,80.11282015129323,12.850991196587069,PM25,p95,67.26182895470616
135,75.80450407905587,12.762537344758298,PM25,p95,63.041966734297574
136,80.47043462949041,13.647829675756247,PM25,p95,66.82260495373417
166,78.00532417786835,13.060195694573874,PM25,p95,64.94512848329447
167,76.74930210687958,13.153609835400436,PM25,p95,63.595692271479145
168,83.37419866557444,13.240468521655437,PM25,p95,70.133730143919
169,82.81565735507742,13.336902288703323,PM25,p95,69.47875506637409
170,86.68870161365044,13.52199200794272,PM25,p95,73.16670960570772
171,87.42198960112779,13.965711296950843,PM25,p95,73.45627830417695
172,85.20445011246412,13.575418998451392,PM25,p95,71.62903111401272
173,83.5244873259764,13.391355976798852,PM25,p95,70.13313134917755
174,77.91936738866801,13.88706374380191,PM25,p95,64.03230364486609
175,83.07831833306783,13.605362429007462,PM25,p95,69.47295590406037
176,74.50100943774663,13.10767302060008,PM25,p95,61.39333641714655
177,79.6843979399282,12.196664467367714,PM25,p95,67.48773347256049
178,74.9244008847828,12.8803745322555,PM25,p95,62.0440263525273
208,78.67186813879906,13.300005260924888,PM25,p95,65.37186287787416
209,83.72722224797714,13.163338675589054,PM25,p95,70.56388357238808
210,80.80329623195045,13.13069918451432,PM25,p95,67.67259704743614
211,80.01806709410032,12.883876418736905,PM25,p95,67.13419067536341
212,84.43939689012497,12.862477624315023,PM25,p95,71.57691926580995
213,77.14611806432289,12.966495244406564,PM25,p95,64.17962281991633
214,80.84872651020656,12.957434405097741,PM25,p95,67.89129210510882
215,78.63637899182937,12.932805386642126,PM25,p95,65.70357360518724
216,84.65400353963243,13.11755056051137,PM25,p95,71.53645297912105
217,77.76436409676162,13.314202323222764,PM25,p95,64.45016177353887
218,83.09823153994597,13.92210019975624,PM25,p95,69.17613134018973
219,86.3238303487299,13.906514121688053,PM25,p95,72.41731622704185
251,82.47748941947124,12.88399236750938,PM25,p95,69.59349705196186
252,82.42218061189229,13.006667401287096,PM25,p95,69.41551321060518
253,79.33879991198313,13.317619854742118,PM25,p95,66.02118005724101
254,77.93783925792603,13.061360341493044,PM25,p95,64.87647891643299
255,84.55866560753425,13.2730817151998,PM25,p95,71.28558389233446
256,79.47591606685495,13.166692909033495,PM25,p95,66.30922315782145
257,80.29036420418683,13.020821352969014,PM25,p95,67.26954285121782
258,82.47940863653665,13.216889393083553,PM25,p95,69.2625192434531
259,78.24260551116377,13.050521578420888,PM25,p95,65.19208393274289
294,76.82149403888866,13.477528136024322,PM25,p95,63.34396590286434
295,77.28186879430537,13.096591225833201,PM25,p95,64.18527756847217
296,78.00915923383529,12.842916677607763,PM25,p95,65.16624255622753
297,83.87139659144371,13.011365036949359,PM25,p95,70.86003155449436
298,76.68292679970656,13.084853932166101,PM25,p95,63.598072867540466
299,76.57713165574121,13.470570250231635,PM25,p95,63.10656140550958
300,82.29216005638561,13.402821007289923,PM25,p95,68.8893390490957
301,83.41553016620331,13.083045127187132,PM25,p95,70.33248503901618
302,78.80716227151449,13.03685555526098,PM25,p95,65.7703067162535
303,79.94982103378578,12.94058522922867,PM25,p95,67.00923580455711
304,77.90228979208415,13.426856098716351,PM25,p95,64.47543369336779
337,77.81800706131652,13.692823579258441,PM25,p95,64.12518348205808
338,78.17444262946908,12.99371755810033,PM25,p95,65.18072507136876
339,83.60031902482889,13.440552700470285,PM25,p95,70.1597663243586
340,79.88820551243445,13.08238266314849,PM25,p95,66.80582284928596
341,78.96998083946639,12.952588827185956,PM25,p95,66.01739201228042
342,78.23809611195699,13.071019998940352,PM25,p95,65.16707611301663
343,77.01842928627731,13.422160506144722,PM25,p95,63.59626878013259
344,80.35965713669606,13.50963686600624,PM25,p95,66.85002027068981
345,77.05112286570518,13.015578205573338,PM25,p95,64.03554466013185
346,79.6139238678069,13.07288565077144,PM25,p95,66.54103821703546
347,77.93974449879505,13.275996919941383,PM25,p95,64.66374757885367
348,78.48324199797024,13.125081054418073,PM25,p95,65.35816094355216
349,82.33810270011735,13.327157876905801,PM25,p95,69.01094482321155
350,79.75261469262914,13.670566699404974,PM25,p95,66.08204799322417
351,81.09473730637534,13.209361858951986,PM25,p95,67.88537544742334
352,79.11504322713932,13.333431993783579,PM25,p95,65.78161123335575
353,85.29506029862662,13.387530564316561,PM25,p95,71.90752973431006
360,91.69454589702488,14.31291829365491,PM25,p95,77.38162760336996
361,83.904009275524,13.62673386166451,PM25,p95,70.2772754138595
379,81.84705879005713,13.011890403058528,PM25,p95,68.8351683869986
380,78.81861030513052,12.698463975482298,PM25,p95,66.12014632964822
381,81.98553948348959,13.214467920018759,PM25,p95,68.77107156347083
382,79.18600949450494,13.1042033497661,PM25,p95,66.08180614473885
383,76.80949179488158,13.296768696016784,PM25,p95,63.5127230988648
384,76.06086581082397,13.265256799120644,PM25,p95,62.79560901170333
385,84.78867061310812,12.987380475904484,PM25,p95,71.80129013720364
386,79.47695001593182,13.044637106614552,PM25,p95,66.43231290931726
387,81.75879920097356,13.207507384503547,PM25,p95,68.55129181647001
388,77.14463965643604,13.05542820771952,PM25,p95,64.08921144871653
389,77.81344640934407,12.999270658857077,PM25,p95,64.814175750487
390,77.8598521421861,13.347622452135711,PM25,p95,64.51222969005039
391,82.20185149420014,13.064759363145921,PM25,p95,69.13709213105422
392,79.93476801395497,12.993325153967996,PM25,p95,66.94144285998696
393,80.28500593996932,13.215028868237257,PM25,p95,67.06997707173207
394,80.99879889047223,13.120542948019521,PM25,p95,67.87825594245271
395,78.53385048538063,13.5318398152671,PM25,p95,65.00201067011352
396,84.305912140964,13.65979383898114,PM25,p95,70.64611830198285
397,85.76399055362415,13.286070429657011,PM25,p95,72.47792012396714
398,87.04739807635595,13.607592190983285,PM25,p95,73.43980588537266
400,88.39881749431679,14.18830090743461,PM25,p95,74.21051658688218
401,78.96271661431079,13.12247880382179,PM25,p95,65.840237810489
402,74.25703242336526,12.615169480314266,PM25,p95,61.641862943050995
403,85.09929526000323,13.71413239180436,PM25,p95,71.38516286819888
420,86.16884212603311,13.131977465714565,PM25,p95,73.03686466031854
421,78.40927801142085,13.078919733447233,PM25,p95,65.33035827797362
422,80.5705082527169,13.388310066492162,PM25,p95,67.18219818622474
423,80.21191657652092,13.073472383125688,PM25,p95,67.13844419339523
424,78.22115092145454,12.697065994864529,PM25,p95,65.52408492659
425,81.50133085095844,12.84397927362757,PM25,p95,68.65735157733087
426,79.64235319050646,13.123623978018768,PM25,p95,66.51872921248768
427,80.96035318351083,13.517042023090198,PM25,p95,67.44331116042063
428,83.32319837563237,12.74099583914188,PM25,p95,70.5822025364905
429,81.61884487018396,13.224771857323113,PM25,p95,68.39407301286084
430,81.02447571850439,13.191188146946258,PM25,p95,67.83328757155813
431,81.28585045748362,12.919165858868475,PM25,p95,68.36668459861514
432,79.87247611066122,13.173650091557384,PM25,p95,66.69882601910385
433,77.33835639702366,12.954748641674847,PM25,p95,64.3836077553488
434,78.49286117584705,13.15380073068584,PM25,p95,65.33906044516121
435,78.84065975849308,13.161660152746151,PM25,p95,65.67899960574692
436,78.06306112967982,13.19323803567743,PM25,p95,64.8698230940024
437,83.73661487386498,13.623361823354726,PM25,p95,70.11325305051025
438,83.09004640149777,13.207572513437832,PM25,p95,69.88247388805993
439,81.84770742886059,13.556816832626675,PM25,p95,68.29089059623391
440,80.75992084187013,13.753948126980738,PM25,p95,67.0059727148894
441,21.914124704298693,17.257384450997655,PM25,p95,4.656740253301038
442,23.312960995322847,19.003359092276987,PM25,p95,4.309601903045859
443,75.82062349017725,12.855719053313367,PM25,p95,62.96490443686389
444,84.24774182871319,13.278666841917497,PM25,p95,70.96907498679569
445,82.71289190652081,13.821318175059506,PM25,p95,68.8915737314613
446,80.62001289061497,12.83378280279737,PM25,p95,67.7862300878176
461,81.1904643697039,13.155126409363332,PM25,p95,68.03533796034057
462,78.34258734238506,12.902099412018494,PM25,p95,65.44048793036657
463,84.34388085921901,13.004418842627624,PM25,p95,71.33946201659138
464,76.06407043716726,12.985200046349384,PM25,p95,63.078870390817876
465,76.88901978006876,13.115087594989353,PM25,p95,63.77393218507941
466,80.59063016961885,13.253298170669433,PM25,p95,67.33733199894941
467,77.25968290490059,12.850375833703929,PM25,p95,64.40930707119665
468,79.90197729271519,12.992337564083362,PM25,p95,66.90963972863183
469,79.82525018416722,13.216461496495096,PM25,p95,66.60878868767212
470,76.55225357112919,12.871097735042975,PM25,p95,63.68115583608621
471,81.09035497643123,13.18902426588755,PM25,p95,67.90133071054368
472,76.9424887171897,13.645849343063109,PM25,p95,63.2966393741266
473,80.29401260928509,12.993684840531607,PM25,p95,67.30032776875348
474,84.32239571898452,12.913110001448077,PM25,p95,71.40928571753645
475,78.85631791271513,13.435656339693185,PM25,p95,65.42066157302195
476,77.87170887916342,13.427432132255596,PM25,p95,64.44427674690783
477,80.77691809012127,13.448534786381776,PM25,p95,67.3283833037395
478,76.46135812230465,13.294361306523658,PM25,p95,63.16699681578099
479,82.15038563956297,13.094416950842314,PM25,p95,69.05596868872065
480,86.09043279744947,13.106866566621166,PM25,p95,72.9835662308283
481,81.464934740914,13.328587726567909,PM25,p95,68.1363470143461
482,24.188031038034,19.751716422495875,PM25,p95,4.436314615538127
483,89.89961405525659,14.799620447630785,PM25,p95,75.0999936076258
484,87.65216893257224,14.339900733816927,PM25,p95,73.3122681987553
485,22.054200455661555,18.05150356398813,PM25,p95,4.002696891673423
486,87.33729263429748,14.47234047360242,PM25,p95,72.86495216069507
487,83.8925479923122,13.776831615327326,PM25,p95,70.11571637698488
488,16.437036444683987,13.368548135648611,PM25,p95,3.0684883090353754
503,79.29311274646307,13.233560415220156,PM25,p95,66.05955233124291
504,77.9025253541762,13.08212012483541,PM25,p95,64.82040522934079
505,77.26421715011024,13.22207769877833,PM25,p95,64.0421394513319
506,77.49789815459349,13.024761879348686,PM25,p95,64.4731362752448
507,79.08358669881376,12.924171809295602,PM25,p95,66.15941488951816
508,81.93239649597211,12.881513143082893,PM25,p95,69.05088335288922
509,76.86248670235527,13.134149037711973,PM25,p95,63.7283376646433
513,79.7149962026527,13.044174956171444,PM25,p95,66.67082124648125
514,74.16972409958325,13.309298760855379,PM25,p95,60.86042533872787
515,78.55484643728605,12.94290452350024,PM25,p95,65.61194191378581
516,74.74344176018191,12.850420431233996,PM25,p95,61.89302132894791
517,72.93806961637378,13.334898334687269,PM25,p95,59.603171281686514
518,81.72421275903001,13.308533113786403,PM25,p95,68.41567964524361
519,79.02067654318881,13.34043033333005,PM25,p95,65.68024620985877
520,80.17887344242517,13.334963569175365,PM25,p95,66.8439098732498
521,82.39567807449879,13.267507283702665,PM25,p95,69.12817079079612
522,82.55171606220719,13.349346888739738,PM25,p95,69.20236917346745
523,78.91178842200378,13.472144674799678,PM25,p95,65.4396437472041
524,82.30040788805545,13.79991072091597,PM25,p95,68.50049716713947
525,18.52876895395368,15.126715079082906,PM25,p95,3.4020538748707736
526,76.49828542067081,12.601900120314676,PM25,p95,63.89638530035614
527,77.34077664879297,13.19214864469442,PM25,p95,64.14862800409855
528,82.53854602265328,13.648516544217681,PM25,p95,68.8900294784356
529,83.46186250066195,13.460761840631614,PM25,p95,70.00110066003033
530,83.03953089585842,13.710011272456601,PM25,p95,69.32951962340182
531,88.94618438603835,13.657800140437846,PM25,p95,75.28838424560051
546,77.92687692476304,13.368090665351746,PM25,p95,64.55878625941129
547,79.2153013959589,13.08947051966779,PM25,p95,66.12583087629112
555,80.254127428425,13.263336463290939,PM25,p95,66.99079096513405
556,83.08376053015208,13.234233166698907,PM25,p95,69.84952736345318
559,81.01042959063601,13.222701312946874,PM25,p95,67.78772827768913
560,79.84574869880792,13.166184561574946,PM25,p95,66.67956413723297
561,79.8636393215133,13.332951474294132,PM25,p95,66.53068784721917
562,78.7573404255609,13.291909608558168,PM25,p95,65.46543081700273
563,78.32146836613533,12.501823468602957,PM25,p95,65.81964489753238
564,12.88001085652075,10.503749816643559,PM25,p95,2.376261039877191
565,78.52690374435852,13.530512379992002,PM25,p95,64.99639136436652
566,72.09629859536295,12.684072681098845,PM25,p95,59.412225914264106
567,14.574764113882557,11.890390779661464,PM25,p95,2.6843733342210925
568,15.718852602253186,12.817995468114484,PM25,p95,2.900857134138702
569,78.65436101014966,12.62269499478357,PM25,p95,66.03166601536608
570,16.179552617621304,13.185736967204486,PM25,p95,2.9938156504168187
571,82.32692820110154,13.36571274982349,PM25,p95,68.96121545127805
572,83.53205094123587,13.726534828974696,PM25,p95,69.80551611226117
573,81.005624713942,13.875001894866982,PM25,p95,67.13062281907501
601,79.89977027462565,12.88220153705442,PM25,p95,67.01756873757122
602,82.36026194584339,12.998544562684284,PM25,p95,69.3617173831591
603,83.8370313061937,13.549511058880029,PM25,p95,70.28752024731367
604,72.04283480726484,12.882962351771766,PM25,p95,59.15987245549307
605,77.04214638391994,13.277413394100568,PM25,p95,63.76473298981937
606,14.762796120647133,12.060996550187726,PM25,p95,2.701799570459407
607,79.65300500626573,13.186088249707348,PM25,p95,66.46691675655838
608,80.08917609639128,13.259004261375912,PM25,p95,66.83017183501538
609,81.21925009261331,13.644457125751273,PM25,p95,67.57479296686203
610,71.62444604061275,12.87673318955722,PM25,p95,58.74771285105553
611,11.686223246110876,9.48110999479424,PM25,p95,2.205113251316636
612,89.23353701809319,14.466433588135903,PM25,p95,74.76710342995729
613,81.47372749011657,13.691587290296717,PM25,p95,67.78214019981985
614,83.48665482564931,13.77258989169792,PM25,p95,69.71406493395139
643,79.76321346270647,13.023382614688098,PM25,p95,66.73983084801837
644,77.1451035668227,13.032602132791364,PM25,p95,64.11250143403133
645,78.83417580905444,13.237787085169236,PM25,p95,65.59638872388521
646,75.44615718635694,13.699972456125684,PM25,p95,61.746184730231256
647,84.22247126242807,13.430800355660239,PM25,p95,70.79167090676783
648,82.73244021254439,13.389368390065282,PM25,p95,69.3430718224791
649,77.1693268491575,13.342839028628614,PM25,p95,63.82648782052888
650,80.69052271981012,13.807814231353573,PM25,p95,66.88270848845654
651,12.059738325785505,9.838482622411918,PM25,p95,2.2212557033735862
652,80.89631611178703,13.239665190686228,PM25,p95,67.6566509211008
653,15.252521678006522,12.41693442699349,PM25,p95,2.835587251013031
654,86.0257820565643,13.831272079612079,PM25,p95,72.19450997695222
655,83.93182043620614,13.56234933030409,PM25,p95,70.36947110590205
686,78.15611042680722,13.228783272712613,PM25,p95,64.9273271540946
687,76.26379075831623,13.176158151055551,PM25,p95,63.08763260726068
688,78.59980405072727,13.47221296895048,PM25,p95,65.12759108177679
689,81.16287951616484,13.021548633876847,PM25,p95,68.14133088228799
690,86.01501103607146,13.809921000759687,PM25,p95,72.20509003531177
691,81.00598015381446,13.587818995969096,PM25,p95,67.41816115784536
692,84.65265315766943,13.51125396246044,PM25,p95,71.14139919520899
693,80.27402364928233,13.791333686308548,PM25,p95,66.48268996297378
694,85.04131358908585,14.266938225277197,PM25,p95,70.77437536380864
695,82.77205903842449,13.945721263849046,PM25,p95,68.82633777457544
696,80.61240653031487,14.233581195991432,PM25,p95,66.37882533432344
729,76.54436833180573,13.086081119045208,PM25,p95,63.458287212760524
730,79.46055466553732,13.215662147915365,PM25,p95,66.24489251762195
0,2.6426238720604087,12.808183926357923,NO2,p05,-10.165560054297515
1,2.5627974241101024,13.092439105856414,NO2,p05,-10.529641681746313
2,2.553586801992989,12.59920474701033,NO2,p05,-10.04561794501734
41,2.7377444883075834,12.993218405470957,NO2,p05,-10.255473917163373
42,2.687012993816419,12.270779035535556,NO2,p05,-9.583766041719137
43,2.640155935130681,13.018889745910009,NO2,p05,-10.378733810779329
44,2.581686404491106,12.808265225574047,NO2,p05,-10.226578821082942
82,2.6810629313809966,12.642091087064356,NO2,p05,-9.96102815568336
83,2.718463212013513,12.824621431102237,NO2,p05,-10.106158219088725
84,2.5909834041833766,12.863860924131197,NO2,p05,-10.272877519947821
85,2.680476623283869,12.824691852987852,NO2,p05,-10.144215229703983
86,2.4851597447514284,12.361191311096716,NO2,p05,-9.876031566345288
87,2.596636460004403,12.564225349253329,NO2,p05,-9.967588889248926
91,2.660005111734312,12.799171506209241,NO2,p05,-10.139166394474929
125,2.486250675494095,13.137478150089143,NO2,p05,-10.651227474595048
126,2.5797058290294053,13.078956393054492,NO2,p05,-10.499250564025086
127,2.64735846025909,12.853430721310776,NO2,p05,-10.206072261051686
128,2.6748606625256404,12.88155108032522,NO2,p05,-10.20669041779958
129,2.6030939956455197,12.827071028659258,NO2,p05,-10.223977033013739
130,2.5732533151189205,12.796916953091985,NO2,p05,-10.223663637973065
131,2.688057214226722,12.925263253179734,NO2,p05,-10.237206038953012
132,2.6796246249159568,13.011638214937909,NO2,p05,-10.332013590021951
133,2.618778827250355,12.717174302166491,NO2,p05,-10.098395474916135
134,2.648595813356992,12.663385350129223,NO2,p05,-10.01478953677223
135,2.6527750739576397,12.777145461566297,NO2,p05,-10.124370387608657
136,2.621998365816596,12.891718101414078,NO2,p05,-10.269719735597482
166,2.4053094091767724,12.579796074344081,NO2,p05,-10.174486665167308
167,2.7520752474907764,12.914657721513736,NO2,p05,-10.16258247402296
168,2.4962369181820097,12.981779587645455,NO2,p05,-10.485542669463445
169,2.6517282047726938,12.898982273816793,NO2,p05,-10.2472540690441
170,2.6239131576672827,12.641175729485168,NO2,p05,-10.017262571817884
171,2.6577216104627,13.005933777819427,NO2,p05,-10.348212167356728
172,2.636117719702825,13.05569628336927,NO2,p05,-10.419578563666445
173,2.841658055255394,13.027485330512985,NO2,p05,-10.18582727525759
174,2.475254165946553,13.066019242601657,NO2,p05,-10.590765076655103
175,2.5742510602940154,12.977259101296717,NO2,p05,-10.403008041002701
176,2.817041203602278,12.993492598486192,NO2,p05,-10.176451394883914
177,2.509759756074844,12.922669386356592,NO2,p05,-10.412909630281748
178,2.7242216556036474,12.592901348128583,NO2,p05,-9.868679692524935
208,2.6872821318166786,12.996430067222986,NO2,p05,-10.309147935406308
209,2.4983201898579948,12.73026765579241,NO2,p05,-10.231947465934415
210,2.63982382750824,12.891576379505363,NO2,p05,-10.251752551997123
211,2.6734804049121426,12.827443347584964,NO2,p05,-10.153962942672822
212,2.5041951074863524,13.230175673650967,NO2,p05,-10.725980566164615
213,2.687368285488906,12.881859175168245,NO2,p05,-10.194490889679338
214,2.449030837358202,12.602999511619625,NO2,p05,-10.153968674261424
215,2.531840176516276,13.270152198797355,NO2,p05,-10.738312022281079
216,2.5010963794002747,13.143551372282404,NO2,p05,-10.64245499288213
217,2.60189472675134,12.858902346668959,NO2,p05,-10.25700761991762
218,2.518838062000292,12.889236307418072,NO2,p05,-10.37039824541778
219,2.5480554453586404,13.047125416770507,NO2,p05,-10.499069971411867
251,2.5402832256246004,12.849915928054156,NO2,p05,-10.309632702429555
252,2.636065868389908,12.909435351320878,NO2,p05,-10.27336948293097
253,2.6084152990529383,12.685844184944722,NO2,p05,-10.077428885891784
254,2.555569968073274,12.407751869985374,NO2,p05,-9.8521819019121
255,2.549582066924836,12.466540857365057,NO2,p05,-9.916958790440221
256,2.5086994549562633,12.635893102271277,NO2,p05,-10.127193647315014
257,2.4221711718800734,12.55169659949943,NO2,p05,-10.129525427619356
258,2.45699921491542,12.867963148621094,NO2,p05,-10.410963933705673
259,2.699360044371073,12.72672934369458,NO2,p05,-10.027369299323507
294,2.6542100995320856,12.756930694338962,NO2,p05,-10.102720594806875
295,2.69145477058771,13.093897456813778,NO2,p05,-10.402442686226069
296,2.62212422968421,12.917862185241635,NO2,p05,-10.295737955557424
297,2.644643710366431,12.945287918834406,NO2,p05,-10.300644208467975
298,2.5189715453049617,13.353943359640725,NO2,p05,-10.834971814335763
299,2.7576429006439764,12.780806430828346,NO2,p05,-10.02316353018437
300,2.672617261132496,12.79925714342944,NO2,p05,-10.126639882296944
301,2.6327711827322338,12.733271356265943,NO2,p05,-10.10050017353371
302,2.6473788426680556,12.703377383334006,NO2,p05,-10.05599854066595
303,2.6340382696906954,12.960978715397491,NO2,p05,-10.326940445706796
304,2.8107964280598248,12.843451807118951,NO2,p05,-10.032655379059126
337,2.531923958013977,13.006535634360024,NO2,p05,-10.474611676346047
338,2.5249652670456704,12.818044142568395,NO2,p05,-10.293078875522724
339,2.759045513627746,12.846442834378704,NO2,p05,-10.08739732075096
340,2.596899839332115,12.996960305996273,NO2,p05,-10.400060466664158
341,2.5914549902145825,13.079657619108477,NO2,p05,-10.488202628893895
342,2.6892456124209656,12.802650733408361,NO2,p05,-10.113405120987396
343,2.676944217219019,12.919237529547502,NO2,p05,-10.242293312328483
344,2.547450555320279,12.70276760438119,NO2,p05,-10.155317049060912
345,2.737800862173007,12.798512691850219,NO2,p05,-10.060711829677212
346,2.5845472440572475,12.95135903305163,NO2,p05,-10.366811788994383
347,2.667428939940634,13.024788855217846,NO2,p05,-10.357359915277211
348,2.5480940399245897,12.902229677650645,NO2,p05,-10.354135637726056
349,2.4361320689291293,12.900824472964318,NO2,p05,-10.464692404035189
350,2.5774020938247757,13.145032719996268,NO2,p05,-10.567630626171493
351,2.605968935100684,12.62753346091184,NO2,p05,-10.021564525811156
352,2.4580768770877612,13.099213078633886,NO2,p05,-10.641136201546125
353,2.5626502990712154,13.029929861233532,NO2,p05,-10.467279562162316
360,2.5391880675722285,12.700089004466552,NO2,p05,-10.160900936894324
361,2.5659001597101425,12.734942392851211,NO2,p05,-10.169042233141068
379,2.6390756191192604,12.638117487826447,NO2,p05,-9.999041868707186
380,2.62982746363354,12.98540092587393,NO2,p05,-10.35557346224039
381,2.5971922217698316,12.978324250310006,NO2,p05,-10.381132028540176
382,2.675877028210664,12.697450575717289,NO2,p05,-10.021573547506625
383,2.7009590161293446,12.812056932973752,NO2,p05,-10.111097916844408
384,2.6007771038719483,12.762089186024584,NO2,p05,-10.161312082152635
385,2.4323382721181983,12.724590923336297,NO2,p05,-10.2922526512181
386,2.5500655497170395,12.709537397487653,NO2,p05,-10.159471847770613
387,2.570378456742081,12.642610401203603,NO2,p05,-10.072231944461523
388,2.635982225676562,12.804330599445445,NO2,p05,-10.168348373768882
389,2.6987001999409825,12.682868747063441,NO2,p05,-9.984168547122458
390,2.5229481864423153,12.750940048118828,NO2,p05,-10.227991861676513
391,2.536634216862757,12.664783828101159,NO2,p05,-10.128149611238403
392,2.7413287513170514,12.805722769399786,NO2,p05,-10.064394018082734
393,2.864691776437847,12.910493307730528,NO2,p05,-10.045801531292682
394,2.6623884557151256,12.734551441404315,NO2,p05,-10.07216298568919
395,2.6447083526725663,13.049272798909083,NO2,p05,-10.404564446236517
396,2.692580379276945,12.806102061137443,NO2,p05,-10.113521681860497
397,2.557237032741726,13.094070828001398,NO2,p05,-10.536833795259671
398,2.4371711106799396,12.612637517289592,NO2,p05,-10.175466406609653
400,2.7041880341003077,12.393512040453407,NO2,p05,-9.6893240063531
401,2.4391286905958833,12.284515906967716,NO2,p05,-9.845387216371833
402,2.5191755322333966,12.819684379394499,NO2,p05,-10.300508847161101
403,2.549488159488865,13.041431751108432,NO2,p05,-10.491943591619567
420,2.5094914170437184,12.725035712794256,NO2,p05,-10.215544295750536
421,2.615126831441366,12.708032642758992,NO2,p05,-10.092905811317626
422,2.736843842578459,13.152316036678595,NO2,p05,-10.415472194100136
423,2.53441541239653,12.845603248664961,NO2,p05,-10.31118783626843
424,2.6477180445379593,12.76144052832808,NO2,p05,-10.11372248379012
425,2.563533436193971,12.783300732304257,NO2,p05,-10.219767296110286
426,2.5410722275316497,12.7613800255812,NO2,p05,-10.22030779804955
427,2.4989116803036096,12.992557858854529,NO2,p05,-10.493646178550918
428,2.654915453078351,13.06965537052943,NO2,p05,-10.41473991745108
429,2.447804077168883,12.487700207295278,NO2,p05,-10.039896130126396
430,2.7743122108178184,12.892837956277633,NO2,p05,-10.118525745459815
431,2.5901956389102314,12.446232250686155,NO2,p05,-9.856036611775924
432,2.7305631447686016,12.872796622565863,NO2,p05,-10.142233477797262
433,2.553397196087107,12.681985520594134,NO2,p05,-10.128588324507028
434,2.5254380737043034,12.48869344179479,NO2,p05,-9.963255368090486
435,2.4928951928221568,12.926390888962437,NO2,p05,-10.43349569614028
436,2.7328955936702073,13.04221996913206,NO2,p05,-10.309324375461852
437,2.5777498062444937,13.371440660366856,NO2,p05,-10.793690854122362
438,2.748538360676072,12.938945693609465,NO2,p05,-10.190407332933393
439,2.642992716804893,12.968380281383547,NO2,p05,-10.325387564578655
440,2.751293462602895,13.02930152952725,NO2,p05,-10.278008066924356
441,2.6284130103741123,12.170469804648013,NO2,p05,-9.5420567942739
442,17.408263536273278,17.305411478410115,NO2,p05,0.10285205786316354
443,2.5092446359553895,12.746616897857344,NO2,p05,-10.237372261901953
444,2.562440475230373,12.487097916727723,NO2,p05,-9.92465744149735
445,2.523741045592004,12.92714412081053,NO2,p05,-10.403403075218526
446,2.476082572164113,12.459588741125781,NO2,p05,-9.983506168961668
461,2.553623009483738,12.979926274455469,NO2,p05,-10.42630326497173
462,2.5051866829226035,12.991476170620894,NO2,p05,-10.48628948769829
463,2.5582504794155554,12.782316652115416,NO2,p05,-10.22406617269986
464,2.681728004920519,12.895175971346703,NO2,p05,-10.213447966426184
465,2.684949355328069,12.458636739285494,NO2,p05,-9.773687383957425
466,2.5882471094534596,12.806962837562113,NO2,p05,-10.218715728108652
467,2.5867797161778925,12.805369888362753,NO2,p05,-10.21859017218486
468,2.458288695799367,12.391525020495733,NO2,p05,-9.933236324696367
469,2.773279151680615,12.809453978663885,NO2,p05,-10.03617482698327
470,2.661232585733735,13.110034824848189,NO2,p05,-10.448802239114453
471,2.5559437517315704,12.685822737968873,NO2,p05,-10.129878986237303
472,2.663401869082256,12.614958476489242,NO2,p05,-9.951556607406987
473,2.6722923851302576,13.098730047895016,NO2,p05,-10.426437662764759
474,2.535894326543845,12.57443722373055,NO2,p05,-10.038542897186705
475,2.4721690989123464,12.661365370606516,NO2,p05,-10.18919627169417
476,2.6861842022193234,13.149186032331723,NO2,p05,-10.4630018301124
477,2.5680081224914617,13.594924500433514,NO2,p05,-11.026916377942053
478,2.514668505112454,12.937659342458987,NO2,p05,-10.422990837346534
479,2.6842465232190746,13.225557631347966,NO2,p05,-10.541311108128891
480,2.8350624161599267,13.070410005795347,NO2,p05,-10.23534758963542
481,2.592067427122466,12.025168506628587,NO2,p05,-9.433101079506121
482,9.991725707685823,9.946404454824235,NO2,p05,0.045321252861588945
483,2.7452432766262533,13.740008792367535,NO2,p05,-10.994765515741282
484,2.6350038501974242,13.571396202681196,NO2,p05,-10.936392352483772
485,17.78303545327135,17.619880042944832,NO2,p05,0.16315541032651737
486,2.7169683674808867,13.614176173664578,NO2,p05,-10.897207806183692
487,2.8477711521017723,13.022949206675328,NO2,p05,-10.175178054573555
488,16.527559754750193,16.640436337862983,NO2,p05,-0.11287658311279003
503,2.6664151335660637,12.74911275223668,NO2,p05,-10.082697618670617
504,2.631830239920904,12.897927835867522,NO2,p05,-10.266097595946619
505,2.6635954237692516,13.054159597473731,NO2,p05,-10.39056417370448
506,2.67926702875631,12.848362255713953,NO2,p05,-10.169095226957642
507,2.72471864843805,13.112543467344862,NO2,p05,-10.387824818906811
508,2.606241742304445,12.850263730943261,NO2,p05,-10.244021988638817
509,2.7408240941996214,13.054520615272319,NO2,p05,-10.313696521072696
513,2.5095397508832744,12.851743325823316,NO2,p05,-10.342203574940042
514,2.6729858549283576,13.047329306139234,NO2,p05,-10.374343451210876
515,2.5894001652678096,12.801216734593174,NO2,p05,-10.211816569325364
516,2.5790002005023993,13.123241367169355,NO2,p05,-10.544241166666955
517,2.6582260498726438,13.366991782297108,NO2,p05,-10.708765732424464
518,2.5339059783980007,12.777307558320947,NO2,p05,-10.243401579922946
519,2.7131293577030524,12.832735610282574,NO2,p05,-10.119606252579523
520,2.5892511603896726,12.904898484216472,NO2,p05,-10.3156473238268
521,2.744415465240107,13.41237490206555,NO2,p05,-10.667959436825441
522,2.5208924107059274,12.796552711345445,NO2,p05,-10.275660300639517
523,2.7501964120718942,13.573094382607076,NO2,p05,-10.822897970535182
524,2.8521675606254173,14.208662395184238,NO2,p05,-11.35649483455882
525,17.65373830422057,17.551209430055852,NO2,p05,0.10252887416471879
526,2.4358088543720795,12.12927287504141,NO2,p05,-9.693464020669332
527,2.6201775685708615,12.702306852249732,NO2,p05,-10.08212928367887
528,2.5439361585490037,12.696644582544407,NO2,p05,-10.152708423995403
529,2.586265501370653,12.988277958360099,NO2,p05,-10.402012456989446
530,2.693231553644414,12.966165307353425,NO2,p05,-10.272933753709012
531,2.641733732991866,13.136260504039374,NO2,p05,-10.494526771047507
546,2.592898382860765,12.761400196411529,NO2,p05,-10.168501813550764
547,2.6440183705551323,12.723436626178474,NO2,p05,-10.079418255623342
555,2.7269148096119062,12.587315582201306,NO2,p05,-9.8604007725894
556,2.4971106044207607,12.884883977363492,NO2,p05,-10.387773372942732
559,2.670761889443043,13.211966548718491,NO2,p05,-10.541204659275449
560,2.599324358825522,12.99684897680382,NO2,p05,-10.397524617978299
561,2.768285760353535,12.726692247133053,NO2,p05,-9.958406486779518
562,2.5017382592859914,12.723023880799703,NO2,p05,-10.221285621513712
563,2.20955869614663,12.023226899023747,NO2,p05,-9.813668202877118
564,10.820104090113182,10.78007396527531,NO2,p05,0.040030124837871384
565,2.6999152192239366,13.560955233446903,NO2,p05,-10.861040014222965
566,2.362983347351562,11.938298106172665,NO2,p05,-9.575314758821103
567,11.67863961256463,11.614827775088912,NO2,p05,0.06381183747571839
568,14.119201354143936,14.07395008528269,NO2,p05,0.04525126886124653
569,2.809253026002566,13.770642510538098,NO2,p05,-10.961389484535532
570,10.232961324598502,10.188725159768584,NO2,p05,0.04423616482991832
571,2.767987154596655,13.312756432978343,NO2,p05,-10.544769278381688
572,2.7695783423170166,13.06768453158599,NO2,p05,-10.298106189268973
573,2.8705511915393034,13.493334516385515,NO2,p05,-10.62278332484621
601,2.5862103381972097,12.814577596834457,NO2,p05,-10.228367258637247
602,2.5960539331680645,12.681687591007677,NO2,p05,-10.085633657839612
603,2.794109195576956,13.444801467236566,NO2,p05,-10.65069227165961
604,2.512915729929515,12.597052153661023,NO2,p05,-10.084136423731508
605,2.548504621325276,12.384050391915851,NO2,p05,-9.835545770590574
606,12.68111290788349,12.663021973999324,NO2,p05,0.018090933884165494
607,2.274154489675103,12.938359910453071,NO2,p05,-10.664205420777968
608,2.50706858139227,12.525248465749057,NO2,p05,-10.018179884356787
609,2.600203518210704,13.069712832798773,NO2,p05,-10.46950931458807
610,2.8472509259956995,13.919798403432623,NO2,p05,-11.072547477436924
611,16.71036472859156,16.70533323772496,NO2,p05,0.005031490866599597
612,2.5691586967644255,12.170666011394372,NO2,p05,-9.601507314629947
613,2.568470566933535,12.358325884076118,NO2,p05,-9.789855317142584
614,2.632588223116746,13.41752213379477,NO2,p05,-10.784933910678024
643,2.7556216784552015,12.776591756029662,NO2,p05,-10.02097007757446
644,2.593474482165337,12.804183095924543,NO2,p05,-10.210708613759206
645,2.7471492950309147,12.656589852379197,NO2,p05,-9.909440557348283
646,2.7192872161123334,13.071455788420971,NO2,p05,-10.352168572308639
647,2.5794934783657877,13.294592800699338,NO2,p05,-10.71509932233355
648,2.726695663380354,12.577138542978155,NO2,p05,-9.8504428795978
649,2.5858028800897555,12.546052677276299,NO2,p05,-9.960249797186544
650,2.4298545037931536,13.002309632380717,NO2,p05,-10.572455128587563
651,8.607685603150323,8.573727629601802,NO2,p05,0.033957973548520926
652,2.647149693097649,13.301773914341235,NO2,p05,-10.654624221243585
653,9.043805893882405,9.001683871660244,NO2,p05,0.04212202222216099
654,2.580914553856964,12.491581409880448,NO2,p05,-9.910666856023484
655,2.7754965770850433,13.394203047947995,NO2,p05,-10.618706470862952
686,2.6901203038963057,12.936855073282727,NO2,p05,-10.246734769386421
687,2.615030196461016,13.012931382296083,NO2,p05,-10.397901185835067
688,2.7599070887244608,13.285671022981655,NO2,p05,-10.525763934257194
689,2.6369016316373743,12.655120662447239,NO2,p05,-10.018219030809863
690,2.7395875597755914,12.736105743364728,NO2,p05,-9.996518183589137
691,2.575366749384135,12.858187203280218,NO2,p05,-10.282820453896083
692,2.4537491067132273,13.159809977353197,NO2,p05,-10.70606087063997
693,2.791861819088502,13.649982184647623,NO2,p05,-10.85812036555912
694,2.6065808782201865,12.76924822603621,NO2,p05,-10.162667347816022
695,2.7677559777103293,13.478275328891856,NO2,p05,-10.710519351181526
696,2.86933613092975,13.931937753943288,NO2,p05,-11.062601623013538
729,2.6856689521976405,12.919906124497585,NO2,p05,-10.234237172299945
730,2.8160603390212087,12.791663979722113,NO2,p05,-9.975603640700903
0,14.231315473731026,12.808183926357923,NO2,p50,1.423131547373103
1,14.547154562062682,13.092439105856414,NO2,p50,1.4547154562062676
2,13.999116385567032,12.59920474701033,NO2,p50,1.399911638556702
41,14.436909339412173,12.993218405470957,NO2,p50,1.443690933941216
42,13.634198928372841,12.270779035535556,NO2,p50,1.3634198928372854
43,14.465433051011122,13.018889745910009,NO2,p50,1.4465433051011125
44,14.231405806193385,12.808265225574047,NO2,p50,1.4231405806193376
82,14.04676787451595,12.642091087064356,NO2,p50,1.404676787451594
83,14.249579367891377,12.824621431102237,NO2,p50,1.4249579367891396
84,14.293178804590218,12.863860924131197,NO2,p50,1.4293178804590205
85,14.249657614430946,12.824691852987852,NO2,p50,1.4249657614430937
86,13.734657012329684,12.361191311096716,NO2,p50,1.373465701232968
87,13.960250388059256,12.564225349253329,NO2,p50,1.3960250388059272
91,14.221301673565824,12.799171506209241,NO2,p50,1.422130167356583
125,14.597197944543492,13.137478150089143,NO2,p50,1.4597197944543492
126,14.532173770060547,13.078956393054492,NO2,p50,1.4532173770060552
127,14.281589690345305,12.853430721310776,NO2,p50,1.4281589690345289
128,14.312834533694689,12.88155108032522,NO2,p50,1.4312834533694687
129,14.252301142954733,12.827071028659258,NO2,p50,1.4252301142954753
130,14.21879661454665,12.796916953091985,NO2,p50,1.421879661454664
131,14.36140361464415,12.925263253179734,NO2,p50,1.4361403614644157
132,14.457375794375453,13.011638214937909,NO2,p50,1.4457375794375444
133,14.130193669073881,12.717174302166491,NO2,p50,1.41301936690739
134,14.070428166810247,12.663385350129223,NO2,p50,1.4070428166810238
135,14.196828290629218,12.777145461566297,NO2,p50,1.4196828290629213
136,14.324131223793419,12.891718101414078,NO2,p50,1.4324131223793408
166,13.977551193715644,12.579796074344081,NO2,p50,1.3977551193715634
167,14.349619690570817,12.914657721513736,NO2,p50,1.4349619690570812
168,14.424199541828282,12.981779587645455,NO2,p50,1.4424199541828262
169,14.332202526463105,12.898982273816793,NO2,p50,1.4332202526463114
170,14.045750810539078,12.641175729485168,NO2,p50,1.4045750810539097
171,14.451037530910474,13.005933777819427,NO2,p50,1.4451037530910469
172,14.506329203743634,13.05569628336927,NO2,p50,1.450632920374364
173,14.474983700569984,13.027485330512985,NO2,p50,1.4474983700569997
174,14.517799158446284,13.066019242601657,NO2,p50,1.451779915844627
175,14.419176779218576,12.977259101296717,NO2,p50,1.4419176779218592
176,14.43721399831799,12.993492598486192,NO2,p50,1.443721399831798
177,14.358521540396213,12.922669386356592,NO2,p50,1.4358521540396207
178,13.992112609031757,12.592901348128583,NO2,p50,1.399211260903174
208,14.440477852469986,12.996430067222986,NO2,p50,1.4440477852469993
209,14.144741839769344,12.73026765579241,NO2,p50,1.4144741839769335
210,14.32397375500596,12.891576379505363,NO2,p50,1.4323973755005976
211,14.252714830649959,12.827443347584964,NO2,p50,1.4252714830649946
212,14.70019519294552,13.230175673650967,NO2,p50,1.4700195192945529
213,14.313176861298048,12.881859175168245,NO2,p50,1.4313176861298036
214,14.00333279068847,12.602999511619625,NO2,p50,1.4003332790688443
215,14.744613554219285,13.270152198797355,NO2,p50,1.47446135542193
216,14.603945969202671,13.143551372282404,NO2,p50,1.460394596920267
217,14.28766927407662,12.858902346668959,NO2,p50,1.4287669274076613
218,14.32137367490897,12.889236307418072,NO2,p50,1.432137367490899
219,14.496806018633896,13.047125416770507,NO2,p50,1.4496806018633883
251,14.277684364504617,12.849915928054156,NO2,p50,1.427768436450462
252,14.343817057023198,12.909435351320878,NO2,p50,1.4343817057023198
253,14.095382427716356,12.685844184944722,NO2,p50,1.4095382427716334
254,13.786390966650417,12.407751869985374,NO2,p50,1.3786390966650437
255,13.851712063738951,12.466540857365057,NO2,p50,1.3851712063738937
256,14.039881224745864,12.635893102271277,NO2,p50,1.403988122474587
257,13.946329554999368,12.55169659949943,NO2,p50,1.3946329554999384
258,14.297736831801215,12.867963148621094,NO2,p50,1.4297736831801213
259,14.140810381882865,12.72672934369458,NO2,p50,1.4140810381882858
294,14.174367438154402,12.756930694338962,NO2,p50,1.4174367438154398
295,14.54877495201531,13.093897456813778,NO2,p50,1.454877495201531
296,14.353180205824037,12.917862185241635,NO2,p50,1.435318020582402
297,14.383653243149341,12.945287918834406,NO2,p50,1.438365324314935
298,14.83771484404525,13.353943359640725,NO2,p50,1.4837714844045244
299,14.200896034253718,12.780806430828346,NO2,p50,1.4200896034253727
300,14.22139682603271,12.79925714342944,NO2,p50,1.4221396826032695
301,14.148079284739937,12.733271356265943,NO2,p50,1.4148079284739943
302,14.114863759260006,12.703377383334006,NO2,p50,1.4114863759259997
303,14.40108746155277,12.960978715397491,NO2,p50,1.4401087461552784
304,14.270502007909947,12.843451807118951,NO2,p50,1.4270502007909958
337,14.451706260400025,13.006535634360024,NO2,p50,1.4451706260400012
338,14.242271269520439,12.818044142568395,NO2,p50,1.4242271269520437
339,14.273825371531894,12.846442834378704,NO2,p50,1.4273825371531892
340,14.441067006662525,12.996960305996273,NO2,p50,1.4441067006662518
341,14.53295291012053,13.079657619108477,NO2,p50,1.4532952910120525
342,14.225167481564846,12.802650733408361,NO2,p50,1.4225167481564842
343,14.35470836616389,12.919237529547502,NO2,p50,1.435470836616389
344,14.114186227090212,12.70276760438119,NO2,p50,1.4114186227090215
345,14.220569657611353,12.798512691850219,NO2,p50,1.4220569657611346
346,14.390398925612923,12.95135903305163,NO2,p50,1.4390398925612917
347,14.471987616908716,13.024788855217846,NO2,p50,1.4471987616908706
348,14.33581075294516,12.902229677650645,NO2,p50,1.4335810752945157
349,14.334249414404796,12.900824472964318,NO2,p50,1.433424941440478
350,14.605591911106963,13.145032719996268,NO2,p50,1.4605591911106952
351,14.030592734346488,12.62753346091184,NO2,p50,1.403059273434648
352,14.554681198482095,13.099213078633886,NO2,p50,1.4554681198482093
353,14.477699845815035,13.029929861233532,NO2,p50,1.4477699845815035
360,14.111210004962835,12.700089004466552,NO2,p50,1.4111210004962835
361,14.1499359920569,12.734942392851211,NO2,p50,1.4149935992056886
379,14.042352764251609,12.638117487826447,NO2,p50,1.4042352764251618
380,14.428223250971033,12.98540092587393,NO2,p50,1.4428223250971026
381,14.420360278122226,12.978324250310006,NO2,p50,1.44203602781222
382,14.108278417463653,12.697450575717289,NO2,p50,1.4108278417463644
383,14.23561881441528,12.812056932973752,NO2,p50,1.423561881441529
384,14.18009909558287,12.762089186024584,NO2,p50,1.418009909558286
385,14.138434359262552,12.724590923336297,NO2,p50,1.413843435926255
386,14.121708219430726,12.709537397487653,NO2,p50,1.4121708219430733
387,14.047344890226224,12.642610401203603,NO2,p50,1.404734489022621
388,14.227033999383828,12.804330599445445,NO2,p50,1.4227033999383831
389,14.092076385626045,12.682868747063441,NO2,p50,1.409207638562604
390,14.167711164576476,12.750940048118828,NO2,p50,1.4167711164576478
391,14.071982031223511,12.664783828101159,NO2,p50,1.407198203122352
392,14.228580854888651,12.805722769399786,NO2,p50,1.4228580854888655
393,14.34499256414503,12.910493307730528,NO2,p50,1.4344992564145027
394,14.14950160156035,12.734551441404315,NO2,p50,1.4149501601560353
395,14.49919199878787,13.049272798909083,NO2,p50,1.4499191998787868
396,14.229002290152714,12.806102061137443,NO2,p50,1.422900229015271
397,14.548967586668217,13.094070828001398,NO2,p50,1.4548967586668198
398,14.014041685877324,12.612637517289592,NO2,p50,1.4014041685877316
400,13.77056893383712,12.393512040453407,NO2,p50,1.3770568933837133
401,13.649462118853016,12.284515906967716,NO2,p50,1.3649462118853002
402,14.244093754882778,12.819684379394499,NO2,p50,1.4244093754882794
403,14.490479723453811,13.041431751108432,NO2,p50,1.4490479723453795
420,14.138928569771394,12.725035712794256,NO2,p50,1.4138928569771387
421,14.120036269732214,12.708032642758992,NO2,p50,1.4120036269732221
422,14.613684485198439,13.152316036678595,NO2,p50,1.4613684485198437
423,14.272892498516622,12.845603248664961,NO2,p50,1.4272892498516612
424,14.179378364808978,12.76144052832808,NO2,p50,1.4179378364808972
425,14.203667480338062,12.783300732304257,NO2,p50,1.4203667480338051
426,14.179311139534667,12.7613800255812,NO2,p50,1.4179311139534665
427,14.436175398727253,12.992557858854529,NO2,p50,1.443617539872724
428,14.521839300588255,13.06965537052943,NO2,p50,1.4521839300588244
429,13.875222452550307,12.487700207295278,NO2,p50,1.3875222452550293
430,14.325375506975147,12.892837956277633,NO2,p50,1.4325375506975142
431,13.829146945206839,12.446232250686155,NO2,p50,1.382914694520684
432,14.303107358406514,12.872796622565863,NO2,p50,1.430310735840651
433,14.091095022882369,12.681985520594134,NO2,p50,1.409109502288235
434,13.876326046438656,12.48869344179479,NO2,p50,1.3876326046438656
435,14.362656543291596,12.926390888962437,NO2,p50,1.4362656543291585
436,14.491355521257844,13.04221996913206,NO2,p50,1.4491355521257852
437,14.857156289296507,13.371440660366856,NO2,p50,1.4857156289296505
438,14.37660632623274,12.938945693609465,NO2,p50,1.437660632623274
439,14.409311423759496,12.968380281383547,NO2,p50,1.4409311423759483
440,14.477001699474721,13.02930152952725,NO2,p50,1.4477001699474705
441,13.522744227386681,12.170469804648013,NO2,p50,1.3522744227386685
442,19.228234976011233,17.305411478410115,NO2,p50,1.9228234976011187
443,14.162907664285939,12.746616897857344,NO2,p50,1.4162907664285953
444,13.874553240808583,12.487097916727723,NO2,p50,1.3874553240808591
445,14.363493467567254,12.92714412081053,NO2,p50,1.4363493467567245
446,13.843987490139757,12.459588741125781,NO2,p50,1.3843987490139753
461,14.42214030495052,12.979926274455469,NO2,p50,1.4422140304950517
462,14.434973522912104,12.991476170620894,NO2,p50,1.4434973522912102
463,14.202574057906018,12.782316652115416,NO2,p50,1.4202574057906023
464,14.327973301496337,12.895175971346703,NO2,p50,1.4327973301496346
465,13.842929710317216,12.458636739285494,NO2,p50,1.3842929710317229
466,14.229958708402345,12.806962837562113,NO2,p50,1.4229958708402322
467,14.228188764847506,12.805369888362753,NO2,p50,1.4228188764847527
468,13.76836113388415,12.391525020495733,NO2,p50,1.3768361133884177
469,14.232726642959872,12.809453978663885,NO2,p50,1.423272664295986
470,14.566705360942432,13.110034824848189,NO2,p50,1.4566705360942436
471,14.095358597743193,12.685822737968873,NO2,p50,1.4095358597743193
472,14.016620529432489,12.614958476489242,NO2,p50,1.4016620529432462
473,14.55414449766113,13.098730047895016,NO2,p50,1.4554144497661134
474,13.971596915256166,12.57443722373055,NO2,p50,1.3971596915256157
475,14.06818374511835,12.661365370606516,NO2,p50,1.4068183745118343
476,14.610206702590803,13.149186032331723,NO2,p50,1.4610206702590798
477,15.105471667148349,13.594924500433514,NO2,p50,1.5105471667148347
478,14.375177047176653,12.937659342458987,NO2,p50,1.4375177047176653
479,14.695064034831072,13.225557631347966,NO2,p50,1.4695064034831056
480,14.522677784217052,13.070410005795347,NO2,p50,1.4522677784217048
481,13.36129834069843,12.025168506628587,NO2,p50,1.3361298340698422
482,11.05156050536026,9.946404454824235,NO2,p50,1.105156050536026
483,15.266676435963925,13.740008792367535,NO2,p50,1.5266676435963902
484,15.079329114090218,13.571396202681196,NO2,p50,1.5079329114090214
485,19.577644492160925,17.619880042944832,NO2,p50,1.9577644492160928
486,15.126862415182865,13.614176173664578,NO2,p50,1.5126862415182867
487,14.469943562972588,13.022949206675328,NO2,p50,1.4469943562972603
488,18.489373708736647,16.640436337862983,NO2,p50,1.8489373708736636
503,14.165680835818533,12.74911275223668,NO2,p50,1.4165680835818524
504,14.33103092874169,12.897927835867522,NO2,p50,1.433103092874168
505,14.504621774970811,13.054159597473731,NO2,p50,1.45046217749708
506,14.275958061904392,12.848362255713953,NO2,p50,1.427595806190439
507,14.569492741494292,13.112543467344862,NO2,p50,1.45694927414943
508,14.27807081215918,12.850263730943261,NO2,p50,1.427807081215919
509,14.505022905858132,13.054520615272319,NO2,p50,1.4505022905858134
513,14.279714806470349,12.851743325823316,NO2,p50,1.4279714806470327
514,14.497032562376926,13.047329306139234,NO2,p50,1.449703256237692
515,14.223574149547972,12.801216734593174,NO2,p50,1.4223574149547975
516,14.581379296854838,13.123241367169355,NO2,p50,1.458137929685483
517,14.85221309144123,13.366991782297108,NO2,p50,1.4852213091441229
518,14.197008398134384,12.777307558320947,NO2,p50,1.4197008398134372
519,14.258595122536194,12.832735610282574,NO2,p50,1.42585951225362
520,14.338776093573859,12.904898484216472,NO2,p50,1.4338776093573866
521,14.90263878007283,13.41237490206555,NO2,p50,1.4902638780072817
522,14.218391901494938,12.796552711345445,NO2,p50,1.421839190149493
523,15.081215980674527,13.573094382607076,NO2,p50,1.5081215980674507
524,15.787402661315818,14.208662395184238,NO2,p50,1.5787402661315806
525,19.50134381117317,17.551209430055852,NO2,p50,1.9501343811173193
526,13.476969861157123,12.12927287504141,NO2,p50,1.3476969861157126
527,14.113674280277479,12.702306852249732,NO2,p50,1.4113674280277468
528,14.107382869493785,12.696644582544407,NO2,p50,1.4107382869493783
529,14.431419953733442,12.988277958360099,NO2,p50,1.4431419953733435
530,14.406850341503803,12.966165307353425,NO2,p50,1.4406850341503787
531,14.595845004488194,13.136260504039374,NO2,p50,1.4595845004488197
546,14.179333551568366,12.761400196411529,NO2,p50,1.417933355156837
547,14.13715180686497,12.723436626178474,NO2,p50,1.4137151806864967
555,13.985906202445895,12.587315582201306,NO2,p50,1.3985906202445886
556,14.316537752626099,12.884883977363492,NO2,p50,1.4316537752626068
559,14.679962831909434,13.211966548718491,NO2,p50,1.467996283190942
560,14.440943307559799,12.99684897680382,NO2,p50,1.4440943307559788
561,14.140769163481169,12.726692247133053,NO2,p50,1.4140769163481153
562,14.136693200888557,12.723023880799703,NO2,p50,1.4136693200888537
563,13.359140998915276,12.023226899023747,NO2,p50,1.3359140998915287
564,11.97785996141701,10.78007396527531,NO2,p50,1.1977859961417003
565,15.067728037163226,13.560955233446903,NO2,p50,1.5067728037163235
566,13.264775673525182,11.938298106172665,NO2,p50,1.3264775673525175
567,12.905364194543235,11.614827775088912,NO2,p50,1.2905364194543232
568,15.637722316980764,14.07395008528269,NO2,p50,1.5637722316980742
569,15.300713900597886,13.770642510538098,NO2,p50,1.5300713900597884
570,11.320805733076206,10.188725159768584,NO2,p50,1.132080573307622
571,14.791951592198158,13.312756432978343,NO2,p50,1.479195159219815
572,14.519649479539988,13.06768453158599,NO2,p50,1.4519649479539982
573,14.992593907095015,13.493334516385515,NO2,p50,1.4992593907095007
601,14.238419552038287,12.814577596834457,NO2,p50,1.4238419552038302
602,14.090763990008528,12.681687591007677,NO2,p50,1.4090763990008508
603,14.938668296929515,13.444801467236566,NO2,p50,1.4938668296929496
604,13.996724615178914,12.597052153661023,NO2,p50,1.3996724615178913
605,13.760055991017612,12.384050391915851,NO2,p50,1.3760055991017612
606,14.070024415554803,12.663021973999324,NO2,p50,1.4070024415554787
607,14.375955456058968,12.938359910453071,NO2,p50,1.4375955456058964
608,13.916942739721174,12.525248465749057,NO2,p50,1.3916942739721172
609,14.52190314755419,13.069712832798773,NO2,p50,1.4521903147554163
610,15.466442670480692,13.919798403432623,NO2,p50,1.5466442670480696
611,18.561481375249958,16.70533323772496,NO2,p50,1.8561481375249969
612,13.522962234882636,12.170666011394372,NO2,p50,1.3522962234882634
613,13.731473204529019,12.358325884076118,NO2,p50,1.373147320452901
614,14.908357926438635,13.41752213379477,NO2,p50,1.490835792643864
643,14.196213062255179,12.776591756029662,NO2,p50,1.4196213062255172
644,14.226870106582824,12.804183095924543,NO2,p50,1.4226870106582812
645,14.062877613754663,12.656589852379197,NO2,p50,1.4062877613754665
646,14.523839764912191,13.071455788420971,NO2,p50,1.4523839764912196
647,14.771769778554818,13.294592800699338,NO2,p50,1.4771769778554802
648,13.974598381086837,12.577138542978155,NO2,p50,1.3974598381086825
649,13.940058530306999,12.546052677276299,NO2,p50,1.3940058530307002
650,14.447010702645239,13.002309632380717,NO2,p50,1.4447010702645215
651,9.526364032890891,8.573727629601802,NO2,p50,0.9526364032890893
652,14.779748793712482,13.301773914341235,NO2,p50,1.4779748793712475
653,10.001870968511383,9.001683871660244,NO2,p50,1.000187096851139
654,13.879534899867163,12.491581409880448,NO2,p50,1.3879534899867156
655,14.882447831053327,13.394203047947995,NO2,p50,1.4882447831053316
686,14.374283414758587,12.936855073282727,NO2,p50,1.4374283414758597
687,14.458812646995648,13.012931382296083,NO2,p50,1.4458812646995653
688,14.761856692201839,13.285671022981655,NO2,p50,1.4761856692201842
689,14.06124518049693,12.655120662447239,NO2,p50,1.4061245180496922
690,14.151228603738588,12.736105743364728,NO2,p50,1.4151228603738595
691,14.286874670311354,12.858187203280218,NO2,p50,1.4286874670311356
692,14.622011085947996,13.159809977353197,NO2,p50,1.4622011085947992
693,15.166646871830693,13.649982184647623,NO2,p50,1.51666468718307
694,14.188053584484676,12.76924822603621,NO2,p50,1.4188053584484663
695,14.975861476546504,13.478275328891856,NO2,p50,1.4975861476546477
696,15.479930837714765,13.931937753943288,NO2,p50,1.5479930837714768
729,14.355451249441762,12.919906124497585,NO2,p50,1.435545124944177
730,14.212959977469014,12.791663979722113,NO2,p50,1.4212959977469009
0,77.90915554341346,12.808183926357923,NO2,p95,65.10097161705554
1,80.28914358439654,13.092439105856414,NO2,p95,67.19670447854013
2,80.0091568895056,12.59920474701033,NO2,p95,67.40995214249527
41,73.53350887502845,12.993218405470957,NO2,p95,60.54029046955749
42,72.94936164480852,12.270779035535556,NO2,p95,60.678582609272965
43,76.8322739629836,13.018889745910009,NO2,p95,63.8133842170736
44,79.06225691143985,12.808265225574047,NO2,p95,66.2539916858658
82,79.75032784971668,12.642091087064356,NO2,p95,67.10823676265233
83,72.96368023374026,12.824621431102237,NO2,p95,60.139058802638026
84,76.175356503176,12.863860924131197,NO2,p95,63.31149557904481
85,76.01596949482675,12.824691852987852,NO2,p95,63.191277641838894
86,75.13689017291053,12.361191311096716,NO2,p95,62.77569886181381
87,69.74334530139153,12.564225349253329,NO2,p95,57.1791199521382
91,77.82570327553417,12.799171506209241,NO2,p95,65.02653176932492
125,82.55380811937648,13.137478150089143,NO2,p95,69.41632996928735
126,78.37052339585021,13.078956393054492,NO2,p95,65.29156700279572
127,79.8344881422731,12.853430721310776,NO2,p95,66.98105742096233
128,80.86960995371334,12.88155108032522,NO2,p95,67.98805887338811
129,77.18917117952623,12.827071028659258,NO2,p95,64.36210015086697
130,81.00480993870703,12.796916953091985,NO2,p95,68.20789298561505
131,75.32753886890906,12.925263253179734,NO2,p95,62.40227561572932
132,78.556539521928,13.011638214937909,NO2,p95,65.5449013069901
133,74.60058632953525,12.717174302166491,NO2,p95,61.883412027368756
134,77.00016892517593,12.663385350129223,NO2,p95,64.33678357504671
135,77.48505262832164,12.777145461566297,NO2,p95,64.70790716675535
136,80.10577255336335,12.891718101414078,NO2,p95,67.21405445194927
166,80.79687342501191,12.579796074344081,NO2,p95,68.21707735066784
167,76.16028154762968,12.914657721513736,NO2,p95,63.245623826115946
168,80.50039406973397,12.981779587645455,NO2,p95,67.51861448208851
169,75.69795250326919,12.898982273816793,NO2,p95,62.7989702294524
170,80.58702923235619,12.641175729485168,NO2,p95,67.94585350287102
171,81.62043727663266,13.005933777819427,NO2,p95,68.61450349881324
172,74.57945941598967,13.05569628336927,NO2,p95,61.5237631326204
173,76.98088183621518,13.027485330512985,NO2,p95,63.95339650570219
174,80.8646234893947,13.066019242601657,NO2,p95,67.79860424679305
175,78.13241283561109,12.977259101296717,NO2,p95,65.15515373431438
176,79.27253731742866,12.993492598486192,NO2,p95,66.27904471894246
177,78.90073812643182,12.922669386356592,NO2,p95,65.97806874007523
178,74.9539027504447,12.592901348128583,NO2,p95,62.36100140231611
208,78.76476242892028,12.996430067222986,NO2,p95,65.76833236169729
209,76.41371384940145,12.73026765579241,NO2,p95,63.683446193609036
210,75.63716986436927,12.891576379505363,NO2,p95,62.7455934848639
211,81.73970613667271,12.827443347584964,NO2,p95,68.91226278908775
212,81.32270379126491,13.230175673650967,NO2,p95,68.09252811761395
213,77.67497470602994,12.881859175168245,NO2,p95,64.7931155308617
214,78.83206351300973,12.602999511619625,NO2,p95,66.2290640013901
215,79.46697481074676,13.270152198797355,NO2,p95,66.19682261194941
216,78.04504105556269,13.143551372282404,NO2,p95,64.90148968328029
217,77.50751449987432,12.858902346668959,NO2,p95,64.64861215320536
218,77.78702880510478,12.889236307418072,NO2,p95,64.89779249768671
219,80.70072693325947,13.047125416770507,NO2,p95,67.65360151648896
251,81.27614849346627,12.849915928054156,NO2,p95,68.4262325654121
252,77.50998463595056,12.909435351320878,NO2,p95,64.60054928462968
253,79.14481303145038,12.685844184944722,NO2,p95,66.45896884650566
254,74.00908195765616,12.407751869985374,NO2,p95,61.60133008767079
255,80.65049162026077,12.466540857365057,NO2,p95,68.1839507628957
256,75.11337469981034,12.635893102271277,NO2,p95,62.47748159753906
257,79.1828372877375,12.55169659949943,NO2,p95,66.63114068823808
258,80.74561051155482,12.867963148621094,NO2,p95,67.87764736293371
259,76.44152967071115,12.72672934369458,NO2,p95,63.71480032701657
294,77.54287288245338,12.756930694338962,NO2,p95,64.78594218811442
295,76.58192507818806,13.093897456813778,NO2,p95,63.488027621374286
296,82.57135122794973,12.917862185241635,NO2,p95,69.6534890427081
297,81.77823519478476,12.945287918834406,NO2,p95,68.83294727595035
298,82.58778299624069,13.353943359640725,NO2,p95,69.23383963659997
299,74.8688431842996,12.780806430828346,NO2,p95,62.08803675347126
300,76.96649013090817,12.79925714342944,NO2,p95,64.16723298747873
301,81.39518608635359,12.733271356265943,NO2,p95,68.66191473008764
302,78.61820109179605,12.703377383334006,NO2,p95,65.91482370846205
303,77.24411566411176,12.960978715397491,NO2,p95,64.28313694871427
304,75.36145114241752,12.843451807118951,NO2,p95,62.51799933529857
337,84.04270087374917,13.006535634360024,NO2,p95,71.03616523938915
338,79.10443656552343,12.818044142568395,NO2,p95,66.28639242295503
339,78.69275266758335,12.846442834378704,NO2,p95,65.84630983320464
340,77.67185396477056,12.996960305996273,NO2,p95,64.6748936587743
341,78.96070725356789,13.079657619108477,NO2,p95,65.88104963445942
342,76.35301988186635,12.802650733408361,NO2,p95,63.55036914845798
343,78.8978605923773,12.919237529547502,NO2,p95,65.9786230628298
344,77.27625292206082,12.70276760438119,NO2,p95,64.57348531767963
345,79.10285095908222,12.798512691850219,NO2,p95,66.304338267232
346,80.45581309513615,12.95135903305163,NO2,p95,67.50445406208452
347,77.24965386458499,13.024788855217846,NO2,p95,64.22486500936714
348,79.60808793129203,12.902229677650645,NO2,p95,66.7058582536414
349,81.21911360603389,12.900824472964318,NO2,p95,68.31828913306957
350,77.65537161503875,13.145032719996268,NO2,p95,64.51033889504248
351,78.53369752340595,12.62753346091184,NO2,p95,65.90616406249411
352,78.70552187335083,13.099213078633886,NO2,p95,65.60630879471695
353,82.02237275328818,13.029929861233532,NO2,p95,68.99244289205465
360,81.72743537539495,12.700089004466552,NO2,p95,69.0273463709284
361,73.6865232542929,12.734942392851211,NO2,p95,60.951580861441684
379,79.70114396836625,12.638117487826447,NO2,p95,67.0630264805398
380,77.80939147849774,12.98540092587393,NO2,p95,64.82399055262381
381,77.98157525195532,12.978324250310006,NO2,p95,65.00325100164531
382,77.68868048950236,12.697450575717289,NO2,p95,64.99122991378508
383,79.3389910665566,12.812056932973752,NO2,p95,66.52693413358286
384,81.49373731251572,12.762089186024584,NO2,p95,68.73164812649114
385,81.26537629651901,12.724590923336297,NO2,p95,68.54078537318271
386,76.49492667115797,12.709537397487653,NO2,p95,63.78538927367032
387,77.99191876158842,12.642610401203603,NO2,p95,65.34930836038482
388,80.88730763356693,12.804330599445445,NO2,p95,68.08297703412148
389,75.18842526865397,12.682868747063441,NO2,p95,62.505556521590535
390,80.3864062394288,12.750940048118828,NO2,p95,67.63546619130997
391,76.69408779897171,12.664783828101159,NO2,p95,64.02930397087054
392,79.24341685413633,12.805722769399786,NO2,p95,66.43769408473653
393,74.06432275298683,12.910493307730528,NO2,p95,61.1538294452563
394,73.890969962221,12.734551441404315,NO2,p95,61.15641852081669
395,77.50174098448049,13.049272798909083,NO2,p95,64.4524681855714
396,78.02331399676272,12.806102061137443,NO2,p95,65.21721193562529
397,83.60611945003163,13.094070828001398,NO2,p95,70.51204862203024
398,74.27974060500102,12.612637517289592,NO2,p95,61.66710308771143
400,75.5253350574195,12.393512040453407,NO2,p95,63.13182301696609
401,78.93395259791804,12.284515906967716,NO2,p95,66.64943669095032
402,72.36922377270328,12.819684379394499,NO2,p95,59.54953939330878
403,85.32123165898777,13.041431751108432,NO2,p95,72.27979990787934
420,75.6064622924799,12.725035712794256,NO2,p95,62.88142657968565
421,81.77562024119948,12.708032642758992,NO2,p95,69.06758759844048
422,80.81393499583152,13.152316036678595,NO2,p95,67.66161895915292
423,77.92707196741682,12.845603248664961,NO2,p95,65.08146871875186
424,79.83871267494278,12.76144052832808,NO2,p95,67.0772721466147
425,81.31479239801268,12.783300732304257,NO2,p95,68.53149166570843
426,75.90278288852852,12.7613800255812,NO2,p95,63.14140286294732
427,78.46352385542598,12.992557858854529,NO2,p95,65.47096599657145
428,78.73646467225777,13.06965537052943,NO2,p95,65.66680930172834
429,81.77116164213479,12.487700207295278,NO2,p95,69.28346143483951
430,76.83464530630093,12.892837956277633,NO2,p95,63.941807350023296
431,77.3362012859783,12.446232250686155,NO2,p95,64.88996903529215
432,73.58133175828587,12.872796622565863,NO2,p95,60.708535135720005
433,77.71300378300334,12.681985520594134,NO2,p95,65.0310182624092
434,81.13759731907066,12.48869344179479,NO2,p95,68.64890387727587
435,74.84350525909277,12.926390888962437,NO2,p95,61.91711437013033
436,76.66206130306422,13.04221996913206,NO2,p95,63.61984133393216
437,83.57595630149625,13.371440660366856,NO2,p95,70.20451564112939
438,77.98048690293382,12.938945693609465,NO2,p95,65.04154120932435
439,84.075266183636,12.968380281383547,NO2,p95,71.10688590225246
440,74.82586363122046,13.02930152952725,NO2,p95,61.796562101693205
441,78.75497357993059,12.170469804648013,NO2,p95,66.58450377528258
442,21.241779314535464,17.305411478410115,NO2,p95,3.936367836125349
443,75.49197045961563,12.746616897857344,NO2,p95,62.745353561758286
444,82.32696585132267,12.487097916727723,NO2,p95,69.83986793459495
445,82.50041855740814,12.92714412081053,NO2,p95,69.57327443659761
446,78.26010370117828,12.459588741125781,NO2,p95,65.8005149600525
461,79.82410833416084,12.979926274455469,NO2,p95,66.84418205970537
462,75.37729384793654,12.991476170620894,NO2,p95,62.38581767731565
463,82.7306327843535,12.782316652115416,NO2,p95,69.94831613223809
464,79.97430755429932,12.895175971346703,NO2,p95,67.07913158295261
465,75.7861171905515,12.458636739285494,NO2,p95,63.327480451266
466,76.3989449032802,12.806962837562113,NO2,p95,63.591982065718085
467,76.28779515535341,12.805369888362753,NO2,p95,63.48242526699065
468,78.72107164664253,12.391525020495733,NO2,p95,66.3295466261468
469,75.10825272734961,12.809453978663885,NO2,p95,62.298798748685726
470,79.64487861908502,13.110034824848189,NO2,p95,66.53484379423683
471,84.94118694728394,12.685822737968873,NO2,p95,72.25536420931506
472,74.08442312234055,12.614958476489242,NO2,p95,61.46946464585131
473,80.44881284138935,13.098730047895016,NO2,p95,67.35008279349434
474,81.28149316795148,12.57443722373055,NO2,p95,68.70705594422093
475,75.76241279054292,12.661365370606516,NO2,p95,63.10104741993641
476,78.49347721075291,13.149186032331723,NO2,p95,65.34429117842119
477,82.33661594822904,13.594924500433514,NO2,p95,68.74169144779552
478,85.99261084741633,12.937659342458987,NO2,p95,73.05495150495734
479,78.53929336147095,13.225557631347966,NO2,p95,65.31373573012299
480,79.63863039846547,13.070410005795347,NO2,p95,66.56822039267011
481,71.79619492522079,12.025168506628587,NO2,p95,59.7710264185922
482,12.228088162593217,9.946404454824235,NO2,p95,2.281683707768982
483,84.44580275711336,13.740008792367535,NO2,p95,70.70579396474582
484,80.41038392457882,13.571396202681196,NO2,p95,66.83898772189762
485,21.547676650967478,17.619880042944832,NO2,p95,3.9277966080226463
486,81.93792639426529,13.614176173664578,NO2,p95,68.32375022060072
487,75.281180813928,13.022949206675328,NO2,p95,62.258231607252675
488,20.667690425236675,16.640436337862983,NO2,p95,4.0272540873736915
503,76.7835007449744,12.74911275223668,NO2,p95,64.03438799273772
504,78.23656967641587,12.897927835867522,NO2,p95,65.33864184054835
505,81.69604497950978,13.054159597473731,NO2,p95,68.64188538203605
506,77.39467014307063,12.848362255713953,NO2,p95,64.54630788735668
507,79.81658432134948,13.112543467344862,NO2,p95,66.70404085400462
508,82.62955156223474,12.850263730943261,NO2,p95,69.77928783129147
509,79.38793018705627,13.054520615272319,NO2,p95,66.33340957178395
513,76.86284813688214,12.851743325823316,NO2,p95,64.01110481105881
514,77.2367653433531,13.047329306139234,NO2,p95,64.18943603721387
515,76.6696767452082,12.801216734593174,NO2,p95,63.86846001061503
516,76.6475395995936,13.123241367169355,NO2,p95,63.52429823242424
517,76.79827390471543,13.366991782297108,NO2,p95,63.431282122418324
518,82.38520315044248,12.777307558320947,NO2,p95,69.60789559212154
519,76.92381128848132,12.832735610282574,NO2,p95,64.09107567819875
520,82.33396529986891,12.904898484216472,NO2,p95,69.42906681565243
521,80.36872171163637,13.41237490206555,NO2,p95,66.95634680957082
522,77.24111089415233,12.796552711345445,NO2,p95,64.44455818280689
523,84.19629690047189,13.573094382607076,NO2,p95,70.62320251786481
524,81.0216926626113,14.208662395184238,NO2,p95,66.81303026742707
525,21.55666817611721,17.551209430055852,NO2,p95,4.0054587460613575
526,76.7121458264416,12.12927287504141,NO2,p95,64.58287295140019
527,74.10038570564595,12.702306852249732,NO2,p95,61.398078853396214
528,76.1666821176951,12.696644582544407,NO2,p95,63.470037535150695
529,83.34351774806605,12.988277958360099,NO2,p95,70.35523978970595
530,80.85364622258253,12.966165307353425,NO2,p95,67.8874809152291
531,85.30892496582125,13.136260504039374,NO2,p95,72.17266446178188
546,79.14745888840424,12.761400196411529,NO2,p95,66.38605869199272
547,73.69305965985411,12.723436626178474,NO2,p95,60.96962303367564
555,76.47915663230965,12.587315582201306,NO2,p95,63.89184105010835
556,77.69499066889543,12.884883977363492,NO2,p95,64.81010669153194
559,79.2585577944417,13.211966548718491,NO2,p95,66.0465912457232
560,79.02010214594947,12.99684897680382,NO2,p95,66.02325316914565
561,77.00049227749292,12.726692247133053,NO2,p95,64.27380003035987
562,78.00280884231651,12.723023880799703,NO2,p95,65.27978496151681
563,72.81527390389856,12.023226899023747,NO2,p95,60.79204700487481
564,13.264666863903733,10.78007396527531,NO2,p95,2.4845928986284225
565,85.680843506191,13.560955233446903,NO2,p95,72.11988827274409
566,71.0366708889482,11.938298106172665,NO2,p95,59.09837278277553
567,14.26693196565964,11.614827775088912,NO2,p95,2.6521041905707285
568,17.305725084330934,14.07395008528269,NO2,p95,3.2317749990482447
569,83.74013718146048,13.770642510538098,NO2,p95,69.96949467092239
570,12.527683286659187,10.188725159768584,NO2,p95,2.338958126890603
571,78.18368333245904,13.312756432978343,NO2,p95,64.8709268994807
572,72.27211406023885,13.06768453158599,NO2,p95,59.20442952865286
573,82.62712909545554,13.493334516385515,NO2,p95,69.13379457907003
601,74.62722725928934,12.814577596834457,NO2,p95,61.81264966245489
602,79.56105749577101,12.681687591007677,NO2,p95,66.87936990476334
603,79.01501297233737,13.444801467236566,NO2,p95,65.57021150510081
604,73.54062777338306,12.597052153661023,NO2,p95,60.94357561972204
605,77.66978260263049,12.384050391915851,NO2,p95,65.28573221071464
606,15.602300128391166,12.663021973999324,NO2,p95,2.9392781543918414
607,79.52408273306096,12.938359910453071,NO2,p95,66.58572282260789
608,78.32322976936138,12.525248465749057,NO2,p95,65.79798130361232
609,77.33591073302397,13.069712832798773,NO2,p95,64.2661979002252
610,85.94958195711878,13.919798403432623,NO2,p95,72.02978355368616
611,20.620394409418,16.70533323772496,NO2,p95,3.91506117169304
612,74.68795211980515,12.170666011394372,NO2,p95,62.51728610841077
613,77.82375759746037,12.358325884076118,NO2,p95,65.46543171338425
614,81.12710262147877,13.41752213379477,NO2,p95,67.709580487684
643,77.56794825069464,12.776591756029662,NO2,p95,64.79135649466498
644,78.88889537368003,12.804183095924543,NO2,p95,66.08471227775549
645,72.02149033120135,12.656589852379197,NO2,p95,59.36490047882215
646,75.29225618837155,13.071455788420971,NO2,p95,62.22080039995058
647,84.02579549703609,13.294592800699338,NO2,p95,70.73120269633675
648,79.25763492127105,12.577138542978155,NO2,p95,66.6804963782929
649,76.32357783470196,12.546052677276299,NO2,p95,63.777525157425664
650,81.34127839043067,13.002309632380717,NO2,p95,68.33896875804996
651,10.546411931880055,8.573727629601802,NO2,p95,1.9726843022782532
652,80.34954641853271,13.301773914341235,NO2,p95,67.04777250419147
653,11.065496280493067,9.001683871660244,NO2,p95,2.0638124088328222
654,76.91479860170526,12.491581409880448,NO2,p95,64.4232171918248
655,81.50935480667799,13.394203047947995,NO2,p95,68.11515175873
686,75.20943807949274,12.936855073282727,NO2,p95,62.27258300621001
687,75.59845419221999,13.012931382296083,NO2,p95,62.58552280992391
688,75.47746871906817,13.285671022981655,NO2,p95,62.19179769608652
689,76.35079597415981,12.655120662447239,NO2,p95,63.69567531171257
690,79.5993510300612,12.736105743364728,NO2,p95,66.86324528669647
691,76.65257817511427,12.858187203280218,NO2,p95,63.794390971834055
692,83.16441446599603,13.159809977353197,NO2,p95,70.00460448864284
693,80.46220824907273,13.649982184647623,NO2,p95,66.8122260644251
694,80.16469678520117,12.76924822603621,NO2,p95,67.39544855916496
695,80.51401724412128,13.478275328891856,NO2,p95,67.03574191522942
696,80.84967754580272,13.931937753943288,NO2,p95,66.91773979185943
729,75.58223970732188,12.919906124497585,NO2,p95,62.66233358282429
730,77.62787682655615,12.791663979722113,NO2,p95,64.83621284683403
0,2.1497861076473086,10.628289599658311,O3,p05,-8.478503492011003
1,2.1902426181842833,10.465149963049067,O3,p05,-8.274907344864783
2,2.306145074056002,10.877889595859063,O3,p05,-8.571744521803062
41,2.0249391618427617,10.546509927397642,O3,p05,-8.52157076555488
42,2.1781572501047095,10.804454334080193,O3,p05,-8.626297083975484
43,2.176049749997518,10.891730480309578,O3,p05,-8.715680730312059
44,2.271519031956551,10.836412741998172,O3,p05,-8.564893710041622
82,2.147088953248487,10.861001685882062,O3,p05,-8.713912732633576
83,2.0417627563710123,10.607467075538741,O3,p05,-8.565704319167729
84,2.2144492893974292,10.705570634072195,O3,p05,-8.491121344674767
85,2.0645271701427585,10.333548994186698,O3,p05,-8.26902182404394
86,2.2758474374616924,10.852941896833686,O3,p05,-8.577094459371994
87,2.0550646482273844,10.530959157449145,O3,p05,-8.47589450922176
91,2.1371788142199053,10.709651835177088,O3,p05,-8.572473020957183
125,2.0637527941229847,10.748583371998256,O3,p05,-8.684830577875271
126,2.022516894358651,11.151125906668566,O3,p05,-9.128609012309916
127,2.3847115420568894,10.925635465435567,O3,p05,-8.540923923378678
128,2.1514262442634955,10.544989765596762,O3,p05,-8.393563521333267
129,2.33930003096086,10.596983622918227,O3,p05,-8.257683591957367
130,2.11093947349034,10.682118493455595,O3,p05,-8.571179019965255
131,2.1865656718222604,11.02531799574731,O3,p05,-8.83875232392505
132,2.243121830648766,10.795823540822106,O3,p05,-8.55270171017334
133,2.2844270430407225,10.510118688886724,O3,p05,-8.225691645846002
134,2.1811128561570348,10.609844900805825,O3,p05,-8.42873204464879
135,2.064746944579083,10.643971249267038,O3,p05,-8.579224304687955
136,2.2006278943054656,10.887383553382357,O3,p05,-8.68675565907689
166,2.192595105224205,10.722343111639765,O3,p05,-8.52974800641556
167,2.1549135953516227,10.432758079056972,O3,p05,-8.27784448370535
168,2.164327438975915,10.655419368349188,O3,p05,-8.491091929373273
169,2.1774265226164817,10.789077900618459,O3,p05,-8.611651378001977
170,2.1479785142272347,10.780836260758356,O3,p05,-8.632857746531121
171,2.123850824737531,10.668220806544166,O3,p05,-8.544369981806636
172,2.1442671239427344,10.850171500301219,O3,p05,-8.705904376358484
173,2.257304996069645,10.92124764162318,O3,p05,-8.663942645553536
174,2.1019694988520783,10.592134672688296,O3,p05,-8.490165173836218
175,2.2236773298411903,10.481159420223426,O3,p05,-8.257482090382236
176,2.26674877932008,10.70349487951558,O3,p05,-8.4367461001955
177,1.9704931606944052,10.416263835853707,O3,p05,-8.445770675159302
178,2.1863894357769285,10.745074347096105,O3,p05,-8.558684911319176
208,2.2468748230483415,10.643087857162664,O3,p05,-8.396213034114322
209,2.038325389802594,10.846479079884352,O3,p05,-8.808153690081758
210,2.091184263025164,10.667895203629365,O3,p05,-8.576710940604201
211,2.1183855045121534,10.722590080186695,O3,p05,-8.604204575674542
212,2.23642649036235,10.719578592917523,O3,p05,-8.483152102555174
213,2.2434311639210187,10.92357639353843,O3,p05,-8.68014522961741
214,2.1430707161626232,10.751869057562986,O3,p05,-8.608798341400362
215,2.1602969045762803,10.902565055950713,O3,p05,-8.742268151374432
216,2.036129407386192,10.629712623213335,O3,p05,-8.593583215827142
217,2.2412943113645056,10.816259029465659,O3,p05,-8.574964718101153
218,2.202204574712891,10.43576228388898,O3,p05,-8.23355770917609
219,2.028993493813951,10.568833362418708,O3,p05,-8.539839868604757
251,2.23808389830013,10.556600911356343,O3,p05,-8.318517013056212
252,2.2069685556582206,10.632326061909293,O3,p05,-8.425357506251071
253,2.1972389573511393,10.910859109898448,O3,p05,-8.713620152547309
254,2.2197202245940155,10.961214112780112,O3,p05,-8.741493888186097
255,2.2230847734063977,10.855375090029836,O3,p05,-8.63229031662344
256,2.39954173624712,10.761658013856346,O3,p05,-8.362116277609227
257,2.3268499040330535,11.12394995607365,O3,p05,-8.797100052040596
258,2.232840548100474,11.234921368954152,O3,p05,-9.002080820853678
259,2.209648617715764,10.84936344755392,O3,p05,-8.639714829838155
294,2.167287742212012,10.664496386331127,O3,p05,-8.497208644119116
295,2.1684706343691578,10.243381648520884,O3,p05,-8.074911014151727
296,2.1124709405243576,10.35315851321965,O3,p05,-8.240687572695293
297,2.0333839271478515,10.225138127621667,O3,p05,-8.191754200473817
298,2.0496376713889206,10.580290262109665,O3,p05,-8.530652590720745
299,2.1986843746325437,10.60059617963082,O3,p05,-8.401911804998276
300,2.1866205727745145,10.26958392830425,O3,p05,-8.082963355529735
301,2.1051030776629465,10.766291852111845,O3,p05,-8.661188774448899
302,2.2576283932226517,10.945834407130148,O3,p05,-8.688206013907497
303,2.2249716060470823,10.678329189699914,O3,p05,-8.453357583652831
304,2.2244659408406178,10.657194296272019,O3,p05,-8.4327283554314
337,2.170857666670932,10.550079771305361,O3,p05,-8.37922210463443
338,2.219406445234644,10.833402902273887,O3,p05,-8.613996457039242
339,2.22069158518655,10.680232629727135,O3,p05,-8.459541044540584
340,2.098999877606961,10.905342615353536,O3,p05,-8.806342737746576
341,2.2031707614053087,10.670430337398829,O3,p05,-8.46725957599352
342,2.2000634102578744,11.009931903721185,O3,p05,-8.809868493463311
343,2.1765234274765017,10.683323491264868,O3,p05,-8.506800063788367
344,2.215619411197187,10.951122974421525,O3,p05,-8.735503563224338
345,2.0628516159953096,10.899698860299644,O3,p05,-8.836847244304334
346,2.1243125171761377,10.553730187180978,O3,p05,-8.42941767000484
347,2.3503711040772117,10.683203493349971,O3,p05,-8.33283238927276
348,2.114571790194057,10.812401765397741,O3,p05,-8.697829975203684
349,2.2121322542598514,11.042405652780422,O3,p05,-8.830273398520571
350,2.3162155124858512,10.763755656524475,O3,p05,-8.447540144038625
351,2.202153482952658,11.005743891120483,O3,p05,-8.803590408167825
352,2.2053520792862407,10.764013967672472,O3,p05,-8.558661888386231
353,2.018667356061348,10.623947845439245,O3,p05,-8.605280489377897
360,2.16033185651631,10.753892716736964,O3,p05,-8.593560860220654
361,2.270102913618009,10.776854907443065,O3,p05,-8.506751993825056
379,2.151158128415662,10.89564139037766,O3,p05,-8.744483261962
380,1.9905354634544887,10.655047628643812,O3,p05,-8.664512165189324
381,2.1349343231103632,10.62284388880003,O3,p05,-8.487909565689668
382,2.134496551835417,10.672954597919773,O3,p05,-8.538458046084356
383,2.260614845354474,10.615829476332117,O3,p05,-8.355214630977642
384,2.1864410562675527,10.860869762619044,O3,p05,-8.674428706351492
385,2.149318153411524,10.833572000038194,O3,p05,-8.68425384662667
386,2.174975312700036,10.637988276752525,O3,p05,-8.463012964052488
387,2.108922684971264,10.812141347544063,O3,p05,-8.7032186625728
388,2.174853783348032,10.67644563306618,O3,p05,-8.501591849718148
389,2.2227507982053774,10.784689155253742,O3,p05,-8.561938357048366
390,2.1915790400864705,10.551410529286693,O3,p05,-8.359831489200223
391,2.131001159524687,10.816114023893341,O3,p05,-8.685112864368655
392,2.226270759556315,11.015618638193088,O3,p05,-8.789347878636772
393,2.2205142082405045,10.779000126170871,O3,p05,-8.558485917930366
394,2.2125443179447095,10.784387133437447,O3,p05,-8.571842815492737
395,2.2353740703309293,10.94268182549281,O3,p05,-8.707307755161882
396,2.2200540921195224,10.63869947492177,O3,p05,-8.418645382802248
397,2.097055401567946,10.66598357355673,O3,p05,-8.568928171988784
398,2.109500189645432,10.808145959315068,O3,p05,-8.698645769669636
400,2.183173361754691,10.325314715152853,O3,p05,-8.142141353398163
401,2.1020109992659917,10.420378181002992,O3,p05,-8.318367181736999
402,2.2716864478107426,10.803886301191353,O3,p05,-8.532199853380611
403,2.324126423906843,10.81393658702407,O3,p05,-8.489810163117227
420,2.117180493325893,10.67956629795805,O3,p05,-8.562385804632157
421,2.0732691965908323,10.683321655237807,O3,p05,-8.610052458646974
422,2.2053562337410773,10.838460512461701,O3,p05,-8.633104278720623
423,2.0874266163759945,10.796624728183563,O3,p05,-8.709198111807568
424,2.2192047907947696,10.48262972351954,O3,p05,-8.26342493272477
425,2.207076145238377,10.627532286369753,O3,p05,-8.420456141131377
426,2.184307590890862,10.837587496472292,O3,p05,-8.65327990558143
427,2.0851333565007324,10.926945081064805,O3,p05,-8.841811724564073
428,2.1520220739404596,10.408252284380263,O3,p05,-8.256230210439803
429,2.205219530135122,10.916267463006045,O3,p05,-8.711047932870922
430,2.1078250371536624,10.881714159153821,O3,p05,-8.77388912200016
431,2.2154894638853366,11.059771946877472,O3,p05,-8.844282482992135
432,2.2213484255580616,11.01913693477885,O3,p05,-8.797788509220787
433,2.323438852281107,10.991768028924614,O3,p05,-8.668329176643507
434,2.324587310795229,11.092040198269846,O3,p05,-8.767452887474617
435,2.2948618196445674,11.159081407733892,O3,p05,-8.864219588089323
436,2.1332364294985555,10.64746027217084,O3,p05,-8.514223842672283
437,2.2546350863564397,10.692927339377611,O3,p05,-8.43829225302117
438,2.2758448097760335,10.96033854251173,O3,p05,-8.684493732735696
439,2.1150936576490045,10.701329371010981,O3,p05,-8.586235713361976
440,2.3183894021975733,11.005512512268508,O3,p05,-8.687123110070935
441,2.243352046214713,10.562169546695166,O3,p05,-8.318817500480453
442,13.210063298939355,12.97862925591719,O3,p05,0.23143404302216553
443,2.125690115868685,10.227200892995606,O3,p05,-8.101510777126922
444,2.1975739965608434,10.973025719120976,O3,p05,-8.775451722560133
445,2.288332294461137,11.402208656731116,O3,p05,-9.113876362269979
446,2.0000858756070654,10.330958336078847,O3,p05,-8.330872460471781
461,2.1909587732261153,10.918167526364028,O3,p05,-8.727208753137912
462,2.1851424674352367,10.699229937028099,O3,p05,-8.514087469592862
463,2.188443933893558,10.78495618231915,O3,p05,-8.596512248425592
464,2.298367668207322,11.014567199250132,O3,p05,-8.716199531042811
465,2.1428323565580127,10.9533933158045,O3,p05,-8.810560959246487
466,2.137272426998573,10.801655558708848,O3,p05,-8.664383131710276
467,2.2675367053980793,10.944728493579685,O3,p05,-8.677191788181606
468,2.122362262227938,10.847629454953495,O3,p05,-8.725267192725557
469,2.090279658564129,10.52676716193448,O3,p05,-8.436487503370351
470,2.1356877413569886,10.643762439197378,O3,p05,-8.508074697840389
471,2.1296240893561076,10.546603771985827,O3,p05,-8.41697968262972
472,2.090097181683745,10.60776453518582,O3,p05,-8.517667353502075
473,2.1916210120013315,10.557678146646339,O3,p05,-8.366057134645008
474,2.0836249684849926,10.614132958404955,O3,p05,-8.530507989919963
475,2.214116610154185,10.506379938671062,O3,p05,-8.292263328516876
476,2.1615570247033733,10.587600434477205,O3,p05,-8.42604340977383
477,2.1445490269949814,10.667222364863774,O3,p05,-8.522673337868792
478,2.126661335857973,10.583370467250365,O3,p05,-8.456709131392392
479,2.047805295110632,11.072459549507641,O3,p05,-9.02465425439701
480,2.280634930572477,11.126236084642061,O3,p05,-8.845601154069584
481,2.501917911007364,12.463987061689235,O3,p05,-9.96206915068187
482,12.617037137563162,12.379197676782619,O3,p05,0.23783946078054363
483,2.377320905993516,11.441256035813046,O3,p05,-9.06393512981953
484,2.2437837835295604,11.278297279359704,O3,p05,-9.034513495830144
485,14.396260421373967,14.142398583420402,O3,p05,0.2538618379535649
486,2.432103221868641,12.04995281318079,O3,p05,-9.61784959131215
487,2.2968181662040594,11.281690771288202,O3,p05,-8.984872605084142
488,5.833819483108429,5.743585658326686,O3,p05,0.09023382478174291
503,2.365174601151621,10.612743901482997,O3,p05,-8.247569300331376
504,2.3826762936973584,10.68286389709331,O3,p05,-8.300187603395951
505,2.181504787212825,10.365340754092024,O3,p05,-8.1838359668792
506,2.0825414824203197,10.490670025197947,O3,p05,-8.408128542777627
507,2.2170768414119535,10.412552463244118,O3,p05,-8.195475621832164
508,2.161733101633258,10.589577666261965,O3,p05,-8.427844564628707
509,2.1044110194725265,10.47139801316646,O3,p05,-8.366986993693935
513,2.2018370388059654,10.335931938639355,O3,p05,-8.13409489983339
514,2.202184043246762,10.651387048450184,O3,p05,-8.449203005203422
515,2.1412008807005356,10.937786493245138,O3,p05,-8.796585612544602
516,2.0771641431979613,10.68897288986307,O3,p05,-8.611808746665108
517,2.114188986146235,10.530436128612287,O3,p05,-8.416247142466052
518,2.1534720077951994,10.863894237420856,O3,p05,-8.710422229625657
519,2.1379236189812274,10.465973884571799,O3,p05,-8.328050265590571
520,2.141576342598884,10.311925242339766,O3,p05,-8.170348899740883
521,2.1179419725722926,10.385249482004799,O3,p05,-8.267307509432506
522,2.0441198786500387,10.376748863728542,O3,p05,-8.332628985078504
523,1.8829914682862177,8.92331015084219,O3,p05,-7.040318682555972
524,1.8755567629940468,8.931076196369093,O3,p05,-7.0555194333750455
525,8.076188401496097,7.915481364755325,O3,p05,0.1607070367407717
526,2.1678308899676155,10.771396710822204,O3,p05,-8.603565820854588
527,2.191393823610166,10.811418584518945,O3,p05,-8.620024760908779
528,2.1644636547216494,11.04066955566207,O3,p05,-8.876205900940422
529,2.250177408996737,10.60412670463838,O3,p05,-8.353949295641645
530,2.409530043353699,11.472703464090905,O3,p05,-9.063173420737206
531,2.1510898681941057,11.053170042792198,O3,p05,-8.902080174598092
546,2.263403324479386,10.920206557206482,O3,p05,-8.656803232727096
547,2.2837880463578335,10.70729268963708,O3,p05,-8.423504643279248
555,2.272084765287538,11.000065789098446,O3,p05,-8.727981023810909
556,2.091832994646528,10.455835969292576,O3,p05,-8.364002974646048
559,2.14220391847558,10.530654487088595,O3,p05,-8.388450568613015
560,2.312486825296561,10.906789996259494,O3,p05,-8.594303170962933
561,2.1242538020517507,10.722206894796637,O3,p05,-8.597953092744886
562,2.222993090881352,10.310428975609133,O3,p05,-8.087435884727782
563,2.265467430071152,11.129826594738937,O3,p05,-8.864359164667786
564,10.077830102191902,9.896023559910011,O3,p05,0.18180654228189042
565,2.0041423761001633,9.740226262296769,O3,p05,-7.736083886196606
566,2.4624697726928635,11.932417672926162,O3,p05,-9.469947900233299
567,12.705632587446514,12.467650247008576,O3,p05,0.23798234043793798
568,12.265856068500192,12.029292001050509,O3,p05,0.23656406744968272
569,2.0675223730014918,9.755395018988333,O3,p05,-7.687872645986841
570,11.337557058830557,11.134056194516461,O3,p05,0.20350086431409586
571,2.2095977759609284,10.396084925634248,O3,p05,-8.18648714967332
572,2.12445456714558,10.36370708008206,O3,p05,-8.23925251293648
573,2.221607008558426,10.504061907468959,O3,p05,-8.282454898910533
601,2.1188456385749803,10.422654556601605,O3,p05,-8.303808918026625
602,2.1584401164369904,10.45271095567469,O3,p05,-8.294270839237699
603,2.033844515260468,10.853795316609892,O3,p05,-8.819950801349425
604,2.25904281080984,10.5527481200844,O3,p05,-8.29370530927456
605,2.1017520700209187,10.560798004529252,O3,p05,-8.459045934508334
606,12.565932260295266,12.352083729370548,O3,p05,0.213848530924718
607,2.343975079779427,11.656971266924309,O3,p05,-9.312996187144883
608,2.2533581501814295,11.425565591252166,O3,p05,-9.172207441070736
609,2.3149335687692796,11.068447408240297,O3,p05,-8.753513839471019
610,2.0230989438431233,10.152567899026556,O3,p05,-8.129468955183432
611,7.307665039589165,7.2143041668215755,O3,p05,0.09336087276758942
612,2.133797446455042,10.631326979649328,O3,p05,-8.497529533194285
613,2.2375455751692486,10.943998094830466,O3,p05,-8.706452519661218
614,2.097477826737954,10.553226375424657,O3,p05,-8.455748548686703
643,2.198625539118482,11.151722397379988,O3,p05,-8.953096858261507
644,2.2768494682852283,11.004740611697303,O3,p05,-8.727891143412075
645,2.2810593753233026,10.537060967764479,O3,p05,-8.256001592441176
646,2.260391430585041,10.268070306519405,O3,p05,-8.007678875934364
647,2.137334499816963,10.611591668896365,O3,p05,-8.4742571690794
648,2.140847732343987,10.943537642901132,O3,p05,-8.802689910557145
649,2.4568475749862317,11.005024922342667,O3,p05,-8.548177347356436
650,2.2213905757746333,10.994550338891003,O3,p05,-8.77315976311637
651,16.563321295936753,16.246940998696473,O3,p05,0.31638029724027916
652,2.2081090384354174,10.434387458830335,O3,p05,-8.226278420394918
653,10.91845641201176,10.72790235967234,O3,p05,0.19055405233942047
654,2.193991034888819,10.888708000160356,O3,p05,-8.694716965271537
655,2.281716754244713,10.81876985727748,O3,p05,-8.537053103032768
686,2.27402675158857,10.935480724021472,O3,p05,-8.661453972432902
687,2.25872150780868,10.910019887995759,O3,p05,-8.651298380187079
688,2.04472447581061,10.668867942003056,O3,p05,-8.624143466192447
689,2.185713861774152,10.796918106074207,O3,p05,-8.611204244300055
690,2.2272413443311185,10.756999102992372,O3,p05,-8.529757758661255
691,2.4471778650635088,11.356941394996134,O3,p05,-8.909763529932626
692,2.1581797005435854,10.915462337553503,O3,p05,-8.757282637009919
693,2.1523446360168825,10.976438192552628,O3,p05,-8.824093556535745
694,2.163014765710119,10.7267701213071,O3,p05,-8.563755355596982
695,2.2066990253114294,10.933649624992308,O3,p05,-8.726950599680878
696,2.3463713567226168,10.805841751290469,O3,p05,-8.459470394567852
729,2.128459402081832,10.52592376145224,O3,p05,-8.397464359370408
730,2.2983482282676886,10.581215006492696,O3,p05,-8.282866778225008
0,11.809210666287013,10.628289599658311,O3,p50,1.1809210666287022
1,11.62794440338785,10.465149963049067,O3,p50,1.162794440338784
2,12.086543995398959,10.877889595859063,O3,p50,1.2086543995398955
41,11.718344363775156,10.546509927397642,O3,p50,1.1718344363775142
42,12.004949260089102,10.804454334080193,O3,p50,1.2004949260089095
43,12.101922755899531,10.891730480309578,O3,p50,1.2101922755899537
44,12.040458602220191,10.836412741998172,O3,p50,1.2040458602220188
82,12.06777965098007,10.861001685882062,O3,p50,1.2067779650980075
83,11.786074528376378,10.607467075538741,O3,p50,1.1786074528376371
84,11.89507848230244,10.705570634072195,O3,p50,1.1895078482302441
85,11.481721104651887,10.333548994186698,O3,p50,1.1481721104651896
86,12.058824329815204,10.852941896833686,O3,p50,1.205882432981518
87,11.70106573049905,10.530959157449145,O3,p50,1.170106573049905
91,11.899613150196764,10.709651835177088,O3,p50,1.1899613150196764
125,11.942870413331397,10.748583371998256,O3,p50,1.1942870413331406
126,12.390139896298406,11.151125906668566,O3,p50,1.2390139896298393
127,12.139594961595074,10.925635465435567,O3,p50,1.2139594961595073
128,11.716655295107511,10.544989765596762,O3,p50,1.171665529510749
129,11.77442624768692,10.596983622918227,O3,p50,1.1774426247686929
130,11.869020548283995,10.682118493455595,O3,p50,1.1869020548283995
131,12.25035332860812,11.02531799574731,O3,p50,1.225035332860811
132,11.995359489802338,10.795823540822106,O3,p50,1.1995359489802322
133,11.67790965431858,10.510118688886724,O3,p50,1.1677909654318555
134,11.788716556450916,10.609844900805825,O3,p50,1.178871655645091
135,11.826634721407821,10.643971249267038,O3,p50,1.1826634721407832
136,12.097092837091507,10.887383553382357,O3,p50,1.2097092837091505
166,11.913714568488626,10.722343111639765,O3,p50,1.1913714568488611
167,11.591953421174413,10.432758079056972,O3,p50,1.1591953421174406
168,11.83935485372132,10.655419368349188,O3,p50,1.1839354853721318
169,11.98786433402051,10.789077900618459,O3,p50,1.1987864334020522
170,11.978706956398174,10.780836260758356,O3,p50,1.1978706956398177
171,11.853578673937964,10.668220806544166,O3,p50,1.1853578673937974
172,12.055746111445796,10.850171500301219,O3,p50,1.205574611144577
173,12.134719601803534,10.92124764162318,O3,p50,1.2134719601803532
174,11.769038525209217,10.592134672688296,O3,p50,1.1769038525209208
175,11.645732689137137,10.481159420223426,O3,p50,1.1645732689137116
176,11.892772088350645,10.70349487951558,O3,p50,1.1892772088350654
177,11.573626484281897,10.416263835853707,O3,p50,1.1573626484281903
178,11.938971496773451,10.745074347096105,O3,p50,1.1938971496773458
208,11.825653174625183,10.643087857162664,O3,p50,1.1825653174625188
209,12.051643422093724,10.846479079884352,O3,p50,1.2051643422093719
210,11.853216892921516,10.667895203629365,O3,p50,1.1853216892921505
211,11.913988977985216,10.722590080186695,O3,p50,1.1913988977985213
212,11.910642881019472,10.719578592917523,O3,p50,1.1910642881019484
213,12.137307103931589,10.92357639353843,O3,p50,1.2137307103931594
214,11.946521175069984,10.751869057562986,O3,p50,1.1946521175069975
215,12.11396117327857,10.902565055950713,O3,p50,1.2113961173278565
216,11.810791803570373,10.629712623213335,O3,p50,1.1810791803570382
217,12.018065588295174,10.816259029465659,O3,p50,1.2018065588295155
218,11.59529142654331,10.43576228388898,O3,p50,1.1595291426543302
219,11.74314818046523,10.568833362418708,O3,p50,1.174314818046522
251,11.729556568173713,10.556600911356343,O3,p50,1.1729556568173702
252,11.813695624343659,10.632326061909293,O3,p50,1.1813695624343659
253,12.123176788776053,10.910859109898448,O3,p50,1.2123176788776053
254,12.179126791977902,10.961214112780112,O3,p50,1.2179126791977897
255,12.06152787781093,10.855375090029836,O3,p50,1.2061527877810931
256,11.957397793173719,10.761658013856346,O3,p50,1.195739779317373
257,12.359944395637388,11.12394995607365,O3,p50,1.2359944395637381
258,12.483245965504613,11.234921368954152,O3,p50,1.2483245965504608
259,12.054848275059912,10.84936344755392,O3,p50,1.2054848275059928
294,11.849440429256807,10.664496386331127,O3,p50,1.1849440429256806
295,11.381535165023205,10.243381648520884,O3,p50,1.1381535165023209
296,11.503509459132944,10.35315851321965,O3,p50,1.150350945913294
297,11.361264586246296,10.225138127621667,O3,p50,1.136126458624629
298,11.75587806901074,10.580290262109665,O3,p50,1.1755878069010741
299,11.778440199589799,10.60059617963082,O3,p50,1.1778440199589788
300,11.410648809226945,10.26958392830425,O3,p50,1.1410648809226949
301,11.962546502346497,10.766291852111845,O3,p50,1.1962546502346516
302,12.16203823014461,10.945834407130148,O3,p50,1.216203823014462
303,11.86481021077768,10.678329189699914,O3,p50,1.1864810210777659
304,11.841326995857798,10.657194296272019,O3,p50,1.1841326995857795
337,11.722310857005958,10.550079771305361,O3,p50,1.1722310857005969
338,12.037114335859874,10.833402902273887,O3,p50,1.2037114335859869
339,11.866925144141259,10.680232629727135,O3,p50,1.1866925144141245
340,12.117047350392818,10.905342615353536,O3,p50,1.211704735039282
341,11.856033708220922,10.670430337398829,O3,p50,1.1856033708220934
342,12.233257670801317,11.009931903721185,O3,p50,1.2233257670801319
343,11.870359434738742,10.683323491264868,O3,p50,1.187035943473873
344,12.167914416023914,10.951122974421525,O3,p50,1.216791441602389
345,12.110776511444048,10.899698860299644,O3,p50,1.2110776511444037
346,11.726366874645532,10.553730187180978,O3,p50,1.1726366874645535
347,11.87022610372219,10.683203493349971,O3,p50,1.1870226103722192
348,12.013779739330824,10.812401765397741,O3,p50,1.2013779739330825
349,12.26933961420047,11.042405652780422,O3,p50,1.2269339614200483
350,11.959728507249418,10.763755656524475,O3,p50,1.1959728507249423
351,12.228604323467204,11.005743891120483,O3,p50,1.222860432346721
352,11.960015519636078,10.764013967672472,O3,p50,1.1960015519636062
353,11.804386494932494,10.623947845439245,O3,p50,1.180438649493249
360,11.948769685263292,10.753892716736964,O3,p50,1.1948769685263283
361,11.974283230492295,10.776854907443065,O3,p50,1.1974283230492304
379,12.106268211530734,10.89564139037766,O3,p50,1.210626821153074
380,11.838941809604234,10.655047628643812,O3,p50,1.1838941809604222
381,11.803159876444479,10.62284388880003,O3,p50,1.1803159876444482
382,11.85883844213308,10.672954597919773,O3,p50,1.1858838442133077
383,11.79536608481346,10.615829476332117,O3,p50,1.1795366084813441
384,12.067633069576715,10.860869762619044,O3,p50,1.2067633069576704
385,12.037302222264659,10.833572000038194,O3,p50,1.203730222226465
386,11.81998697416947,10.637988276752525,O3,p50,1.1819986974169456
387,12.01349038616007,10.812141347544063,O3,p50,1.2013490386160068
388,11.862717370073534,10.67644563306618,O3,p50,1.1862717370073543
389,11.982987950281936,10.784689155253742,O3,p50,1.1982987950281938
390,11.723789476985214,10.551410529286693,O3,p50,1.1723789476985207
391,12.017904470992601,10.816114023893341,O3,p50,1.2017904470992598
392,12.239576264658986,11.015618638193088,O3,p50,1.2239576264658982
393,11.976666806856521,10.779000126170871,O3,p50,1.19766668068565
394,11.98265237048605,10.784387133437447,O3,p50,1.198265237048604
395,12.15853536165868,10.94268182549281,O3,p50,1.21585353616587
396,11.820777194357523,10.63869947492177,O3,p50,1.1820777194357532
397,11.851092859507476,10.66598357355673,O3,p50,1.1851092859507464
398,12.009051065905632,10.808145959315068,O3,p50,1.2009051065905645
400,11.472571905725392,10.325314715152853,O3,p50,1.1472571905725388
401,11.578197978892213,10.420378181002992,O3,p50,1.1578197978892213
402,12.00431811243484,10.803886301191353,O3,p50,1.2004318112434866
403,12.015485096693412,10.81393658702407,O3,p50,1.2015485096693421
420,11.866184775508945,10.67956629795805,O3,p50,1.1866184775508941
421,11.870357394708671,10.683321655237807,O3,p50,1.1870357394708648
422,12.042733902735224,10.838460512461701,O3,p50,1.2042733902735225
423,11.996249697981735,10.796624728183563,O3,p50,1.1996249697981725
424,11.647366359466155,10.48262972351954,O3,p50,1.164736635946614
425,11.808369207077504,10.627532286369753,O3,p50,1.1808369207077511
426,12.041763884969214,10.837587496472292,O3,p50,1.204176388496922
427,12.141050090072005,10.926945081064805,O3,p50,1.2141050090072003
428,11.564724760422513,10.408252284380263,O3,p50,1.15647247604225
429,12.129186070006716,10.916267463006045,O3,p50,1.2129186070006703
430,12.090793510170913,10.881714159153821,O3,p50,1.2090793510170919
431,12.288635496530524,11.059771946877472,O3,p50,1.2288635496530524
432,12.243485483087609,11.01913693477885,O3,p50,1.2243485483087593
433,12.213075587694018,10.991768028924614,O3,p50,1.2213075587694036
434,12.324489109188717,11.092040198269846,O3,p50,1.2324489109188708
435,12.398979341926546,11.159081407733892,O3,p50,1.2398979341926548
436,11.830511413523157,10.64746027217084,O3,p50,1.1830511413523173
437,11.881030377086235,10.692927339377611,O3,p50,1.1881030377086237
438,12.178153936124144,10.96033854251173,O3,p50,1.2178153936124136
439,11.890365967789979,10.701329371010981,O3,p50,1.1890365967789975
440,12.228347235853898,11.005512512268508,O3,p50,1.2228347235853896
441,11.735743940772407,10.562169546695166,O3,p50,1.1735743940772405
442,14.420699173241323,12.97862925591719,O3,p50,1.4420699173241331
443,11.363556547772898,10.227200892995606,O3,p50,1.136355654777292
444,12.192250799023306,10.973025719120976,O3,p50,1.2192250799023299
445,12.669120729701238,11.402208656731116,O3,p50,1.266912072970122
446,11.478842595643163,10.330958336078847,O3,p50,1.1478842595643162
461,12.131297251515587,10.918167526364028,O3,p50,1.2131297251515587
462,11.888033263364555,10.699229937028099,O3,p50,1.1888033263364566
463,11.983284647021277,10.78495618231915,O3,p50,1.1983284647021275
464,12.238407999166812,11.014567199250132,O3,p50,1.2238407999166796
465,12.170437017560552,10.9533933158045,O3,p50,1.2170437017560527
466,12.001839509676499,10.801655558708848,O3,p50,1.2001839509676504
467,12.160809437310762,10.944728493579685,O3,p50,1.2160809437310771
468,12.052921616614993,10.847629454953495,O3,p50,1.2052921616614984
469,11.696407957704976,10.52676716193448,O3,p50,1.169640795770496
470,11.826402710219307,10.643762439197378,O3,p50,1.1826402710219295
471,11.71844863553981,10.546603771985827,O3,p50,1.1718448635539822
472,11.786405039095355,10.60776453518582,O3,p50,1.1786405039095342
473,11.730753496273708,10.557678146646339,O3,p50,1.1730753496273696
474,11.793481064894396,10.614132958404955,O3,p50,1.1793481064894404
475,11.673755487412288,10.506379938671062,O3,p50,1.1673755487412265
476,11.764000482752449,10.587600434477205,O3,p50,1.1764000482752444
477,11.852469294293082,10.667222364863774,O3,p50,1.185246929429308
478,11.759300519167072,10.583370467250365,O3,p50,1.1759300519167066
479,12.302732832786269,11.072459549507641,O3,p50,1.2302732832786276
480,12.362484538491177,11.126236084642061,O3,p50,1.2362484538491163
481,13.848874512988036,12.463987061689235,O3,p50,1.3848874512988019
482,13.754664085314023,12.379197676782619,O3,p50,1.3754664085314037
483,12.71250670645894,11.441256035813046,O3,p50,1.2712506706458946
484,12.531441421510783,11.278297279359704,O3,p50,1.2531441421510792
485,15.713776203800446,14.142398583420402,O3,p50,1.5713776203800442
486,13.388836459089767,12.04995281318079,O3,p50,1.338883645908977
487,12.535211968098002,11.281690771288202,O3,p50,1.2535211968097997
488,6.381761842585207,5.743585658326686,O3,p50,0.638176184258521
503,11.791937668314441,10.612743901482997,O3,p50,1.1791937668314443
504,11.869848774548121,10.68286389709331,O3,p50,1.1869848774548117
505,11.51704528232447,10.365340754092024,O3,p50,1.151704528232445
506,11.65630002799772,10.490670025197947,O3,p50,1.165630002799773
507,11.56950273693791,10.412552463244118,O3,p50,1.1569502736937913
508,11.766197406957739,10.589577666261965,O3,p50,1.1766197406957737
509,11.634886681296068,10.47139801316646,O3,p50,1.1634886681296077
513,11.484368820710394,10.335931938639355,O3,p50,1.1484368820710387
514,11.834874498277982,10.651387048450184,O3,p50,1.1834874498277976
515,12.153096103605709,10.937786493245138,O3,p50,1.2153096103605705
516,11.8766365442923,10.68897288986307,O3,p50,1.1876636544292296
517,11.700484587346985,10.530436128612287,O3,p50,1.1700484587346978
518,12.070993597134285,10.863894237420856,O3,p50,1.2070993597134283
519,11.62885987174644,10.465973884571799,O3,p50,1.1628859871746418
520,11.457694713710852,10.311925242339766,O3,p50,1.1457694713710858
521,11.539166091116442,10.385249482004799,O3,p50,1.1539166091116435
522,11.529720959698379,10.376748863728542,O3,p50,1.1529720959698366
523,9.91478905649132,8.92331015084219,O3,p50,0.9914789056491315
524,9.923417995965657,8.931076196369093,O3,p50,0.9923417995965647
525,8.794979294172583,7.915481364755325,O3,p50,0.8794979294172576
526,11.968218567580227,10.771396710822204,O3,p50,1.1968218567580227
527,12.012687316132162,10.811418584518945,O3,p50,1.201268731613217
528,12.2674106174023,11.04066955566207,O3,p50,1.2267410617402295
529,11.782363005153757,10.60412670463838,O3,p50,1.1782363005153762
530,12.747448293434338,11.472703464090905,O3,p50,1.2747448293434331
531,12.281300047546887,11.053170042792198,O3,p50,1.2281300047546893
546,12.133562841340535,10.920206557206482,O3,p50,1.2133562841340524
547,11.896991877374536,10.70729268963708,O3,p50,1.189699187737455
555,12.222295321220496,11.000065789098446,O3,p50,1.22222953212205
556,11.617595521436195,10.455835969292576,O3,p50,1.1617595521436197
559,11.700727207876216,10.530654487088595,O3,p50,1.170072720787621
560,12.118655551399437,10.906789996259494,O3,p50,1.2118655551399424
561,11.913563216440705,10.722206894796637,O3,p50,1.1913563216440686
562,11.456032195121256,10.310428975609133,O3,p50,1.1456032195121235
563,12.366473994154372,11.129826594738937,O3,p50,1.2366473994154354
564,10.995581733233344,9.896023559910011,O3,p50,1.0995581733233326
565,10.822473624774185,9.740226262296769,O3,p50,1.0822473624774158
566,13.258241858806846,11.932417672926162,O3,p50,1.325824185880684
567,13.852944718898417,12.467650247008576,O3,p50,1.385294471889841
568,13.365880001167229,12.029292001050509,O3,p50,1.3365880001167199
569,10.839327798875924,9.755395018988333,O3,p50,1.0839327798875917
570,12.371173549462734,11.134056194516461,O3,p50,1.2371173549462728
571,11.55120547292694,10.396084925634248,O3,p50,1.1551205472926913
572,11.515230088980067,10.36370708008206,O3,p50,1.1515230088980069
573,11.671179897187733,10.504061907468959,O3,p50,1.1671179897187738
601,11.580727285112893,10.422654556601605,O3,p50,1.1580727285112875
602,11.614123284082988,10.45271095567469,O3,p50,1.1614123284082982
603,12.059772574010989,10.853795316609892,O3,p50,1.2059772574010967
604,11.725275688982666,10.5527481200844,O3,p50,1.172527568898266
605,11.734220005032501,10.560798004529252,O3,p50,1.1734220005032494
606,13.724537477078387,12.352083729370548,O3,p50,1.372453747707839
607,12.952190296582565,11.656971266924309,O3,p50,1.2952190296582557
608,12.695072879169071,11.425565591252166,O3,p50,1.2695072879169054
609,12.298274898044776,11.068447408240297,O3,p50,1.229827489804478
610,11.280630998918394,10.152567899026556,O3,p50,1.128063099891838
611,8.015893518690639,7.2143041668215755,O3,p50,0.8015893518690635
612,11.812585532943698,10.631326979649328,O3,p50,1.18125855329437
613,12.159997883144962,10.943998094830466,O3,p50,1.2159997883144964
614,11.725807083805172,10.553226375424657,O3,p50,1.172580708380515
643,12.390802663755544,11.151722397379988,O3,p50,1.2390802663755558
644,12.227489568552558,11.004740611697303,O3,p50,1.2227489568552556
645,11.707845519738306,10.537060967764479,O3,p50,1.1707845519738278
646,11.408967007243783,10.268070306519405,O3,p50,1.1408967007243778
647,11.790657409884851,10.611591668896365,O3,p50,1.1790657409884862
648,12.159486269890147,10.943537642901132,O3,p50,1.2159486269890145
649,12.22780546926963,11.005024922342667,O3,p50,1.2227805469269626
650,12.216167043212225,10.994550338891003,O3,p50,1.2216167043212227
651,18.052156665218302,16.246940998696473,O3,p50,1.8052156665218284
652,11.593763843144815,10.434387458830335,O3,p50,1.1593763843144806
653,11.919891510747046,10.72790235967234,O3,p50,1.191989151074706
654,12.098564444622616,10.888708000160356,O3,p50,1.2098564444622593
655,12.020855396974978,10.81876985727748,O3,p50,1.2020855396974977
686,12.150534137801635,10.935480724021472,O3,p50,1.2150534137801632
687,12.122244319995287,10.910019887995759,O3,p50,1.2122244319995286
688,11.854297713336727,10.668867942003056,O3,p50,1.1854297713336717
689,11.996575673415784,10.796918106074207,O3,p50,1.1996575673415766
690,11.95222122554708,10.756999102992372,O3,p50,1.195222122554707
691,12.618823772217926,11.356941394996134,O3,p50,1.2618823772217915
692,12.128291486170559,10.915462337553503,O3,p50,1.2128291486170557
693,12.196042436169588,10.976438192552628,O3,p50,1.2196042436169598
694,11.918633468118998,10.7267701213071,O3,p50,1.191863346811898
695,12.148499583324785,10.933649624992308,O3,p50,1.2148499583324774
696,12.006490834767188,10.805841751290469,O3,p50,1.2006490834767192
729,11.695470846058045,10.52592376145224,O3,p50,1.1695470846058047
730,11.756905562769663,10.581215006492696,O3,p50,1.175690556276967
0,62.57906538381279,10.628289599658311,O3,p95,51.95077578415448
1,67.42369447942148,10.465149963049067,O3,p95,56.95854451637242
2,62.96500634808014,10.877889595859063,O3,p95,52.08711675222108
41,65.129527047725,10.546509927397642,O3,p95,54.58301712032736
42,67.3935518923794,10.804454334080193,O3,p95,56.589097558299216
43,64.15643727403759,10.891730480309578,O3,p95,53.26470679372801
44,63.439825710010886,10.836412741998172,O3,p95,52.60341296801271
82,66.85428373672751,10.861001685882062,O3,p95,55.99328205084545
83,68.85060524394862,10.607467075538741,O3,p95,58.24313816840988
84,64.50967538029217,10.705570634072195,O3,p95,53.80410474621997
85,66.9756976772671,10.333548994186698,O3,p95,56.64214868308041
86,65.6067224655422,10.852941896833686,O3,p95,54.75378056870852
87,62.93963820319716,10.530959157449145,O3,p95,52.408679045748016
91,63.625182500533455,10.709651835177088,O3,p95,52.91553066535637
125,67.05815920915208,10.748583371998256,O3,p95,56.30957583715382
126,68.46595233522089,11.151125906668566,O3,p95,57.31482642855232
127,61.5456113960514,10.925635465435567,O3,p95,50.61997593061583
128,64.69706083339304,10.544989765596762,O3,p95,54.15207106779628
129,65.31849848336202,10.596983622918227,O3,p95,54.72151486044379
130,67.11356379647447,10.682118493455595,O3,p95,56.43144530301887
131,65.58508137162535,11.02531799574731,O3,p95,54.55976337587804
132,66.23889716933854,10.795823540822106,O3,p95,55.44307362851644
133,66.28596909924332,10.510118688886724,O3,p95,55.7758504103566
134,66.00570060841409,10.609844900805825,O3,p95,55.39585570760826
135,69.07247658751966,10.643971249267038,O3,p95,58.42850533825262
136,65.80286653691495,10.887383553382357,O3,p95,54.91548298353259
166,66.64777509335144,10.722343111639765,O3,p95,55.925431981711675
167,64.67845817279598,10.432758079056972,O3,p95,54.24570009373901
168,66.958115666642,10.655419368349188,O3,p95,56.302696298292815
169,62.37373973693357,10.789077900618459,O3,p95,51.584661836315114
170,67.66869542077856,10.780836260758356,O3,p95,56.887859160020206
171,66.73696793074078,10.668220806544166,O3,p95,56.068747124196605
172,66.98497219385773,10.850171500301219,O3,p95,56.134800693556514
173,68.41484799130835,10.92124764162318,O3,p95,57.49360034968517
174,69.44651943239815,10.592134672688296,O3,p95,58.85438475970985
175,60.32720678296136,10.481159420223426,O3,p95,49.846047362737934
176,66.84911652623109,10.70349487951558,O3,p95,56.145621646715504
177,64.83538585157467,10.416263835853707,O3,p95,54.419122015720966
178,64.51310048477127,10.745074347096105,O3,p95,53.768026137675164
208,64.66163332247892,10.643087857162664,O3,p95,54.01854546531626
209,68.1346739936586,10.846479079884352,O3,p95,57.28819491377424
210,64.81730490629097,10.667895203629365,O3,p95,54.14940970266161
211,67.2045964195899,10.722590080186695,O3,p95,56.48200633940321
212,63.6966351823573,10.719578592917523,O3,p95,52.977056589439776
213,66.51815109362984,10.92357639353843,O3,p95,55.594574700091414
214,63.458470494496666,10.751869057562986,O3,p95,52.70660143693368
215,66.78197493428517,10.902565055950713,O3,p95,55.87940987833446
216,63.94726217545276,10.629712623213335,O3,p95,53.31754955223942
217,64.0103255417649,10.816259029465659,O3,p95,53.194066512299244
218,67.21733500590356,10.43576228388898,O3,p95,56.78157272201459
219,68.56440495744529,10.568833362418708,O3,p95,57.99557159502658
251,64.01087469153892,10.556600911356343,O3,p95,53.454273780182575
252,64.97283123981241,10.632326061909293,O3,p95,54.34050517790311
253,64.92725499605305,10.910859109898448,O3,p95,54.016395886154605
254,62.7806266539416,10.961214112780112,O3,p95,51.81941254116149
255,67.27702086391761,10.855375090029836,O3,p95,56.421645773887775
256,65.97983526289629,10.761658013856346,O3,p95,55.21817724903994
257,73.1149075717308,11.12394995607365,O3,p95,61.990957615657145
258,65.10487983102136,11.234921368954152,O3,p95,53.86995846206721
259,70.32073938816437,10.84936344755392,O3,p95,59.47137594061045
294,64.08685406922596,10.664496386331127,O3,p95,53.42235768289484
295,57.05085286407619,10.243381648520884,O3,p95,46.80747121555531
296,62.87797574760434,10.35315851321965,O3,p95,52.524817234384685
297,66.99379792237346,10.225138127621667,O3,p95,56.76865979475179
298,64.44203819262411,10.580290262109665,O3,p95,53.86174793051445
299,64.6697006452116,10.60059617963082,O3,p95,54.069104465580786
300,63.298997037373056,10.26958392830425,O3,p95,53.029413109068805
301,65.65113587752985,10.766291852111845,O3,p95,54.884844025418005
302,65.34376314522515,10.945834407130148,O3,p95,54.397928738095004
303,61.25991857579288,10.678329189699914,O3,p95,50.581589386092965
304,61.69143193630859,10.657194296272019,O3,p95,51.03423764003657
337,65.8875550288943,10.550079771305361,O3,p95,55.337475257588935
338,67.02008368292053,10.833402902273887,O3,p95,56.18668078064664
339,70.36335686960015,10.680232629727135,O3,p95,59.68312423987302
340,67.37039869167288,10.905342615353536,O3,p95,56.46505607631934
341,67.5256304274563,10.670430337398829,O3,p95,56.85520009005748
342,61.25763170952528,11.009931903721185,O3,p95,50.24769980580409
343,65.77595926185218,10.683323491264868,O3,p95,55.09263577058731
344,64.44049628298455,10.951122974421525,O3,p95,53.48937330856303
345,65.71135607964568,10.899698860299644,O3,p95,54.81165721934604
346,66.51948734939748,10.553730187180978,O3,p95,55.965757162216505
347,64.03399423391298,10.683203493349971,O3,p95,53.350790740563006
348,66.49904648074731,10.812401765397741,O3,p95,55.68664471534957
349,66.64059998981463,11.042405652780422,O3,p95,55.59819433703421
350,63.096286929529846,10.763755656524475,O3,p95,52.33253127300537
351,64.48312702430606,11.005743891120483,O3,p95,53.477383133185576
352,65.25373911347937,10.764013967672472,O3,p95,54.4897251458069
353,68.61021304842147,10.623947845439245,O3,p95,57.986265202982224
360,62.549667803384544,10.753892716736964,O3,p95,51.79577508664758
361,67.56160248417544,10.776854907443065,O3,p95,56.78474757673237
379,64.68188590572926,10.89564139037766,O3,p95,53.7862445153516
380,66.66529688405154,10.655047628643812,O3,p95,56.01024925540773
381,64.62765055469615,10.62284388880003,O3,p95,54.00480666589611
382,64.60519456924871,10.672954597919773,O3,p95,53.93223997132894
383,65.15576831014826,10.615829476332117,O3,p95,54.539938833816144
384,64.45298589584083,10.860869762619044,O3,p95,53.59211613322178
385,65.17941100758169,10.833572000038194,O3,p95,54.345839007543496
386,65.16229908585284,10.637988276752525,O3,p95,54.524310809100314
387,65.64118000455709,10.812141347544063,O3,p95,54.82903865701302
388,66.20510817370909,10.67644563306618,O3,p95,55.52866254064291
389,63.68866047204382,10.784689155253742,O3,p95,52.90397131679008
390,67.12103448436974,10.551410529286693,O3,p95,56.56962395508305
391,70.1588424165332,10.816114023893341,O3,p95,59.34272839263986
392,65.67383928927714,11.015618638193088,O3,p95,54.65822065108405
393,68.52954962789906,10.779000126170871,O3,p95,57.75054950172819
394,68.32306097381957,10.784387133437447,O3,p95,57.53867384038212
395,63.18958708545436,10.94268182549281,O3,p95,52.24690525996155
396,65.81575473545438,10.63869947492177,O3,p95,55.177055260532605
397,68.99398915323846,10.66598357355673,O3,p95,58.32800557968173
398,70.14515003591987,10.808145959315068,O3,p95,59.3370040766048
400,64.85395631613592,10.325314715152853,O3,p95,54.528641600983065
401,68.69947786904639,10.420378181002992,O3,p95,58.2790996880434
402,67.32405740078435,10.803886301191353,O3,p95,56.520171099593
403,62.70233558739855,10.81393658702407,O3,p95,51.88839900037448
420,66.17153571178314,10.67956629795805,O3,p95,55.49196941382509
421,61.54386103418707,10.683321655237807,O3,p95,50.86053937894926
422,63.98190085738805,10.838460512461701,O3,p95,53.14344034492635
423,66.11531000349008,10.796624728183563,O3,p95,55.31868527530652
424,64.54548219877475,10.48262972351954,O3,p95,54.06285247525521
425,60.646526813997646,10.627532286369753,O3,p95,50.018994527627896
426,63.03247805568529,10.837587496472292,O3,p95,52.19489055921299
427,67.49346171615092,10.926945081064805,O3,p95,56.56651663508612
428,67.15747109016742,10.408252284380263,O3,p95,56.74921880578716
429,67.24981821459433,10.916267463006045,O3,p95,56.333550751588284
430,64.83924272497849,10.881714159153821,O3,p95,53.95752856582467
431,66.08362424867435,11.059771946877472,O3,p95,55.02385230179688
432,65.24888613030184,11.01913693477885,O3,p95,54.22974919552299
433,64.93734127796122,10.991768028924614,O3,p95,53.94557324903661
434,63.274902457734065,11.092040198269846,O3,p95,52.182862259464216
435,65.09822648821584,11.159081407733892,O3,p95,53.93914508048195
436,65.15149738166805,10.64746027217084,O3,p95,54.50403710949721
437,64.67212197806855,10.692927339377611,O3,p95,53.979194638690934
438,65.13205508186876,10.96033854251173,O3,p95,54.17171653935703
439,67.55802667746747,10.701329371010981,O3,p95,56.85669730645648
440,61.535409003664206,11.005512512268508,O3,p95,50.5298964913957
441,60.4597634827019,10.562169546695166,O3,p95,49.897593936006736
442,15.744078753399311,12.97862925591719,O3,p95,2.7654494974821215
443,59.76196640635694,10.227200892995606,O3,p95,49.534765513361336
444,68.93617165099373,10.973025719120976,O3,p95,57.96314593187275
445,70.15892424814005,11.402208656731116,O3,p95,58.756715591408934
446,61.581636500504416,10.330958336078847,O3,p95,51.250678164425565
461,65.21129749514371,10.918167526364028,O3,p95,54.29312996877968
462,65.58756531714832,10.699229937028099,O3,p95,54.88833538012022
463,65.5928601758514,10.78495618231915,O3,p95,54.80790399353225
464,63.1172329679216,11.014567199250132,O3,p95,52.10266576867147
465,68.57935007605712,10.9533933158045,O3,p95,57.62595676025263
466,66.06802708830547,10.801655558708848,O3,p95,55.266371529596626
467,67.60514980954777,10.944728493579685,O3,p95,56.66042131596808
468,66.26709787114858,10.847629454953495,O3,p95,55.41946841619509
469,67.3461967714641,10.52676716193448,O3,p95,56.819429609529614
470,66.67367134945593,10.643762439197378,O3,p95,56.029908910258555
471,60.90397696595462,10.546603771985827,O3,p95,50.35737319396879
472,62.800243470511255,10.60776453518582,O3,p95,52.19247893532543
473,62.49787004117143,10.557678146646339,O3,p95,51.94019189452509
474,63.6209005721985,10.614132958404955,O3,p95,53.00676761379354
475,64.0375419798791,10.506379938671062,O3,p95,53.531162041208034
476,67.32221438000568,10.587600434477205,O3,p95,56.73461394552847
477,66.86722389886351,10.667222364863774,O3,p95,56.20000153399974
478,68.59608961179933,10.583370467250365,O3,p95,58.01271914454897
479,66.23167873133983,11.072459549507641,O3,p95,55.159219181832185
480,66.68356126434804,11.126236084642061,O3,p95,55.557325179705984
481,77.32166979420444,12.463987061689235,O3,p95,64.8576827325152
482,14.9953052161933,12.379197676782619,O3,p95,2.616107539410681
483,69.55817015867692,11.441256035813046,O3,p95,58.11691412286387
484,66.01824021186664,11.278297279359704,O3,p95,54.739942932506935
485,17.148420136425624,14.142398583420402,O3,p95,3.0060215530052226
486,77.35994816259185,12.04995281318079,O3,p95,65.30999534941105
487,64.62964521615244,11.281690771288202,O3,p95,53.347954444864236
488,6.985412930059193,5.743585658326686,O3,p95,1.2418272717325074
503,63.15028345286259,10.612743901482997,O3,p95,52.537539551379595
504,63.48076280280339,10.68286389709331,O3,p95,52.797898905710085
505,63.59370349179601,10.365340754092024,O3,p95,53.22836273770399
506,60.68497113233264,10.490670025197947,O3,p95,50.19430110713469
507,63.07596072198647,10.412552463244118,O3,p95,52.66340825874235
508,66.78582581807265,10.589577666261965,O3,p95,56.196248151810686
509,65.22435848300786,10.47139801316646,O3,p95,54.7529604698414
513,63.448381380247106,10.335931938639355,O3,p95,53.11244944160775
514,66.85583752897864,10.651387048450184,O3,p95,56.20445048052846
515,62.940755237439284,10.937786493245138,O3,p95,52.00296874419415
516,67.13482947728737,10.68897288986307,O3,p95,56.4458565874243
517,63.74086730522868,10.530436128612287,O3,p95,53.210431176616396
518,66.38569618622283,10.863894237420856,O3,p95,55.52180194880197
519,65.34549037224745,10.465973884571799,O3,p95,54.87951648767566
520,69.19435375233915,10.311925242339766,O3,p95,58.882428509999386
521,60.162708748812896,10.385249482004799,O3,p95,49.777459266808094
522,61.839943198270674,10.376748863728542,O3,p95,51.46319433454213
523,55.97303531080243,8.92331015084219,O3,p95,47.04972515996024
524,55.7048218596378,8.931076196369093,O3,p95,46.77374566326871
525,9.580128022055359,7.915481364755325,O3,p95,1.6646466573000334
526,65.26677102684583,10.771396710822204,O3,p95,54.49537431602363
527,66.51639357596993,10.811418584518945,O3,p95,55.70497499145098
528,67.82132630823095,11.04066955566207,O3,p95,56.78065675256888
529,64.44014491229638,10.60412670463838,O3,p95,53.83601820765799
530,73.16691894286747,11.472703464090905,O3,p95,61.69421547877656
531,70.74719703053303,11.053170042792198,O3,p95,59.694026987740834
546,65.69988770175034,10.920206557206482,O3,p95,54.77968114454386
547,60.38101298548491,10.70729268963708,O3,p95,49.67372029584783
555,62.64934574434253,11.000065789098446,O3,p95,51.64927995524408
556,64.89362668862428,10.455835969292576,O3,p95,54.4377907193317
559,63.43203679205257,10.530654487088595,O3,p95,52.901382304963974
560,67.7349876439053,10.906789996259494,O3,p95,56.82819764764581
561,63.434121598727,10.722206894796637,O3,p95,52.71191470393037
562,61.251384683191205,10.310428975609133,O3,p95,50.94095570758207
563,66.69822913563937,11.129826594738937,O3,p95,55.56840254090043
564,11.997224964177972,9.896023559910011,O3,p95,2.101201404267961
565,55.19320229840922,9.740226262296769,O3,p95,45.452976036112446
566,72.7181400734549,11.932417672926162,O3,p95,60.78572240052874
567,15.108994079325354,12.467650247008576,O3,p95,2.641343832316778
568,14.567779762334235,12.029292001050509,O3,p95,2.5384877612837258
569,54.635531370464946,9.755395018988333,O3,p95,44.880136351476615
570,13.501939588096398,11.134056194516461,O3,p95,2.3678833935799375
571,65.25215804705205,10.396084925634248,O3,p95,54.8560731214178
572,65.45425953127011,10.36370708008206,O3,p95,55.09055245118805
573,65.75200474435358,10.504061907468959,O3,p95,55.247942836884626
601,67.29252139065474,10.422654556601605,O3,p95,56.869866834053134
602,64.30689254661314,10.45271095567469,O3,p95,53.85418159093845
603,67.95014010604878,10.853795316609892,O3,p95,57.09634478943889
604,63.78241712726917,10.5527481200844,O3,p95,53.22966900718477
605,64.46501952231745,10.560798004529252,O3,p95,53.904221517788194
606,15.001561241815201,12.352083729370548,O3,p95,2.649477512444653
607,70.38613894207137,11.656971266924309,O3,p95,58.72916767514706
608,67.23157661267277,11.425565591252166,O3,p95,55.8060110214206
609,66.60375345400244,11.068447408240297,O3,p95,55.53530604576215
610,58.4932586641313,10.152567899026556,O3,p95,48.34069076510474
611,8.793743044990086,7.2143041668215755,O3,p95,1.57943887816851
612,67.19745156934151,10.631326979649328,O3,p95,56.56612458969218
613,64.71136320260497,10.943998094830466,O3,p95,53.76736510777451
614,67.12503359929902,10.553226375424657,O3,p95,56.57180722387436
643,66.10043202088683,11.151722397379988,O3,p95,54.94870962350684
644,63.88536584007573,11.004740611697303,O3,p95,52.88062522837843
645,61.50258976586176,10.537060967764479,O3,p95,50.96552879809728
646,62.35722429945985,10.268070306519405,O3,p95,52.089153992940446
647,65.39788531224481,10.611591668896365,O3,p95,54.78629364334844
648,66.66618214427199,10.943537642901132,O3,p95,55.72264450137085
649,62.21437974690293,11.005024922342667,O3,p95,51.209354824560265
650,67.20526389625796,10.994550338891003,O3,p95,56.21071355736696
651,19.682247572021183,16.246940998696473,O3,p95,3.4353065733247092
652,61.88984684963123,10.434387458830335,O3,p95,51.4554593908009
653,13.019122576234961,10.72790235967234,O3,p95,2.291220216562621
654,64.77736080183115,10.888708000160356,O3,p95,53.888652801670794
655,66.7774565844128,10.81876985727748,O3,p95,55.95868672713532
686,64.9045990688496,10.935480724021472,O3,p95,53.96911834482813
687,65.74548197503108,10.910019887995759,O3,p95,54.835462087035324
688,67.49250856732155,10.668867942003056,O3,p95,56.8236406253185
689,63.597925553966974,10.796918106074207,O3,p95,52.801007447892765
690,65.46997944663727,10.756999102992372,O3,p95,54.712980343644894
691,63.52676294660837,11.356941394996134,O3,p95,52.16982155161224
692,68.5343786812188,10.915462337553503,O3,p95,57.61891634366529
693,63.73741393981256,10.976438192552628,O3,p95,52.760975747259934
694,66.94930883969728,10.7267701213071,O3,p95,56.22253871839018
695,64.88139813907678,10.933649624992308,O3,p95,53.94774851408447
696,66.10061766617524,10.805841751290469,O3,p95,55.29477591488477
729,64.6168213189945,10.52592376145224,O3,p95,54.090897557542256
730,62.107845835410316,10.581215006492696,O3,p95,51.52663082891762
