run_id,pollutant,endpoint_group,endpoint,start_age,end_age,cell_id,Row,Column,concentration_baseline,concentration_control,delta_concentration,population_target,incidence_target,beta,beta_se,economic_method,valuation_parameter_name,valuation_value_fixed,rr,af_avoided,baseline_cases,avoided_cases,valuation_value_used_usd_2015,economic_value_usd_2015,fx_cop_per_usd_2015,ipc_factor_2015_to_local_base,valuation_value_used_cop_2015,economic_value_cop_2015,economic_value_cop_local_base
NO2_ASTHMA,NO2,Hospital Admissions,Asthma,0,99,0,1,1,14.231315473731026,12.808183926357923,1.423131547373103,66007,0.0001667347,0.003324,,UNIT_VALUE_ASTHMA_HA,UNIT_VALUE_ASTHMA_HA_2015_USD,11232.0,1.0047416956914652,0.0047193181210638,11.0056573429,0.0519391981325674,11232.0,583.381073424997,2773.43,1.0,31151165.759999998,1617966.5704690893,1617966.5704690893
NO2_ASTHMA,NO2,Hospital Admissions,Asthma,0,99,41,1,2,14.436909339412171,12.993218405470955,1.443690933941216,53333,0.0001667347,0.003324,,UNIT_VALUE_ASTHMA_HA,UNIT_VALUE_ASTHMA_HA_2015_USD,11232.0,1.0048103614833237,0.0047873326825792,8.8924617551,0.0425711727887762,11232.0,478.1594127635343,2773.43,1.0,31151165.759999998,1326141.6601407689,1326141.6601407689
NO2_ASTHMA,NO2,Hospital Admissions,Asthma,0,99,82,1,3,14.04676787451595,12.642091087064356,1.404676787451594,6180,0.0001667347,0.003324,,UNIT_VALUE_ASTHMA_HA,UNIT_VALUE_ASTHMA_HA_2015_USD,11232.0,1.004680063087101,0.0046582621264728,1.030420446,0.004799968537945,11232.0,53.91324661819824,2773.43,1.0,31151165.759999998,149524.61556830953,149524.61556830953
NO2_ASTHMA,NO2,Hospital Admissions,Asthma,0,99,1,2,1,14.547154562062682,13.092439105856414,1.4547154562062676,35848,0.0001667347,0.003324,,UNIT_VALUE_ASTHMA_HA,UNIT_VALUE_ASTHMA_HA_2015_USD,11232.0,1.0048471839481767,0.0048238020921067,5.9771055256,0.0288323741391321,11232.0,323.84522633073175,2773.43,1.0,31151165.759999998,898162.0660624413,898162.0660624413
NO2_ASTHMA,NO2,Hospital Admissions,Asthma,0,99,42,2,2,13.63419892837284,12.270779035535556,1.3634198928372854,88375,0.0001667347,0.003324,,UNIT_VALUE_ASTHMA_HA,UNIT_VALUE_ASTHMA_HA_2015_USD,11232.0,1.0045422928022774,0.0045217536731143,14.7351791125,0.0666288502759448,11232.0,748.375246299412,2773.43,1.0,31151165.759999998,2075566.359344178,2075566.359344178
NO2_ASTHMA,NO2,Hospital Admissions,Asthma,0,99,83,2,3,14.249579367891377,12.824621431102235,1.4249579367891396,38621,0.0001667347,0.003324,,UNIT_VALUE_ASTHMA_HA,UNIT_VALUE_ASTHMA_HA_2015_USD,11232.0,1.0047477954148472,0.0047253603705463,6.4394608487000005,0.0304287731021319,11232.0,341.7759794831455,2773.43,1.0,31151165.759999998,947891.7547779401,947891.7547779401
NO2_ASTHMA,NO2,Hospital Admissions,Asthma,0,99,2,3,1,13.999116385567032,12.59920474701033,1.399911638556702,682,0.0001667347,0.003324,,UNIT_VALUE_ASTHMA_HA,UNIT_VALUE_ASTHMA_HA_2015_USD,11232.0,1.004664149729023,0.0046424964305543,0.1137130654,0.0005279125002268,11232.0,5.929513202547418,2773.43,1.0,31151165.759999998,16445.089801341084,16445.089801341084
NO2_ASTHMA,NO2,Hospital Admissions,Asthma,0,99,43,3,2,14.465433051011122,13.018889745910007,1.4465433051011125,64336,0.0001667347,0.003324,,UNIT_VALUE_ASTHMA_HA,UNIT_VALUE_ASTHMA_HA_2015_USD,11232.0,1.004819888418615,0.0047967685295328,10.7270436592,0.051455145439375,11232.0,577.94419357506,2773.43,1.0,31151165.759999998,1602887.7647868786,1602887.7647868786
NO2_ASTHMA,NO2,Hospital Admissions,Asthma,0,99,84,3,3,14.293178804590218,12.863860924131195,1.4293178804590203,86400,0.0001667347,0.003324,,UNIT_VALUE_ASTHMA_HA,UNIT_VALUE_ASTHMA_HA_2015_USD,11232.0,1.0047623567803212,0.0047397842367242,14.40587808,0.0682807538397557,11232.0,766.929427128136,2773.43,1.0,31151165.759999998,2127025.081079986,2127025.081079986
NO2_ASTHMA,NO2,Hospital Admissions,Asthma,0,99,125,3,4,14.597197944543492,13.137478150089144,1.4597197944543492,35539,0.0001667347,0.003324,,UNIT_VALUE_ASTHMA_HA,UNIT_VALUE_ASTHMA_HA_2015_USD,11232.0,1.004863899137632,0.004840356133608,5.9255845033,0.0286819392957606,11232.0,322.15554216998305,2773.43,1.0,31151165.759999998,893475.845320496,893475.845320496
NO2_ASTHMA,NO2,Hospital Admissions,Asthma,0,99,166,3,5,13.977551193715644,12.57979607434408,1.3977551193715634,56,0.0001667347,0.003324,,UNIT_VALUE_ASTHMA_HA,UNIT_VALUE_ASTHMA_HA_2015_USD,11232.0,1.0046569480511798,0.0046353614138769,0.0093371432,4.3281033305123946e-05,11232.0,0.4861325660831521,2773.43,1.0,31151165.759999998,1348.2546427519965,1348.2546427519965
NO2_ASTHMA,NO2,Hospital Admissions,Asthma,0,99,44,4,2,14.231405806193385,12.808265225574049,1.4231405806193376,8855,0.0001667347,0.003324,,UNIT_VALUE_ASTHMA_HA,UNIT_VALUE_ASTHMA_HA_2015_USD,11232.0,1.0047417258603526,0.0047193480058691,1.4764357685,0.0069678141998643,11232.0,78.26248909287581,2773.43,1.0,31151165.759999998,217055.53512485453,217055.53512485453
NO2_ASTHMA,NO2,Hospital Admissions,Asthma,0,99,85,4,3,14.249657614430946,12.824691852987852,1.4249657614430935,86293,0.0001667347,0.003324,,UNIT_VALUE_ASTHMA_HA,UNIT_VALUE_ASTHMA_HA_2015_USD,11232.0,1.0047478215474834,0.0047253862567931,14.3880374671,0.0679890345092599,11232.0,763.6528356080072,2773.43,1.0,31151165.759999998,2117937.6838603155,2117937.6838603155
NO2_ASTHMA,NO2,Hospital Admissions,Asthma,0,99,126,4,4,14.532173770060547,13.078956393054492,1.4532173770060552,87860,0.0001667347,0.003324,,UNIT_VALUE_ASTHMA_HA,UNIT_VALUE_ASTHMA_HA_2015_USD,11232.0,1.0048421802082623,0.0048188464851852,14.649310742,0.0705927795794735,11232.0,792.8981002366464,2773.43,1.0,31151165.759999998,2199047.378139322,2199047.378139322
NO2_ASTHMA,NO2,Hospital Admissions,Asthma,0,99,167,4,5,14.349619690570815,12.914657721513736,1.4349619690570812,60657,0.0001667347,0.003324,,UNIT_VALUE_ASTHMA_HA,UNIT_VALUE_ASTHMA_HA_2015_USD,11232.0,1.004781207253987,0.0047584560892154,10.1136266979,0.048125248544674,11232.0,540.5427916537784,2773.43,1.0,31151165.759999998,1499157.5946563384,1499157.5946563384
NO2_ASTHMA,NO2,Hospital Admissions,Asthma,0,99,208,4,6,14.440477852469986,12.996430067222986,1.4440477852469993,46725,0.0001667347,0.003324,,UNIT_VALUE_ASTHMA_HA,UNIT_VALUE_ASTHMA_HA_2015_USD,11232.0,1.0048115533636952,0.0047885131770112,7.7906788575,0.0373057683670015,11232.0,419.01839029816085,2773.43,1.0,31151165.759999998,1162118.1742046282,1162118.1742046282
NO2_ASTHMA,NO2,Hospital Admissions,Asthma,0,99,86,5,3,13.734657012329684,12.361191311096716,1.373465701232968,66266,0.0001667347,0.003324,,UNIT_VALUE_ASTHMA_HA,UNIT_VALUE_ASTHMA_HA_2015_USD,11232.0,1.0045758373068996,0.0045549943936205,11.0488416302,0.0503274116815618,11232.0,565.2774880073022,2773.43,1.0,31151165.759999998,1567757.543564092,1567757.543564092
NO2_ASTHMA,NO2,Hospital Admissions,Asthma,0,99,127,5,4,14.281589690345305,12.853430721310776,1.4281589690345289,88375,0.0001667347,0.003324,,UNIT_VALUE_ASTHMA_HA,UNIT_VALUE_ASTHMA_HA_2015_USD,11232.0,1.004758486220548,0.0047359502664636,14.7351791125,0.0697850754442343,11232.0,783.8259673896397,2773.43,1.0,31151165.759999998,2173886.4527374483,2173886.4527374483
NO2_ASTHMA,NO2,Hospital Admissions,Asthma,0,99,168,5,5,14.424199541828282,12.981779587645455,1.4424199541828262,88376,0.0001667347,0.003324,,UNIT_VALUE_ASTHMA_HA,UNIT_VALUE_ASTHMA_HA_2015_USD,11232.0,1.0048061164330628,0.004783128162201,14.7353458472,0.0704810477015147,11232.0,791.6431277834131,2773.43,1.0,31151165.759999998,2195566.7998883515,2195566.7998883515
NO2_ASTHMA,NO2,Hospital Admissions,Asthma,0,99,209,5,6,14.144741839769344,12.73026765579241,1.4144741839769337,21680,0.0001667347,0.003324,,UNIT_VALUE_ASTHMA_HA,UNIT_VALUE_ASTHMA_HA_2015_USD,11232.0,1.0047127825794189,0.0046906764412009,3.614808296,0.0169558961135048,11232.0,190.44862514688592,2773.43,1.0,31151165.759999998,528195.9304411277,528195.9304411277
NO2_ASTHMA,NO2,Hospital Admissions,Asthma,0,99,87,6,3,13.960250388059256,12.564225349253327,1.3960250388059272,22233,0.0001667347,0.003324,,UNIT_VALUE_ASTHMA_HA,UNIT_VALUE_ASTHMA_HA_2015_USD,11232.0,1.0046511704988723,0.0046296372665974,3.7070125851,0.0171621236117248,11232.0,192.76497240689292,2773.43,1.0,31151165.759999998,534620.157422449,534620.157422449
NO2_ASTHMA,NO2,Hospital Admissions,Asthma,0,99,128,6,4,14.312834533694687,12.88155108032522,1.4312834533694687,88366,0.0001667347,0.003324,,UNIT_VALUE_ASTHMA_HA,UNIT_VALUE_ASTHMA_HA_2015_USD,11232.0,1.0047689214812856,0.0047462868121507,14.7336785002,0.0699302639599679,11232.0,785.4567247983595,2773.43,1.0,31151165.759999998,2178409.244257514,2178409.244257514
NO2_ASTHMA,NO2,Hospital Admissions,Asthma,0,99,169,6,5,14.332202526463105,12.898982273816792,1.4332202526463114,87552,0.0001667347,0.003324,,UNIT_VALUE_ASTHMA_HA,UNIT_VALUE_ASTHMA_HA_2015_USD,11232.0,1.0047753901248428,0.0047526941561033,14.5979564544,0.0693796223318781,11232.0,779.2719180316548,2773.43,1.0,31151165.759999998,2161256.115626532,2161256.115626532
NO2_ASTHMA,NO2,Hospital Admissions,Asthma,0,99,210,6,6,14.32397375500596,12.891576379505365,1.4323973755005976,27561,0.0001667347,0.003324,,UNIT_VALUE_ASTHMA_HA,UNIT_VALUE_ASTHMA_HA_2015_USD,11232.0,1.0047726418231138,0.0047499719085244,4.5953750667,0.0218279024759586,11232.0,245.17100060996697,2773.43,1.0,31151165.759999998,679964.6082217006,679964.6082217006
NO2_ASTHMA,NO2,Hospital Admissions,Asthma,0,99,251,6,7,14.277684364504616,12.849915928054156,1.427768436450462,80,0.0001667347,0.003324,,UNIT_VALUE_ASTHMA_HA,UNIT_VALUE_ASTHMA_HA_2015_USD,11232.0,1.0047571819139498,0.0047346582831963,0.013338776,6.315454627610004e-05,11232.0,0.7093518637731556,2773.43,1.0,31151165.759999998,1967.3377395443829,1967.3377395443829
NO2_ASTHMA,NO2,Hospital Admissions,Asthma,0,99,129,7,4,14.252301142954732,12.827071028659258,1.4252301142954753,69107,0.0001667347,0.003324,,UNIT_VALUE_ASTHMA_HA,UNIT_VALUE_ASTHMA_HA_2015_USD,11232.0,1.0047487044287056,0.0047262608130513,11.5225349129,0.0544585052258557,11232.0,611.6779306968112,2773.43,1.0,31151165.759999998,1696445.9233324572,1696445.9233324572
NO2_ASTHMA,NO2,Hospital Admissions,Asthma,0,99,170,7,5,14.045750810539078,12.641175729485168,1.4045750810539095,88376,0.0001667347,0.003324,,UNIT_VALUE_ASTHMA_HA,UNIT_VALUE_ASTHMA_HA_2015_USD,11232.0,1.004679723432894,0.0046579256291782,14.7353458472,0.0686361450764776,11232.0,770.9211814989964,2773.43,1.0,31151165.759999998,2138095.932404761,2138095.932404761
NO2_ASTHMA,NO2,Hospital Admissions,Asthma,0,99,211,7,6,14.25271483064996,12.827443347584964,1.4252714830649946,88377,0.0001667347,0.003324,,UNIT_VALUE_ASTHMA_HA,UNIT_VALUE_ASTHMA_HA_2015_USD,11232.0,1.0047488425914983,0.0047263976729247,14.7355125819,0.0696458923764449,11232.0,782.2626631722292,2773.43,1.0,31151165.759999998,2169550.7379217553,2169550.7379217553
NO2_ASTHMA,NO2,Hospital Admissions,Asthma,0,99,252,7,7,14.343817057023198,12.909435351320878,1.4343817057023198,28607,0.0001667347,0.003324,,UNIT_VALUE_ASTHMA_HA,UNIT_VALUE_ASTHMA_HA_2015_USD,11232.0,1.0047792692384945,0.004756536470061,4.7697795629,0.0226876304450855,11232.0,254.82746515920036,2773.43,1.0,31151165.759999998,706746.136696481,706746.136696481
NO2_ASTHMA,NO2,Hospital Admissions,Asthma,0,99,130,8,4,14.21879661454665,12.796916953091984,1.421879661454664,48901,0.0001667347,0.003324,,UNIT_VALUE_ASTHMA_HA,UNIT_VALUE_ASTHMA_HA_2015_USD,11232.0,1.0047375146999011,0.0047151764820049,8.1534935647,0.0384451611024519,11232.0,431.81604950273976,2773.43,1.0,31151165.759999998,1197611.5861723835,1197611.5861723835
NO2_ASTHMA,NO2,Hospital Admissions,Asthma,0,99,171,8,5,14.451037530910474,13.005933777819427,1.4451037530910469,88376,0.0001667347,0.003324,,UNIT_VALUE_ASTHMA_HA,UNIT_VALUE_ASTHMA_HA_2015_USD,11232.0,1.0048150802957294,0.0047920064001352,14.7353458472,0.0706118716079883,11232.0,793.1125419009246,2773.43,1.0,31151165.759999998,2199642.117084281,2199642.117084281
NO2_ASTHMA,NO2,Hospital Admissions,Asthma,0,99,212,8,6,14.70019519294552,13.230175673650969,1.4700195192945529,88377,0.0001667347,0.003324,,UNIT_VALUE_ASTHMA_HA,UNIT_VALUE_ASTHMA_HA_2015_USD,11232.0,1.0048983025337586,0.0048744261199447,14.7355125819,0.0718271674199872,11232.0,806.7627444612962,2773.43,1.0,31151165.759999998,2237499.9983712924,2237499.9983712924
NO2_ASTHMA,NO2,Hospital Admissions,Asthma,0,99,253,8,7,14.095382427716356,12.685844184944722,1.4095382427716334,77148,0.0001667347,0.003324,,UNIT_VALUE_ASTHMA_HA,UNIT_VALUE_ASTHMA_HA_2015_USD,11232.0,1.004696298323135,0.0046743461989191,12.8632486356,0.0601272773655688,11232.0,675.3495793700687,2773.43,1.0,31151165.759999998,1873034.7839123295,1873034.7839123295
NO2_ASTHMA,NO2,Hospital Admissions,Asthma,0,99,294,8,8,14.174367438154402,12.756930694338962,1.4174367438154398,10391,0.0001667347,0.003324,,UNIT_VALUE_ASTHMA_HA,UNIT_VALUE_ASTHMA_HA_2015_USD,11232.0,1.0047226765863946,0.0047004777501789,1.7325402677,0.0081437669796128,11232.0,91.47079071501098,2773.43,1.0,31151165.759999998,253687.8350927329,253687.8350927329
NO2_ASTHMA,NO2,Hospital Admissions,Asthma,0,99,131,9,4,14.36140361464415,12.925263253179734,1.4361403614644157,49015,0.0001667347,0.003324,,UNIT_VALUE_ASTHMA_HA,UNIT_VALUE_ASTHMA_HA_2015_USD,11232.0,1.004785142965933,0.0047623544191824,8.1725013205,0.0389203477794579,11232.0,437.1533462588712,2773.43,1.0,31151165.759999998,1212414.205114741,1212414.205114741
NO2_ASTHMA,NO2,Hospital Admissions,Asthma,0,99,172,9,5,14.506329203743634,13.05569628336927,1.450632920374364,88376,0.0001667347,0.003324,,UNIT_VALUE_ASTHMA_HA,UNIT_VALUE_ASTHMA_HA_2015_USD,11232.0,1.0048335479136163,0.0048102971120465,14.7353458472,0.0708813915737925,11232.0,796.1397901568374,2773.43,1.0,31151165.759999998,2208037.9782146774,2208037.9782146774
NO2_ASTHMA,NO2,Hospital Admissions,Asthma,0,99,213,9,6,14.313176861298048,12.881859175168245,1.4313176861298036,88376,0.0001667347,0.003324,,UNIT_VALUE_ASTHMA_HA,UNIT_VALUE_ASTHMA_HA_2015_USD,11232.0,1.0047690358136416,0.004746400061761,14.7353458472,0.0699398464392209,11232.0,785.5643552053291,2773.43,1.0,31151165.759999998,2178707.749657116,2178707.749657116
NO2_ASTHMA,NO2,Hospital Admissions,Asthma,0,99,254,9,7,13.786390966650416,12.407751869985374,1.3786390966650437,88376,0.0001667347,0.003324,,UNIT_VALUE_ASTHMA_HA,UNIT_VALUE_ASTHMA_HA_2015_USD,11232.0,1.0045931125096257,0.0045721122835009,14.7353458472,0.067371655749618,11232.0,756.7184373797094,2773.43,1.0,31151165.759999998,2098705.615782007,2098705.615782007
NO2_ASTHMA,NO2,Hospital Admissions,Asthma,0,99,295,9,8,14.54877495201531,13.093897456813778,1.454877495201531,58101,0.0001667347,0.003324,,UNIT_VALUE_ASTHMA_HA,UNIT_VALUE_ASTHMA_HA_2015_USD,11232.0,1.0048477251767216,0.0048243381113979,9.6874528047,0.0467355477680829,11232.0,524.9336725311072,2773.43,1.0,31151165.759999998,1455866.7954079485,1455866.7954079485
NO2_ASTHMA,NO2,Hospital Admissions,Asthma,0,99,91,10,3,14.221301673565824,12.79917150620924,1.422130167356583,5057,0.0001667347,0.003324,,UNIT_VALUE_ASTHMA_HA,UNIT_VALUE_ASTHMA_HA_2015_USD,11232.0,1.0047383513267087,0.004716005237037,0.8431773779,0.0039764289299275,11232.0,44.66324974094568,2773.43,1.0,31151165.759999998,123870.39672903097,123870.39672903097
NO2_ASTHMA,NO2,Hospital Admissions,Asthma,0,99,132,10,4,14.457375794375452,13.011638214937909,1.4457375794375444,82710,0.0001667347,0.003324,,UNIT_VALUE_ASTHMA_HA,UNIT_VALUE_ASTHMA_HA_2015_USD,11232.0,1.0048171972813331,0.0047941031407172,13.790627037,0.0661136883905421,11232.0,742.5889480025689,2773.43,1.0,31151165.759999998,2059518.4660587646,2059518.4660587646
NO2_ASTHMA,NO2,Hospital Admissions,Asthma,0,99,173,10,5,14.474983700569984,13.027485330512985,1.4474983700569997,88377,0.0001667347,0.003324,,UNIT_VALUE_ASTHMA_HA,UNIT_VALUE_ASTHMA_HA_2015_USD,11232.0,1.0048230783609828,0.0047999279324375,14.7355125819,0.0707293984406468,11232.0,794.4326032853448,2773.43,1.0,31151165.759999998,2203303.214929674,2203303.214929674
NO2_ASTHMA,NO2,Hospital Admissions,Asthma,0,99,214,10,6,14.00333279068847,12.602999511619624,1.4003332790688443,88377,0.0001667347,0.003324,,UNIT_VALUE_ASTHMA_HA,UNIT_VALUE_ASTHMA_HA_2015_USD,11232.0,1.004665557800032,0.0046438914560269,14.7355125819,0.068430120979263,11232.0,768.607118839082,2773.43,1.0,31151165.759999998,2131678.041601875,2131678.041601875
NO2_ASTHMA,NO2,Hospital Admissions,Asthma,0,99,255,10,7,13.851712063738953,12.466540857365056,1.3851712063738937,88376,0.0001667347,0.003324,,UNIT_VALUE_ASTHMA_HA,UNIT_VALUE_ASTHMA_HA_2015_USD,11232.0,1.0046149252081278,0.0045937255084794,14.7353458472,0.0676901340945497,11232.0,760.2955861499822,2773.43,1.0,31151165.759999998,2108626.587495945,2108626.587495945
NO2_ASTHMA,NO2,Hospital Admissions,Asthma,0,99,296,10,8,14.353180205824035,12.917862185241637,1.435318020582402,88049,0.0001667347,0.003324,,UNIT_VALUE_ASTHMA_HA,UNIT_VALUE_ASTHMA_HA_2015_USD,11232.0,1.004782396428593,0.0047596339720831,14.6808236003,0.0698753467461475,11232.0,784.8398946527286,2773.43,1.0,31151165.759999998,2176698.509026717,2176698.509026717
NO2_ASTHMA,NO2,Hospital Admissions,Asthma,0,99,337,10,9,14.451706260400025,13.006535634360024,1.4451706260400012,12381,0.0001667347,0.003324,,UNIT_VALUE_ASTHMA_HA,UNIT_VALUE_ASTHMA_HA_2015_USD,11232.0,1.00481530365176,0.0047922276205984,2.0643423207,0.0098927982876289,11232.0,111.1159103666478,2773.43,1.0,31151165.759999998,308172.199288172,308172.199288172
NO2_ASTHMA,NO2,Hospital Admissions,Asthma,0,99,133,11,4,14.13019366907388,12.717174302166493,1.41301936690739,71305,0.0001667347,0.003324,,UNIT_VALUE_ASTHMA_HA,UNIT_VALUE_ASTHMA_HA_2015_USD,11232.0,1.0047079239890968,0.0046858633008531,11.8890177835,0.0557103121148935,11232.0,625.7382256744838,2773.43,1.0,31151165.759999998,1735441.1672323835,1735441.1672323835
NO2_ASTHMA,NO2,Hospital Admissions,Asthma,0,99,174,11,5,14.517799158446284,13.066019242601657,1.451779915844627,88377,0.0001667347,0.003324,,UNIT_VALUE_ASTHMA_HA,UNIT_VALUE_ASTHMA_HA_2015_USD,11232.0,1.00483737896231,0.0048140913779556,14.7355125819,0.0709381040702815,11232.0,796.7767849174019,2773.43,1.0,31151165.759999998,2209804.6385934697,2209804.6385934697
NO2_ASTHMA,NO2,Hospital Admissions,Asthma,0,99,215,11,6,14.744613554219285,13.270152198797357,1.47446135542193,88376,0.0001667347,0.003324,,UNIT_VALUE_ASTHMA_HA,UNIT_VALUE_ASTHMA_HA_2015_USD,11232.0,1.0049131396283657,0.0048891187055059,14.7353458472,0.0720428550136442,11232.0,809.1853475132516,2773.43,1.0,31151165.759999998,2244218.9183536773,2244218.9183536773
NO2_ASTHMA,NO2,Hospital Admissions,Asthma,0,99,256,11,7,14.039881224745864,12.635893102271275,1.403988122474587,88376,0.0001667347,0.003324,,UNIT_VALUE_ASTHMA_HA,UNIT_VALUE_ASTHMA_HA_2015_USD,11232.0,1.0046777632541124,0.0046559836648134,14.7353458472,0.06860752955994,11232.0,770.5997720172461,2773.43,1.0,31151165.759999998,2137204.5257057906,2137204.5257057906
NO2_ASTHMA,NO2,Hospital Admissions,Asthma,0,99,297,11,8,14.38365324314934,12.945287918834406,1.438365324314935,88376,0.0001667347,0.003324,,UNIT_VALUE_ASTHMA_HA,UNIT_VALUE_ASTHMA_HA_2015_USD,11232.0,1.0047925741597756,0.0047697149471702,14.7353458472,0.0702833993391131,11232.0,789.4231413769182,2773.43,1.0,31151165.759999998,2189409.822988986,2189409.822988986
NO2_ASTHMA,NO2,Hospital Admissions,Asthma,0,99,338,11,9,14.24227126952044,12.818044142568397,1.4242271269520437,74381,0.0001667347,0.003324,,UNIT_VALUE_ASTHMA_HA,UNIT_VALUE_ASTHMA_HA_2015_USD,11232.0,1.004745354672512,0.0047229426346129,12.4018937207,0.0585734326034323,11232.0,657.8967950017516,2773.43,1.0,31151165.759999998,1824630.7081617077,1824630.7081617077
NO2_ASTHMA,NO2,Hospital Admissions,Asthma,0,99,379,11,10,14.042352764251609,12.638117487826449,1.4042352764251618,54999,0.0001667347,0.003324,,UNIT_VALUE_ASTHMA_HA,UNIT_VALUE_ASTHMA_HA_2015_USD,11232.0,1.0046785886371516,0.0046568013791337,9.1702417653,0.0427039944996386,11232.0,479.6512662199408,2773.43,1.0,31151165.759999998,1330279.2112723703,1330279.2112723703
NO2_ASTHMA,NO2,Hospital Admissions,Asthma,0,99,420,11,11,14.138928569771394,12.725035712794256,1.4138928569771387,45834,0.0001667347,0.003324,,UNIT_VALUE_ASTHMA_HA,UNIT_VALUE_ASTHMA_HA_2015_USD,11232.0,1.0047108411436916,0.0046887531723346,7.6421182398,0.0358320061402186,11232.0,402.46509296693534,2773.43,1.0,31151165.759999998,1116208.7627872874,1116208.7627872874
NO2_ASTHMA,NO2,Hospital Admissions,Asthma,0,99,461,11,12,14.42214030495052,12.979926274455469,1.4422140304950517,22921,0.0001667347,0.003324,,UNIT_VALUE_ASTHMA_HA,UNIT_VALUE_ASTHMA_HA_2015_USD,11232.0,1.0048054286532198,0.0047824469456347,3.8217260587,0.0182772021164826,11232.0,205.28953417233257,2773.43,1.0,31151165.759999998,569356.1527595723,569356.1527595723
NO2_ASTHMA,NO2,Hospital Admissions,Asthma,0,99,134,12,4,14.070428166810249,12.663385350129223,1.4070428166810238,65679,0.0001667347,0.003324,,UNIT_VALUE_ASTHMA_HA,UNIT_VALUE_ASTHMA_HA_2015_USD,11232.0,1.004687964606535,0.0046660901411025,10.9509683613,0.0510982055061876,11232.0,573.9350442454992,2773.43,1.0,31151165.759999998,1591768.6697617946,1591768.6697617946
NO2_ASTHMA,NO2,Hospital Admissions,Asthma,0,99,175,12,5,14.419176779218576,12.977259101296715,1.4419176779218592,88377,0.0001667347,0.003324,,UNIT_VALUE_ASTHMA_HA,UNIT_VALUE_ASTHMA_HA_2015_USD,11232.0,1.0048044388440418,0.0047814665802721,14.7355125819,0.0704573609535341,11232.0,791.377078230095,2773.43,1.0,31151165.759999998,2194828.930075692,2194828.930075692
NO2_ASTHMA,NO2,Hospital Admissions,Asthma,0,99,216,12,6,14.603945969202671,13.143551372282404,1.460394596920267,88376,0.0001667347,0.003324,,UNIT_VALUE_ASTHMA_HA,UNIT_VALUE_ASTHMA_HA_2015_USD,11232.0,1.0048661530934937,0.0048425883173723,14.7353458472,0.0713572136520924,11232.0,801.4842237403018,2773.43,1.0,31151165.759999998,2222860.390648065,2222860.390648065
NO2_ASTHMA,NO2,Hospital Admissions,Asthma,0,99,257,12,7,13.946329554999368,12.55169659949943,1.3946329554999384,88377,0.0001667347,0.003324,,UNIT_VALUE_ASTHMA_HA,UNIT_VALUE_ASTHMA_HA_2015_USD,11232.0,1.004646521702428,0.0046250313936827,14.7355125819,0.0681522082932947,11232.0,765.4856035502861,2773.43,1.0,31151165.759999998,2123020.73745447,2123020.73745447
NO2_ASTHMA,NO2,Hospital Admissions,Asthma,0,99,298,12,8,14.83771484404525,13.353943359640724,1.4837714844045244,88375,0.0001667347,0.003324,,UNIT_VALUE_ASTHMA_HA,UNIT_VALUE_ASTHMA_HA_2015_USD,11232.0,1.004944239024603,0.004919913794821,14.7351791125,0.0724958109847476,11232.0,814.272948980685,2773.43,1.0,31151165.759999998,2258329.024891501,2258329.024891501
NO2_ASTHMA,NO2,Hospital Admissions,Asthma,0,99,339,12,9,14.273825371531894,12.846442834378704,1.4273825371531892,88375,0.0001667347,0.003324,,UNIT_VALUE_ASTHMA_HA,UNIT_VALUE_ASTHMA_HA_2015_USD,11232.0,1.0047558930833358,0.0047333816263981,14.7351791125,0.0697472260727931,11232.0,783.4008432496121,2773.43,1.0,31151165.759999998,2172707.4006937714,2172707.4006937714
NO2_ASTHMA,NO2,Hospital Admissions,Asthma,0,99,380,12,10,14.428223250971032,12.98540092587393,1.4428223250971026,88376,0.0001667347,0.003324,,UNIT_VALUE_ASTHMA_HA,UNIT_VALUE_ASTHMA_HA_2015_USD,11232.0,1.0048074603429695,0.0047844592448872,14.7353458472,0.0705006616652468,11232.0,791.863431824052,2773.43,1.0,31151165.759999998,2196177.7977237804,2196177.7977237804
NO2_ASTHMA,NO2,Hospital Admissions,Asthma,0,99,421,12,11,14.120036269732214,12.708032642758992,1.412003626973222,88376,0.0001667347,0.003324,,UNIT_VALUE_ASTHMA_HA,UNIT_VALUE_ASTHMA_HA_2015_USD,11232.0,1.0047045317798269,0.0046825027966107,14.7353458472,0.0689982981385406,11232.0,774.9888846920879,2773.43,1.0,31151165.759999998,2149377.4224715773,2149377.4224715773
NO2_ASTHMA,NO2,Hospital Admissions,Asthma,0,99,462,12,12,14.434973522912104,12.991476170620894,1.4434973522912102,74661,0.0001667347,0.003324,,UNIT_VALUE_ASTHMA_HA,UNIT_VALUE_ASTHMA_HA_2015_USD,11232.0,1.0048097149228257,0.0047866922974515,12.4485794367,0.0595875193038655,11232.0,669.2870168210173,2773.43,1.0,31151165.759999998,1856220.691061914,1856220.691061914
NO2_ASTHMA,NO2,Hospital Admissions,Asthma,0,99,503,12,13,14.165680835818533,12.74911275223668,1.4165680835818524,110,0.0001667347,0.003324,,UNIT_VALUE_ASTHMA_HA,UNIT_VALUE_ASTHMA_HA_2015_USD,11232.0,1.0047197755275843,0.004697603891698,0.018340817,8.615789331612163e-05,11232.0,0.9677254577266782,2773.43,1.0,31151165.759999998,2683.918816222901,2683.918816222901
NO2_ASTHMA,NO2,Hospital Admissions,Asthma,0,99,135,13,4,14.196828290629218,12.777145461566295,1.419682829062921,27480,0.0001667347,0.003324,,UNIT_VALUE_ASTHMA_HA,UNIT_VALUE_ASTHMA_HA_2015_USD,11232.0,1.004730177861203,0.0047079086160947,4.581869556,0.0215710231605144,11232.0,242.2857321388977,2773.43,1.0,31151165.759999998,671962.518085983,671962.518085983
NO2_ASTHMA,NO2,Hospital Admissions,Asthma,0,99,176,13,5,14.43721399831799,12.993492598486192,1.443721399831798,88377,0.0001667347,0.003324,,UNIT_VALUE_ASTHMA_HA,UNIT_VALUE_ASTHMA_HA_2015_USD,11232.0,1.0048104632390875,0.0047874334663878,14.7355125819,0.0705452860789677,11232.0,792.3646532389653,2773.43,1.0,31151165.759999998,2197567.9002325432,2197567.9002325432
NO2_ASTHMA,NO2,Hospital Admissions,Asthma,0,99,217,13,6,14.28766927407662,12.85890234666896,1.428766927407661,88377,0.0001667347,0.003324,,UNIT_VALUE_ASTHMA_HA,UNIT_VALUE_ASTHMA_HA_2015_USD,11232.0,1.004760516692436,0.0047379615474014,14.7355125819,0.0698162919942927,11232.0,784.1765916798956,2773.43,1.0,31151165.759999998,2174858.884662773,2174858.884662773
NO2_ASTHMA,NO2,Hospital Admissions,Asthma,0,99,258,13,7,14.297736831801217,12.867963148621094,1.429773683180121,88376,0.0001667347,0.003324,,UNIT_VALUE_ASTHMA_HA,UNIT_VALUE_ASTHMA_HA_2015_USD,11232.0,1.0047638790851103,0.0047412921426355,14.7353458472,0.0698645794843463,11232.0,784.7189567681776,2773.43,1.0,31151165.759999998,2176363.0962695666,2176363.0962695666
NO2_ASTHMA,NO2,Hospital Admissions,Asthma,0,99,299,13,8,14.200896034253718,12.780806430828346,1.4200896034253727,88375,0.0001667347,0.003324,,UNIT_VALUE_ASTHMA_HA,UNIT_VALUE_ASTHMA_HA_2015_USD,11232.0,1.0047315363758609,0.0047092543675177,14.7351791125,0.0693917065916975,11232.0,779.4076484379462,2773.43,1.0,31151165.759999998,2161632.554407253,2161632.554407253
NO2_ASTHMA,NO2,Hospital Admissions,Asthma,0,99,340,13,9,14.441067006662523,12.996960305996272,1.4441067006662518,88377,0.0001667347,0.003324,,UNIT_VALUE_ASTHMA_HA,UNIT_VALUE_ASTHMA_HA_2015_USD,11232.0,1.0048117501408378,0.0047887080740879,14.7355125819,0.0705640680767688,11232.0,792.5756126382671,2773.43,1.0,31151165.759999998,2198152.981359349,2198152.981359349
NO2_ASTHMA,NO2,Hospital Admissions,Asthma,0,99,381,13,10,14.420360278122226,12.978324250310006,1.44203602781222,88376,0.0001667347,0.003324,,UNIT_VALUE_ASTHMA_HA,UNIT_VALUE_ASTHMA_HA_2015_USD,11232.0,1.0048048341291975,0.0047818580942253,14.7353458472,0.0704623328106436,11232.0,791.4329221291489,2773.43,1.0,31151165.759999998,2194983.809220645,2194983.809220645
NO2_ASTHMA,NO2,Hospital Admissions,Asthma,0,99,422,13,11,14.61368448519844,13.152316036678595,1.4613684485198437,88378,0.0001667347,0.003324,,UNIT_VALUE_ASTHMA_HA,UNIT_VALUE_ASTHMA_HA_2015_USD,11232.0,1.0048694059336154,0.0048458097190164,14.7356793166,0.0714062980486905,11232.0,802.0355396828917,2773.43,1.0,31151165.759999998,2224389.426822722,2224389.426822722
NO2_ASTHMA,NO2,Hospital Admissions,Asthma,0,99,463,13,12,14.202574057906018,12.782316652115416,1.4202574057906023,80098,0.0001667347,0.003324,,UNIT_VALUE_ASTHMA_HA,UNIT_VALUE_ASTHMA_HA_2015_USD,11232.0,1.0047320967902122,0.0047098095157203,13.3551160006,0.0629000524231744,11232.0,706.4933888170948,2773.43,1.0,31151165.759999998,1959409.959346995,1959409.959346995
NO2_ASTHMA,NO2,Hospital Admissions,Asthma,0,99,504,13,13,14.33103092874169,12.897927835867522,1.433103092874168,585,0.0001667347,0.003324,,UNIT_VALUE_ASTHMA_HA,UNIT_VALUE_ASTHMA_HA_2015_USD,11232.0,1.004774998826113,0.0047523065678302,0.0975397995,0.0004635390297886,11232.0,5.206470382585555,2773.43,1.0,31151165.759999998,14439.781153174254,14439.781153174254
NO2_ASTHMA,NO2,Hospital Admissions,Asthma,0,99,136,14,4,14.32413122379342,12.891718101414078,1.4324131223793408,5922,0.0001667347,0.003324,,UNIT_VALUE_ASTHMA_HA,UNIT_VALUE_ASTHMA_HA_2015_USD,11232.0,1.0047726944155526,0.004750024002522,0.9874028934,0.0046901874438096,11232.0,52.68018536886943,2773.43,1.0,31151165.759999998,146104.80650758353,146104.80650758353
NO2_ASTHMA,NO2,Hospital Admissions,Asthma,0,99,177,14,5,14.358521540396213,12.922669386356592,1.4358521540396207,84182,0.0001667347,0.003324,,UNIT_VALUE_ASTHMA_HA,UNIT_VALUE_ASTHMA_HA_2015_USD,11232.0,1.0047841803807398,0.0047614009795883,14.0360605154,0.0668313122875865,11232.0,750.6492996141716,2773.43,1.0,31151165.759999998,2081873.2870289318,2081873.2870289318
NO2_ASTHMA,NO2,Hospital Admissions,Asthma,0,99,218,14,6,14.32137367490897,12.889236307418072,1.432137367490899,76565,0.0001667347,0.003324,,UNIT_VALUE_ASTHMA_HA,UNIT_VALUE_ASTHMA_HA_2015_USD,11232.0,1.0047717734320296,0.0047491117467707,12.7660423055,0.0606273614728221,11232.0,680.9665240627378,2773.43,1.0,31151165.759999998,1888612.9868313188,1888612.9868313188
NO2_ASTHMA,NO2,Hospital Admissions,Asthma,0,99,259,14,7,14.140810381882863,12.72672934369458,1.4140810381882858,45742,0.0001667347,0.003324,,UNIT_VALUE_ASTHMA_HA,UNIT_VALUE_ASTHMA_HA_2015_USD,11232.0,1.0047114696049326,0.0046893757536033,7.6267786474,0.0357648308672176,11232.0,401.7105803005881,2773.43,1.0,31151165.759999998,1114116.17472306,1114116.17472306
NO2_ASTHMA,NO2,Hospital Admissions,Asthma,0,99,300,14,8,14.22139682603271,12.79925714342944,1.4221396826032695,65052,0.0001667347,0.003324,,UNIT_VALUE_ASTHMA_HA,UNIT_VALUE_ASTHMA_HA_2015_USD,11232.0,1.004738383105257,0.0047160367165555,10.8464257044,0.0511521418653419,11232.0,574.5408574315202,2773.43,1.0,31151165.759999998,1593448.850226301,1593448.850226301
NO2_ASTHMA,NO2,Hospital Admissions,Asthma,0,99,341,14,9,14.53295291012053,13.079657619108476,1.4532952910120525,88375,0.0001667347,0.003324,,UNIT_VALUE_ASTHMA_HA,UNIT_VALUE_ASTHMA_HA_2015_USD,11232.0,1.00484244044851,0.0048191042232933,14.7351791125,0.0710103638920326,11232.0,797.5884072353101,2773.43,1.0,31151165.759999998,2212055.616278626,2212055.616278626
NO2_ASTHMA,NO2,Hospital Admissions,Asthma,0,99,382,14,10,14.108278417463652,12.697450575717289,1.4108278417463644,88375,0.0001667347,0.003324,,UNIT_VALUE_ASTHMA_HA,UNIT_VALUE_ASTHMA_HA_2015_USD,11232.0,1.0047006050906369,0.0046786127795879,14.7351791125,0.0689401973052594,11232.0,774.3362961326735,2773.43,1.0,31151165.759999998,2147567.5137832407,2147567.5137832407
NO2_ASTHMA,NO2,Hospital Admissions,Asthma,0,99,423,14,11,14.272892498516622,12.84560324866496,1.4272892498516612,88378,0.0001667347,0.003324,,UNIT_VALUE_ASTHMA_HA,UNIT_VALUE_ASTHMA_HA_2015_USD,11232.0,1.0047555815216531,0.00473307300712,14.7356793166,0.069745046014976,11232.0,783.3763568402104,2773.43,1.0,31151165.759999998,2172639.4893513448,2172639.4893513448
NO2_ASTHMA,NO2,Hospital Admissions,Asthma,0,99,464,14,12,14.327973301496336,12.895175971346704,1.4327973301496346,82755,0.0001667347,0.003324,,UNIT_VALUE_ASTHMA_HA,UNIT_VALUE_ASTHMA_HA_2015_USD,11232.0,1.00477397761824,0.0047512950420517,13.7981300985,0.0655589871265879,11232.0,736.3585434058353,2773.43,1.0,31151165.759999998,2042238.875038046,2042238.875038046
NO2_ASTHMA,NO2,Hospital Admissions,Asthma,0,99,505,14,13,14.504621774970811,13.054159597473731,1.45046217749708,30061,0.0001667347,0.003324,,UNIT_VALUE_ASTHMA_HA,UNIT_VALUE_ASTHMA_HA_2015_USD,11232.0,1.0048329776211773,0.004809732292643,5.0122118167,0.0241073970323489,11232.0,270.77428346734285,2773.43,1.0,31151165.759999998,750973.5209968326,750973.5209968326
NO2_ASTHMA,NO2,Hospital Admissions,Asthma,0,99,546,14,14,14.179333551568366,12.761400196411527,1.417933355156837,33,0.0001667347,0.003324,,UNIT_VALUE_ASTHMA_HA,UNIT_VALUE_ASTHMA_HA_2015_USD,11232.0,1.004724335119755,0.0047021207256734,0.0055022451,2.587222072244514e-05,11232.0,0.2905967831545037,2773.43,1.0,31151165.759999998,805.9498363041952,805.9498363041952
NO2_ASTHMA,NO2,Hospital Admissions,Asthma,0,99,178,15,5,13.992112609031755,12.592901348128583,1.399211260903174,32375,0.0001667347,0.003324,,UNIT_VALUE_ASTHMA_HA,UNIT_VALUE_ASTHMA_HA_2015_USD,11232.0,1.0046618108180263,0.0046401791805252,5.3980359125,0.0250478538569103,11232.0,281.3374945208165,2773.43,1.0,31151165.759999998,780269.8474288681,780269.8474288681
NO2_ASTHMA,NO2,Hospital Admissions,Asthma,0,99,219,15,6,14.496806018633896,13.047125416770507,1.4496806018633883,5064,0.0001667347,0.003324,,UNIT_VALUE_ASTHMA_HA,UNIT_VALUE_ASTHMA_HA_2015_USD,11232.0,1.004830367111292,0.0048071468273578,0.8443445208,0.0040588880843606,11232.0,45.58943096353826,2773.43,1.0,31151165.759999998,126439.09551720592,126439.09551720592
NO2_ASTHMA,NO2,Hospital Admissions,Asthma,0,99,301,15,8,14.148079284739936,12.733271356265943,1.4148079284739945,35569,0.0001667347,0.003324,,UNIT_VALUE_ASTHMA_HA,UNIT_VALUE_ASTHMA_HA_2015_USD,11232.0,1.0047138971749492,0.0046917806036164,5.9305865443,0.0278250109166152,11232.0,312.53052261542194,2773.43,1.0,31151165.759999998,866781.5273372896,866781.5273372896
NO2_ASTHMA,NO2,Hospital Admissions,Asthma,0,99,342,15,9,14.225167481564846,12.80265073340836,1.4225167481564842,88375,0.0001667347,0.003324,,UNIT_VALUE_ASTHMA_HA,UNIT_VALUE_ASTHMA_HA_2015_USD,11232.0,1.004739642410873,0.004717284170753,14.7351791125,0.0695100271806066,11232.0,780.7366252925733,2773.43,1.0,31151165.759999998,2165318.3786851815,2165318.3786851815
NO2_ASTHMA,NO2,Hospital Admissions,Asthma,0,99,383,15,10,14.23561881441528,12.812056932973752,1.423561881441529,88376,0.0001667347,0.003324,,UNIT_VALUE_ASTHMA_HA,UNIT_VALUE_ASTHMA_HA_2015_USD,11232.0,1.0047431329056022,0.0047207417998327,14.7353458472,0.0695617630758686,11232.0,781.3177228681561,2773.43,1.0,31151165.759999998,2166930.01213423,2166930.01213423
NO2_ASTHMA,NO2,Hospital Admissions,Asthma,0,99,424,15,11,14.179378364808978,12.76144052832808,1.4179378364808972,88378,0.0001667347,0.003324,,UNIT_VALUE_ASTHMA_HA,UNIT_VALUE_ASTHMA_HA_2015_USD,11232.0,1.0047243500860497,0.004702135551552,14.7356793166,0.0692891615908554,11232.0,778.2558629884878,2773.43,1.0,31151165.759999998,2158438.1580881616,2158438.1580881616
NO2_ASTHMA,NO2,Hospital Admissions,Asthma,0,99,465,15,12,13.842929710317216,12.458636739285494,1.3842929710317229,88371,0.0001667347,0.003324,,UNIT_VALUE_ASTHMA_HA,UNIT_VALUE_ASTHMA_HA_2015_USD,11232.0,1.0046119924859909,0.0045908196602134,14.7345121737,0.0676434881706765,11232.0,759.7716591330385,2773.43,1.0,31151165.759999998,2107173.512589343,2107173.512589343
NO2_ASTHMA,NO2,Hospital Admissions,Asthma,0,99,506,15,13,14.275958061904392,12.848362255713951,1.427595806190439,71500,0.0001667347,0.003324,,UNIT_VALUE_ASTHMA_HA,UNIT_VALUE_ASTHMA_HA_2015_USD,11232.0,1.0047566053613506,0.0047340871769038,11.92153105,0.0564375672728657,11232.0,633.9067556088276,2773.43,1.0,31151165.759999998,1758096.0132081904,1758096.0132081904
NO2_ASTHMA,NO2,Hospital Admissions,Asthma,0,99,547,15,14,14.13715180686497,12.723436626178474,1.4137151806864967,5126,0.0001667347,0.003324,,UNIT_VALUE_ASTHMA_HA,UNIT_VALUE_ASTHMA_HA_2015_USD,11232.0,1.0047102477656726,0.0046881653453297,0.8546820722,0.0040068908721626,11232.0,45.00539827613032,2773.43,1.0,31151165.759999998,124819.32174096811,124819.32174096811
NO2_ASTHMA,NO2,Hospital Admissions,Asthma,0,99,302,16,8,14.114863759260006,12.703377383334006,1.4114863759259997,32382,0.0001667347,0.003324,,UNIT_VALUE_ASTHMA_HA,UNIT_VALUE_ASTHMA_HA_2015_USD,11232.0,1.0047028043501294,0.0046807915034846,5.3992030554,0.0252725437873047,11232.0,283.8612118190064,2773.43,1.0,31151165.759999998,787269.200695187,787269.200695187
NO2_ASTHMA,NO2,Hospital Admissions,Asthma,0,99,343,16,9,14.35470836616389,12.919237529547502,1.435470836616389,88375,0.0001667347,0.003324,,UNIT_VALUE_ASTHMA_HA,UNIT_VALUE_ASTHMA_HA_2015_USD,11232.0,1.0047829068184877,0.0047601395147456,14.7351791125,0.0701415083502657,11232.0,787.8294217901843,2773.43,1.0,31151165.759999998,2184989.7532755504,2184989.7532755504
NO2_ASTHMA,NO2,Hospital Admissions,Asthma,0,99,384,16,10,14.18009909558287,12.762089186024584,1.418009909558286,88377,0.0001667347,0.003324,,UNIT_VALUE_ASTHMA_HA,UNIT_VALUE_ASTHMA_HA_2015_USD,11232.0,1.0047245907888045,0.0047023739959378,14.7355125819,0.0692918911819418,11232.0,778.2865217555703,2773.43,1.0,31151165.759999998,2158523.188032551,2158523.188032551
NO2_ASTHMA,NO2,Hospital Admissions,Asthma,0,99,425,16,11,14.203667480338062,12.783300732304255,1.4203667480338051,88377,0.0001667347,0.003324,,UNIT_VALUE_ASTHMA_HA,UNIT_VALUE_ASTHMA_HA_2015_USD,11232.0,1.0047324619637927,0.0047101712574737,14.7355125819,0.0694067878274081,11232.0,779.5770408774478,2773.43,1.0,31151165.759999998,2162102.35248074,2162102.35248074
NO2_ASTHMA,NO2,Hospital Admissions,Asthma,0,99,466,16,12,14.229958708402345,12.806962837562113,1.4229958708402322,88371,0.0001667347,0.003324,,UNIT_VALUE_ASTHMA_HA,UNIT_VALUE_ASTHMA_HA_2015_USD,11232.0,1.0047412425643203,0.0047188692605268,14.7345121737,0.0695302365653322,11232.0,780.9636171018113,2773.43,1.0,31151165.759999998,2165947.9245786765,2165947.9245786765
NO2_ASTHMA,NO2,Hospital Admissions,Asthma,0,99,507,16,13,14.569492741494292,13.112543467344862,1.45694927414943,36518,0.0001667347,0.003324,,UNIT_VALUE_ASTHMA_HA,UNIT_VALUE_ASTHMA_HA_2015_USD,11232.0,1.004854645178083,0.0048311914577684,6.0888177746,0.0294162444205562,11232.0,330.4032573316872,2773.43,1.0,31151165.759999998,916350.3059814211,916350.3059814211
NO2_ASTHMA,NO2,Hospital Admissions,Asthma,0,99,303,17,8,14.40108746155277,12.960978715397491,1.4401087461552784,24978,0.0001667347,0.003324,,UNIT_VALUE_ASTHMA_HA,UNIT_VALUE_ASTHMA_HA_2015_USD,11232.0,1.0047983970844556,0.0047754824235176,4.1646993366,0.0198884484811689,11232.0,223.38705334048908,2773.43,1.0,31151165.759999998,619548.3553461126,619548.3553461126
NO2_ASTHMA,NO2,Hospital Admissions,Asthma,0,99,344,17,9,14.114186227090212,12.70276760438119,1.4114186227090215,88377,0.0001667347,0.003324,,UNIT_VALUE_ASTHMA_HA,UNIT_VALUE_ASTHMA_HA_2015_USD,11232.0,1.004702578079335,0.0046805673459351,14.7355125819,0.0689705590164575,11232.0,774.6773188728507,2773.43,1.0,31151165.759999998,2148513.31648153,2148513.31648153
NO2_ASTHMA,NO2,Hospital Admissions,Asthma,0,99,385,17,10,14.138434359262552,12.724590923336295,1.413843435926255,88376,0.0001667347,0.003324,,UNIT_VALUE_ASTHMA_HA,UNIT_VALUE_ASTHMA_HA_2015_USD,11232.0,1.004710676094256,0.0046885896669957,14.7353458472,0.0690879902787899,11232.0,775.9963068113681,2773.43,1.0,31151165.759999998,2152171.4371998524,2152171.4371998524
NO2_ASTHMA,NO2,Hospital Admissions,Asthma,0,99,426,17,11,14.179311139534668,12.7613800255812,1.4179311139534665,88377,0.0001667347,0.003324,,UNIT_VALUE_ASTHMA_HA,UNIT_VALUE_ASTHMA_HA_2015_USD,11232.0,1.0047243276348,0.004702113310943,14.7355125819,0.0692880498549208,11232.0,778.2433759704705,2773.43,1.0,31151165.759999998,2158403.526217782,2158403.526217782
NO2_ASTHMA,NO2,Hospital Admissions,Asthma,0,99,467,17,12,14.228188764847506,12.805369888362751,1.4228188764847527,88369,0.0001667347,0.003324,,UNIT_VALUE_ASTHMA_HA,UNIT_VALUE_ASTHMA_HA_2015_USD,11232.0,1.004740651445845,0.0047182837073658,14.7341787043,0.0695200353219151,11232.0,780.8490367357504,2773.43,1.0,31151165.759999998,2165630.143954032,2165630.143954032
NO2_ASTHMA,NO2,Hospital Admissions,Asthma,0,99,508,17,13,14.27807081215918,12.85026373094326,1.427807081215919,32087,0.0001667347,0.003324,,UNIT_VALUE_ASTHMA_HA,UNIT_VALUE_ASTHMA_HA_2015_USD,11232.0,1.0047573109802432,0.0047347861301969,5.3500163189,0.025331183063055,11232.0,284.51984816423374,2773.43,1.0,31151165.759999998,789095.8824941308,789095.8824941308
NO2_ASTHMA,NO2,Hospital Admissions,Asthma,0,99,304,18,8,14.270502007909949,12.843451807118951,1.4270502007909958,8201,0.0001667347,0.003324,,UNIT_VALUE_ASTHMA_HA,UNIT_VALUE_ASTHMA_HA_2015_USD,11232.0,1.0047547831441122,0.0047322821686236,1.3673912747,0.0064708813467943,11232.0,72.68093928719358,2773.43,1.0,31151165.759999998,201575.4974472813,201575.4974472813
NO2_ASTHMA,NO2,Hospital Admissions,Asthma,0,99,345,18,9,14.220569657611351,12.79851269185022,1.4220569657611346,86300,0.0001667347,0.003324,,UNIT_VALUE_ASTHMA_HA,UNIT_VALUE_ASTHMA_HA_2015_USD,11232.0,1.0047381068516896,0.0047157630624126,14.38920461,0.0678560795973353,11232.0,762.1594860372702,2773.43,1.0,31151165.759999998,2113795.983360346,2113795.983360346
NO2_ASTHMA,NO2,Hospital Admissions,Asthma,0,99,386,18,10,14.121708219430726,12.709537397487653,1.4121708219430733,88376,0.0001667347,0.003324,,UNIT_VALUE_ASTHMA_HA,UNIT_VALUE_ASTHMA_HA_2015_USD,11232.0,1.0047050901506336,0.0046830559502074,14.7353458472,0.0690064490480947,11232.0,775.0804357081997,2773.43,1.0,31151165.759999998,2149631.3328061923,2149631.3328061923
NO2_ASTHMA,NO2,Hospital Admissions,Asthma,0,99,427,18,11,14.436175398727253,12.992557858854529,1.443617539872724,88377,0.0001667347,0.003324,,UNIT_VALUE_ASTHMA_HA,UNIT_VALUE_ASTHMA_HA_2015_USD,11232.0,1.0048101163479248,0.0047870898885926,14.7355125819,0.0705402232840435,11232.0,792.3077879263766,2773.43,1.0,31151165.759999998,2197410.1882686503,2197410.1882686503
NO2_ASTHMA,NO2,Hospital Admissions,Asthma,0,99,468,18,12,13.76836113388415,12.391525020495733,1.3768361133884175,60568,0.0001667347,0.003324,,UNIT_VALUE_ASTHMA_HA,UNIT_VALUE_ASTHMA_HA_2015_USD,11232.0,1.0045870918841977,0.0045661465504139,10.0987873096,0.0461125428370945,11232.0,517.9360811462454,2773.43,1.0,31151165.759999998,1436459.4655334314,1436459.4655334314
NO2_ASTHMA,NO2,Hospital Admissions,Asthma,0,99,509,18,13,14.505022905858132,13.05452061527232,1.4505022905858134,423,0.0001667347,0.003324,,UNIT_VALUE_ASTHMA_HA,UNIT_VALUE_ASTHMA_HA_2015_USD,11232.0,1.0048331116015026,0.0048098649872311,0.0705287781,0.0003392339003753,11232.0,3.8102751690153696,2773.43,1.0,31151165.759999998,10567.531462002296,10567.531462002296
NO2_ASTHMA,NO2,Hospital Admissions,Asthma,0,99,346,19,9,14.390398925612924,12.95135903305163,1.4390398925612915,33933,0.0001667347,0.003324,,UNIT_VALUE_ASTHMA_HA,UNIT_VALUE_ASTHMA_HA_2015_USD,11232.0,1.0047948271733729,0.004771946514555,5.6578085751,0.026998759909968,11232.0,303.2500713087606,2773.43,1.0,31151165.759999998,841042.8452698558,841042.8452698558
NO2_ASTHMA,NO2,Hospital Admissions,Asthma,0,99,387,19,10,14.047344890226224,12.642610401203603,1.404734489022621,88291,0.0001667347,0.003324,,UNIT_VALUE_ASTHMA_HA,UNIT_VALUE_ASTHMA_HA_2015_USD,11232.0,1.0046802557847776,0.0046584530330217,14.7211733977,0.0685778948641539,11232.0,770.2669151141766,2773.43,1.0,31151165.759999998,2136281.370385111,2136281.370385111
NO2_ASTHMA,NO2,Hospital Admissions,Asthma,0,99,428,19,11,14.521839300588256,13.06965537052943,1.4521839300588244,88377,0.0001667347,0.003324,,UNIT_VALUE_ASTHMA_HA,UNIT_VALUE_ASTHMA_HA_2015_USD,11232.0,1.0048387284027895,0.0048154278552546,14.7355125819,0.0709577977483371,11232.0,796.9979843093223,2773.43,1.0,31151165.759999998,2210418.1196230035,2210418.1196230035
NO2_ASTHMA,NO2,Hospital Admissions,Asthma,0,99,469,19,12,14.232726642959872,12.809453978663884,1.423272664295986,37663,0.0001667347,0.003324,,UNIT_VALUE_ASTHMA_HA,UNIT_VALUE_ASTHMA_HA_2015_USD,11232.0,1.004742166988427,0.0047197849799028,6.2797290061,0.0296389706408512,11232.0,332.9049182380407,2773.43,1.0,31151165.759999998,923288.4873889291,923288.4873889291
NO2_ASTHMA,NO2,Hospital Admissions,Asthma,0,99,347,20,9,14.471987616908716,13.024788855217846,1.4471987616908706,2135,0.0001667347,0.003324,,UNIT_VALUE_ASTHMA_HA,UNIT_VALUE_ASTHMA_HA_2015_USD,11232.0,1.004822077659977,0.0047989368139745,0.3559785845,0.0017083187341436,11232.0,19.187836021900917,2773.43,1.0,31151165.759999998,53216.12005822066,53216.12005822066
NO2_ASTHMA,NO2,Hospital Admissions,Asthma,0,99,388,20,10,14.227033999383828,12.804330599445445,1.4227033999383831,86731,0.0001667347,0.003324,,UNIT_VALUE_ASTHMA_HA,UNIT_VALUE_ASTHMA_HA_2015_USD,11232.0,1.0047402657822082,0.0047179016743373,14.4610672657,0.0682258934655516,11232.0,766.3132354050755,2773.43,1.0,31151165.759999998,2125316.1164694983,2125316.1164694983
NO2_ASTHMA,NO2,Hospital Admissions,Asthma,0,99,429,20,11,13.875222452550307,12.487700207295278,1.387522245255029,88376,0.0001667347,0.003324,,UNIT_VALUE_ASTHMA_HA,UNIT_VALUE_ASTHMA_HA_2015_USD,11232.0,1.0046227761570088,0.0046015044320341,14.7353458472,0.0678047592234462,11232.0,761.5830555977477,2773.43,1.0,31151165.759999998,2112197.2938864613,2112197.2938864613
NO2_ASTHMA,NO2,Hospital Admissions,Asthma,0,99,470,20,12,14.566705360942432,13.110034824848189,1.4566705360942436,14834,0.0001667347,0.003324,,UNIT_VALUE_ASTHMA_HA,UNIT_VALUE_ASTHMA_HA_2015_USD,11232.0,1.0048537141552676,0.0048302694082669,2.4733425398,0.0119469108061611,11232.0,134.18770217480147,2773.43,1.0,31151165.759999998,372160.19884265965,372160.19884265965
NO2_ASTHMA,NO2,Hospital Admissions,Asthma,0,99,348,21,9,14.33581075294516,12.902229677650643,1.4335810752945155,32334,0.0001667347,0.003324,,UNIT_VALUE_ASTHMA_HA,UNIT_VALUE_ASTHMA_HA_2015_USD,11232.0,1.0047765952275292,0.00475388782961,5.3911997898,0.0256291590677265,11232.0,287.86671464870403,2773.43,1.0,31151165.759999998,798378.1824081552,798378.1824081552
NO2_ASTHMA,NO2,Hospital Admissions,Asthma,0,99,389,21,10,14.092076385626044,12.68286874706344,1.409207638562604,88377,0.0001667347,0.003324,,UNIT_VALUE_ASTHMA_HA,UNIT_VALUE_ASTHMA_HA_2015_USD,11232.0,1.004695194234455,0.0046732524066991,14.7355125819,0.0688627696373095,11232.0,773.4666285662603,2773.43,1.0,31151165.759999998,2145155.5516645233,2145155.5516645233
NO2_ASTHMA,NO2,Hospital Admissions,Asthma,0,99,430,21,11,14.325375506975147,12.892837956277631,1.4325375506975142,88378,0.0001667347,0.003324,,UNIT_VALUE_ASTHMA_HA,UNIT_VALUE_ASTHMA_HA_2015_USD,11232.0,1.004773109989353,0.0047504356375578,14.7356793166,0.0700008961692005,11232.0,786.25006577246,2773.43,1.0,31151165.759999998,2180609.5199153135,2180609.5199153135
NO2_ASTHMA,NO2,Hospital Admissions,Asthma,0,99,471,21,12,14.095358597743193,12.685822737968872,1.4095358597743193,56261,0.0001667347,0.003324,,UNIT_VALUE_ASTHMA_HA,UNIT_VALUE_ASTHMA_HA_2015_USD,11232.0,1.004696290364852,0.0046743383148619,9.3806609567,0.0438483829286325,11232.0,492.50503705440025,2773.43,1.0,31151165.759999998,1365928.2449177853,1365928.2449177853
NO2_ASTHMA,NO2,Hospital Admissions,Asthma,0,99,349,22,9,14.334249414404796,12.900824472964318,1.433424941440478,30021,0.0001667347,0.003324,,UNIT_VALUE_ASTHMA_HA,UNIT_VALUE_ASTHMA_HA_2015_USD,11232.0,1.0047760737597338,0.0047533713077604,5.0055424287,0.02379320176036,11232.0,267.24524217236353,2773.43,1.0,31151165.759999998,741185.9719980982,741185.9719980982
NO2_ASTHMA,NO2,Hospital Admissions,Asthma,0,99,390,22,10,14.167711164576476,12.750940048118828,1.4167711164576478,88377,0.0001667347,0.003324,,UNIT_VALUE_ASTHMA_HA,UNIT_VALUE_ASTHMA_HA_2015_USD,11232.0,1.0047204535943806,0.0046982756024256,14.7355125819,0.0692314992527768,11232.0,777.608199607189,2773.43,1.0,31151165.759999998,2156641.909036566,2156641.909036566
NO2_ASTHMA,NO2,Hospital Admissions,Asthma,0,99,431,22,11,13.82914694520684,12.446232250686156,1.382914694520684,88377,0.0001667347,0.003324,,UNIT_VALUE_ASTHMA_HA,UNIT_VALUE_ASTHMA_HA_2015_USD,11232.0,1.0046073899760697,0.0045862592909847,14.7355125819,0.0675808814861619,11232.0,759.0684608525704,2773.43,1.0,31151165.759999998,2105223.241382344,2105223.241382344
NO2_ASTHMA,NO2,Hospital Admissions,Asthma,0,99,472,22,12,14.016620529432489,12.614958476489242,1.4016620529432462,87172,0.0001667347,0.003324,,UNIT_VALUE_ASTHMA_HA,UNIT_VALUE_ASTHMA_HA_2015_USD,11232.0,1.004669995261233,0.0046482877793306,14.5345972684,0.0675609908601968,11232.0,758.8450493417305,2773.43,1.0,31151165.759999998,2104603.6251958353,2104603.6251958353
NO2_ASTHMA,NO2,Hospital Admissions,Asthma,0,99,513,22,13,14.279714806470349,12.851743325823316,1.4279714806470327,29744,0.0001667347,0.003324,,UNIT_VALUE_ASTHMA_HA,UNIT_VALUE_ASTHMA_HA_2015_USD,11232.0,1.0047578600438,0.0047353300063686,4.9593569168,0.0234841916204147,11232.0,263.7744402804979,2773.43,1.0,31151165.759999998,731559.9459071413,731559.9459071413
NO2_ASTHMA,NO2,Hospital Admissions,Asthma,0,99,350,23,9,14.605591911106965,13.145032719996268,1.4605591911106952,41325,0.0001667347,0.003324,,UNIT_VALUE_ASTHMA_HA,UNIT_VALUE_ASTHMA_HA_2015_USD,11232.0,1.0048667028670593,0.0048431327788786,6.8903114775,0.0333706933733636,11232.0,374.81962796962,2773.43,1.0,31151165.759999998,1039536.0007997832,1039536.0007997832
NO2_ASTHMA,NO2,Hospital Admissions,Asthma,0,99,391,23,10,14.071982031223513,12.66478382810116,1.407198203122352,88376,0.0001667347,0.003324,,UNIT_VALUE_ASTHMA_HA,UNIT_VALUE_ASTHMA_HA_2015_USD,11232.0,1.004688483532555,0.004666604235444,14.7353458472,0.0687640273412767,11232.0,772.3575550972199,2773.43,1.0,31151165.759999998,2142079.6140332827,2142079.6140332827
NO2_ASTHMA,NO2,Hospital Admissions,Asthma,0,99,432,23,11,14.303107358406514,12.872796622565865,1.430310735840651,88377,0.0001667347,0.003324,,UNIT_VALUE_ASTHMA_HA,UNIT_VALUE_ASTHMA_HA_2015_USD,11232.0,1.0047656727540557,0.0047430688401137,14.7355125819,0.0698915505703143,11232.0,785.0218960057703,2773.43,1.0,31151165.759999998,2177203.2770392834,2177203.2770392834
NO2_ASTHMA,NO2,Hospital Admissions,Asthma,0,99,473,23,12,14.55414449766113,13.098730047895016,1.4554144497661134,88375,0.0001667347,0.003324,,UNIT_VALUE_ASTHMA_HA,UNIT_VALUE_ASTHMA_HA_2015_USD,11232.0,1.0048495186676938,0.0048261143361284,14.7351791125,0.0711136591602567,11232.0,798.7486196880034,2773.43,1.0,31151165.759999998,2215273.384301299,2215273.384301299
NO2_ASTHMA,NO2,Hospital Admissions,Asthma,0,99,514,23,13,14.497032562376926,13.047329306139234,1.449703256237692,78902,0.0001667347,0.003324,,UNIT_VALUE_ASTHMA_HA,UNIT_VALUE_ASTHMA_HA_2015_USD,11232.0,1.004830442778177,0.0048072217685019,13.1557012994,0.0632423736663844,11232.0,710.3383410208295,2773.43,1.0,31151165.759999998,1970073.665137399,1970073.665137399
NO2_ASTHMA,NO2,Hospital Admissions,Asthma,0,99,555,23,14,13.985906202445896,12.587315582201306,1.3985906202445886,815,0.0001667347,0.003324,,UNIT_VALUE_ASTHMA_HA,UNIT_VALUE_ASTHMA_HA_2015_USD,11232.0,1.0046597381932552,0.0046381257415919,0.1358887805,0.0006302692508305,11232.0,7.079184225328175,2773.43,1.0,31151165.759999998,19633.62190605192,19633.62190605192
NO2_ASTHMA,NO2,Hospital Admissions,Asthma,0,99,351,24,9,14.030592734346488,12.62753346091184,1.403059273434648,31973,0.0001667347,0.003324,,UNIT_VALUE_ASTHMA_HA,UNIT_VALUE_ASTHMA_HA_2015_USD,11232.0,1.0046746613221254,0.0046529105411831,5.3310085631,0.0248047059383854,11232.0,278.6064570999448,2773.43,1.0,31151165.759999998,772695.5063146999,772695.5063146999
NO2_ASTHMA,NO2,Hospital Admissions,Asthma,0,99,392,24,10,14.228580854888651,12.805722769399786,1.4228580854888655,88377,0.0001667347,0.003324,,UNIT_VALUE_ASTHMA_HA,UNIT_VALUE_ASTHMA_HA_2015_USD,11232.0,1.004740782394436,0.0047184134231497,14.7355125819,0.0695282403634284,11232.0,780.9411957620279,2773.43,1.0,31151165.759999998,2165885.7405622806,2165885.7405622806
NO2_ASTHMA,NO2,Hospital Admissions,Asthma,0,99,433,24,11,14.091095022882367,12.681985520594134,1.409109502288235,88376,0.0001667347,0.003324,,UNIT_VALUE_ASTHMA_HA,UNIT_VALUE_ASTHMA_HA_2015_USD,11232.0,1.004694866497937,0.0046729277261082,14.7353458472,0.0688572061631753,11232.0,773.404139624785,2773.43,1.0,31151165.759999998,2144982.2429595673,2144982.2429595673
NO2_ASTHMA,NO2,Hospital Admissions,Asthma,0,99,474,24,12,13.971596915256166,12.57443722373055,1.3971596915256157,88372,0.0001667347,0.003324,,UNIT_VALUE_ASTHMA_HA,UNIT_VALUE_ASTHMA_HA_2015_USD,11232.0,1.004654959633946,0.0046333913840848,14.7346789084,0.0682715343014366,11232.0,766.825873273736,2773.43,1.0,31151165.759999998,2126737.8817135775,2126737.8817135775
NO2_ASTHMA,NO2,Hospital Admissions,Asthma,0,99,515,24,13,14.223574149547972,12.801216734593174,1.4223574149547975,84667,0.0001667347,0.003324,,UNIT_VALUE_ASTHMA_HA,UNIT_VALUE_ASTHMA_HA_2015_USD,11232.0,1.0047391102772252,0.0047167570454359,14.1169268449,0.0665861141555859,11232.0,747.8952341955408,2773.43,1.0,31151165.759999998,2074235.0793749385,2074235.0793749385
NO2_ASTHMA,NO2,Hospital Admissions,Asthma,0,99,556,24,14,14.3165377526261,12.884883977363492,1.4316537752626068,6555,0.0001667347,0.003324,,UNIT_VALUE_ASTHMA_HA,UNIT_VALUE_ASTHMA_HA_2015_USD,11232.0,1.0047701583023234,0.0047475119189278,1.0929459585,0.0051887739647227,11232.0,58.28030917176537,2773.43,1.0,31151165.759999998,161636.35786624922,161636.35786624922
NO2_ASTHMA,NO2,Hospital Admissions,Asthma,0,99,352,25,9,14.554681198482095,13.099213078633886,1.4554681198482091,11823,0.0001667347,0.003324,,UNIT_VALUE_ASTHMA_HA,UNIT_VALUE_ASTHMA_HA_2015_USD,11232.0,1.0048496979322137,0.0048262918744897,1.9713043581,0.0095140902056443,11232.0,106.86226118979675,2773.43,1.0,31151165.759999998,296375.001051618,296375.001051618
NO2_ASTHMA,NO2,Hospital Admissions,Asthma,0,99,393,25,10,14.34499256414503,12.910493307730528,1.4344992564145027,88376,0.0001667347,0.003324,,UNIT_VALUE_ASTHMA_HA,UNIT_VALUE_ASTHMA_HA_2015_USD,11232.0,1.004779661844583,0.0047569253499901,14.7353458472,0.070094940201418,11232.0,787.306368342327,2773.43,1.0,31151165.759999998,2183539.10115166,2183539.10115166
NO2_ASTHMA,NO2,Hospital Admissions,Asthma,0,99,434,25,11,13.876326046438656,12.48869344179479,1.3876326046438656,88374,0.0001667347,0.003324,,UNIT_VALUE_ASTHMA_HA,UNIT_VALUE_ASTHMA_HA_2015_USD,11232.0,1.0046231446874792,0.0046018695785845,14.7350123778,0.0678086052014646,11232.0,761.6262536228504,2773.43,1.0,31151165.759999998,2112317.100585222,2112317.100585222
NO2_ASTHMA,NO2,Hospital Admissions,Asthma,0,99,475,25,12,14.06818374511835,12.661365370606516,1.4068183745118343,88373,0.0001667347,0.003324,,UNIT_VALUE_ASTHMA_HA,UNIT_VALUE_ASTHMA_HA_2015_USD,11232.0,1.004687215063608,0.0046653475761719,14.7348456431,0.0687431764063049,11232.0,772.1233573956166,2773.43,1.0,31151165.759999998,2141430.0831017247,2141430.0831017247
NO2_ASTHMA,NO2,Hospital Admissions,Asthma,0,99,516,25,13,14.581379296854838,13.123241367169356,1.458137929685483,40091,0.0001667347,0.003324,,UNIT_VALUE_ASTHMA_HA,UNIT_VALUE_ASTHMA_HA_2015_USD,11232.0,1.0048586154580734,0.0048351234525253,6.6845608577,0.0323206769728982,11232.0,363.0258437595926,2773.43,1.0,31151165.759999998,1006826.7658581669,1006826.7658581669
NO2_ASTHMA,NO2,Hospital Admissions,Asthma,0,99,353,26,9,14.477699845815035,13.029929861233532,1.4477699845815035,30,0.0001667347,0.003324,,UNIT_VALUE_ASTHMA_HA,UNIT_VALUE_ASTHMA_HA_2015_USD,11232.0,1.004823985562572,0.0048008264451123,0.005002041,2.401393071233633e-05,11232.0,0.2697244697609616,2773.43,1.0,31151165.759999998,748.0619361691437,748.0619361691437
NO2_ASTHMA,NO2,Hospital Admissions,Asthma,0,99,394,26,10,14.14950160156035,12.734551441404315,1.4149501601560353,65713,0.0001667347,0.003324,,UNIT_VALUE_ASTHMA_HA,UNIT_VALUE_ASTHMA_HA_2015_USD,11232.0,1.0047143721818002,0.004692251163445,10.9566373411,0.0514112943112221,11232.0,577.4516577036467,2773.43,1.0,31151165.759999998,1601521.7510250248,1601521.7510250248
NO2_ASTHMA,NO2,Hospital Admissions,Asthma,0,99,435,26,11,14.362656543291596,12.926390888962436,1.4362656543291583,88373,0.0001667347,0.003324,,UNIT_VALUE_ASTHMA_HA,UNIT_VALUE_ASTHMA_HA_2015_USD,11232.0,1.0047855614323875,0.0047627689091842,14.7348456431,0.0701786647105857,11232.0,788.2467620292986,2773.43,1.0,31151165.759999998,2186147.2172149173,2186147.2172149173
NO2_ASTHMA,NO2,Hospital Admissions,Asthma,0,99,476,26,12,14.610206702590803,13.149186032331723,1.4610206702590798,88372,0.0001667347,0.003324,,UNIT_VALUE_ASTHMA_HA,UNIT_VALUE_ASTHMA_HA_2015_USD,11232.0,1.004868244290242,0.0048446593052411,14.7346789084,0.0713844992833204,11232.0,801.7906959502548,2773.43,1.0,31151165.759999998,2223710.369869315,2223710.369869315
NO2_ASTHMA,NO2,Hospital Admissions,Asthma,0,99,517,26,13,14.85221309144123,13.366991782297108,1.4852213091441229,41250,0.0001667347,0.003324,,UNIT_VALUE_ASTHMA_HA,UNIT_VALUE_ASTHMA_HA_2015_USD,11232.0,1.0049490820810705,0.0049247092905657,6.8778063750000005,0.0338711969536749,11232.0,380.4412841836765,2773.43,1.0,31151165.759999998,1055127.270793534,1055127.270793534
NO2_ASTHMA,NO2,Hospital Admissions,Asthma,0,99,395,27,10,14.49919199878787,13.049272798909085,1.4499191998787868,29100,0.0001667347,0.003324,,UNIT_VALUE_ASTHMA_HA,UNIT_VALUE_ASTHMA_HA_2015_USD,11232.0,1.0048311640423742,0.0048079361143007,4.85197977,0.0233280087620396,11232.0,262.0201944152288,2773.43,1.0,31151165.759999998,726694.667797028,726694.667797028
NO2_ASTHMA,NO2,Hospital Admissions,Asthma,0,99,436,27,11,14.491355521257844,13.04221996913206,1.4491355521257852,88373,0.0001667347,0.003324,,UNIT_VALUE_ASTHMA_HA,UNIT_VALUE_ASTHMA_HA_2015_USD,11232.0,1.004828546616218,0.0048053437897225,14.7348456431,0.0708059990035906,11232.0,795.2929808083295,2773.43,1.0,31151165.759999998,2205689.4117632452,2205689.4117632452
NO2_ASTHMA,NO2,Hospital Admissions,Asthma,0,99,477,27,12,15.105471667148349,13.594924500433514,1.510547166714835,88373,0.0001667347,0.003324,,UNIT_VALUE_ASTHMA_HA,UNIT_VALUE_ASTHMA_HA_2015_USD,11232.0,1.0050336854219952,0.0050084743377348,14.7348456431,0.0737990962739509,11232.0,828.9114493490165,2773.43,1.0,31151165.759999998,2298927.8809680426,2298927.8809680426
NO2_ASTHMA,NO2,Hospital Admissions,Asthma,0,99,518,27,13,14.197008398134384,12.777307558320947,1.4197008398134372,71036,0.0001667347,0.003324,,UNIT_VALUE_ASTHMA_HA,UNIT_VALUE_ASTHMA_HA_2015_USD,11232.0,1.0047302380121246,0.0047079682019758,11.8441661492,0.0557619576093521,11232.0,626.3183078682428,2773.43,1.0,31151165.759999998,1737049.9845910205,1737049.9845910205
NO2_ASTHMA,NO2,Hospital Admissions,Asthma,0,99,559,27,14,14.679962831909434,13.211966548718491,1.467996283190942,15036,0.0001667347,0.003324,,UNIT_VALUE_ASTHMA_HA,UNIT_VALUE_ASTHMA_HA_2015_USD,11232.0,1.004891544377431,0.004867733642302,2.5070229492,0.0122035199518442,11232.0,137.06993609911405,2773.43,1.0,31151165.759999998,380153.87287536584,380153.87287536584
NO2_ASTHMA,NO2,Hospital Admissions,Asthma,0,99,396,28,10,14.229002290152714,12.806102061137445,1.422900229015271,7120,0.0001667347,0.003324,,UNIT_VALUE_ASTHMA_HA,UNIT_VALUE_ASTHMA_HA_2015_USD,11232.0,1.0047409231436404,0.0047185528472423,1.187151064,0.0056016350331439,11232.0,62.91756469227228,2773.43,1.0,31151165.759999998,174497.4614444887,174497.4614444887
NO2_ASTHMA,NO2,Hospital Admissions,Asthma,0,99,437,28,11,14.857156289296508,13.371440660366856,1.4857156289296505,87523,0.0001667347,0.003324,,UNIT_VALUE_ASTHMA_HA,UNIT_VALUE_ASTHMA_HA_2015_USD,11232.0,1.0049507333333243,0.0049263443163063,14.5931211481,0.0718907394251123,11232.0,807.4767852228614,2773.43,1.0,31151165.759999998,2239480.34044064,2239480.34044064
NO2_ASTHMA,NO2,Hospital Admissions,Asthma,0,99,478,28,12,14.375177047176653,12.937659342458987,1.4375177047176653,88371,0.0001667347,0.003324,,UNIT_VALUE_ASTHMA_HA,UNIT_VALUE_ASTHMA_HA_2015_USD,11232.0,1.0047897431732042,0.0047669108942911,14.7345121737,0.0702381066028761,11232.0,788.9144133635044,2773.43,1.0,31151165.759999998,2187998.901454744,2187998.901454744
NO2_ASTHMA,NO2,Hospital Admissions,Asthma,0,99,519,28,13,14.258595122536194,12.832735610282574,1.42585951225362,88373,0.0001667347,0.003324,,UNIT_VALUE_ASTHMA_HA,UNIT_VALUE_ASTHMA_HA_2015_USD,11232.0,1.0047508064845712,0.0047283430417869,14.7348456431,0.0696714048683563,11232.0,782.5492194813779,2773.43,1.0,31151165.759999998,2170345.481786238,2170345.481786238
NO2_ASTHMA,NO2,Hospital Admissions,Asthma,0,99,560,28,14,14.4409433075598,12.99684897680382,1.4440943307559788,77991,0.0001667347,0.003324,,UNIT_VALUE_ASTHMA_HA,UNIT_VALUE_ASTHMA_HA_2015_USD,11232.0,1.0048117088254094,0.0047886671534054,13.0038059877,0.0622708986025557,11232.0,699.4267331039056,2773.43,1.0,31151165.759999998,1939811.0843923648,1939811.0843923648
NO2_ASTHMA,NO2,Hospital Admissions,Asthma,0,99,601,28,15,14.238419552038287,12.814577596834456,1.4238419552038302,3938,0.0001667347,0.003324,,UNIT_VALUE_ASTHMA_HA,UNIT_VALUE_ASTHMA_HA_2015_USD,11232.0,1.004744068286915,0.0047216683697409,0.6566012486,0.003100253347047,11232.0,34.822045594031906,2773.43,1.0,31151165.759999998,96576.5059118559,96576.5059118559
NO2_ASTHMA,NO2,Hospital Admissions,Asthma,0,99,397,29,10,14.548967586668216,13.094070828001398,1.4548967586668198,2535,0.0001667347,0.003324,,UNIT_VALUE_ASTHMA_HA,UNIT_VALUE_ASTHMA_HA_2015_USD,11232.0,1.0048477895188903,0.0048244018342435,0.4226724645,0.002039141813018,11232.0,22.903640843818177,2773.43,1.0,31151165.759999998,63521.644625470646,63521.644625470646
NO2_ASTHMA,NO2,Hospital Admissions,Asthma,0,99,438,29,11,14.37660632623274,12.938945693609464,1.437660632623274,83412,0.0001667347,0.003324,,UNIT_VALUE_ASTHMA_HA,UNIT_VALUE_ASTHMA_HA_2015_USD,11232.0,1.0047902205412464,0.0047673837218141,13.9076747964,0.0663032224326426,11232.0,744.7177943634416,2773.43,1.0,31151165.759999998,2065422.6724213997,2065422.6724213997
NO2_ASTHMA,NO2,Hospital Admissions,Asthma,0,99,479,29,12,14.695064034831072,13.225557631347966,1.4695064034831056,88373,0.0001667347,0.003324,,UNIT_VALUE_ASTHMA_HA,UNIT_VALUE_ASTHMA_HA_2015_USD,11232.0,1.004896588583733,0.0048727288353463,14.7348456431,0.0717989072495115,11232.0,806.4453262265132,2773.43,1.0,31151165.759999998,2236619.6611163984,2236619.6611163984
NO2_ASTHMA,NO2,Hospital Admissions,Asthma,0,99,520,29,13,14.33877609357386,12.904898484216472,1.4338776093573866,88373,0.0001667347,0.003324,,UNIT_VALUE_ASTHMA_HA,UNIT_VALUE_ASTHMA_HA_2015_USD,11232.0,1.004777585615433,0.0047548688225431,14.7348456431,0.0700622581533622,11232.0,786.9392835785642,2773.43,1.0,31151165.759999998,2182521.017255297,2182521.017255297
NO2_ASTHMA,NO2,Hospital Admissions,Asthma,0,99,561,29,14,14.140769163481169,12.726692247133052,1.4140769163481153,88372,0.0001667347,0.003324,,UNIT_VALUE_ASTHMA_HA,UNIT_VALUE_ASTHMA_HA_2015_USD,11232.0,1.004711455839384,0.0046893621168556,14.7346789084,0.0690962450770831,11232.0,776.0890247057974,2773.43,1.0,31151165.759999998,2152428.5837898,2152428.5837898
NO2_ASTHMA,NO2,Hospital Admissions,Asthma,0,99,602,29,15,14.090763990008528,12.681687591007677,1.4090763990008508,54996,0.0001667347,0.003324,,UNIT_VALUE_ASTHMA_HA,UNIT_VALUE_ASTHMA_HA_2015_USD,11232.0,1.0046947559460149,0.0046728182049621,9.1697415612,0.0428485353019731,11232.0,481.27474851176186,2773.43,1.0,31151165.759999998,1334781.8257649755,1334781.8257649755
NO2_ASTHMA,NO2,Hospital Admissions,Asthma,0,99,643,29,16,14.19621306225518,12.776591756029662,1.4196213062255172,2346,0.0001667347,0.003324,,UNIT_VALUE_ASTHMA_HA,UNIT_VALUE_ASTHMA_HA_2015_USD,11232.0,1.0047299723919825,0.0047077050769386,0.3911596062,0.001841464064001,11232.0,20.68332436685923,2773.43,1.0,31151165.759999998,57363.752298778396,57363.752298778396
NO2_ASTHMA,NO2,Hospital Admissions,Asthma,0,99,398,30,10,14.014041685877324,12.612637517289592,1.4014041685877316,10141,0.0001667347,0.003324,,UNIT_VALUE_ASTHMA_HA,UNIT_VALUE_ASTHMA_HA_2015_USD,11232.0,1.004669134050849,0.0046474345559148,1.6908565927,0.0078581453580104,11232.0,88.2626886611728,2773.43,1.0,31151165.759999998,244790.38861355648,244790.38861355648
NO2_ASTHMA,NO2,Hospital Admissions,Asthma,0,99,439,30,11,14.409311423759496,12.968380281383547,1.4409311423759483,83452,0.0001667347,0.003324,,UNIT_VALUE_ASTHMA_HA,UNIT_VALUE_ASTHMA_HA_2015_USD,11232.0,1.0048011438503617,0.0047782030103628,13.9143441844,0.0664855612691242,11232.0,746.7658241748029,2773.43,1.0,31151165.759999998,2071102.7397411235,2071102.7397411235
NO2_ASTHMA,NO2,Hospital Admissions,Asthma,0,99,480,30,12,14.522677784217052,13.070410005795347,1.4522677784217048,88373,0.0001667347,0.003324,,UNIT_VALUE_ASTHMA_HA,UNIT_VALUE_ASTHMA_HA_2015_USD,11232.0,1.0048390084633982,0.0048157052250569,14.7348456431,0.0709586731538838,11232.0,797.0078168644228,2773.43,1.0,31151165.759999998,2210445.389526296,2210445.389526296
NO2_ASTHMA,NO2,Hospital Admissions,Asthma,0,99,521,30,13,14.90263878007283,13.41237490206555,1.4902638780072817,88375,0.0001667347,0.003324,,UNIT_VALUE_ASTHMA_HA,UNIT_VALUE_ASTHMA_HA_2015_USD,11232.0,1.0049659266751751,0.0049413881041762,14.7351791125,0.0728122387794133,11232.0,817.8270659703702,2773.43,1.0,31151165.759999998,2268186.1195742036,2268186.1195742036
NO2_ASTHMA,NO2,Hospital Admissions,Asthma,0,99,562,30,14,14.136693200888557,12.723023880799705,1.4136693200888537,88372,0.0001667347,0.003324,,UNIT_VALUE_ASTHMA_HA,UNIT_VALUE_ASTHMA_HA_2015_USD,11232.0,1.0047100946070249,0.0046880136193585,14.7346789084,0.0690763753994544,11232.0,775.8658484866718,2773.43,1.0,31151165.759999998,2151809.62016839,2151809.62016839
NO2_ASTHMA,NO2,Hospital Admissions,Asthma,0,99,603,30,15,14.938668296929515,13.444801467236566,1.4938668296929496,88373,0.0001667347,0.003324,,UNIT_VALUE_ASTHMA_HA,UNIT_VALUE_ASTHMA_HA_2015_USD,11232.0,1.0049779624316373,0.0049533050651107,14.7348456431,0.0729861855575917,11232.0,819.7808361828701,2773.43,1.0,31151165.759999998,2273604.764494657,2273604.764494657
NO2_ASTHMA,NO2,Hospital Admissions,Asthma,0,99,644,30,16,14.226870106582824,12.804183095924545,1.4226870106582812,26746,0.0001667347,0.003324,,UNIT_VALUE_ASTHMA_HA,UNIT_VALUE_ASTHMA_HA_2015_USD,11232.0,1.0047402110460024,0.0047178474533905,4.4594862862,0.0210391760187787,11232.0,236.3120250429224,2773.43,1.0,31151165.759999998,655394.8596147922,655394.8596147922
NO2_ASTHMA,NO2,Hospital Admissions,Asthma,0,99,440,31,11,14.47700169947472,13.02930152952725,1.4477001699474703,77384,0.0001667347,0.003324,,UNIT_VALUE_ASTHMA_HA,UNIT_VALUE_ASTHMA_HA_2015_USD,11232.0,1.004823752379283,0.0048005954953402,12.9025980248,0.0619401539560413,11232.0,695.7118092342558,2773.43,1.0,31151165.759999998,1929508.003084562,1929508.003084562
NO2_ASTHMA,NO2,Hospital Admissions,Asthma,0,99,481,31,12,13.36129834069843,12.025168506628589,1.3361298340698422,88374,0.0001667347,0.003324,,UNIT_VALUE_ASTHMA_HA,UNIT_VALUE_ASTHMA_HA_2015_USD,11232.0,1.0044511727386751,0.0044314475999256,14.7350123778,0.0652974352364764,11232.0,733.4207925761028,2773.43,1.0,31151165.759999998,2034091.2287543407,2034091.2287543407
NO2_ASTHMA,NO2,Hospital Admissions,Asthma,0,99,522,31,13,14.218391901494938,12.796552711345443,1.421839190149493,88374,0.0001667347,0.003324,,UNIT_VALUE_ASTHMA_HA,UNIT_VALUE_ASTHMA_HA_2015_USD,11232.0,1.00473737953597,0.0047150425896942,14.7350123778,0.0694762109209988,11232.0,780.3568010646585,2773.43,1.0,31151165.759999998,2164264.962776756,2164264.962776756
NO2_ASTHMA,NO2,Hospital Admissions,Asthma,0,99,563,31,14,13.359140998915276,12.023226899023747,1.3359140998915289,88372,0.0001667347,0.003324,,UNIT_VALUE_ASTHMA_HA,UNIT_VALUE_ASTHMA_HA_2015_USD,11232.0,1.004450452446587,0.0044307336770538,14.7346789084,0.0652854380600225,11232.0,733.2860402901728,2773.43,1.0,31151165.759999998,2033717.5027219737,2033717.5027219737
NO2_ASTHMA,NO2,Hospital Admissions,Asthma,0,99,604,31,15,13.996724615178914,12.597052153661023,1.3996724615178913,88373,0.0001667347,0.003324,,UNIT_VALUE_ASTHMA_HA,UNIT_VALUE_ASTHMA_HA_2015_USD,11232.0,1.0046633509967502,0.004641705096661,14.7348456431,0.0683948081200913,11232.0,768.2104848048655,2773.43,1.0,31151165.759999998,2130578.004872358,2130578.004872358
NO2_ASTHMA,NO2,Hospital Admissions,Asthma,0,99,645,31,16,14.062877613754663,12.656589852379197,1.4062877613754663,69888,0.0001667347,0.003324,,UNIT_VALUE_ASTHMA_HA,UNIT_VALUE_ASTHMA_HA_2015_USD,11232.0,1.004685443039992,0.0046635920451029,11.6527547136,0.0543436941858804,11232.0,610.3883730958087,2773.43,1.0,31151165.759999998,1692869.4255951087,1692869.4255951087
NO2_ASTHMA,NO2,Hospital Admissions,Asthma,0,99,686,31,17,14.374283414758589,12.936855073282729,1.4374283414758595,17050,0.0001667347,0.003324,,UNIT_VALUE_ASTHMA_HA,UNIT_VALUE_ASTHMA_HA_2015_USD,11232.0,1.004789444707071,0.0047666152668109,2.842826635,0.0135506608392879,11232.0,152.2010225468817,2773.43,1.0,31151165.759999998,422118.88196219807,422118.88196219807
NO2_ASTHMA,NO2,Hospital Admissions,Asthma,0,99,400,32,10,13.77056893383712,12.393512040453407,1.3770568933837133,7025,0.0001667347,0.003324,,UNIT_VALUE_ASTHMA_HA,UNIT_VALUE_ASTHMA_HA_2015_USD,11232.0,1.0045878291235135,0.0045668770718799,1.1713112675,0.0053492345715804,11232.0,60.08260270799105,2773.43,1.0,31151165.759999998,166634.89282842362,166634.89282842362
NO2_ASTHMA,NO2,Hospital Admissions,Asthma,0,99,441,32,11,13.52274422738668,12.170469804648013,1.3522744227386685,85838,0.0001667347,0.003324,,UNIT_VALUE_ASTHMA_HA,UNIT_VALUE_ASTHMA_HA_2015_USD,11232.0,1.0045050776682525,0.0044848729672027,14.3121731786,0.0641882785906279,11232.0,720.9627451299325,2773.43,1.0,31151165.759999998,1999539.7062257086,1999539.7062257086
NO2_ASTHMA,NO2,Hospital Admissions,Asthma,0,99,482,32,12,11.05156050536026,9.946404454824236,1.105156050536026,88374,0.0001667347,0.003324,,UNIT_VALUE_ASTHMA_HA,UNIT_VALUE_ASTHMA_HA_2015_USD,11232.0,1.003680294425241,0.0036667995233965,14.7350123778,0.0540303363641592,11232.0,606.8687380422361,2773.43,1.0,31151165.759999998,1683107.9641484788,1683107.9641484788
NO2_ASTHMA,NO2,Hospital Admissions,Asthma,0,99,523,32,13,15.081215980674529,13.573094382607076,1.5081215980674507,88374,0.0001667347,0.003324,,UNIT_VALUE_ASTHMA_HA,UNIT_VALUE_ASTHMA_HA_2015_USD,11232.0,1.0050255822799348,0.005000452096487,14.7350123778,0.0736817235363323,11232.0,827.5931187600844,2773.43,1.0,31151165.759999998,2295271.5833627805,2295271.5833627805
NO2_ASTHMA,NO2,Hospital Admissions,Asthma,0,99,564,32,14,11.97785996141701,10.78007396527531,1.1977859961417003,88371,0.0001667347,0.003324,,UNIT_VALUE_ASTHMA_HA,UNIT_VALUE_ASTHMA_HA_2015_USD,11232.0,1.0039893771153623,0.0039735252247635,14.7345121737,0.0585479557967829,11232.0,657.6106395094656,2773.43,1.0,31151165.759999998,1823837.0759347372,1823837.0759347372
NO2_ASTHMA,NO2,Hospital Admissions,Asthma,0,99,605,32,15,13.760055991017612,12.384050391915853,1.3760055991017612,88373,0.0001667347,0.003324,,UNIT_VALUE_ASTHMA_HA,UNIT_VALUE_ASTHMA_HA_2015_USD,11232.0,1.0045843185952754,0.0045633985225708,14.7348456431,0.0672409728380315,11232.0,755.2506069167698,2773.43,1.0,31151165.759999998,2094634.6907411767,2094634.6907411767
NO2_ASTHMA,NO2,Hospital Admissions,Asthma,0,99,646,32,16,14.523839764912193,13.071455788420971,1.4523839764912196,88373,0.0001667347,0.003324,,UNIT_VALUE_ASTHMA_HA,UNIT_VALUE_ASTHMA_HA_2015_USD,11232.0,1.0048393965748863,0.0048160896073362,14.7348456431,0.0709643369674378,11232.0,797.0714328182613,2773.43,1.0,31151165.759999998,2210621.8239211505,2210621.8239211505
NO2_ASTHMA,NO2,Hospital Admissions,Asthma,0,99,687,32,17,14.458812646995648,13.012931382296085,1.4458812646995651,50211,0.0001667347,0.003324,,UNIT_VALUE_ASTHMA_HA,UNIT_VALUE_ASTHMA_HA_2015_USD,11232.0,1.0048176771919994,0.004794578460704,8.3719160217,0.0401398082324662,11232.0,450.85032606706034,2773.43,1.0,31151165.759999998,1250401.819824167,1250401.819824167
NO2_ASTHMA,NO2,Hospital Admissions,Asthma,0,99,360,33,9,14.111210004962835,12.700089004466552,1.4111210004962835,26038,0.0001667347,0.003324,,UNIT_VALUE_ASTHMA_HA,UNIT_VALUE_ASTHMA_HA_2015_USD,11232.0,1.0047015841313487,0.0046795826796806,4.3414381186,0.0203161186247057,11232.0,228.19064439269445,2773.43,1.0,31151165.759999998,632870.7788780305,632870.7788780305
NO2_ASTHMA,NO2,Hospital Admissions,Asthma,0,99,401,33,10,13.649462118853016,12.284515906967716,1.3649462118853002,87066,0.0001667347,0.003324,,UNIT_VALUE_ASTHMA_HA,UNIT_VALUE_ASTHMA_HA_2015_USD,11232.0,1.0045473893449737,0.0045268042037707,14.5169233902,0.0657152698285748,11232.0,738.1139107145522,2773.43,1.0,31151165.759999998,2047107.2633930603,2047107.2633930603
NO2_ASTHMA,NO2,Hospital Admissions,Asthma,0,99,442,33,11,19.22823497601124,17.305411478410115,1.9228234976011187,88372,0.0001667347,0.003324,,UNIT_VALUE_ASTHMA_HA,UNIT_VALUE_ASTHMA_HA_2015_USD,11232.0,1.0064119343061362,0.006371083338312,14.7346789084,0.0938758672886851,11232.0,1054.413741386511,2773.43,1.0,31151165.759999998,2924342.702773591,2924342.702773591
NO2_ASTHMA,NO2,Hospital Admissions,Asthma,0,99,483,33,12,15.266676435963925,13.740008792367536,1.5266676435963902,88373,0.0001667347,0.003324,,UNIT_VALUE_ASTHMA_HA,UNIT_VALUE_ASTHMA_HA_2015_USD,11232.0,1.0050875410573905,0.0050617889980389,14.7348456431,0.0745846795640464,11232.0,837.735120863369,2773.43,1.0,31151165.759999998,2323399.7162560937,2323399.7162560937
NO2_ASTHMA,NO2,Hospital Admissions,Asthma,0,99,524,33,13,15.787402661315818,14.208662395184238,1.5787402661315806,88375,0.0001667347,0.003324,,UNIT_VALUE_ASTHMA_HA,UNIT_VALUE_ASTHMA_HA_2015_USD,11232.0,1.0052615261111624,0.0052339873500546,14.7351791125,0.0771237410756144,11232.0,866.253859761301,2773.43,1.0,31151165.759999998,2402494.442277785,2402494.442277785
NO2_ASTHMA,NO2,Hospital Admissions,Asthma,0,99,565,33,14,15.067728037163226,13.560955233446904,1.5067728037163235,88373,0.0001667347,0.003324,,UNIT_VALUE_ASTHMA_HA,UNIT_VALUE_ASTHMA_HA_2015_USD,11232.0,1.005021076365955,0.0049959911130528,14.7348456431,0.0736151578851327,11232.0,826.8454533658105,2773.43,1.0,31151165.759999998,2293197.9857283398,2293197.9857283398
NO2_ASTHMA,NO2,Hospital Admissions,Asthma,0,99,606,33,15,14.070024415554805,12.663021973999324,1.4070024415554787,88374,0.0001667347,0.003324,,UNIT_VALUE_ASTHMA_HA,UNIT_VALUE_ASTHMA_HA_2015_USD,11232.0,1.004687829770469,0.0046659565603978,14.7350123778,0.0687529276717388,11232.0,772.2328836089702,2773.43,1.0,31151165.759999998,2141733.846387626,2141733.846387626
NO2_ASTHMA,NO2,Hospital Admissions,Asthma,0,99,647,33,16,14.771769778554818,13.294592800699338,1.4771769778554802,88374,0.0001667347,0.003324,,UNIT_VALUE_ASTHMA_HA,UNIT_VALUE_ASTHMA_HA_2015_USD,11232.0,1.004922210747856,0.0048981012611839,14.7350123778,0.0721735827112633,11232.0,810.6536810129094,2773.43,1.0,31151165.759999998,2248291.2385316333,2248291.2385316333
NO2_ASTHMA,NO2,Hospital Admissions,Asthma,0,99,688,33,17,14.76185669220184,13.285671022981656,1.4761856692201842,78804,0.0001667347,0.003324,,UNIT_VALUE_ASTHMA_HA,UNIT_VALUE_ASTHMA_HA_2015_USD,11232.0,1.0049188994241824,0.0048948222856599,13.1393612988,0.0643148385047042,11232.0,722.3842660848375,2773.43,1.0,31151165.759999998,2003482.1950876706,2003482.1950876706
NO2_ASTHMA,NO2,Hospital Admissions,Asthma,0,99,729,33,18,14.355451249441762,12.919906124497585,1.435545124944177,456,0.0001667347,0.003324,,UNIT_VALUE_ASTHMA_HA,UNIT_VALUE_ASTHMA_HA_2015_USD,11232.0,1.004783154933984,0.0047603852736746,0.0760310232,0.0003619369631836,11232.0,4.065275970478195,2773.43,1.0,31151165.759999998,11274.75833480334,11274.75833480334
NO2_ASTHMA,NO2,Hospital Admissions,Asthma,0,99,361,34,9,14.1499359920569,12.734942392851211,1.4149935992056886,20956,0.0001667347,0.003324,,UNIT_VALUE_ASTHMA_HA,UNIT_VALUE_ASTHMA_HA_2015_USD,11232.0,1.0047145172539265,0.004692394877315,3.4940923732,0.0163956611528694,11232.0,184.1560660690291,2773.43,1.0,31151165.759999998,510743.9583178273,510743.9583178273
NO2_ASTHMA,NO2,Hospital Admissions,Asthma,0,99,402,34,10,14.244093754882778,12.8196843793945,1.4244093754882794,76970,0.0001667347,0.003324,,UNIT_VALUE_ASTHMA_HA,UNIT_VALUE_ASTHMA_HA_2015_USD,11232.0,1.004745963341539,0.0047235455674338,12.833569859,0.0606199520218317,11232.0,680.8833011092137,2773.43,1.0,31151165.759999998,1888382.1737953264,1888382.1737953264
NO2_ASTHMA,NO2,Hospital Admissions,Asthma,0,99,443,34,11,14.16290766428594,12.746616897857344,1.4162907664285953,88316,0.0001667347,0.003324,,UNIT_VALUE_ASTHMA_HA,UNIT_VALUE_ASTHMA_HA_2015_USD,11232.0,1.0047188493750945,0.0046966864193194,14.7253417652,0.0691603126884518,11232.0,776.8086321166905,2773.43,1.0,31151165.759999998,2154424.364571393,2154424.364571393
NO2_ASTHMA,NO2,Hospital Admissions,Asthma,0,99,484,34,12,15.079329114090218,13.571396202681196,1.5079329114090214,88373,0.0001667347,0.003324,,UNIT_VALUE_ASTHMA_HA,UNIT_VALUE_ASTHMA_HA_2015_USD,11232.0,1.0050249519336625,0.0049998280380945,14.7348456431,0.0736716943833661,11232.0,827.480471313968,2773.43,1.0,31151165.759999998,2294959.1635562982,2294959.1635562982
NO2_ASTHMA,NO2,Hospital Admissions,Asthma,0,99,525,34,13,19.50134381117317,17.551209430055852,1.9501343811173195,88374,0.0001667347,0.003324,,UNIT_VALUE_ASTHMA_HA,UNIT_VALUE_ASTHMA_HA_2015_USD,11232.0,1.0065033019143443,0.0064612822451503,14.7350123778,0.095207073858749,11232.0,1069.3658535814689,2773.43,1.0,31151165.759999998,2965811.339298453,2965811.339298453
NO2_ASTHMA,NO2,Hospital Admissions,Asthma,0,99,566,34,14,13.264775673525182,11.938298106172663,1.3264775673525175,88372,0.0001667347,0.003324,,UNIT_VALUE_ASTHMA_HA,UNIT_VALUE_ASTHMA_HA_2015_USD,11232.0,1.0044189463090631,0.0043995051320978,14.7346789084,0.0648252954773198,11232.0,728.117718801256,2773.43,1.0,31151165.759999998,2019383.5248549674,2019383.5248549674
NO2_ASTHMA,NO2,Hospital Admissions,Asthma,0,99,607,34,15,14.375955456058968,12.938359910453071,1.4375955456058964,88373,0.0001667347,0.003324,,UNIT_VALUE_ASTHMA_HA,UNIT_VALUE_ASTHMA_HA_2015_USD,11232.0,1.0047900031556636,0.0047671684039649,14.7348456431,0.070243490587087,11232.0,788.9748862741611,2773.43,1.0,31151165.759999998,2188166.6188393463,2188166.6188393463
NO2_ASTHMA,NO2,Hospital Admissions,Asthma,0,99,648,34,16,13.974598381086835,12.577138542978156,1.3974598381086825,72285,0.0001667347,0.003324,,UNIT_VALUE_ASTHMA_HA,UNIT_VALUE_ASTHMA_HA_2015_USD,11232.0,1.004655961965882,0.0046343844481561,12.0524177895,0.0558555375663388,11232.0,627.3693979451174,2773.43,1.0,31151165.759999998,1739965.1093429269,1739965.1093429269
NO2_ASTHMA,NO2,Hospital Admissions,Asthma,0,99,689,34,17,14.06124518049693,12.65512066244724,1.4061245180496922,15395,0.0001667347,0.003324,,UNIT_VALUE_ASTHMA_HA,UNIT_VALUE_ASTHMA_HA_2015_USD,11232.0,1.004684897876906,0.0046630519547036,2.5668807065,0.0119694980959358,11232.0,134.4414026135509,2773.43,1.0,31151165.759999998,372863.81925050047,372863.81925050047
NO2_ASTHMA,NO2,Hospital Admissions,Asthma,0,99,730,34,18,14.212959977469014,12.791663979722111,1.4212959977469009,1632,0.0001667347,0.003324,,UNIT_VALUE_ASTHMA_HA,UNIT_VALUE_ASTHMA_HA_2015_USD,11232.0,1.0047355654123835,0.0047132455298724,0.2721110304,0.0012825260976617,11232.0,14.405333128936215,2773.43,1.0,31151165.759999998,39952.183059785566,39952.183059785566
NO2_ASTHMA,NO2,Hospital Admissions,Asthma,0,99,403,35,10,14.490479723453811,13.041431751108432,1.4490479723453795,682,0.0001667347,0.003324,,UNIT_VALUE_ASTHMA_HA,UNIT_VALUE_ASTHMA_HA_2015_USD,11232.0,1.0048282540954074,0.0048050540733988,0.1137130654,0.0005463974280989,11232.0,6.137135912406845,2773.43,1.0,31151165.759999998,17020.916853546514,17020.916853546514
NO2_ASTHMA,NO2,Hospital Admissions,Asthma,0,99,444,35,11,13.874553240808584,12.487097916727723,1.3874553240808591,45597,0.0001667347,0.003324,,UNIT_VALUE_ASTHMA_HA,UNIT_VALUE_ASTHMA_HA_2015_USD,11232.0,1.0046225526827328,0.0046012830096127,7.6026021159,0.0349817239447363,11232.0,392.9147233472781,2773.43,1.0,31151165.759999998,1089721.4811730413,1089721.4811730413
NO2_ASTHMA,NO2,Hospital Admissions,Asthma,0,99,485,35,12,19.577644492160925,17.619880042944832,1.9577644492160928,88373,0.0001667347,0.003324,,UNIT_VALUE_ASTHMA_HA,UNIT_VALUE_ASTHMA_HA_2015_USD,11232.0,1.006528829523419,0.0064864803986888,14.7348456431,0.0955772874416735,11232.0,1073.5240925448768,2773.43,1.0,31151165.759999998,2977343.9239867376,2977343.9239867376
NO2_ASTHMA,NO2,Hospital Admissions,Asthma,0,99,526,35,13,13.476969861157125,12.12927287504141,1.3476969861157126,88375,0.0001667347,0.003324,,UNIT_VALUE_ASTHMA_HA,UNIT_VALUE_ASTHMA_HA_2015_USD,11232.0,1.004489793838637,0.0044697256917656,14.7351791125,0.0658622086519094,11232.0,739.7643275782465,2773.43,1.0,31151165.759999998,2051684.579035336,2051684.579035336
NO2_ASTHMA,NO2,Hospital Admissions,Asthma,0,99,567,35,14,12.905364194543235,11.614827775088912,1.2905364194543232,88371,0.0001667347,0.003324,,UNIT_VALUE_ASTHMA_HA,UNIT_VALUE_ASTHMA_HA_2015_USD,11232.0,1.004298957176708,0.0042805552529829,14.7345121737,0.0630718934852733,11232.0,708.4235076265896,2773.43,1.0,31151165.759999998,1964763.0087568124,1964763.0087568124
NO2_ASTHMA,NO2,Hospital Admissions,Asthma,0,99,608,35,15,13.916942739721174,12.525248465749057,1.3916942739721172,88374,0.0001667347,0.003324,,UNIT_VALUE_ASTHMA_HA,UNIT_VALUE_ASTHMA_HA_2015_USD,11232.0,1.0046367081849112,0.0046153083469232,14.7350123778,0.0680066256192777,11232.0,763.8504189557272,2773.43,1.0,31151165.759999998,2118485.6674443823,2118485.6674443823
NO2_ASTHMA,NO2,Hospital Admissions,Asthma,0,99,649,35,16,13.940058530307,12.5460526772763,1.3940058530307002,78707,0.0001667347,0.003324,,UNIT_VALUE_ASTHMA_HA,UNIT_VALUE_ASTHMA_HA_2015_USD,11232.0,1.0046444275303812,0.0046229565437377,13.1231880329,0.0606679279913964,11232.0,681.4221671993644,2773.43,1.0,31151165.759999998,1889876.681175733,1889876.681175733
NO2_ASTHMA,NO2,Hospital Admissions,Asthma,0,99,690,35,17,14.151228603738588,12.736105743364728,1.4151228603738597,26719,0.0001667347,0.003324,,UNIT_VALUE_ASTHMA_HA,UNIT_VALUE_ASTHMA_HA_2015_USD,11232.0,1.004714948943801,0.0046928225251924,4.4549844493,0.020906451373057,11232.0,234.82126182217624,2773.43,1.0,31151165.759999998,651260.3321754782,651260.3321754782
NO2_ASTHMA,NO2,Hospital Admissions,Asthma,0,99,445,36,11,14.363493467567254,12.92714412081053,1.4363493467567243,57394,0.0001667347,0.003324,,UNIT_VALUE_ASTHMA_HA,UNIT_VALUE_ASTHMA_HA_2015_USD,11232.0,1.0047858409573682,0.004763045777803,9.5695713718,0.045580306517837,11232.0,511.9580028083452,2773.43,1.0,31151165.759999998,1419879.6837287487,1419879.6837287487
NO2_ASTHMA,NO2,Hospital Admissions,Asthma,0,99,486,36,12,15.126862415182863,13.614176173664578,1.512686241518287,88372,0.0001667347,0.003324,,UNIT_VALUE_ASTHMA_HA,UNIT_VALUE_ASTHMA_HA_2015_USD,11232.0,1.0050408315229835,0.005015548985552,14.7346789084,0.0739025038514602,11232.0,830.072923259601,2773.43,1.0,31151165.759999998,2302149.147555875,2302149.147555875
NO2_ASTHMA,NO2,Hospital Admissions,Asthma,0,99,527,36,13,14.11367428027748,12.702306852249732,1.4113674280277468,88375,0.0001667347,0.003324,,UNIT_VALUE_ASTHMA_HA,UNIT_VALUE_ASTHMA_HA_2015_USD,11232.0,1.004702407107986,0.0046803979712976,14.7351791125,0.0689665024248517,11232.0,774.6317552359342,2773.43,1.0,31151165.759999998,2148386.9489239966,2148386.9489239966
NO2_ASTHMA,NO2,Hospital Admissions,Asthma,0,99,568,36,14,15.637722316980764,14.07395008528269,1.5637722316980742,88372,0.0001667347,0.003324,,UNIT_VALUE_ASTHMA_HA,UNIT_VALUE_ASTHMA_HA_2015_USD,11232.0,1.0052115118282787,0.0051844927828174,14.7346789084,0.0763918364577316,11232.0,858.0331070932413,2773.43,1.0,31151165.759999998,2379694.760205608,2379694.760205608
NO2_ASTHMA,NO2,Hospital Admissions,Asthma,0,99,609,36,15,14.52190314755419,13.069712832798771,1.4521903147554165,88374,0.0001667347,0.003324,,UNIT_VALUE_ASTHMA_HA,UNIT_VALUE_ASTHMA_HA_2015_USD,11232.0,1.0048387497282123,0.0048154489757893,14.7350123778,0.0709557002629202,11232.0,796.9744253531196,2773.43,1.0,31151165.759999998,2210352.7805071026,2210352.7805071026
NO2_ASTHMA,NO2,Hospital Admissions,Asthma,0,99,650,36,16,14.44701070264524,13.002309632380715,1.4447010702645215,88375,0.0001667347,0.003324,,UNIT_VALUE_ASTHMA_HA,UNIT_VALUE_ASTHMA_HA_2015_USD,11232.0,1.004813735333844,0.0047906742957137,14.7351791125,0.0705914438169923,11232.0,792.8830969524574,2773.43,1.0,31151165.759999998,2199005.767580854,2199005.767580854
NO2_ASTHMA,NO2,Hospital Admissions,Asthma,0,99,691,36,17,14.286874670311354,12.858187203280218,1.4286874670311356,18381,0.0001667347,0.003324,,UNIT_VALUE_ASTHMA_HA,UNIT_VALUE_ASTHMA_HA_2015_USD,11232.0,1.004760251308802,0.0047376986724954,3.0647505207,0.0145198644734499,11232.0,163.08711776578926,2773.43,1.0,31151165.759999998,452310.70502517285,452310.70502517285
NO2_ASTHMA,NO2,Hospital Admissions,Asthma,0,99,446,37,11,13.843987490139757,12.45958874112578,1.3843987490139753,8084,0.0001667347,0.003324,,UNIT_VALUE_ASTHMA_HA,UNIT_VALUE_ASTHMA_HA_2015_USD,11232.0,1.0046123457136704,0.0045911696520051,1.3478833148,0.0061883609693538,11232.0,69.50767040778187,2773.43,1.0,31151165.759999998,192774.65833905447,192774.65833905447
NO2_ASTHMA,NO2,Hospital Admissions,Asthma,0,99,487,37,12,14.469943562972588,13.022949206675328,1.4469943562972605,66848,0.0001667347,0.003324,,UNIT_VALUE_ASTHMA_HA,UNIT_VALUE_ASTHMA_HA_2015_USD,11232.0,1.004821394940351,0.0047982606308231,11.1458812256,0.0534808430806269,11232.0,600.6968294816013,2773.43,1.0,31151165.759999998,1665990.6077891574,1665990.6077891574
NO2_ASTHMA,NO2,Hospital Admissions,Asthma,0,99,528,37,13,14.107382869493785,12.696644582544408,1.4107382869493783,88375,0.0001667347,0.003324,,UNIT_VALUE_ASTHMA_HA,UNIT_VALUE_ASTHMA_HA_2015_USD,11232.0,1.0047003060112594,0.0046783164921287,14.7351791125,0.0689358314564805,11232.0,774.287258919189,2773.43,1.0,31151165.759999998,2147431.512504246,2147431.512504246
NO2_ASTHMA,NO2,Hospital Admissions,Asthma,0,99,569,37,14,15.300713900597886,13.770642510538098,1.5300713900597884,88373,0.0001667347,0.003324,,UNIT_VALUE_ASTHMA_HA,UNIT_VALUE_ASTHMA_HA_2015_USD,11232.0,1.0050989127356749,0.0050730457182533,14.7348456431,0.0747505455988532,11232.0,839.5981281663192,2773.43,1.0,31151165.759999998,2328566.636600314,2328566.636600314
NO2_ASTHMA,NO2,Hospital Admissions,Asthma,0,99,610,37,15,15.466442670480692,13.919798403432624,1.5466442670480696,88373,0.0001667347,0.003324,,UNIT_VALUE_ASTHMA_HA,UNIT_VALUE_ASTHMA_HA_2015_USD,11232.0,1.0051542833940506,0.0051278529865547,14.7348456431,0.075558122237393,11232.0,848.6688289703982,2773.43,1.0,31151165.759999998,2353723.5903313714,2353723.5903313714
NO2_ASTHMA,NO2,Hospital Admissions,Asthma,0,99,651,37,16,9.526364032890893,8.573727629601802,0.9526364032890892,88374,0.0001667347,0.003324,,UNIT_VALUE_ASTHMA_HA,UNIT_VALUE_ASTHMA_HA_2015_USD,11232.0,1.0031715822625429,0.0031615551303693,14.7350123778,0.0465855539790888,11232.0,523.2489422931254,2773.43,1.0,31151165.759999998,1451194.3140240228,1451194.3140240228
NO2_ASTHMA,NO2,Hospital Admissions,Asthma,0,99,692,37,17,14.622011085947996,13.159809977353197,1.4622011085947992,28949,0.0001667347,0.003324,,UNIT_VALUE_ASTHMA_HA,UNIT_VALUE_ASTHMA_HA_2015_USD,11232.0,1.0048721871769106,0.0048485640652454,4.8268028303,0.0234030627530177,11232.0,262.8632008418948,2773.43,1.0,31151165.759999998,729032.6871109363,729032.6871109363
NO2_ASTHMA,NO2,Hospital Admissions,Asthma,0,99,488,38,12,18.489373708736647,16.640436337862983,1.848937370873664,6168,0.0001667347,0.003324,,UNIT_VALUE_ASTHMA_HA,UNIT_VALUE_ASTHMA_HA_2015_USD,11232.0,1.0061647924159087,0.0061270206057462,1.0284196296,0.006301148261913,11232.0,70.77449727780682,2773.43,1.0,31151165.759999998,196288.11398518775,196288.11398518775
NO2_ASTHMA,NO2,Hospital Admissions,Asthma,0,99,529,38,13,14.431419953733442,12.9882779583601,1.4431419953733435,82303,0.0001667347,0.003324,,UNIT_VALUE_ASTHMA_HA,UNIT_VALUE_ASTHMA_HA_2015_USD,11232.0,1.0048085280358656,0.0047855167444338,13.7227660141,0.0656705265404231,11232.0,737.6113541020322,2773.43,1.0,31151165.759999998,2045713.457807199,2045713.457807199
NO2_ASTHMA,NO2,Hospital Admissions,Asthma,0,99,570,38,14,11.320805733076206,10.188725159768584,1.132080573307622,88374,0.0001667347,0.003324,,UNIT_VALUE_ASTHMA_HA,UNIT_VALUE_ASTHMA_HA_2015_USD,11232.0,1.003770124934388,0.0037559644790529,14.7350123778,0.0553441830894217,11232.0,621.6258644603845,2773.43,1.0,31151165.759999998,1724035.821270364,1724035.821270364
NO2_ASTHMA,NO2,Hospital Admissions,Asthma,0,99,611,38,15,18.56148137524996,16.70533323772496,1.8561481375249969,88374,0.0001667347,0.003324,,UNIT_VALUE_ASTHMA_HA,UNIT_VALUE_ASTHMA_HA_2015_USD,11232.0,1.0061889090546492,0.0061508420525762,14.7350123778,0.0906327337786032,11232.0,1017.9868658012712,2773.43,1.0,31151165.759999998,2823315.3132192194,2823315.3132192194
NO2_ASTHMA,NO2,Hospital Admissions,Asthma,0,99,652,38,16,14.779748793712482,13.301773914341236,1.4779748793712475,88374,0.0001667347,0.003324,,UNIT_VALUE_ASTHMA_HA,UNIT_VALUE_ASTHMA_HA_2015_USD,11232.0,1.0049248760308374,0.0049007404914576,14.7350123778,0.0722124718020135,11232.0,811.0904832802156,2773.43,1.0,31151165.759999998,2249502.679043848,2249502.679043848
NO2_ASTHMA,NO2,Hospital Admissions,Asthma,0,99,693,38,17,15.166646871830691,13.649982184647625,1.51666468718307,26275,0.0001667347,0.003324,,UNIT_VALUE_ASTHMA_HA,UNIT_VALUE_ASTHMA_HA_2015_USD,11232.0,1.0050541226259937,0.0050287069245467,4.3809542425,0.022030534935382,11232.0,247.4469683942106,2773.43,1.0,31151165.759999998,686276.8455535554,686276.8455535554
NO2_ASTHMA,NO2,Hospital Admissions,Asthma,0,99,530,39,13,14.406850341503803,12.966165307353425,1.4406850341503787,53223,0.0001667347,0.003324,,UNIT_VALUE_ASTHMA_HA,UNIT_VALUE_ASTHMA_HA_2015_USD,11232.0,1.0048003218593144,0.0047773888551625,8.8741209381,0.0423951264690435,11232.0,476.1820605002965,2773.43,1.0,31151165.759999998,1320657.6120533373,1320657.6120533373
NO2_ASTHMA,NO2,Hospital Admissions,Asthma,0,99,571,39,14,14.791951592198158,13.312756432978343,1.479195159219815,88373,0.0001667347,0.003324,,UNIT_VALUE_ASTHMA_HA,UNIT_VALUE_ASTHMA_HA_2015_USD,11232.0,1.0049289522256537,0.0049047768150545,14.7348456431,0.072271129283684,11232.0,811.7493241143386,2773.43,1.0,31151165.759999998,2251329.92797843,2251329.92797843
NO2_ASTHMA,NO2,Hospital Admissions,Asthma,0,99,612,39,15,13.522962234882636,12.170666011394372,1.3522962234882634,88373,0.0001667347,0.003324,,UNIT_VALUE_ASTHMA_HA,UNIT_VALUE_ASTHMA_HA_2015_USD,11232.0,1.00450515046041,0.0044849451078924,14.7348456431,0.0660849738825715,11232.0,742.2664266490431,2773.43,1.0,31151165.759999998,2058623.9756612554,2058623.9756612554
NO2_ASTHMA,NO2,Hospital Admissions,Asthma,0,99,653,39,16,10.001870968511383,9.001683871660244,1.000187096851139,88170,0.0001667347,0.003324,,UNIT_VALUE_ASTHMA_HA,UNIT_VALUE_ASTHMA_HA_2015_USD,11232.0,1.0033301545950182,0.0033191014739931,14.700998499,0.0487941057872022,11232.0,548.055396201855,2773.43,1.0,31151165.759999998,1519993.2774881108,1519993.2774881108
NO2_ASTHMA,NO2,Hospital Admissions,Asthma,0,99,694,39,17,14.188053584484676,12.76924822603621,1.4188053584484663,3451,0.0001667347,0.003324,,UNIT_VALUE_ASTHMA_HA,UNIT_VALUE_ASTHMA_HA_2015_USD,11232.0,1.0047272473565865,0.0047050056311537,0.5754014497,0.0027072670610125,11232.0,30.4080236292924,2773.43,1.0,31151165.759999998,84334.52497418842,84334.52497418842
NO2_ASTHMA,NO2,Hospital Admissions,Asthma,0,99,531,40,13,14.595845004488194,13.136260504039374,1.4595845004488197,8740,0.0001667347,0.003324,,UNIT_VALUE_ASTHMA_HA,UNIT_VALUE_ASTHMA_HA_2015_USD,11232.0,1.0048634472330795,0.0048399085930247,1.457261278,0.0070530113816744,11232.0,79.21942383896686,2773.43,1.0,31151165.759999998,219709.52665770584,219709.52665770584
NO2_ASTHMA,NO2,Hospital Admissions,Asthma,0,99,572,40,14,14.519649479539988,13.06768453158599,1.4519649479539982,53982,0.0001667347,0.003324,,UNIT_VALUE_ASTHMA_HA,UNIT_VALUE_ASTHMA_HA_2015_USD,11232.0,1.0048379969844456,0.0048147034636077,9.0006725754,0.043335569423578,11232.0,486.74511576562816,2773.43,1.0,31151165.759999998,1349953.506417866,1349953.506417866
NO2_ASTHMA,NO2,Hospital Admissions,Asthma,0,99,613,40,15,13.73147320452902,12.358325884076118,1.373147320452901,88373,0.0001667347,0.003324,,UNIT_VALUE_ASTHMA_HA,UNIT_VALUE_ASTHMA_HA_2015_USD,11232.0,1.0045747741671511,0.0045539409158903,14.7348456431,0.0671016164634416,11232.0,753.6853561173759,2773.43,1.0,31151165.759999998,2090293.5772166138,2090293.5772166138
NO2_ASTHMA,NO2,Hospital Admissions,Asthma,0,99,654,40,16,13.879534899867163,12.491581409880448,1.3879534899867156,88374,0.0001667347,0.003324,,UNIT_VALUE_ASTHMA_HA,UNIT_VALUE_ASTHMA_HA_2015_USD,11232.0,1.0046242162420822,0.0046029312924384,14.7350123778,0.0678242495682441,11232.0,761.8019711505177,2773.43,1.0,31151165.759999998,2112804.4408479803,2112804.4408479803
NO2_ASTHMA,NO2,Hospital Admissions,Asthma,0,99,695,40,17,14.975861476546504,13.478275328891856,1.4975861476546477,34687,0.0001667347,0.003324,,UNIT_VALUE_ASTHMA_HA,UNIT_VALUE_ASTHMA_HA_2015_USD,11232.0,1.0049903870639585,0.0049656067641977,5.7835265389,0.0287187185024791,11232.0,322.5686462198453,2773.43,1.0,31151165.759999998,894621.5604855054,894621.5604855054
NO2_ASTHMA,NO2,Hospital Admissions,Asthma,0,99,573,41,14,14.992593907095015,13.493334516385517,1.4992593907095009,26916,0.0001667347,0.003324,,UNIT_VALUE_ASTHMA_HA,UNIT_VALUE_ASTHMA_HA_2015_USD,11232.0,1.004995976695251,0.0049711409907124,4.4878311852,0.0223096415641455,11232.0,250.58189404848224,2773.43,1.0,31151165.759999998,694971.342410882,694971.342410882
NO2_ASTHMA,NO2,Hospital Admissions,Asthma,0,99,614,41,15,14.908357926438637,13.41752213379477,1.490835792643864,47718,0.0001667347,0.003324,,UNIT_VALUE_ASTHMA_HA,UNIT_VALUE_ASTHMA_HA_2015_USD,11232.0,1.0049678371616897,0.0049432797528327,7.9562464146,0.03932995180984,11232.0,441.7540187281229,2773.43,1.0,31151165.759999998,1225173.848161138,1225173.848161138
NO2_ASTHMA,NO2,Hospital Admissions,Asthma,0,99,655,41,16,14.882447831053328,13.394203047947997,1.4882447831053316,28007,0.0001667347,0.003324,,UNIT_VALUE_ASTHMA_HA,UNIT_VALUE_ASTHMA_HA_2015_USD,11232.0,1.0049591818976795,0.0049347097742966,4.6697387429,0.0230438054180004,11232.0,258.8280224549805,2773.43,1.0,31151165.759999998,717841.4023173165,717841.4023173165
NO2_ASTHMA,NO2,Hospital Admissions,Asthma,0,99,696,41,17,15.479930837714765,13.931937753943288,1.5479930837714768,8351,0.0001667347,0.003324,,UNIT_VALUE_ASTHMA_HA,UNIT_VALUE_ASTHMA_HA_2015_USD,11232.0,1.00515878998,0.0051323134527856,1.3924014797,0.0071462408459429,11232.0,80.26657718163065,2773.43,1.0,31151165.759999998,222613.7331528499,222613.7331528499
NO2_CLD,NO2,Hospital Admissions,Chronic Lung Disease,65,99,0,1,1,14.231315473731026,12.808183926357923,1.423131547373103,7006,0.0020967572,0.00185,,UNIT_VALUE_CLD_HA,UNIT_VALUE_CLD_HA_2015_USD,15375.0,1.0026362622066674,0.0026293306017729,14.6898809432,0.038624553500357,15375.0,593.8525100679889,2773.43,1.0,42641486.25,1647008.3669978622,1647008.3669978622
NO2_CLD,NO2,Hospital Admissions,Chronic Lung Disease,65,99,41,1,2,14.436909339412171,12.993218405470955,1.443690933941216,5661,0.0020967572,0.00185,,UNIT_VALUE_CLD_HA,UNIT_VALUE_CLD_HA_2015_USD,15375.0,1.0026743980669373,0.0026672647392745,11.8697425092,0.0316597456590578,15375.0,486.7685895080136,2773.43,1.0,42641486.25,1350018.60919921,1350018.60919921
NO2_CLD,NO2,Hospital Admissions,Chronic Lung Disease,65,99,82,1,3,14.04676787451595,12.642091087064356,1.404676787451594,656,0.0020967572,0.00185,,UNIT_VALUE_CLD_HA,UNIT_VALUE_CLD_HA_2015_USD,15375.0,1.0026020314797224,0.0025952784834097,1.3754727232,0.003569734763038,15375.0,54.88467198170925,2773.43,1.0,42641486.25,152218.79581423188,152218.79581423188
NO2_CLD,NO2,Hospital Admissions,Chronic Lung Disease,65,99,1,2,1,14.547154562062682,13.092439105856414,1.4547154562062676,3805,0.0020967572,0.00185,,UNIT_VALUE_CLD_HA,UNIT_VALUE_CLD_HA_2015_USD,15375.0,1.0026948481869988,0.0026876054981945,7.978161146,0.0214421497614719,15375.0,329.6730525826305,2773.43,1.0,42641486.25,914325.1342242447,914325.1342242447
NO2_CLD,NO2,Hospital Admissions,Chronic Lung Disease,65,99,42,2,2,13.63419892837284,12.270779035535556,1.3634198928372854,9380,0.0020967572,0.00185,,UNIT_VALUE_CLD_HA,UNIT_VALUE_CLD_HA_2015_USD,15375.0,1.0025255105442463,0.0025191484083787,19.667582536,0.049545559242222,15375.0,761.7629733491633,2773.43,1.0,42641486.25,2112696.2831757697,2112696.2831757697
NO2_CLD,NO2,Hospital Admissions,Chronic Lung Disease,65,99,83,2,3,14.249579367891377,12.824621431102235,1.4249579367891396,4099,0.0020967572,0.00185,,UNIT_VALUE_CLD_HA,UNIT_VALUE_CLD_HA_2015_USD,15375.0,1.0026396499402668,0.0026327005324634,8.594607762799999,0.022627028433438,15375.0,347.89056216410927,2773.43,1.0,42641486.25,964850.1218228055,964850.1218228055
NO2_CLD,NO2,Hospital Admissions,Chronic Lung Disease,65,99,2,3,1,13.999116385567032,12.59920474701033,1.399911638556702,73,0.0020967572,0.00185,,UNIT_VALUE_CLD_HA,UNIT_VALUE_CLD_HA_2015_USD,15375.0,1.00259319305495,0.0025864857979418,0.1530632756,0.0003958959885258,15375.0,6.086900823584175,2773.43,1.0,42641486.25,16881.593351153057,16881.593351153057
NO2_CLD,NO2,Hospital Admissions,Chronic Lung Disease,65,99,43,3,2,14.465433051011122,13.018889745910007,1.4465433051011125,6828,0.0020967572,0.00185,,UNIT_VALUE_CLD_HA,UNIT_VALUE_CLD_HA_2015_USD,15375.0,1.002679689080039,0.0026725275371811,14.3166581616,0.0382616631772855,15375.0,588.2730713507646,2773.43,1.0,42641486.25,1631534.1842763508,1631534.1842763508
NO2_CLD,NO2,Hospital Admissions,Chronic Lung Disease,65,99,84,3,3,14.293178804590218,12.863860924131195,1.4293178804590203,9171,0.0020967572,0.00185,,UNIT_VALUE_CLD_HA,UNIT_VALUE_CLD_HA_2015_USD,15375.0,1.0026477371598126,0.0026407451607209,19.2293602812,0.0507798401063393,15375.0,780.7400416349667,2773.43,1.0,42641486.25,2165327.853671666,2165327.853671666
NO2_CLD,NO2,Hospital Admissions,Chronic Lung Disease,65,99,125,3,4,14.597197944543492,13.137478150089144,1.4597197944543492,3772,0.0020967572,0.00185,,UNIT_VALUE_CLD_HA,UNIT_VALUE_CLD_HA_2015_USD,15375.0,1.0027041312047027,0.0026968385992923,7.9089681584,0.0213292106101474,15375.0,327.93661313101626,2773.43,1.0,42641486.25,909509.2409559544,909509.2409559544
NO2_CLD,NO2,Hospital Admissions,Chronic Lung Disease,65,99,166,3,5,13.977551193715644,12.57979607434408,1.3977551193715634,6,0.0020967572,0.00185,,UNIT_VALUE_CLD_HA,UNIT_VALUE_CLD_HA_2015_USD,15375.0,1.0025891931567357,0.0025825065484531,0.0125805431999999,3.248933519709782e-05,15375.0,0.499523528655379,2773.43,1.0,42641486.25,1385.3935400786877,1385.3935400786877
NO2_CLD,NO2,Hospital Admissions,Chronic Lung Disease,65,99,44,4,2,14.231405806193385,12.808265225574049,1.4231405806193376,939,0.0020967572,0.00185,,UNIT_VALUE_CLD_HA,UNIT_VALUE_CLD_HA_2015_USD,15375.0,1.0026362789622287,0.0026293472693382,1.9688550108,0.0051768035463699,15375.0,79.5933545254372,2773.43,1.0,42641486.25,220746.5972414833,220746.5972414833
NO2_CLD,NO2,Hospital Admissions,Chronic Lung Disease,65,99,85,4,3,14.249657614430946,12.824691852987852,1.4249657614430935,9159,0.0020967572,0.00185,,UNIT_VALUE_CLD_HA,UNIT_VALUE_CLD_HA_2015_USD,15375.0,1.0026396644540871,0.0026327149699633,19.2041991948,0.0505591827063073,15375.0,777.3474341094748,2773.43,1.0,42641486.25,2155918.6941822404,2155918.6941822404
NO2_CLD,NO2,Hospital Admissions,Chronic Lung Disease,65,99,126,4,4,14.532173770060547,13.078956393054492,1.4532173770060552,9325,0.0020967572,0.00185,,UNIT_VALUE_CLD_HA,UNIT_VALUE_CLD_HA_2015_USD,15375.0,1.0026920692757015,0.0026848414963989,19.55226089,0.0524947213858895,15375.0,807.1063413080511,2773.43,1.0,42641486.25,2238452.940173988,2238452.940173988
NO2_CLD,NO2,Hospital Admissions,Chronic Lung Disease,65,99,167,4,5,14.349619690570815,12.914657721513736,1.4349619690570812,6438,0.0020967572,0.00185,,UNIT_VALUE_CLD_HA,UNIT_VALUE_CLD_HA_2015_USD,15375.0,1.0026582064248937,0.002651159096749,13.4989228536,0.0357877921196355,15375.0,550.2373038393958,2773.43,1.0,42641486.25,1526044.6455872955,1526044.6455872955
NO2_CLD,NO2,Hospital Admissions,Chronic Lung Disease,65,99,208,4,6,14.440477852469986,12.996430067222986,1.4440477852469993,4959,0.0020967572,0.00185,,UNIT_VALUE_CLD_HA,UNIT_VALUE_CLD_HA_2015_USD,15375.0,1.002675060007642,0.0026679231531117,10.3978189548,0.0277405819313746,15375.0,426.51144719488445,2773.43,1.0,42641486.25,1182899.6429937084,1182899.6429937084
NO2_CLD,NO2,Hospital Admissions,Chronic Lung Disease,65,99,86,5,3,13.734657012329684,12.361191311096716,1.373465701232968,7033,0.0020967572,0.00185,,UNIT_VALUE_CLD_HA,UNIT_VALUE_CLD_HA_2015_USD,15375.0,1.002544142398883,0.0025376861639183,14.7464933876,0.0374219722360261,15375.0,575.3628231289013,2773.43,1.0,42641486.25,1595728.5145503886,1595728.5145503886
NO2_CLD,NO2,Hospital Admissions,Chronic Lung Disease,65,99,127,5,4,14.281589690345305,12.853430721310776,1.4281589690345289,9380,0.0020967572,0.00185,,UNIT_VALUE_CLD_HA,UNIT_VALUE_CLD_HA_2015_USD,15375.0,1.00264558749927,0.0026386068340145,19.667582536,0.051895017688034,15375.0,797.8858969535228,2773.43,1.0,42641486.25,2212880.6831878084,2212880.6831878084
NO2_CLD,NO2,Hospital Admissions,Chronic Lung Disease,65,99,168,5,5,14.424199541828282,12.981779587645455,1.4424199541828262,9380,0.0020967572,0.00185,,UNIT_VALUE_CLD_HA,UNIT_VALUE_CLD_HA_2015_USD,15375.0,1.0026720404688103,0.0026649196955377,19.667582536,0.0524125280638002,15375.0,805.8426189809281,2773.43,1.0,42641486.25,2234948.0947602754,2234948.0947602754
NO2_CLD,NO2,Hospital Admissions,Chronic Lung Disease,65,99,209,5,6,14.144741839769344,12.73026765579241,1.4144741839769337,2301,0.0020967572,0.00185,,UNIT_VALUE_CLD_HA,UNIT_VALUE_CLD_HA_2015_USD,15375.0,1.002620203990282,0.0026133564632488,4.8246383172,0.0126084997290928,15375.0,193.8556833348018,2773.43,1.0,42641486.25,537645.1678312393,537645.1678312393
NO2_CLD,NO2,Hospital Admissions,Chronic Lung Disease,65,99,87,6,3,13.960250388059256,12.564225349253327,1.3960250388059272,2360,0.0020967572,0.00185,,UNIT_VALUE_CLD_HA,UNIT_VALUE_CLD_HA_2015_USD,15375.0,1.002585984225726,0.002579314159995,4.948346992,0.0127633414650343,15375.0,196.2363750249024,2773.43,1.0,42641486.25,544247.849585315,544247.849585315
NO2_CLD,NO2,Hospital Admissions,Chronic Lung Disease,65,99,128,6,4,14.312834533694687,12.88155108032522,1.4312834533694687,9379,0.0020967572,0.00185,,UNIT_VALUE_CLD_HA,UNIT_VALUE_CLD_HA_2015_USD,15375.0,1.002651383104319,0.0026443718614437,19.6654857788,0.0520028572350805,15375.0,799.5439299893627,2773.43,1.0,42641486.25,2217479.121750398,2217479.121750398
NO2_CLD,NO2,Hospital Admissions,Chronic Lung Disease,65,99,169,6,5,14.332202526463105,12.898982273816792,1.4332202526463114,9293,0.0020967572,0.00185,,UNIT_VALUE_CLD_HA,UNIT_VALUE_CLD_HA_2015_USD,15375.0,1.002654975689531,0.0026479454587112,19.4851646596,0.0515956532726292,15375.0,793.283169066674,2773.43,1.0,42641486.25,2200115.3395845853,2200115.3395845853
NO2_CLD,NO2,Hospital Admissions,Chronic Lung Disease,65,99,210,6,6,14.32397375500596,12.891576379505365,1.4323973755005976,2925,0.0020967572,0.00185,,UNIT_VALUE_CLD_HA,UNIT_VALUE_CLD_HA_2015_USD,15375.0,1.0026534493262438,0.0026464271658634,6.13301481,0.0162305770018271,15375.0,249.54512140309168,2773.43,1.0,42641486.25,692095.9260529765,692095.9260529765
NO2_CLD,NO2,Hospital Admissions,Chronic Lung Disease,65,99,251,6,7,14.277684364504616,12.849915928054156,1.427768436450462,8,0.0020967572,0.00185,,UNIT_VALUE_CLD_HA,UNIT_VALUE_CLD_HA_2015_USD,15375.0,1.002644863102853,0.0026378862548281,0.0167740576,4.424805598073638e-05,15375.0,0.6803138607038218,2773.43,1.0,42641486.25,1886.8028706918005,1886.8028706918005
NO2_CLD,NO2,Hospital Admissions,Chronic Lung Disease,65,99,129,7,4,14.252301142954732,12.827071028659258,1.4252301142954753,7335,0.0020967572,0.00185,,UNIT_VALUE_CLD_HA,UNIT_VALUE_CLD_HA_2015_USD,15375.0,1.0026401547979191,0.0026332027350843,15.379714062,0.0404979051328741,15375.0,622.6552914179393,2773.43,1.0,42641486.25,1726890.8648772554,1726890.8648772554
NO2_CLD,NO2,Hospital Admissions,Chronic Lung Disease,65,99,170,7,5,14.045750810539078,12.641175729485168,1.4045750810539095,9380,0.0020967572,0.00185,,UNIT_VALUE_CLD_HA,UNIT_VALUE_CLD_HA_2015_USD,15375.0,1.0026018428333143,0.0025950908148758,19.667582536,0.0510391627899863,15375.0,784.7271278960393,2773.43,1.0,42641486.25,2176385.758320712,2176385.758320712
NO2_CLD,NO2,Hospital Admissions,Chronic Lung Disease,65,99,211,7,6,14.25271483064996,12.827443347584964,1.4252714830649946,9380,0.0020967572,0.00185,,UNIT_VALUE_CLD_HA,UNIT_VALUE_CLD_HA_2015_USD,15375.0,1.0026402315322027,0.0026332790657801,19.667582536,0.051790233366552,15375.0,796.2748380107371,2773.43,1.0,42641486.25,2208412.5239841184,2208412.5239841184
NO2_CLD,NO2,Hospital Admissions,Chronic Lung Disease,65,99,252,7,7,14.343817057023198,12.909435351320878,1.4343817057023198,3036,0.0020967572,0.00185,,UNIT_VALUE_CLD_HA,UNIT_VALUE_CLD_HA_2015_USD,15375.0,1.0026571300847142,0.0026500884549535,6.3657548592,0.0168698134594301,15375.0,259.3733819387378,2773.43,1.0,42641486.25,719353.9186703535,719353.9186703535
NO2_CLD,NO2,Hospital Admissions,Chronic Lung Disease,65,99,130,8,4,14.21879661454665,12.796916953091984,1.421879661454664,5190,0.0020967572,0.00185,,UNIT_VALUE_CLD_HA,UNIT_VALUE_CLD_HA_2015_USD,15375.0,1.002633940114853,0.0026270206996495,10.882169868,0.0285876855003391,15375.0,439.5356645677137,2773.43,1.0,42641486.25,1219021.398182034,1219021.398182034
NO2_CLD,NO2,Hospital Admissions,Chronic Lung Disease,65,99,171,8,5,14.451037530910474,13.005933777819427,1.4451037530910469,9380,0.0020967572,0.00185,,UNIT_VALUE_CLD_HA,UNIT_VALUE_CLD_HA_2015_USD,15375.0,1.0026770187759049,0.0026698714798241,19.667582536,0.0525099176899532,15375.0,807.3399844830304,2773.43,1.0,42641486.25,2239100.933164771,2239100.933164771
NO2_CLD,NO2,Hospital Admissions,Chronic Lung Disease,65,99,212,8,6,14.70019519294552,13.230175673650969,1.4700195192945529,9380,0.0020967572,0.00185,,UNIT_VALUE_CLD_HA,UNIT_VALUE_CLD_HA_2015_USD,15375.0,1.0027232374035295,0.0027158415223139,19.667582536,0.0534140372948058,15375.0,821.2408234076393,2773.43,1.0,42641486.25,2277653.936863449,2277653.936863449
NO2_CLD,NO2,Hospital Admissions,Chronic Lung Disease,65,99,253,8,7,14.095382427716356,12.685844184944722,1.4095382427716334,8188,0.0020967572,0.00185,,UNIT_VALUE_CLD_HA,UNIT_VALUE_CLD_HA_2015_USD,15375.0,1.0026110486144837,0.0026042487942775,17.168247953599998,0.044710389033021,15375.0,687.4222313826979,2773.43,1.0,42641486.25,1906517.4391837157,1906517.4391837157
NO2_CLD,NO2,Hospital Admissions,Chronic Lung Disease,65,99,294,8,8,14.174367438154402,12.756930694338962,1.4174367438154398,1103,0.0020967572,0.00185,,UNIT_VALUE_CLD_HA,UNIT_VALUE_CLD_HA_2015_USD,15375.0,1.0026256991016873,0.0026188228608541,2.3127231916,0.0060566123649896,15375.0,93.12041511171508,2773.43,1.0,42641486.25,258262.95288328393,258262.95288328393
NO2_CLD,NO2,Hospital Admissions,Chronic Lung Disease,65,99,131,9,4,14.36140361464415,12.925263253179734,1.4361403614644157,5202,0.0020967572,0.00185,,UNIT_VALUE_CLD_HA,UNIT_VALUE_CLD_HA_2015_USD,15375.0,1.0026603922481887,0.002653333340737,10.9073309544,0.0289407848797625,15375.0,444.9645675263485,2773.43,1.0,42641486.25,1234078.0805146007,1234078.0805146007
NO2_CLD,NO2,Hospital Admissions,Chronic Lung Disease,65,99,172,9,5,14.506329203743634,13.05569628336927,1.450632920374364,9380,0.0020967572,0.00185,,UNIT_VALUE_CLD_HA,UNIT_VALUE_CLD_HA_2015_USD,15375.0,1.0026872751709517,0.0026800730771151,19.667582536,0.0527105584466737,15375.0,810.4248361176082,2773.43,1.0,42641486.25,2247656.553233658,2247656.553233658
NO2_CLD,NO2,Hospital Admissions,Chronic Lung Disease,65,99,213,9,6,14.313176861298048,12.881859175168245,1.4313176861298036,9380,0.0020967572,0.00185,,UNIT_VALUE_CLD_HA,UNIT_VALUE_CLD_HA_2015_USD,15375.0,1.0026514466028411,0.0026444350245786,19.667582536,0.0520096441069902,15375.0,799.6482781449744,2773.43,1.0,42641486.25,2217768.524055616,2217768.524055616
NO2_CLD,NO2,Hospital Admissions,Chronic Lung Disease,65,99,254,9,7,13.786390966650416,12.407751869985374,1.3786390966650437,9380,0.0020967572,0.00185,,UNIT_VALUE_CLD_HA,UNIT_VALUE_CLD_HA_2015_USD,15375.0,1.00255373757578,0.0025472326121442,19.667582536,0.0500979076377387,15375.0,770.2553299302325,2773.43,1.0,42641486.25,2136249.239688405,2136249.239688405
NO2_CLD,NO2,Hospital Admissions,Chronic Lung Disease,65,99,295,9,8,14.54877495201531,13.093897456813778,1.454877495201531,6166,0.0020967572,0.00185,,UNIT_VALUE_CLD_HA,UNIT_VALUE_CLD_HA_2015_USD,15375.0,1.0026951487670257,0.0026879044646217,12.9286048952,0.0347508548191386,15375.0,534.294392844256,2773.43,1.0,42641486.25,1481828.0979460448,1481828.0979460448
NO2_CLD,NO2,Hospital Admissions,Chronic Lung Disease,65,99,91,10,3,14.221301673565824,12.79917150620924,1.422130167356583,537,0.0020967572,0.00185,,UNIT_VALUE_CLD_HA,UNIT_VALUE_CLD_HA_2015_USD,15375.0,1.0026344047715416,0.0026274829180052,1.1259586164,0.0029584370309718,15375.0,45.48596935119143,2773.43,1.0,42641486.25,126152.15197767483,126152.15197767483
NO2_CLD,NO2,Hospital Admissions,Chronic Lung Disease,65,99,132,10,4,14.457375794375452,13.011638214937909,1.4457375794375444,8779,0.0020967572,0.00185,,UNIT_VALUE_CLD_HA,UNIT_VALUE_CLD_HA_2015_USD,15375.0,1.0026781944943506,0.002671040927245,18.4074314588,0.0491670027919122,15375.0,755.94266792565,2773.43,1.0,42641486.25,2096554.0735050354,2096554.0735050354
NO2_CLD,NO2,Hospital Admissions,Chronic Lung Disease,65,99,173,10,5,14.474983700569984,13.027485330512985,1.4474983700569997,9380,0.0020967572,0.00185,,UNIT_VALUE_CLD_HA,UNIT_VALUE_CLD_HA_2015_USD,15375.0,1.0026814606864347,0.0026742896837835,19.667582536,0.0525968130809869,15375.0,808.6760011201735,2773.43,1.0,42641486.25,2242806.2817867226,2242806.2817867226
NO2_CLD,NO2,Hospital Admissions,Chronic Lung Disease,65,99,214,10,6,14.00333279068847,12.602999511619624,1.4003332790688443,9380,0.0020967572,0.00185,,UNIT_VALUE_CLD_HA,UNIT_VALUE_CLD_HA_2015_USD,15375.0,1.0025939751129835,0.0025872638150364,19.667582536,0.0508852246246363,15375.0,782.3603286037832,2773.43,1.0,42641486.25,2169821.60615959,2169821.60615959
NO2_CLD,NO2,Hospital Admissions,Chronic Lung Disease,65,99,255,10,7,13.851712063738953,12.466540857365056,1.3851712063738937,9380,0.0020967572,0.00185,,UNIT_VALUE_CLD_HA,UNIT_VALUE_CLD_HA_2015_USD,15375.0,1.002565852912339,0.0025592861604901,19.667582536,0.0503349717946829,15375.0,773.9001913432496,2773.43,1.0,42641486.25,2146358.0076771085,2146358.0076771085
NO2_CLD,NO2,Hospital Admissions,Chronic Lung Disease,65,99,296,10,8,14.353180205824035,12.917862185241637,1.435318020582402,9345,0.0020967572,0.00185,,UNIT_VALUE_CLD_HA,UNIT_VALUE_CLD_HA_2015_USD,15375.0,1.002658866871381,0.0026518160455484,19.594196034,0.0519602034425825,15375.0,798.888127929706,2773.43,1.0,42641486.25,2215660.3006440843,2215660.3006440843
NO2_CLD,NO2,Hospital Admissions,Chronic Lung Disease,65,99,337,10,9,14.451706260400025,13.006535634360024,1.4451706260400012,1314,0.0020967572,0.00185,,UNIT_VALUE_CLD_HA,UNIT_VALUE_CLD_HA_2015_USD,15375.0,1.0026771428220551,0.002669994864469,2.7551389608,0.0073562068762346,15375.0,113.10168072210698,2773.43,1.0,42641486.25,313679.5943651131,313679.5943651131
NO2_CLD,NO2,Hospital Admissions,Chronic Lung Disease,65,99,133,11,4,14.13019366907388,12.717174302166493,1.41301936690739,7568,0.0020967572,0.00185,,UNIT_VALUE_CLD_HA,UNIT_VALUE_CLD_HA_2015_USD,15375.0,1.0026175055302873,0.0026106720816757,15.8682584896,0.041426819423613,15375.0,636.9373486380499,2773.43,1.0,42641486.25,1766501.1508332267,1766501.1508332267
NO2_CLD,NO2,Hospital Admissions,Chronic Lung Disease,65,99,174,11,5,14.517799158446284,13.066019242601657,1.451779915844627,9380,0.0020967572,0.00185,,UNIT_VALUE_CLD_HA,UNIT_VALUE_CLD_HA_2015_USD,15375.0,1.00268940281707,0.0026821893295312,19.667582536,0.0527521800157341,15375.0,811.0647677419117,2773.43,1.0,42641486.25,2249431.3587984503,2249431.3587984503
NO2_CLD,NO2,Hospital Admissions,Chronic Lung Disease,65,99,215,11,6,14.744613554219285,13.270152198797357,1.47446135542193,9380,0.0020967572,0.00185,,UNIT_VALUE_CLD_HA,UNIT_VALUE_CLD_HA_2015_USD,15375.0,1.0027314772121425,0.002724036568331,19.667582536,0.0535752140387339,15375.0,823.7189158455337,2773.43,1.0,42641486.25,2284526.7527734786,2284526.7527734786
NO2_CLD,NO2,Hospital Admissions,Chronic Lung Disease,65,99,256,11,7,14.039881224745864,12.635893102271275,1.403988122474587,9380,0.0020967572,0.00185,,UNIT_VALUE_CLD_HA,UNIT_VALUE_CLD_HA_2015_USD,15375.0,1.002600754135262,0.002594007758856,19.667582536,0.0510178616963267,15375.0,784.3996235810231,2773.43,1.0,42641486.25,2175477.4480283167,2175477.4480283167
NO2_CLD,NO2,Hospital Admissions,Chronic Lung Disease,65,99,297,11,8,14.38365324314934,12.945287918834406,1.438365324314935,9380,0.0020967572,0.00185,,UNIT_VALUE_CLD_HA,UNIT_VALUE_CLD_HA_2015_USD,15375.0,1.0026645193886128,0.0026574385919605,19.667582536,0.0522653928417357,15375.0,803.5804149416864,2773.43,1.0,42641486.25,2228674.030211721,2228674.030211721
NO2_CLD,NO2,Hospital Admissions,Chronic Lung Disease,65,99,338,11,9,14.24227126952044,12.818044142568397,1.4242271269520437,7894,0.0020967572,0.00185,,UNIT_VALUE_CLD_HA,UNIT_VALUE_CLD_HA_2015_USD,15375.0,1.0026382943741825,0.0026313520927596,16.5518013368,0.0435536170865308,15375.0,669.6368627054111,2773.43,1.0,42641486.25,1857190.9641330682,1857190.9641330682
NO2_CLD,NO2,Hospital Admissions,Chronic Lung Disease,65,99,379,11,10,14.042352764251609,12.638117487826449,1.4042352764251618,5837,0.0020967572,0.00185,,UNIT_VALUE_CLD_HA,UNIT_VALUE_CLD_HA_2015_USD,15375.0,1.0026012125593304,0.0025944638074897,12.2387717764,0.0317530504219966,15375.0,488.20315023819774,2773.43,1.0,42641486.25,1353997.2629651246,1353997.2629651246
NO2_CLD,NO2,Hospital Admissions,Chronic Lung Disease,65,99,420,11,11,14.138928569771394,12.725035712794256,1.4138928569771387,4864,0.0020967572,0.00185,,UNIT_VALUE_CLD_HA,UNIT_VALUE_CLD_HA_2015_USD,15375.0,1.0026191257180008,0.0026122838182697,10.1986270208,0.0266417083350041,15375.0,409.616265650688,2773.43,1.0,42641486.25,1136042.0396435875,1136042.0396435875
NO2_CLD,NO2,Hospital Admissions,Chronic Lung Disease,65,99,461,11,12,14.42214030495052,12.979926274455469,1.4422140304950517,2433,0.0020967572,0.00185,,UNIT_VALUE_CLD_HA,UNIT_VALUE_CLD_HA_2015_USD,15375.0,1.0026716584921234,0.0026645397518676,5.1014102676,0.0135929104486059,15375.0,208.9909981473157,2773.43,1.0,42641486.25,579621.9039917098,579621.9039917098
NO2_CLD,NO2,Hospital Admissions,Chronic Lung Disease,65,99,134,12,4,14.070428166810249,12.663385350129223,1.4070428166810238,6970,0.0020967572,0.00185,,UNIT_VALUE_CLD_HA,UNIT_VALUE_CLD_HA_2015_USD,15375.0,1.002606420032894,0.0025996442679956,14.614397684,0.0379922351694193,15375.0,584.1306157298217,2773.43,1.0,42641486.25,1620045.3735835592,1620045.3735835592
NO2_CLD,NO2,Hospital Admissions,Chronic Lung Disease,65,99,175,12,5,14.419176779218576,12.977259101296715,1.4419176779218592,9380,0.0020967572,0.00185,,UNIT_VALUE_CLD_HA,UNIT_VALUE_CLD_HA_2015_USD,15375.0,1.0026711087752709,0.0026639929602972,19.667582536,0.0523943014219699,15375.0,805.5623843627873,2773.43,1.0,42641486.25,2234170.883663285,2234170.883663285
NO2_CLD,NO2,Hospital Admissions,Chronic Lung Disease,65,99,216,12,6,14.603945969202671,13.143551372282404,1.460394596920267,9380,0.0020967572,0.00185,,UNIT_VALUE_CLD_HA,UNIT_VALUE_CLD_HA_2015_USD,15375.0,1.0027053829658417,0.0026980836163854,19.667582536,0.0530647822142904,15375.0,815.8710265447149,2773.43,1.0,42641486.25,2262761.181149909,2262761.181149909
NO2_CLD,NO2,Hospital Admissions,Chronic Lung Disease,65,99,257,12,7,13.946329554999368,12.55169659949943,1.3946329554999384,9380,0.0020967572,0.00185,,UNIT_VALUE_CLD_HA,UNIT_VALUE_CLD_HA_2015_USD,15375.0,1.0025834022151094,0.0025767454452185,19.667582536,0.0506783537180984,15375.0,779.1796884157629,2773.43,1.0,42641486.25,2161000.3232429293,2161000.3232429293
NO2_CLD,NO2,Hospital Admissions,Chronic Lung Disease,65,99,298,12,8,14.83771484404525,13.353943359640724,1.4837714844045244,9380,0.0020967572,0.00185,,UNIT_VALUE_CLD_HA,UNIT_VALUE_CLD_HA_2015_USD,15375.0,1.0027487481457444,0.0027412132409313,19.667582536,0.0539130376647933,15375.0,828.912954096197,2773.43,1.0,42641486.25,2298932.0542790154,2298932.0542790154
NO2_CLD,NO2,Hospital Admissions,Chronic Lung Disease,65,99,339,12,9,14.273825371531894,12.846442834378704,1.4273825371531892,9380,0.0020967572,0.00185,,UNIT_VALUE_CLD_HA,UNIT_VALUE_CLD_HA_2015_USD,15375.0,1.0026441473012049,0.0026371742240972,19.667582536,0.0518668417142446,15375.0,797.4526913565107,2773.43,1.0,42641486.25,2211679.2177888877,2211679.2177888877
NO2_CLD,NO2,Hospital Admissions,Chronic Lung Disease,65,99,380,12,10,14.428223250971032,12.98540092587393,1.4428223250971026,9380,0.0020967572,0.00185,,UNIT_VALUE_CLD_HA,UNIT_VALUE_CLD_HA_2015_USD,15375.0,1.0026727868443095,0.0026656620977233,19.667582536,0.0524271293200607,15375.0,806.0671132959333,2773.43,1.0,42641486.25,2235570.7140283403,2235570.7140283403
NO2_CLD,NO2,Hospital Admissions,Chronic Lung Disease,65,99,421,12,11,14.120036269732214,12.708032642758992,1.412003626973222,9380,0.0020967572,0.00185,,UNIT_VALUE_CLD_HA,UNIT_VALUE_CLD_HA_2015_USD,15375.0,1.0026156214945752,0.0026087978667997,19.667582536,0.0513087473650257,15375.0,788.8719907372702,2773.43,1.0,42641486.25,2187881.245270467,2187881.245270467
NO2_CLD,NO2,Hospital Admissions,Chronic Lung Disease,65,99,462,12,12,14.434973522912104,12.991476170620894,1.4434973522912102,7924,0.0020967572,0.00185,,UNIT_VALUE_CLD_HA,UNIT_VALUE_CLD_HA_2015_USD,15375.0,1.0026740389831774,0.0026669075683751,16.6147040528,0.044309879984726,15375.0,681.2644047651622,2773.43,1.0,42641486.25,1889439.1381078437,1889439.1381078437
NO2_CLD,NO2,Hospital Admissions,Chronic Lung Disease,65,99,503,12,13,14.165680835818533,12.74911275223668,1.4165680835818524,12,0.0020967572,0.00185,,UNIT_VALUE_CLD_HA,UNIT_VALUE_CLD_HA_2015_USD,15375.0,1.0026240878619952,0.0026172200466385,0.0251610863999999,6.585209972128477e-05,15375.0,1.012476033214753,2773.43,1.0,42641486.25,2808.0314047987927,2808.0314047987927
NO2_CLD,NO2,Hospital Admissions,Chronic Lung Disease,65,99,135,13,4,14.196828290629218,12.777145461566295,1.419682829062921,2916,0.0020967572,0.00185,,UNIT_VALUE_CLD_HA,UNIT_VALUE_CLD_HA_2015_USD,15375.0,1.0026298652785075,0.0026229672280676,6.1141439952,0.0160371993270962,15375.0,246.57193965410409,2773.43,1.0,42641486.25,683850.0145948818,683850.0145948818
NO2_CLD,NO2,Hospital Admissions,Chronic Lung Disease,65,99,176,13,5,14.43721399831799,12.993492598486192,1.443721399831798,9380,0.0020967572,0.00185,,UNIT_VALUE_CLD_HA,UNIT_VALUE_CLD_HA_2015_USD,15375.0,1.0026744545795707,0.0026673209508385,19.667582536,0.0524597549506191,15375.0,806.5687323657687,2773.43,1.0,42641486.25,2236961.919405194,2236961.919405194
NO2_CLD,NO2,Hospital Admissions,Chronic Lung Disease,65,99,217,13,6,14.28766927407662,12.85890234666896,1.428766927407661,9380,0.0020967572,0.00185,,UNIT_VALUE_CLD_HA,UNIT_VALUE_CLD_HA_2015_USD,15375.0,1.0026467151984475,0.0026397285886721,19.667582536,0.0519170798903476,15375.0,798.2251033140943,2773.43,1.0,42641486.25,2213821.4482844085,2213821.4482844085
NO2_CLD,NO2,Hospital Admissions,Chronic Lung Disease,65,99,258,13,7,14.297736831801217,12.867963148621094,1.429773683180121,9380,0.0020967572,0.00185,,UNIT_VALUE_CLD_HA,UNIT_VALUE_CLD_HA_2015_USD,15375.0,1.002648582627868,0.0026415861686316,19.667582536,0.0519536139975187,15375.0,798.78681521185,2773.43,1.0,42641486.25,2215379.3169130012,2215379.3169130012
NO2_CLD,NO2,Hospital Admissions,Chronic Lung Disease,65,99,299,13,8,14.200896034253718,12.780806430828346,1.4200896034253727,9380,0.0020967572,0.00185,,UNIT_VALUE_CLD_HA,UNIT_VALUE_CLD_HA_2015_USD,15375.0,1.0026306197904211,0.0026237177864875,19.667582536,0.0516021861169143,15375.0,793.3836115475574,2773.43,1.0,42641486.25,2200393.909774342,2200393.909774342
NO2_CLD,NO2,Hospital Admissions,Chronic Lung Disease,65,99,340,13,9,14.441067006662523,12.996960305996272,1.4441067006662518,9380,0.0020967572,0.00185,,UNIT_VALUE_CLD_HA,UNIT_VALUE_CLD_HA_2015_USD,15375.0,1.0026751692927378,0.002668031855845,19.667582536,0.0524737367335103,15375.0,806.7837022777209,2773.43,1.0,42641486.25,2237558.123408099,2237558.123408099
NO2_CLD,NO2,Hospital Admissions,Chronic Lung Disease,65,99,381,13,10,14.420360278122226,12.978324250310006,1.44203602781222,9380,0.0020967572,0.00185,,UNIT_VALUE_CLD_HA,UNIT_VALUE_CLD_HA_2015_USD,15375.0,1.002671328307424,0.0026642113242965,19.667582536,0.0523985961139474,15375.0,805.6284152519413,2773.43,1.0,42641486.25,2234354.0157121914,2234354.0157121914
NO2_CLD,NO2,Hospital Admissions,Chronic Lung Disease,65,99,422,13,11,14.61368448519844,13.152316036678595,1.4613684485198437,9380,0.0020967572,0.00185,,UNIT_VALUE_CLD_HA,UNIT_VALUE_CLD_HA_2015_USD,15375.0,1.002707189467015,0.00269988037929,19.667582536,0.0531001201970136,15375.0,816.4143480290841,2773.43,1.0,42641486.25,2264268.0452543027,2264268.0452543027
NO2_CLD,NO2,Hospital Admissions,Chronic Lung Disease,65,99,463,13,12,14.202574057906018,12.782316652115416,1.4202574057906023,8501,0.0020967572,0.00185,,UNIT_VALUE_CLD_HA,UNIT_VALUE_CLD_HA_2015_USD,15375.0,1.0026309310414798,0.0026240274063229,17.8245329572,0.0467720629845994,15375.0,719.1204683882157,2773.43,1.0,42641486.25,1994430.280641929,1994430.280641929
NO2_CLD,NO2,Hospital Admissions,Chronic Lung Disease,65,99,504,13,13,14.33103092874169,12.897927835867522,1.433103092874168,62,0.0020967572,0.00185,,UNIT_VALUE_CLD_HA,UNIT_VALUE_CLD_HA_2015_USD,15375.0,1.002654758368522,0.0026477292870398,0.1299989464,0.0003442020176676,15375.0,5.29210602163935,2773.43,1.0,42641486.25,14677.285603595223,14677.285603595223
NO2_CLD,NO2,Hospital Admissions,Chronic Lung Disease,65,99,136,14,4,14.32413122379342,12.891718101414078,1.4324131223793408,629,0.0020967572,0.00185,,UNIT_VALUE_CLD_HA,UNIT_VALUE_CLD_HA_2015_USD,15375.0,1.0026534785352694,0.0026464562204937,1.3188602788,0.0034903059887923,15375.0,53.66345457768161,2773.43,1.0,42641486.25,148831.8348293795,148831.8348293795
NO2_CLD,NO2,Hospital Admissions,Chronic Lung Disease,65,99,177,14,5,14.358521540396213,12.922669386356592,1.4358521540396207,8935,0.0020967572,0.00185,,UNIT_VALUE_CLD_HA,UNIT_VALUE_CLD_HA_2015_USD,15375.0,1.0026598576461174,0.0026528015715736,18.734525582,0.0496989789066165,15375.0,764.1218006892287,2773.43,1.0,42641486.25,2119238.3256855276,2119238.3256855276
NO2_CLD,NO2,Hospital Admissions,Chronic Lung Disease,65,99,218,14,6,14.32137367490897,12.889236307418072,1.432137367490899,8126,0.0020967572,0.00185,,UNIT_VALUE_CLD_HA,UNIT_VALUE_CLD_HA_2015_USD,15375.0,1.0026529670351934,0.0026459474239008,17.0382490072,0.0450823110683828,15375.0,693.1405326763855,2773.43,1.0,42641486.25,1922376.747540668,1922376.747540668
NO2_CLD,NO2,Hospital Admissions,Chronic Lung Disease,65,99,259,14,7,14.140810381882863,12.72672934369458,1.4140810381882858,4854,0.0020967572,0.00185,,UNIT_VALUE_CLD_HA,UNIT_VALUE_CLD_HA_2015_USD,15375.0,1.0026194747651125,0.0026126310440217,10.1776594488,0.0265904690314163,15375.0,408.8284613580256,2773.43,1.0,42641486.25,1133857.1195841888,1133857.1195841888
NO2_CLD,NO2,Hospital Admissions,Chronic Lung Disease,65,99,300,14,8,14.22139682603271,12.79925714342944,1.4221396826032695,6904,0.0020967572,0.00185,,UNIT_VALUE_CLD_HA,UNIT_VALUE_CLD_HA_2015_USD,15375.0,1.002634422421122,0.0026275004749594,14.4760117088,0.0380357276403899,15375.0,584.7993124709947,2773.43,1.0,42641486.25,1621899.9571864307,1621899.9571864307
NO2_CLD,NO2,Hospital Admissions,Chronic Lung Disease,65,99,341,14,9,14.53295291012053,13.079657619108476,1.4532952910120525,9380,0.0020967572,0.00185,,UNIT_VALUE_CLD_HA,UNIT_VALUE_CLD_HA_2015_USD,15375.0,1.0026922138046603,0.0026849852503041,19.667582536,0.0528071690182992,15375.0,811.9102236563502,2773.43,1.0,42641486.25,2251776.171595231,2251776.171595231
NO2_CLD,NO2,Hospital Admissions,Chronic Lung Disease,65,99,382,14,10,14.108278417463652,12.697450575717289,1.4108278417463644,9380,0.0020967572,0.00185,,UNIT_VALUE_CLD_HA,UNIT_VALUE_CLD_HA_2015_USD,15375.0,1.0026134406047706,0.0026066283364346,19.667582536,0.051266077947505,15375.0,788.2159484428894,2773.43,1.0,42641486.25,2186061.7578899628,2186061.7578899628
NO2_CLD,NO2,Hospital Admissions,Chronic Lung Disease,65,99,423,14,11,14.272892498516622,12.84560324866496,1.4272892498516612,9380,0.0020967572,0.00185,,UNIT_VALUE_CLD_HA,UNIT_VALUE_CLD_HA_2015_USD,15375.0,1.0026439742633808,0.0026370020977021,19.667582536,0.0518634564041616,15375.0,797.4006422139846,2773.43,1.0,42641486.25,2211534.863135531,2211534.863135531
NO2_CLD,NO2,Hospital Admissions,Chronic Lung Disease,65,99,464,14,12,14.327973301496336,12.895175971346704,1.4327973301496346,8783,0.0020967572,0.00185,,UNIT_VALUE_CLD_HA,UNIT_VALUE_CLD_HA_2015_USD,15375.0,1.0026541912059488,0.0026471651235572,18.4158184876,0.0487497124221351,15375.0,749.5268284903271,2773.43,1.0,42641486.25,2078760.1919399279,2078760.1919399279
NO2_CLD,NO2,Hospital Admissions,Chronic Lung Disease,65,99,505,14,13,14.504621774970811,13.054159597473731,1.45046217749708,3191,0.0020967572,0.00185,,UNIT_VALUE_CLD_HA,UNIT_VALUE_CLD_HA_2015_USD,15375.0,1.0026869584478375,0.0026797580493087,6.6907522252,0.0179295971314101,15375.0,275.66755589543027,2773.43,1.0,42641486.25,764544.6695470632,764544.6695470632
NO2_CLD,NO2,Hospital Admissions,Chronic Lung Disease,65,99,546,14,14,14.179333551568366,12.761400196411527,1.417933355156837,3,0.0020967572,0.00185,,UNIT_VALUE_CLD_HA,UNIT_VALUE_CLD_HA_2015_USD,15375.0,1.0026266202454033,0.0026197391854211,0.0062902715999999,1.6478870997461683e-05,15375.0,0.2533626415859734,2773.43,1.0,42641486.25,702.6835510537861,702.6835510537861
NO2_CLD,NO2,Hospital Admissions,Chronic Lung Disease,65,99,178,15,5,13.992112609031755,12.592901348128583,1.399211260903174,3436,0.0020967572,0.00185,,UNIT_VALUE_CLD_HA,UNIT_VALUE_CLD_HA_2015_USD,15375.0,1.0025918939971357,0.0025851934497517,7.2044577392,0.0186249169563929,15375.0,286.35809820454085,2773.43,1.0,42641486.25,794194.1403034197,794194.1403034197
NO2_CLD,NO2,Hospital Admissions,Chronic Lung Disease,65,99,219,15,6,14.496806018633896,13.047125416770507,1.4496806018633883,537,0.0020967572,0.00185,,UNIT_VALUE_CLD_HA,UNIT_VALUE_CLD_HA_2015_USD,15375.0,1.00268550864885,0.002678316008046,1.1259586164,0.0030156729867014,15375.0,46.36597217053402,2773.43,1.0,42641486.25,128592.77819692416,128592.77819692416
NO2_CLD,NO2,Hospital Admissions,Chronic Lung Disease,65,99,301,15,8,14.148079284739936,12.733271356265943,1.4148079284739945,3775,0.0020967572,0.00185,,UNIT_VALUE_CLD_HA,UNIT_VALUE_CLD_HA_2015_USD,15375.0,1.0026208230355782,0.0026139722768206,7.91525843,0.0206902660998913,15375.0,318.1128412858287,2773.43,1.0,42641486.25,882263.6974073559,882263.6974073559
NO2_CLD,NO2,Hospital Admissions,Chronic Lung Disease,65,99,342,15,9,14.225167481564846,12.80265073340836,1.4225167481564842,9380,0.0020967572,0.00185,,UNIT_VALUE_CLD_HA,UNIT_VALUE_CLD_HA_2015_USD,15375.0,1.0026351218303369,0.0026281962131212,19.667582536,0.0516902659423652,15375.0,794.7378388638649,2773.43,1.0,42641486.25,2204149.7644402087,2204149.7644402087
NO2_CLD,NO2,Hospital Admissions,Chronic Lung Disease,65,99,383,15,10,14.23561881441528,12.812056932973752,1.423561881441529,9380,0.0020967572,0.00185,,UNIT_VALUE_CLD_HA,UNIT_VALUE_CLD_HA_2015_USD,15375.0,1.0026370604237875,0.002630124626226,19.667582536,0.0517281931662665,15375.0,795.3209699313475,2773.43,1.0,42641486.25,2205767.037636697,2205767.037636697
NO2_CLD,NO2,Hospital Admissions,Chronic Lung Disease,65,99,424,15,11,14.179378364808978,12.76144052832808,1.4179378364808972,9380,0.0020967572,0.00185,,UNIT_VALUE_CLD_HA,UNIT_VALUE_CLD_HA_2015_USD,15375.0,1.0026266285576286,0.0026197474541518,19.667582536,0.051524099278007,15375.0,792.1830263993577,2773.43,1.0,42641486.25,2197064.1709067705,2197064.1709067705
NO2_CLD,NO2,Hospital Admissions,Chronic Lung Disease,65,99,465,15,12,13.842929710317216,12.458636739285494,1.3842929710317229,9379,0.0020967572,0.00185,,UNIT_VALUE_CLD_HA,UNIT_VALUE_CLD_HA_2015_USD,15375.0,1.0025642240094468,0.0025576655819534,19.6654857788,0.0502977361288322,15375.0,773.3276929807951,2773.43,1.0,42641486.25,2144770.2235437264,2144770.2235437264
NO2_CLD,NO2,Hospital Admissions,Chronic Lung Disease,65,99,506,15,13,14.275958061904392,12.848362255713951,1.427595806190439,7589,0.0020967572,0.00185,,UNIT_VALUE_CLD_HA,UNIT_VALUE_CLD_HA_2015_USD,15375.0,1.002644542892244,0.0026375677312474,15.9122903908,0.041969743665013,15375.0,645.2848088495749,2773.43,1.0,42641486.25,1789652.2474076764,1789652.2474076764
NO2_CLD,NO2,Hospital Admissions,Chronic Lung Disease,65,99,547,15,14,14.13715180686497,12.723436626178474,1.4137151806864967,544,0.0020967572,0.00185,,UNIT_VALUE_CLD_HA,UNIT_VALUE_CLD_HA_2015_USD,15375.0,1.0026187961560078,0.0026119559757388,1.1406359168,0.002979290799028,15375.0,45.8065960350555,2773.43,1.0,42641486.25,127041.38764150397,127041.38764150397
NO2_CLD,NO2,Hospital Admissions,Chronic Lung Disease,65,99,302,16,8,14.114863759260006,12.703377383334006,1.4114863759259997,3437,0.0020967572,0.00185,,UNIT_VALUE_CLD_HA,UNIT_VALUE_CLD_HA_2015_USD,15375.0,1.0026146620776708,0.0026078434483021,7.2065544964,0.0187935659282688,15375.0,288.9510761471328,2773.43,1.0,42641486.25,801385.5831187426,801385.5831187426
NO2_CLD,NO2,Hospital Admissions,Chronic Lung Disease,65,99,343,16,9,14.35470836616389,12.919237529547502,1.435470836616389,9380,0.0020967572,0.00185,,UNIT_VALUE_CLD_HA,UNIT_VALUE_CLD_HA_2015_USD,15375.0,1.0026591503327713,0.0026520980054774,19.667582536,0.0521603564162896,15375.0,801.9654799004526,2773.43,1.0,42641486.25,2224195.120920312,2224195.120920312
NO2_CLD,NO2,Hospital Admissions,Chronic Lung Disease,65,99,384,16,10,14.18009909558287,12.762089186024584,1.418009909558286,9380,0.0020967572,0.00185,,UNIT_VALUE_CLD_HA,UNIT_VALUE_CLD_HA_2015_USD,15375.0,1.0026267622430527,0.0026198804400315,19.667582536,0.0515267147887732,15375.0,792.223239877388,2773.43,1.0,42641486.25,2197175.700173144,2197175.700173144
NO2_CLD,NO2,Hospital Admissions,Chronic Lung Disease,65,99,425,16,11,14.203667480338062,12.783300732304255,1.4203667480338051,9380,0.0020967572,0.00185,,UNIT_VALUE_CLD_HA,UNIT_VALUE_CLD_HA_2015_USD,15375.0,1.0026311338568434,0.0026242291586558,19.667582536,0.0516122435712427,15375.0,793.5382449078566,2773.43,1.0,42641486.25,2200822.7745747967,2200822.7745747967
NO2_CLD,NO2,Hospital Admissions,Chronic Lung Disease,65,99,466,16,12,14.229958708402345,12.806962837562113,1.4229958708402322,9379,0.0020967572,0.00185,,UNIT_VALUE_CLD_HA,UNIT_VALUE_CLD_HA_2015_USD,15375.0,1.0026360105434071,0.0026290802601218,19.6654857788,0.0517021404667505,15375.0,794.920409676289,2773.43,1.0,42641486.25,2204656.11180851,2204656.11180851
NO2_CLD,NO2,Hospital Admissions,Chronic Lung Disease,65,99,507,16,13,14.569492741494292,13.112543467344862,1.45694927414943,3876,0.0020967572,0.00185,,UNIT_VALUE_CLD_HA,UNIT_VALUE_CLD_HA_2015_USD,15375.0,1.002698991895386,0.0026917269461738,8.1270309072,0.0218757480852976,15375.0,336.3396268114506,2773.43,1.0,42641486.25,932814.4111876814,932814.4111876814
NO2_CLD,NO2,Hospital Admissions,Chronic Lung Disease,65,99,303,17,8,14.40108746155277,12.960978715397491,1.4401087461552784,2651,0.0020967572,0.00185,,UNIT_VALUE_CLD_HA,UNIT_VALUE_CLD_HA_2015_USD,15375.0,1.0026677533181882,0.00266065534606,5.5585033372,0.0147892616202139,15375.0,227.38489741078877,2773.43,1.0,42641486.25,630636.0960260038,630636.0960260038
NO2_CLD,NO2,Hospital Admissions,Chronic Lung Disease,65,99,344,17,9,14.114186227090212,12.70276760438119,1.4114186227090215,9380,0.0020967572,0.00185,,UNIT_VALUE_CLD_HA,UNIT_VALUE_CLD_HA_2015_USD,15375.0,1.002614536406497,0.002607718431719,19.667582536,0.0512875174864825,15375.0,788.5455813546685,2773.43,1.0,42641486.25,2186975.971696478,2186975.971696478
NO2_CLD,NO2,Hospital Admissions,Chronic Lung Disease,65,99,385,17,10,14.138434359262552,12.724590923336295,1.413843435926255,9380,0.0020967572,0.00185,,UNIT_VALUE_CLD_HA,UNIT_VALUE_CLD_HA_2015_USD,15375.0,1.002619034049597,0.0026121926281597,19.667582536,0.0513755141142617,15375.0,789.8985295067737,2773.43,1.0,42641486.25,2190728.278689971,2190728.278689971
NO2_CLD,NO2,Hospital Admissions,Chronic Lung Disease,65,99,426,17,11,14.179311139534668,12.7613800255812,1.4179311139534665,9380,0.0020967572,0.00185,,UNIT_VALUE_CLD_HA,UNIT_VALUE_CLD_HA_2015_USD,15375.0,1.0026266160882864,0.0026197350500568,19.667582536,0.0515238553194453,15375.0,792.1792755364714,2773.43,1.0,42641486.25,2197053.7681511156,2197053.7681511156
NO2_CLD,NO2,Hospital Admissions,Chronic Lung Disease,65,99,467,17,12,14.228188764847506,12.805369888362751,1.4228188764847527,9379,0.0020967572,0.00185,,UNIT_VALUE_CLD_HA,UNIT_VALUE_CLD_HA_2015_USD,15375.0,1.002635682240769,0.0026287536813756,19.6654857788,0.0516957181370601,15375.0,794.821666357299,2773.43,1.0,42641486.25,2204382.2541253236,2204382.2541253236
NO2_CLD,NO2,Hospital Admissions,Chronic Lung Disease,65,99,508,17,13,14.27807081215918,12.85026373094326,1.427807081215919,3406,0.0020967572,0.00185,,UNIT_VALUE_CLD_HA,UNIT_VALUE_CLD_HA_2015_USD,15375.0,1.0026449347847606,0.0026379575590518,7.1415550232,0.018839119056835,15375.0,289.6514554988381,2773.43,1.0,42641486.25,803328.0362241425,803328.0362241425
NO2_CLD,NO2,Hospital Admissions,Chronic Lung Disease,65,99,304,18,8,14.270502007909949,12.843451807118951,1.4270502007909958,870,0.0020967572,0.00185,,UNIT_VALUE_CLD_HA,UNIT_VALUE_CLD_HA_2015_USD,15375.0,1.0026435308534436,0.0026365610230321,1.824178764,0.0048095586282052,15375.0,73.94696390865495,2773.43,1.0,42641486.25,205086.7281131809,205086.7281131809
NO2_CLD,NO2,Hospital Admissions,Chronic Lung Disease,65,99,345,18,9,14.220569657611351,12.79851269185022,1.4220569657611346,9159,0.0020967572,0.00185,,UNIT_VALUE_CLD_HA,UNIT_VALUE_CLD_HA_2015_USD,15375.0,1.0026342689918404,0.002627347850866,19.2041991948,0.0504561114820612,15375.0,775.762714036691,2773.43,1.0,42641486.25,2151523.5839907797,2151523.5839907797
NO2_CLD,NO2,Hospital Admissions,Chronic Lung Disease,65,99,386,18,10,14.121708219430726,12.709537397487653,1.4121708219430733,9380,0.0020967572,0.00185,,UNIT_VALUE_CLD_HA,UNIT_VALUE_CLD_HA_2015_USD,15375.0,1.002615931614357,0.0026091063705172,19.667582536,0.0513148148873515,15375.0,788.9652788930293,2773.43,1.0,42641486.25,2188139.973440294,2188139.973440294
NO2_CLD,NO2,Hospital Admissions,Chronic Lung Disease,65,99,427,18,11,14.436175398727253,12.992557858854529,1.443617539872724,9380,0.0020967572,0.00185,,UNIT_VALUE_CLD_HA,UNIT_VALUE_CLD_HA_2015_USD,15375.0,1.0026742619247928,0.0026671293223973,19.667582536,0.052455986082435,15375.0,806.5107860174381,2773.43,1.0,42641486.25,2236801.209264343,2236801.209264343
NO2_CLD,NO2,Hospital Admissions,Chronic Lung Disease,65,99,468,18,12,13.76836113388415,12.391525020495733,1.3768361133884175,6428,0.0020967572,0.00185,,UNIT_VALUE_CLD_HA,UNIT_VALUE_CLD_HA_2015_USD,15375.0,1.002550393544255,0.0025439055838767,13.4779552816,0.0342866457001032,15375.0,527.1571776390867,2773.43,1.0,42641486.25,1462033.5311795722,1462033.5311795722
NO2_CLD,NO2,Hospital Admissions,Chronic Lung Disease,65,99,509,18,13,14.505022905858132,13.05452061527232,1.4505022905858134,45,0.0020967572,0.00185,,UNIT_VALUE_CLD_HA,UNIT_VALUE_CLD_HA_2015_USD,15375.0,1.0026870328564514,0.0026798320596573,0.094354074,0.0002528530724644,15375.0,3.8876159891401514,2773.43,1.0,42641486.25,10782.03081276097,10782.03081276097
NO2_CLD,NO2,Hospital Admissions,Chronic Lung Disease,65,99,346,19,9,14.390398925612924,12.95135903305163,1.4390398925612915,3601,0.0020967572,0.00185,,UNIT_VALUE_CLD_HA,UNIT_VALUE_CLD_HA_2015_USD,15375.0,1.0026657706658395,0.0026586832260858,7.550422677199999,0.0200741821217299,15375.0,308.6405501215972,2773.43,1.0,42641486.25,855992.9609237412,855992.9609237412
NO2_CLD,NO2,Hospital Admissions,Chronic Lung Disease,65,99,387,19,10,14.047344890226224,12.642610401203603,1.404734489022621,9371,0.0020967572,0.00185,,UNIT_VALUE_CLD_HA,UNIT_VALUE_CLD_HA_2015_USD,15375.0,1.0026021385053958,0.00259538495427,19.6487117212,0.0509959707719916,15375.0,784.0630506193708,2773.43,1.0,42641486.25,2174543.9864792814,2174543.9864792814
NO2_CLD,NO2,Hospital Admissions,Chronic Lung Disease,65,99,428,19,11,14.521839300588256,13.06965537052943,1.4521839300588244,9380,0.0020967572,0.00185,,UNIT_VALUE_CLD_HA,UNIT_VALUE_CLD_HA_2015_USD,15375.0,1.0026901522537768,0.0026829347508101,19.667582536,0.0527668406502614,15375.0,811.2901749977691,2773.43,1.0,42641486.25,2250056.5100440625,2250056.5100440625
NO2_CLD,NO2,Hospital Admissions,Chronic Lung Disease,65,99,469,19,12,14.232726642959872,12.809453978663884,1.423272664295986,3998,0.0020967572,0.00185,,UNIT_VALUE_CLD_HA,UNIT_VALUE_CLD_HA_2015_USD,15375.0,1.002636523961248,0.0026295909816166,8.3828352856,0.0220434280673914,15375.0,338.9177065361428,2773.43,1.0,42641486.25,939964.5348385345,939964.5348385345
NO2_CLD,NO2,Hospital Admissions,Chronic Lung Disease,65,99,347,20,9,14.471987616908716,13.024788855217846,1.4471987616908706,227,0.0020967572,0.00185,,UNIT_VALUE_CLD_HA,UNIT_VALUE_CLD_HA_2015_USD,15375.0,1.0026809049248435,0.0026737368904462,0.4759638844,0.0012726021962403,15375.0,19.56625876719461,2773.43,1.0,42641486.25,54265.649052700544,54265.649052700544
NO2_CLD,NO2,Hospital Admissions,Chronic Lung Disease,65,99,388,20,10,14.227033999383828,12.804330599445445,1.4227033999383831,9205,0.0020967572,0.00185,,UNIT_VALUE_CLD_HA,UNIT_VALUE_CLD_HA_2015_USD,15375.0,1.002635468046116,0.002628540611327,19.300650026,0.0507325424183505,15375.0,780.0128396821389,2773.43,1.0,42641486.25,2163311.0099596344,2163311.0099596344
NO2_CLD,NO2,Hospital Admissions,Chronic Lung Disease,65,99,429,20,11,13.875222452550307,12.487700207295278,1.387522245255029,9380,0.0020967572,0.00185,,UNIT_VALUE_CLD_HA,UNIT_VALUE_CLD_HA_2015_USD,15375.0,1.0025702135037289,0.0025636244415704,19.667582536,0.0504202952958934,15375.0,775.2120401743609,2773.43,1.0,42641486.25,2149996.3285807776,2149996.3285807776
NO2_CLD,NO2,Hospital Admissions,Chronic Lung Disease,65,99,470,20,12,14.566705360942432,13.110034824848189,1.4566705360942436,1575,0.0020967572,0.00185,,UNIT_VALUE_CLD_HA,UNIT_VALUE_CLD_HA_2015_USD,15375.0,1.0026984748383403,0.0026912126686695,3.30239259,0.0088874407751284,15375.0,136.64440191759917,2773.43,1.0,42641486.25,378973.683610327,378973.683610327
NO2_CLD,NO2,Hospital Admissions,Chronic Lung Disease,65,99,348,21,9,14.33581075294516,12.902229677650643,1.4335810752945155,3432,0.0020967572,0.00185,,UNIT_VALUE_CLD_HA,UNIT_VALUE_CLD_HA_2015_USD,15375.0,1.0026556449839084,0.0026486112128266,7.1960707104,0.019059593571859,15375.0,293.0412511673321,2773.43,1.0,42641486.25,812729.3972250138,812729.3972250138
NO2_CLD,NO2,Hospital Admissions,Chronic Lung Disease,65,99,389,21,10,14.092076385626044,12.68286874706344,1.409207638562604,9380,0.0020967572,0.00185,,UNIT_VALUE_CLD_HA,UNIT_VALUE_CLD_HA_2015_USD,15375.0,1.0026104353999206,0.0026036387691091,19.667582536,0.0512072803853843,15375.0,787.3119359252836,2773.43,1.0,42641486.25,2183554.542453259,2183554.542453259
NO2_CLD,NO2,Hospital Admissions,Chronic Lung Disease,65,99,430,21,11,14.325375506975147,12.892837956277631,1.4325375506975142,9380,0.0020967572,0.00185,,UNIT_VALUE_CLD_HA,UNIT_VALUE_CLD_HA_2015_USD,15375.0,1.002653709338495,0.0026466858036618,19.667582536,0.0520539114903798,15375.0,800.3288891645894,2773.43,1.0,42641486.25,2219656.1510757473,2219656.1510757473
NO2_CLD,NO2,Hospital Admissions,Chronic Lung Disease,65,99,471,21,12,14.095358597743193,12.685822737968872,1.4095358597743193,5971,0.0020967572,0.00185,,UNIT_VALUE_CLD_HA,UNIT_VALUE_CLD_HA_2015_USD,15375.0,1.0026110441944276,0.0026042443972134,12.5197372412,0.0326044555649791,15375.0,501.2935043115537,2773.43,1.0,42641486.25,1390302.4436627922,1390302.4436627922
NO2_CLD,NO2,Hospital Admissions,Chronic Lung Disease,65,99,349,22,9,14.334249414404796,12.900824472964318,1.433424941440478,3186,0.0020967572,0.00185,,UNIT_VALUE_CLD_HA,UNIT_VALUE_CLD_HA_2015_USD,15375.0,1.0026553553692434,0.0026483231302001,6.6802684392,0.0176915094234793,15375.0,272.00695738599427,2773.43,1.0,42641486.25,754392.255823038,754392.255823038
NO2_CLD,NO2,Hospital Admissions,Chronic Lung Disease,65,99,390,22,10,14.167711164576476,12.750940048118828,1.4167711164576478,9380,0.0020967572,0.00185,,UNIT_VALUE_CLD_HA,UNIT_VALUE_CLD_HA_2015_USD,15375.0,1.0026244644585218,0.0026175946743323,19.667582536,0.0514817593032248,15375.0,791.5320492870813,2773.43,1.0,42641486.25,2195258.73145427,2195258.73145427
NO2_CLD,NO2,Hospital Admissions,Chronic Lung Disease,65,99,431,22,11,13.82914694520684,12.446232250686156,1.382914694520684,9380,0.0020967572,0.00185,,UNIT_VALUE_CLD_HA,UNIT_VALUE_CLD_HA_2015_USD,15375.0,1.0025616676628726,0.0025551222887307,19.667582536,0.0502530785031858,15375.0,772.6410819864816,2773.43,1.0,42641486.25,2142865.9560137675,2142865.9560137675
NO2_CLD,NO2,Hospital Admissions,Chronic Lung Disease,65,99,472,22,12,14.016620529432489,12.614958476489242,1.4016620529432462,9252,0.0020967572,0.00185,,UNIT_VALUE_CLD_HA,UNIT_VALUE_CLD_HA_2015_USD,15375.0,1.002596439724272,0.0025897156835966,19.3991976144,0.0502384063112028,15375.0,772.415497034743,2773.43,1.0,42641486.25,2142240.311941067,2142240.311941067
NO2_CLD,NO2,Hospital Admissions,Chronic Lung Disease,65,99,513,22,13,14.279714806470349,12.851743325823316,1.4279714806470327,3157,0.0020967572,0.00185,,UNIT_VALUE_CLD_HA,UNIT_VALUE_CLD_HA_2015_USD,15375.0,1.0026452397281822,0.0026382608956476,6.6194624804,0.0174638690122462,15375.0,268.5069860632853,2773.43,1.0,42641486.25,744685.3303574973,744685.3303574973
NO2_CLD,NO2,Hospital Admissions,Chronic Lung Disease,65,99,350,23,9,14.605591911106965,13.145032719996268,1.4605591911106952,4386,0.0020967572,0.00185,,UNIT_VALUE_CLD_HA,UNIT_VALUE_CLD_HA_2015_USD,15375.0,1.0027056882889276,0.0026983872940271,9.1963770792,0.0248153870615958,15375.0,381.5365760720354,2773.43,1.0,42641486.25,1058164.9861754652,1058164.9861754652
NO2_CLD,NO2,Hospital Admissions,Chronic Lung Disease,65,99,391,23,10,14.071982031223513,12.66478382810116,1.407198203122352,9380,0.0020967572,0.00185,,UNIT_VALUE_CLD_HA,UNIT_VALUE_CLD_HA_2015_USD,15375.0,1.0026067082471064,0.0025999309855643,19.667582536,0.0511343572464901,15375.0,786.1907426647853,2773.43,1.0,42641486.25,2180444.9914287953,2180444.9914287953
NO2_CLD,NO2,Hospital Admissions,Chronic Lung Disease,65,99,432,23,11,14.303107358406514,12.872796622565865,1.430310735840651,9380,0.0020967572,0.00185,,UNIT_VALUE_CLD_HA,UNIT_VALUE_CLD_HA_2015_USD,15375.0,1.0026495788072771,0.0026425770910202,19.667582536,0.051973103045383,15375.0,799.0864593227636,2773.43,1.0,42641486.25,2216210.358879532,2216210.358879532
NO2_CLD,NO2,Hospital Admissions,Chronic Lung Disease,65,99,473,23,12,14.55414449766113,13.098730047895016,1.4554144497661134,9380,0.0020967572,0.00185,,UNIT_VALUE_CLD_HA,UNIT_VALUE_CLD_HA_2015_USD,15375.0,1.0026961448107337,0.0026888951600013,19.667582536,0.0528840674899778,15375.0,813.0925376584087,2773.43,1.0,42641486.25,2255055.2367179603,2255055.2367179603
NO2_CLD,NO2,Hospital Admissions,Chronic Lung Disease,65,99,514,23,13,14.497032562376926,13.047329306139234,1.449703256237692,8374,0.0020967572,0.00185,,UNIT_VALUE_CLD_HA,UNIT_VALUE_CLD_HA_2015_USD,15375.0,1.0026855506719945,0.0026783578063878,17.5582447928,0.0470272620072639,15375.0,723.0441533616824,2773.43,1.0,42641486.25,2005312.3462578908,2005312.3462578908
NO2_CLD,NO2,Hospital Admissions,Chronic Lung Disease,65,99,555,23,14,13.985906202445896,12.587315582201306,1.3985906202445886,86,0.0020967572,0.00185,,UNIT_VALUE_CLD_HA,UNIT_VALUE_CLD_HA_2015_USD,15375.0,1.0025907428366037,0.0025840482321567,0.1803211192,0.0004659584692892,15375.0,7.16411146532145,2773.43,1.0,42641486.25,19869.16166126647,19869.16166126647
NO2_CLD,NO2,Hospital Admissions,Chronic Lung Disease,65,99,351,24,9,14.030592734346488,12.62753346091184,1.403059273434648,3394,0.0020967572,0.00185,,UNIT_VALUE_CLD_HA,UNIT_VALUE_CLD_HA_2015_USD,15375.0,1.0025990312969584,0.0025922938441266,7.1163939368,0.0184477841947466,15375.0,283.63468199422897,2773.43,1.0,42641486.25,786640.9360832544,786640.9360832544
NO2_CLD,NO2,Hospital Admissions,Chronic Lung Disease,65,99,392,24,10,14.228580854888651,12.805722769399786,1.4228580854888655,9380,0.0020967572,0.00185,,UNIT_VALUE_CLD_HA,UNIT_VALUE_CLD_HA_2015_USD,15375.0,1.002635754968613,0.0026288260273495,19.667582536,0.0517026528656831,15375.0,794.9282878098777,2773.43,1.0,42641486.25,2204677.961260549,2204677.961260549
NO2_CLD,NO2,Hospital Admissions,Chronic Lung Disease,65,99,433,24,11,14.091095022882367,12.681985520594134,1.409109502288235,9380,0.0020967572,0.00185,,UNIT_VALUE_CLD_HA,UNIT_VALUE_CLD_HA_2015_USD,15375.0,1.0026102533738996,0.0026034576896812,19.667582536,0.0512037189907906,15375.0,787.2571794834055,2773.43,1.0,42641486.25,2183402.679294661,2183402.679294661
NO2_CLD,NO2,Hospital Admissions,Chronic Lung Disease,65,99,474,24,12,13.971596915256166,12.57443722373055,1.3971596915256157,9379,0.0020967572,0.00185,,UNIT_VALUE_CLD_HA,UNIT_VALUE_CLD_HA_2015_USD,15375.0,1.002588088763725,0.0025814078510711,19.6654857788,0.0507646393845232,15375.0,780.5063305370442,2773.43,1.0,42641486.25,2164679.6723013544,2164679.6723013544
NO2_CLD,NO2,Hospital Admissions,Chronic Lung Disease,65,99,515,24,13,14.223574149547972,12.801216734593174,1.4223574149547975,8986,0.0020967572,0.00185,,UNIT_VALUE_CLD_HA,UNIT_VALUE_CLD_HA_2015_USD,15375.0,1.002634826287212,0.0026279022213588,18.8414601992,0.0495135151111228,15375.0,761.270294833513,2773.43,1.0,42641486.25,2111329.87380011,2111329.87380011
NO2_CLD,NO2,Hospital Admissions,Chronic Lung Disease,65,99,556,24,14,14.3165377526261,12.884883977363492,1.4316537752626068,695,0.0020967572,0.00185,,UNIT_VALUE_CLD_HA,UNIT_VALUE_CLD_HA_2015_USD,15375.0,1.002652070016507,0.0026450551450647,1.457246254,0.003854496701769,15375.0,59.26288678969837,2773.43,1.0,42641486.25,164361.46810915315,164361.46810915315
NO2_CLD,NO2,Hospital Admissions,Chronic Lung Disease,65,99,352,25,9,14.554681198482095,13.099213078633886,1.4554681198482091,1255,0.0020967572,0.00185,,UNIT_VALUE_CLD_HA,UNIT_VALUE_CLD_HA_2015_USD,15375.0,1.0026962443680898,0.0026889941826688,2.631430286,0.0070759007311527,15375.0,108.79197374147276,2773.43,1.0,42641486.25,301726.92373381276,301726.92373381276
NO2_CLD,NO2,Hospital Admissions,Chronic Lung Disease,65,99,393,25,10,14.34499256414503,12.910493307730528,1.4344992564145027,9380,0.0020967572,0.00185,,UNIT_VALUE_CLD_HA,UNIT_VALUE_CLD_HA_2015_USD,15375.0,1.0026573481313985,0.0026503053474358,19.667582536,0.0521250991662961,15375.0,801.4233996818026,2773.43,1.0,42641486.25,2222691.699379502,2222691.699379502
NO2_CLD,NO2,Hospital Admissions,Chronic Lung Disease,65,99,434,25,11,13.876326046438656,12.48869344179479,1.3876326046438656,9380,0.0020967572,0.00185,,UNIT_VALUE_CLD_HA,UNIT_VALUE_CLD_HA_2015_USD,15375.0,1.002570418193366,0.0025638280830169,19.667582536,0.0504243004308498,15375.0,775.2736191243157,2773.43,1.0,42641486.25,2150167.113487951,2150167.113487951
NO2_CLD,NO2,Hospital Admissions,Chronic Lung Disease,65,99,475,25,12,14.06818374511835,12.661365370606516,1.4068183745118343,9380,0.0020967572,0.00185,,UNIT_VALUE_CLD_HA,UNIT_VALUE_CLD_HA_2015_USD,15375.0,1.0026060037327351,0.0025992301293157,19.667582536,0.0511205730983751,15375.0,785.9788113875172,2773.43,1.0,42641486.25,2179857.2148664817,2179857.2148664817
NO2_CLD,NO2,Hospital Admissions,Chronic Lung Disease,65,99,516,25,13,14.581379296854838,13.123241367169356,1.458137929685483,4255,0.0020967572,0.00185,,UNIT_VALUE_CLD_HA,UNIT_VALUE_CLD_HA_2015_USD,15375.0,1.0027011968456696,0.0026939200373622,8.921701886,0.0240343514780678,15375.0,369.5281539752924,2773.43,1.0,42641486.25,1024860.4680796951,1024860.4680796951
NO2_CLD,NO2,Hospital Admissions,Chronic Lung Disease,65,99,353,26,9,14.477699845815035,13.029929861233532,1.4477699845815035,3,0.0020967572,0.00185,,UNIT_VALUE_CLD_HA,UNIT_VALUE_CLD_HA_2015_USD,15375.0,1.0026819645208305,0.0026747908267326,0.0062902715999999,1.6825160773336653e-05,15375.0,0.258686846890051,2773.43,1.0,42641486.25,717.4498617702741,717.4498617702741
NO2_CLD,NO2,Hospital Admissions,Chronic Lung Disease,65,99,394,26,10,14.14950160156035,12.734551441404315,1.4149501601560353,6975,0.0020967572,0.00185,,UNIT_VALUE_CLD_HA,UNIT_VALUE_CLD_HA_2015_USD,15375.0,1.002621086853838,0.002614234717587,14.62488147,0.0382328728794693,15375.0,587.8304205218404,2773.43,1.0,42641486.25,1630306.5231878879,1630306.5231878879
NO2_CLD,NO2,Hospital Admissions,Chronic Lung Disease,65,99,435,26,11,14.362656543291596,12.926390888962436,1.4362656543291583,9379,0.0020967572,0.00185,,UNIT_VALUE_CLD_HA,UNIT_VALUE_CLD_HA_2015_USD,15375.0,1.0026606246566725,0.0026535645174891,19.6654857788,0.0521836352818102,15375.0,802.3233924578318,2773.43,1.0,42641486.25,2225187.766344324,2225187.766344324
NO2_CLD,NO2,Hospital Admissions,Chronic Lung Disease,65,99,476,26,12,14.610206702590803,13.149186032331723,1.4610206702590798,9380,0.0020967572,0.00185,,UNIT_VALUE_CLD_HA,UNIT_VALUE_CLD_HA_2015_USD,15375.0,1.0027065443356622,0.0026992387263766,19.667582536,0.0530875004353807,15375.0,816.2203191939783,2773.43,1.0,42641486.25,2263729.919862155,2263729.919862155
NO2_CLD,NO2,Hospital Admissions,Chronic Lung Disease,65,99,517,26,13,14.85221309144123,13.366991782297108,1.4852213091441229,4378,0.0020967572,0.00185,,UNIT_VALUE_CLD_HA,UNIT_VALUE_CLD_HA_2015_USD,15375.0,1.002751437697745,0.0027438880606966,9.1796030216,0.0251878031329035,15375.0,387.2624731683913,2773.43,1.0,42641486.25,1074045.3609594114,1074045.3609594114
NO2_CLD,NO2,Hospital Admissions,Chronic Lung Disease,65,99,395,27,10,14.49919199878787,13.049272798909085,1.4499191998787868,3089,0.0020967572,0.00185,,UNIT_VALUE_CLD_HA,UNIT_VALUE_CLD_HA_2015_USD,15375.0,1.0026859512406767,0.0026787562320517,6.4768829908,0.0173499906758752,15375.0,266.7561066415812,2773.43,1.0,42641486.25,739829.3888429605,739829.3888429605
NO2_CLD,NO2,Hospital Admissions,Chronic Lung Disease,65,99,436,27,11,14.491355521257844,13.04221996913206,1.4491355521257852,9379,0.0020967572,0.00185,,UNIT_VALUE_CLD_HA,UNIT_VALUE_CLD_HA_2015_USD,15375.0,1.002684497599434,0.002677310366183,19.6654857788,0.0526506089316059,15375.0,809.5031123234406,2773.43,1.0,42641486.25,2245100.2168111997,2245100.2168111997
NO2_CLD,NO2,Hospital Admissions,Chronic Lung Disease,65,99,477,27,12,15.105471667148349,13.594924500433514,1.510547166714835,9380,0.0020967572,0.00185,,UNIT_VALUE_CLD_HA,UNIT_VALUE_CLD_HA_2015_USD,15375.0,1.002798420547543,0.0027906112436983,19.667582536,0.0548845769613277,15375.0,843.8503707804134,2773.43,1.0,42641486.25,2340359.933833522,2340359.933833522
NO2_CLD,NO2,Hospital Admissions,Chronic Lung Disease,65,99,518,27,13,14.197008398134384,12.777307558320947,1.4197008398134372,7540,0.0020967572,0.00185,,UNIT_VALUE_CLD_HA,UNIT_VALUE_CLD_HA_2015_USD,15375.0,1.0026298986860231,0.0026230004605586,15.809549288,0.0414684550636484,15375.0,637.5774966035941,2773.43,1.0,42641486.25,1768276.5564053059,1768276.5564053059
NO2_CLD,NO2,Hospital Admissions,Chronic Lung Disease,65,99,559,27,14,14.679962831909434,13.211966548718491,1.467996283190942,1595,0.0020967572,0.00185,,UNIT_VALUE_CLD_HA,UNIT_VALUE_CLD_HA_2015_USD,15375.0,1.0027194842307203,0.0027121086938952,3.344327734,0.0090701803226164,15375.0,139.45402246022715,2773.43,1.0,42641486.25,386765.9695118678,386765.9695118678
NO2_CLD,NO2,Hospital Admissions,Chronic Lung Disease,65,99,396,28,10,14.229002290152714,12.806102061137445,1.422900229015271,756,0.0020967572,0.00185,,UNIT_VALUE_CLD_HA,UNIT_VALUE_CLD_HA_2015_USD,15375.0,1.0026358331396377,0.0026289037879126,1.5851484432,0.0041672027467323,15375.0,64.07074223100912,2773.43,1.0,42641486.25,177695.71862574763,177695.71862574763
NO2_CLD,NO2,Hospital Admissions,Chronic Lung Disease,65,99,437,28,11,14.857156289296508,13.371440660366856,1.4857156289296505,9289,0.0020967572,0.00185,,UNIT_VALUE_CLD_HA,UNIT_VALUE_CLD_HA_2015_USD,15375.0,1.0027523547059345,0.0027448000426203,19.4767776308,0.0534598600711267,15375.0,821.945348593573,2773.43,1.0,42641486.25,2279607.8881498734,2279607.8881498734
NO2_CLD,NO2,Hospital Admissions,Chronic Lung Disease,65,99,478,28,12,14.375177047176653,12.937659342458987,1.4375177047176653,9379,0.0020967572,0.00185,,UNIT_VALUE_CLD_HA,UNIT_VALUE_CLD_HA_2015_USD,15375.0,1.002662947115368,0.0026558746615988,19.6654857788,0.0522290653879482,15375.0,803.0218803397036,2773.43,1.0,42641486.25,2227124.973590544,2227124.973590544
NO2_CLD,NO2,Hospital Admissions,Chronic Lung Disease,65,99,519,28,13,14.258595122536194,12.832735610282574,1.42585951225362,9380,0.0020967572,0.00185,,UNIT_VALUE_CLD_HA,UNIT_VALUE_CLD_HA_2015_USD,15375.0,1.0026413222589814,0.0026343640545658,19.667582536,0.0518115724730455,15375.0,796.6029267730745,2773.43,1.0,42641486.25,2209322.455200248,2209322.455200248
NO2_CLD,NO2,Hospital Admissions,Chronic Lung Disease,65,99,560,28,14,14.4409433075598,12.99684897680382,1.4440943307559788,8277,0.0020967572,0.00185,,UNIT_VALUE_CLD_HA,UNIT_VALUE_CLD_HA_2015_USD,15375.0,1.0026751463471846,0.0026680090325669,17.3548593444,0.0463029214897876,15375.0,711.9074179054844,2773.43,1.0,42641486.25,1974425.3900416074,1974425.3900416074
NO2_CLD,NO2,Hospital Admissions,Chronic Lung Disease,65,99,601,28,15,14.238419552038287,12.814577596834456,1.4238419552038302,418,0.0020967572,0.00185,,UNIT_VALUE_CLD_HA,UNIT_VALUE_CLD_HA_2015_USD,15375.0,1.0026375799267395,0.0026306413997888,0.8764445096,0.0023056112115714,15375.0,35.448772377910274,2773.43,1.0,42641486.25,98314.68877606769,98314.68877606769
NO2_CLD,NO2,Hospital Admissions,Chronic Lung Disease,65,99,397,29,10,14.548967586668216,13.094070828001398,1.4548967586668198,269,0.0020967572,0.00185,,UNIT_VALUE_CLD_HA,UNIT_VALUE_CLD_HA_2015_USD,15375.0,1.002695184500485,0.0026879400062419,0.5640276868,0.0015160725839778,15375.0,23.309615978658677,2773.43,1.0,42641486.25,64647.58824369133,64647.58824369133
NO2_CLD,NO2,Hospital Admissions,Chronic Lung Disease,65,99,438,29,11,14.37660632623274,12.938945693609464,1.437660632623274,8853,0.0020967572,0.00185,,UNIT_VALUE_CLD_HA,UNIT_VALUE_CLD_HA_2015_USD,15375.0,1.0026632122361556,0.002656138375932,18.5625914916,0.0493048116175882,15375.0,758.0614786204186,2773.43,1.0,42641486.25,2102430.4466502275,2102430.4466502275
NO2_CLD,NO2,Hospital Admissions,Chronic Lung Disease,65,99,479,29,12,14.695064034831072,13.225557631347966,1.4695064034831056,9380,0.0020967572,0.00185,,UNIT_VALUE_CLD_HA,UNIT_VALUE_CLD_HA_2015_USD,15375.0,1.0027222855546585,0.0027148948356646,19.667582536,0.053395418256995,15375.0,820.9545557012982,2773.43,1.0,42641486.25,2276859.993418651,2276859.993418651
NO2_CLD,NO2,Hospital Admissions,Chronic Lung Disease,65,99,520,29,13,14.33877609357386,12.904898484216472,1.4338776093573866,9380,0.0020967572,0.00185,,UNIT_VALUE_CLD_HA,UNIT_VALUE_CLD_HA_2015_USD,15375.0,1.0026561950289306,0.0026491583476965,19.667582536,0.0521025404542547,15375.0,801.076559484166,2773.43,1.0,42641486.25,2221729.76237017,2221729.76237017
NO2_CLD,NO2,Hospital Admissions,Chronic Lung Disease,65,99,561,29,14,14.140769163481169,12.726692247133052,1.4140769163481153,9379,0.0020967572,0.00185,,UNIT_VALUE_CLD_HA,UNIT_VALUE_CLD_HA_2015_USD,15375.0,1.0026194671197333,0.0026126234385398,19.6654857788,0.051378509075965,15375.0,789.9445770429619,2773.43,1.0,42641486.25,2190855.9883082616,2190855.9883082616
NO2_CLD,NO2,Hospital Admissions,Chronic Lung Disease,65,99,602,29,15,14.090763990008528,12.681687591007677,1.4090763990008508,5837,0.0020967572,0.00185,,UNIT_VALUE_CLD_HA,UNIT_VALUE_CLD_HA_2015_USD,15375.0,1.002610191972965,0.0026033966080363,12.2387717764,0.0318623769292104,15375.0,489.88404528660993,2773.43,1.0,42641486.25,1358659.1077192426,1358659.1077192426
NO2_CLD,NO2,Hospital Admissions,Chronic Lung Disease,65,99,643,29,16,14.19621306225518,12.776591756029662,1.4196213062255172,249,0.0020967572,0.00185,,UNIT_VALUE_CLD_HA,UNIT_VALUE_CLD_HA_2015_USD,15375.0,1.0026297511619406,0.0026228537093508,0.5220925428,0.0013693723625074,15375.0,21.054100073551275,2773.43,1.0,42641486.25,58392.07276698931,58392.07276698931
NO2_CLD,NO2,Hospital Admissions,Chronic Lung Disease,65,99,398,30,10,14.014041685877324,12.612637517289592,1.4014041685877316,1076,0.0020967572,0.00185,,UNIT_VALUE_CLD_HA,UNIT_VALUE_CLD_HA_2015_USD,15375.0,1.0025959613996034,0.0025892398329426,2.2561107472,0.0058416118141803,15375.0,89.8147816430221,2773.43,1.0,42641486.25,249095.00985220677,249095.00985220677
NO2_CLD,NO2,Hospital Admissions,Chronic Lung Disease,65,99,439,30,11,14.409311423759496,12.968380281383547,1.4409311423759483,8857,0.0020967572,0.00185,,UNIT_VALUE_CLD_HA,UNIT_VALUE_CLD_HA_2015_USD,15375.0,1.0026692788111649,0.0026621727299052,18.5709785204,0.0494391525846642,15375.0,760.126970989212,2773.43,1.0,42641486.25,2108158.94515061,2108158.94515061
NO2_CLD,NO2,Hospital Admissions,Chronic Lung Disease,65,99,480,30,12,14.522677784217052,13.070410005795347,1.4522677784217048,9380,0.0020967572,0.00185,,UNIT_VALUE_CLD_HA,UNIT_VALUE_CLD_HA_2015_USD,15375.0,1.0026903077905551,0.002683089454094,19.667582536,0.0527698832898651,15375.0,811.336955581676,2773.43,1.0,42641486.25,2250186.2527188873,2250186.2527188873
NO2_CLD,NO2,Hospital Admissions,Chronic Lung Disease,65,99,521,30,13,14.90263878007283,13.41237490206555,1.4902638780072817,9380,0.0020967572,0.00185,,UNIT_VALUE_CLD_HA,UNIT_VALUE_CLD_HA_2015_USD,15375.0,1.0027607921612558,0.0027531911726479,19.667582536,0.0541486146254399,15375.0,832.5349498661384,2773.43,1.0,42641486.25,2308977.4060072443,2308977.4060072443
NO2_CLD,NO2,Hospital Admissions,Chronic Lung Disease,65,99,562,30,14,14.136693200888557,12.723023880799705,1.4136693200888537,9379,0.0020967572,0.00185,,UNIT_VALUE_CLD_HA,UNIT_VALUE_CLD_HA_2015_USD,15375.0,1.0026187110917215,0.0026118713552334,19.6654857788,0.0513637189923983,15375.0,789.7171795081239,2773.43,1.0,42641486.25,2190225.317163216,2190225.317163216
NO2_CLD,NO2,Hospital Admissions,Chronic Lung Disease,65,99,603,30,15,14.938668296929515,13.444801467236566,1.4938668296929496,9379,0.0020967572,0.00185,,UNIT_VALUE_CLD_HA,UNIT_VALUE_CLD_HA_2015_USD,15375.0,1.0027674760461014,0.002759838259826,19.6654857788,0.0542735600503976,15375.0,834.4559857748632,2773.43,1.0,42641486.25,2314305.2646275787,2314305.2646275787
NO2_CLD,NO2,Hospital Admissions,Chronic Lung Disease,65,99,644,30,16,14.226870106582824,12.804183095924545,1.4226870106582812,2838,0.0020967572,0.00185,,UNIT_VALUE_CLD_HA,UNIT_VALUE_CLD_HA_2015_USD,15375.0,1.0026354376460405,0.002628510370856,5.9505969336,0.015641205752752,15375.0,240.48353844856203,2773.43,1.0,42641486.25,666964.2600393953,666964.2600393953
NO2_CLD,NO2,Hospital Admissions,Chronic Lung Disease,65,99,440,31,11,14.47700169947472,13.02930152952725,1.4477001699474703,8213,0.0020967572,0.00185,,UNIT_VALUE_CLD_HA,UNIT_VALUE_CLD_HA_2015_USD,15375.0,1.0026818350173712,0.0026746620151194,17.2206668836,0.0460594635885904,15375.0,708.1642526745774,2773.43,1.0,42641486.25,1964043.983295253,1964043.983295253
NO2_CLD,NO2,Hospital Admissions,Chronic Lung Disease,65,99,481,31,12,13.36129834069843,12.025168506628589,1.3361298340698422,9380,0.0020967572,0.00185,,UNIT_VALUE_CLD_HA,UNIT_VALUE_CLD_HA_2015_USD,15375.0,1.00247489770871,0.0024687877116592,19.667582536,0.048555086082921,15375.0,746.5344485249104,2773.43,1.0,42641486.25,2070461.0355724422,2070461.0355724422
NO2_CLD,NO2,Hospital Admissions,Chronic Lung Disease,65,99,522,31,13,14.218391901494938,12.796552711345443,1.421839190149493,9380,0.0020967572,0.00185,,UNIT_VALUE_CLD_HA,UNIT_VALUE_CLD_HA_2015_USD,15375.0,1.0026338650457332,0.0026269460244222,19.667582536,0.0516656777529418,15375.0,794.3597954514802,2773.43,1.0,42641486.25,2203101.2874989985,2203101.2874989985
NO2_CLD,NO2,Hospital Admissions,Chronic Lung Disease,65,99,563,31,14,13.359140998915276,12.023226899023747,1.3359140998915289,9379,0.0020967572,0.00185,,UNIT_VALUE_CLD_HA,UNIT_VALUE_CLD_HA_2015_USD,15375.0,1.0024744976128082,0.0024683895886634,19.6654857788,0.0485420803523993,15375.0,746.3344854181393,2773.43,1.0,42641486.25,2069906.4518932297,2069906.4518932297
NO2_CLD,NO2,Hospital Admissions,Chronic Lung Disease,65,99,604,31,15,13.996724615178914,12.597052153661023,1.3996724615178913,9379,0.0020967572,0.00185,,UNIT_VALUE_CLD_HA,UNIT_VALUE_CLD_HA_2015_USD,15375.0,1.0025927494300966,0.0025860444647841,19.6654857788,0.0508558206455574,15375.0,781.9082424254451,2773.43,1.0,42641486.25,2168567.776790002,2168567.776790002
NO2_CLD,NO2,Hospital Admissions,Chronic Lung Disease,65,99,645,31,16,14.062877613754663,12.656589852379197,1.4062877613754663,7418,0.0020967572,0.00185,,UNIT_VALUE_CLD_HA,UNIT_VALUE_CLD_HA_2015_USD,15375.0,1.0026050195407732,0.0025982510460264,15.5537449096,0.040412533980996,15375.0,621.3427099578136,2773.43,1.0,42641486.25,1723250.5120782987,1723250.5120782987
NO2_CLD,NO2,Hospital Admissions,Chronic Lung Disease,65,99,686,31,17,14.374283414758589,12.936855073282729,1.4374283414758595,1809,0.0020967572,0.00185,,UNIT_VALUE_CLD_HA,UNIT_VALUE_CLD_HA_2015_USD,15375.0,1.0026627813531404,0.0026557097786624,3.7930337748,0.0100731968865333,15375.0,154.8754021304495,2773.43,1.0,42641486.25,429536.0865306525,429536.0865306525
NO2_CLD,NO2,Hospital Admissions,Chronic Lung Disease,65,99,400,32,10,13.77056893383712,12.393512040453407,1.3770568933837133,746,0.0020967572,0.00185,,UNIT_VALUE_CLD_HA,UNIT_VALUE_CLD_HA_2015_USD,15375.0,1.0025508030290204,0.0025443129877444,1.5641808712,0.0039797657057756,15375.0,61.18889772629985,2773.43,1.0,42641486.25,169703.12462105177,169703.12462105177
NO2_CLD,NO2,Hospital Admissions,Chronic Lung Disease,65,99,441,32,11,13.52274422738668,12.170469804648013,1.3522744227386685,9110,0.0020967572,0.00185,,UNIT_VALUE_CLD_HA,UNIT_VALUE_CLD_HA_2015_USD,15375.0,1.0025048395638694,0.0024985810192789,19.101458092,0.0477265406292227,15375.0,733.795562174299,2773.43,1.0,42641486.25,2035130.6260010658,2035130.6260010658
NO2_CLD,NO2,Hospital Admissions,Chronic Lung Disease,65,99,482,32,12,11.05156050536026,9.946404454824236,1.105156050536026,9380,0.0020967572,0.00185,,UNIT_VALUE_CLD_HA,UNIT_VALUE_CLD_HA_2015_USD,15375.0,1.0020466301878637,0.0020424500479384,19.667582536,0.0401700548934868,15375.0,617.6145939873596,2773.43,1.0,42641486.25,1712910.8434023627,1712910.8434023627
NO2_CLD,NO2,Hospital Admissions,Chronic Lung Disease,65,99,523,32,13,15.081215980674529,13.573094382607076,1.5081215980674507,9380,0.0020967572,0.00185,,UNIT_VALUE_CLD_HA,UNIT_VALUE_CLD_HA_2015_USD,15375.0,1.0027939206982834,0.0027861364539762,19.667582536,0.0547965686651371,15375.0,842.497243226483,2773.43,1.0,42641486.25,2336607.1292816247,2336607.1292816247
NO2_CLD,NO2,Hospital Admissions,Chronic Lung Disease,65,99,564,32,14,11.97785996141701,10.78007396527531,1.1977859961417003,9379,0.0020967572,0.00185,,UNIT_VALUE_CLD_HA,UNIT_VALUE_CLD_HA_2015_USD,15375.0,1.002218361022775,0.002213450789817,19.6654857788,0.0435285850292208,15375.0,669.2519948242698,2773.43,1.0,42641486.25,1856123.5600054744,1856123.5600054744
NO2_CLD,NO2,Hospital Admissions,Chronic Lung Disease,65,99,605,32,15,13.760055991017612,12.384050391915853,1.3760055991017612,9380,0.0020967572,0.00185,,UNIT_VALUE_CLD_HA,UNIT_VALUE_CLD_HA_2015_USD,15375.0,1.0025488531754525,0.0025423730398564,19.667582536,0.0500023315986788,15375.0,768.7858483296865,2773.43,1.0,42641486.25,2132173.735333002,2132173.735333002
NO2_CLD,NO2,Hospital Admissions,Chronic Lung Disease,65,99,646,32,16,14.523839764912193,13.071455788420971,1.4523839764912196,9380,0.0020967572,0.00185,,UNIT_VALUE_CLD_HA,UNIT_VALUE_CLD_HA_2015_USD,15375.0,1.0026905233353327,0.0026833038437253,19.667582536,0.0527740998156352,15375.0,811.4017846653912,2773.43,1.0,42641486.25,2250366.0516445357,2250366.0516445357
NO2_CLD,NO2,Hospital Admissions,Chronic Lung Disease,65,99,687,32,17,14.458812646995648,13.012931382296085,1.4458812646995651,5329,0.0020967572,0.00185,,UNIT_VALUE_CLD_HA,UNIT_VALUE_CLD_HA_2015_USD,15375.0,1.0026784610240322,0.0026713060349344,11.1736191188,0.0298481561841097,15375.0,458.9154013306866,2773.43,1.0,42641486.25,1272769.741512566,1272769.741512566
NO2_CLD,NO2,Hospital Admissions,Chronic Lung Disease,65,99,360,33,9,14.111210004962835,12.700089004466552,1.4111210004962835,2764,0.0020967572,0.00185,,UNIT_VALUE_CLD_HA,UNIT_VALUE_CLD_HA_2015_USD,15375.0,1.0026139843659885,0.0026071692662869,5.7954369008,0.0151096849724707,15375.0,232.311406451737,2773.43,1.0,42641486.25,644299.423995441,644299.423995441
NO2_CLD,NO2,Hospital Admissions,Chronic Lung Disease,65,99,401,33,10,13.649462118853016,12.284515906967716,1.3649462118853002,9240,0.0020967572,0.00185,,UNIT_VALUE_CLD_HA,UNIT_VALUE_CLD_HA_2015_USD,15375.0,1.0025283413697417,0.0025219649813462,19.374036528,0.0488606416709394,15375.0,751.2323656906932,2773.43,1.0,42641486.25,2083490.3799775392,2083490.3799775392
NO2_CLD,NO2,Hospital Admissions,Chronic Lung Disease,65,99,442,33,11,19.22823497601124,17.305411478410115,1.9228234976011187,9379,0.0020967572,0.00185,,UNIT_VALUE_CLD_HA,UNIT_VALUE_CLD_HA_2015_USD,15375.0,1.003563557898737,0.003550904046574,19.6654857788,0.0698302530297863,15375.0,1073.6401403329642,2773.43,1.0,42641486.25,2977665.7744036526,2977665.7744036526
NO2_CLD,NO2,Hospital Admissions,Chronic Lung Disease,65,99,483,33,12,15.266676435963925,13.740008792367536,1.5266676435963902,9380,0.0020967572,0.00185,,UNIT_VALUE_CLD_HA,UNIT_VALUE_CLD_HA_2015_USD,15375.0,1.0028283273326914,0.0028203504584021,19.667582536,0.0554694754210691,15375.0,852.8431845989375,2773.43,1.0,42641486.25,2365300.873462231,2365300.873462231
NO2_CLD,NO2,Hospital Admissions,Chronic Lung Disease,65,99,524,33,13,15.787402661315818,14.208662395184238,1.5787402661315806,9380,0.0020967572,0.00185,,UNIT_VALUE_CLD_HA,UNIT_VALUE_CLD_HA_2015_USD,15375.0,1.0029249388028885,0.002916408486541,19.667582536,0.0573587046177372,15375.0,881.8900834977094,2773.43,1.0,42641486.25,2445860.414275052,2445860.414275052
NO2_CLD,NO2,Hospital Admissions,Chronic Lung Disease,65,99,565,33,14,15.067728037163226,13.560955233446904,1.5067728037163235,9379,0.0020967572,0.00185,,UNIT_VALUE_CLD_HA,UNIT_VALUE_CLD_HA_2015_USD,15375.0,1.0027914184602704,0.0027836481334836,19.6654857788,0.0547417927822057,15375.0,841.6550640264127,2773.43,1.0,42641486.25,2334271.4042227734,2334271.4042227734
NO2_CLD,NO2,Hospital Admissions,Chronic Lung Disease,65,99,606,33,15,14.070024415554805,12.663021973999324,1.4070024415554787,9380,0.0020967572,0.00185,,UNIT_VALUE_CLD_HA,UNIT_VALUE_CLD_HA_2015_USD,15375.0,1.0026063451442309,0.0025995697681884,19.667582536,0.0511272529739362,15375.0,786.081514474269,2773.43,1.0,42641486.25,2180142.0546883717,2180142.0546883717
NO2_CLD,NO2,Hospital Admissions,Chronic Lung Disease,65,99,647,33,16,14.771769778554818,13.294592800699338,1.4771769778554802,9380,0.0020967572,0.00185,,UNIT_VALUE_CLD_HA,UNIT_VALUE_CLD_HA_2015_USD,15375.0,1.0027365148489713,0.0027290467719562,19.667582536,0.0536737526320547,15375.0,825.233946717841,2773.43,1.0,42641486.25,2288728.5848456617,2288728.5848456617
NO2_CLD,NO2,Hospital Admissions,Chronic Lung Disease,65,99,688,33,17,14.76185669220184,13.285671022981656,1.4761856692201842,8364,0.0020967572,0.00185,,UNIT_VALUE_CLD_HA,UNIT_VALUE_CLD_HA_2015_USD,15375.0,1.0027346759111302,0.00272721785416,17.5372772208,0.0478279755499206,15375.0,735.3551240800292,2773.43,1.0,42641486.25,2039455.9617772752,2039455.9617772752
NO2_CLD,NO2,Hospital Admissions,Chronic Lung Disease,65,99,729,33,18,14.355451249441762,12.919906124497585,1.435545124944177,49,0.0020967572,0.00185,,UNIT_VALUE_CLD_HA,UNIT_VALUE_CLD_HA_2015_USD,15375.0,1.0026592881316432,0.0026522350743876,0.1027411028,0.0002724935564274,15375.0,4.189588430071275,2773.43,1.0,42641486.25,11619.530239612575,11619.530239612575
NO2_CLD,NO2,Hospital Admissions,Chronic Lung Disease,65,99,361,34,9,14.1499359920569,12.734942392851211,1.4149935992056886,2224,0.0020967572,0.00185,,UNIT_VALUE_CLD_HA,UNIT_VALUE_CLD_HA_2015_USD,15375.0,1.0026211674267198,0.0026143148697399,4.6631880128,0.0121910417622561,15375.0,187.43726709468757,2773.43,1.0,42641486.25,519844.13967841933,519844.13967841933
NO2_CLD,NO2,Hospital Admissions,Chronic Lung Disease,65,99,402,34,10,14.244093754882778,12.8196843793945,1.4244093754882794,8169,0.0020967572,0.00185,,UNIT_VALUE_CLD_HA,UNIT_VALUE_CLD_HA_2015_USD,15375.0,1.0026386324235583,0.0026316883653089,17.1284095668,0.0450766361731934,15375.0,693.0532811628485,2773.43,1.0,42641486.25,1922134.7615754788,1922134.7615754788
NO2_CLD,NO2,Hospital Admissions,Chronic Lung Disease,65,99,443,34,11,14.16290766428594,12.746616897857344,1.4162907664285953,9374,0.0020967572,0.00185,,UNIT_VALUE_CLD_HA,UNIT_VALUE_CLD_HA_2015_USD,15375.0,1.0026235734791402,0.0026167083525038,19.6550019928,0.0514314078830391,15375.0,790.7578962017261,2773.43,1.0,42641486.25,2193111.6720627532,2193111.6720627532
NO2_CLD,NO2,Hospital Admissions,Chronic Lung Disease,65,99,484,34,12,15.079329114090218,13.571396202681196,1.5079329114090214,9380,0.0020967572,0.00185,,UNIT_VALUE_CLD_HA,UNIT_VALUE_CLD_HA_2015_USD,15375.0,1.0027935706527515,0.002785788356155,19.667582536,0.0547897224225074,15375.0,842.3919822460513,2773.43,1.0,42641486.25,2336315.195320666,2336315.195320666
NO2_CLD,NO2,Hospital Admissions,Chronic Lung Disease,65,99,525,34,13,19.50134381117317,17.551209430055852,1.9501343811173195,9380,0.0020967572,0.00185,,UNIT_VALUE_CLD_HA,UNIT_VALUE_CLD_HA_2015_USD,15375.0,1.0036142643634487,0.0036012484993337,19.667582536,0.0708278520932925,15375.0,1088.9782259343722,2773.43,1.0,42641486.25,3020204.881153166,3020204.881153166
NO2_CLD,NO2,Hospital Admissions,Chronic Lung Disease,65,99,566,34,14,13.264775673525182,11.938298106172663,1.3264775673525175,9379,0.0020967572,0.00185,,UNIT_VALUE_CLD_HA,UNIT_VALUE_CLD_HA_2015_USD,15375.0,1.002456996981618,0.0024509749435794,19.6654857788,0.0481996128971575,15375.0,741.0690482937965,2773.43,1.0,42641486.25,2055303.130609464,2055303.130609464
NO2_CLD,NO2,Hospital Admissions,Chronic Lung Disease,65,99,607,34,15,14.375955456058968,12.938359910453071,1.4375955456058964,9379,0.0020967572,0.00185,,UNIT_VALUE_CLD_HA,UNIT_VALUE_CLD_HA_2015_USD,15375.0,1.0026630915045007,0.0026560182847708,19.6654857788,0.0522318898073929,15375.0,803.0653057886658,2773.43,1.0,42641486.25,2227245.4110334595,2227245.4110334595
NO2_CLD,NO2,Hospital Admissions,Chronic Lung Disease,65,99,648,34,16,13.974598381086835,12.577138542978156,1.3974598381086825,7672,0.0020967572,0.00185,,UNIT_VALUE_CLD_HA,UNIT_VALUE_CLD_HA_2015_USD,15375.0,1.0025886454721495,0.0025819616887147,16.0863212384,0.0415342651499067,15375.0,638.5893266798155,2773.43,1.0,42641486.25,1771082.7962936005,1771082.7962936005
NO2_CLD,NO2,Hospital Admissions,Chronic Lung Disease,65,99,689,34,17,14.06124518049693,12.65512066244724,1.4061245180496922,1634,0.0020967572,0.00185,,UNIT_VALUE_CLD_HA,UNIT_VALUE_CLD_HA_2015_USD,15375.0,1.0026047167539498,0.0025979498305004,3.4261012648,0.0089008392001644,15375.0,136.85040270252765,2773.43,1.0,42641486.25,379545.01236727124,379545.01236727124
NO2_CLD,NO2,Hospital Admissions,Chronic Lung Disease,65,99,730,34,18,14.212959977469014,12.791663979722111,1.4212959977469009,173,0.0020967572,0.00185,,UNIT_VALUE_CLD_HA,UNIT_VALUE_CLD_HA_2015_USD,15375.0,1.002632857493508,0.0026259437578075,0.3627389956,0.0009525322012092,15375.0,14.64518259359145,2773.43,1.0,42641486.25,40617.38876054433,40617.38876054433
NO2_CLD,NO2,Hospital Admissions,Chronic Lung Disease,65,99,403,35,10,14.490479723453811,13.041431751108432,1.4490479723453795,73,0.0020967572,0.00185,,UNIT_VALUE_CLD_HA,UNIT_VALUE_CLD_HA_2015_USD,15375.0,1.002684335141904,0.0026771487773609,0.1530632756,0.0004097731611313,15375.0,6.300262352393737,2773.43,1.0,42641486.25,17473.33661599936,17473.33661599936
NO2_CLD,NO2,Hospital Admissions,Chronic Lung Disease,65,99,444,35,11,13.874553240808584,12.487097916727723,1.3874553240808591,4839,0.0020967572,0.00185,,UNIT_VALUE_CLD_HA,UNIT_VALUE_CLD_HA_2015_USD,15375.0,1.002570089381361,0.0025635009547779,10.1462080908,0.0260098141281418,15375.0,399.90089222018014,2773.43,1.0,42641486.25,1109097.1315102142,1109097.1315102142
NO2_CLD,NO2,Hospital Admissions,Chronic Lung Disease,65,99,485,35,12,19.577644492160925,17.619880042944832,1.9577644492160928,9380,0.0020967572,0.00185,,UNIT_VALUE_CLD_HA,UNIT_VALUE_CLD_HA_2015_USD,15375.0,1.0036284311070214,0.0036153131921733,19.667582536,0.0711044706005588,15375.0,1093.2312354835915,2773.43,1.0,42641486.25,3032000.305427257,3032000.305427257
NO2_CLD,NO2,Hospital Admissions,Chronic Lung Disease,65,99,526,35,13,13.476969861157125,12.12927287504141,1.3476969861157126,9380,0.0020967572,0.00185,,UNIT_VALUE_CLD_HA,UNIT_VALUE_CLD_HA_2015_USD,15375.0,1.0024963501304354,0.0024901338843882,19.667582536,0.0489749136968958,15375.0,752.9892980897729,2773.43,1.0,42641486.25,2088363.1090011187,2088363.1090011187
NO2_CLD,NO2,Hospital Admissions,Chronic Lung Disease,65,99,567,35,14,12.905364194543235,11.614827775088912,1.2905364194543232,9379,0.0020967572,0.00185,,UNIT_VALUE_CLD_HA,UNIT_VALUE_CLD_HA_2015_USD,15375.0,1.0023903447054332,0.0023846445828801,19.6654857788,0.0468951941321215,15375.0,721.0136097813681,2773.43,1.0,42641486.25,1999680.7757759397,1999680.7757759397
NO2_CLD,NO2,Hospital Admissions,Chronic Lung Disease,65,99,608,35,15,13.916942739721174,12.525248465749057,1.3916942739721172,9380,0.0020967572,0.00185,,UNIT_VALUE_CLD_HA,UNIT_VALUE_CLD_HA_2015_USD,15375.0,1.002577951624276,0.0025713228782854,19.667582536,0.0505717049353838,15375.0,777.5399633815259,2773.43,1.0,42641486.25,2156452.6606412255,2156452.6606412255
NO2_CLD,NO2,Hospital Admissions,Chronic Lung Disease,65,99,649,35,16,13.940058530307,12.5460526772763,1.3940058530307002,8354,0.0020967572,0.00185,,UNIT_VALUE_CLD_HA,UNIT_VALUE_CLD_HA_2015_USD,15375.0,1.002582239079109,0.0025755882943635,17.5163096488,0.0451148020918966,15375.0,693.6400821629102,2773.43,1.0,42641486.25,1923762.21307308,1923762.21307308
NO2_CLD,NO2,Hospital Admissions,Chronic Lung Disease,65,99,690,35,17,14.151228603738588,12.736105743364728,1.4151228603738597,2836,0.0020967572,0.00185,,UNIT_VALUE_CLD_HA,UNIT_VALUE_CLD_HA_2015_USD,15375.0,1.0026214071867174,0.0026145533777032,5.9464034192,0.0155471891448553,15375.0,239.03803310215025,2773.43,1.0,42641486.25,662955.2521464966,662955.2521464966
NO2_CLD,NO2,Hospital Admissions,Chronic Lung Disease,65,99,445,36,11,14.363493467567254,12.92714412081053,1.4363493467567243,6092,0.0020967572,0.00185,,UNIT_VALUE_CLD_HA,UNIT_VALUE_CLD_HA_2015_USD,15375.0,1.0026607798996223,0.0026537189376141,12.7734448624,0.0338971325299207,15375.0,521.1684126475308,2773.43,1.0,42641486.25,1445424.1106890412,1445424.1106890412
NO2_CLD,NO2,Hospital Admissions,Chronic Lung Disease,65,99,486,36,12,15.126862415182863,13.614176173664578,1.512686241518287,9380,0.0020967572,0.00185,,UNIT_VALUE_CLD_HA,UNIT_VALUE_CLD_HA_2015_USD,15375.0,1.0028023889179385,0.0027945574810231,19.667582536,0.0549621899096199,15375.0,845.043669860406,2773.43,1.0,42641486.25,2343669.4653009456,2343669.4653009456
NO2_CLD,NO2,Hospital Admissions,Chronic Lung Disease,65,99,527,36,13,14.11367428027748,12.702306852249732,1.4113674280277468,9380,0.0020967572,0.00185,,UNIT_VALUE_CLD_HA,UNIT_VALUE_CLD_HA_2015_USD,15375.0,1.0026144414487177,0.0026076239685315,19.667582536,0.0512856596239458,15375.0,788.5170167181667,2773.43,1.0,42641486.25,2186896.749676665,2186896.749676665
NO2_CLD,NO2,Hospital Admissions,Chronic Lung Disease,65,99,568,36,14,15.637722316980764,14.07395008528269,1.5637722316980742,9379,0.0020967572,0.00185,,UNIT_VALUE_CLD_HA,UNIT_VALUE_CLD_HA_2015_USD,15375.0,1.0028971673296143,0.0028887979984315,19.6654857788,0.0568096159559817,15375.0,873.4478453232186,2773.43,1.0,42641486.25,2422446.457654774,2422446.457654774
NO2_CLD,NO2,Hospital Admissions,Chronic Lung Disease,65,99,609,36,15,14.52190314755419,13.069712832798771,1.4521903147554165,9380,0.0020967572,0.00185,,UNIT_VALUE_CLD_HA,UNIT_VALUE_CLD_HA_2015_USD,15375.0,1.0026901640972408,0.0026829465308088,19.667582536,0.052767072334357,15375.0,811.2937371407388,2773.43,1.0,42641486.25,2250066.389398239,2250066.389398239
NO2_CLD,NO2,Hospital Admissions,Chronic Lung Disease,65,99,650,36,16,14.44701070264524,13.002309632380715,1.4447010702645215,9380,0.0020967572,0.00185,,UNIT_VALUE_CLD_HA,UNIT_VALUE_CLD_HA_2015_USD,15375.0,1.0026762718186737,0.0026691285052744,19.667582536,0.0524953051766756,15375.0,807.1153170913873,2773.43,1.0,42641486.25,2238477.8338807663,2238477.8338807663
NO2_CLD,NO2,Hospital Admissions,Chronic Lung Disease,65,99,691,36,17,14.286874670311354,12.858187203280218,1.4286874670311356,1951,0.0020967572,0.00185,,UNIT_VALUE_CLD_HA,UNIT_VALUE_CLD_HA_2015_USD,15375.0,1.00264656780769,0.0026395819750093,4.0907732972,0.0107979314591387,15375.0,166.0181961842575,2773.43,1.0,42641486.25,460439.8458433053,460439.8458433053
NO2_CLD,NO2,Hospital Admissions,Chronic Lung Disease,65,99,446,37,11,13.843987490139757,12.45958874112578,1.3843987490139753,858,0.0020967572,0.00185,,UNIT_VALUE_CLD_HA,UNIT_VALUE_CLD_HA_2015_USD,15375.0,1.0025644202005244,0.0025578607706938,1.7990176776,0.0046016367433178,15375.0,70.75016492851117,2773.43,1.0,42641486.25,196220.62991768072,196220.62991768072
NO2_CLD,NO2,Hospital Admissions,Chronic Lung Disease,65,99,487,37,12,14.469943562972588,13.022949206675328,1.4469943562972605,7095,0.0020967572,0.00185,,UNIT_VALUE_CLD_HA,UNIT_VALUE_CLD_HA_2015_USD,15375.0,1.0026805257611529,0.0026733597514703,14.876492334,0.0397702158487723,15375.0,611.4670686748741,2773.43,1.0,42641486.25,1695861.112274956,1695861.112274956
NO2_CLD,NO2,Hospital Admissions,Chronic Lung Disease,65,99,528,37,13,14.107382869493785,12.696644582544408,1.4107382869493783,9380,0.0020967572,0.00185,,UNIT_VALUE_CLD_HA,UNIT_VALUE_CLD_HA_2015_USD,15375.0,1.0026132744954246,0.0026064630919032,19.667582536,0.0512628279870452,15375.0,788.1659803008199,2773.43,1.0,42641486.25,2185923.1747457027,2185923.1747457027
NO2_CLD,NO2,Hospital Admissions,Chronic Lung Disease,65,99,569,37,14,15.300713900597886,13.770642510538098,1.5300713900597884,9380,0.0020967572,0.00185,,UNIT_VALUE_CLD_HA,UNIT_VALUE_CLD_HA_2015_USD,15375.0,1.0028346420933123,0.0028266296100375,19.667582536,0.0555929711541149,15375.0,854.7419314945166,2773.43,1.0,42641486.25,2370566.9150648373,2370566.9150648373
NO2_CLD,NO2,Hospital Admissions,Chronic Lung Disease,65,99,610,37,15,15.466442670480692,13.919798403432624,1.5466442670480696,9379,0.0020967572,0.00185,,UNIT_VALUE_CLD_HA,UNIT_VALUE_CLD_HA_2015_USD,15375.0,1.0028653892967134,0.0028572022998248,19.6654857788,0.056188271194361,15375.0,863.8946696133004,2773.43,1.0,42641486.25,2395951.3935456155,2395951.3935456155
NO2_CLD,NO2,Hospital Admissions,Chronic Lung Disease,65,99,651,37,16,9.526364032890893,8.573727629601802,0.9526364032890892,9380,0.0020967572,0.00185,,UNIT_VALUE_CLD_HA,UNIT_VALUE_CLD_HA_2015_USD,15375.0,1.0017639312457582,0.0017608252710443,19.667582536,0.0346311763497398,15375.0,532.4543363772494,2773.43,1.0,42641486.25,1476724.8301387548,1476724.8301387548
NO2_CLD,NO2,Hospital Admissions,Chronic Lung Disease,65,99,692,37,17,14.622011085947996,13.159809977353197,1.4622011085947992,3072,0.0020967572,0.00185,,UNIT_VALUE_CLD_HA,UNIT_VALUE_CLD_HA_2015_USD,15375.0,1.0027087340595553,0.0027014166402926,6.441238118399999,0.0174004678371331,15375.0,267.5321929959214,2773.43,1.0,42641486.25,741981.8100206782,741981.8100206782
NO2_CLD,NO2,Hospital Admissions,Chronic Lung Disease,65,99,488,38,12,18.489373708736647,16.640436337862983,1.848937370873664,654,0.0020967572,0.00185,,UNIT_VALUE_CLD_HA,UNIT_VALUE_CLD_HA_2015_USD,15375.0,1.0034263908387844,0.0034146907736004,1.3712792088,0.0046824944623194,15375.0,71.99335235816078,2773.43,1.0,42641486.25,199668.52323069383,199668.52323069383
NO2_CLD,NO2,Hospital Admissions,Chronic Lung Disease,65,99,529,38,13,14.431419953733442,12.9882779583601,1.4431419953733435,8735,0.0020967572,0.00185,,UNIT_VALUE_CLD_HA,UNIT_VALUE_CLD_HA_2015_USD,15375.0,1.0026733798151553,0.002666251911114,18.315174142,0.0488328680584936,15375.0,750.8053463993391,2773.43,1.0,42641486.25,2082306.071864319,2082306.071864319
NO2_CLD,NO2,Hospital Admissions,Chronic Lung Disease,65,99,570,38,14,11.320805733076206,10.188725159768584,1.132080573307622,9380,0.0020967572,0.00185,,UNIT_VALUE_CLD_HA,UNIT_VALUE_CLD_HA_2015_USD,15375.0,1.0020965437414882,0.002092157441897,19.667582536,0.041147679166817,15375.0,632.6455671898113,2773.43,1.0,42641486.25,1754598.1954112384,1754598.1954112384
NO2_CLD,NO2,Hospital Admissions,Chronic Lung Disease,65,99,611,38,15,18.56148137524996,16.70533323772496,1.8561481375249969,9380,0.0020967572,0.00185,,UNIT_VALUE_CLD_HA,UNIT_VALUE_CLD_HA_2015_USD,15375.0,1.0034397765541452,0.0034279850515369,19.667582536,0.0674201789332774,15375.0,1036.58525109914,2773.43,1.0,42641486.25,2874896.6329558874,2874896.6329558874
NO2_CLD,NO2,Hospital Admissions,Chronic Lung Disease,65,99,652,38,16,14.779748793712482,13.301773914341236,1.4779748793712475,9380,0.0020967572,0.00185,,UNIT_VALUE_CLD_HA,UNIT_VALUE_CLD_HA_2015_USD,15375.0,1.002737995007286,0.0027305188602794,19.667582536,0.0537027050506501,15375.0,825.6790901537453,2773.43,1.0,42641486.25,2289963.159005102,2289963.159005102
NO2_CLD,NO2,Hospital Admissions,Chronic Lung Disease,65,99,693,38,17,15.166646871830691,13.649982184647625,1.51666468718307,2789,0.0020967572,0.00185,,UNIT_VALUE_CLD_HA,UNIT_VALUE_CLD_HA_2015_USD,15375.0,1.0028097696955114,0.002801897010202,5.8478558308,0.0163850897684111,15375.0,251.92075518932063,2773.43,1.0,42641486.25,698684.5800647174,698684.5800647174
NO2_CLD,NO2,Hospital Admissions,Chronic Lung Disease,65,99,530,39,13,14.406850341503803,12.966165307353425,1.4406850341503787,5649,0.0020967572,0.00185,,UNIT_VALUE_CLD_HA,UNIT_VALUE_CLD_HA_2015_USD,15375.0,1.0026688222957283,0.0026617186416723,11.8445814228,0.0315269431758722,15375.0,484.7267513290351,2773.43,1.0,42641486.25,1344355.7139384858,1344355.7139384858
NO2_CLD,NO2,Hospital Admissions,Chronic Lung Disease,65,99,571,39,14,14.791951592198158,13.312756432978343,1.479195159219815,9380,0.0020967572,0.00185,,UNIT_VALUE_CLD_HA,UNIT_VALUE_CLD_HA_2015_USD,15375.0,1.0027402587086336,0.0027327702112633,19.667582536,0.0537469836819449,15375.0,826.3598741099029,2773.43,1.0,42641486.25,2291851.2656526277,2291851.2656526277
NO2_CLD,NO2,Hospital Admissions,Chronic Lung Disease,65,99,612,39,15,13.522962234882636,12.170666011394372,1.3522962234882634,9380,0.0020967572,0.00185,,UNIT_VALUE_CLD_HA,UNIT_VALUE_CLD_HA_2015_USD,15375.0,1.0025048799962808,0.0024986212498935,19.667582536,0.0491418396584844,15375.0,755.5557847491976,2773.43,1.0,42641486.25,2095481.080096967,2095481.080096967
NO2_CLD,NO2,Hospital Admissions,Chronic Lung Disease,65,99,653,39,16,10.001870968511383,9.001683871660244,1.000187096851139,9358,0.0020967572,0.00185,,UNIT_VALUE_CLD_HA,UNIT_VALUE_CLD_HA_2015_USD,15375.0,1.0018520590759254,0.0018486352941506,19.6214538776,0.0362729121606813,15375.0,557.696024470475,2773.43,1.0,42641486.25,1546730.8851471494,1546730.8851471494
NO2_CLD,NO2,Hospital Admissions,Chronic Lung Disease,65,99,694,39,17,14.188053584484676,12.76924822603621,1.4188053584484663,366,0.0020967572,0.00185,,UNIT_VALUE_CLD_HA,UNIT_VALUE_CLD_HA_2015_USD,15375.0,1.0026282376900773,0.0026213481640335,0.7674131352,0.0020116570130117,15375.0,30.929226575054884,2773.43,1.0,42641486.25,85780.04486005446,85780.04486005446
NO2_CLD,NO2,Hospital Admissions,Chronic Lung Disease,65,99,531,40,13,14.595845004488194,13.136260504039374,1.4595845004488197,927,0.0020967572,0.00185,,UNIT_VALUE_CLD_HA,UNIT_VALUE_CLD_HA_2015_USD,15375.0,1.0027038802339965,0.0026965889803531,1.9436939244,0.0052413436177164,15375.0,80.58565812238965,2773.43,1.0,42641486.25,223498.6818063791,223498.6818063791
NO2_CLD,NO2,Hospital Admissions,Chronic Lung Disease,65,99,572,40,14,14.519649479539988,13.06768453158599,1.4519649479539982,5729,0.0020967572,0.00185,,UNIT_VALUE_CLD_HA,UNIT_VALUE_CLD_HA_2015_USD,15375.0,1.002689746047139,0.0026825307207365,12.0123219988,0.0322234227891603,15375.0,495.43512538333965,2773.43,1.0,42641486.25,1374054.6397919157,1374054.6397919157
NO2_CLD,NO2,Hospital Admissions,Chronic Lung Disease,65,99,613,40,15,13.73147320452902,12.358325884076118,1.373147320452901,9380,0.0020967572,0.00185,,UNIT_VALUE_CLD_HA,UNIT_VALUE_CLD_HA_2015_USD,15375.0,1.0025435518961028,0.0025370986540106,19.667582536,0.0498985971797287,15375.0,767.1909316383287,2773.43,1.0,42641486.25,2127750.34553369,2127750.34553369
NO2_CLD,NO2,Hospital Admissions,Chronic Lung Disease,65,99,654,40,16,13.879534899867163,12.491581409880448,1.3879534899867156,9380,0.0020967572,0.00185,,UNIT_VALUE_CLD_HA,UNIT_VALUE_CLD_HA_2015_USD,15375.0,1.002571013357325,0.0025644201987399,19.667582536,0.050435945915703,15375.0,775.4526684539337,2773.43,1.0,42641486.25,2150663.694270193,2150663.694270193
NO2_CLD,NO2,Hospital Admissions,Chronic Lung Disease,65,99,695,40,17,14.975861476546504,13.478275328891856,1.4975861476546477,3681,0.0020967572,0.00185,,UNIT_VALUE_CLD_HA,UNIT_VALUE_CLD_HA_2015_USD,15375.0,1.0027743758503465,0.0027666999847237,7.7181632532,0.0213538421547241,15375.0,328.31532312888305,2773.43,1.0,42641486.25,910559.566625338,910559.566625338
NO2_CLD,NO2,Hospital Admissions,Chronic Lung Disease,65,99,573,41,14,14.992593907095015,13.493334516385517,1.4992593907095009,2857,0.0020967572,0.00185,,UNIT_VALUE_CLD_HA,UNIT_VALUE_CLD_HA_2015_USD,15375.0,1.002777479942882,0.0027697869152786,5.9904353204,0.0165922293672668,15375.0,255.10552652172703,2773.43,1.0,42641486.25,707517.3204211533,707517.3204211533
NO2_CLD,NO2,Hospital Admissions,Chronic Lung Disease,65,99,614,41,15,14.908357926438637,13.41752213379477,1.490835792643864,5064,0.0020967572,0.00185,,UNIT_VALUE_CLD_HA,UNIT_VALUE_CLD_HA_2015_USD,15375.0,1.002761853124929,0.0027542463011752,10.6179784608,0.029244527901617,15375.0,449.63461648736137,2773.43,1.0,42641486.25,1247030.1344045426,1247030.1344045426
NO2_CLD,NO2,Hospital Admissions,Chronic Lung Disease,65,99,655,41,16,14.882447831053328,13.394203047947997,1.4882447831053316,2972,0.0020967572,0.00185,,UNIT_VALUE_CLD_HA,UNIT_VALUE_CLD_HA_2015_USD,15375.0,1.0027570465302251,0.0027494661241875,6.2315623984,0.0171334697151619,15375.0,263.4270968706142,2773.43,1.0,42641486.25,730596.6132738675,730596.6132738675
NO2_CLD,NO2,Hospital Admissions,Chronic Lung Disease,65,99,696,41,17,15.479930837714765,13.931937753943288,1.5479930837714768,886,0.0020967572,0.00185,,UNIT_VALUE_CLD_HA,UNIT_VALUE_CLD_HA_2015_USD,15375.0,1.0028678917608111,0.0028596904780506,1.8577268792,0.005312523867267,15375.0,81.68005445923012,2773.43,1.0,42641486.25,226533.91343886257,226533.91343886257
O3_MAIN,O3,Mortality,Respiratory mortality,0,99,0,1,1,11.809210666287012,10.628289599658313,1.1809210666287022,66007,0.0001320424481591,0.000867,0.000304,VSL,VSL_2015_USD,,1.001024382886876,0.0010233346004238,8.715725875637713,0.0089191038563491,8705114.0,77641.81584735855,2773.43,1.0,24143024321.02,215334141.32553962,215334141.32553962
O3_MAIN,O3,Mortality,Respiratory mortality,0,99,41,1,2,11.718344363775156,10.546509927397642,1.1718344363775142,53333,0.0001320424481591,0.000867,0.000304,VSL,VSL_2015_USD,,1.0010164967393127,0.0010154645229363,7.04221988766928,0.0071511244586447,8705114.0,62251.3536406904,2773.43,1.0,24143024321.02,172649771.72769997,172649771.72769997
O3_MAIN,O3,Mortality,Respiratory mortality,0,99,82,1,3,12.06777965098007,10.861001685882062,1.2067779650980075,6180,0.0001320424481591,0.000867,0.000304,VSL,VSL_2015_USD,,1.001046824033935,0.0010457293393294,0.816022329623238,0.0008533384916349,8705114.0,7428.408850269851,2773.43,1.0,24143024321.02,20602171.957603913,20602171.957603913
O3_MAIN,O3,Mortality,Respiratory mortality,0,99,1,2,1,11.62794440338785,10.465149963049068,1.162794440338784,35848,0.0001320424481591,0.000867,0.000304,VSL,VSL_2015_USD,,1.0010086511265204,0.0010076347745697,4.733457681607416,0.004769596563942,8705114.0,41519.8818231234,2773.43,1.0,24143024321.02,115152485.84470513,115152485.84470513
O3_MAIN,O3,Mortality,Respiratory mortality,0,99,42,2,2,12.004949260089102,10.804454334080193,1.2004949260089095,88375,0.0001320424481591,0.000867,0.000304,VSL,VSL_2015_USD,,1.0010413709514332,0.0010402876261182,11.669251356060462,0.0121393777917738,8705114.0,105674.6675664592,2773.43,1.0,24143024321.02,293081293.26884496,293081293.26884496
O3_MAIN,O3,Mortality,Respiratory mortality,0,99,83,2,3,11.786074528376378,10.60746707553874,1.1786074528376371,38621,0.0001320424481591,0.000867,0.000304,VSL,VSL_2015_USD,,1.0010223749309202,0.0010213307479672,5.099611390352601,0.0052083899156513,8705114.0,45339.62797219496,2773.43,1.0,24143024321.02,125746284.40692466,125746284.40692466
O3_MAIN,O3,Mortality,Respiratory mortality,0,99,2,3,1,12.08654399539896,10.877889595859063,1.2086543995398955,682,0.0001320424481591,0.000867,0.000304,VSL,VSL_2015_USD,,1.0010484526069658,0.0010473545054043,0.0900529496445061,9.43173625351278e-05,8705114.0,821.0433930476165,2773.43,1.0,24143024321.02,2277106.377580051,2277106.377580051
O3_MAIN,O3,Mortality,Respiratory mortality,0,99,43,3,2,12.101922755899531,10.891730480309578,1.2101922755899537,64336,0.0001320424481591,0.000867,0.000304,VSL,VSL_2015_USD,,1.0010497873443334,0.0010486864465736,8.495082944763857,0.0089086783466926,8705114.0,77551.0605972906,2773.43,1.0,24143024321.02,215082437.99234366,215082437.99234366
O3_MAIN,O3,Mortality,Respiratory mortality,0,99,84,3,3,11.89507848230244,10.705570634072195,1.189507848230244,86400,0.0001320424481591,0.000867,0.000304,VSL,VSL_2015_USD,,1.001031835280529,0.001030771693929,11.40846752094624,0.0117595253917004,8705114.0,102368.00912064665,2773.43,1.0,24143024321.02,283910507.535475,283910507.535475
O3_MAIN,O3,Mortality,Respiratory mortality,0,99,125,3,4,11.942870413331397,10.748583371998256,1.1942870413331406,35539,0.0001320424481591,0.000867,0.000304,VSL,VSL_2015_USD,,1.0010359831250144,0.0010349109747087,4.692656565126255,0.0048564817797882,8705114.0,42276.22753197918,2773.43,1.0,24143024321.02,117250157.72401701,117250157.72401701
O3_MAIN,O3,Mortality,Respiratory mortality,0,99,166,3,5,11.913714568488626,10.722343111639765,1.1913714568488611,56,0.0001320424481591,0.000867,0.000304,VSL,VSL_2015_USD,,1.0010334526976945,0.0010323857758294,0.0073943770969096,7.633849735968351e-06,8705114.0,66.45353221047439,2773.43,1.0,24143024321.02,184304.21983849598,184304.21983849598
O3_MAIN,O3,Mortality,Respiratory mortality,0,99,44,4,2,12.040458602220191,10.836412741998172,1.2040458602220188,8855,0.0001320424481591,0.000867,0.000304,VSL,VSL_2015_USD,,1.0010444528221671,0.001043363078655,1.1692358784488304,0.0012199375458123,8705114.0,10619.695409176296,2773.43,1.0,24143024321.02,29452981.838671815,29452981.838671815
O3_MAIN,O3,Mortality,Respiratory mortality,0,99,85,4,3,11.481721104651887,10.333548994186698,1.1481721104651896,86293,0.0001320424481591,0.000867,0.000304,VSL,VSL_2015_USD,,1.0009959608597256,0.0009949699086401,11.394338978993217,0.0113370244129434,8705114.0,98690.08993545535,2773.43,1.0,24143024321.02,273710056.12968993,273710056.12968993
O3_MAIN,O3,Mortality,Respiratory mortality,0,99,126,4,4,12.390139896298406,11.151125906668566,1.239013989629839,87860,0.0001320424481591,0.000867,0.000304,VSL,VSL_2015_USD,,1.0010748023154803,0.0010736483557417,11.601249495258523,0.0124556624451341,8705114.0,108427.96153041108,2773.43,1.0,24143024321.02,300717361.34728795,300717361.34728795
O3_MAIN,O3,Mortality,Respiratory mortality,0,99,167,4,5,11.591953421174413,10.432758079056972,1.1591953421174406,60657,0.0001320424481591,0.000867,0.000304,VSL,VSL_2015_USD,,1.0010055275658225,0.0010045174957901,8.009298777986528,0.0080454807514978,8705114.0,70036.82712659403,2773.43,1.0,24143024321.02,194242237.45770967,194242237.45770967
O3_MAIN,O3,Mortality,Respiratory mortality,0,99,208,4,6,11.825653174625185,10.643087857162664,1.1825653174625188,46725,0.0001320424481591,0.000867,0.000304,VSL,VSL_2015_USD,,1.001025809913691,0.0010247587060512,6.169683390233947,0.0063224367677219,8705114.0,55037.53282081066,2773.43,1.0,24143024321.02,152642744.6512209,152642744.6512209
O3_MAIN,O3,Mortality,Respiratory mortality,0,99,86,5,3,12.058824329815204,10.852941896833686,1.205882432981518,66266,0.0001320424481591,0.000867,0.000304,VSL,VSL_2015_USD,,1.00104604679511,0.0010449537246152,8.74992486971092,0.0091432665827077,8705114.0,79593.17793486096,2773.43,1.0,24143024321.02,220746107.4798814,220746107.4798814
O3_MAIN,O3,Mortality,Respiratory mortality,0,99,127,5,4,12.139594961595074,10.925635465435567,1.2139594961595073,88375,0.0001320424481591,0.000867,0.000304,VSL,VSL_2015_USD,,1.0010530569587015,0.0010519491962801,11.669251356060462,0.0122754595851989,8705114.0,106859.27509154912,2773.43,1.0,24143024321.02,296366719.31715506,296366719.31715506
O3_MAIN,O3,Mortality,Respiratory mortality,0,99,168,5,5,11.83935485372132,10.655419368349188,1.1839354853721318,88376,0.0001320424481591,0.000867,0.000304,VSL,VSL_2015_USD,,1.001026999068571,0.0010259454235765,11.66938339850862,0.0119721504936605,8705114.0,104218.93487247093,2773.43,1.0,24143024321.02,289043920.543357,289043920.543357
O3_MAIN,O3,Mortality,Respiratory mortality,0,99,209,5,6,12.051643422093724,10.846479079884352,1.205164342209372,21680,0.0001320424481591,0.000867,0.000304,VSL,VSL_2015_USD,,1.0010454235593518,0.0010443317902942,2.862680276089288,0.0029895880177684,8705114.0,26024.70450770795,2773.43,1.0,24143024321.02,72177696.22281246,72177696.22281246
O3_MAIN,O3,Mortality,Respiratory mortality,0,99,87,6,3,11.70106573049905,10.530959157449145,1.170106573049905,22233,0.0001320424481591,0.000867,0.000304,VSL,VSL_2015_USD,,1.0010149971601603,0.0010139679855346,2.93569974992127,0.0029767055615622,8705114.0,25912.56125783297,2773.43,1.0,24143024321.02,71866674.7693117,71866674.7693117
O3_MAIN,O3,Mortality,Respiratory mortality,0,99,128,6,4,11.716655295107511,10.544989765596762,1.171665529510749,88366,0.0001320424481591,0.000867,0.000304,VSL,VSL_2015_USD,,1.001016350148212,0.001015318229379,11.66806297402703,0.0118467970390724,8705114.0,103127.7187599877,2773.43,1.0,24143024321.02,286017509.0405127,286017509.0405127
O3_MAIN,O3,Mortality,Respiratory mortality,0,99,169,6,5,11.98786433402051,10.78907790061846,1.1987864334020522,87552,0.0001320424481591,0.000867,0.000304,VSL,VSL_2015_USD,,1.001039888146897,0.0010388079028719,11.560580421225522,0.0120092223033554,8705114.0,104541.64920205134,2773.43,1.0,24143024321.02,289938946.1464452,289938946.1464452
O3_MAIN,O3,Mortality,Respiratory mortality,0,99,210,6,6,11.853216892921516,10.667895203629364,1.1853216892921503,27561,0.0001320424481591,0.000867,0.000304,VSL,VSL_2015_USD,,1.00102820214238,0.0010271460286327,3.639221913712955,0.0037380123359835,8705114.0,32539.823518142668,2773.43,1.0,24143024321.02,90246922.73992242,90246922.73992242
O3_MAIN,O3,Mortality,Respiratory mortality,0,99,251,6,7,11.729556568173711,10.556600911356345,1.1729556568173702,80,0.0001320424481591,0.000867,0.000304,VSL,VSL_2015_USD,,1.0010174698260417,0.0010164356334545,0.0105633958527279,1.0737011954998736e-05,8705114.0,93.46691308762686,2773.43,1.0,24143024321.02,259223.94076461697,259223.94076461697
O3_MAIN,O3,Mortality,Respiratory mortality,0,99,129,7,4,11.77442624768692,10.596983622918229,1.1774426247686929,69107,0.0001320424481591,0.000867,0.000304,VSL,VSL_2015_USD,,1.0010213639929924,0.00102032187297,9.125057464930924,0.0093104957235778,8705114.0,81048.92667025723,2773.43,1.0,24143024321.02,224783524.69509152,224783524.69509152
O3_MAIN,O3,Mortality,Respiratory mortality,0,99,170,7,5,11.978706956398174,10.780836260758356,1.1978706956398175,88376,0.0001320424481591,0.000867,0.000304,VSL,VSL_2015_USD,,1.001039093376959,0.0010380147826731,11.66938339850862,0.0121129924723329,8705114.0,105444.98035279974,2773.43,1.0,24143024321.02,292444271.85986537,292444271.85986537
O3_MAIN,O3,Mortality,Respiratory mortality,0,99,211,7,6,11.913988977985216,10.722590080186697,1.1913988977985213,88377,0.0001320424481591,0.000867,0.000304,VSL,VSL_2015_USD,,1.001033476513585,0.0010324095425706,11.66951544095678,0.0120477190984195,8705114.0,104876.76819171896,2773.43,1.0,24143024321.02,290868375.2059591,290868375.2059591
O3_MAIN,O3,Mortality,Respiratory mortality,0,99,252,7,7,11.81369562434366,10.632326061909293,1.181369562434366,28607,0.0001320424481591,0.000867,0.000304,VSL,VSL_2015_USD,,1.0010247721311425,0.0010237230482923,3.777338314487373,0.0038669482937384,8705114.0,33662.22572909826,2773.43,1.0,24143024321.02,93359826.70385298,93359826.70385298
O3_MAIN,O3,Mortality,Respiratory mortality,0,99,130,8,4,11.869020548283997,10.682118493455595,1.1869020548283995,48901,0.0001320424481591,0.000867,0.000304,VSL,VSL_2015_USD,,1.0010295737290584,0.0010285147972431,6.457007757428149,0.0066411280244289,8705114.0,57811.77654124837,2773.43,1.0,24143024321.02,160336915.41279447,160336915.41279447
O3_MAIN,O3,Mortality,Respiratory mortality,0,99,171,8,5,11.853578673937964,10.668220806544166,1.1853578673937974,88376,0.0001320424481591,0.000867,0.000304,VSL,VSL_2015_USD,,1.0010282335410456,0.0010271773628285,11.66938339850862,0.0119865264651151,8705114.0,104344.07934284396,2773.43,1.0,24143024321.02,289390999.9718237,289390999.9718237
O3_MAIN,O3,Mortality,Respiratory mortality,0,99,212,8,6,11.910642881019472,10.719578592917523,1.1910642881019484,88377,0.0001320424481591,0.000867,0.000304,VSL,VSL_2015_USD,,1.0010331861072022,0.0010321197354304,11.66951544095678,0.0120443371895223,8705114.0,104847.32828923124,2773.43,1.0,24143024321.02,290786725.69720256,290786725.69720256
O3_MAIN,O3,Mortality,Respiratory mortality,0,99,253,8,7,12.123176788776052,10.910859109898448,1.212317678877605,77148,0.0001320424481591,0.000867,0.000304,VSL,VSL_2015_USD,,1.0010516320051523,0.0010505272370876,10.186810790578246,0.0107015221945608,8705114.0,93157.97067718192,2773.43,1.0,24143024321.02,258367110.61521664,258367110.61521664
O3_MAIN,O3,Mortality,Respiratory mortality,0,99,294,8,8,11.849440429256807,10.664496386331129,1.1849440429256806,10391,0.0001320424481591,0.000867,0.000304,VSL,VSL_2015_USD,,1.0010278743863803,0.001026818945487,1.372053078821208,0.0014088500955474,8705114.0,12264.200690651009,2773.43,1.0,24143024321.02,34013902.121472225,34013902.121472225
O3_MAIN,O3,Mortality,Respiratory mortality,0,99,131,9,4,12.25035332860812,11.02531799574731,1.225035332860811,49015,0.0001320424481591,0.000867,0.000304,VSL,VSL_2015_USD,,1.0010626698675198,0.0010615417990368,6.472060596518286,0.0068703628491034,8705114.0,59807.29182280989,2773.43,1.0,24143024321.02,165871337.36013564,165871337.36013564
O3_MAIN,O3,Mortality,Respiratory mortality,0,99,172,9,5,12.055746111445796,10.85017150030122,1.205574611144577,88376,0.0001320424481591,0.000867,0.000304,VSL,VSL_2015_USD,,1.0010457796344423,0.0010446871219258,11.66938339850862,0.0121908545572372,8705114.0,106122.77867816936,2773.43,1.0,24143024321.02,294324098.06939524,294324098.06939524
O3_MAIN,O3,Mortality,Respiratory mortality,0,99,213,9,6,12.137307103931589,10.92357639353843,1.2137307103931594,88376,0.0001320424481591,0.000867,0.000304,VSL,VSL_2015_USD,,1.0010528583925802,0.0010517510476628,11.66938339850862,0.012273286214961,8705114.0,106840.355655864,2773.43,1.0,24143024321.02,296314247.58664286,296314247.58664286
O3_MAIN,O3,Mortality,Respiratory mortality,0,99,254,9,7,12.179126791977902,10.961214112780112,1.2179126791977897,88376,0.0001320424481591,0.000867,0.000304,VSL,VSL_2015_USD,,1.001056487983533,0.001055372994646,11.66938339850862,0.0123155521029573,8705114.0,107208.28502918304,2773.43,1.0,24143024321.02,297334673.9484871,297334673.9484871
O3_MAIN,O3,Mortality,Respiratory mortality,0,99,295,9,8,11.381535165023204,10.243381648520884,1.1381535165023209,58101,0.0001320424481591,0.000867,0.000304,VSL,VSL_2015_USD,,1.0009872661254853,0.0009862923924163,7.671798280491869,0.0075666362802017,8705114.0,65868.43141569174,2773.43,1.0,24143024321.02,182681483.74122193,182681483.74122193
O3_MAIN,O3,Mortality,Respiratory mortality,0,99,91,10,3,11.899613150196764,10.709651835177088,1.1899613150196764,5057,0.0001320424481591,0.000867,0.000304,VSL,VSL_2015_USD,,1.0010322288419846,0.0010311644443045,0.6677386603405686,0.0006885483646307,8705114.0,5993.892008623811,2773.43,1.0,24143024321.02,16623639.913477536,16623639.913477536
O3_MAIN,O3,Mortality,Respiratory mortality,0,99,132,10,4,11.995359489802338,10.795823540822106,1.1995359489802322,82710,0.0001320424481591,0.000867,0.000304,VSL,VSL_2015_USD,,1.0010405386528651,0.0010394570576187,10.92123088723916,0.0113521505236247,8705114.0,98821.7644533127,2773.43,1.0,24143024321.02,274075246.18775105,274075246.18775105
O3_MAIN,O3,Mortality,Respiratory mortality,0,99,173,10,5,12.134719601803534,10.92124764162318,1.2134719601803532,88377,0.0001320424481591,0.000867,0.000304,VSL,VSL_2015_USD,,1.0010526338199766,0.0010515269471492,11.66951544095678,0.0122708099463405,8705114.0,106818.79945522793,2773.43,1.0,24143024321.02,296254462.97311276,296254462.97311276
O3_MAIN,O3,Mortality,Respiratory mortality,0,99,214,10,6,11.946521175069984,10.751869057562986,1.1946521175069975,88377,0.0001320424481591,0.000867,0.000304,VSL,VSL_2015_USD,,1.001036299974018,0.0010352271681303,11.66951544095678,0.0120805994233946,8705114.0,105162.99516898426,2773.43,1.0,24143024321.02,291662205.691516,291662205.691516
O3_MAIN,O3,Mortality,Respiratory mortality,0,99,255,10,7,12.06152787781093,10.855375090029836,1.2061527877810931,88376,0.0001320424481591,0.000867,0.000304,VSL,VSL_2015_USD,,1.0010462814379395,0.0010451878772642,11.66938339850862,0.01219669806327,8705114.0,106173.64706434456,2773.43,1.0,24143024321.02,294465177.9776651,294465177.9776651
O3_MAIN,O3,Mortality,Respiratory mortality,0,99,296,10,8,11.503509459132944,10.35315851321965,1.150350945913294,88049,0.0001320424481591,0.000867,0.000304,VSL,VSL_2015_USD,,1.0009978517932654,0.0009968570776428,11.626205517960596,0.0115896652567094,8705114.0,100889.35728149458,2773.43,1.0,24143024321.02,279809570.1652155,279809570.1652155
O3_MAIN,O3,Mortality,Respiratory mortality,0,99,337,10,9,11.722310857005958,10.55007977130536,1.1722310857005969,12381,0.0001320424481591,0.000867,0.000304,VSL,VSL_2015_USD,,1.0010168409839033,0.0010158080686272,1.634817550657817,0.0016606608586916,8705114.0,14456.24209024827,2773.43,1.0,24143024321.02,40093375.500357255,40093375.500357255
O3_MAIN,O3,Mortality,Respiratory mortality,0,99,133,11,4,11.67790965431858,10.510118688886724,1.1677909654318557,71305,0.0001320424481591,0.000867,0.000304,VSL,VSL_2015_USD,,1.0010129874926323,0.0010119623873908,9.415286765984623,0.0095279160736755,8705114.0,82941.59560377763,2773.43,1.0,24143024321.02,230032709.495385,230032709.495385
O3_MAIN,O3,Mortality,Respiratory mortality,0,99,174,11,5,11.769038525209217,10.592134672688296,1.1769038525209208,88377,0.0001320424481591,0.000867,0.000304,VSL,VSL_2015_USD,,1.001020896400468,0.0010198552339304,11.66951544095678,0.0119012163998919,8705114.0,103601.44549972858,2773.43,1.0,24143024321.02,287331356.9923122,287331356.9923122
O3_MAIN,O3,Mortality,Respiratory mortality,0,99,215,11,6,12.11396117327857,10.902565055950712,1.2113961173278565,88376,0.0001320424481591,0.000867,0.000304,VSL,VSL_2015_USD,,1.001050832171361,0.0010497290822699,11.66938339850862,0.0122496911255728,8705114.0,106634.95771289954,2773.43,1.0,24143024321.02,295744590.76968694,295744590.76968694
O3_MAIN,O3,Mortality,Respiratory mortality,0,99,256,11,7,11.95739779317372,10.761658013856346,1.195739779317373,88376,0.0001320424481591,0.000867,0.000304,VSL,VSL_2015_USD,,1.0010372439544863,0.0010361691942536,11.66938339850862,0.0120914555934695,8705114.0,105257.49936708964,2773.43,1.0,24143024321.02,291924306.4696674,291924306.4696674
O3_MAIN,O3,Mortality,Respiratory mortality,0,99,297,11,8,11.361264586246296,10.225138127621667,1.136126458624629,88376,0.0001320424481591,0.000867,0.000304,VSL,VSL_2015_USD,,1.000985506932771,0.0009845366650621,11.66938339850862,0.0114889358144993,8705114.0,100012.49600389926,2773.43,1.0,24143024321.02,277377656.7920943,277377656.7920943
O3_MAIN,O3,Mortality,Respiratory mortality,0,99,338,11,9,12.037114335859874,10.833402902273887,1.2037114335859869,74381,0.0001320424481591,0.000867,0.000304,VSL,VSL_2015_USD,,1.0010441625714788,0.0010430734332406,9.821449336522017,0.0102444928788447,8705114.0,89179.47838253129,2773.43,1.0,24143024321.02,247333040.73046374,247333040.73046374
O3_MAIN,O3,Mortality,Respiratory mortality,0,99,379,11,10,12.106268211530734,10.89564139037766,1.210626821153074,54999,0.0001320424481591,0.000867,0.000304,VSL,VSL_2015_USD,,1.0010501644909162,0.0010490628024123,7.26220260630234,0.0076185066178537,8705114.0,66319.9686181709,2773.43,1.0,24143024321.02,183933790.5646937,183933790.5646937
O3_MAIN,O3,Mortality,Respiratory mortality,0,99,420,11,11,11.866184775508945,10.67956629795805,1.186618477550894,45834,0.0001320424481591,0.000867,0.000304,VSL,VSL_2015_USD,,1.0010293276144566,0.0010282691885855,6.052033568924189,0.0062231196472102,8705114.0,54172.96596460458,2773.43,1.0,24143024321.02,150244928.99521327,150244928.99521327
O3_MAIN,O3,Mortality,Respiratory mortality,0,99,461,11,12,12.131297251515589,10.918167526364028,1.2131297251515587,22921,0.0001320424481591,0.000867,0.000304,VSL,VSL_2015_USD,,1.0010523367899151,0.001051230541342,3.026544954254731,0.0031815964906572,8705114.0,27696.16015317086,2773.43,1.0,24143024321.02,76813361.45360865,76813361.45360865
O3_MAIN,O3,Mortality,Respiratory mortality,0,99,134,12,4,11.788716556450916,10.609844900805824,1.178871655645091,65679,0.0001320424481591,0.000867,0.000304,VSL,VSL_2015_USD,,1.0010226042289696,0.0010215595778252,8.67241595264153,0.0088593895793053,8705114.0,77121.99625826468,2773.43,1.0,24143024321.02,213892458.08255902,213892458.08255902
O3_MAIN,O3,Mortality,Respiratory mortality,0,99,175,12,5,11.645732689137136,10.481159420223426,1.1645732689137116,88377,0.0001320424481591,0.000867,0.000304,VSL,VSL_2015_USD,,1.0010101949276715,0.0010091754637371,11.66951544095678,0.0117765886567151,8705114.0,102516.5467878118,2773.43,1.0,24143024321.02,284322466.3577209,284322466.3577209
O3_MAIN,O3,Mortality,Respiratory mortality,0,99,216,12,6,11.810791803570371,10.629712623213337,1.1810791803570382,88376,0.0001320424481591,0.000867,0.000304,VSL,VSL_2015_USD,,1.001024520111915,0.0010234715447334,11.66938339850862,0.0119432818529588,8705114.0,103967.6300641376,2773.43,1.0,24143024321.02,288346944.24878114,288346944.24878114
O3_MAIN,O3,Mortality,Respiratory mortality,0,99,257,12,7,12.359944395637388,11.12394995607365,1.235994439563738,88377,0.0001320424481591,0.000867,0.000304,VSL,VSL_2015_USD,,1.001072181555225,0.0010710332131689,11.66951544095678,0.0124984386188523,8705114.0,108800.33299911182,2773.43,1.0,24143024321.02,301750107.54972667,301750107.54972667
O3_MAIN,O3,Mortality,Respiratory mortality,0,99,298,12,8,11.75587806901074,10.580290262109664,1.175587806901074,88375,0.0001320424481591,0.000867,0.000304,VSL,VSL_2015_USD,,1.0010197542247123,0.0010187153853943,11.669251356060462,0.0118876458924524,8705114.0,103483.31268542988,2773.43,1.0,24143024321.02,287003723.9011518,287003723.9011518
O3_MAIN,O3,Mortality,Respiratory mortality,0,99,339,12,9,11.86692514414126,10.680232629727136,1.1866925144141245,88375,0.0001320424481591,0.000867,0.000304,VSL,VSL_2015_USD,,1.0010293918704916,0.0010283333125393,11.669251356060462,0.0119998799018322,8705114.0,104460.32253175812,2773.43,1.0,24143024321.02,289713392.3192539,289713392.3192539
O3_MAIN,O3,Mortality,Respiratory mortality,0,99,380,12,10,11.838941809604234,10.655047628643812,1.1838941809604222,88376,0.0001320424481591,0.000867,0.000304,VSL,VSL_2015_USD,,1.001026963220869,0.001025909649391,11.66938339850862,0.0119717330309741,8705114.0,104215.30081219508,2773.43,1.0,24143024321.02,289033841.7315662,289033841.7315662
O3_MAIN,O3,Mortality,Respiratory mortality,0,99,421,12,11,11.870357394708671,10.683321655237808,1.1870357394708648,88376,0.0001320424481591,0.000867,0.000304,VSL,VSL_2015_USD,,1.0010296897529825,0.0010286305826119,11.66938339850862,0.0120034846439299,8705114.0,104491.7022226592,2773.43,1.0,24143024321.02,289800421.6953897,289800421.6953897
O3_MAIN,O3,Mortality,Respiratory mortality,0,99,462,12,12,11.888033263364555,10.6992299370281,1.1888033263364566,74661,0.0001320424481591,0.000867,0.000304,VSL,VSL_2015_USD,,1.0010312238299677,0.0010301615028772,9.858421222006564,0.0101557660220594,8705114.0,88407.10097935359,2773.43,1.0,24143024321.02,245190906.06916863,245190906.06916863
O3_MAIN,O3,Mortality,Respiratory mortality,0,99,503,12,13,11.79193766831444,10.612743901482997,1.1791937668314445,110,0.0001320424481591,0.000867,0.000304,VSL,VSL_2015_USD,,1.0010228837849904,0.0010218385628935,0.014524669297501,1.484186720146186e-05,8705114.0,129.20014596158646,2773.43,1.0,24143024321.02,358327.5608142427,358327.5608142427
O3_MAIN,O3,Mortality,Respiratory mortality,0,99,135,13,4,11.82663472140782,10.643971249267038,1.1826634721407832,27480,0.0001320424481591,0.000867,0.000304,VSL,VSL_2015_USD,,1.0010258951010973,0.0010248437189465,3.628526475412068,0.0037186725673571,8705114.0,32371.46862751623,2773.43,1.0,24143024321.02,89780002.23561233,89780002.23561233
O3_MAIN,O3,Mortality,Respiratory mortality,0,99,176,13,5,11.892772088350643,10.70349487951558,1.1892772088350654,88377,0.0001320424481591,0.000867,0.000304,VSL,VSL_2015_USD,,1.0010316351098631,0.001030571935671,11.66951544095678,0.0120262751163296,8705114.0,104690.09588301244,2773.43,1.0,24143024321.02,290350652.6248232,290350652.6248232
O3_MAIN,O3,Mortality,Respiratory mortality,0,99,217,13,6,12.018065588295174,10.81625902946566,1.2018065588295157,88377,0.0001320424481591,0.000867,0.000304,VSL,VSL_2015_USD,,1.001042509321968,0.0010414236281276,11.66951544095678,0.0121529091090128,8705114.0,105792.45922559484,2773.43,1.0,24143024321.02,293407980.1900415,293407980.1900415
O3_MAIN,O3,Mortality,Respiratory mortality,0,99,258,13,7,12.483245965504612,11.234921368954152,1.2483245965504608,88376,0.0001320424481591,0.000867,0.000304,VSL,VSL_2015_USD,,1.0010828833204195,0.0010817119525885,11.66938339850862,0.0126229115015051,8705114.0,109883.88363251308,2773.43,1.0,24143024321.02,304755259.38292074,304755259.38292074
O3_MAIN,O3,Mortality,Respiratory mortality,0,99,299,13,8,11.7784401995898,10.60059617963082,1.1778440199589788,88375,0.0001320424481591,0.000867,0.000304,VSL,VSL_2015_USD,,1.0010217123581275,0.0010206695274577,11.669251356060462,0.0119104492673755,8705114.0,103681.81866372022,2773.43,1.0,24143024321.02,287554266.33652157,287554266.33652157
O3_MAIN,O3,Mortality,Respiratory mortality,0,99,340,13,9,12.117047350392818,10.905342615353536,1.211704735039282,88377,0.0001320424481591,0.000867,0.000304,VSL,VSL_2015_USD,,1.0010511000241251,0.0010499963729123,11.66951544095678,0.0122529488866494,8705114.0,106663.3168944561,2773.43,1.0,24143024321.02,295823242.9745914,295823242.9745914
O3_MAIN,O3,Mortality,Respiratory mortality,0,99,381,13,10,11.80315987644448,10.62284388880003,1.1803159876444482,88376,0.0001320424481591,0.000867,0.000304,VSL,VSL_2015_USD,,1.0010238577461397,0.0010228105336519,11.66938339850862,0.0119355682612177,8705114.0,103900.48236868189,2773.43,1.0,24143024321.02,288160714.81577337,288160714.81577337
O3_MAIN,O3,Mortality,Respiratory mortality,0,99,422,13,11,12.042733902735224,10.8384605124617,1.2042733902735223,88378,0.0001320424481591,0.000867,0.000304,VSL,VSL_2015_USD,,1.001044650296779,0.0010435601413675,11.66964748340494,0.0121779789774912,8705114.0,106010.69528866433,2773.43,1.0,24143024321.02,294013242.6344403,294013242.6344403
O3_MAIN,O3,Mortality,Respiratory mortality,0,99,463,13,12,11.983284647021277,10.78495618231915,1.1983284647021275,80098,0.0001320424481591,0.000867,0.000304,VSL,VSL_2015_USD,,1.0010394906752162,0.0010384112563982,10.576336012647593,0.0109825863669834,8705114.0,95604.66633943631,2773.43,1.0,24143024321.02,265152849.76578283,265152849.76578283
O3_MAIN,O3,Mortality,Respiratory mortality,0,99,504,13,13,11.86984877454812,10.68286389709331,1.1869848774548115,585,0.0001320424481591,0.000867,0.000304,VSL,VSL_2015_USD,,1.0010296456102088,0.0010285865306028,0.0772448321730735,7.945299393190439e-05,8705114.0,691.6473698185359,2773.43,1.0,24143024321.02,1918235.564875822,1918235.564875822
O3_MAIN,O3,Mortality,Respiratory mortality,0,99,136,14,4,12.097092837091507,10.887383553382357,1.2097092837091503,5922,0.0001320424481591,0.000867,0.000304,VSL,VSL_2015_USD,,1.001049368150858,0.001048268131667,0.7819553779981901,0.0008196989031411,8705114.0,7135.572397518234,2773.43,1.0,24143024321.02,19790010.554448992,19790010.554448992
O3_MAIN,O3,Mortality,Respiratory mortality,0,99,177,14,5,11.573626484281895,10.416263835853709,1.1573626484281905,84182,0.0001320424481591,0.000867,0.000304,VSL,VSL_2015_USD,,1.0010039370239292,0.0010029301452239,11.115597370929356,0.0111481676854765,8705114.0,97046.07059318908,2773.43,1.0,24143024321.02,269150483.5652684,269150483.5652684
O3_MAIN,O3,Mortality,Respiratory mortality,0,99,218,14,6,11.59529142654331,10.43576228388898,1.1595291426543302,76565,0.0001320424481591,0.000867,0.000304,VSL,VSL_2015_USD,,1.0010058172619347,0.0010048066101012,10.109830043301493,0.0101584240545097,8705114.0,88430.23945484916,2773.43,1.0,24143024321.02,245255079.0112623,245255079.0112623
O3_MAIN,O3,Mortality,Respiratory mortality,0,99,259,14,7,12.054848275059912,10.84936344755392,1.2054848275059928,45742,0.0001320424481591,0.000867,0.000304,VSL,VSL_2015_USD,,1.001045701710625,0.001044609360829,6.039885663693552,0.0063093211026315,8705114.0,54923.35946101291,2773.43,1.0,24143024321.02,152326092.829957,152326092.829957
O3_MAIN,O3,Mortality,Respiratory mortality,0,99,300,14,8,11.410648809226943,10.26958392830425,1.1410648809226949,65052,0.0001320424481591,0.000867,0.000304,VSL,VSL_2015_USD,,1.000989792773637,0.0009888140526334,8.589625337645773,0.00849354224072,8705114.0,73937.25346928304,2773.43,1.0,24143024321.02,205059796.88931364,205059796.88931364
O3_MAIN,O3,Mortality,Respiratory mortality,0,99,341,14,9,11.856033708220922,10.670430337398829,1.1856033708220934,88375,0.0001320424481591,0.000867,0.000304,VSL,VSL_2015_USD,,1.0010284466114017,0.001027389995642,11.669251356060462,0.0119888720998483,8705114.0,104364.49836059882,2773.43,1.0,24143024321.02,289447630.6882356,289447630.6882356
O3_MAIN,O3,Mortality,Respiratory mortality,0,99,382,14,10,11.85883844213308,10.672954597919771,1.1858838442133075,88375,0.0001320424481591,0.000867,0.000304,VSL,VSL_2015_USD,,1.0010286900319492,0.0010276329162117,11.669251356060462,0.0119917068010366,8705114.0,104389.17475759891,2773.43,1.0,24143024321.02,289516068.9479675,289516068.9479675
O3_MAIN,O3,Mortality,Respiratory mortality,0,99,423,14,11,11.996249697981735,10.796624728183565,1.1996249697981725,88378,0.0001320424481591,0.000867,0.000304,VSL,VSL_2015_USD,,1.001040615914227,0.0010395341584384,11.66964748340494,0.0121309971759352,8705114.0,105601.71335019395,2773.43,1.0,24143024321.02,292878959.8568284,292878959.8568284
O3_MAIN,O3,Mortality,Respiratory mortality,0,99,464,14,12,12.238407999166812,11.014567199250132,1.2238407999166796,82755,0.0001320424481591,0.000867,0.000304,VSL,VSL_2015_USD,,1.0010616331074291,0.001060507237835,10.92717279740632,0.0115883458407233,8705114.0,100877.87161492216,2773.43,1.0,24143024321.02,279777715.4729735,279777715.4729735
O3_MAIN,O3,Mortality,Respiratory mortality,0,99,505,14,13,11.51704528232447,10.365340754092024,1.151704528232445,30061,0.0001320424481591,0.000867,0.000304,VSL,VSL_2015_USD,,1.00099902652086,0.0009980294629581,3.969328034110705,0.0039615063261881,8705114.0,34485.3641811886,2773.43,1.0,24143024321.02,95642743.58103389,95642743.58103389
O3_MAIN,O3,Mortality,Respiratory mortality,0,99,546,14,14,12.133562841340536,10.920206557206482,1.2133562841340524,33,0.0001320424481591,0.000867,0.000304,VSL,VSL_2015_USD,,1.0010525334232796,0.0010514267614709,0.0043574007892503,4.581487800272464e-06,8705114.0,39.88237359098103,2773.43,1.0,24143024321.02,110610.97138843451,110610.97138843451
O3_MAIN,O3,Mortality,Respiratory mortality,0,99,178,15,5,11.938971496773451,10.745074347096104,1.1938971496773458,32375,0.0001320424481591,0.000867,0.000304,VSL,VSL_2015_USD,,1.0010356447388065,0.0010345732884233,4.274874259150862,0.0044226707198861,8705114.0,38499.85280107056,2773.43,1.0,24143024321.02,106776646.75407313,106776646.75407313
O3_MAIN,O3,Mortality,Respiratory mortality,0,99,219,15,6,11.74314818046523,10.568833362418708,1.174314818046522,5064,0.0001320424481591,0.000867,0.000304,VSL,VSL_2015_USD,,1.0010186494185014,0.0010176128277862,0.6686629574776823,0.0006804400029947,8705114.0,5923.307796229205,2773.43,1.0,24143024321.02,16427879.541295964,16427879.541295964
O3_MAIN,O3,Mortality,Respiratory mortality,0,99,301,15,8,11.962546502346497,10.766291852111843,1.1962546502346516,35569,0.0001320424481591,0.000867,0.000304,VSL,VSL_2015_USD,,1.0010376908106895,0.0010366151247006,4.696617838571028,0.0048685850864016,8705114.0,42381.58819582578,2773.43,1.0,24143024321.02,117542368.14994909,117542368.14994909
O3_MAIN,O3,Mortality,Respiratory mortality,0,99,342,15,9,12.233257670801317,11.009931903721183,1.223325767080132,88375,0.0001320424481591,0.000867,0.000304,VSL,VSL_2015_USD,,1.0010611861000052,0.001060061177818,11.669251356060462,0.0123701203367608,8705114.0,107683.30772522117,2773.43,1.0,24143024321.02,298652116.1443601,298652116.1443601
O3_MAIN,O3,Mortality,Respiratory mortality,0,99,383,15,10,11.79536608481346,10.615829476332117,1.179536608481344,88376,0.0001320424481591,0.000867,0.000304,VSL,VSL_2015_USD,,1.0010231813327908,0.0010221355028247,11.66938339850862,0.0119276910676888,8705114.0,103831.91050101272,2773.43,1.0,24143024321.02,287970535.5408237,287970535.5408237
O3_MAIN,O3,Mortality,Respiratory mortality,0,99,424,15,11,11.647366359466156,10.48262972351954,1.164736635946614,88378,0.0001320424481591,0.000867,0.000304,VSL,VSL_2015_USD,,1.0010103367099823,0.0010093169600058,11.66964748340494,0.01177837312229,8705114.0,102532.0807640704,2773.43,1.0,24143024321.02,284365548.75349575,284365548.75349575
O3_MAIN,O3,Mortality,Respiratory mortality,0,99,465,15,12,12.170437017560552,10.9533933158045,1.2170437017560527,88371,0.0001320424481591,0.000867,0.000304,VSL,VSL_2015_USD,,1.0010557337844137,0.0010546203860422,11.668723186267826,0.0123060733513213,8705114.0,107125.77141561396,2773.43,1.0,24143024321.02,297105828.2172062,297105828.2172062
O3_MAIN,O3,Mortality,Respiratory mortality,0,99,506,15,13,11.65630002799772,10.490670025197948,1.165630002799773,71500,0.0001320424481591,0.000867,0.000304,VSL,VSL_2015_USD,,1.0010111120419,0.0010100907270023,9.44103504337565,0.0095363019506176,8705114.0,83014.59561854858,2773.43,1.0,24143024321.02,230235169.9263512,230235169.9263512
O3_MAIN,O3,Mortality,Respiratory mortality,0,99,547,15,14,11.896991877374536,10.70729268963708,1.189699187737455,5126,0.0001320424481591,0.000867,0.000304,VSL,VSL_2015_USD,,1.001032001343068,0.0010309374142719,0.6768495892635465,0.0006977895654063,8705114.0,6074.3377148722975,2773.43,1.0,24143024321.02,16846750.448558275,16846750.448558275
O3_MAIN,O3,Mortality,Respiratory mortality,0,99,302,16,8,12.16203823014461,10.945834407130148,1.216203823014462,32382,0.0001320424481591,0.000867,0.000304,VSL,VSL_2015_USD,,1.0010550048410511,0.0010538929788564,4.275798556287976,0.0045062340774766,8705114.0,39227.28135511864,2773.43,1.0,24143024321.02,108794118.92872669,108794118.92872669
O3_MAIN,O3,Mortality,Respiratory mortality,0,99,343,16,9,11.870359434738742,10.683323491264868,1.187035943473873,88375,0.0001320424481591,0.000867,0.000304,VSL,VSL_2015_USD,,1.0010296899300353,0.0010286307593005,11.669251356060462,0.0120033508828539,8705114.0,104490.53781724384,2773.43,1.0,24143024321.02,289797192.29847854,289797192.29847854
O3_MAIN,O3,Mortality,Respiratory mortality,0,99,384,16,10,12.067633069576717,10.860869762619044,1.2067633069576704,88377,0.0001320424481591,0.000867,0.000304,VSL,VSL_2015_USD,,1.0010468113120237,0.0010457166440114,11.66951544095678,0.0122030065241568,8705114.0,106228.5629355287,2773.43,1.0,24143024321.02,294617483.30228335,294617483.30228335
O3_MAIN,O3,Mortality,Respiratory mortality,0,99,425,16,11,11.808369207077504,10.627532286369751,1.1808369207077511,88377,0.0001320424481591,0.000867,0.000304,VSL,VSL_2015_USD,,1.001024309857632,0.0010232617205645,11.66951544095678,0.011940968448268,8705114.0,103947.49161257604,2773.43,1.0,24143024321.02,288291091.66306674,288291091.66306674
O3_MAIN,O3,Mortality,Respiratory mortality,0,99,466,16,12,12.0018395096765,10.801655558708848,1.2001839509676504,88371,0.0001320424481591,0.000867,0.000304,VSL,VSL_2015_USD,,1.0010411010553393,0.0010400182911987,11.668723186267826,0.012135685548653,8705114.0,105642.52616917693,2773.43,1.0,24143024321.02,292992151.3533803,292992151.3533803
O3_MAIN,O3,Mortality,Respiratory mortality,0,99,507,16,13,11.56950273693791,10.412552463244118,1.156950273693791,36518,0.0001320424481591,0.000867,0.000304,VSL,VSL_2015_USD,,1.0010035791361618,0.0010025729748418,4.8219261218740135,0.0048343328164748,8705114.0,42083.41828135421,2773.43,1.0,24143024321.02,116715414.76405619,116715414.76405619
O3_MAIN,O3,Mortality,Respiratory mortality,0,99,303,17,8,11.86481021077768,10.678329189699914,1.186481021077766,24978,0.0001320424481591,0.000867,0.000304,VSL,VSL_2015_USD,,1.0010292083170316,0.00102815013636,3.298156270118,0.0033909998188585,8705114.0,29519.039997142598,2773.43,1.0,24143024321.02,81868991.09927519,81868991.09927519
O3_MAIN,O3,Mortality,Respiratory mortality,0,99,344,17,9,12.167914416023914,10.951122974421525,1.216791441602389,88377,0.0001320424481591,0.000867,0.000304,VSL,VSL_2015_USD,,1.0010555148439853,0.0010544019071206,11.66951544095678,0.0123043593361192,8705114.0,107110.85071788194,2773.43,1.0,24143024321.02,297064446.7064953,297064446.7064953
O3_MAIN,O3,Mortality,Respiratory mortality,0,99,385,17,10,12.03730222226466,10.833572000038194,1.203730222226465,88376,0.0001320424481591,0.000867,0.000304,VSL,VSL_2015_USD,,1.0010441788782394,0.0010430897060003,11.66938339850862,0.0121722136983552,8705114.0,105960.50787654362,2773.43,1.0,24143024321.02,293874051.36004233,293874051.36004233
O3_MAIN,O3,Mortality,Respiratory mortality,0,99,426,17,11,12.041763884969214,10.837587496472292,1.204176388496922,88377,0.0001320424481591,0.000867,0.000304,VSL,VSL_2015_USD,,1.0010445661083864,0.0010434761285876,11.66951544095678,0.0121768607948237,8705114.0,106000.96138107093,2773.43,1.0,24143024321.02,293986246.32310355,293986246.32310355
O3_MAIN,O3,Mortality,Respiratory mortality,0,99,467,17,12,12.160809437310762,10.944728493579683,1.2160809437310771,88369,0.0001320424481591,0.000867,0.000304,VSL,VSL_2015_USD,,1.0010548981923215,0.00105378655479,11.668459101371509,0.0122960653161428,8705114.0,107038.65032846911,2773.43,1.0,24143024321.02,296864203.9804861,296864203.9804861
O3_MAIN,O3,Mortality,Respiratory mortality,0,99,508,17,13,11.76619740695774,10.589577666261963,1.1766197406957737,32087,0.0001320424481591,0.000867,0.000304,VSL,VSL_2015_USD,,1.0010206498240737,0.0010196091601635,4.236846034081042,0.0043199270265515,8705114.0,37605.45723781183,2773.43,1.0,24143024321.02,104296103.26706447,104296103.26706447
O3_MAIN,O3,Mortality,Respiratory mortality,0,99,304,18,8,11.841326995857798,10.65719429627202,1.1841326995857795,8201,0.0001320424481591,0.000867,0.000304,VSL,VSL_2015_USD,,1.00102717022891,0.0010261162328643,1.0828801173527791,0.0011111608666616,8705114.0,9672.782016628027,2773.43,1.0,24143024321.02,26826783.82837667,26826783.82837667
O3_MAIN,O3,Mortality,Respiratory mortality,0,99,345,18,9,12.110776511444048,10.899698860299644,1.2110776511444037,86300,0.0001320424481591,0.000867,0.000304,VSL,VSL_2015_USD,,1.0010505557710725,0.0010494532618917,11.39526327613033,0.0119587962152504,8705114.0,104102.68435652328,2773.43,1.0,24143024321.02,288721507.8749124,288721507.8749124
O3_MAIN,O3,Mortality,Respiratory mortality,0,99,386,18,10,11.81998697416947,10.637988276752523,1.1819986974169456,88376,0.0001320424481591,0.000867,0.000304,VSL,VSL_2015_USD,,1.0010253181502933,0.0010242679497736,11.66938339850862,0.0119525754087126,8705114.0,104048.53152643978,2773.43,1.0,24143024321.02,288571318.79137385,288571318.79137385
O3_MAIN,O3,Mortality,Respiratory mortality,0,99,427,18,11,12.141050090072005,10.926945081064805,1.2141050090072003,88377,0.0001320424481591,0.000867,0.000304,VSL,VSL_2015_USD,,1.0010531832512015,0.0010520752231976,11.66951544095678,0.0122772080621525,8705114.0,106874.4957827566,2773.43,1.0,24143024321.02,296408932.8387706,296408932.8387706
O3_MAIN,O3,Mortality,Respiratory mortality,0,99,468,18,12,12.052921616614992,10.847629454953497,1.2052921616614984,60568,0.0001320424481591,0.000867,0.000304,VSL,VSL_2015_USD,,1.001045534494676,0.0010444424940209,7.997547000100369,0.0083529779348343,8705114.0,72713.62516221715,2773.43,1.0,24143024321.02,201666149.4336479,201666149.4336479
O3_MAIN,O3,Mortality,Respiratory mortality,0,99,509,18,13,11.634886681296068,10.47139801316646,1.1634886681296075,423,0.0001320424481591,0.000867,0.000304,VSL,VSL_2015_USD,,1.0010092536292987,0.0010082360633926,0.0558539555712992,5.631397229011311e-05,8705114.0,490.2195485782757,2773.43,1.0,24143024321.02,1359589.602613447,1359589.602613447
O3_MAIN,O3,Mortality,Respiratory mortality,0,99,346,19,9,11.726366874645532,10.553730187180978,1.1726366874645535,33933,0.0001320424481591,0.000867,0.000304,VSL,VSL_2015_USD,,1.0010171929982734,0.001016159368079,4.48059639338274,0.0045529999997172,8705114.0,39634.38403953819,2773.43,1.0,24143024321.02,109923189.7267764,109923189.7267764
O3_MAIN,O3,Mortality,Respiratory mortality,0,99,387,19,10,12.01349038616007,10.812141347544063,1.2013490386160068,88291,0.0001320424481591,0.000867,0.000304,VSL,VSL_2015_USD,,1.0010421122384896,0.0010410273711255,11.658159790415098,0.0121364634387773,8705114.0,105649.2977913884,2773.43,1.0,24143024321.02,293010931.9735703,293010931.9735703
O3_MAIN,O3,Mortality,Respiratory mortality,0,99,428,19,11,11.564724760422513,10.408252284380264,1.15647247604225,88377,0.0001320424481591,0.000867,0.000304,VSL,VSL_2015_USD,,1.0010031644699506,0.0010021591395086,11.66951544095678,0.0116947115527919,8705114.0,101803.79726417051,2773.43,1.0,24143024321.02,282345705.4463684,282345705.4463684
O3_MAIN,O3,Mortality,Respiratory mortality,0,99,469,19,12,11.696407957704976,10.52676716193448,1.169640795770496,37663,0.0001320424481591,0.000867,0.000304,VSL,VSL_2015_USD,,1.0010145929214556,0.0010135645660215,4.973114725016183,0.0050405728680363,8705114.0,43878.76144156295,2773.43,1.0,24143024321.02,121694673.34487392,121694673.34487392
O3_MAIN,O3,Mortality,Respiratory mortality,0,99,347,20,9,11.87022610372219,10.683203493349971,1.1870226103722192,2135,0.0001320424481591,0.000867,0.000304,VSL,VSL_2015_USD,,1.001029678358333,0.0010286192113921,0.2819106268196785,0.0002899786866423,8705114.0,2524.2975247914987,2773.43,1.0,24143024321.02,7000962.484182486,7000962.484182486
O3_MAIN,O3,Mortality,Respiratory mortality,0,99,388,20,10,11.862717370073534,10.67644563306618,1.1862717370073543,86731,0.0001320424481591,0.000867,0.000304,VSL,VSL_2015_USD,,1.0010290266810098,0.0010279688736116,11.452173571286902,0.0117724779664811,8705114.0,102480.76276070616,2773.43,1.0,24143024321.02,284223221.86342525,284223221.86342525
O3_MAIN,O3,Mortality,Respiratory mortality,0,99,429,20,11,12.129186070006716,10.916267463006044,1.2129186070006703,88376,0.0001320424481591,0.000867,0.000304,VSL,VSL_2015_USD,,1.0010521535578762,0.0010510476943051,11.66938339850862,0.0122650785149658,8705114.0,106768.906691728,2773.43,1.0,24143024321.02,296116088.8860392,296116088.8860392
O3_MAIN,O3,Mortality,Respiratory mortality,0,99,470,20,12,11.826402710219307,10.643762439197378,1.1826402710219297,14834,0.0001320424481591,0.000867,0.000304,VSL,VSL_2015_USD,,1.001025874965091,0.0010248236241914,1.9587176759920888,0.002007340147478,8705114.0,17474.124820572804,2773.43,1.0,24143024321.02,48463262.00112123,48463262.00112123
O3_MAIN,O3,Mortality,Respiratory mortality,0,99,348,21,9,12.013779739330824,10.81240176539774,1.2013779739330823,32334,0.0001320424481591,0.000867,0.000304,VSL,VSL_2015_USD,,1.0010421373515532,0.0010410524319289,4.269460518776339,0.0044447322560968,8705114.0,38691.90098879984,2773.43,1.0,24143024321.02,107309278.95936714,107309278.95936714
O3_MAIN,O3,Mortality,Respiratory mortality,0,99,389,21,10,11.982987950281936,10.784689155253742,1.1982987950281938,88377,0.0001320424481591,0.000867,0.000304,VSL,VSL_2015_USD,,1.00103946492487,0.0010383855595023,11.66951544095678,0.0121174563202787,8705114.0,105483.8386580466,2773.43,1.0,24143024321.02,292552042.64938617,292552042.64938617
O3_MAIN,O3,Mortality,Respiratory mortality,0,99,430,21,11,12.090793510170911,10.88171415915382,1.209079351017092,88378,0.0001320424481591,0.000867,0.000304,VSL,VSL_2015_USD,,1.0010488214262492,0.0010477225523873,11.66964748340494,0.012226552846774,8705114.0,106433.5363581922,2773.43,1.0,24143024321.02,295185962.741901,295185962.741901
O3_MAIN,O3,Mortality,Respiratory mortality,0,99,471,21,12,11.71844863553981,10.546603771985827,1.1718448635539822,56261,0.0001320424481591,0.000867,0.000304,VSL,VSL_2015_USD,,1.0010165057888645,0.0010154735541181,7.428840175879125,0.0075437907363755,8705114.0,65669.55835229268,2773.43,1.0,24143024321.02,182129923.22099906,182129923.22099906
O3_MAIN,O3,Mortality,Respiratory mortality,0,99,349,22,9,12.26933961420047,11.042405652780422,1.2269339614200483,30021,0.0001320424481591,0.000867,0.000304,VSL,VSL_2015_USD,,1.0010643177291094,0.0010631861612286,3.964046336184341,0.0042145192071004,8705114.0,36687.87015299859,2773.43,1.0,24143024321.02,101751239.71843088,101751239.71843088
O3_MAIN,O3,Mortality,Respiratory mortality,0,99,390,22,10,11.723789476985214,10.551410529286692,1.1723789476985207,88377,0.0001320424481591,0.000867,0.000304,VSL,VSL_2015_USD,,1.001016969310619,0.0010159361347483,11.66951544095678,0.0118554824114721,8705114.0,103203.32591685954,2773.43,1.0,24143024321.02,286227200.1975957,286227200.1975957
O3_MAIN,O3,Mortality,Respiratory mortality,0,99,431,22,11,12.288635496530524,11.059771946877472,1.2288635496530524,88377,0.0001320424481591,0.000867,0.000304,VSL,VSL_2015_USD,,1.001065992464062,0.0010648573341682,11.66951544095678,0.0124263691034928,8705114.0,108172.95965198264,2773.43,1.0,24143024321.02,300010131.4875982,300010131.4875982
O3_MAIN,O3,Mortality,Respiratory mortality,0,99,472,22,12,11.786405039095357,10.60776453518582,1.1786405039095342,87172,0.0001320424481591,0.000867,0.000304,VSL,VSL_2015_USD,,1.0010224036154964,0.0010213593739797,11.510404290925065,0.0117562593208328,8705114.0,102339.5776014121,2773.43,1.0,24143024321.02,283831654.7070843,283831654.7070843
O3_MAIN,O3,Mortality,Respiratory mortality,0,99,513,22,13,11.484368820710394,10.335931938639357,1.148436882071039,29744,0.0001320424481591,0.000867,0.000304,VSL,VSL_2015_USD,,1.0009961906453642,0.0009951992371937,3.9274705780442702,0.0039086157233704,8705114.0,34024.9454541318,2773.43,1.0,24143024321.02,94365804.47085275,94365804.47085275
O3_MAIN,O3,Mortality,Respiratory mortality,0,99,350,23,9,11.959728507249418,10.763755656524475,1.1959728507249423,41325,0.0001320424481591,0.000867,0.000304,VSL,VSL_2015_USD,,1.001037446237016,0.0010363710577618,5.456654170174807,0.0056551184541848,8705114.0,49228.45082718246,2773.43,1.0,24143024321.02,136531662.37763265,136531662.37763265
O3_MAIN,O3,Mortality,Respiratory mortality,0,99,391,23,10,12.0179044709926,10.81611402389334,1.2017904470992598,88376,0.0001320424481591,0.000867,0.000304,VSL,VSL_2015_USD,,1.0010424953385355,0.0010414096738049,11.66938339850862,0.0121526087585457,8705114.0,105789.8446405388,2773.43,1.0,24143024321.02,293400728.82140946,293400728.82140946
O3_MAIN,O3,Mortality,Respiratory mortality,0,99,432,23,11,12.243485483087609,11.01913693477885,1.2243485483087593,88377,0.0001320424481591,0.000867,0.000304,VSL,VSL_2015_USD,,1.001062073792732,0.0010609469887399,11.66951544095678,0.0123807372671372,8705114.0,107775.72931447778,2773.43,1.0,24143024321.02,298908440.9526521,298908440.9526521
O3_MAIN,O3,Mortality,Respiratory mortality,0,99,473,23,12,11.730753496273708,10.55767814664634,1.1730753496273696,88375,0.0001320424481591,0.000867,0.000304,VSL,VSL_2015_USD,,1.0010175737053,0.0010165393016361,11.669251356060462,0.0118622526241063,8705114.0,103262.26138964448,2773.43,1.0,24143024321.02,286390653.6058817,286390653.6058817
O3_MAIN,O3,Mortality,Respiratory mortality,0,99,514,23,13,11.834874498277982,10.651387048450184,1.1834874498277976,78902,0.0001320424481591,0.000867,0.000304,VSL,VSL_2015_USD,,1.001026610222895,0.0010255573752095,10.418413244649308,0.0106846805410314,8705114.0,93011.36216326,2773.43,1.0,24143024321.02,257960502.16445017,257960502.16445017
O3_MAIN,O3,Mortality,Respiratory mortality,0,99,555,23,14,12.222295321220496,11.000065789098446,1.22222953212205,815,0.0001320424481591,0.000867,0.000304,VSL,VSL_2015_USD,,1.0010602346561597,0.0010591117491782,0.1076145952496664,0.0001139758822119,8705114.0,992.1730479051616,2773.43,1.0,24143024321.02,2751722.4962516124,2751722.4962516124
O3_MAIN,O3,Mortality,Respiratory mortality,0,99,351,24,9,12.228604323467204,11.005743891120485,1.222860432346721,31973,0.0001320424481591,0.000867,0.000304,VSL,VSL_2015_USD,,1.0010607822267423,0.0010596581601994,4.221793194990904,0.0044736576097467,8705114.0,38943.69948981253,2773.43,1.0,24143024321.02,108007624.47603075,108007624.47603075
O3_MAIN,O3,Mortality,Respiratory mortality,0,99,392,24,10,12.239576264658986,11.015618638193088,1.2239576264658982,88377,0.0001320424481591,0.000867,0.000304,VSL,VSL_2015_USD,,1.001061734503584,0.0010606084190306,11.66951544095678,0.012376786322687,8705114.0,107741.33589263112,2773.43,1.0,24143024321.02,298813053.20469993,298813053.20469993
O3_MAIN,O3,Mortality,Respiratory mortality,0,99,433,24,11,12.213075587694018,10.991768028924614,1.2213075587694036,88376,0.0001320424481591,0.000867,0.000304,VSL,VSL_2015_USD,,1.001059434458083,0.0010583132445642,11.66938339850862,0.0123498630065403,8705114.0,107506.96535631604,2773.43,1.0,24143024321.02,298163042.9281676,298163042.9281676
O3_MAIN,O3,Mortality,Respiratory mortality,0,99,474,24,12,11.793481064894396,10.614132958404957,1.1793481064894404,88372,0.0001320424481591,0.000867,0.000304,VSL,VSL_2015_USD,,1.001023017734357,0.0010219722386332,11.668855228715984,0.0119252461003776,8705114.0,103810.62678184244,2773.43,1.0,24143024321.02,287911506.6355653,287911506.6355653
O3_MAIN,O3,Mortality,Respiratory mortality,0,99,515,24,13,12.153096103605709,10.937786493245138,1.2153096103605705,84667,0.0001320424481591,0.000867,0.000304,VSL,VSL_2015_USD,,1.0010542287410544,0.0010531185132499,11.17963795828652,0.0117734837053035,8705114.0,102489.51783180935,2773.43,1.0,24143024321.02,284247503.440275,284247503.440275
O3_MAIN,O3,Mortality,Respiratory mortality,0,99,556,24,14,11.617595521436195,10.455835969292576,1.1617595521436197,6555,0.0001320424481591,0.000867,0.000304,VSL,VSL_2015_USD,,1.0010077529738477,0.0010067384302008,0.8655382476829004,0.000871370616751,8705114.0,7585.380555067764,2773.43,1.0,24143024321.02,21037521.99284159,21037521.99284159
O3_MAIN,O3,Mortality,Respiratory mortality,0,99,352,25,9,11.960015519636078,10.764013967672472,1.1960015519636062,11823,0.0001320424481591,0.000867,0.000304,VSL,VSL_2015_USD,,1.001037471146806,0.0010363959159465,1.5611378645850391,0.0016179569070853,8705114.0,14084.499323264945,2773.43,1.0,24143024321.02,39062372.95812269,39062372.95812269
O3_MAIN,O3,Mortality,Respiratory mortality,0,99,393,25,10,11.97666680685652,10.779000126170873,1.19766668068565,88376,0.0001320424481591,0.000867,0.000304,VSL,VSL_2015_USD,,1.0010389163122135,0.0010378380852973,11.66938339850862,0.0121109305229087,8705114.0,105427.03084799983,2773.43,1.0,24143024321.02,292394490.16476816,292394490.16476816
O3_MAIN,O3,Mortality,Respiratory mortality,0,99,434,25,11,12.324489109188717,11.092040198269846,1.2324489109188708,88374,0.0001320424481591,0.000867,0.000304,VSL,VSL_2015_USD,,1.0010691042907622,0.0010679625274417,11.669119313612304,0.0124621821551852,8705114.0,108484.71634965284,2773.43,1.0,24143024321.02,300874766.86561763,300874766.86561763
O3_MAIN,O3,Mortality,Respiratory mortality,0,99,475,25,12,11.673755487412288,10.506379938671062,1.1673755487412265,88373,0.0001320424481591,0.000867,0.000304,VSL,VSL_2015_USD,,1.0010126269615829,0.00101160258553,11.668987271164143,0.0118043776940264,8705114.0,102758.45352555694,2773.43,1.0,24143024321.02,284993377.7613854,284993377.7613854
O3_MAIN,O3,Mortality,Respiratory mortality,0,99,516,25,13,11.8766365442923,10.68897288986307,1.1876636544292296,40091,0.0001320424481591,0.000867,0.000304,VSL,VSL_2015_USD,,1.0010302347159652,0.0010291744247439,5.293713789146478,0.0054481548437038,8705114.0,47426.80900409376,2773.43,1.0,24143024321.02,131534934.89622375,131534934.89622375
O3_MAIN,O3,Mortality,Respiratory mortality,0,99,353,26,9,11.804386494932494,10.623947845439243,1.180438649493249,30,0.0001320424481591,0.000867,0.000304,VSL,VSL_2015_USD,,1.0010239642028531,0.0010229167726955,0.003961273444773,4.052053047891597e-06,8705114.0,35.273583715943815,2773.43,1.0,24143024321.02,97828.81528531005,97828.81528531005
O3_MAIN,O3,Mortality,Respiratory mortality,0,99,394,26,10,11.98265237048605,10.784387133437448,1.198265237048604,65713,0.0001320424481591,0.000867,0.000304,VSL,VSL_2015_USD,,1.0010394357998589,0.0010383564949451,8.676905395878938,0.0090097210738351,8705114.0,78430.64905593696,2773.43,1.0,24143024321.02,217521915.01120722,217521915.01120722
O3_MAIN,O3,Mortality,Respiratory mortality,0,99,435,26,11,12.398979341926546,11.159081407733892,1.2398979341926548,88373,0.0001320424481591,0.000867,0.000304,VSL,VSL_2015_USD,,1.0010755695194171,0.0010744139125618,11.668987271164143,0.0125373222696453,8705114.0,109138.81961200108,2773.43,1.0,24143024321.02,302688876.47651213,302688876.47651213
O3_MAIN,O3,Mortality,Respiratory mortality,0,99,476,26,12,11.764000482752447,10.587600434477205,1.1764000482752444,88372,0.0001320424481591,0.000867,0.000304,VSL,VSL_2015_USD,,1.0010204591563563,0.0010194188810251,11.668855228715984,0.0118954513401026,8705114.0,103551.25999704593,2773.43,1.0,24143024321.02,287192171.0136071,287192171.0136071
O3_MAIN,O3,Mortality,Respiratory mortality,0,99,517,26,13,11.700484587346985,10.530436128612289,1.1700484587346978,41250,0.0001320424481591,0.000867,0.000304,VSL,VSL_2015_USD,,1.0010149467239096,0.0010139176515109,5.446750986562875,0.0055225569686606,8705114.0,48074.48798368495,2773.43,1.0,24143024321.02,133331227.20859134,133331227.20859134
O3_MAIN,O3,Mortality,Respiratory mortality,0,99,395,27,10,12.15853536165868,10.94268182549281,1.21585353616587,29100,0.0001320424481591,0.000867,0.000304,VSL,VSL_2015_USD,,1.001054700821996,0.0010535896001786,3.84243524142981,0.0040483498097303,8705114.0,35241.34660558057,2773.43,1.0,24143024321.02,97739407.91631532,97739407.91631532
O3_MAIN,O3,Mortality,Respiratory mortality,0,99,436,27,11,11.830511413523157,10.64746027217084,1.1830511413523173,88373,0.0001320424481591,0.000867,0.000304,VSL,VSL_2015_USD,,1.001026231555173,0.0010251794836371,11.668987271164143,0.0119628063452201,8705114.0,104137.59299506432,2773.43,1.0,24143024321.02,288818324.5403012,288818324.5403012
O3_MAIN,O3,Mortality,Respiratory mortality,0,99,477,27,12,11.852469294293082,10.667222364863774,1.185246929429308,88373,0.0001320424481591,0.000867,0.000304,VSL,VSL_2015_USD,,1.0010281372589362,0.0010270812784058,11.668987271164143,0.0119849983641693,8705114.0,104330.77704990728,2773.43,1.0,24143024321.02,289354106.9935243,289354106.9935243
O3_MAIN,O3,Mortality,Respiratory mortality,0,99,518,27,13,12.070993597134285,10.863894237420856,1.2070993597134283,71036,0.0001320424481591,0.000867,0.000304,VSL,VSL_2015_USD,,1.0010471029748018,0.0010460076970306,9.379767347429826,0.0098113088417685,8705114.0,85408.56195680275,2773.43,1.0,24143024321.02,236874667.98785543,236874667.98785543
O3_MAIN,O3,Mortality,Respiratory mortality,0,99,559,27,14,11.700727207876216,10.530654487088595,1.170072720787621,15036,0.0001320424481591,0.000867,0.000304,VSL,VSL_2015_USD,,1.0010149677804594,0.0010139386653826,1.985390250520228,0.0020130639408762,8705114.0,17523.951094616583,2773.43,1.0,24143024321.02,48601451.68434247,48601451.68434247
O3_MAIN,O3,Mortality,Respiratory mortality,0,99,396,28,10,11.820777194357523,10.63869947492177,1.1820777194357532,7120,0.0001320424481591,0.000867,0.000304,VSL,VSL_2015_USD,,1.0010253867326326,0.0010243363916868,0.940142230892792,0.0009630219004651,8705114.0,8383.215428045349,2773.43,1.0,24143024321.02,23250261.16460381,23250261.16460381
O3_MAIN,O3,Mortality,Respiratory mortality,0,99,437,28,11,11.881030377086237,10.692927339377611,1.1881030377086237,87523,0.0001320424481591,0.000867,0.000304,VSL,VSL_2015_USD,,1.001030616053804,0.0010295549779155,11.556751190228908,0.0118983107164318,8705114.0,103576.1511939605,2773.43,1.0,24143024321.02,287261205.0058659,287261205.0058659
O3_MAIN,O3,Mortality,Respiratory mortality,0,99,478,28,12,11.759300519167072,10.583370467250363,1.1759300519167066,88371,0.0001320424481591,0.000867,0.000304,VSL,VSL_2015_USD,,1.001020051253773,0.0010190118094991,11.668723186267826,0.0118905667285834,8705114.0,103508.73889692556,2773.43,1.0,24143024321.02,287074241.7189002,287074241.7189002
O3_MAIN,O3,Mortality,Respiratory mortality,0,99,519,28,13,11.62885987174644,10.4659738845718,1.1628859871746418,88373,0.0001320424481591,0.000867,0.000304,VSL,VSL_2015_USD,,1.0010087305776878,0.0010077140656962,11.668987271164143,0.0117590026055822,8705114.0,102363.45820789009,2773.43,1.0,24143024321.02,283897885.89750856,283897885.89750856
O3_MAIN,O3,Mortality,Respiratory mortality,0,99,560,28,14,12.118655551399437,10.906789996259494,1.2118655551399424,77991,0.0001320424481591,0.000867,0.000304,VSL,VSL_2015_USD,,1.0010512396017182,0.0010501356575278,10.298122574376368,0.0108144257209453,8705114.0,94140.80874536104,2773.43,1.0,24143024321.02,261092943.19864663,261092943.19864663
O3_MAIN,O3,Mortality,Respiratory mortality,0,99,601,28,15,11.580727285112893,10.422654556601604,1.1580727285112875,3938,0.0001320424481591,0.000867,0.000304,VSL,VSL_2015_USD,,1.001004553281614,0.0010035451670232,0.5199831608505358,0.000521826588005,8705114.0,4542.559936814558,2773.43,1.0,24143024321.02,12598472.005559597,12598472.005559597
O3_MAIN,O3,Mortality,Respiratory mortality,0,99,397,29,10,11.851092859507476,10.66598357355673,1.1851092859507464,2535,0.0001320424481591,0.000867,0.000304,VSL,VSL_2015_USD,,1.001028017799353,0.0010269620640716,0.3347276060833185,0.000343752553245,8705114.0,2992.405163788795,2773.43,1.0,24143024321.02,8299226.2534067575,8299226.2534067575
O3_MAIN,O3,Mortality,Respiratory mortality,0,99,438,29,11,12.178153936124144,10.96033854251173,1.2178153936124136,83412,0.0001320424481591,0.000867,0.000304,VSL,VSL_2015_USD,,1.0010564035478229,0.001055288737057,11.013924685846847,0.011622870671769,8705114.0,101178.41420500573,2773.43,1.0,24143024321.02,280611249.30858904,280611249.30858904
O3_MAIN,O3,Mortality,Respiratory mortality,0,99,479,29,12,12.302732832786267,11.07245954950764,1.2302732832786276,88373,0.0001320424481591,0.000867,0.000304,VSL,VSL_2015_USD,,1.0010672160067606,0.0010660782709653,11.668987271164143,0.0124400537739597,8705114.0,108292.08626844942,2773.43,1.0,24143024321.02,300340520.81950563,300340520.81950563
O3_MAIN,O3,Mortality,Respiratory mortality,0,99,520,29,13,11.457694713710852,10.311925242339766,1.1457694713710858,88373,0.0001320424481591,0.000867,0.000304,VSL,VSL_2015_USD,,1.0009938756991286,0.000992888890988,11.668987271164143,0.0115860078306196,8705114.0,100857.5189704363,2773.43,1.0,24143024321.02,279721268.83817714,279721268.83817714
O3_MAIN,O3,Mortality,Respiratory mortality,0,99,561,29,14,11.913563216440703,10.722206894796637,1.1913563216440686,88372,0.0001320424481591,0.000867,0.000304,VSL,VSL_2015_USD,,1.001033439561911,0.0010323726671539,11.668855228715984,0.0120466071951028,8705114.0,104867.08894659011,2773.43,1.0,24143024321.02,290841530.4971414,290841530.4971414
O3_MAIN,O3,Mortality,Respiratory mortality,0,99,602,29,15,11.614123284082988,10.45271095567469,1.1614123284082982,54996,0.0001320424481591,0.000867,0.000304,VSL,VSL_2015_USD,,1.0010074516275376,0.0010064376902485,7.261806478957864,0.0073085557397143,8705114.0,63621.81088956731,2773.43,1.0,24143024321.02,176450638.97545263,176450638.97545263
O3_MAIN,O3,Mortality,Respiratory mortality,0,99,643,29,16,12.390802663755544,11.151722397379988,1.2390802663755558,2346,0.0001320424481591,0.000867,0.000304,VSL,VSL_2015_USD,,1.001074859839181,0.0010737057559847,0.3097715833812486,0.0003326035321169,8705114.0,2895.351663880276,2773.43,1.0,24143024321.02,8030055.165155474,8030055.165155474
O3_MAIN,O3,Mortality,Respiratory mortality,0,99,398,30,10,12.009051065905632,10.808145959315068,1.2009051065905645,10141,0.0001320424481591,0.000867,0.000304,VSL,VSL_2015_USD,,1.0010417269484,0.0010406428826654,1.3390424667814331,0.0013934650126429,8705114.0,12130.271790067884,2773.43,1.0,24143024321.02,33642459.69072797,33642459.69072797
O3_MAIN,O3,Mortality,Respiratory mortality,0,99,439,30,11,11.89036596778998,10.70132937101098,1.1890365967789975,83452,0.0001320424481591,0.000867,0.000304,VSL,VSL_2015_USD,,1.0010314262840223,0.0010303635399849,11.019206383773213,0.0113537884974096,8705114.0,98836.02320183929,2773.43,1.0,24143024321.02,274114791.8286771,274114791.8286771
O3_MAIN,O3,Mortality,Respiratory mortality,0,99,480,30,12,12.362484538491175,11.12623608464206,1.2362484538491163,88373,0.0001320424481591,0.000867,0.000304,VSL,VSL_2015_USD,,1.0010724020217618,0.0010712532076561,11.668987271164143,0.0125004400443328,8705114.0,108817.75563608207,2773.43,1.0,24143024321.02,301798428.0137791,301798428.0137791
O3_MAIN,O3,Mortality,Respiratory mortality,0,99,521,30,13,11.539166091116442,10.3852494820048,1.1539166091116435,88375,0.0001320424481591,0.000867,0.000304,VSL,VSL_2015_USD,,1.0010009463128309,0.0009999454211482,11.669251356060462,0.0116686144617204,8705114.0,101576.61911132472,2773.43,1.0,24143024321.02,281715642.7419213,281715642.7419213
O3_MAIN,O3,Mortality,Respiratory mortality,0,99,562,30,14,11.456032195121256,10.310428975609131,1.1456032195121235,88372,0.0001320424481591,0.000867,0.000304,VSL,VSL_2015_USD,,1.0009937314155195,0.0009927448937312,11.668855228715984,0.0115841964439969,8705114.0,100841.75064338764,2773.43,1.0,24143024321.02,279677536.48689055,279677536.48689055
O3_MAIN,O3,Mortality,Respiratory mortality,0,99,603,30,15,12.059772574010989,10.853795316609892,1.2059772574010967,88373,0.0001320424481591,0.000867,0.000304,VSL,VSL_2015_USD,,1.0010461290938837,0.001045035851475,11.668987271164143,0.0121945100487729,8705114.0,106154.60014871364,2773.43,1.0,24143024321.02,294412352.69044685,294412352.69044685
O3_MAIN,O3,Mortality,Respiratory mortality,0,99,644,30,16,12.227489568552558,11.004740611697304,1.2227489568552556,26746,0.0001320424481591,0.000867,0.000304,VSL,VSL_2015_USD,,1.001060685474972,0.0010595616133589,3.5316073184632883,0.0037419555481012,8705114.0,32574.14962915343,2773.43,1.0,24143024321.02,90342123.80598299,90342123.80598299
O3_MAIN,O3,Mortality,Respiratory mortality,0,99,440,31,11,12.228347235853898,11.005512512268508,1.2228347235853896,77384,0.0001320424481591,0.000867,0.000304,VSL,VSL_2015_USD,,1.001060759913602,0.0010596358943224,10.217972808343792,0.0108273307549318,8705114.0,94253.1485373874,2773.43,1.0,24143024321.02,261404509.74804634,261404509.74804634
O3_MAIN,O3,Mortality,Respiratory mortality,0,99,481,31,12,13.848874512988036,12.463987061689236,1.384887451298802,88374,0.0001320424481591,0.000867,0.000304,VSL,VSL_2015_USD,,1.0012014185460127,0.0011999768715443,11.669119313612304,0.0140026732876266,8705114.0,121894.86727354434,2773.43,1.0,24143024321.02,338066881.74246603,338066881.74246603
O3_MAIN,O3,Mortality,Respiratory mortality,0,99,522,31,13,11.52972095969838,10.376748863728542,1.1529720959698366,88374,0.0001320424481591,0.000867,0.000304,VSL,VSL_2015_USD,,1.0010001266006043,0.0009991273467675,11.669119313612304,0.0116589362189234,8705114.0,101492.36890445717,2773.43,1.0,24143024321.02,281481980.6906886,281481980.6906886
O3_MAIN,O3,Mortality,Respiratory mortality,0,99,563,31,14,12.366473994154372,11.129826594738937,1.2366473994154354,88372,0.0001320424481591,0.000867,0.000304,VSL,VSL_2015_USD,,1.0010727482785562,0.0010715987228709,11.668855228715984,0.0125043303604585,8705114.0,108851.62128145236,2773.43,1.0,24143024321.02,301892352.0106184,301892352.0106184
O3_MAIN,O3,Mortality,Respiratory mortality,0,99,604,31,15,11.725275688982666,10.5527481200844,1.172527568898266,88373,0.0001320424481591,0.000867,0.000304,VSL,VSL_2015_USD,,1.0010170982962483,0.0010160648584122,11.668987271164143,0.0118564478994893,8705114.0,103211.7306001149,2773.43,1.0,24143024321.02,286250509.99827665,286250509.99827665
O3_MAIN,O3,Mortality,Respiratory mortality,0,99,645,31,16,11.707845519738306,10.53706096776448,1.1707845519738278,69888,0.0001320424481591,0.000867,0.000304,VSL,VSL_2015_USD,,1.0010155855646836,0.0010145551970708,9.22818261694318,0.0093625006335384,8705114.0,81501.63534002399,2773.43,1.0,24143024321.02,226039080.50108272,226039080.50108272
O3_MAIN,O3,Mortality,Respiratory mortality,0,99,686,31,17,12.150534137801635,10.935480724021472,1.2150534137801632,17050,0.0001320424481591,0.000867,0.000304,VSL,VSL_2015_USD,,1.001054006384476,0.0010528966247114,2.251323741112655,0.0023704111681501,8705114.0,20634.69944561979,2773.43,1.0,24143024321.02,57228894.48346529,57228894.48346529
O3_MAIN,O3,Mortality,Respiratory mortality,0,99,400,32,10,11.472571905725392,10.325314715152851,1.1472571905725388,7025,0.0001320424481591,0.000867,0.000304,VSL,VSL_2015_USD,,1.000995166834462,0.0009941774620243,0.9275981983176774,0.0009221972225818,8705114.0,8027.831953057944,2773.43,1.0,24143024321.02,22264629.97356949,22264629.97356949
O3_MAIN,O3,Mortality,Respiratory mortality,0,99,441,32,11,11.735743940772409,10.562169546695166,1.1735743940772403,85838,0.0001320424481591,0.000867,0.000304,VSL,VSL_2015_USD,,1.0010180068172068,0.001016971533253,11.334259665080824,0.0115266194298858,8705114.0,100340.5361717709,2773.43,1.0,24143024321.02,278287453.23487455,278287453.23487455
O3_MAIN,O3,Mortality,Respiratory mortality,0,99,482,32,12,13.754664085314024,12.37919767678262,1.3754664085314037,88374,0.0001320424481591,0.000867,0.000304,VSL,VSL_2015_USD,,1.001193240722092,0.0011918185956104,11.669119313612304,0.0139074733923603,8705114.0,121066.14133246314,2773.43,1.0,24143024321.02,335768468.3556932,335768468.3556932
O3_MAIN,O3,Mortality,Respiratory mortality,0,99,523,32,13,9.91478905649132,8.92331015084219,0.9914789056491315,88374,0.0001320424481591,0.000867,0.000304,VSL,VSL_2015_USD,,1.0008599817836634,0.0008592428504642,11.669119313612304,0.0100266073414355,8705114.0,87282.75994043295,2773.43,1.0,24143024321.02,242072624.90159494,242072624.90159494
O3_MAIN,O3,Mortality,Respiratory mortality,0,99,564,32,14,10.995581733233344,9.896023559910011,1.0995581733233326,88371,0.0001320424481591,0.000867,0.000304,VSL,VSL_2015_USD,,1.000953771487294,0.0009528626740442,11.668723186267826,0.0111186907779494,8705114.0,96789.4707527982,2773.43,1.0,24143024321.02,268438821.86993307,268438821.86993307
O3_MAIN,O3,Mortality,Respiratory mortality,0,99,605,32,15,11.7342200050325,10.560798004529252,1.1734220005032494,88373,0.0001320424481591,0.000867,0.000304,VSL,VSL_2015_USD,,1.0010178745574825,0.0010168395423832,11.668987271164143,0.011865487676887,8705114.0,103290.4228928965,2773.43,1.0,24143024321.02,286468757.56384593,286468757.56384593
O3_MAIN,O3,Mortality,Respiratory mortality,0,99,646,32,16,11.408967007243785,10.268070306519403,1.1408967007243778,88373,0.0001320424481591,0.000867,0.000304,VSL,VSL_2015_USD,,1.000989646817092,0.000988668384572,11.668987271164143,0.0115367587949732,8705114.0,100428.80050074431,2773.43,1.0,24143024321.02,278532248.17277926,278532248.17277926
O3_MAIN,O3,Mortality,Respiratory mortality,0,99,687,32,17,12.122244319995287,10.91001988799576,1.2122244319995286,50211,0.0001320424481591,0.000867,0.000304,VSL,VSL_2015_USD,,1.0010515510750932,0.0010504464769709,6.62998336451657,0.0069644426676324,8705114.0,60626.26736820416,2773.43,1.0,24143024321.02,168142708.70699844,168142708.70699844
O3_MAIN,O3,Mortality,Respiratory mortality,0,99,360,33,9,11.948769685263292,10.753892716736964,1.1948769685263283,26038,0.0001320424481591,0.000867,0.000304,VSL,VSL_2015_USD,,1.0010364951218929,0.0010354219121319,3.4381212651666457,0.0035599060945202,8705114.0,30989.38838209312,2773.43,1.0,24143024321.02,85946899.42054851,85946899.42054851
O3_MAIN,O3,Mortality,Respiratory mortality,0,99,401,33,10,11.578197978892211,10.420378181002992,1.1578197978892213,87066,0.0001320424481591,0.000867,0.000304,VSL,VSL_2015_USD,,1.0010043337704997,0.0010033260962182,11.4964077914202,0.0115346459498984,8705114.0,100410.40794350386,2773.43,1.0,24143024321.02,278481237.7027519,278481237.7027519
O3_MAIN,O3,Mortality,Respiratory mortality,0,99,442,33,11,14.420699173241324,12.97862925591719,1.4420699173241331,88372,0.0001320424481591,0.000867,0.000304,VSL,VSL_2015_USD,,1.001251056537468,0.001249493350643,11.668855228715984,0.0145801570178971,8705114.0,126921.9289786943,2773.43,1.0,24143024321.02,352009085.4873801,352009085.4873801
O3_MAIN,O3,Mortality,Respiratory mortality,0,99,483,33,12,12.71250670645894,11.441256035813046,1.2712506706458946,88373,0.0001320424481591,0.000867,0.000304,VSL,VSL_2015_USD,,1.0011027819487914,0.0011015671604114,11.668987271164143,0.0128541731731734,8705114.0,111897.04284821618,2773.43,1.0,24143024321.02,310338615.54652816,310338615.54652816
O3_MAIN,O3,Mortality,Respiratory mortality,0,99,524,33,13,9.923417995965655,8.931076196369093,0.9923417995965648,88375,0.0001320424481591,0.000867,0.000304,VSL,VSL_2015_USD,,1.0008607305563733,0.0008599903364124,11.669251356060462,0.0100354433993802,8705114.0,87359.67883215217,2773.43,1.0,24143024321.02,242285954.0634558,242285954.0634558
O3_MAIN,O3,Mortality,Respiratory mortality,0,99,565,33,14,10.822473624774185,9.740226262296767,1.0822473624774158,88373,0.0001320424481591,0.000867,0.000304,VSL,VSL_2015_USD,,1.000938748812371,0.0009378683895342,11.668987271164143,0.0109439742995023,8705114.0,95268.54389023766,2773.43,1.0,24143024321.02,264220637.68150184,264220637.68150184
O3_MAIN,O3,Mortality,Respiratory mortality,0,99,606,33,15,13.724537477078387,12.352083729370548,1.372453747707839,88374,0.0001320424481591,0.000867,0.000304,VSL,VSL_2015_USD,,1.001190625631856,0.0011892097282719,11.669119313612304,0.013877030208114,8705114.0,120801.1299430761,2773.43,1.0,24143024321.02,335033477.8180255,335033477.8180255
O3_MAIN,O3,Mortality,Respiratory mortality,0,99,647,33,16,11.790657409884853,10.611591668896365,1.1790657409884862,88374,0.0001320424481591,0.000867,0.000304,VSL,VSL_2015_USD,,1.0010227726730525,0.0010217276779039,11.669119313612304,0.0119226621794816,8705114.0,103788.1334558758,2773.43,1.0,24143024321.02,287849122.9705296,287849122.9705296
O3_MAIN,O3,Mortality,Respiratory mortality,0,99,688,33,17,11.854297713336727,10.668867942003056,1.1854297713336717,78804,0.0001320424481591,0.000867,0.000304,VSL,VSL_2015_USD,,1.0010282959458645,0.0010272396395074,10.405473084729715,0.0106889144204623,8705114.0,93048.21856636825,2773.43,1.0,24143024321.02,258062720.81852266,258062720.81852266
O3_MAIN,O3,Mortality,Respiratory mortality,0,99,729,33,18,11.695470846058043,10.52592376145224,1.1695470846058047,456,0.0001320424481591,0.000867,0.000304,VSL,VSL_2015_USD,,1.001014511591446,0.0010134834007881,0.0602113563605496,6.10232102103544e-05,8705114.0,531.2140015270991,2773.43,1.0,24143024321.02,1473284.8482553023,1473284.8482553023
O3_MAIN,O3,Mortality,Respiratory mortality,0,99,361,34,9,11.974283230492295,10.776854907443065,1.1974283230492304,20956,0.0001320424481591,0.000867,0.000304,VSL,VSL_2015_USD,,1.001038709441466,0.0010376316436807,2.7670815436220995,0.0028712113703072,8705114.0,24994.22229662039,2773.43,1.0,24143024321.02,69319725.94411589,69319725.94411589
O3_MAIN,O3,Mortality,Respiratory mortality,0,99,402,34,10,12.00431811243484,10.803886301191351,1.2004318112434866,76970,0.0001320424481591,0.000867,0.000304,VSL,VSL_2015_USD,,1.0010413161739489,0.0010402329625402,10.163307234805927,0.0105722071940694,8705114.0,92032.26885599425,2773.43,1.0,24143024321.02,255245055.4132801,255245055.4132801
O3_MAIN,O3,Mortality,Respiratory mortality,0,99,443,34,11,11.363556547772898,10.227200892995606,1.136355654777292,88316,0.0001320424481591,0.000867,0.000304,VSL,VSL_2015_USD,,1.0009857058416884,0.0009847351824665,11.661460851619076,0.0114834507795457,8705114.0,99964.7481493342,2773.43,1.0,24143024321.02,277245231.45980793,277245231.45980793
O3_MAIN,O3,Mortality,Respiratory mortality,0,99,484,34,12,12.531441421510785,11.278297279359704,1.2531441421510792,88373,0.0001320424481591,0.000867,0.000304,VSL,VSL_2015_USD,,1.0010870664000726,0.0010858859699203,11.668987271164143,0.0126711895609359,8705114.0,110304.14964355696,2773.43,1.0,24143024321.02,305920837.74593014,305920837.74593014
O3_MAIN,O3,Mortality,Respiratory mortality,0,99,525,34,13,8.794979294172583,7.915481364755325,0.8794979294172576,88374,0.0001320424481591,0.000867,0.000304,VSL,VSL_2015_USD,,1.0007628155006758,0.0007622340567221,11.669119313612304,0.0088946001527895,8705114.0,77428.50831445002,2773.43,1.0,24143024321.02,214742547.81454512,214742547.81454512
O3_MAIN,O3,Mortality,Respiratory mortality,0,99,566,34,14,13.258241858806846,11.932417672926162,1.325824185880684,88372,0.0001320424481591,0.000867,0.000304,VSL,VSL_2015_USD,,1.0011501504855078,0.0011488291590928,11.668855228715984,0.0134055211399822,8705114.0,116696.589752955,2773.43,1.0,24143024321.02,323649822.918538,323649822.918538
O3_MAIN,O3,Mortality,Respiratory mortality,0,99,607,34,15,12.952190296582565,11.656971266924309,1.2952190296582555,88373,0.0001320424481591,0.000867,0.000304,VSL,VSL_2015_USD,,1.0011235856486451,0.001122324620808,11.668987271164143,0.0130963917143236,8705114.0,114005.58286184235,2773.43,1.0,24143024321.02,316186503.6765194,316186503.6765194
O3_MAIN,O3,Mortality,Respiratory mortality,0,99,648,34,16,12.159486269890149,10.943537642901132,1.2159486269890143,72285,0.0001320424481591,0.000867,0.000304,VSL,VSL_2015_USD,,1.0010547833526966,0.0010536719570569,9.544688365180544,0.0100569704692386,8705114.0,87547.0744293555,2773.43,1.0,24143024321.02,242805682.63460743,242805682.63460743
O3_MAIN,O3,Mortality,Respiratory mortality,0,99,689,34,17,11.996575673415784,10.796918106074209,1.1996575673415766,15395,0.0001320424481591,0.000867,0.000304,VSL,VSL_2015_USD,,1.0010406442057076,0.0010395623911289,2.0327934894093445,0.0021132156605216,8705114.0,18395.783231425827,2773.43,1.0,24143024321.02,51019417.087533325,51019417.087533325
O3_MAIN,O3,Mortality,Respiratory mortality,0,99,730,34,18,11.756905562769663,10.581215006492696,1.175690556276967,1632,0.0001320424481591,0.000867,0.000304,VSL,VSL_2015_USD,,1.0010198433992687,0.0010188043783483,0.2154932753956512,0.0002195454924777,8705114.0,1911.168540204521,2773.43,1.0,24143024321.02,5300492.164459424,5300492.164459424
O3_MAIN,O3,Mortality,Respiratory mortality,0,99,403,35,10,12.015485096693412,10.81393658702407,1.201548509669342,682,0.0001320424481591,0.000867,0.000304,VSL,VSL_2015_USD,,1.0010422853601322,0.0010412001324771,0.0900529496445061,9.376314309981388e-05,8705114.0,816.2188496821932,2773.43,1.0,24143024321.02,2263725.844274085,2263725.844274085
O3_MAIN,O3,Mortality,Respiratory mortality,0,99,444,35,11,12.192250799023306,10.973025719120976,1.21922507990233,45597,0.0001320424481591,0.000867,0.000304,VSL,VSL_2015_USD,,1.0010576270377185,0.0010565096445526,6.0207395087104825,0.0063609693582916,8705114.0,55372.96341443522,2773.43,1.0,24143024321.02,153573037.92249706,153573037.92249706
O3_MAIN,O3,Mortality,Respiratory mortality,0,99,485,35,12,15.713776203800446,14.142398583420402,1.5713776203800442,88373,0.0001320424481591,0.000867,0.000304,VSL,VSL_2015_USD,,1.001363312864087,0.0013614567725551,11.668987271164143,0.0158868217491864,8705114.0,138296.594424347,2773.43,1.0,24143024321.02,383555923.87431663,383555923.87431663
O3_MAIN,O3,Mortality,Respiratory mortality,0,99,526,35,13,11.968218567580228,10.771396710822204,1.1968218567580229,88375,0.0001320424481591,0.000867,0.000304,VSL,VSL_2015_USD,,1.0010381830891697,0.0010371063828614,11.669251356060462,0.0121022550645852,8705114.0,105351.50999429153,2773.43,1.0,24143024321.02,292185038.36346793,292185038.36346793
O3_MAIN,O3,Mortality,Respiratory mortality,0,99,567,35,14,13.852944718898415,12.467650247008576,1.385294471889841,88371,0.0001320424481591,0.000867,0.000304,VSL,VSL_2015_USD,,1.0012017718568922,0.0012003293348785,11.668723186267826,0.014006310741055,8705114.0,121926.53172030824,2773.43,1.0,24143024321.02,338154700.86905444,338154700.86905444
O3_MAIN,O3,Mortality,Respiratory mortality,0,99,608,35,15,12.695072879169071,11.425565591252166,1.2695072879169054,88374,0.0001320424481591,0.000867,0.000304,VSL,VSL_2015_USD,,1.00110126877024,0.0011000573114772,11.669119313612304,0.0128367000194392,8705114.0,111744.93705302045,2773.43,1.0,24143024321.02,309916760.7709585,309916760.7709585
O3_MAIN,O3,Mortality,Respiratory mortality,0,99,649,35,16,12.22780546926963,11.005024922342669,1.2227805469269626,78707,0.0001320424481591,0.000867,0.000304,VSL,VSL_2015_USD,,1.0010607128926152,0.0010595889729307,10.392664967258284,0.011011953198671,8705114.0,95860.3079570957,2773.43,1.0,24143024321.02,265861853.8974479,265861853.8974479
O3_MAIN,O3,Mortality,Respiratory mortality,0,99,690,35,17,11.95222122554708,10.756999102992372,1.195222122554707,26719,0.0001320424481591,0.000867,0.000304,VSL,VSL_2015_USD,,1.00103679468065,0.0010357208507812,3.528042172362993,0.003654066840352,8705114.0,31809.06840888396,2773.43,1.0,24143024321.02,88220224.59725103,88220224.59725103
O3_MAIN,O3,Mortality,Respiratory mortality,0,99,445,36,11,12.669120729701238,11.402208656731116,1.266912072970122,57394,0.0001320424481591,0.000867,0.000304,VSL,VSL_2015_USD,,1.0010990162435038,0.0010978097327752,7.578444269643385,0.0083196898785096,8705114.0,72423.84883707222,2773.43,1.0,24143024321.02,200862475.08020118,200862475.08020118
O3_MAIN,O3,Mortality,Respiratory mortality,0,99,486,36,12,13.388836459089768,12.04995281318079,1.338883645908977,88372,0.0001320424481591,0.000867,0.000304,VSL,VSL_2015_USD,,1.001161486124165,0.0011601386392334,11.668855228715984,0.013537489826455,8705114.0,117845.39221313098,2773.43,1.0,24143024321.02,326835946.1256638,326835946.1256638
O3_MAIN,O3,Mortality,Respiratory mortality,0,99,527,36,13,12.012687316132162,10.811418584518943,1.201268731613217,88375,0.0001320424481591,0.000867,0.000304,VSL,VSL_2015_USD,,1.0010420425397624,0.0010409578174344,11.669251356060462,0.0121471984226981,8705114.0,105742.74705020717,2773.43,1.0,24143024321.02,293270106.95145607,293270106.95145607
O3_MAIN,O3,Mortality,Respiratory mortality,0,99,568,36,14,13.365880001167229,12.029292001050509,1.33658800011672,88372,0.0001320424481591,0.000867,0.000304,VSL,VSL_2015_USD,,1.0011594934895114,0.001158150621406,11.668855228715984,0.0135142919342341,8705114.0,117643.45191678834,2773.43,1.0,24143024321.02,326275878.84957826,326275878.84957826
O3_MAIN,O3,Mortality,Respiratory mortality,0,99,609,36,15,12.298274898044776,11.068447408240296,1.229827489804478,88374,0.0001320424481591,0.000867,0.000304,VSL,VSL_2015_USD,,1.001066829091411,0.001065692179991,11.669119313612304,0.0124356891998995,8705114.0,108254.09215369391,2773.43,1.0,24143024321.02,300235146.80181926,300235146.80181926
O3_MAIN,O3,Mortality,Respiratory mortality,0,99,650,36,16,12.216167043212224,10.994550338891004,1.2216167043212227,88375,0.0001320424481591,0.000867,0.000304,VSL,VSL_2015_USD,,1.0010597027712718,0.0010585809900629,11.669251356060462,0.0123528476537919,8705114.0,107532.94705089102,2773.43,1.0,24143024321.02,298235101.33935267,298235101.33935267
O3_MAIN,O3,Mortality,Respiratory mortality,0,99,691,36,17,12.618823772217926,11.356941394996134,1.2618823772217915,18381,0.0001320424481591,0.000867,0.000304,VSL,VSL_2015_USD,,1.0010946507142775,0.0010934537643334,2.427072239612417,0.0026538912767134,8705114.0,23102.42610739569,2773.43,1.0,24143024321.02,64072961.63903443,64072961.63903443
O3_MAIN,O3,Mortality,Respiratory mortality,0,99,446,37,11,11.478842595643163,10.330958336078847,1.1478842595643162,8084,0.0001320424481591,0.000867,0.000304,VSL,VSL_2015_USD,,1.0009957110444672,0.0009947205901892,1.0674311509181644,0.0010617957444276,8705114.0,9243.052999957124,2773.43,1.0,24143024321.02,25634960.481671087,25634960.481671087
O3_MAIN,O3,Mortality,Respiratory mortality,0,99,487,37,12,12.535211968098002,11.281690771288202,1.2535211968097997,66848,0.0001320424481591,0.000867,0.000304,VSL,VSL_2015_USD,,1.001087393661884,0.001086212521273,8.826773574539516,0.0095877519791069,8705114.0,83462.47398185119,2773.43,1.0,24143024321.02,231477329.2154855,231477329.2154855
O3_MAIN,O3,Mortality,Respiratory mortality,0,99,528,37,13,12.2674106174023,11.04066955566207,1.2267410617402297,88375,0.0001320424481591,0.000867,0.000304,VSL,VSL_2015_USD,,1.0010641503071005,0.0010630190950038,11.669251356060462,0.0124046370158916,8705114.0,107983.7793519562,2773.43,1.0,24143024321.02,299485453.1680958,299485453.1680958
O3_MAIN,O3,Mortality,Respiratory mortality,0,99,569,37,14,10.839327798875924,9.755395018988333,1.0839327798875915,88373,0.0001320424481591,0.000867,0.000304,VSL,VSL_2015_USD,,1.0009402114420876,0.0009393282748955,11.668987271164143,0.0109610096832003,8705114.0,95416.8388473625,2773.43,1.0,24143024321.02,264631923.36444056,264631923.36444056
O3_MAIN,O3,Mortality,Respiratory mortality,0,99,610,37,15,11.280630998918394,10.152567899026556,1.128063099891838,88373,0.0001320424481591,0.000867,0.000304,VSL,VSL_2015_USD,,1.0009785091355985,0.0009775525914571,11.668987271164143,0.011407048746607,8705114.0,99299.65974277104,2773.43,1.0,24143024321.02,275400655.32039344,275400655.32039344
O3_MAIN,O3,Mortality,Respiratory mortality,0,99,651,37,16,18.052156665218305,16.246940998696473,1.8052156665218284,88374,0.0001320424481591,0.000867,0.000304,VSL,VSL_2015_USD,,1.001566347425524,0.0015638978182027,11.669119313612304,0.018249310234906,8705114.0,158862.3260162235,2773.43,1.0,24143024321.02,440593540.8431747,440593540.8431747
O3_MAIN,O3,Mortality,Respiratory mortality,0,99,692,37,17,12.12829148617056,10.915462337553503,1.2128291486170557,28949,0.0001320424481591,0.000867,0.000304,VSL,VSL_2015_USD,,1.0010520759158552,0.0010509702154032,3.822496831757786,0.0040173303186506,8705114.0,34971.3183995098,2773.43,1.0,24143024321.02,96990503.58875246,96990503.58875246
O3_MAIN,O3,Mortality,Respiratory mortality,0,99,488,38,12,6.381761842585207,5.743585658326686,0.638176184258521,6168,0.0001320424481591,0.000867,0.000304,VSL,VSL_2015_USD,,1.0005534518497414,0.000553145710225,0.8144378202453287,0.0004505027865137,8705114.0,3921.678113919421,2773.43,1.0,24143024321.02,10876499.731487539,10876499.731487539
O3_MAIN,O3,Mortality,Respiratory mortality,0,99,529,38,13,11.782363005153757,10.60412670463838,1.1782363005153762,82303,0.0001320424481591,0.000867,0.000304,VSL,VSL_2015_USD,,1.0010220528129194,0.0010210092875052,10.867489610838406,0.0110958078245329,8705114.0,96590.27203465089,2773.43,1.0,24143024321.02,267886358.16906178,267886358.16906178
O3_MAIN,O3,Mortality,Respiratory mortality,0,99,570,38,14,12.371173549462734,11.13405619451646,1.2371173549462728,88374,0.0001320424481591,0.000867,0.000304,VSL,VSL_2015_USD,,1.0010731561671775,0.0010720057376089,11.669119313612304,0.0125093628570352,8705114.0,108895.4297378571,2773.43,1.0,24143024321.02,302013851.697865,302013851.697865
O3_MAIN,O3,Mortality,Respiratory mortality,0,99,611,38,15,8.015893518690639,7.214304166821575,0.8015893518690635,88374,0.0001320424481591,0.000867,0.000304,VSL,VSL_2015_USD,,1.000695219521213,0.0006947365268177,11.669119313612304,0.0081069634229607,8705114.0,70572.0407907031,2773.43,1.0,24143024321.02,195726615.09015968,195726615.09015968
O3_MAIN,O3,Mortality,Respiratory mortality,0,99,652,38,16,11.593763843144815,10.434387458830336,1.1593763843144806,88374,0.0001320424481591,0.000867,0.000304,VSL,VSL_2015_USD,,1.0010056846872508,0.0010046743016899,11.669119313612304,0.0117236642977399,8705114.0,102055.83420955576,2773.43,1.0,24143024321.02,283044712.2718082,283044712.2718082
O3_MAIN,O3,Mortality,Respiratory mortality,0,99,693,38,17,12.196042436169588,10.976438192552628,1.2196042436169598,26275,0.0001320424481591,0.000867,0.000304,VSL,VSL_2015_USD,,1.0010579561203918,0.0010568380321275,3.469415325380352,0.003666610065108,8705114.0,31918.25861031256,2773.43,1.0,24143024321.02,88523055.97759916,88523055.97759916
O3_MAIN,O3,Mortality,Respiratory mortality,0,99,530,39,13,12.747448293434338,11.472703464090904,1.2747448293434331,53223,0.0001320424481591,0.000867,0.000304,VSL,VSL_2015_USD,,1.0011058147297829,0.0011045932542917,7.027695218371779,0.0077627447314321,8705114.0,67575.57784001582,2773.43,1.0,24143024321.02,187416134.84883505,187416134.84883505
O3_MAIN,O3,Mortality,Respiratory mortality,0,99,571,39,14,11.55120547292694,10.396084925634248,1.155120547292691,88373,0.0001320424481591,0.000867,0.000304,VSL,VSL_2015_USD,,1.0010019911725812,0.0010009881912496,11.668987271164143,0.0116805184622772,8705114.0,101680.24479322771,2773.43,1.0,24143024321.02,282003041.31688154,282003041.31688154
O3_MAIN,O3,Mortality,Respiratory mortality,0,99,612,39,15,11.812585532943698,10.631326979649328,1.18125855329437,88373,0.0001320424481591,0.000867,0.000304,VSL,VSL_2015_USD,,1.0010246757875934,0.0010236269018915,11.668987271164143,0.0119446892885931,8705114.0,103979.88195178183,2773.43,1.0,24143024321.02,288380924.0015303,288380924.0015303
O3_MAIN,O3,Mortality,Respiratory mortality,0,99,653,39,16,11.919891510747046,10.72790235967234,1.191989151074706,88170,0.0001320424481591,0.000867,0.000304,VSL,VSL_2015_USD,,1.001033988792188,0.001032920763695,11.642182654187849,0.0120254521982415,8705114.0,104682.93228724286,2773.43,1.0,24143024321.02,290330784.89340794,290330784.89340794
O3_MAIN,O3,Mortality,Respiratory mortality,0,99,694,39,17,11.918633468118998,10.7267701213071,1.191863346811898,3451,0.0001320424481591,0.000867,0.000304,VSL,VSL_2015_USD,,1.0010338796071183,0.0010328118040563,0.455678488597054,0.0004706301218775,8705114.0,4096.888862777531,2773.43,1.0,24143024321.02,11362434.478693089,11362434.478693089
O3_MAIN,O3,Mortality,Respiratory mortality,0,99,531,40,13,12.281300047546887,11.053170042792198,1.2281300047546893,8740,0.0001320424481591,0.000867,0.000304,VSL,VSL_2015_USD,,1.001065355802884,0.001064222027771,1.154050996910534,0.0012281664920832,8705114.0,10691.329324564354,2773.43,1.0,24143024321.02,29651653.488626517,29651653.488626517
O3_MAIN,O3,Mortality,Respiratory mortality,0,99,572,40,14,11.515230088980069,10.36370708008206,1.1515230088980069,53982,0.0001320424481591,0.000867,0.000304,VSL,VSL_2015_USD,,1.0009988689863856,0.0009978722427499,7.127915436524536,0.0071127489627766,8705114.0,61917.29057435206,2773.43,1.0,24143024321.02,171723271.19762522,171723271.19762522
O3_MAIN,O3,Mortality,Respiratory mortality,0,99,613,40,15,12.159997883144962,10.943998094830466,1.2159997883144964,88373,0.0001320424481591,0.000867,0.000304,VSL,VSL_2015_USD,,1.0010548277563536,0.0010537162671876,11.668987271164143,0.0122958017092312,8705114.0,107036.35560025246,2773.43,1.0,24143024321.02,296857839.7124081,296857839.7124081
O3_MAIN,O3,Mortality,Respiratory mortality,0,99,654,40,16,12.098564444622616,10.888708000160356,1.2098564444622593,88374,0.0001320424481591,0.000867,0.000304,VSL,VSL_2015_USD,,1.0010494958731262,0.001048395586285,11.669119313612304,0.0122338531842241,8705114.0,106497.0866279338,2773.43,1.0,24143024321.02,295362214.9665104,295362214.9665104
O3_MAIN,O3,Mortality,Respiratory mortality,0,99,695,40,17,12.148499583324783,10.933649624992308,1.2148499583324774,34687,0.0001320424481591,0.000867,0.000304,VSL,VSL_2015_USD,,1.001053829802696,0.0010527204145492,4.580156399294702,0.0048216241433661,8705114.0,41972.787833154245,2773.43,1.0,24143024321.02,116408588.96010497,116408588.96010497
O3_MAIN,O3,Mortality,Respiratory mortality,0,99,573,41,14,11.671179897187733,10.50406190746896,1.1671179897187738,26916,0.0001320424481591,0.000867,0.000304,VSL,VSL_2015_USD,,1.0010124034318115,0.0010113795077272,3.5540545346503354,0.0035944979256903,8705114.0,31290.51421589759,2773.43,1.0,24143024321.02,86782050.84179685,86782050.84179685
O3_MAIN,O3,Mortality,Respiratory mortality,0,99,614,41,15,11.725807083805172,10.553226375424655,1.172580708380515,47718,0.0001320424481591,0.000867,0.000304,VSL,VSL_2015_USD,,1.0010171444150404,0.0010161108835301,6.300801541255933,0.0064023130210337,8705114.0,55732.86471178276,2773.43,1.0,24143024321.02,154571198.97759965,154571198.97759965
O3_MAIN,O3,Mortality,Respiratory mortality,0,99,655,41,16,12.020855396974978,10.81876985727748,1.2020855396974977,28007,0.0001320424481591,0.000867,0.000304,VSL,VSL_2015_USD,,1.0010427514505684,0.0010416652526151,3.6981128455919134,0.0038521956515029,8705114.0,33533.80229663701,2773.43,1.0,24143024321.02,93003653.30356199,93003653.30356199
O3_MAIN,O3,Mortality,Respiratory mortality,0,99,696,41,17,12.006490834767188,10.805841751290467,1.2006490834767192,8351,0.0001320424481591,0.000867,0.000304,VSL,VSL_2015_USD,,1.0010415047451509,0.0010404211415948,1.102686484576644,0.0011472583311044,8705114.0,9987.014559713549,2773.43,1.0,24143024321.02,27698285.790346347,27698285.790346347
PM25_MAIN,PM25,Mortality,All-cause mortality,65,99,0,1,1,15.051786457219883,13.546607811497896,1.505178645721989,7006,6.44018355644251e-05,0.008066,5e-05,VSL,VSL_2015_USD,,1.0122147692784376,0.0120673691484909,0.4511992599643623,0.0054447880295158,8705114.0,47397.5005027704,2773.43,1.0,24143024321.02,131453649.81939851,131453649.81939851
PM25_MAIN,PM25,Mortality,All-cause mortality,65,99,41,1,2,14.730531987068058,13.257478788361254,1.473053198706804,5661,6.44018355644251e-05,0.008066,5e-05,VSL,VSL_2015_USD,,1.0119525142644348,0.011811339065769,0.3645787911302104,0.0043061637182271,8705114.0,37485.64606983079,2773.43,1.0,24143024321.02,103963815.37945081,103963815.37945081
PM25_MAIN,PM25,Mortality,All-cause mortality,65,99,82,1,3,14.851985759380636,13.366787183442574,1.485198575938064,656,6.44018355644251e-05,0.008066,5e-05,VSL,VSL_2015_USD,,1.0120516546566591,0.011908141843558,0.0422476041302628,0.0005030904625336,8705114.0,4379.459828667717,2773.43,1.0,24143024321.02,12146125.272621907,12146125.272621907
PM25_MAIN,PM25,Mortality,All-cause mortality,65,99,1,2,1,14.82112693472028,13.339014241248254,1.4821126934720257,3805,6.44018355644251e-05,0.008066,5e-05,VSL,VSL_2015_USD,,1.0120264642677352,0.0118835472118182,0.2450489843226375,0.0029120511744061,8705114.0,25349.737447038984,2773.43,1.0,24143024321.02,70305722.32774132,70305722.32774132
PM25_MAIN,PM25,Mortality,All-cause mortality,65,99,42,2,2,14.056198676459806,12.650578808813826,1.4056198676459797,9380,6.44018355644251e-05,0.008066,5e-05,VSL,VSL_2015_USD,,1.0114022455013305,0.0112737000061521,0.6040892175943074,0.0068103206161093,8705114.0,59284.61733978169,2773.43,1.0,24143024321.02,164421736.2686707,164421736.2686707
PM25_MAIN,PM25,Mortality,All-cause mortality,65,99,83,2,3,15.34953858618033,13.814584727562297,1.5349538586180334,4099,6.44018355644251e-05,0.008066,5e-05,VSL,VSL_2015_USD,,1.0124578989232025,0.0123046093437089,0.2639831239785785,0.0032482092138882,8705114.0,28276.03150274716,2773.43,1.0,24143024321.02,78421594.05066405,78421594.05066405
PM25_MAIN,PM25,Mortality,All-cause mortality,65,99,2,3,1,14.784377732190926,13.305939958971832,1.4784377732190936,73,6.44018355644251e-05,0.008066,5e-05,VSL,VSL_2015_USD,,1.011996466318243,0.0118542571219516,0.004701333996203,5.5730822007163214e-05,8705114.0,485.1431588860646,2773.43,1.0,24143024321.02,1345510.591149378,1345510.591149378
PM25_MAIN,PM25,Mortality,All-cause mortality,65,99,43,3,2,14.33476986109538,12.901292874985844,1.433476986109536,6828,6.44018355644251e-05,0.008066,5e-05,VSL,VSL_2015_USD,,1.0116295285861006,0.011495837416247,0.4397357332338946,0.005055130495371,8705114.0,44005.48724708103,2773.43,1.0,24143024321.02,122046138.49567193,122046138.49567193
PM25_MAIN,PM25,Mortality,All-cause mortality,65,99,84,3,3,14.708954060961624,13.238058654865462,1.4708954060961634,9171,6.44018355644251e-05,0.008066,5e-05,VSL,VSL_2015_USD,,1.0119349016319248,0.0117941397343619,0.5906292339613426,0.0069659637165392,8705114.0,60639.50827233742,2773.43,1.0,24143024321.02,168179431.42774877,168179431.42774877
PM25_MAIN,PM25,Mortality,All-cause mortality,65,99,125,3,4,14.627842105976214,13.165057895378592,1.462784210597622,3772,6.44018355644251e-05,0.008066,5e-05,VSL,VSL_2015_USD,,1.011868698054958,0.0117294843469043,0.2429237237490114,0.0028493700152057,8705114.0,24804.09081054735,2773.43,1.0,24143024321.02,68792409.57669634,68792409.57669634
PM25_MAIN,PM25,Mortality,All-cause mortality,65,99,166,3,5,14.511328549526526,13.060195694573874,1.451132854952652,6,6.44018355644251e-05,0.008066,5e-05,VSL,VSL_2015_USD,,1.011773607270423,0.0116366024828284,0.0003864110133865,4.4965113577662096e-06,8705114.0,39.14264397164964,2773.43,1.0,24143024321.02,108559.38307029226,108559.38307029226
PM25_MAIN,PM25,Mortality,All-cause mortality,65,99,44,4,2,14.356476786609962,12.920829107948968,1.4356476786609953,939,6.44018355644251e-05,0.008066,5e-05,VSL,VSL_2015_USD,,1.0116472411664446,0.0115131447924624,0.0604733235949951,0.0006962381306306,8705114.0,6060.8322982862655,2773.43,1.0,24143024321.02,16809294.121036075,16809294.121036075
PM25_MAIN,PM25,Mortality,All-cause mortality,65,99,85,4,3,14.074694065815663,12.6672246592341,1.4074694065815656,9159,6.44018355644251e-05,0.008066,5e-05,VSL,VSL_2015_USD,,1.0114173340979769,0.0112884500918299,0.5898564119345695,0.0066585646674693,8705114.0,57963.564506692346,2773.43,1.0,24143024321.02,160757888.70979574,160757888.70979574
PM25_MAIN,PM25,Mortality,All-cause mortality,65,99,126,4,4,15.204727507397225,13.684254756657502,1.5204727507397229,9325,6.44018355644251e-05,0.008066,5e-05,VSL,VSL_2015_USD,,1.012339646073328,0.01218923522475,0.6005471166382641,0.0073202100682491,8705114.0,63723.26314805619,2773.43,1.0,24143024321.02,176732009.71271348,176732009.71271348
PM25_MAIN,PM25,Mortality,All-cause mortality,65,99,167,4,5,14.615122039333816,13.153609835400436,1.4615122039333812,6438,6.44018355644251e-05,0.008066,5e-05,VSL,VSL_2015_USD,,1.0118583163295525,0.0117193446337108,0.4146190173637687,0.0048590631561765,8705114.0,42298.69870771624,2773.43,1.0,24143024321.02,117312479.95694144,117312479.95694144
PM25_MAIN,PM25,Mortality,All-cause mortality,65,99,208,4,6,14.777783623249878,13.300005260924888,1.4777783623249905,4959,6.44018355644251e-05,0.008066,5e-05,VSL,VSL_2015_USD,,1.0119910837173811,0.0118490013502234,0.3193687025639841,0.0037842001878997,8705114.0,32941.89403448831,2773.43,1.0,24143024321.02,91362037.1720709,91362037.1720709
PM25_MAIN,PM25,Mortality,All-cause mortality,65,99,86,5,3,14.518727064568928,13.066854358112035,1.4518727064568928,7033,6.44018355644251e-05,0.008066,5e-05,VSL,VSL_2015_USD,,1.0117796451913486,0.0116425006643821,0.4529381095246017,0.0052733322410641,8705114.0,45904.95831833847,2773.43,1.0,24143024321.02,127314188.54882945,127314188.54882945
PM25_MAIN,PM25,Mortality,All-cause mortality,65,99,127,5,4,14.706945778082584,13.236251200274326,1.4706945778082563,9380,6.44018355644251e-05,0.008066,5e-05,VSL,VSL_2015_USD,,1.011933262419162,0.0117925389571976,0.6040892175943074,0.0071237456321039,8705114.0,62013.01783446651,2773.43,1.0,24143024321.02,171988764.05264443,171988764.05264443
PM25_MAIN,PM25,Mortality,All-cause mortality,65,99,168,5,5,14.711631690728264,13.240468521655435,1.4711631690728255,9380,6.44018355644251e-05,0.008066,5e-05,VSL,VSL_2015_USD,,1.011937087187171,0.0117962740355249,0.6040892175943074,0.0071260019526483,8705114.0,62032.65936202605,2773.43,1.0,24143024321.02,172043238.45442387,172043238.45442387
PM25_MAIN,PM25,Mortality,All-cause mortality,65,99,209,5,6,14.625931861765617,13.163338675589054,1.4625931861765622,2301,6.44018355644251e-05,0.008066,5e-05,VSL,VSL_2015_USD,,1.0118671389658536,0.0117279616155754,0.1481886236337421,0.0017379504898414,8705114.0,15129.057140425228,2773.43,1.0,24143024321.02,41959380.944969535,41959380.944969535
PM25_MAIN,PM25,Mortality,All-cause mortality,65,99,87,6,3,14.445310040651938,13.000779036586744,1.444531004065194,2360,6.44018355644251e-05,0.008066,5e-05,VSL,VSL_2015_USD,,1.0117197312248234,0.0115839702074753,0.1519883319320432,0.0017606283089846,8705114.0,15326.470141338168,2773.43,1.0,24143024321.02,42506892.084091514,42506892.084091514
PM25_MAIN,PM25,Mortality,All-cause mortality,65,99,128,6,4,14.383236577540837,12.944912919786754,1.438323657754081,9379,6.44018355644251e-05,0.008066,5e-05,VSL,VSL_2015_USD,,1.0116690772487322,0.0115344805046988,0.604024815758743,0.0069671124617235,8705114.0,60649.508230123705,2773.43,1.0,24143024321.02,168207165.61067197,168207165.61067197
PM25_MAIN,PM25,Mortality,All-cause mortality,65,99,169,6,5,14.818780320781467,13.336902288703325,1.4818780320781446,9293,6.44018355644251e-05,0.008066,5e-05,VSL,VSL_2015_USD,,1.0120245487273083,0.0118816769241715,0.5984862579002025,0.0071110203599266,8705114.0,61902.24288948208,2773.43,1.0,24143024321.02,171681537.49697626,171681537.49697626
PM25_MAIN,PM25,Mortality,All-cause mortality,65,99,210,6,6,14.589665760571467,13.13069918451432,1.458966576057147,2925,6.44018355644251e-05,0.008066,5e-05,VSL,VSL_2015_USD,,1.011837540021186,0.0116990520246345,0.1883753690259434,0.0022038132423942,8705114.0,19184.445509751145,2773.43,1.0,24143024321.02,53206716.710109115,53206716.710109115
PM25_MAIN,PM25,Mortality,All-cause mortality,65,99,251,6,7,14.31554707501042,12.88399236750938,1.431554707501041,8,6.44018355644251e-05,0.008066,5e-05,VSL,VSL_2015_USD,,1.0116138432914508,0.0114805104422682,0.0005152146845154,5.914927565589015e-06,8705114.0,51.49011876019485,2773.43,1.0,24143024321.02,142804.2400730872,142804.2400730872
PM25_MAIN,PM25,Mortality,All-cause mortality,65,99,129,7,4,14.486095129912808,13.037485616921527,1.4486095129912808,7335,6.44018355644251e-05,0.008066,5e-05,VSL,VSL_2015_USD,,1.0117530145722466,0.0116164858448341,0.4723874638650581,0.0054874822872655,8705114.0,47769.15888362692,2773.43,1.0,24143024321.02,132484418.32261741,132484418.32261741
PM25_MAIN,PM25,Mortality,All-cause mortality,65,99,170,7,5,15.0244355643808,13.52199200794272,1.502443556438081,9380,6.44018355644251e-05,0.008066,5e-05,VSL,VSL_2015_USD,,1.0121924388217567,0.0120455738989211,0.6040892175943074,0.0072766013120736,8705114.0,63343.64395415027,2773.43,1.0,24143024321.02,175679162.45175898,175679162.45175898
PM25_MAIN,PM25,Mortality,All-cause mortality,65,99,211,7,6,14.315418243041004,12.883876418736904,1.4315418243040998,9380,6.44018355644251e-05,0.008066,5e-05,VSL,VSL_2015_USD,,1.011613738168727,0.0114804077194036,0.6040892175943074,0.0069351905168781,8705114.0,60371.62406114279,2773.43,1.0,24143024321.02,167436473.31989524,167436473.31989524
PM25_MAIN,PM25,Mortality,All-cause mortality,65,99,252,7,7,14.451852668096771,13.006667401287096,1.4451852668096752,3036,6.44018355644251e-05,0.008066,5e-05,VSL,VSL_2015_USD,,1.0117250703705505,0.0115891863451164,0.1955239727735946,0.0022659637554106,8705114.0,19725.47281071739,2773.43,1.0,24143024321.02,54707218.05742793,54707218.05742793
PM25_MAIN,PM25,Mortality,All-cause mortality,65,99,130,8,4,14.672434219378887,13.205190797441,1.467243421937889,5190,6.44018355644251e-05,0.008066,5e-05,VSL,VSL_2015_USD,,1.0119050936014782,0.0117650298202439,0.3342455265793663,0.0039324085874893,8705114.0,34232.065048673336,2773.43,1.0,24143024321.02,94940236.16794208,94940236.16794208
PM25_MAIN,PM25,Mortality,All-cause mortality,65,99,171,8,5,15.517456996612047,13.965711296950843,1.5517456996612058,9380,6.44018355644251e-05,0.008066,5e-05,VSL,VSL_2015_USD,,1.0125950385352238,0.0124383767013547,0.6040892175943074,0.0075138892496646,8705114.0,65409.262501704805,2773.43,1.0,24143024321.02,181408010.90010315,181408010.90010315
PM25_MAIN,PM25,Mortality,All-cause mortality,65,99,212,8,6,14.291641804794468,12.862477624315025,1.4291641804794448,9380,6.44018355644251e-05,0.008066,5e-05,VSL,VSL_2015_USD,,1.0115943375505283,0.011461449634646,0.6040892175943074,0.0069237381422898,8705114.0,60271.92983478093,2773.43,1.0,24143024321.02,167159978.36167645,167159978.36167645
PM25_MAIN,PM25,Mortality,All-cause mortality,65,99,253,8,7,14.797355394157908,13.317619854742118,1.47973553941579,8188,6.44018355644251e-05,0.008066,5e-05,VSL,VSL_2015_USD,,1.0120070597322262,0.0118646007621756,0.5273222296015128,0.0062564677272422,8705114.0,54463.26480296426,2773.43,1.0,24143024321.02,151050052.50248516,151050052.50248516
PM25_MAIN,PM25,Mortality,All-cause mortality,65,99,294,8,8,14.975031262249246,13.477528136024322,1.497503126224924,1103,6.44018355644251e-05,0.008066,5e-05,VSL,VSL_2015_USD,,1.0121521042526052,0.0120062036146024,0.0710352246275608,0.0008528633706875,8705114.0,7424.272868258946,2773.43,1.0,24143024321.02,20590701.101015408,20590701.101015408
PM25_MAIN,PM25,Mortality,All-cause mortality,65,99,131,9,4,14.368322271423695,12.931490044281327,1.436832227142368,5202,6.44018355644251e-05,0.008066,5e-05,VSL,VSL_2015_USD,,1.01165690706503,0.0115225893122685,0.3350183486061394,0.0038602788430629,8705114.0,33604.16740065065,2773.43,1.0,24143024321.02,93198805.99398653,93198805.99398653
PM25_MAIN,PM25,Mortality,All-cause mortality,65,99,172,9,5,15.083798887168212,13.575418998451392,1.5083798887168207,9380,6.44018355644251e-05,0.008066,5e-05,VSL,VSL_2015_USD,,1.0122409062421946,0.0120928784508791,0.6040892175943074,0.0073051774818546,8705114.0,63592.402769777225,2773.43,1.0,24143024321.02,176369077.61378324,176369077.61378324
PM25_MAIN,PM25,Mortality,All-cause mortality,65,99,213,9,6,14.407216938229515,12.966495244406564,1.4407216938229528,9380,6.44018355644251e-05,0.008066,5e-05,VSL,VSL_2015_USD,,1.0116886457067296,0.0115535997723531,0.6040892175943074,0.0069794050468785,8705114.0,60756.51658525269,2773.43,1.0,24143024321.02,168503945.79303735,168503945.79303735
PM25_MAIN,PM25,Mortality,All-cause mortality,65,99,254,9,7,14.512622601658936,13.061360341493044,1.4512622601658922,9380,6.44018355644251e-05,0.008066,5e-05,VSL,VSL_2015_USD,,1.011774663342509,0.0116376341186585,0.6040892175943074,0.0070301692893892,8705114.0,61198.42510343198,2773.43,1.0,24143024321.02,169729548.13461134,169729548.13461134
PM25_MAIN,PM25,Mortality,All-cause mortality,65,99,295,9,8,14.551768028703556,13.0965912258332,1.455176802870355,6166,6.44018355644251e-05,0.008066,5e-05,VSL,VSL_2015_USD,,1.011806610329799,0.0116688408726153,0.3971017180902452,0.0046337167586372,8705114.0,40337.03262764731,2773.43,1.0,24143024321.02,111871936.40049589,111871936.40049589
PM25_MAIN,PM25,Mortality,All-cause mortality,65,99,91,10,3,14.90365312429598,13.413287811866384,1.4903653124295977,537,6.44018355644251e-05,0.008066,5e-05,VSL,VSL_2015_USD,,1.0120938326835371,0.0119493196114738,0.0345837856980962,0.0004132527086812,8705114.0,3597.411939878636,2773.43,1.0,24143024321.02,9977170.196417606,9977170.196417606
PM25_MAIN,PM25,Mortality,All-cause mortality,65,99,132,10,4,14.503910498834282,13.053519448950851,1.4503910498834287,8779,6.44018355644251e-05,0.008066,5e-05,VSL,VSL_2015_USD,,1.0117675534426482,0.0116306886918915,0.565383714420088,0.0065758019738853,8705114.0,57243.10582409656,2773.43,1.0,24143024321.02,158759746.98572412,158759746.98572412
PM25_MAIN,PM25,Mortality,All-cause mortality,65,99,173,10,5,14.879284418665394,13.391355976798852,1.4879284418665415,9380,6.44018355644251e-05,0.008066,5e-05,VSL,VSL_2015_USD,,1.0120739393671538,0.011929898496056,0.6040892175943074,0.007206723048462,8705114.0,62735.34570328923,2773.43,1.0,24143024321.02,173992089.83387345,173992089.83387345
PM25_MAIN,PM25,Mortality,All-cause mortality,65,99,214,10,6,14.39714933899749,12.95743440509774,1.439714933899749,9380,6.44018355644251e-05,0.008066,5e-05,VSL,VSL_2015_USD,,1.0116804302965998,0.0115455730355239,0.6040892175943074,0.0069745561817075,8705114.0,60714.306661168506,2773.43,1.0,24143024321.02,168386879.52328455,168386879.52328455
PM25_MAIN,PM25,Mortality,All-cause mortality,65,99,255,10,7,14.747868572444222,13.2730817151998,1.474786857244423,9380,6.44018355644251e-05,0.008066,5e-05,VSL,VSL_2015_USD,,1.0119666651933914,0.0118251574928156,0.6040892175943074,0.0071434501377644,8705114.0,62184.54780255481,2773.43,1.0,24143024321.02,172464490.41203958,172464490.41203958
PM25_MAIN,PM25,Mortality,All-cause mortality,65,99,296,10,8,14.26990741956418,12.842916677607764,1.426990741956418,9345,6.44018355644251e-05,0.008066,5e-05,VSL,VSL_2015_USD,,1.0115766034910385,0.0114441194577716,0.6018351533495525,0.0068874733888186,8705114.0,59956.24102163223,2773.43,1.0,24143024321.02,166284437.53662547,166284437.53662547
PM25_MAIN,PM25,Mortality,All-cause mortality,65,99,337,10,9,15.214248421398269,13.69282357925844,1.5214248421398278,1314,6.44018355644251e-05,0.008066,5e-05,VSL,VSL_2015_USD,,1.0123474204355791,0.0121968211567791,0.0846240119316545,0.0010321439390995,8705114.0,8984.930654270203,2773.43,1.0,24143024321.02,24919076.22447261,24919076.22447261
PM25_MAIN,PM25,Mortality,All-cause mortality,65,99,133,11,4,14.411281893294015,12.970153703964614,1.441128189329401,7568,6.44018355644251e-05,0.008066,5e-05,VSL,VSL_2015_USD,,1.0116919628295695,0.0115568406779357,0.4873930915515692,0.005632724306588,8705114.0,49033.507219419495,2773.43,1.0,24143024321.02,135990999.9275546,135990999.9275546
PM25_MAIN,PM25,Mortality,All-cause mortality,65,99,174,11,5,15.430070826446569,13.88706374380191,1.5430070826446585,9380,6.44018355644251e-05,0.008066,5e-05,VSL,VSL_2015_USD,,1.0125236675957958,0.0123687652907243,0.6040892175943074,0.0074718377470813,8705114.0,65043.199377845885,2773.43,1.0,24143024321.02,180392760.45049912,180392760.45049912
PM25_MAIN,PM25,Mortality,All-cause mortality,65,99,215,11,6,14.369783762935697,12.932805386642126,1.4369783762935704,9380,6.44018355644251e-05,0.008066,5e-05,VSL,VSL_2015_USD,,1.011658099646404,0.0115237545673571,0.6040892175943074,0.0069613758803435,8705114.0,60599.570635240525,2773.43,1.0,24143024321.02,168068667.18689513,168068667.18689513
PM25_MAIN,PM25,Mortality,All-cause mortality,65,99,256,11,7,14.629658787814996,13.166692909033497,1.4629658787815014,9380,6.44018355644251e-05,0.008066,5e-05,VSL,VSL_2015_USD,,1.011870180783241,0.0117309324937838,0.6040892175943074,0.0070865298318215,8705114.0,61689.050050406986,2773.43,1.0,24143024321.02,171090262.08130023,171090262.08130023
PM25_MAIN,PM25,Mortality,All-cause mortality,65,99,297,11,8,14.457072263277064,13.01136503694936,1.4457072263277055,9380,6.44018355644251e-05,0.008066,5e-05,VSL,VSL_2015_USD,,1.0117293298690069,0.0115933476699002,0.6040892175943074,0.0070034163232088,8705114.0,60965.53748299345,2773.43,1.0,24143024321.02,169083650.62145853,169083650.62145853
PM25_MAIN,PM25,Mortality,All-cause mortality,65,99,338,11,9,14.437463953444812,12.99371755810033,1.4437463953444816,7894,6.44018355644251e-05,0.008066,5e-05,VSL,VSL_2015_USD,,1.0117133284210196,0.0115777148446788,0.5083880899455717,0.0058859723358207,8705114.0,51238.06018416548,2773.43,1.0,24143024321.02,142105173.25657004,142105173.25657004
PM25_MAIN,PM25,Mortality,All-cause mortality,65,99,379,11,10,14.457656003398364,13.011890403058528,1.4457656003398365,5837,6.44018355644251e-05,0.008066,5e-05,VSL,VSL_2015_USD,,1.0117298062365945,0.0115938130559053,0.3759135141895493,0.004358271008702,8705114.0,37939.24597364591,2773.43,1.0,24143024321.02,105221842.96068878,105221842.96068878
PM25_MAIN,PM25,Mortality,All-cause mortality,65,99,420,11,11,14.591086073016184,13.131977465714565,1.4591086073016193,4864,6.44018355644251e-05,0.008066,5e-05,VSL,VSL_2015_USD,,1.011838699207238,0.0117001842452888,0.3132505281853637,0.0036650888947028,8705114.0,31905.016648521872,2773.43,1.0,24143024321.02,88486330.32351,88486330.32351
PM25_MAIN,PM25,Mortality,All-cause mortality,65,99,461,11,12,14.616807121514812,13.155126409363332,1.4616807121514803,2433,6.44018355644251e-05,0.008066,5e-05,VSL,VSL_2015_USD,,1.011859691635447,0.0117206878913008,0.1566896659282462,0.0018365106701371,8705114.0,15987.034745759853,2773.43,1.0,24143024321.02,44338921.77493274,44338921.77493274
PM25_MAIN,PM25,Mortality,All-cause mortality,65,99,134,12,4,14.278879107318964,12.850991196587067,1.4278879107318954,6970,6.44018355644251e-05,0.008066,5e-05,VSL,VSL_2015_USD,,1.011583923855693,0.0114512731791351,0.4488807938840429,0.0051402565956332,8705114.0,44746.51965423891,2773.43,1.0,24143024321.02,124101340.00465581,124101340.00465581
PM25_MAIN,PM25,Mortality,All-cause mortality,65,99,175,12,5,15.117069365563845,13.605362429007462,1.5117069365563829,9380,6.44018355644251e-05,0.008066,5e-05,VSL,VSL_2015_USD,,1.012268071071131,0.0121193895389285,0.6040892175943074,0.0073211925442919,8705114.0,63731.81571401104,2773.43,1.0,24143024321.02,176755729.65570962,176755729.65570962
PM25_MAIN,PM25,Mortality,All-cause mortality,65,99,216,12,6,14.575056178345964,13.11755056051137,1.4575056178345935,9380,6.44018355644251e-05,0.008066,5e-05,VSL,VSL_2015_USD,,1.0118256165077917,0.0116874057296615,0.6040892175943074,0.0070602357829384,8705114.0,61460.15735735802,2773.43,1.0,24143024321.02,170455444.21961743,170455444.21961743
PM25_MAIN,PM25,Mortality,All-cause mortality,65,99,257,12,7,14.467579281076684,13.020821352969014,1.4467579281076688,9380,6.44018355644251e-05,0.008066,5e-05,VSL,VSL_2015_USD,,1.0117379042715056,0.0116017243417972,0.6040892175943074,0.0070084765803811,8705114.0,61009.587598547645,2773.43,1.0,24143024321.02,169205820.53344,169205820.53344
PM25_MAIN,PM25,Mortality,All-cause mortality,65,99,298,12,8,14.538726591295667,13.0848539321661,1.4538726591295656,9380,6.44018355644251e-05,0.008066,5e-05,VSL,VSL_2015_USD,,1.0117959669659935,0.0116584443416646,0.6040892175943074,0.0070427405207229,8705114.0,61307.85910531221,2773.43,1.0,24143024321.02,170033055.67844602,170033055.67844602
PM25_MAIN,PM25,Mortality,All-cause mortality,65,99,339,12,9,14.933947444966984,13.440552700470285,1.4933947444966993,9380,6.44018355644251e-05,0.008066,5e-05,VSL,VSL_2015_USD,,1.012118563902375,0.0119734627291593,0.6040892175943074,0.0072330397319524,8705114.0,62964.43543317508,2773.43,1.0,24143024321.02,174627454.16343075,174627454.16343075
PM25_MAIN,PM25,Mortality,All-cause mortality,65,99,380,12,10,14.109404417202551,12.698463975482298,1.4109404417202531,9380,6.44018355644251e-05,0.008066,5e-05,VSL,VSL_2015_USD,,1.0114456515191308,0.0113161310268526,0.6040892175943074,0.0068359527382061,8705114.0,59507.747884696255,2773.43,1.0,24143024321.02,165040573.21585312,165040573.21585312
PM25_MAIN,PM25,Mortality,All-cause mortality,65,99,421,12,11,14.532133037163591,13.078919733447233,1.4532133037163586,9380,6.44018355644251e-05,0.008066,5e-05,VSL,VSL_2015_USD,,1.0117905858843323,0.011653187970737,0.6040892175943074,0.0070395652037219,8705114.0,61280.21760883236,2773.43,1.0,24143024321.02,169956393.92286393,169956393.92286393
PM25_MAIN,PM25,Mortality,All-cause mortality,65,99,462,12,12,14.33566601335388,12.902099412018494,1.4335666013353876,7924,6.44018355644251e-05,0.008066,5e-05,VSL,VSL_2015_USD,,1.0116302598290232,0.0114965519427906,0.5103201450125044,0.0058669220545887,8705114.0,51072.22531430886,2773.43,1.0,24143024321.02,141645241.85346362,141645241.85346362
PM25_MAIN,PM25,Mortality,All-cause mortality,65,99,503,12,13,14.703956016911285,13.233560415220156,1.4703956016911288,12,6.44018355644251e-05,0.008066,5e-05,VSL,VSL_2015_USD,,1.011930822103188,0.0117901558511588,0.0007728220267731,9.111692140863308e-06,8705114.0,79.31831881911916,2773.43,1.0,24143024321.02,219983.80496250963,219983.80496250963
PM25_MAIN,PM25,Mortality,All-cause mortality,65,99,135,13,4,14.18059704973144,12.762537344758298,1.4180597049731425,2916,6.44018355644251e-05,0.008066,5e-05,VSL,VSL_2015_USD,,1.0115037344190223,0.0113729035569303,0.1877957525058635,0.0021357829816503,8705114.0,18592.23433452577,2773.43,1.0,24143024321.02,51564260.4704038,51564260.4704038
PM25_MAIN,PM25,Mortality,All-cause mortality,65,99,176,13,5,14.564081134000087,13.10767302060008,1.4564081134000073,9380,6.44018355644251e-05,0.008066,5e-05,VSL,VSL_2015_USD,,1.011816659390744,0.0116786566825844,0.6040892175943074,0.007054950577935,8705114.0,61414.14904529006,2773.43,1.0,24143024321.02,170327843.3866788,170327843.3866788
PM25_MAIN,PM25,Mortality,All-cause mortality,65,99,217,13,6,14.793558136914182,13.314202323222764,1.4793558136914182,9380,6.44018355644251e-05,0.008066,5e-05,VSL,VSL_2015_USD,,1.012003960093245,0.0118615742295502,0.6040892175943074,0.0071654490957658,8705114.0,62376.051239838205,2773.43,1.0,24143024321.02,172995611.79010445,172995611.79010445
PM25_MAIN,PM25,Mortality,All-cause mortality,65,99,258,13,7,14.685432658981725,13.216889393083552,1.4685432658981696,9380,6.44018355644251e-05,0.008066,5e-05,VSL,VSL_2015_USD,,1.0119157030179255,0.0117753909563695,0.6040892175943074,0.0071133867097003,8705114.0,61922.842234026015,2773.43,1.0,24143024321.02,171738668.33711475,171738668.33711475
PM25_MAIN,PM25,Mortality,All-cause mortality,65,99,299,13,8,14.967300278035149,13.470570250231637,1.4967300278035118,9380,6.44018355644251e-05,0.008066,5e-05,VSL,VSL_2015_USD,,1.012145792682181,0.012000042651953,0.6040892175943074,0.0072490963767166,8705114.0,63104.21035630495,2773.43,1.0,24143024321.02,175015110.12848684,175015110.12848684
PM25_MAIN,PM25,Mortality,All-cause mortality,65,99,340,13,9,14.535980736831656,13.08238266314849,1.4535980736831655,9380,6.44018355644251e-05,0.008066,5e-05,VSL,VSL_2015_USD,,1.0117937260364838,0.0116562553542247,0.6040892175943074,0.007041418177013,8705114.0,61296.34795257035,2773.43,1.0,24143024321.02,170001130.30209717,170001130.30209717
PM25_MAIN,PM25,Mortality,All-cause mortality,65,99,381,13,10,14.682742133354177,13.21446792001876,1.468274213335416,9380,6.44018355644251e-05,0.008066,5e-05,VSL,VSL_2015_USD,,1.011913506983141,0.0117732463307653,0.6040892175943074,0.0071120911644971,8705114.0,61911.56436534001,2773.43,1.0,24143024321.02,171707389.95776492,171707389.95776492
PM25_MAIN,PM25,Mortality,All-cause mortality,65,99,422,13,11,14.87590007388018,13.388310066492162,1.4875900073880182,9380,6.44018355644251e-05,0.008066,5e-05,VSL,VSL_2015_USD,,1.0120711765988304,0.0119272012462569,0.6040892175943074,0.0072050936689411,8705114.0,62721.16176881053,2773.43,1.0,24143024321.02,173952751.68447217,173952751.68447217
PM25_MAIN,PM25,Mortality,All-cause mortality,65,99,463,13,12,14.449354269586248,13.004418842627624,1.444935426958624,8501,6.44018355644251e-05,0.008066,5e-05,VSL,VSL_2015_USD,,1.0117230315359076,0.0115871944894946,0.5474800041331778,0.0063437572870004,8705114.0,55223.130371669205,2773.43,1.0,24143024321.02,153157486.46669853,153157486.46669853
PM25_MAIN,PM25,Mortality,All-cause mortality,65,99,504,13,13,14.5356890275949,13.08212012483541,1.453568902759491,62,6.44018355644251e-05,0.008066,5e-05,VSL,VSL_2015_USD,,1.011793487968864,0.0116560228041585,0.0039929138049943,4.654149436605375e-05,8705114.0,405.14901418685565,2773.43,1.0,24143024321.02,1123652.430416251,1123652.430416251
PM25_MAIN,PM25,Mortality,All-cause mortality,65,99,136,14,4,15.164255195284715,13.647829675756247,1.51642551952847,629,6.44018355644251e-05,0.008066,5e-05,VSL,VSL_2015_USD,,1.012306598818456,0.0121569876486234,0.0405087545700233,0.0004924644289688,8705114.0,4286.958995118306,2773.43,1.0,24143024321.02,11889580.685830964,11889580.685830964
PM25_MAIN,PM25,Mortality,All-cause mortality,65,99,177,14,5,13.551849408186348,12.196664467367714,1.3551849408186332,8935,6.44018355644251e-05,0.008066,5e-05,VSL,VSL_2015_USD,,1.0109908825340583,0.0108713962944052,0.5754304007681382,0.0062557319265988,8705114.0,54456.85957448219,2773.43,1.0,24143024321.02,151032288.04965612,151032288.04965612
PM25_MAIN,PM25,Mortality,All-cause mortality,65,99,218,14,6,15.46900022195138,13.92210019975624,1.546900022195139,8126,6.44018355644251e-05,0.008066,5e-05,VSL,VSL_2015_USD,,1.0125554617941868,0.012399776869446,0.5233293157965183,0.0064891667451166,8705114.0,56488.93628124894,2773.43,1.0,24143024321.02,156668110.55050424,156668110.55050424
PM25_MAIN,PM25,Mortality,All-cause mortality,65,99,259,14,7,14.500579531578763,13.050521578420888,1.4500579531578754,4854,6.44018355644251e-05,0.008066,5e-05,VSL,VSL_2015_USD,,1.0117648350715411,0.0116280331789839,0.3126065098297194,0.0036349988682663,8705114.0,31643.079538129125,2773.43,1.0,24143024321.02,87759866.08343345,87759866.08343345
PM25_MAIN,PM25,Mortality,All-cause mortality,65,99,300,14,8,14.892023341433248,13.402821007289925,1.4892023341433251,6904,6.44018355644251e-05,0.008066,5e-05,VSL,VSL_2015_USD,,1.01208433869801,0.0119400510767273,0.4446302727367909,0.0053089081667364,8705114.0,46214.65080697137,2773.43,1.0,24143024321.02,128173098.98757859,128173098.98757859
PM25_MAIN,PM25,Mortality,All-cause mortality,65,99,341,14,9,14.39176536353995,12.952588827185956,1.439176536353994,9380,6.44018355644251e-05,0.008066,5e-05,VSL,VSL_2015_USD,,1.01167603686676,0.0115412804507277,0.6040892175943074,0.0069719630775166,8705114.0,60691.73339357284,2773.43,1.0,24143024321.02,168324274.1457367,168324274.1457367
PM25_MAIN,PM25,Mortality,All-cause mortality,65,99,382,14,10,14.560225944184555,13.1042033497661,1.4560225944184566,9380,6.44018355644251e-05,0.008066,5e-05,VSL,VSL_2015_USD,,1.0118135130544927,0.0116755833976063,0.6040892175943074,0.007053094039617,8705114.0,61397.9876675865,2773.43,1.0,24143024321.02,170283020.9369144,170283020.9369144
PM25_MAIN,PM25,Mortality,All-cause mortality,65,99,423,14,11,14.52608042569521,13.073472383125688,1.452608042569521,9380,6.44018355644251e-05,0.008066,5e-05,VSL,VSL_2015_USD,,1.01178564629791,0.0116483628138363,0.6040892175943074,0.0070366503784649,8705114.0,61254.8437226801,2773.43,1.0,24143024321.02,169886021.22579268,169886021.22579268
PM25_MAIN,PM25,Mortality,All-cause mortality,65,99,464,14,12,14.428000051499316,12.985200046349384,1.442800005149932,8783,6.44018355644251e-05,0.008066,5e-05,VSL,VSL_2015_USD,,1.0117056054525189,0.0115701696120218,0.5656413217623456,0.0065445660323585,8705114.0,56971.19339220844,2773.43,1.0,24143024321.02,158005616.88975266,158005616.88975266
PM25_MAIN,PM25,Mortality,All-cause mortality,65,99,505,14,13,14.691197443087033,13.22207769877833,1.4691197443087027,3191,6.44018355644251e-05,0.008066,5e-05,VSL,VSL_2015_USD,,1.0119204083102524,0.0117799860664511,0.2055062572860805,0.0024208608473985,8705114.0,21073.869654740545,2773.43,1.0,24143024321.02,58446902.316547066,58446902.316547066
PM25_MAIN,PM25,Mortality,All-cause mortality,65,99,546,14,14,14.85343407261305,13.368090665351746,1.485343407261304,3,6.44018355644251e-05,0.008066,5e-05,VSL,VSL_2015_USD,,1.0120528369456598,0.0119092961411331,0.0001932055066932,2.3009415953078923e-06,8705114.0,20.029958894497067,2773.43,1.0,24143024321.02,55551.688896765,55551.688896765
PM25_MAIN,PM25,Mortality,All-cause mortality,65,99,178,15,5,14.311527258061666,12.8803745322555,1.4311527258061665,3436,6.44018355644251e-05,0.008066,5e-05,VSL,VSL_2015_USD,,1.0116105632558736,0.0114773052769486,0.2212847069993646,0.0025397521353518,8705114.0,22108.831869980848,2773.43,1.0,24143024321.02,61317297.573160976,61317297.573160976
PM25_MAIN,PM25,Mortality,All-cause mortality,65,99,219,15,6,15.45168235743117,13.906514121688051,1.5451682357431178,537,6.44018355644251e-05,0.008066,5e-05,VSL,VSL_2015_USD,,1.012541317921358,0.0123859813909658,0.0345837856980962,0.0004283541260857,8705114.0,3728.871499946392,2773.43,1.0,24143024321.02,10341764.084096322,10341764.084096322
PM25_MAIN,PM25,Mortality,All-cause mortality,65,99,301,15,8,14.536716807985702,13.083045127187132,1.4536716807985697,3775,6.44018355644251e-05,0.008066,5e-05,VSL,VSL_2015_USD,,1.011794326753767,0.0116568421485498,0.2431169292557047,0.0028339756679739,8705114.0,24670.081262938947,2773.43,1.0,24143024321.02,68420743.47707276,68420743.47707276
PM25_MAIN,PM25,Mortality,All-cause mortality,65,99,342,15,9,14.523355554378169,13.071019998940352,1.4523355554378163,9380,6.44018355644251e-05,0.008066,5e-05,VSL,VSL_2015_USD,,1.011783422515699,0.0116461905319624,0.6040892175943074,0.0070353381264074,8705114.0,61243.420418922826,2773.43,1.0,24143024321.02,169854339.49245313,169854339.49245313
PM25_MAIN,PM25,Mortality,All-cause mortality,65,99,383,15,10,14.774187440018649,13.296768696016784,1.477418744001863,9380,6.44018355644251e-05,0.008066,5e-05,VSL,VSL_2015_USD,,1.011988148257931,0.0118461350348497,0.6040892175943074,0.0071561224447189,8705114.0,62294.86167923672,2773.43,1.0,24143024321.02,172770438.22704548,172770438.22704548
PM25_MAIN,PM25,Mortality,All-cause mortality,65,99,424,15,11,14.107851105405034,12.697065994864529,1.4107851105405054,9380,6.44018355644251e-05,0.008066,5e-05,VSL,VSL_2015_USD,,1.0114443842783571,0.011314892302776,0.6040892175943074,0.0068352044383478,8705114.0,59501.23384912357,2773.43,1.0,24143024321.02,165022506.99417478,165022506.99417478
PM25_MAIN,PM25,Mortality,All-cause mortality,65,99,465,15,12,14.572319549988167,13.115087594989353,1.4572319549988162,9379,6.44018355644251e-05,0.008066,5e-05,VSL,VSL_2015_USD,,1.011823383042378,0.0116852241611841,0.604024815758743,0.0070581653710588,8705114.0,61442.13418591915,2773.43,1.0,24143024321.02,170405458.21525374,170405458.21525374
PM25_MAIN,PM25,Mortality,All-cause mortality,65,99,506,15,13,14.471957643720762,13.024761879348686,1.4471957643720756,7589,6.44018355644251e-05,0.008066,5e-05,VSL,VSL_2015_USD,,1.0117414773185571,0.0116052149504397,0.4887455300984221,0.0056719969328588,8705114.0,49375.3799081862,2773.43,1.0,24143024321.02,136939159.89876086,136939159.89876086
PM25_MAIN,PM25,Mortality,All-cause mortality,65,99,547,15,14,14.54385613296421,13.08947051966779,1.45438561329642,544,6.44018355644251e-05,0.008066,5e-05,VSL,VSL_2015_USD,,1.0118001532686394,0.0116625335848377,0.0350345985470472,0.0004085921821862,8705114.0,3556.84152543964,2773.43,1.0,24143024321.02,9864650.99190006,9864650.99190006
PM25_MAIN,PM25,Mortality,All-cause mortality,65,99,302,16,8,14.485395061401087,13.03685555526098,1.4485395061401078,3437,6.44018355644251e-05,0.008066,5e-05,VSL,VSL_2015_USD,,1.0117524432605098,0.0116159277289571,0.221349108834929,0.0025711752510956,8705114.0,22382.373674765822,2773.43,1.0,24143024321.02,62075946.62080577,62075946.62080577
PM25_MAIN,PM25,Mortality,All-cause mortality,65,99,343,16,9,14.913511673494137,13.422160506144722,1.4913511673494124,9380,6.44018355644251e-05,0.008066,5e-05,VSL,VSL_2015_USD,,1.0121018807903372,0.0119571764661547,0.6040892175943074,0.0072232013760765,8705114.0,62878.79142370281,2773.43,1.0,24143024321.02,174389926.49824008,174389926.49824008
PM25_MAIN,PM25,Mortality,All-cause mortality,65,99,384,16,10,14.73917422124516,13.265256799120644,1.473917422124515,9380,6.44018355644251e-05,0.008066,5e-05,VSL,VSL_2015_USD,,1.0119595684340068,0.0118182275330566,0.6040892175943074,0.0071392638237956,8705114.0,62148.10546221661,2773.43,1.0,24143024321.02,172363420.1320754,172363420.1320754
PM25_MAIN,PM25,Mortality,All-cause mortality,65,99,425,16,11,14.27108808180841,12.84397927362757,1.42710880818084,9380,6.44018355644251e-05,0.008066,5e-05,VSL,VSL_2015_USD,,1.0115775668383191,0.011445060881001,0.6040892175943074,0.0069138378729231,8705114.0,60185.7468613131,2773.43,1.0,24143024321.02,166920955.91757157,166920955.91757157
PM25_MAIN,PM25,Mortality,All-cause mortality,65,99,466,16,12,14.72588685629937,13.253298170669431,1.4725886856299368,9379,6.44018355644251e-05,0.008066,5e-05,VSL,VSL_2015_USD,,1.0119487227258277,0.0118076365506367,0.604024815758743,0.0071321054920445,8705114.0,62085.791368273465,2773.43,1.0,24143024321.02,172190596.35451066,172190596.35451066
PM25_MAIN,PM25,Mortality,All-cause mortality,65,99,507,16,13,14.360190899217336,12.924171809295602,1.4360190899217322,3876,6.44018355644251e-05,0.008066,5e-05,VSL,VSL_2015_USD,,1.011650271867056,0.0115161061001394,0.2496215146477116,0.0028746678475605,8705114.0,25024.31132514877,2773.43,1.0,24143024321.02,69403175.75850736,69403175.75850736
PM25_MAIN,PM25,Mortality,All-cause mortality,65,99,303,17,8,14.3784280324763,12.94058522922867,1.43784280324763,2651,6.44018355644251e-05,0.008066,5e-05,VSL,VSL_2015_USD,,1.0116651534245311,0.0115306466621332,0.1707292660812909,0.0019686188420686,8705114.0,17137.051442755157,2773.43,1.0,24143024321.02,47528412.58288043,47528412.58288043
PM25_MAIN,PM25,Mortality,All-cause mortality,65,99,344,17,9,15.010707628895824,13.50963686600624,1.501070762889583,9380,6.44018355644251e-05,0.008066,5e-05,VSL,VSL_2015_USD,,1.0121812309247478,0.0120346342656627,0.6040892175943074,0.0072699927975778,8705114.0,63286.11608209367,2773.43,1.0,24143024321.02,175519612.92556104,175519612.92556104
PM25_MAIN,PM25,Mortality,All-cause mortality,65,99,385,17,10,14.430422751004985,12.987380475904484,1.443042275100499,9380,6.44018355644251e-05,0.008066,5e-05,VSL,VSL_2015_USD,,1.011707582478374,0.0115721011497156,0.6040892175943074,0.0069905815294539,8705114.0,60853.80914019056,2773.43,1.0,24143024321.02,168773779.8836787,168773779.8836787
PM25_MAIN,PM25,Mortality,All-cause mortality,65,99,426,17,11,14.581804420020854,13.123623978018768,1.4581804420020852,9380,6.44018355644251e-05,0.008066,5e-05,VSL,VSL_2015_USD,,1.011831124022904,0.0116927852306668,0.6040892175943074,0.0070634854814918,8705114.0,61488.44635373101,2773.43,1.0,24143024321.02,170533901.7708282,170533901.7708282
PM25_MAIN,PM25,Mortality,All-cause mortality,65,99,467,17,12,14.27819537078214,12.850375833703929,1.4278195370782123,9379,6.44018355644251e-05,0.008066,5e-05,VSL,VSL_2015_USD,,1.0115833659654003,0.011450727992493,0.604024815758743,0.006916523865969,8705114.0,60209.12873698086,2773.43,1.0,24143024321.02,166985803.91300482,166985803.91300482
PM25_MAIN,PM25,Mortality,All-cause mortality,65,99,508,17,13,14.312792381203217,12.881513143082891,1.4312792381203234,3406,6.44018355644251e-05,0.008066,5e-05,VSL,VSL_2015_USD,,1.011611595552706,0.011478314012763,0.2193526519324319,0.0025177986184127,8705114.0,21917.72400232505,2773.43,1.0,24143024321.02,60787273.279768355,60787273.279768355
PM25_MAIN,PM25,Mortality,All-cause mortality,65,99,304,18,8,14.918728998573725,13.426856098716351,1.4918728998573734,870,6.44018355644251e-05,0.008066,5e-05,VSL,VSL_2015_USD,,1.0121061400219855,0.0119613344324961,0.0560295969410498,0.0006701887471298,8705114.0,5834.069445282082,2773.43,1.0,24143024321.02,16180383.221628683,16180383.221628683
PM25_MAIN,PM25,Mortality,All-cause mortality,65,99,345,18,9,14.461753561748152,13.015578205573338,1.4461753561748143,9159,6.44018355644251e-05,0.008066,5e-05,VSL,VSL_2015_USD,,1.0117331501007572,0.0115970798224697,0.5898564119345695,0.0068406118930007,8705114.0,59548.306358326896,2773.43,1.0,24143024321.02,165153059.30337456,165153059.30337456
PM25_MAIN,PM25,Mortality,All-cause mortality,65,99,386,18,10,14.494041229571724,13.044637106614552,1.4494041229571728,9380,6.44018355644251e-05,0.008066,5e-05,VSL,VSL_2015_USD,,1.011759499245891,0.0116228206946965,0.6040892175943074,0.0070212206596981,8705114.0,61120.526261827166,2773.43,1.0,24143024321.02,169513501.1503393,169513501.1503393
PM25_MAIN,PM25,Mortality,All-cause mortality,65,99,427,18,11,15.018935581211332,13.517042023090198,1.501893558121134,9380,6.44018355644251e-05,0.008066,5e-05,VSL,VSL_2015_USD,,1.0121879484561416,0.0120411910403908,0.6040892175943074,0.0072739536744932,8705114.0,63320.5959671822,2773.43,1.0,24143024321.02,175615240.4732621,175615240.4732621
PM25_MAIN,PM25,Mortality,All-cause mortality,65,99,468,18,12,14.43593062675929,12.992337564083362,1.4435930626759284,6428,6.44018355644251e-05,0.008066,5e-05,VSL,VSL_2015_USD,,1.0117120771536632,0.0115764923817196,0.4139749990081245,0.0047923784222399,8705114.0,41718.200496738464,2773.43,1.0,24143024321.02,115702508.80366935,115702508.80366935
PM25_MAIN,PM25,Mortality,All-cause mortality,65,99,509,18,13,14.59349893079108,13.134149037711971,1.4593498930791071,45,6.44018355644251e-05,0.008066,5e-05,VSL,VSL_2015_USD,,1.0118406684608432,0.0117021076834701,0.0028980826003991,3.391367466546175e-05,8705114.0,295.2224041217564,2773.43,1.0,24143024321.02,818778.6722634028,818778.6722634028
PM25_MAIN,PM25,Mortality,All-cause mortality,65,99,346,19,9,14.525428500857153,13.07288565077144,1.4525428500857132,3601,6.44018355644251e-05,0.008066,5e-05,VSL,VSL_2015_USD,,1.0117851142580807,0.0116478430963303,0.2319110098674947,0.0027012630552481,8705114.0,23514.80283992301,2773.43,1.0,24143024321.02,65216659.64032767,65216659.64032767
PM25_MAIN,PM25,Mortality,All-cause mortality,65,99,387,19,10,14.67500820500394,13.207507384503549,1.4675008205003923,9371,6.44018355644251e-05,0.008066,5e-05,VSL,VSL_2015_USD,,1.0119071944975433,0.0117670815686371,0.6035096010742276,0.0071015467032961,8705114.0,61819.77362851673,2773.43,1.0,24143024321.02,171452814.77453715,171452814.77453715
PM25_MAIN,PM25,Mortality,All-cause mortality,65,99,428,19,11,14.156662043490975,12.74099583914188,1.4156662043490975,9380,6.44018355644251e-05,0.008066,5e-05,VSL,VSL_2015_USD,,1.0114842065406708,0.0113538169616581,0.6040892175943074,0.006858718405077,8705114.0,59705.925610093465,2773.43,1.0,24143024321.02,165590205.2648015,165590205.2648015
PM25_MAIN,PM25,Mortality,All-cause mortality,65,99,469,19,12,14.684957218327884,13.216461496495096,1.468495721832788,3998,6.44018355644251e-05,0.008066,5e-05,VSL,VSL_2015_USD,,1.0119153149580105,0.0117750119816152,0.2574785385865715,0.0030318128768656,8705114.0,26392.27671978301,2773.43,1.0,24143024321.02,73197132.02294779,73197132.02294779
PM25_MAIN,PM25,Mortality,All-cause mortality,65,99,347,20,9,14.751107688823758,13.275996919941385,1.4751107688823757,227,6.44018355644251e-05,0.008066,5e-05,VSL,VSL_2015_USD,,1.0119693091330793,0.0118277392654655,0.0146192166731244,0.000172912283075,8705114.0,1505.2211361681454,2773.43,1.0,24143024321.02,4174625.4556828192,4174625.4556828192
PM25_MAIN,PM25,Mortality,All-cause mortality,65,99,388,20,10,14.506031341910578,13.05542820771952,1.4506031341910577,9205,6.44018355644251e-05,0.008066,5e-05,VSL,VSL_2015_USD,,1.0117692842465784,0.0116323794661769,0.5928188963705331,0.0068958943573022,8705114.0,60029.54651227238,2773.43,1.0,24143024321.02,166487745.18353158,166487745.18353158
PM25_MAIN,PM25,Mortality,All-cause mortality,65,99,429,20,11,14.694190952581236,13.224771857323113,1.4694190952581234,9380,6.44018355644251e-05,0.008066,5e-05,VSL,VSL_2015_USD,,1.011922851660558,0.0117823721847892,0.6040892175943074,0.0071176039945142,8705114.0,61959.55417910149,2773.43,1.0,24143024321.02,171840486.34694543,171840486.34694543
PM25_MAIN,PM25,Mortality,All-cause mortality,65,99,470,20,12,14.301219705603303,12.871097735042976,1.4301219705603287,1575,6.44018355644251e-05,0.008066,5e-05,VSL,VSL_2015_USD,,1.011602152687967,0.0114690865941107,0.1014328910139695,0.0011633426105302,8705114.0,10127.030045722991,2773.43,1.0,24143024321.02,28086608.939709514,28086608.939709514
PM25_MAIN,PM25,Mortality,All-cause mortality,65,99,348,21,9,14.583423393797858,13.125081054418072,1.4583423393797847,3432,6.44018355644251e-05,0.008066,5e-05,VSL,VSL_2015_USD,,1.011832445337857,0.0116940758248824,0.2210270996571069,0.002584707662744,8705114.0,22500.17486086008,2773.43,1.0,24143024321.02,62402659.96435516,62402659.96435516
PM25_MAIN,PM25,Mortality,All-cause mortality,65,99,389,21,10,14.443634065396752,12.999270658857077,1.4443634065396758,9380,6.44018355644251e-05,0.008066,5e-05,VSL,VSL_2015_USD,,1.0117183635408864,0.0115826340246246,0.6040892175943074,0.0069969443256167,8705114.0,60909.19800614649,2773.43,1.0,24143024321.02,168927397.02618685,168927397.02618685
PM25_MAIN,PM25,Mortality,All-cause mortality,65,99,430,21,11,14.656875718829175,13.191188146946258,1.4656875718829188,9380,6.44018355644251e-05,0.008066,5e-05,VSL,VSL_2015_USD,,1.0118923947918048,0.0117526279009652,0.6040892175943074,0.0070996357933711,8705114.0,61803.13893977587,2773.43,1.0,24143024321.02,171406679.62974256,171406679.62974256
PM25_MAIN,PM25,Mortality,All-cause mortality,65,99,471,21,12,14.654471406541722,13.18902426588755,1.465447140654172,5971,6.44018355644251e-05,0.008066,5e-05,VSL,VSL_2015_USD,,1.0118904324122775,0.011750711372902,0.3845433601551822,0.0045186580355494,8705114.0,39335.43332647358,2773.43,1.0,24143024321.02,109094070.85064162,109094070.85064162
PM25_MAIN,PM25,Mortality,All-cause mortality,65,99,349,22,9,14.807953196562002,13.3271578769058,1.4807953196562007,3186,6.44018355644251e-05,0.008066,5e-05,VSL,VSL_2015_USD,,1.0120157105952168,0.0118730474926617,0.2051842481082583,0.0024361623225354,8705114.0,21207.070740175423,2773.43,1.0,24143024321.02,58816326.20292472,58816326.20292472
PM25_MAIN,PM25,Mortality,All-cause mortality,65,99,390,22,10,14.830691613484124,13.347622452135711,1.4830691613484124,9380,6.44018355644251e-05,0.008066,5e-05,VSL,VSL_2015_USD,,1.0120342719503508,0.0118911703722828,0.6040892175943074,0.0071833278064729,8705114.0,62531.687454716535,2773.43,1.0,24143024321.02,173427257.93753448,173427257.93753448
PM25_MAIN,PM25,Mortality,All-cause mortality,65,99,431,22,11,14.354628732076083,12.919165858868476,1.435462873207609,9380,6.44018355644251e-05,0.008066,5e-05,VSL,VSL_2015_USD,,1.011645733164929,0.0115116713125403,0.6040892175943074,0.0069540765163953,8705114.0,60536.02883994395,2773.43,1.0,24143024321.02,167892438.46556574,167892438.46556574
PM25_MAIN,PM25,Mortality,All-cause mortality,65,99,472,22,12,15.162054825625678,13.645849343063109,1.5162054825625688,9252,6.44018355644251e-05,0.008066,5e-05,VSL,VSL_2015_USD,,1.012304802159908,0.0121552344053431,0.595845782642061,0.0072426451574494,8705114.0,63048.051757144975,2773.43,1.0,24143024321.02,174859358.18481857,174859358.18481857
PM25_MAIN,PM25,Mortality,All-cause mortality,65,99,513,22,13,14.493527729079382,13.044174956171444,1.4493527729079378,3157,6.44018355644251e-05,0.008066,5e-05,VSL,VSL_2015_USD,,1.0117590801858196,0.0116224113191648,0.20331659487689,0.0023630290936712,8705114.0,20570.43764572448,2773.43,1.0,24143024321.02,57050668.87978164,57050668.87978164
PM25_MAIN,PM25,Mortality,All-cause mortality,65,99,350,23,9,15.189518554894414,13.670566699404974,1.5189518554894406,4386,6.44018355644251e-05,0.008066,5e-05,VSL,VSL_2015_USD,,1.0123272272312984,0.0121771171412757,0.2824664507855685,0.0034396270596962,8705114.0,29942.345672140225,2773.43,1.0,24143024321.02,83042999.75748385,83042999.75748385
PM25_MAIN,PM25,Mortality,All-cause mortality,65,99,391,23,10,14.516399292384357,13.06475936314592,1.4516399292384357,9380,6.44018355644251e-05,0.008066,5e-05,VSL,VSL_2015_USD,,1.0117777454948491,0.0116406449413344,0.6040892175943074,0.0070319880949038,8705114.0,61214.2580127804,2773.43,1.0,24143024321.02,169773459.60038555,169773459.60038555
PM25_MAIN,PM25,Mortality,All-cause mortality,65,99,432,23,11,14.637388990619316,13.173650091557384,1.4637388990619318,9380,6.44018355644251e-05,0.008066,5e-05,VSL,VSL_2015_USD,,1.0118764899972252,0.0117370945116609,0.6040892175943074,0.0070902522403796,8705114.0,61721.45404125982,2773.43,1.0,24143024321.02,171180132.28165123,171180132.28165123
PM25_MAIN,PM25,Mortality,All-cause mortality,65,99,473,23,12,14.437427600590674,12.993684840531609,1.4437427600590669,9380,6.44018355644251e-05,0.008066,5e-05,VSL,VSL_2015_USD,,1.011713298755347,0.0115776858619505,0.6040892175943074,0.0069939551938983,8705114.0,60883.1772737768,2773.43,1.0,24143024321.02,168855230.34641078,168855230.34641078
PM25_MAIN,PM25,Mortality,All-cause mortality,65,99,514,23,13,14.788109734283754,13.30929876085538,1.4788109734283754,8374,6.44018355644251e-05,0.008066,5e-05,VSL,VSL_2015_USD,,1.0119995126678736,0.011857231666288,0.5393009710164958,0.0063946165511966,8705114.0,55665.86606445324,2773.43,1.0,24143024321.02,154385382.91913655,154385382.91913655
PM25_MAIN,PM25,Mortality,All-cause mortality,65,99,555,23,14,14.73704051476771,13.26333646329094,1.473704051476771,86,6.44018355644251e-05,0.008066,5e-05,VSL,VSL_2015_USD,,1.0119578268048737,0.011816526823681,0.0055385578585405,6.544651749995405e-05,8705114.0,569.7193957400949,2773.43,1.0,24143024321.02,1580076.8637274513,1580076.8637274513
PM25_MAIN,PM25,Mortality,All-cause mortality,65,99,351,24,9,14.677068732168872,13.209361858951986,1.467706873216887,3394,6.44018355644251e-05,0.008066,5e-05,VSL,VSL_2015_USD,,1.011908876310162,0.0117687240313443,0.2185798299056588,0.0025724056969778,8705114.0,22393.084846441205,2773.43,1.0,24143024321.02,62105653.305665426,62105653.305665426
PM25_MAIN,PM25,Mortality,All-cause mortality,65,99,392,24,10,14.43702794885333,12.993325153967996,1.4437027948853345,9380,6.44018355644251e-05,0.008066,5e-05,VSL,VSL_2015_USD,,1.01171297262042,0.0115773672349801,0.6040892175943074,0.0069937627147811,8705114.0,60881.50172111896,2773.43,1.0,24143024321.02,168850583.31840295,168850583.31840295
PM25_MAIN,PM25,Mortality,All-cause mortality,65,99,433,24,11,14.394165157416497,12.954748641674849,1.43941651574165,9380,6.44018355644251e-05,0.008066,5e-05,VSL,VSL_2015_USD,,1.0116779951433943,0.0115431937824633,0.6040892175943074,0.0069731189005877,8705114.0,60701.7949651706,2773.43,1.0,24143024321.02,168352179.2102531,168352179.2102531
PM25_MAIN,PM25,Mortality,All-cause mortality,65,99,474,24,12,14.347900001608972,12.913110001448077,1.4347900001608966,9379,6.44018355644251e-05,0.008066,5e-05,VSL,VSL_2015_USD,,1.0116402425798514,0.0115063063823626,0.604024815758743,0.0069500945926702,8705114.0,60501.36573997766,2773.43,1.0,24143024321.02,167796302.7842262,167796302.7842262
PM25_MAIN,PM25,Mortality,All-cause mortality,65,99,515,24,13,14.381005026111376,12.94290452350024,1.438100502611137,8986,6.44018355644251e-05,0.008066,5e-05,VSL,VSL_2015_USD,,1.0116672562770064,0.0115327012954263,0.5787148943819239,0.0066741460121209,8705114.0,58099.20188815782,2773.43,1.0,24143024321.02,161134069.49267352,161134069.49267352
PM25_MAIN,PM25,Mortality,All-cause mortality,65,99,556,24,14,14.70470351855434,13.234233166698909,1.4704703518554345,695,6.44018355644251e-05,0.008066,5e-05,VSL,VSL_2015_USD,,1.0119314322317052,0.0117907516771089,0.0447592757172754,0.0005277455052296,8705114.0,4594.084786011264,2773.43,1.0,24143024321.02,12741372.568067221,12741372.568067221
PM25_MAIN,PM25,Mortality,All-cause mortality,65,99,352,25,9,14.814924437537307,13.33343199378358,1.48149244375373,1255,6.44018355644251e-05,0.008066,5e-05,VSL,VSL_2015_USD,,1.0120214011785629,0.0118786037178296,0.0808243036333535,0.0009600798736301,8705114.0,8357.604749055614,2773.43,1.0,24143024321.02,23179231.739173308,23179231.739173308
PM25_MAIN,PM25,Mortality,All-cause mortality,65,99,393,25,10,14.683365409152508,13.215028868237257,1.4683365409152511,9380,6.44018355644251e-05,0.008066,5e-05,VSL,VSL_2015_USD,,1.011914015706856,0.0117737431460851,0.6040892175943074,0.0071123912852749,8705114.0,61914.17695092453,2773.43,1.0,24143024321.02,171714635.7810026,171714635.7810026
PM25_MAIN,PM25,Mortality,All-cause mortality,65,99,434,25,11,14.615334145206488,13.15380073068584,1.4615334145206482,9380,6.44018355644251e-05,0.008066,5e-05,VSL,VSL_2015_USD,,1.0118584894429394,0.0117195137132938,0.6040892175943074,0.0070796318696494,8705114.0,61629.00250333116,2773.43,1.0,24143024321.02,170923724.41281372,170923724.41281372
PM25_MAIN,PM25,Mortality,All-cause mortality,65,99,475,25,12,14.928507044103537,13.435656339693184,1.4928507044103512,9380,6.44018355644251e-05,0.008066,5e-05,VSL,VSL_2015_USD,,1.0121141225057704,0.0119691270345863,0.6040892175943074,0.0072304205856101,8705114.0,62941.63546568268,2773.43,1.0,24143024321.02,174564220.0495883,174564220.0495883
PM25_MAIN,PM25,Mortality,All-cause mortality,65,99,516,25,13,14.278244923593329,12.850420431233996,1.4278244923593313,4255,6.44018355644251e-05,0.008066,5e-05,VSL,VSL_2015_USD,,1.0115834063976776,0.0114507675041122,0.2740298103266288,0.0031378516472461,8705114.0,27315.356304365087,2773.43,1.0,24143024321.02,75757228.63521525,75757228.63521525
PM25_MAIN,PM25,Mortality,All-cause mortality,65,99,353,26,9,14.875033960351736,13.38753056431656,1.487503396035175,3,6.44018355644251e-05,0.008066,5e-05,VSL,VSL_2015_USD,,1.012070469558895,0.0119265109712721,0.0001932055066932,2.304267595287548e-06,8705114.0,20.05891210348397,2773.43,1.0,24143024321.02,55631.988595165545,55631.988595165545
PM25_MAIN,PM25,Mortality,All-cause mortality,65,99,394,26,10,14.578381053355024,13.12054294801952,1.4578381053355027,6975,6.44018355644251e-05,0.008066,5e-05,VSL,VSL_2015_USD,,1.0118283300700732,0.0116900562264886,0.449202803061865,0.0052512060248895,8705114.0,45712.34708414993,2773.43,1.0,24143024321.02,126779994.77359393,126779994.77359393
PM25_MAIN,PM25,Mortality,All-cause mortality,65,99,435,26,11,14.624066836384612,13.161660152746151,1.462406683638461,9379,6.44018355644251e-05,0.008066,5e-05,VSL,VSL_2015_USD,,1.0118656167854394,0.0117264749277031,0.604024815758743,0.0070830818577054,8705114.0,61659.03504265729,2773.43,1.0,24143024321.02,171007017.558357,171007017.558357
PM25_MAIN,PM25,Mortality,All-cause mortality,65,99,476,26,12,14.91936903583955,13.427432132255596,1.4919369035839534,9380,6.44018355644251e-05,0.008066,5e-05,VSL,VSL_2015_USD,,1.012106662526023,0.0119618445113356,0.6040892175943074,0.0072260212918375,8705114.0,62903.33911187271,2773.43,1.0,24143024321.02,174458007.7930411,174458007.7930411
PM25_MAIN,PM25,Mortality,All-cause mortality,65,99,517,26,13,14.816553705208076,13.334898334687267,1.4816553705208069,4378,6.44018355644251e-05,0.008066,5e-05,VSL,VSL_2015_USD,,1.0120227311448724,0.011879902273807,0.2819512361010531,0.0033495531308596,8705114.0,29158.24185318973,2773.43,1.0,24143024321.02,80868342.70289199,80868342.70289199
PM25_MAIN,PM25,Mortality,All-cause mortality,65,99,395,27,10,15.035377572519,13.5318398152671,1.5035377572519,3089,6.44018355644251e-05,0.008066,5e-05,VSL,VSL_2015_USD,,1.0122013722932597,0.0120542933720946,0.1989372700585091,0.0023980482159288,8705114.0,20875.28309715682,2773.43,1.0,24143024321.02,57896136.40014763,57896136.40014763
PM25_MAIN,PM25,Mortality,All-cause mortality,65,99,436,27,11,14.65915337297492,13.19323803567743,1.4659153372974902,9379,6.44018355644251e-05,0.008066,5e-05,VSL,VSL_2015_USD,,1.0118942537975288,0.0117544434637225,0.604024815758743,0.0070999755475215,8705114.0,61806.09653838708,2773.43,1.0,24143024321.02,171414882.32245886,171414882.32245886
PM25_MAIN,PM25,Mortality,All-cause mortality,65,99,477,27,12,14.942816429313083,13.448534786381776,1.494281642931309,9380,6.44018355644251e-05,0.008066,5e-05,VSL,VSL_2015_USD,,1.0121258043438937,0.0119805307718184,0.6040892175943074,0.0072373094603123,8705114.0,63001.60390529705,2773.43,1.0,24143024321.02,174730538.31906798,174730538.31906798
PM25_MAIN,PM25,Mortality,All-cause mortality,65,99,518,27,13,14.787259015318226,13.308533113786403,1.4787259015318224,7540,6.44018355644251e-05,0.008066,5e-05,VSL,VSL_2015_USD,,1.0119988182442496,0.0118565536124506,0.4855898401557652,0.0057574219734681,8705114.0,50119.01462514479,2773.43,1.0,24143024321.02,139001578.7318153,139001578.7318153
PM25_MAIN,PM25,Mortality,All-cause mortality,65,99,559,27,14,14.691890347718749,13.222701312946874,1.4691890347718743,1595,6.44018355644251e-05,0.008066,5e-05,VSL,VSL_2015_USD,,1.0119209738695654,0.0117805383793754,0.102720927725258,0.0012101078314324,8705114.0,10534.126624911823,2773.43,1.0,24143024321.02,29215662.805329196,29215662.805329196
PM25_MAIN,PM25,Mortality,All-cause mortality,65,99,396,28,10,15.177548709979044,13.65979383898114,1.517754870997905,756,6.44018355644251e-05,0.008066,5e-05,VSL,VSL_2015_USD,,1.012317453383711,0.0121675797868933,0.0486877876867053,0.0005924125413253,8705114.0,5157.018707266448,2773.43,1.0,24143024321.02,14302630.393293982,14302630.393293982
PM25_MAIN,PM25,Mortality,All-cause mortality,65,99,437,28,11,15.137068692616362,13.623361823354726,1.513706869261636,9289,6.44018355644251e-05,0.008066,5e-05,VSL,VSL_2015_USD,,1.0122844005619036,0.012135325364181,0.5982286505579447,0.0072596993166956,8705114.0,63196.5101575573,2773.43,1.0,24143024321.02,175271097.16627413,175271097.16627413
PM25_MAIN,PM25,Mortality,All-cause mortality,65,99,478,28,12,14.771512562804066,13.294361306523658,1.4771512562804077,9379,6.44018355644251e-05,0.008066,5e-05,VSL,VSL_2015_USD,,1.0119859648392244,0.0118440030352877,0.604024815758743,0.0071540717512356,8705114.0,62277.010158685545,2773.43,1.0,24143024321.02,172720928.28440323,172720928.28440323
PM25_MAIN,PM25,Mortality,All-cause mortality,65,99,519,28,13,14.822700370366722,13.34043033333005,1.4822700370366722,9380,6.44018355644251e-05,0.008066,5e-05,VSL,VSL_2015_USD,,1.0120277486649276,0.0118848012624107,0.6040892175943074,0.0071794802958735,8705114.0,62498.19443633255,2773.43,1.0,24143024321.02,173334367.3955578,173334367.3955578
PM25_MAIN,PM25,Mortality,All-cause mortality,65,99,560,28,14,14.629093957305496,13.166184561574946,1.4629093957305503,8277,6.44018355644251e-05,0.008066,5e-05,VSL,VSL_2015_USD,,1.0118697197830944,0.0117304822459146,0.5330539929667466,0.0062529804006103,8705114.0,54432.90722707833,2773.43,1.0,24143024321.02,150965857.89079583,150965857.89079583
PM25_MAIN,PM25,Mortality,All-cause mortality,65,99,601,28,15,14.3135572633938,12.88220153705442,1.4313557263393797,418,6.44018355644251e-05,0.008066,5e-05,VSL,VSL_2015_USD,,1.0116122196706936,0.0114789238849583,0.0269199672659296,0.0003090122552311,8705114.0,2689.986909183822,2773.43,1.0,24143024321.02,7460490.393537686,7460490.393537686
PM25_MAIN,PM25,Mortality,All-cause mortality,65,99,397,29,10,14.762300477396678,13.286070429657013,1.4762300477396677,269,6.44018355644251e-05,0.008066,5e-05,VSL,VSL_2015_USD,,1.0119784453377425,0.0118366605464057,0.0173240937668303,0.000205059417192,8705114.0,1785.06560342992,2773.43,1.0,24143024321.02,4950754.496520643,4950754.496520643
PM25_MAIN,PM25,Mortality,All-cause mortality,65,99,438,29,11,14.67508057048648,13.207572513437832,1.4675080570486472,8853,6.44018355644251e-05,0.008066,5e-05,VSL,VSL_2015_USD,,1.0119072535625662,0.0117671392517891,0.5701494502518554,0.0067090279754446,8705114.0,58402.85335543445,2773.43,1.0,24143024321.02,161976225.58156255,161976225.58156255
PM25_MAIN,PM25,Mortality,All-cause mortality,65,99,479,29,12,14.549352167602567,13.094416950842314,1.454935216760255,9380,6.44018355644251e-05,0.008066,5e-05,VSL,VSL_2015_USD,,1.0118046386913986,0.0116669149754697,0.6040892175943074,0.0070478575392708,8705114.0,61352.40333511179,2773.43,1.0,24143024321.02,170156595.98169908,170156595.98169908
PM25_MAIN,PM25,Mortality,All-cause mortality,65,99,520,29,13,14.816626187972629,13.334963569175365,1.4816626187972624,9380,6.44018355644251e-05,0.008066,5e-05,VSL,VSL_2015_USD,,1.0120227903123762,0.0118799600438495,0.6040892175943074,0.0071765557679406,8705114.0,62472.73608728047,2773.43,1.0,24143024321.02,173263760.44654626,173263760.44654626
PM25_MAIN,PM25,Mortality,All-cause mortality,65,99,561,29,14,14.81439052699348,13.332951474294132,1.4814390526993488,9379,6.44018355644251e-05,0.008066,5e-05,VSL,VSL_2015_USD,,1.0120209653493686,0.0118781781810407,0.604024815758743,0.0071747143873526,8705114.0,62456.70665934454,2773.43,1.0,24143024321.02,173219303.95022592,173219303.95022592
PM25_MAIN,PM25,Mortality,All-cause mortality,65,99,602,29,15,14.442827291871426,12.998544562684284,1.444282729187142,5837,6.44018355644251e-05,0.008066,5e-05,VSL,VSL_2015_USD,,1.0117177051719255,0.0115819908182139,0.3759135141895493,0.0043538268697859,8705114.0,37900.55923774942,2773.43,1.0,24143024321.02,105114548.00675136,105114548.00675136
PM25_MAIN,PM25,Mortality,All-cause mortality,65,99,643,29,16,14.47042512743122,13.023382614688098,1.4470425127431223,249,6.44018355644251e-05,0.008066,5e-05,VSL,VSL_2015_USD,,1.011740226677727,0.0116039931675725,0.0160360570555418,0.0001860822965073,8705114.0,1619.8676044778483,2773.43,1.0,24143024321.02,4492589.410286998,4492589.410286998
PM25_MAIN,PM25,Mortality,All-cause mortality,65,99,398,30,10,15.119546878870317,13.607592190983285,1.5119546878870302,1076,6.44018355644251e-05,0.008066,5e-05,VSL,VSL_2015_USD,,1.0122700939514349,0.0121213636802586,0.0692963750673214,0.0008399665639146,8705114.0,7312.004695064878,2773.43,1.0,24143024321.02,20279333.181433786,20279333.181433786
PM25_MAIN,PM25,Mortality,All-cause mortality,65,99,439,30,11,15.063129814029638,13.556816832626676,1.5063129814029637,8857,6.44018355644251e-05,0.008066,5e-05,VSL,VSL_2015_USD,,1.012224030632071,0.012076408247725,0.5704070575941131,0.0068884684948901,8705114.0,59964.90353342674,2773.43,1.0,24143024321.02,166308462.4067117,166308462.4067117
PM25_MAIN,PM25,Mortality,All-cause mortality,65,99,480,30,12,14.563185074023515,13.106866566621166,1.4563185074023508,9380,6.44018355644251e-05,0.008066,5e-05,VSL,VSL_2015_USD,,1.0118159280883992,0.0116779423612382,0.6040892175943074,0.0070545190641118,8705114.0,61410.392668266526,2773.43,1.0,24143024321.02,170317425.3379504,170317425.3379504
PM25_MAIN,PM25,Mortality,All-cause mortality,65,99,521,30,13,14.741674759669628,13.267507283702663,1.4741674759669632,9380,6.44018355644251e-05,0.008066,5e-05,VSL,VSL_2015_USD,,1.011961609492022,0.0118202206287514,0.6040892175943074,0.0071404678314145,8705114.0,62158.586485796,2773.43,1.0,24143024321.02,172392488.51730117,172392488.51730117
PM25_MAIN,PM25,Mortality,All-cause mortality,65,99,562,30,14,14.76878845395352,13.291909608558168,1.476878845395353,9379,6.44018355644251e-05,0.008066,5e-05,VSL,VSL_2015_USD,,1.011983741239113,0.011841831791131,0.604024815758743,0.0071527602658839,8705114.0,62265.59352918966,2773.43,1.0,24143024321.02,172689265.06166047,172689265.06166047
PM25_MAIN,PM25,Mortality,All-cause mortality,65,99,603,30,15,15.055012287644477,13.549511058880029,1.5055012287644465,9379,6.44018355644251e-05,0.008066,5e-05,VSL,VSL_2015_USD,,1.012217403018962,0.0120699397012178,0.604024815758743,0.0072905431042472,8705114.0,63465.00884438576,2773.43,1.0,24143024321.02,176015759.4792848,176015759.4792848
PM25_MAIN,PM25,Mortality,All-cause mortality,65,99,644,30,16,14.480669036434849,13.032602132791364,1.4480669036434843,2838,6.44018355644251e-05,0.008066,5e-05,VSL,VSL_2015_USD,,1.0117485864556717,0.0116121599900909,0.1827724093318384,0.0021223824589356,8705114.0,18475.58125663472,2773.43,1.0,24143024321.02,51240731.324588425,51240731.324588425
PM25_MAIN,PM25,Mortality,All-cause mortality,65,99,440,31,11,15.282164585534154,13.753948126980738,1.528216458553416,8213,6.44018355644251e-05,0.008066,5e-05,VSL,VSL_2015_USD,,1.0124028795388518,0.0122509326963798,0.5289322754906234,0.0064799137079786,8705114.0,56408.38753811642,2773.43,1.0,24143024321.02,156444714.2498382,156444714.2498382
PM25_MAIN,PM25,Mortality,All-cause mortality,65,99,481,31,12,14.809541918408788,13.328587726567909,1.480954191840878,9380,6.44018355644251e-05,0.008066,5e-05,VSL,VSL_2015_USD,,1.0120170074567785,0.0118743137400203,0.6040892175943074,0.0071731448966782,8705114.0,62443.04406410195,2773.43,1.0,24143024321.02,173181411.69870228,173181411.69870228
PM25_MAIN,PM25,Mortality,All-cause mortality,65,99,522,31,13,14.832607654155264,13.349346888739738,1.483260765415526,9380,6.44018355644251e-05,0.008066,5e-05,VSL,VSL_2015_USD,,1.012035836028672,0.011892697471961,0.6040892175943074,0.0071842503109227,8705114.0,62539.717961117545,2773.43,1.0,24143024321.02,173449529.98490223,173449529.98490223
PM25_MAIN,PM25,Mortality,All-cause mortality,65,99,563,31,14,13.890914965114396,12.501823468602955,1.3890914965114387,9379,6.44018355644251e-05,0.008066,5e-05,VSL,VSL_2015_USD,,1.011267416524754,0.0111418763629057,0.604024815758743,0.0067299698173108,8705114.0,58585.15447624969,2773.43,1.0,24143024321.02,162481824.97906518,162481824.97906518
PM25_MAIN,PM25,Mortality,All-cause mortality,65,99,604,31,15,14.31440261307974,12.882962351771766,1.4314402613079746,9379,6.44018355644251e-05,0.008066,5e-05,VSL,VSL_2015_USD,,1.0116129094478827,0.0114795979167769,0.604024815758743,0.0069339620166656,8705114.0,60360.92982674394,2773.43,1.0,24143024321.02,167406813.6093864,167406813.6093864
PM25_MAIN,PM25,Mortality,All-cause mortality,65,99,645,31,16,14.708652316854709,13.237787085169236,1.470865231685471,7418,6.44018355644251e-05,0.008066,5e-05,VSL,VSL_2015_USD,,1.0119346553403603,0.0117938992180739,0.4777328162169054,0.0056343326876288,8705114.0,49047.5083597351,2773.43,1.0,24143024321.02,136029831.11014012,136029831.11014012
PM25_MAIN,PM25,Mortality,All-cause mortality,65,99,686,31,17,14.698648080791791,13.228783272712612,1.46986480807918,1809,6.44018355644251e-05,0.008066,5e-05,VSL,VSL_2015_USD,,1.01192648965079,0.0117859249389803,0.116502920536045,0.0013730946766098,8705114.0,11952.945692681442,2773.43,1.0,24143024321.02,33150658.17245349,33150658.17245349
PM25_MAIN,PM25,Mortality,All-cause mortality,65,99,400,32,10,15.764778786038454,14.18830090743461,1.5764778786038445,746,6.44018355644251e-05,0.008066,5e-05,VSL,VSL_2015_USD,,1.0127970610217696,0.0126353654787061,0.0480437693310611,0.0006070505844726,8705114.0,5284.444541600613,2773.43,1.0,24143024321.02,14656037.025011387,14656037.025011387
PM25_MAIN,PM25,Mortality,All-cause mortality,65,99,441,32,11,19.17487161221961,17.257384450997655,1.917487161221956,9110,6.44018355644251e-05,0.008066,5e-05,VSL,VSL_2015_USD,,1.0155866760186985,0.015347460129943,0.5867007219919127,0.0090043659389796,8705114.0,78384.03199653445,2773.43,1.0,24143024321.02,217392625.86014855,217392625.86014855
PM25_MAIN,PM25,Mortality,All-cause mortality,65,99,482,32,12,21.94635158055097,19.751716422495875,2.194635158055096,9380,6.44018355644251e-05,0.008066,5e-05,VSL,VSL_2015_USD,,1.0178595349112372,0.0175461685023116,0.6040892175943074,0.0105994512023393,8705114.0,92269.43105380068,2773.43,1.0,24143024321.02,255902808.16754243,255902808.16754243
PM25_MAIN,PM25,Mortality,All-cause mortality,65,99,523,32,13,14.96904963866631,13.472144674799678,1.4969049638666316,9380,6.44018355644251e-05,0.008066,5e-05,VSL,VSL_2015_USD,,1.0121472208556035,0.0120014367527829,0.6040892175943074,0.0072499385379962,8705114.0,63111.54146625025,2773.43,1.0,24143024321.02,175035442.44874242,175035442.44874242
PM25_MAIN,PM25,Mortality,All-cause mortality,65,99,564,32,14,11.670833129603952,10.50374981664356,1.1670833129603937,9379,6.44018355644251e-05,0.008066,5e-05,VSL,VSL_2015_USD,,1.0094581421841018,0.0093695238949064,0.604024815758743,0.0056594249443679,8705114.0,49265.93931516623,2773.43,1.0,24143024321.02,136635634.07486147,136635634.07486147
PM25_MAIN,PM25,Mortality,All-cause mortality,65,99,605,32,15,14.752681549000632,13.277413394100568,1.475268154900064,9380,6.44018355644251e-05,0.008066,5e-05,VSL,VSL_2015_USD,,1.0119705938042596,0.0118289937252612,0.6040892175943074,0.007145767564421,8705114.0,62204.72126578715,2773.43,1.0,24143024321.02,172520440.10017204,172520440.10017204
PM25_MAIN,PM25,Mortality,All-cause mortality,65,99,646,32,16,15.222191617917424,13.699972456125684,1.5222191617917409,9380,6.44018355644251e-05,0.008066,5e-05,VSL,VSL_2015_USD,,1.0123539065483742,0.0122031499739996,0.6040892175943074,0.0073717913199794,8705114.0,64172.28382463115,2773.43,1.0,24143024321.02,177977337.12774676,177977337.12774676
PM25_MAIN,PM25,Mortality,All-cause mortality,65,99,687,32,17,14.640175723395055,13.176158151055551,1.4640175723395057,5329,6.44018355644251e-05,0.008066,5e-05,VSL,VSL_2015_USD,,1.0118787644741591,0.0117393159054306,0.3431973817228214,0.0040289024819608,8705114.0,35072.05540035171,2773.43,1.0,24143024321.02,97269890.60899743,97269890.60899743
PM25_MAIN,PM25,Mortality,All-cause mortality,65,99,360,33,9,15.903242548505457,14.31291829365491,1.590324254850545,2764,6.44018355644251e-05,0.008066,5e-05,VSL,VSL_2015_USD,,1.0129101814474848,0.0127456330126286,0.178006673500071,0.0022688077342307,8705114.0,19750.229970559947,2773.43,1.0,24143024321.02,54775880.30725007,54775880.30725007
PM25_MAIN,PM25,Mortality,All-cause mortality,65,99,401,33,10,14.580532004246432,13.12247880382179,1.4580532004246418,9240,6.44018355644251e-05,0.008066,5e-05,VSL,VSL_2015_USD,,1.0118300855502291,0.0116917709002455,0.5950729606152879,0.0069574567244447,8705114.0,60565.453936357706,2773.43,1.0,24143024321.02,167974046.91071254,167974046.91071254
PM25_MAIN,PM25,Mortality,All-cause mortality,65,99,442,33,11,21.11484343586332,19.003359092276987,2.11148434358633,9379,6.44018355644251e-05,0.008066,5e-05,VSL,VSL_2015_USD,,1.017177091031689,0.016887021132443,0.604024815758743,0.0102001798282378,8705114.0,88793.72822531046,2773.43,1.0,24143024321.02,246263189.67192277,246263189.67192277
PM25_MAIN,PM25,Mortality,All-cause mortality,65,99,483,33,12,16.44402271958976,14.799620447630785,1.6444022719589757,9380,6.44018355644251e-05,0.008066,5e-05,VSL,VSL_2015_USD,,1.0133521024424283,0.0131761728329635,0.6040892175943074,0.0079595839375523,8705114.0,69289.08556896166,2773.43,1.0,24143024321.02,192168428.5895253,192168428.5895253
PM25_MAIN,PM25,Mortality,All-cause mortality,65,99,524,33,13,15.333234134351075,13.79991072091597,1.5333234134351077,9380,6.44018355644251e-05,0.008066,5e-05,VSL,VSL_2015_USD,,1.012444584003953,0.0122916199074701,0.6040892175943074,0.0074252350528702,8705114.0,64637.51761203112,2773.43,1.0,24143024321.02,179267630.47073546,179267630.47073546
PM25_MAIN,PM25,Mortality,All-cause mortality,65,99,565,33,14,15.03390264443556,13.530512379992002,1.5033902644435564,9379,6.44018355644251e-05,0.008066,5e-05,VSL,VSL_2015_USD,,1.012200168101292,0.0120531180351188,0.604024815758743,0.007280382400481,8705114.0,63376.55875978076,2773.43,1.0,24143024321.02,175770449.36113873,175770449.36113873
PM25_MAIN,PM25,Mortality,All-cause mortality,65,99,606,33,15,13.401107277986362,12.060996550187726,1.3401107277986366,9380,6.44018355644251e-05,0.008066,5e-05,VSL,VSL_2015_USD,,1.0108679650386292,0.0107511222182352,0.6040892175943074,0.0064946370090745,8705114.0,56536.55555261255,2773.43,1.0,24143024321.02,156800179.26628223,156800179.26628223
PM25_MAIN,PM25,Mortality,All-cause mortality,65,99,647,33,16,14.923111506289157,13.43080035566024,1.4923111506289164,9380,6.44018355644251e-05,0.008066,5e-05,VSL,VSL_2015_USD,,1.0121097177533989,0.0119648270745577,0.6040892175943074,0.0072278230261207,8705114.0,62919.02341420567,2773.43,1.0,24143024321.02,174501507.10766044,174501507.10766044
PM25_MAIN,PM25,Mortality,All-cause mortality,65,99,688,33,17,14.969125521056087,13.47221296895048,1.4969125521056077,8364,6.44018355644251e-05,0.008066,5e-05,VSL,VSL_2015_USD,,1.0121472828058329,0.0120014972249479,0.5386569526608516,0.0064646899225581,8705114.0,56275.86275051943,2773.43,1.0,24143024321.02,156077166.0281731,156077166.0281731
PM25_MAIN,PM25,Mortality,All-cause mortality,65,99,729,33,18,14.54009013227245,13.086081119045208,1.4540090132272423,49,6.44018355644251e-05,0.008066,5e-05,VSL,VSL_2015_USD,,1.0117970797723412,0.0116595313508868,0.0031556899426568,3.679386582008554e-05,8705114.0,320.29479646454814,2773.43,1.0,24143024321.02,888315.1973586717,888315.1973586717
PM25_MAIN,PM25,Mortality,All-cause mortality,65,99,361,34,9,15.140815401849457,13.62673386166451,1.5140815401849448,2224,6.44018355644251e-05,0.008066,5e-05,VSL,VSL_2015_USD,,1.0122874597868274,0.0121383107812231,0.1432296822952814,0.0017385663967959,8705114.0,15134.418680677543,2773.43,1.0,24143024321.02,41974250.80155151,41974250.80155151
PM25_MAIN,PM25,Mortality,All-cause mortality,65,99,402,34,10,14.01685497812696,12.615169480314266,1.4016854978126947,8169,6.44018355644251e-05,0.008066,5e-05,VSL,VSL_2015_USD,,1.011370149537526,0.0112423226478705,0.5260985947257887,0.0059145701464985,8705114.0,51487.00738626615,2773.43,1.0,24143024321.02,142795610.89529213,142795610.89529213
PM25_MAIN,PM25,Mortality,All-cause mortality,65,99,443,34,11,14.284132281459296,12.855719053313369,1.4284132281459296,9374,6.44018355644251e-05,0.008066,5e-05,VSL,VSL_2015_USD,,1.0115882101585565,0.0114554618590703,0.6037028065809209,0.0069156944750014,8705114.0,60201.90879405734,2773.43,1.0,24143024321.02,166965779.90670243,166965779.90670243
PM25_MAIN,PM25,Mortality,All-cause mortality,65,99,484,34,12,15.933223037574365,14.339900733816927,1.5933223037574358,9380,6.44018355644251e-05,0.008066,5e-05,VSL,VSL_2015_USD,,1.0129346762035325,0.0127695067682067,0.6040892175943074,0.0077139213526712,8705114.0,67150.564762037,2773.43,1.0,24143024321.02,186237390.82797626,186237390.82797626
PM25_MAIN,PM25,Mortality,All-cause mortality,65,99,525,34,13,16.807461198981006,15.126715079082906,1.6807461198980995,9380,6.44018355644251e-05,0.008066,5e-05,VSL,VSL_2015_USD,,1.01364920962804,0.0134654173242522,0.6040892175943074,0.0081343134159883,8705114.0,70810.12559790758,2773.43,1.0,24143024321.02,196386926.6370048,196386926.6370048
PM25_MAIN,PM25,Mortality,All-cause mortality,65,99,566,34,14,14.093414090109828,12.684072681098844,1.4093414090109828,9379,6.44018355644251e-05,0.008066,5e-05,VSL,VSL_2015_USD,,1.0114326061817267,0.0113033790999541,0.604024815758743,0.006827521478301,8705114.0,59434.352806058734,2773.43,1.0,24143024321.02,164837017.10290748,164837017.10290748
PM25_MAIN,PM25,Mortality,All-cause mortality,65,99,607,34,15,14.651209166341497,13.186088249707348,1.4651209166341488,9379,6.44018355644251e-05,0.008066,5e-05,VSL,VSL_2015_USD,,1.0118877698052675,0.0117481109664517,0.604024815758743,0.0070961505620243,8705114.0,61772.799603585605,2773.43,1.0,24143024321.02,171322535.60457242,171322535.60457242
PM25_MAIN,PM25,Mortality,All-cause mortality,65,99,648,34,16,14.877075988961426,13.389368390065282,1.4877075988961437,7672,6.44018355644251e-05,0.008066,5e-05,VSL,VSL_2015_USD,,1.012072136541818,0.0119281384260488,0.4940908824502694,0.0058935844409154,8705114.0,51304.324426794825,2773.43,1.0,24143024321.02,142288952.49500555,142288952.49500555
PM25_MAIN,PM25,Mortality,All-cause mortality,65,99,689,34,17,14.468387370974272,13.021548633876847,1.4468387370974265,1634,6.44018355644251e-05,0.008066,5e-05,VSL,VSL_2015_USD,,1.0117385637278604,0.0116023685848331,0.1052325993122706,0.001220947404361,8705114.0,10628.486342966602,2773.43,1.0,24143024321.02,29477362.87817386,29477362.87817386
PM25_MAIN,PM25,Mortality,All-cause mortality,65,99,730,34,18,14.684069053239297,13.215662147915364,1.4684069053239297,173,6.44018355644251e-05,0.008066,5e-05,VSL,VSL_2015_USD,,1.01191459002825,0.0117743040229486,0.0111415175526455,0.0001311836149418,8705114.0,1141.9683230004723,2773.43,1.0,24143024321.02,3167169.2060591998,3167169.2060591998
PM25_MAIN,PM25,Mortality,All-cause mortality,65,99,403,35,10,15.23792487978262,13.71413239180436,1.5237924879782607,73,6.44018355644251e-05,0.008066,5e-05,VSL,VSL_2015_USD,,1.0123667538555348,0.0122156854800267,0.004701333996203,5.7430017434173365e-05,8705114.0,499.93484878646666,2773.43,1.0,24143024321.02,1386534.30766985,1386534.30766985
PM25_MAIN,PM25,Mortality,All-cause mortality,65,99,444,35,11,14.754074268797218,13.278666841917495,1.4754074268797217,4839,6.44018355644251e-05,0.008066,5e-05,VSL,VSL_2015_USD,,1.0119717306200655,0.0118301038041152,0.3116404822962531,0.0036867392551291,8705114.0,32093.485504173903,2773.43,1.0,24143024321.02,89009035.50184102,89009035.50184102
PM25_MAIN,PM25,Mortality,All-cause mortality,65,99,485,35,12,20.057226182209035,18.05150356398813,2.0057226182209043,9380,6.44018355644251e-05,0.008066,5e-05,VSL,VSL_2015_USD,,1.0163097336364728,0.0160479951108158,0.6040892175943074,0.00969442081045,8705114.0,84391.03831893964,2773.43,1.0,24143024321.02,234052637.40489674,234052637.40489674
PM25_MAIN,PM25,Mortality,All-cause mortality,65,99,526,35,13,14.002111244794085,12.601900120314676,1.4002111244794089,9380,6.44018355644251e-05,0.008066,5e-05,VSL,VSL_2015_USD,,1.0113581220965608,0.0112305639796664,0.6040892175943074,0.0067842626076195,8705114.0,59057.77940526501,2773.43,1.0,24143024321.02,163792617.13594413,163792617.13594413
PM25_MAIN,PM25,Mortality,All-cause mortality,65,99,567,35,14,13.21154531073496,11.890390779661464,1.3211545310734945,9379,6.44018355644251e-05,0.008066,5e-05,VSL,VSL_2015_USD,,1.010713414452315,0.0105998538251526,0.604024815758743,0.0064025747538074,8705114.0,55735.14312541535,2773.43,1.0,24143024321.02,154577517.9983207,154577517.9983207
PM25_MAIN,PM25,Mortality,All-cause mortality,65,99,608,35,15,14.732226957084348,13.259004261375912,1.473222695708435,9380,6.44018355644251e-05,0.008066,5e-05,VSL,VSL_2015_USD,,1.0119538977692286,0.011812690079637,0.6040892175943074,0.0071359187078919,8705114.0,62118.98584693169,2773.43,1.0,24143024321.02,172282658.91745573,172282658.91745573
PM25_MAIN,PM25,Mortality,All-cause mortality,65,99,649,35,16,14.825376698476235,13.342839028628614,1.4825376698476234,8354,6.44018355644251e-05,0.008066,5e-05,VSL,VSL_2015_USD,,1.0120299333581555,0.011886934330329,0.5380129343052072,0.0063953244189536,8705114.0,55672.02813397485,2773.43,1.0,24143024321.02,154402472.98760986,154402472.98760986
PM25_MAIN,PM25,Mortality,All-cause mortality,65,99,690,35,17,15.344356667510764,13.809921000759688,1.5344356667510777,2836,6.44018355644251e-05,0.008066,5e-05,VSL,VSL_2015_USD,,1.0124536671257238,0.0123004810294961,0.1826436056607095,0.0022466042065883,8705114.0,19556.945731230702,2773.43,1.0,24143024321.02,54239819.99936716,54239819.99936716
PM25_MAIN,PM25,Mortality,All-cause mortality,65,99,445,36,11,15.357020194510564,13.821318175059506,1.5357020194510564,6092,6.44018355644251e-05,0.008066,5e-05,VSL,VSL_2015_USD,,1.0124640087861672,0.0123105697368047,0.3923359822584777,0.0048298794698507,8705114.0,42044.651391309904,2773.43,1.0,24143024321.02,116607897.50820062,116607897.50820062
PM25_MAIN,PM25,Mortality,All-cause mortality,65,99,486,36,12,16.080378304002686,14.47234047360242,1.6080378304002654,9380,6.44018355644251e-05,0.008066,5e-05,VSL,VSL_2015_USD,,1.0130549140641911,0.0128866795698341,0.6040892175943074,0.0077847041787296,8705114.0,67766.73733211754,2773.43,1.0,24143024321.02,187946302.31901473,187946302.31901473
PM25_MAIN,PM25,Mortality,All-cause mortality,65,99,527,36,13,14.657942938549356,13.19214864469442,1.4657942938549358,9380,6.44018355644251e-05,0.008066,5e-05,VSL,VSL_2015_USD,,1.0118932658488105,0.011753478603135,0.6040892175943074,0.0071001496933792,8705114.0,61807.612497930975,2773.43,1.0,24143024321.02,171419086.7301367,171419086.7301367
PM25_MAIN,PM25,Mortality,All-cause mortality,65,99,568,36,14,14.242217186793871,12.817995468114484,1.424221718679389,9379,6.44018355644251e-05,0.008066,5e-05,VSL,VSL_2015_USD,,1.0115540102388316,0.0114220398731884,0.604024815758743,0.0068991955299916,8705114.0,60058.2835968673,2773.43,1.0,24143024321.02,166567445.47605968,166567445.47605968
PM25_MAIN,PM25,Mortality,All-cause mortality,65,99,609,36,15,15.160507917501413,13.644457125751272,1.5160507917501391,9380,6.44018355644251e-05,0.008066,5e-05,VSL,VSL_2015_USD,,1.0123035390714574,0.0121540018350058,0.6040892175943074,0.0073421014591484,8705114.0,63913.830201453166,2773.43,1.0,24143024321.02,177260534.09561625,177260534.09561625
PM25_MAIN,PM25,Mortality,All-cause mortality,65,99,650,36,16,15.34201581261508,13.807814231353571,1.534201581261506,9380,6.44018355644251e-05,0.008066,5e-05,VSL,VSL_2015_USD,,1.0124517554797827,0.0122986161191276,0.6040892175943074,0.0074294613888965,8705114.0,64674.308348942366,2773.43,1.0,24143024321.02,179369667.00420722,179369667.00420722
PM25_MAIN,PM25,Mortality,All-cause mortality,65,99,691,36,17,15.097576662187883,13.587818995969096,1.509757666218789,1951,6.44018355644251e-05,0.008066,5e-05,VSL,VSL_2015_USD,,1.0122521554931008,0.0121038571531935,0.1256479811861933,0.0015208252158648,8705114.0,13238.956878177692,2773.43,1.0,24143024321.02,36717320.17464436,36717320.17464436
PM25_MAIN,PM25,Mortality,All-cause mortality,65,99,446,37,11,14.259758669774852,12.83378280279737,1.425975866977483,858,6.44018355644251e-05,0.008066,5e-05,VSL,VSL_2015_USD,,1.0115683227774883,0.0114360271244209,0.0552567749142767,0.0006319179767276,8705114.0,5500.918026063105,2773.43,1.0,24143024321.02,15256411.081024196,15256411.081024196
PM25_MAIN,PM25,Mortality,All-cause mortality,65,99,487,37,12,15.307590683697027,13.776831615327326,1.5307590683697008,7095,6.44018355644251e-05,0.008066,5e-05,VSL,VSL_2015_USD,,1.012423642809364,0.0122711899288422,0.456931023329596,0.0056070873716577,8705114.0,48810.33477824064,2773.43,1.0,24143024321.02,135372046.78401592,135372046.78401592
PM25_MAIN,PM25,Mortality,All-cause mortality,65,99,528,37,13,15.16501838246409,13.64851654421768,1.516501838246409,9380,6.44018355644251e-05,0.008066,5e-05,VSL,VSL_2015_USD,,1.0123072219812062,0.0121575957515343,0.6040892175943074,0.0073442725053722,8705114.0,63932.72940633061,2773.43,1.0,24143024321.02,177312949.7173995,177312949.7173995
PM25_MAIN,PM25,Mortality,All-cause mortality,65,99,569,37,14,14.025216660870637,12.62269499478357,1.4025216660870647,9380,6.44018355644251e-05,0.008066,5e-05,VSL,VSL_2015_USD,,1.0113769707801823,0.0112489913344635,0.6040892175943074,0.0067953943739612,8705114.0,59154.68270029088,2773.43,1.0,24143024321.02,164061371.64146772,164061371.64146772
PM25_MAIN,PM25,Mortality,All-cause mortality,65,99,610,37,15,14.307481321730242,12.87673318955722,1.4307481321730222,9379,6.44018355644251e-05,0.008066,5e-05,VSL,VSL_2015_USD,,1.0116072619184968,0.0114740792750774,0.604024815758743,0.0069306286201298,8705114.0,60331.91222989261,2773.43,1.0,24143024321.02,167326335.33575106,167326335.33575106
PM25_MAIN,PM25,Mortality,All-cause mortality,65,99,651,37,16,10.931647358235464,9.838482622411918,1.093164735823544,9380,6.44018355644251e-05,0.008066,5e-05,VSL,VSL_2015_USD,,1.0088564551278076,0.0087787069040318,0.6040892175943074,0.0053031221851463,8705114.0,46164.28317762764,2773.43,1.0,24143024321.02,128033407.89332783,128033407.89332783
PM25_MAIN,PM25,Mortality,All-cause mortality,65,99,692,37,17,15.01250440273382,13.51125396246044,1.501250440273381,3072,6.44018355644251e-05,0.008066,5e-05,VSL,VSL_2015_USD,,1.0121826978575756,0.0120360661008749,0.1978424388539139,0.002381244671604,8705114.0,20729.006328205385,2773.43,1.0,24143024321.02,57490448.020834655,57490448.020834655
PM25_MAIN,PM25,Mortality,All-cause mortality,65,99,488,38,12,14.8539423729429,13.368548135648613,1.4853942372942883,654,6.44018355644251e-05,0.008066,5e-05,VSL,VSL_2015_USD,,1.0120532518823944,0.0119097012533436,0.042118800459134,0.0005016223306174,8705114.0,4366.679572970157,2773.43,1.0,24143024321.02,12110680.128062623,12110680.128062623
PM25_MAIN,PM25,Mortality,All-cause mortality,65,99,529,38,13,14.956402045146238,13.460761840631614,1.4956402045146238,8735,6.44018355644251e-05,0.008066,5e-05,VSL,VSL_2015_USD,,1.01213689543887,0.0119913575856824,0.5625500336552532,0.0067457386133978,8705114.0,58722.423643829774,2773.43,1.0,24143024321.02,162862531.4065068,162862531.4065068
PM25_MAIN,PM25,Mortality,All-cause mortality,65,99,570,38,14,14.650818852449426,13.185736967204486,1.46508188524494,9380,6.44018355644251e-05,0.008066,5e-05,VSL,VSL_2015_USD,,1.0118874512355394,0.0117477998378421,0.6040892175943074,0.0070967192124965,8705114.0,61777.74977077226,2773.43,1.0,24143024321.02,171336264.5467529,171336264.5467529
PM25_MAIN,PM25,Mortality,All-cause mortality,65,99,611,38,15,10.534566660882486,9.48110999479424,1.0534566660882465,9380,6.44018355644251e-05,0.008066,5e-05,VSL,VSL_2015_USD,,1.0085333849850884,0.0084611824577474,0.6040892175943074,0.0051113090908233,8705114.0,44494.52832485318,2773.43,1.0,24143024321.02,123402459.69199754,123402459.69199754
PM25_MAIN,PM25,Mortality,All-cause mortality,65,99,652,38,16,14.710739100762476,13.239665190686228,1.4710739100762478,9380,6.44018355644251e-05,0.008066,5e-05,VSL,VSL_2015_USD,,1.011936358630105,0.011795562565084,0.6040892175943074,0.0071255721610263,8705114.0,62028.9179769603,2773.43,1.0,24143024321.02,172032861.984841,172032861.984841
PM25_MAIN,PM25,Mortality,All-cause mortality,65,99,693,38,17,15.323704095898384,13.791333686308548,1.5323704095898378,2789,6.44018355644251e-05,0.008066,5e-05,VSL,VSL_2015_USD,,1.0124368014442156,0.0122840274340825,0.1796167193891816,0.0022064167085966,8705114.0,19207.108979838184,2773.43,1.0,24143024321.02,53269572.25795261,53269572.25795261
PM25_MAIN,PM25,Mortality,All-cause mortality,65,99,530,39,13,15.233345858285112,13.7100112724566,1.5233345858285112,5649,6.44018355644251e-05,0.008066,5e-05,VSL,VSL_2015_USD,,1.0123630147478522,0.0122120371524353,0.3638059691034374,0.0044428120109689,8705114.0,38675.185036053525,2773.43,1.0,24143024321.02,107262918.43454193,107262918.43454193
PM25_MAIN,PM25,Mortality,All-cause mortality,65,99,571,39,14,14.85079194424832,13.36571274982349,1.4850791944248307,9380,6.44018355644251e-05,0.008066,5e-05,VSL,VSL_2015_USD,,1.0120506801209272,0.0119071903785364,0.6040892175943074,0.0071930053195165,8705114.0,62615.93130899756,2773.43,1.0,24143024321.02,173660902.3703131,173660902.3703131
PM25_MAIN,PM25,Mortality,All-cause mortality,65,99,612,39,15,16.07381509792878,14.466433588135905,1.6073815097928763,9380,6.44018355644251e-05,0.008066,5e-05,VSL,VSL_2015_USD,,1.013049551085193,0.0128814538945442,0.6040892175943074,0.0077815474046323,8705114.0,67739.2572537283,2773.43,1.0,24143024321.02,187870088.24520767,187870088.24520767
PM25_MAIN,PM25,Mortality,All-cause mortality,65,99,653,39,16,13.796593807770543,12.41693442699349,1.3796593807770543,9358,6.44018355644251e-05,0.008066,5e-05,VSL,VSL_2015_USD,,1.011190482787014,0.0110666417232992,0.60267237721189,0.006669559275133,8705114.0,58059.27381979013,2773.43,1.0,24143024321.02,161023331.79002053,161023331.79002053
PM25_MAIN,PM25,Mortality,All-cause mortality,65,99,694,39,17,15.85215358364133,14.266938225277196,1.5852153583641329,366,6.44018355644251e-05,0.008066,5e-05,VSL,VSL_2015_USD,,1.012868441941047,0.0127049490419368,0.0235710718165795,0.0002994692662934,8705114.0,2606.914102580404,2773.43,1.0,24143024321.02,7230093.779519569,7230093.779519569
PM25_MAIN,PM25,Mortality,All-cause mortality,65,99,531,40,13,15.175333489375385,13.657800140437846,1.5175333489375389,927,6.44018355644251e-05,0.008066,5e-05,VSL,VSL_2015_USD,,1.0123156445796,0.0121658147293718,0.059700501568222,0.0007263052413295,8705114.0,6322.569924570809,2773.43,1.0,24143024321.02,17535205.10590242,17535205.10590242
PM25_MAIN,PM25,Mortality,All-cause mortality,65,99,572,40,14,15.25170536552744,13.726534828974696,1.5251705365527446,5729,6.44018355644251e-05,0.008066,5e-05,VSL,VSL_2015_USD,,1.0123780067185475,0.0122266649773129,0.3689581159485914,0.004511127274364,8705114.0,39269.877191847896,2773.43,1.0,24143024321.02,108912255.5001867,108912255.5001867
PM25_MAIN,PM25,Mortality,All-cause mortality,65,99,613,40,15,15.21287476699635,13.691587290296717,1.5212874766996336,9380,6.44018355644251e-05,0.008066,5e-05,VSL,VSL_2015_USD,,1.0123462987657463,0.0121957266804836,0.6040892175943074,0.0073673069884073,8705114.0,64133.24720708223,2773.43,1.0,24143024321.02,177869071.80153808,177869071.80153808
PM25_MAIN,PM25,Mortality,All-cause mortality,65,99,654,40,16,15.368080088457864,13.83127207961208,1.5368080088457852,9380,6.44018355644251e-05,0.008066,5e-05,VSL,VSL_2015_USD,,1.012473040927219,0.0123193807864709,0.6040892175943074,0.0074420051005456,8705114.0,64783.50278883091,2773.43,1.0,24143024321.02,179672510.1396273,179672510.1396273
PM25_MAIN,PM25,Mortality,All-cause mortality,65,99,695,40,17,15.495245848721163,13.945721263849046,1.5495245848721169,3681,6.44018355644251e-05,0.008066,5e-05,VSL,VSL_2015_USD,,1.0125768975392757,0.012420683870864,0.2370631567126488,0.0029444865269569,8705114.0,25632.090888623887,2773.43,1.0,24143024321.02,71088809.83323614,71088809.83323614
PM25_MAIN,PM25,Mortality,All-cause mortality,65,99,573,41,14,15.416668772074424,13.875001894866982,1.541666877207442,2857,6.44018355644251e-05,0.008066,5e-05,VSL,VSL_2015_USD,,1.0125127221758377,0.0123580888435144,0.1839960442075625,0.0022738394611722,8705114.0,19794.03172720257,2773.43,1.0,24143024321.02,54897361.41317543,54897361.41317543
PM25_MAIN,PM25,Mortality,All-cause mortality,65,99,614,41,15,15.302877657442137,13.77258989169792,1.5302877657442142,5064,6.44018355644251e-05,0.008066,5e-05,VSL,VSL_2015_USD,,1.0124197940608892,0.0122674350439875,0.3261308952982487,0.0040007895739087,8705114.0,34827.32933088666,2773.43,1.0,24143024321.02,96591159.986161,96591159.986161
PM25_MAIN,PM25,Mortality,All-cause mortality,65,99,655,41,16,15.069277033671208,13.56234933030409,1.5069277033671185,2972,6.44018355644251e-05,0.008066,5e-05,VSL,VSL_2015_USD,,1.0122290496028663,0.0120813067039168,0.1914022552974714,0.0023123893500701,8705114.0,20129.612904746125,2773.43,1.0,24143024321.02,55828072.31841005,55828072.31841005
PM25_MAIN,PM25,Mortality,All-cause mortality,65,99,696,41,17,15.815090217768256,14.233581195991432,1.5815090217768244,886,6.44018355644251e-05,0.008066,5e-05,VSL,VSL_2015_USD,,1.0128381623766718,0.0126754331082336,0.0570600263100806,0.0007232605466474,8705114.0,6296.065510267935,2773.43,1.0,24143024321.02,17461696.968142398,17461696.968142398
