run_id,pollutant,endpoint_group,endpoint,start_age,end_age,cell_id,Row,Column,concentration_baseline,concentration_control,delta_concentration,population_target,incidence_target,beta,beta_se,economic_method,valuation_parameter_name,valuation_value_fixed,rr,af_avoided,baseline_cases,avoided_cases
NO2_ASTHMA,NO2,Hospital Admissions,Asthma,0,99,0,1,1,14.231315473731026,12.808183926357923,1.423131547373103,66007,0.0001667347,0.003324,,UNIT_VALUE_ASTHMA_HA,UNIT_VALUE_ASTHMA_HA_2015_USD,11232.0,1.0047416956914652,0.0047193181210638535,11.0056573429,0.05193919813256743
NO2_ASTHMA,NO2,Hospital Admissions,Asthma,0,99,41,1,2,14.436909339412171,12.993218405470955,1.443690933941216,53333,0.0001667347,0.003324,,UNIT_VALUE_ASTHMA_HA,UNIT_VALUE_ASTHMA_HA_2015_USD,11232.0,1.0048103614833235,0.004787332682579248,8.8924617551,0.04257117278877625
NO2_ASTHMA,NO2,Hospital Admissions,Asthma,0,99,82,1,3,14.04676787451595,12.642091087064356,1.404676787451594,6180,0.0001667347,0.003324,,UNIT_VALUE_ASTHMA_HA,UNIT_VALUE_ASTHMA_HA_2015_USD,11232.0,1.004680063087101,0.004658262126472801,1.030420446,0.004799968537945011
NO2_ASTHMA,NO2,Hospital Admissions,Asthma,0,99,1,2,1,14.547154562062682,13.092439105856414,1.4547154562062676,35848,0.0001667347,0.003324,,UNIT_VALUE_ASTHMA_HA,UNIT_VALUE_ASTHMA_HA_2015_USD,11232.0,1.0048471839481767,0.004823802092106755,5.9771055256,0.028832374139132123
NO2_ASTHMA,NO2,Hospital Admissions,Asthma,0,99,42,2,2,13.63419892837284,12.270779035535556,1.3634198928372854,88375,0.0001667347,0.003324,,UNIT_VALUE_ASTHMA_HA,UNIT_VALUE_ASTHMA_HA_2015_USD,11232.0,1.0045422928022774,0.004521753673114359,14.735179112500001,0.06662885027594487
NO2_ASTHMA,NO2,Hospital Admissions,Asthma,0,99,83,2,3,14.249579367891377,12.824621431102235,1.4249579367891396,38621,0.0001667347,0.003324,,UNIT_VALUE_ASTHMA_HA,UNIT_VALUE_ASTHMA_HA_2015_USD,11232.0,1.0047477954148472,0.004725360370546383,6.4394608487000005,0.030428773102131962
NO2_ASTHMA,NO2,Hospital Admissions,Asthma,0,99,2,3,1,13.999116385567032,12.59920474701033,1.399911638556702,682,0.0001667347,0.003324,,UNIT_VALUE_ASTHMA_HA,UNIT_VALUE_ASTHMA_HA_2015_USD,11232.0,1.004664149729023,0.004642496430554366,0.11371306540000001,0.0005279125002268952
NO2_ASTHMA,NO2,Hospital Admissions,Asthma,0,99,43,3,2,14.465433051011122,13.018889745910007,1.4465433051011125,64336,0.0001667347,0.003324,,UNIT_VALUE_ASTHMA_HA,UNIT_VALUE_ASTHMA_HA_2015_USD,11232.0,1.004819888418615,0.004796768529532813,10.7270436592,0.05145514543937507
NO2_ASTHMA,NO2,Hospital Admissions,Asthma,0,99,84,3,3,14.293178804590218,12.863860924131195,1.4293178804590203,86400,0.0001667347,0.003324,,UNIT_VALUE_ASTHMA_HA,UNIT_VALUE_ASTHMA_HA_2015_USD,11232.0,1.0047623567803212,0.004739784236724276,14.40587808,0.06828075383975578
NO2_ASTHMA,NO2,Hospital Admissions,Asthma,0,99,125,3,4,14.597197944543492,13.137478150089144,1.4597197944543492,35539,0.0001667347,0.003324,,UNIT_VALUE_ASTHMA_HA,UNIT_VALUE_ASTHMA_HA_2015_USD,11232.0,1.004863899137632,0.004840356133608004,5.9255845033,0.02868193929576069
NO2_ASTHMA,NO2,Hospital Admissions,Asthma,0,99,166,3,5,13.977551193715644,12.57979607434408,1.3977551193715634,56,0.0001667347,0.003324,,UNIT_VALUE_ASTHMA_HA,UNIT_VALUE_ASTHMA_HA_2015_USD,11232.0,1.0046569480511798,0.004635361413876993,0.0093371432,4.3281033305123946e-05
NO2_ASTHMA,NO2,Hospital Admissions,Asthma,0,99,44,4,2,14.231405806193385,12.808265225574049,1.4231405806193376,8855,0.0001667347,0.003324,,UNIT_VALUE_ASTHMA_HA,UNIT_VALUE_ASTHMA_HA_2015_USD,11232.0,1.0047417258603526,0.004719348005869151,1.4764357685,0.006967814199864362
NO2_ASTHMA,NO2,Hospital Admissions,Asthma,0,99,85,4,3,14.249657614430946,12.824691852987852,1.4249657614430935,86293,0.0001667347,0.003324,,UNIT_VALUE_ASTHMA_HA,UNIT_VALUE_ASTHMA_HA_2015_USD,11232.0,1.0047478215474834,0.004725386256793196,14.3880374671,0.06798903450925993
NO2_ASTHMA,NO2,Hospital Admissions,Asthma,0,99,126,4,4,14.532173770060547,13.078956393054492,1.4532173770060552,87860,0.0001667347,0.003324,,UNIT_VALUE_ASTHMA_HA,UNIT_VALUE_ASTHMA_HA_2015_USD,11232.0,1.0048421802082625,0.004818846485185269,14.649310742,0.0705927795794735
NO2_ASTHMA,NO2,Hospital Admissions,Asthma,0,99,167,4,5,14.349619690570815,12.914657721513736,1.4349619690570812,60657,0.0001667347,0.003324,,UNIT_VALUE_ASTHMA_HA,UNIT_VALUE_ASTHMA_HA_2015_USD,11232.0,1.004781207253987,0.004758456089215435,10.113626697900001,0.04812524854467405
NO2_ASTHMA,NO2,Hospital Admissions,Asthma,0,99,208,4,6,14.440477852469986,12.996430067222986,1.4440477852469993,46725,0.0001667347,0.003324,,UNIT_VALUE_ASTHMA_HA,UNIT_VALUE_ASTHMA_HA_2015_USD,11232.0,1.0048115533636952,0.004788513177011233,7.7906788575,0.03730576836700157
NO2_ASTHMA,NO2,Hospital Admissions,Asthma,0,99,86,5,3,13.734657012329684,12.361191311096716,1.373465701232968,66266,0.0001667347,0.003324,,UNIT_VALUE_ASTHMA_HA,UNIT_VALUE_ASTHMA_HA_2015_USD,11232.0,1.0045758373068996,0.004554994393620504,11.0488416302,0.05032741168156183
NO2_ASTHMA,NO2,Hospital Admissions,Asthma,0,99,127,5,4,14.281589690345305,12.853430721310776,1.4281589690345289,88375,0.0001667347,0.003324,,UNIT_VALUE_ASTHMA_HA,UNIT_VALUE_ASTHMA_HA_2015_USD,11232.0,1.0047584862205479,0.004735950266463673,14.735179112500001,0.06978507544423433
NO2_ASTHMA,NO2,Hospital Admissions,Asthma,0,99,168,5,5,14.424199541828282,12.981779587645455,1.4424199541828262,88376,0.0001667347,0.003324,,UNIT_VALUE_ASTHMA_HA,UNIT_VALUE_ASTHMA_HA_2015_USD,11232.0,1.0048061164330628,0.004783128162201056,14.7353458472,0.0704810477015147
NO2_ASTHMA,NO2,Hospital Admissions,Asthma,0,99,209,5,6,14.144741839769344,12.73026765579241,1.4144741839769337,21680,0.0001667347,0.003324,,UNIT_VALUE_ASTHMA_HA,UNIT_VALUE_ASTHMA_HA_2015_USD,11232.0,1.0047127825794187,0.004690676441200914,3.614808296,0.01695589611350482
NO2_ASTHMA,NO2,Hospital Admissions,Asthma,0,99,87,6,3,13.960250388059256,12.564225349253327,1.3960250388059272,22233,0.0001667347,0.003324,,UNIT_VALUE_ASTHMA_HA,UNIT_VALUE_ASTHMA_HA_2015_USD,11232.0,1.0046511704988723,0.004629637266597486,3.7070125851,0.017162123611724846
NO2_ASTHMA,NO2,Hospital Admissions,Asthma,0,99,128,6,4,14.312834533694687,12.88155108032522,1.4312834533694687,88366,0.0001667347,0.003324,,UNIT_VALUE_ASTHMA_HA,UNIT_VALUE_ASTHMA_HA_2015_USD,11232.0,1.0047689214812856,0.004746286812150724,14.7336785002,0.06993026395996792
NO2_ASTHMA,NO2,Hospital Admissions,Asthma,0,99,169,6,5,14.332202526463105,12.898982273816792,1.4332202526463114,87552,0.0001667347,0.003324,,UNIT_VALUE_ASTHMA_HA,UNIT_VALUE_ASTHMA_HA_2015_USD,11232.0,1.0047753901248428,0.004752694156103354,14.5979564544,0.06937962233187812
NO2_ASTHMA,NO2,Hospital Admissions,Asthma,0,99,210,6,6,14.32397375500596,12.891576379505365,1.4323973755005976,27561,0.0001667347,0.003324,,UNIT_VALUE_ASTHMA_HA,UNIT_VALUE_ASTHMA_HA_2015_USD,11232.0,1.0047726418231138,0.004749971908524442,4.5953750667,0.021827902475958633
NO2_ASTHMA,NO2,Hospital Admissions,Asthma,0,99,251,6,7,14.277684364504616,12.849915928054156,1.427768436450462,80,0.0001667347,0.003324,,UNIT_VALUE_ASTHMA_HA,UNIT_VALUE_ASTHMA_HA_2015_USD,11232.0,1.0047571819139498,0.0047346582831963024,0.013338776,6.315454627610004e-05
NO2_ASTHMA,NO2,Hospital Admissions,Asthma,0,99,129,7,4,14.252301142954732,12.827071028659258,1.4252301142954753,69107,0.0001667347,0.003324,,UNIT_VALUE_ASTHMA_HA,UNIT_VALUE_ASTHMA_HA_2015_USD,11232.0,1.0047487044287056,0.004726260813051386,11.5225349129,0.054458505225855734
NO2_ASTHMA,NO2,Hospital Admissions,Asthma,0,99,170,7,5,14.045750810539078,12.641175729485168,1.4045750810539095,88376,0.0001667347,0.003324,,UNIT_VALUE_ASTHMA_HA,UNIT_VALUE_ASTHMA_HA_2015_USD,11232.0,1.004679723432894,0.004657925629178217,14.7353458472,0.06863614507647768
NO2_ASTHMA,NO2,Hospital Admissions,Asthma,0,99,211,7,6,14.25271483064996,12.827443347584964,1.4252714830649946,88377,0.0001667347,0.003324,,UNIT_VALUE_ASTHMA_HA,UNIT_VALUE_ASTHMA_HA_2015_USD,11232.0,1.0047488425914983,0.004726397672924709,14.7355125819,0.06964589237644493
NO2_ASTHMA,NO2,Hospital Admissions,Asthma,0,99,252,7,7,14.343817057023198,12.909435351320878,1.4343817057023198,28607,0.0001667347,0.003324,,UNIT_VALUE_ASTHMA_HA,UNIT_VALUE_ASTHMA_HA_2015_USD,11232.0,1.0047792692384943,0.0047565364700610235,4.7697795629,0.02268763044508558
NO2_ASTHMA,NO2,Hospital Admissions,Asthma,0,99,130,8,4,14.21879661454665,12.796916953091984,1.421879661454664,48901,0.0001667347,0.003324,,UNIT_VALUE_ASTHMA_HA,UNIT_VALUE_ASTHMA_HA_2015_USD,11232.0,1.0047375146999011,0.0047151764820049236,8.1534935647,0.03844516110245193
NO2_ASTHMA,NO2,Hospital Admissions,Asthma,0,99,171,8,5,14.451037530910474,13.005933777819427,1.4451037530910469,88376,0.0001667347,0.003324,,UNIT_VALUE_ASTHMA_HA,UNIT_VALUE_ASTHMA_HA_2015_USD,11232.0,1.0048150802957294,0.004792006400135218,14.7353458472,0.0706118716079883
NO2_ASTHMA,NO2,Hospital Admissions,Asthma,0,99,212,8,6,14.70019519294552,13.230175673650969,1.4700195192945529,88377,0.0001667347,0.003324,,UNIT_VALUE_ASTHMA_HA,UNIT_VALUE_ASTHMA_HA_2015_USD,11232.0,1.0048983025337586,0.004874426119944708,14.7355125819,0.07182716741998725
NO2_ASTHMA,NO2,Hospital Admissions,Asthma,0,99,253,8,7,14.095382427716356,12.685844184944722,1.4095382427716334,77148,0.0001667347,0.003324,,UNIT_VALUE_ASTHMA_HA,UNIT_VALUE_ASTHMA_HA_2015_USD,11232.0,1.004696298323135,0.004674346198919155,12.8632486356,0.06012727736556887
NO2_ASTHMA,NO2,Hospital Admissions,Asthma,0,99,294,8,8,14.174367438154402,12.756930694338962,1.4174367438154398,10391,0.0001667347,0.003324,,UNIT_VALUE_ASTHMA_HA,UNIT_VALUE_ASTHMA_HA_2015_USD,11232.0,1.0047226765863946,0.0047004777501789,1.7325402677,0.008143766979612844
NO2_ASTHMA,NO2,Hospital Admissions,Asthma,0,99,131,9,4,14.36140361464415,12.925263253179734,1.4361403614644157,49015,0.0001667347,0.003324,,UNIT_VALUE_ASTHMA_HA,UNIT_VALUE_ASTHMA_HA_2015_USD,11232.0,1.0047851429659327,0.004762354419182491,8.1725013205,0.038920347779457916
NO2_ASTHMA,NO2,Hospital Admissions,Asthma,0,99,172,9,5,14.506329203743634,13.05569628336927,1.450632920374364,88376,0.0001667347,0.003324,,UNIT_VALUE_ASTHMA_HA,UNIT_VALUE_ASTHMA_HA_2015_USD,11232.0,1.0048335479136163,0.004810297112046502,14.7353458472,0.07088139157379257
NO2_ASTHMA,NO2,Hospital Admissions,Asthma,0,99,213,9,6,14.313176861298048,12.881859175168245,1.4313176861298036,88376,0.0001667347,0.003324,,UNIT_VALUE_ASTHMA_HA,UNIT_VALUE_ASTHMA_HA_2015_USD,11232.0,1.0047690358136416,0.00474640006176108,14.7353458472,0.06993984643922095
NO2_ASTHMA,NO2,Hospital Admissions,Asthma,0,99,254,9,7,13.786390966650416,12.407751869985374,1.3786390966650437,88376,0.0001667347,0.003324,,UNIT_VALUE_ASTHMA_HA,UNIT_VALUE_ASTHMA_HA_2015_USD,11232.0,1.0045931125096257,0.004572112283500962,14.7353458472,0.06737165574961801
NO2_ASTHMA,NO2,Hospital Admissions,Asthma,0,99,295,9,8,14.54877495201531,13.093897456813778,1.454877495201531,58101,0.0001667347,0.003324,,UNIT_VALUE_ASTHMA_HA,UNIT_VALUE_ASTHMA_HA_2015_USD,11232.0,1.0048477251767216,0.00482433811139793,9.6874528047,0.046735547768082975
NO2_ASTHMA,NO2,Hospital Admissions,Asthma,0,99,91,10,3,14.221301673565824,12.79917150620924,1.422130167356583,5057,0.0001667347,0.003324,,UNIT_VALUE_ASTHMA_HA,UNIT_VALUE_ASTHMA_HA_2015_USD,11232.0,1.0047383513267087,0.00471600523703708,0.8431773779,0.003976428929927593
NO2_ASTHMA,NO2,Hospital Admissions,Asthma,0,99,132,10,4,14.457375794375452,13.011638214937909,1.4457375794375444,82710,0.0001667347,0.003324,,UNIT_VALUE_ASTHMA_HA,UNIT_VALUE_ASTHMA_HA_2015_USD,11232.0,1.0048171972813331,0.004794103140717265,13.790627037,0.06611368839054213
NO2_ASTHMA,NO2,Hospital Admissions,Asthma,0,99,173,10,5,14.474983700569984,13.027485330512985,1.4474983700569997,88377,0.0001667347,0.003324,,UNIT_VALUE_ASTHMA_HA,UNIT_VALUE_ASTHMA_HA_2015_USD,11232.0,1.0048230783609828,0.004799927932437553,14.7355125819,0.07072939844064682
NO2_ASTHMA,NO2,Hospital Admissions,Asthma,0,99,214,10,6,14.00333279068847,12.602999511619624,1.4003332790688443,88377,0.0001667347,0.003324,,UNIT_VALUE_ASTHMA_HA,UNIT_VALUE_ASTHMA_HA_2015_USD,11232.0,1.004665557800032,0.0046438914560269495,14.7355125819,0.06843012097926303
NO2_ASTHMA,NO2,Hospital Admissions,Asthma,0,99,255,10,7,13.851712063738953,12.466540857365056,1.3851712063738937,88376,0.0001667347,0.003324,,UNIT_VALUE_ASTHMA_HA,UNIT_VALUE_ASTHMA_HA_2015_USD,11232.0,1.0046149252081278,0.004593725508479474,14.7353458472,0.06769013409454971
NO2_ASTHMA,NO2,Hospital Admissions,Asthma,0,99,296,10,8,14.353180205824035,12.917862185241637,1.435318020582402,88049,0.0001667347,0.003324,,UNIT_VALUE_ASTHMA_HA,UNIT_VALUE_ASTHMA_HA_2015_USD,11232.0,1.0047823964285927,0.0047596339720831216,14.6808236003,0.06987534674614752
NO2_ASTHMA,NO2,Hospital Admissions,Asthma,0,99,337,10,9,14.451706260400025,13.006535634360024,1.4451706260400012,12381,0.0001667347,0.003324,,UNIT_VALUE_ASTHMA_HA,UNIT_VALUE_ASTHMA_HA_2015_USD,11232.0,1.00481530365176,0.004792227620598499,2.0643423207000002,0.009892798287628946
NO2_ASTHMA,NO2,Hospital Admissions,Asthma,0,99,133,11,4,14.13019366907388,12.717174302166493,1.41301936690739,71305,0.0001667347,0.003324,,UNIT_VALUE_ASTHMA_HA,UNIT_VALUE_ASTHMA_HA_2015_USD,11232.0,1.0047079239890968,0.004685863300853188,11.8890177835,0.055710312114893565
NO2_ASTHMA,NO2,Hospital Admissions,Asthma,0,99,174,11,5,14.517799158446284,13.066019242601657,1.451779915844627,88377,0.0001667347,0.003324,,UNIT_VALUE_ASTHMA_HA,UNIT_VALUE_ASTHMA_HA_2015_USD,11232.0,1.00483737896231,0.004814091377955632,14.7355125819,0.07093810407028152
NO2_ASTHMA,NO2,Hospital Admissions,Asthma,0,99,215,11,6,14.744613554219285,13.270152198797357,1.47446135542193,88376,0.0001667347,0.003324,,UNIT_VALUE_ASTHMA_HA,UNIT_VALUE_ASTHMA_HA_2015_USD,11232.0,1.0049131396283657,0.0048891187055059016,14.7353458472,0.07204285501364423
NO2_ASTHMA,NO2,Hospital Admissions,Asthma,0,99,256,11,7,14.039881224745864,12.635893102271275,1.403988122474587,88376,0.0001667347,0.003324,,UNIT_VALUE_ASTHMA_HA,UNIT_VALUE_ASTHMA_HA_2015_USD,11232.0,1.0046777632541124,0.004655983664813457,14.7353458472,0.06860752955994
NO2_ASTHMA,NO2,Hospital Admissions,Asthma,0,99,297,11,8,14.38365324314934,12.945287918834406,1.438365324314935,88376,0.0001667347,0.003324,,UNIT_VALUE_ASTHMA_HA,UNIT_VALUE_ASTHMA_HA_2015_USD,11232.0,1.0047925741597756,0.004769714947170267,14.7353458472,0.07028339933911316
NO2_ASTHMA,NO2,Hospital Admissions,Asthma,0,99,338,11,9,14.24227126952044,12.818044142568397,1.4242271269520437,74381,0.0001667347,0.003324,,UNIT_VALUE_ASTHMA_HA,UNIT_VALUE_ASTHMA_HA_2015_USD,11232.0,1.004745354672512,0.0047229426346129255,12.4018937207,0.058573432603432354
NO2_ASTHMA,NO2,Hospital Admissions,Asthma,0,99,379,11,10,14.042352764251609,12.638117487826449,1.4042352764251618,54999,0.0001667347,0.003324,,UNIT_VALUE_ASTHMA_HA,UNIT_VALUE_ASTHMA_HA_2015_USD,11232.0,1.0046785886371516,0.004656801379133713,9.1702417653,0.04270399449963861
NO2_ASTHMA,NO2,Hospital Admissions,Asthma,0,99,420,11,11,14.138928569771394,12.725035712794256,1.4138928569771387,45834,0.0001667347,0.003324,,UNIT_VALUE_ASTHMA_HA,UNIT_VALUE_ASTHMA_HA_2015_USD,11232.0,1.0047108411436916,0.0046887531723346365,7.6421182398,0.03583200614021864
NO2_ASTHMA,NO2,Hospital Admissions,Asthma,0,99,461,11,12,14.42214030495052,12.979926274455469,1.4422140304950517,22921,0.0001667347,0.003324,,UNIT_VALUE_ASTHMA_HA,UNIT_VALUE_ASTHMA_HA_2015_USD,11232.0,1.0048054286532198,0.0047824469456347884,3.8217260587,0.018277202116482694
NO2_ASTHMA,NO2,Hospital Admissions,Asthma,0,99,134,12,4,14.070428166810249,12.663385350129223,1.4070428166810238,65679,0.0001667347,0.003324,,UNIT_VALUE_ASTHMA_HA,UNIT_VALUE_ASTHMA_HA_2015_USD,11232.0,1.004687964606535,0.00466609014110253,10.9509683613,0.051098205506187655
NO2_ASTHMA,NO2,Hospital Admissions,Asthma,0,99,175,12,5,14.419176779218576,12.977259101296715,1.4419176779218592,88377,0.0001667347,0.003324,,UNIT_VALUE_ASTHMA_HA,UNIT_VALUE_ASTHMA_HA_2015_USD,11232.0,1.0048044388440418,0.00478146658027212,14.7355125819,0.07045736095353419
NO2_ASTHMA,NO2,Hospital Admissions,Asthma,0,99,216,12,6,14.603945969202671,13.143551372282404,1.460394596920267,88376,0.0001667347,0.003324,,UNIT_VALUE_ASTHMA_HA,UNIT_VALUE_ASTHMA_HA_2015_USD,11232.0,1.0048661530934935,0.004842588317372387,14.7353458472,0.07135721365209244
NO2_ASTHMA,NO2,Hospital Admissions,Asthma,0,99,257,12,7,13.946329554999368,12.55169659949943,1.3946329554999384,88377,0.0001667347,0.003324,,UNIT_VALUE_ASTHMA_HA,UNIT_VALUE_ASTHMA_HA_2015_USD,11232.0,1.0046465217024279,0.004625031393682755,14.7355125819,0.06815220829329473
NO2_ASTHMA,NO2,Hospital Admissions,Asthma,0,99,298,12,8,14.83771484404525,13.353943359640724,1.4837714844045244,88375,0.0001667347,0.003324,,UNIT_VALUE_ASTHMA_HA,UNIT_VALUE_ASTHMA_HA_2015_USD,11232.0,1.004944239024603,0.00491991379482104,14.735179112500001,0.07249581098474761
NO2_ASTHMA,NO2,Hospital Admissions,Asthma,0,99,339,12,9,14.273825371531894,12.846442834378704,1.4273825371531892,88375,0.0001667347,0.003324,,UNIT_VALUE_ASTHMA_HA,UNIT_VALUE_ASTHMA_HA_2015_USD,11232.0,1.0047558930833358,0.0047333816263981365,14.735179112500001,0.0697472260727931
NO2_ASTHMA,NO2,Hospital Admissions,Asthma,0,99,380,12,10,14.428223250971032,12.98540092587393,1.4428223250971026,88376,0.0001667347,0.003324,,UNIT_VALUE_ASTHMA_HA,UNIT_VALUE_ASTHMA_HA_2015_USD,11232.0,1.0048074603429695,0.00478445924488724,14.7353458472,0.07050066166524684
NO2_ASTHMA,NO2,Hospital Admissions,Asthma,0,99,421,12,11,14.120036269732214,12.708032642758992,1.412003626973222,88376,0.0001667347,0.003324,,UNIT_VALUE_ASTHMA_HA,UNIT_VALUE_ASTHMA_HA_2015_USD,11232.0,1.0047045317798267,0.004682502796610755,14.7353458472,0.06899829813854066
NO2_ASTHMA,NO2,Hospital Admissions,Asthma,0,99,462,12,12,14.434973522912104,12.991476170620894,1.4434973522912102,74661,0.0001667347,0.003324,,UNIT_VALUE_ASTHMA_HA,UNIT_VALUE_ASTHMA_HA_2015_USD,11232.0,1.0048097149228257,0.004786692297451545,12.4485794367,0.05958751930386558
NO2_ASTHMA,NO2,Hospital Admissions,Asthma,0,99,503,12,13,14.165680835818533,12.74911275223668,1.4165680835818524,110,0.0001667347,0.003324,,UNIT_VALUE_ASTHMA_HA,UNIT_VALUE_ASTHMA_HA_2015_USD,11232.0,1.0047197755275843,0.004697603891698043,0.018340817,8.615789331612163e-05
NO2_ASTHMA,NO2,Hospital Admissions,Asthma,0,99,135,13,4,14.196828290629218,12.777145461566295,1.419682829062921,27480,0.0001667347,0.003324,,UNIT_VALUE_ASTHMA_HA,UNIT_VALUE_ASTHMA_HA_2015_USD,11232.0,1.004730177861203,0.004707908616094714,4.581869556,0.02157102316051446
NO2_ASTHMA,NO2,Hospital Admissions,Asthma,0,99,176,13,5,14.43721399831799,12.993492598486192,1.443721399831798,88377,0.0001667347,0.003324,,UNIT_VALUE_ASTHMA_HA,UNIT_VALUE_ASTHMA_HA_2015_USD,11232.0,1.0048104632390875,0.00478743346638788,14.7355125819,0.07054528607896775
NO2_ASTHMA,NO2,Hospital Admissions,Asthma,0,99,217,13,6,14.28766927407662,12.85890234666896,1.428766927407661,88377,0.0001667347,0.003324,,UNIT_VALUE_ASTHMA_HA,UNIT_VALUE_ASTHMA_HA_2015_USD,11232.0,1.004760516692436,0.00473796154740147,14.7355125819,0.06981629199429276
NO2_ASTHMA,NO2,Hospital Admissions,Asthma,0,99,258,13,7,14.297736831801217,12.867963148621094,1.429773683180121,88376,0.0001667347,0.003324,,UNIT_VALUE_ASTHMA_HA,UNIT_VALUE_ASTHMA_HA_2015_USD,11232.0,1.0047638790851103,0.0047412921426355226,14.7353458472,0.06986457948434634
NO2_ASTHMA,NO2,Hospital Admissions,Asthma,0,99,299,13,8,14.200896034253718,12.780806430828346,1.4200896034253727,88375,0.0001667347,0.003324,,UNIT_VALUE_ASTHMA_HA,UNIT_VALUE_ASTHMA_HA_2015_USD,11232.0,1.0047315363758609,0.00470925436751779,14.735179112500001,0.06939170659169754
NO2_ASTHMA,NO2,Hospital Admissions,Asthma,0,99,340,13,9,14.441067006662523,12.996960305996272,1.4441067006662518,88377,0.0001667347,0.003324,,UNIT_VALUE_ASTHMA_HA,UNIT_VALUE_ASTHMA_HA_2015_USD,11232.0,1.0048117501408378,0.004788708074087933,14.7355125819,0.07056406807676885
NO2_ASTHMA,NO2,Hospital Admissions,Asthma,0,99,381,13,10,14.420360278122226,12.978324250310006,1.44203602781222,88376,0.0001667347,0.003324,,UNIT_VALUE_ASTHMA_HA,UNIT_VALUE_ASTHMA_HA_2015_USD,11232.0,1.0048048341291975,0.0047818580942253774,14.7353458472,0.07046233281064362
NO2_ASTHMA,NO2,Hospital Admissions,Asthma,0,99,422,13,11,14.61368448519844,13.152316036678595,1.4613684485198437,88378,0.0001667347,0.003324,,UNIT_VALUE_ASTHMA_HA,UNIT_VALUE_ASTHMA_HA_2015_USD,11232.0,1.0048694059336154,0.004845809719016492,14.7356793166,0.07140629804869057
NO2_ASTHMA,NO2,Hospital Admissions,Asthma,0,99,463,13,12,14.202574057906018,12.782316652115416,1.4202574057906023,80098,0.0001667347,0.003324,,UNIT_VALUE_ASTHMA_HA,UNIT_VALUE_ASTHMA_HA_2015_USD,11232.0,1.0047320967902122,0.004709809515720309,13.3551160006,0.06290005242317444
NO2_ASTHMA,NO2,Hospital Admissions,Asthma,0,99,504,13,13,14.33103092874169,12.897927835867522,1.433103092874168,585,0.0001667347,0.003324,,UNIT_VALUE_ASTHMA_HA,UNIT_VALUE_ASTHMA_HA_2015_USD,11232.0,1.004774998826113,0.004752306567830211,0.0975397995,0.0004635390297886919
NO2_ASTHMA,NO2,Hospital Admissions,Asthma,0,99,136,14,4,14.32413122379342,12.891718101414078,1.4324131223793408,5922,0.0001667347,0.003324,,UNIT_VALUE_ASTHMA_HA,UNIT_VALUE_ASTHMA_HA_2015_USD,11232.0,1.0047726944155526,0.004750024002522002,0.9874028934,0.004690187443809673
NO2_ASTHMA,NO2,Hospital Admissions,Asthma,0,99,177,14,5,14.358521540396213,12.922669386356592,1.4358521540396207,84182,0.0001667347,0.003324,,UNIT_VALUE_ASTHMA_HA,UNIT_VALUE_ASTHMA_HA_2015_USD,11232.0,1.0047841803807398,0.004761400979588326,14.0360605154,0.06683131228758658
NO2_ASTHMA,NO2,Hospital Admissions,Asthma,0,99,218,14,6,14.32137367490897,12.889236307418072,1.432137367490899,76565,0.0001667347,0.003324,,UNIT_VALUE_ASTHMA_HA,UNIT_VALUE_ASTHMA_HA_2015_USD,11232.0,1.0047717734320296,0.004749111746770729,12.766042305500001,0.06062736147282213
NO2_ASTHMA,NO2,Hospital Admissions,Asthma,0,99,259,14,7,14.140810381882863,12.72672934369458,1.4140810381882858,45742,0.0001667347,0.003324,,UNIT_VALUE_ASTHMA_HA,UNIT_VALUE_ASTHMA_HA_2015_USD,11232.0,1.0047114696049326,0.0046893757536033975,7.6267786474,0.03576483086721768
NO2_ASTHMA,NO2,Hospital Admissions,Asthma,0,99,300,14,8,14.22139682603271,12.79925714342944,1.4221396826032695,65052,0.0001667347,0.003324,,UNIT_VALUE_ASTHMA_HA,UNIT_VALUE_ASTHMA_HA_2015_USD,11232.0,1.004738383105257,0.004716036716555516,10.8464257044,0.05115214186534193
NO2_ASTHMA,NO2,Hospital Admissions,Asthma,0,99,341,14,9,14.53295291012053,13.079657619108476,1.4532952910120525,88375,0.0001667347,0.003324,,UNIT_VALUE_ASTHMA_HA,UNIT_VALUE_ASTHMA_HA_2015_USD,11232.0,1.00484244044851,0.004819104223293347,14.735179112500001,0.07101036389203266
NO2_ASTHMA,NO2,Hospital Admissions,Asthma,0,99,382,14,10,14.108278417463652,12.697450575717289,1.4108278417463644,88375,0.0001667347,0.003324,,UNIT_VALUE_ASTHMA_HA,UNIT_VALUE_ASTHMA_HA_2015_USD,11232.0,1.0047006050906369,0.004678612779587921,14.735179112500001,0.06894019730525949
NO2_ASTHMA,NO2,Hospital Admissions,Asthma,0,99,423,14,11,14.272892498516622,12.84560324866496,1.4272892498516612,88378,0.0001667347,0.003324,,UNIT_VALUE_ASTHMA_HA,UNIT_VALUE_ASTHMA_HA_2015_USD,11232.0,1.0047555815216533,0.004733073007120003,14.7356793166,0.069745046014976
NO2_ASTHMA,NO2,Hospital Admissions,Asthma,0,99,464,14,12,14.327973301496336,12.895175971346704,1.4327973301496346,82755,0.0001667347,0.003324,,UNIT_VALUE_ASTHMA_HA,UNIT_VALUE_ASTHMA_HA_2015_USD,11232.0,1.00477397761824,0.00475129504205174,13.7981300985,0.06555898712658793
NO2_ASTHMA,NO2,Hospital Admissions,Asthma,0,99,505,14,13,14.504621774970811,13.054159597473731,1.45046217749708,30061,0.0001667347,0.003324,,UNIT_VALUE_ASTHMA_HA,UNIT_VALUE_ASTHMA_HA_2015_USD,11232.0,1.0048329776211773,0.004809732292643032,5.0122118167,0.024107397032348987
NO2_ASTHMA,NO2,Hospital Admissions,Asthma,0,99,546,14,14,14.179333551568366,12.761400196411527,1.417933355156837,33,0.0001667347,0.003324,,UNIT_VALUE_ASTHMA_HA,UNIT_VALUE_ASTHMA_HA_2015_USD,11232.0,1.004724335119755,0.004702120725673442,0.0055022451,2.587222072244514e-05
NO2_ASTHMA,NO2,Hospital Admissions,Asthma,0,99,178,15,5,13.992112609031755,12.592901348128583,1.399211260903174,32375,0.0001667347,0.003324,,UNIT_VALUE_ASTHMA_HA,UNIT_VALUE_ASTHMA_HA_2015_USD,11232.0,1.0046618108180265,0.0046401791805252834,5.3980359125,0.0250478538569103
NO2_ASTHMA,NO2,Hospital Admissions,Asthma,0,99,219,15,6,14.496806018633896,13.047125416770507,1.4496806018633883,5064,0.0001667347,0.003324,,UNIT_VALUE_ASTHMA_HA,UNIT_VALUE_ASTHMA_HA_2015_USD,11232.0,1.004830367111292,0.004807146827357833,0.8443445208,0.00405888808436069
NO2_ASTHMA,NO2,Hospital Admissions,Asthma,0,99,301,15,8,14.148079284739936,12.733271356265943,1.4148079284739945,35569,0.0001667347,0.003324,,UNIT_VALUE_ASTHMA_HA,UNIT_VALUE_ASTHMA_HA_2015_USD,11232.0,1.0047138971749492,0.004691780603616413,5.9305865443,0.027825010916615232
NO2_ASTHMA,NO2,Hospital Admissions,Asthma,0,99,342,15,9,14.225167481564846,12.80265073340836,1.4225167481564842,88375,0.0001667347,0.003324,,UNIT_VALUE_ASTHMA_HA,UNIT_VALUE_ASTHMA_HA_2015_USD,11232.0,1.004739642410873,0.004717284170753011,14.735179112500001,0.06951002718060666
NO2_ASTHMA,NO2,Hospital Admissions,Asthma,0,99,383,15,10,14.23561881441528,12.812056932973752,1.423561881441529,88376,0.0001667347,0.003324,,UNIT_VALUE_ASTHMA_HA,UNIT_VALUE_ASTHMA_HA_2015_USD,11232.0,1.0047431329056022,0.004720741799832728,14.7353458472,0.06956176307586864
NO2_ASTHMA,NO2,Hospital Admissions,Asthma,0,99,424,15,11,14.179378364808978,12.76144052832808,1.4179378364808972,88378,0.0001667347,0.003324,,UNIT_VALUE_ASTHMA_HA,UNIT_VALUE_ASTHMA_HA_2015_USD,11232.0,1.0047243500860497,0.004702135551552078,14.7356793166,0.06928916159085549
NO2_ASTHMA,NO2,Hospital Admissions,Asthma,0,99,465,15,12,13.842929710317216,12.458636739285494,1.3842929710317229,88371,0.0001667347,0.003324,,UNIT_VALUE_ASTHMA_HA,UNIT_VALUE_ASTHMA_HA_2015_USD,11232.0,1.0046119924859909,0.004590819660213463,14.7345121737,0.06764348817067657
NO2_ASTHMA,NO2,Hospital Admissions,Asthma,0,99,506,15,13,14.275958061904392,12.848362255713951,1.427595806190439,71500,0.0001667347,0.003324,,UNIT_VALUE_ASTHMA_HA,UNIT_VALUE_ASTHMA_HA_2015_USD,11232.0,1.0047566053613506,0.004734087176903823,11.92153105,0.05643756727286577
NO2_ASTHMA,NO2,Hospital Admissions,Asthma,0,99,547,15,14,14.13715180686497,12.723436626178474,1.4137151806864967,5126,0.0001667347,0.003324,,UNIT_VALUE_ASTHMA_HA,UNIT_VALUE_ASTHMA_HA_2015_USD,11232.0,1.0047102477656726,0.004688165345329787,0.8546820722,0.004006890872162691
NO2_ASTHMA,NO2,Hospital Admissions,Asthma,0,99,302,16,8,14.114863759260006,12.703377383334006,1.4114863759259997,32382,0.0001667347,0.003324,,UNIT_VALUE_ASTHMA_HA,UNIT_VALUE_ASTHMA_HA_2015_USD,11232.0,1.0047028043501294,0.00468079150348466,5.3992030554,0.025272543787304737
NO2_ASTHMA,NO2,Hospital Admissions,Asthma,0,99,343,16,9,14.35470836616389,12.919237529547502,1.435470836616389,88375,0.0001667347,0.003324,,UNIT_VALUE_ASTHMA_HA,UNIT_VALUE_ASTHMA_HA_2015_USD,11232.0,1.0047829068184877,0.004760139514745632,14.735179112500001,0.07014150835026572
NO2_ASTHMA,NO2,Hospital Admissions,Asthma,0,99,384,16,10,14.18009909558287,12.762089186024584,1.418009909558286,88377,0.0001667347,0.003324,,UNIT_VALUE_ASTHMA_HA,UNIT_VALUE_ASTHMA_HA_2015_USD,11232.0,1.0047245907888045,0.00470237399593787,14.7355125819,0.06929189118194186
NO2_ASTHMA,NO2,Hospital Admissions,Asthma,0,99,425,16,11,14.203667480338062,12.783300732304255,1.4203667480338051,88377,0.0001667347,0.003324,,UNIT_VALUE_ASTHMA_HA,UNIT_VALUE_ASTHMA_HA_2015_USD,11232.0,1.0047324619637927,0.00471017125747375,14.7355125819,0.06940678782740818
NO2_ASTHMA,NO2,Hospital Admissions,Asthma,0,99,466,16,12,14.229958708402345,12.806962837562113,1.4229958708402322,88371,0.0001667347,0.003324,,UNIT_VALUE_ASTHMA_HA,UNIT_VALUE_ASTHMA_HA_2015_USD,11232.0,1.0047412425643203,0.004718869260526892,14.7345121737,0.06953023656533222
NO2_ASTHMA,NO2,Hospital Admissions,Asthma,0,99,507,16,13,14.569492741494292,13.112543467344862,1.45694927414943,36518,0.0001667347,0.003324,,UNIT_VALUE_ASTHMA_HA,UNIT_VALUE_ASTHMA_HA_2015_USD,11232.0,1.0048546451780833,0.004831191457768447,6.0888177746,0.029416244420556202
NO2_ASTHMA,NO2,Hospital Admissions,Asthma,0,99,303,17,8,14.40108746155277,12.960978715397491,1.4401087461552784,24978,0.0001667347,0.003324,,UNIT_VALUE_ASTHMA_HA,UNIT_VALUE_ASTHMA_HA_2015_USD,11232.0,1.0047983970844556,0.004775482423517663,4.1646993366,0.019888448481168972
NO2_ASTHMA,NO2,Hospital Admissions,Asthma,0,99,344,17,9,14.114186227090212,12.70276760438119,1.4114186227090215,88377,0.0001667347,0.003324,,UNIT_VALUE_ASTHMA_HA,UNIT_VALUE_ASTHMA_HA_2015_USD,11232.0,1.004702578079335,0.004680567345935138,14.7355125819,0.06897055901645752
NO2_ASTHMA,NO2,Hospital Admissions,Asthma,0,99,385,17,10,14.138434359262552,12.724590923336295,1.413843435926255,88376,0.0001667347,0.003324,,UNIT_VALUE_ASTHMA_HA,UNIT_VALUE_ASTHMA_HA_2015_USD,11232.0,1.004710676094256,0.004688589666995702,14.7353458472,0.06908799027878994
NO2_ASTHMA,NO2,Hospital Admissions,Asthma,0,99,426,17,11,14.179311139534668,12.7613800255812,1.4179311139534665,88377,0.0001667347,0.003324,,UNIT_VALUE_ASTHMA_HA,UNIT_VALUE_ASTHMA_HA_2015_USD,11232.0,1.0047243276348,0.004702113310943057,14.7355125819,0.06928804985492089
NO2_ASTHMA,NO2,Hospital Admissions,Asthma,0,99,467,17,12,14.228188764847506,12.805369888362751,1.4228188764847527,88369,0.0001667347,0.003324,,UNIT_VALUE_ASTHMA_HA,UNIT_VALUE_ASTHMA_HA_2015_USD,11232.0,1.004740651445845,0.004718283707365822,14.7341787043,0.06952003532191516
NO2_ASTHMA,NO2,Hospital Admissions,Asthma,0,99,508,17,13,14.27807081215918,12.85026373094326,1.427807081215919,32087,0.0001667347,0.003324,,UNIT_VALUE_ASTHMA_HA,UNIT_VALUE_ASTHMA_HA_2015_USD,11232.0,1.0047573109802432,0.004734786130196955,5.3500163189,0.02533118306305509
NO2_ASTHMA,NO2,Hospital Admissions,Asthma,0,99,304,18,8,14.270502007909949,12.843451807118951,1.4270502007909958,8201,0.0001667347,0.003324,,UNIT_VALUE_ASTHMA_HA,UNIT_VALUE_ASTHMA_HA_2015_USD,11232.0,1.0047547831441122,0.004732282168623647,1.3673912747,0.00647088134679437
NO2_ASTHMA,NO2,Hospital Admissions,Asthma,0,99,345,18,9,14.220569657611351,12.79851269185022,1.4220569657611346,86300,0.0001667347,0.003324,,UNIT_VALUE_ASTHMA_HA,UNIT_VALUE_ASTHMA_HA_2015_USD,11232.0,1.0047381068516896,0.0047157630624126146,14.38920461,0.0678560795973353
NO2_ASTHMA,NO2,Hospital Admissions,Asthma,0,99,386,18,10,14.121708219430726,12.709537397487653,1.4121708219430733,88376,0.0001667347,0.003324,,UNIT_VALUE_ASTHMA_HA,UNIT_VALUE_ASTHMA_HA_2015_USD,11232.0,1.0047050901506336,0.00468305595020746,14.7353458472,0.06900644904809473
NO2_ASTHMA,NO2,Hospital Admissions,Asthma,0,99,427,18,11,14.436175398727253,12.992557858854529,1.443617539872724,88377,0.0001667347,0.003324,,UNIT_VALUE_ASTHMA_HA,UNIT_VALUE_ASTHMA_HA_2015_USD,11232.0,1.0048101163479248,0.004787089888592666,14.7355125819,0.0705402232840435
NO2_ASTHMA,NO2,Hospital Admissions,Asthma,0,99,468,18,12,13.76836113388415,12.391525020495733,1.3768361133884175,60568,0.0001667347,0.003324,,UNIT_VALUE_ASTHMA_HA,UNIT_VALUE_ASTHMA_HA_2015_USD,11232.0,1.0045870918841975,0.004566146550413985,10.0987873096,0.046112542837094574
NO2_ASTHMA,NO2,Hospital Admissions,Asthma,0,99,509,18,13,14.505022905858132,13.05452061527232,1.4505022905858134,423,0.0001667347,0.003324,,UNIT_VALUE_ASTHMA_HA,UNIT_VALUE_ASTHMA_HA_2015_USD,11232.0,1.0048331116015026,0.004809864987231127,0.0705287781,0.0003392339003753835
NO2_ASTHMA,NO2,Hospital Admissions,Asthma,0,99,346,19,9,14.390398925612924,12.95135903305163,1.4390398925612915,33933,0.0001667347,0.003324,,UNIT_VALUE_ASTHMA_HA,UNIT_VALUE_ASTHMA_HA_2015_USD,11232.0,1.0047948271733729,0.004771946514555037,5.6578085751,0.026998759909968043
NO2_ASTHMA,NO2,Hospital Admissions,Asthma,0,99,387,19,10,14.047344890226224,12.642610401203603,1.404734489022621,88291,0.0001667347,0.003324,,UNIT_VALUE_ASTHMA_HA,UNIT_VALUE_ASTHMA_HA_2015_USD,11232.0,1.0046802557847776,0.004658453033021703,14.7211733977,0.06857789486415397
NO2_ASTHMA,NO2,Hospital Admissions,Asthma,0,99,428,19,11,14.521839300588256,13.06965537052943,1.4521839300588244,88377,0.0001667347,0.003324,,UNIT_VALUE_ASTHMA_HA,UNIT_VALUE_ASTHMA_HA_2015_USD,11232.0,1.0048387284027895,0.004815427855254684,14.7355125819,0.07095779774833712
NO2_ASTHMA,NO2,Hospital Admissions,Asthma,0,99,469,19,12,14.232726642959872,12.809453978663884,1.423272664295986,37663,0.0001667347,0.003324,,UNIT_VALUE_ASTHMA_HA,UNIT_VALUE_ASTHMA_HA_2015_USD,11232.0,1.004742166988427,0.004719784979902886,6.2797290061,0.029638970640851258
NO2_ASTHMA,NO2,Hospital Admissions,Asthma,0,99,347,20,9,14.471987616908716,13.024788855217846,1.4471987616908706,2135,0.0001667347,0.003324,,UNIT_VALUE_ASTHMA_HA,UNIT_VALUE_ASTHMA_HA_2015_USD,11232.0,1.004822077659977,0.004798936813974586,0.35597858450000003,0.001708318734143613
NO2_ASTHMA,NO2,Hospital Admissions,Asthma,0,99,388,20,10,14.227033999383828,12.804330599445445,1.4227033999383831,86731,0.0001667347,0.003324,,UNIT_VALUE_ASTHMA_HA,UNIT_VALUE_ASTHMA_HA_2015_USD,11232.0,1.0047402657822082,0.004717901674337388,14.4610672657,0.06822589346555162
NO2_ASTHMA,NO2,Hospital Admissions,Asthma,0,99,429,20,11,13.875222452550307,12.487700207295278,1.387522245255029,88376,0.0001667347,0.003324,,UNIT_VALUE_ASTHMA_HA,UNIT_VALUE_ASTHMA_HA_2015_USD,11232.0,1.0046227761570088,0.004601504432034109,14.7353458472,0.0678047592234462
NO2_ASTHMA,NO2,Hospital Admissions,Asthma,0,99,470,20,12,14.566705360942432,13.110034824848189,1.4566705360942436,14834,0.0001667347,0.003324,,UNIT_VALUE_ASTHMA_HA,UNIT_VALUE_ASTHMA_HA_2015_USD,11232.0,1.0048537141552676,0.004830269408266918,2.4733425398,0.011946910806161143
NO2_ASTHMA,NO2,Hospital Admissions,Asthma,0,99,348,21,9,14.33581075294516,12.902229677650643,1.4335810752945155,32334,0.0001667347,0.003324,,UNIT_VALUE_ASTHMA_HA,UNIT_VALUE_ASTHMA_HA_2015_USD,11232.0,1.0047765952275292,0.0047538878296100595,5.3911997898,0.02562915906772653
NO2_ASTHMA,NO2,Hospital Admissions,Asthma,0,99,389,21,10,14.092076385626044,12.68286874706344,1.409207638562604,88377,0.0001667347,0.003324,,UNIT_VALUE_ASTHMA_HA,UNIT_VALUE_ASTHMA_HA_2015_USD,11232.0,1.004695194234455,0.0046732524066991354,14.7355125819,0.06886276963730957
NO2_ASTHMA,NO2,Hospital Admissions,Asthma,0,99,430,21,11,14.325375506975147,12.892837956277631,1.4325375506975142,88378,0.0001667347,0.003324,,UNIT_VALUE_ASTHMA_HA,UNIT_VALUE_ASTHMA_HA_2015_USD,11232.0,1.0047731099893533,0.004750435637557837,14.7356793166,0.07000089616920056
NO2_ASTHMA,NO2,Hospital Admissions,Asthma,0,99,471,21,12,14.095358597743193,12.685822737968872,1.4095358597743193,56261,0.0001667347,0.003324,,UNIT_VALUE_ASTHMA_HA,UNIT_VALUE_ASTHMA_HA_2015_USD,11232.0,1.004696290364852,0.00467433831486197,9.3806609567,0.04384838292863255
NO2_ASTHMA,NO2,Hospital Admissions,Asthma,0,99,349,22,9,14.334249414404796,12.900824472964318,1.433424941440478,30021,0.0001667347,0.003324,,UNIT_VALUE_ASTHMA_HA,UNIT_VALUE_ASTHMA_HA_2015_USD,11232.0,1.0047760737597338,0.0047533713077604345,5.0055424287,0.02379320176036006
NO2_ASTHMA,NO2,Hospital Admissions,Asthma,0,99,390,22,10,14.167711164576476,12.750940048118828,1.4167711164576478,88377,0.0001667347,0.003324,,UNIT_VALUE_ASTHMA_HA,UNIT_VALUE_ASTHMA_HA_2015_USD,11232.0,1.0047204535943806,0.004698275602425639,14.7355125819,0.0692314992527768
NO2_ASTHMA,NO2,Hospital Admissions,Asthma,0,99,431,22,11,13.82914694520684,12.446232250686156,1.382914694520684,88377,0.0001667347,0.003324,,UNIT_VALUE_ASTHMA_HA,UNIT_VALUE_ASTHMA_HA_2015_USD,11232.0,1.0046073899760697,0.004586259290984773,14.7355125819,0.0675808814861619
NO2_ASTHMA,NO2,Hospital Admissions,Asthma,0,99,472,22,12,14.016620529432489,12.614958476489242,1.4016620529432462,87172,0.0001667347,0.003324,,UNIT_VALUE_ASTHMA_HA,UNIT_VALUE_ASTHMA_HA_2015_USD,11232.0,1.004669995261233,0.004648287779330684,14.5345972684,0.06756099086019687
NO2_ASTHMA,NO2,Hospital Admissions,Asthma,0,99,513,22,13,14.279714806470349,12.851743325823316,1.4279714806470327,29744,0.0001667347,0.003324,,UNIT_VALUE_ASTHMA_HA,UNIT_VALUE_ASTHMA_HA_2015_USD,11232.0,1.0047578600438,0.00473533000636861,4.9593569168,0.023484191620414752
NO2_ASTHMA,NO2,Hospital Admissions,Asthma,0,99,350,23,9,14.605591911106965,13.145032719996268,1.4605591911106952,41325,0.0001667347,0.003324,,UNIT_VALUE_ASTHMA_HA,UNIT_VALUE_ASTHMA_HA_2015_USD,11232.0,1.0048667028670593,0.0048431327788786005,6.8903114775,0.033370693373363694
NO2_ASTHMA,NO2,Hospital Admissions,Asthma,0,99,391,23,10,14.071982031223513,12.66478382810116,1.407198203122352,88376,0.0001667347,0.003324,,UNIT_VALUE_ASTHMA_HA,UNIT_VALUE_ASTHMA_HA_2015_USD,11232.0,1.004688483532555,0.004666604235444072,14.7353458472,0.06876402734127673
NO2_ASTHMA,NO2,Hospital Admissions,Asthma,0,99,432,23,11,14.303107358406514,12.872796622565865,1.430310735840651,88377,0.0001667347,0.003324,,UNIT_VALUE_ASTHMA_HA,UNIT_VALUE_ASTHMA_HA_2015_USD,11232.0,1.0047656727540557,0.004743068840113773,14.7355125819,0.06989155057031435
NO2_ASTHMA,NO2,Hospital Admissions,Asthma,0,99,473,23,12,14.55414449766113,13.098730047895016,1.4554144497661134,88375,0.0001667347,0.003324,,UNIT_VALUE_ASTHMA_HA,UNIT_VALUE_ASTHMA_HA_2015_USD,11232.0,1.0048495186676938,0.004826114336128451,14.735179112500001,0.07111365916025676
NO2_ASTHMA,NO2,Hospital Admissions,Asthma,0,99,514,23,13,14.497032562376926,13.047329306139234,1.449703256237692,78902,0.0001667347,0.003324,,UNIT_VALUE_ASTHMA_HA,UNIT_VALUE_ASTHMA_HA_2015_USD,11232.0,1.0048304427781767,0.004807221768501901,13.1557012994,0.06324237366638444
NO2_ASTHMA,NO2,Hospital Admissions,Asthma,0,99,555,23,14,13.985906202445896,12.587315582201306,1.3985906202445886,815,0.0001667347,0.003324,,UNIT_VALUE_ASTHMA_HA,UNIT_VALUE_ASTHMA_HA_2015_USD,11232.0,1.0046597381932552,0.0046381257415919475,0.1358887805,0.0006302692508305879
NO2_ASTHMA,NO2,Hospital Admissions,Asthma,0,99,351,24,9,14.030592734346488,12.62753346091184,1.403059273434648,31973,0.0001667347,0.003324,,UNIT_VALUE_ASTHMA_HA,UNIT_VALUE_ASTHMA_HA_2015_USD,11232.0,1.0046746613221254,0.004652910541183108,5.3310085631,0.024804705938385407
NO2_ASTHMA,NO2,Hospital Admissions,Asthma,0,99,392,24,10,14.228580854888651,12.805722769399786,1.4228580854888655,88377,0.0001667347,0.003324,,UNIT_VALUE_ASTHMA_HA,UNIT_VALUE_ASTHMA_HA_2015_USD,11232.0,1.0047407823944359,0.004718413423149714,14.7355125819,0.06952824036342846
NO2_ASTHMA,NO2,Hospital Admissions,Asthma,0,99,433,24,11,14.091095022882367,12.681985520594134,1.409109502288235,88376,0.0001667347,0.003324,,UNIT_VALUE_ASTHMA_HA,UNIT_VALUE_ASTHMA_HA_2015_USD,11232.0,1.004694866497937,0.004672927726108278,14.7353458472,0.06885720616317535
NO2_ASTHMA,NO2,Hospital Admissions,Asthma,0,99,474,24,12,13.971596915256166,12.57443722373055,1.3971596915256157,88372,0.0001667347,0.003324,,UNIT_VALUE_ASTHMA_HA,UNIT_VALUE_ASTHMA_HA_2015_USD,11232.0,1.004654959633946,0.004633391384084806,14.7346789084,0.06827153430143668
NO2_ASTHMA,NO2,Hospital Admissions,Asthma,0,99,515,24,13,14.223574149547972,12.801216734593174,1.4223574149547975,84667,0.0001667347,0.003324,,UNIT_VALUE_ASTHMA_HA,UNIT_VALUE_ASTHMA_HA_2015_USD,11232.0,1.0047391102772252,0.004716757045435949,14.1169268449,0.06658611415558595
NO2_ASTHMA,NO2,Hospital Admissions,Asthma,0,99,556,24,14,14.3165377526261,12.884883977363492,1.4316537752626068,6555,0.0001667347,0.003324,,UNIT_VALUE_ASTHMA_HA,UNIT_VALUE_ASTHMA_HA_2015_USD,11232.0,1.0047701583023234,0.00474751191892786,1.0929459585,0.005188773964722785
NO2_ASTHMA,NO2,Hospital Admissions,Asthma,0,99,352,25,9,14.554681198482095,13.099213078633886,1.4554681198482091,11823,0.0001667347,0.003324,,UNIT_VALUE_ASTHMA_HA,UNIT_VALUE_ASTHMA_HA_2015_USD,11232.0,1.0048496979322137,0.0048262918744897965,1.9713043581,0.009514090205644353
NO2_ASTHMA,NO2,Hospital Admissions,Asthma,0,99,393,25,10,14.34499256414503,12.910493307730528,1.4344992564145027,88376,0.0001667347,0.003324,,UNIT_VALUE_ASTHMA_HA,UNIT_VALUE_ASTHMA_HA_2015_USD,11232.0,1.004779661844583,0.004756925349990171,14.7353458472,0.07009494020141807
NO2_ASTHMA,NO2,Hospital Admissions,Asthma,0,99,434,25,11,13.876326046438656,12.48869344179479,1.3876326046438656,88374,0.0001667347,0.003324,,UNIT_VALUE_ASTHMA_HA,UNIT_VALUE_ASTHMA_HA_2015_USD,11232.0,1.0046231446874792,0.00460186957858455,14.7350123778,0.06780860520146462
NO2_ASTHMA,NO2,Hospital Admissions,Asthma,0,99,475,25,12,14.06818374511835,12.661365370606516,1.4068183745118343,88373,0.0001667347,0.003324,,UNIT_VALUE_ASTHMA_HA,UNIT_VALUE_ASTHMA_HA_2015_USD,11232.0,1.004687215063608,0.004665347576171985,14.7348456431,0.06874317640630492
NO2_ASTHMA,NO2,Hospital Admissions,Asthma,0,99,516,25,13,14.581379296854838,13.123241367169356,1.458137929685483,40091,0.0001667347,0.003324,,UNIT_VALUE_ASTHMA_HA,UNIT_VALUE_ASTHMA_HA_2015_USD,11232.0,1.0048586154580734,0.004835123452525347,6.6845608577,0.03232067697289822
NO2_ASTHMA,NO2,Hospital Admissions,Asthma,0,99,353,26,9,14.477699845815035,13.029929861233532,1.4477699845815035,30,0.0001667347,0.003324,,UNIT_VALUE_ASTHMA_HA,UNIT_VALUE_ASTHMA_HA_2015_USD,11232.0,1.004823985562572,0.004800826445112372,0.0050020410000000005,2.4013930712336334e-05
NO2_ASTHMA,NO2,Hospital Admissions,Asthma,0,99,394,26,10,14.14950160156035,12.734551441404315,1.4149501601560353,65713,0.0001667347,0.003324,,UNIT_VALUE_ASTHMA_HA,UNIT_VALUE_ASTHMA_HA_2015_USD,11232.0,1.0047143721818002,0.004692251163445071,10.9566373411,0.05141129431122219
NO2_ASTHMA,NO2,Hospital Admissions,Asthma,0,99,435,26,11,14.362656543291596,12.926390888962436,1.4362656543291583,88373,0.0001667347,0.003324,,UNIT_VALUE_ASTHMA_HA,UNIT_VALUE_ASTHMA_HA_2015_USD,11232.0,1.0047855614323875,0.004762768909184256,14.7348456431,0.07017866471058577
NO2_ASTHMA,NO2,Hospital Admissions,Asthma,0,99,476,26,12,14.610206702590803,13.149186032331723,1.4610206702590798,88372,0.0001667347,0.003324,,UNIT_VALUE_ASTHMA_HA,UNIT_VALUE_ASTHMA_HA_2015_USD,11232.0,1.0048682442902421,0.004844659305241139,14.7346789084,0.07138449928332041
NO2_ASTHMA,NO2,Hospital Admissions,Asthma,0,99,517,26,13,14.85221309144123,13.366991782297108,1.4852213091441229,41250,0.0001667347,0.003324,,UNIT_VALUE_ASTHMA_HA,UNIT_VALUE_ASTHMA_HA_2015_USD,11232.0,1.0049490820810703,0.004924709290565765,6.8778063750000005,0.03387119695367495
NO2_ASTHMA,NO2,Hospital Admissions,Asthma,0,99,395,27,10,14.49919199878787,13.049272798909085,1.4499191998787868,29100,0.0001667347,0.003324,,UNIT_VALUE_ASTHMA_HA,UNIT_VALUE_ASTHMA_HA_2015_USD,11232.0,1.0048311640423742,0.004807936114300748,4.85197977,0.023328008762039637
NO2_ASTHMA,NO2,Hospital Admissions,Asthma,0,99,436,27,11,14.491355521257844,13.04221996913206,1.4491355521257852,88373,0.0001667347,0.003324,,UNIT_VALUE_ASTHMA_HA,UNIT_VALUE_ASTHMA_HA_2015_USD,11232.0,1.0048285466162181,0.004805343789722527,14.7348456431,0.07080599900359062
NO2_ASTHMA,NO2,Hospital Admissions,Asthma,0,99,477,27,12,15.105471667148349,13.594924500433514,1.510547166714835,88373,0.0001667347,0.003324,,UNIT_VALUE_ASTHMA_HA,UNIT_VALUE_ASTHMA_HA_2015_USD,11232.0,1.0050336854219952,0.005008474337734881,14.7348456431,0.07379909627395097
NO2_ASTHMA,NO2,Hospital Admissions,Asthma,0,99,518,27,13,14.197008398134384,12.777307558320947,1.4197008398134372,71036,0.0001667347,0.003324,,UNIT_VALUE_ASTHMA_HA,UNIT_VALUE_ASTHMA_HA_2015_USD,11232.0,1.0047302380121246,0.004707968201975832,11.8441661492,0.05576195760935213
NO2_ASTHMA,NO2,Hospital Admissions,Asthma,0,99,559,27,14,14.679962831909434,13.211966548718491,1.467996283190942,15036,0.0001667347,0.003324,,UNIT_VALUE_ASTHMA_HA,UNIT_VALUE_ASTHMA_HA_2015_USD,11232.0,1.004891544377431,0.004867733642302086,2.5070229492,0.012203519951844233
NO2_ASTHMA,NO2,Hospital Admissions,Asthma,0,99,396,28,10,14.229002290152714,12.806102061137445,1.422900229015271,7120,0.0001667347,0.003324,,UNIT_VALUE_ASTHMA_HA,UNIT_VALUE_ASTHMA_HA_2015_USD,11232.0,1.0047409231436404,0.004718552847242319,1.187151064,0.005601635033143948
NO2_ASTHMA,NO2,Hospital Admissions,Asthma,0,99,437,28,11,14.857156289296508,13.371440660366856,1.4857156289296505,87523,0.0001667347,0.003324,,UNIT_VALUE_ASTHMA_HA,UNIT_VALUE_ASTHMA_HA_2015_USD,11232.0,1.0049507333333245,0.004926344316306341,14.5931211481,0.0718907394251123
NO2_ASTHMA,NO2,Hospital Admissions,Asthma,0,99,478,28,12,14.375177047176653,12.937659342458987,1.4375177047176653,88371,0.0001667347,0.003324,,UNIT_VALUE_ASTHMA_HA,UNIT_VALUE_ASTHMA_HA_2015_USD,11232.0,1.0047897431732042,0.004766910894291154,14.7345121737,0.07023810660287617
NO2_ASTHMA,NO2,Hospital Admissions,Asthma,0,99,519,28,13,14.258595122536194,12.832735610282574,1.42585951225362,88373,0.0001667347,0.003324,,UNIT_VALUE_ASTHMA_HA,UNIT_VALUE_ASTHMA_HA_2015_USD,11232.0,1.0047508064845712,0.004728343041786931,14.7348456431,0.06967140486835637
NO2_ASTHMA,NO2,Hospital Admissions,Asthma,0,99,560,28,14,14.4409433075598,12.99684897680382,1.4440943307559788,77991,0.0001667347,0.003324,,UNIT_VALUE_ASTHMA_HA,UNIT_VALUE_ASTHMA_HA_2015_USD,11232.0,1.0048117088254094,0.004788667153405424,13.0038059877,0.06227089860255576
NO2_ASTHMA,NO2,Hospital Admissions,Asthma,0,99,601,28,15,14.238419552038287,12.814577596834456,1.4238419552038302,3938,0.0001667347,0.003324,,UNIT_VALUE_ASTHMA_HA,UNIT_VALUE_ASTHMA_HA_2015_USD,11232.0,1.0047440682869153,0.004721668369740972,0.6566012486,0.003100253347047049
NO2_ASTHMA,NO2,Hospital Admissions,Asthma,0,99,397,29,10,14.548967586668216,13.094070828001398,1.4548967586668198,2535,0.0001667347,0.003324,,UNIT_VALUE_ASTHMA_HA,UNIT_VALUE_ASTHMA_HA_2015_USD,11232.0,1.0048477895188905,0.004824401834243597,0.4226724645,0.0020391418130180617
NO2_ASTHMA,NO2,Hospital Admissions,Asthma,0,99,438,29,11,14.37660632623274,12.938945693609464,1.437660632623274,83412,0.0001667347,0.003324,,UNIT_VALUE_ASTHMA_HA,UNIT_VALUE_ASTHMA_HA_2015_USD,11232.0,1.0047902205412464,0.004767383721814178,13.9076747964,0.06630322243264267
NO2_ASTHMA,NO2,Hospital Admissions,Asthma,0,99,479,29,12,14.695064034831072,13.225557631347966,1.4695064034831056,88373,0.0001667347,0.003324,,UNIT_VALUE_ASTHMA_HA,UNIT_VALUE_ASTHMA_HA_2015_USD,11232.0,1.004896588583733,0.004872728835346396,14.7348456431,0.07179890724951157
NO2_ASTHMA,NO2,Hospital Admissions,Asthma,0,99,520,29,13,14.33877609357386,12.904898484216472,1.4338776093573866,88373,0.0001667347,0.003324,,UNIT_VALUE_ASTHMA_HA,UNIT_VALUE_ASTHMA_HA_2015_USD,11232.0,1.004777585615433,0.004754868822543168,14.7348456431,0.07006225815336223
NO2_ASTHMA,NO2,Hospital Admissions,Asthma,0,99,561,29,14,14.140769163481169,12.726692247133052,1.4140769163481153,88372,0.0001667347,0.003324,,UNIT_VALUE_ASTHMA_HA,UNIT_VALUE_ASTHMA_HA_2015_USD,11232.0,1.0047114558393841,0.0046893621168556665,14.7346789084,0.06909624507708316
NO2_ASTHMA,NO2,Hospital Admissions,Asthma,0,99,602,29,15,14.090763990008528,12.681687591007677,1.4090763990008508,54996,0.0001667347,0.003324,,UNIT_VALUE_ASTHMA_HA,UNIT_VALUE_ASTHMA_HA_2015_USD,11232.0,1.0046947559460147,0.004672818204962126,9.1697415612,0.04284853530197319
NO2_ASTHMA,NO2,Hospital Admissions,Asthma,0,99,643,29,16,14.19621306225518,12.776591756029662,1.4196213062255172,2346,0.0001667347,0.003324,,UNIT_VALUE_ASTHMA_HA,UNIT_VALUE_ASTHMA_HA_2015_USD,11232.0,1.0047299723919823,0.004707705076938629,0.3911596062,0.0018414640640010548
NO2_ASTHMA,NO2,Hospital Admissions,Asthma,0,99,398,30,10,14.014041685877324,12.612637517289592,1.4014041685877316,10141,0.0001667347,0.003324,,UNIT_VALUE_ASTHMA_HA,UNIT_VALUE_ASTHMA_HA_2015_USD,11232.0,1.004669134050849,0.0046474345559148755,1.6908565927,0.007858145358010464
NO2_ASTHMA,NO2,Hospital Admissions,Asthma,0,99,439,30,11,14.409311423759496,12.968380281383547,1.4409311423759483,83452,0.0001667347,0.003324,,UNIT_VALUE_ASTHMA_HA,UNIT_VALUE_ASTHMA_HA_2015_USD,11232.0,1.0048011438503617,0.004778203010362803,13.9143441844,0.06648556126912424
NO2_ASTHMA,NO2,Hospital Admissions,Asthma,0,99,480,30,12,14.522677784217052,13.070410005795347,1.4522677784217048,88373,0.0001667347,0.003324,,UNIT_VALUE_ASTHMA_HA,UNIT_VALUE_ASTHMA_HA_2015_USD,11232.0,1.0048390084633982,0.004815705225056921,14.7348456431,0.07095867315388388
NO2_ASTHMA,NO2,Hospital Admissions,Asthma,0,99,521,30,13,14.90263878007283,13.41237490206555,1.4902638780072817,88375,0.0001667347,0.003324,,UNIT_VALUE_ASTHMA_HA,UNIT_VALUE_ASTHMA_HA_2015_USD,11232.0,1.0049659266751751,0.004941388104176214,14.735179112500001,0.07281223877941333
NO2_ASTHMA,NO2,Hospital Admissions,Asthma,0,99,562,30,14,14.136693200888557,12.723023880799705,1.4136693200888537,88372,0.0001667347,0.003324,,UNIT_VALUE_ASTHMA_HA,UNIT_VALUE_ASTHMA_HA_2015_USD,11232.0,1.0047100946070247,0.004688013619358555,14.7346789084,0.06907637539945445
NO2_ASTHMA,NO2,Hospital Admissions,Asthma,0,99,603,30,15,14.938668296929515,13.444801467236566,1.4938668296929496,88373,0.0001667347,0.003324,,UNIT_VALUE_ASTHMA_HA,UNIT_VALUE_ASTHMA_HA_2015_USD,11232.0,1.0049779624316373,0.0049533050651107136,14.7348456431,0.07298618555759176
NO2_ASTHMA,NO2,Hospital Admissions,Asthma,0,99,644,30,16,14.226870106582824,12.804183095924545,1.4226870106582812,26746,0.0001667347,0.003324,,UNIT_VALUE_ASTHMA_HA,UNIT_VALUE_ASTHMA_HA_2015_USD,11232.0,1.0047402110460024,0.0047178474533905446,4.4594862862,0.021039176018778725
NO2_ASTHMA,NO2,Hospital Admissions,Asthma,0,99,440,31,11,14.47700169947472,13.02930152952725,1.4477001699474703,77384,0.0001667347,0.003324,,UNIT_VALUE_ASTHMA_HA,UNIT_VALUE_ASTHMA_HA_2015_USD,11232.0,1.004823752379283,0.004800595495340287,12.9025980248,0.06194015395604137
NO2_ASTHMA,NO2,Hospital Admissions,Asthma,0,99,481,31,12,13.36129834069843,12.025168506628589,1.3361298340698422,88374,0.0001667347,0.003324,,UNIT_VALUE_ASTHMA_HA,UNIT_VALUE_ASTHMA_HA_2015_USD,11232.0,1.0044511727386753,0.004431447599925642,14.7350123778,0.06529743523647644
NO2_ASTHMA,NO2,Hospital Admissions,Asthma,0,99,522,31,13,14.218391901494938,12.796552711345443,1.421839190149493,88374,0.0001667347,0.003324,,UNIT_VALUE_ASTHMA_HA,UNIT_VALUE_ASTHMA_HA_2015_USD,11232.0,1.00473737953597,0.0047150425896942405,14.7350123778,0.0694762109209988
NO2_ASTHMA,NO2,Hospital Admissions,Asthma,0,99,563,31,14,13.359140998915276,12.023226899023747,1.3359140998915289,88372,0.0001667347,0.003324,,UNIT_VALUE_ASTHMA_HA,UNIT_VALUE_ASTHMA_HA_2015_USD,11232.0,1.004450452446587,0.004430733677053822,14.7346789084,0.06528543806002253
NO2_ASTHMA,NO2,Hospital Admissions,Asthma,0,99,604,31,15,13.996724615178914,12.597052153661023,1.3996724615178913,88373,0.0001667347,0.003324,,UNIT_VALUE_ASTHMA_HA,UNIT_VALUE_ASTHMA_HA_2015_USD,11232.0,1.0046633509967502,0.004641705096661064,14.7348456431,0.06839480812009134
NO2_ASTHMA,NO2,Hospital Admissions,Asthma,0,99,645,31,16,14.062877613754663,12.656589852379197,1.4062877613754663,69888,0.0001667347,0.003324,,UNIT_VALUE_ASTHMA_HA,UNIT_VALUE_ASTHMA_HA_2015_USD,11232.0,1.004685443039992,0.004663592045102916,11.6527547136,0.05434369418588046
NO2_ASTHMA,NO2,Hospital Admissions,Asthma,0,99,686,31,17,14.374283414758589,12.936855073282729,1.4374283414758595,17050,0.0001667347,0.003324,,UNIT_VALUE_ASTHMA_HA,UNIT_VALUE_ASTHMA_HA_2015_USD,11232.0,1.0047894447070713,0.004766615266810992,2.842826635,0.01355066083928792
NO2_ASTHMA,NO2,Hospital Admissions,Asthma,0,99,400,32,10,13.77056893383712,12.393512040453407,1.3770568933837133,7025,0.0001667347,0.003324,,UNIT_VALUE_ASTHMA_HA,UNIT_VALUE_ASTHMA_HA_2015_USD,11232.0,1.0045878291235137,0.004566877071879971,1.1713112675,0.005349234571580417
NO2_ASTHMA,NO2,Hospital Admissions,Asthma,0,99,441,32,11,13.52274422738668,12.170469804648013,1.3522744227386685,85838,0.0001667347,0.003324,,UNIT_VALUE_ASTHMA_HA,UNIT_VALUE_ASTHMA_HA_2015_USD,11232.0,1.0045050776682523,0.004484872967202791,14.3121731786,0.06418827859062798
NO2_ASTHMA,NO2,Hospital Admissions,Asthma,0,99,482,32,12,11.05156050536026,9.946404454824236,1.105156050536026,88374,0.0001667347,0.003324,,UNIT_VALUE_ASTHMA_HA,UNIT_VALUE_ASTHMA_HA_2015_USD,11232.0,1.003680294425241,0.0036667995233965467,14.7350123778,0.05403033636415926
NO2_ASTHMA,NO2,Hospital Admissions,Asthma,0,99,523,32,13,15.081215980674529,13.573094382607076,1.5081215980674507,88374,0.0001667347,0.003324,,UNIT_VALUE_ASTHMA_HA,UNIT_VALUE_ASTHMA_HA_2015_USD,11232.0,1.0050255822799348,0.005000452096487029,14.7350123778,0.07368172353633233
NO2_ASTHMA,NO2,Hospital Admissions,Asthma,0,99,564,32,14,11.97785996141701,10.78007396527531,1.1977859961417003,88371,0.0001667347,0.003324,,UNIT_VALUE_ASTHMA_HA,UNIT_VALUE_ASTHMA_HA_2015_USD,11232.0,1.0039893771153625,0.003973525224763574,14.7345121737,0.058547955796782916
NO2_ASTHMA,NO2,Hospital Admissions,Asthma,0,99,605,32,15,13.760055991017612,12.384050391915853,1.3760055991017612,88373,0.0001667347,0.003324,,UNIT_VALUE_ASTHMA_HA,UNIT_VALUE_ASTHMA_HA_2015_USD,11232.0,1.0045843185952754,0.004563398522570816,14.7348456431,0.06724097283803157
NO2_ASTHMA,NO2,Hospital Admissions,Asthma,0,99,646,32,16,14.523839764912193,13.071455788420971,1.4523839764912196,88373,0.0001667347,0.003324,,UNIT_VALUE_ASTHMA_HA,UNIT_VALUE_ASTHMA_HA_2015_USD,11232.0,1.0048393965748863,0.00481608960733626,14.7348456431,0.07096433696743788
NO2_ASTHMA,NO2,Hospital Admissions,Asthma,0,99,687,32,17,14.458812646995648,13.012931382296085,1.4458812646995651,50211,0.0001667347,0.003324,,UNIT_VALUE_ASTHMA_HA,UNIT_VALUE_ASTHMA_HA_2015_USD,11232.0,1.0048176771919994,0.00479457846070408,8.3719160217,0.04013980823246621
NO2_ASTHMA,NO2,Hospital Admissions,Asthma,0,99,360,33,9,14.111210004962835,12.700089004466552,1.4111210004962835,26038,0.0001667347,0.003324,,UNIT_VALUE_ASTHMA_HA,UNIT_VALUE_ASTHMA_HA_2015_USD,11232.0,1.0047015841313487,0.004679582679680605,4.3414381186,0.020316118624705712
NO2_ASTHMA,NO2,Hospital Admissions,Asthma,0,99,401,33,10,13.649462118853016,12.284515906967716,1.3649462118853002,87066,0.0001667347,0.003324,,UNIT_VALUE_ASTHMA_HA,UNIT_VALUE_ASTHMA_HA_2015_USD,11232.0,1.0045473893449737,0.004526804203770718,14.5169233902,0.06571526982857483
NO2_ASTHMA,NO2,Hospital Admissions,Asthma,0,99,442,33,11,19.228234976011237,17.305411478410115,1.9228234976011187,88372,0.0001667347,0.003324,,UNIT_VALUE_ASTHMA_HA,UNIT_VALUE_ASTHMA_HA_2015_USD,11232.0,1.0064119343061362,0.006371083338312045,14.7346789084,0.09387586728868515
NO2_ASTHMA,NO2,Hospital Admissions,Asthma,0,99,483,33,12,15.266676435963925,13.740008792367536,1.5266676435963902,88373,0.0001667347,0.003324,,UNIT_VALUE_ASTHMA_HA,UNIT_VALUE_ASTHMA_HA_2015_USD,11232.0,1.0050875410573905,0.005061788998038996,14.7348456431,0.07458467956404642
NO2_ASTHMA,NO2,Hospital Admissions,Asthma,0,99,524,33,13,15.787402661315818,14.208662395184238,1.5787402661315806,88375,0.0001667347,0.003324,,UNIT_VALUE_ASTHMA_HA,UNIT_VALUE_ASTHMA_HA_2015_USD,11232.0,1.0052615261111624,0.0052339873500546474,14.735179112500001,0.07712374107561447
NO2_ASTHMA,NO2,Hospital Admissions,Asthma,0,99,565,33,14,15.067728037163226,13.560955233446904,1.5067728037163235,88373,0.0001667347,0.003324,,UNIT_VALUE_ASTHMA_HA,UNIT_VALUE_ASTHMA_HA_2015_USD,11232.0,1.005021076365955,0.004995991113052822,14.7348456431,0.0736151578851327
NO2_ASTHMA,NO2,Hospital Admissions,Asthma,0,99,606,33,15,14.070024415554805,12.663021973999324,1.4070024415554787,88374,0.0001667347,0.003324,,UNIT_VALUE_ASTHMA_HA,UNIT_VALUE_ASTHMA_HA_2015_USD,11232.0,1.0046878297704693,0.00466595656039781,14.7350123778,0.06875292767173885
NO2_ASTHMA,NO2,Hospital Admissions,Asthma,0,99,647,33,16,14.771769778554818,13.294592800699338,1.4771769778554802,88374,0.0001667347,0.003324,,UNIT_VALUE_ASTHMA_HA,UNIT_VALUE_ASTHMA_HA_2015_USD,11232.0,1.004922210747856,0.004898101261183951,14.7350123778,0.07217358271126331
NO2_ASTHMA,NO2,Hospital Admissions,Asthma,0,99,688,33,17,14.76185669220184,13.285671022981656,1.4761856692201842,78804,0.0001667347,0.003324,,UNIT_VALUE_ASTHMA_HA,UNIT_VALUE_ASTHMA_HA_2015_USD,11232.0,1.0049188994241824,0.004894822285659961,13.1393612988,0.06431483850470425
NO2_ASTHMA,NO2,Hospital Admissions,Asthma,0,99,729,33,18,14.355451249441762,12.919906124497585,1.435545124944177,456,0.0001667347,0.003324,,UNIT_VALUE_ASTHMA_HA,UNIT_VALUE_ASTHMA_HA_2015_USD,11232.0,1.004783154933984,0.004760385273674617,0.0760310232,0.00036193696318369316
NO2_ASTHMA,NO2,Hospital Admissions,Asthma,0,99,361,34,9,14.1499359920569,12.734942392851211,1.4149935992056886,20956,0.0001667347,0.003324,,UNIT_VALUE_ASTHMA_HA,UNIT_VALUE_ASTHMA_HA_2015_USD,11232.0,1.0047145172539265,0.004692394877315098,3.4940923732,0.016395661152869435
NO2_ASTHMA,NO2,Hospital Admissions,Asthma,0,99,402,34,10,14.244093754882778,12.8196843793945,1.4244093754882794,76970,0.0001667347,0.003324,,UNIT_VALUE_ASTHMA_HA,UNIT_VALUE_ASTHMA_HA_2015_USD,11232.0,1.004745963341539,0.004723545567433818,12.833569859,0.0606199520218317
NO2_ASTHMA,NO2,Hospital Admissions,Asthma,0,99,443,34,11,14.16290766428594,12.746616897857344,1.4162907664285953,88316,0.0001667347,0.003324,,UNIT_VALUE_ASTHMA_HA,UNIT_VALUE_ASTHMA_HA_2015_USD,11232.0,1.0047188493750943,0.004696686419319418,14.7253417652,0.06916031268845187
NO2_ASTHMA,NO2,Hospital Admissions,Asthma,0,99,484,34,12,15.079329114090218,13.571396202681196,1.5079329114090214,88373,0.0001667347,0.003324,,UNIT_VALUE_ASTHMA_HA,UNIT_VALUE_ASTHMA_HA_2015_USD,11232.0,1.0050249519336625,0.0049998280380945115,14.7348456431,0.07367169438336613
NO2_ASTHMA,NO2,Hospital Admissions,Asthma,0,99,525,34,13,19.50134381117317,17.551209430055852,1.9501343811173195,88374,0.0001667347,0.003324,,UNIT_VALUE_ASTHMA_HA,UNIT_VALUE_ASTHMA_HA_2015_USD,11232.0,1.0065033019143443,0.006461282245150302,14.7350123778,0.09520707385874908
NO2_ASTHMA,NO2,Hospital Admissions,Asthma,0,99,566,34,14,13.264775673525182,11.938298106172663,1.3264775673525175,88372,0.0001667347,0.003324,,UNIT_VALUE_ASTHMA_HA,UNIT_VALUE_ASTHMA_HA_2015_USD,11232.0,1.0044189463090631,0.004399505132097858,14.7346789084,0.06482529547731987
NO2_ASTHMA,NO2,Hospital Admissions,Asthma,0,99,607,34,15,14.375955456058968,12.938359910453071,1.4375955456058964,88373,0.0001667347,0.003324,,UNIT_VALUE_ASTHMA_HA,UNIT_VALUE_ASTHMA_HA_2015_USD,11232.0,1.0047900031556636,0.004767168403964961,14.7348456431,0.07024349058708708
NO2_ASTHMA,NO2,Hospital Admissions,Asthma,0,99,648,34,16,13.974598381086835,12.577138542978156,1.3974598381086825,72285,0.0001667347,0.003324,,UNIT_VALUE_ASTHMA_HA,UNIT_VALUE_ASTHMA_HA_2015_USD,11232.0,1.004655961965882,0.004634384448156115,12.0524177895,0.055855537566338896
NO2_ASTHMA,NO2,Hospital Admissions,Asthma,0,99,689,34,17,14.06124518049693,12.65512066244724,1.4061245180496922,15395,0.0001667347,0.003324,,UNIT_VALUE_ASTHMA_HA,UNIT_VALUE_ASTHMA_HA_2015_USD,11232.0,1.004684897876906,0.004663051954703623,2.5668807065,0.011969498095935843
NO2_ASTHMA,NO2,Hospital Admissions,Asthma,0,99,730,34,18,14.212959977469014,12.791663979722111,1.4212959977469009,1632,0.0001667347,0.003324,,UNIT_VALUE_ASTHMA_HA,UNIT_VALUE_ASTHMA_HA_2015_USD,11232.0,1.0047355654123837,0.004713245529872401,0.2721110304,0.001282526097661773
NO2_ASTHMA,NO2,Hospital Admissions,Asthma,0,99,403,35,10,14.490479723453811,13.041431751108432,1.4490479723453795,682,0.0001667347,0.003324,,UNIT_VALUE_ASTHMA_HA,UNIT_VALUE_ASTHMA_HA_2015_USD,11232.0,1.0048282540954074,0.004805054073398818,0.11371306540000001,0.0005463974280989362
NO2_ASTHMA,NO2,Hospital Admissions,Asthma,0,99,444,35,11,13.874553240808584,12.487097916727723,1.3874553240808591,45597,0.0001667347,0.003324,,UNIT_VALUE_ASTHMA_HA,UNIT_VALUE_ASTHMA_HA_2015_USD,11232.0,1.0046225526827328,0.004601283009612711,7.6026021159,0.034981723944736316
NO2_ASTHMA,NO2,Hospital Admissions,Asthma,0,99,485,35,12,19.577644492160925,17.619880042944832,1.9577644492160928,88373,0.0001667347,0.003324,,UNIT_VALUE_ASTHMA_HA,UNIT_VALUE_ASTHMA_HA_2015_USD,11232.0,1.006528829523419,0.006486480398688821,14.7348456431,0.09557728744167353
NO2_ASTHMA,NO2,Hospital Admissions,Asthma,0,99,526,35,13,13.476969861157125,12.12927287504141,1.3476969861157126,88375,0.0001667347,0.003324,,UNIT_VALUE_ASTHMA_HA,UNIT_VALUE_ASTHMA_HA_2015_USD,11232.0,1.004489793838637,0.004469725691765625,14.735179112500001,0.06586220865190945
NO2_ASTHMA,NO2,Hospital Admissions,Asthma,0,99,567,35,14,12.905364194543235,11.614827775088912,1.2905364194543232,88371,0.0001667347,0.003324,,UNIT_VALUE_ASTHMA_HA,UNIT_VALUE_ASTHMA_HA_2015_USD,11232.0,1.004298957176708,0.004280555252982987,14.7345121737,0.06307189348527331
NO2_ASTHMA,NO2,Hospital Admissions,Asthma,0,99,608,35,15,13.916942739721174,12.525248465749057,1.3916942739721172,88374,0.0001667347,0.003324,,UNIT_VALUE_ASTHMA_HA,UNIT_VALUE_ASTHMA_HA_2015_USD,11232.0,1.0046367081849112,0.0046153083469232525,14.7350123778,0.06800662561927778
NO2_ASTHMA,NO2,Hospital Admissions,Asthma,0,99,649,35,16,13.940058530307,12.5460526772763,1.3940058530307002,78707,0.0001667347,0.003324,,UNIT_VALUE_ASTHMA_HA,UNIT_VALUE_ASTHMA_HA_2015_USD,11232.0,1.0046444275303812,0.004622956543737788,13.1231880329,0.06066792799139649
NO2_ASTHMA,NO2,Hospital Admissions,Asthma,0,99,690,35,17,14.151228603738588,12.736105743364728,1.4151228603738597,26719,0.0001667347,0.003324,,UNIT_VALUE_ASTHMA_HA,UNIT_VALUE_ASTHMA_HA_2015_USD,11232.0,1.004714948943801,0.0046928225251924305,4.4549844493,0.020906451373057036
NO2_ASTHMA,NO2,Hospital Admissions,Asthma,0,99,445,36,11,14.363493467567254,12.92714412081053,1.4363493467567243,57394,0.0001667347,0.003324,,UNIT_VALUE_ASTHMA_HA,UNIT_VALUE_ASTHMA_HA_2015_USD,11232.0,1.0047858409573682,0.0047630457778030655,9.5695713718,0.04558030651783708
NO2_ASTHMA,NO2,Hospital Admissions,Asthma,0,99,486,36,12,15.126862415182863,13.614176173664578,1.512686241518287,88372,0.0001667347,0.003324,,UNIT_VALUE_ASTHMA_HA,UNIT_VALUE_ASTHMA_HA_2015_USD,11232.0,1.0050408315229835,0.00501554898555201,14.7346789084,0.07390250385146022
NO2_ASTHMA,NO2,Hospital Admissions,Asthma,0,99,527,36,13,14.11367428027748,12.702306852249732,1.4113674280277468,88375,0.0001667347,0.003324,,UNIT_VALUE_ASTHMA_HA,UNIT_VALUE_ASTHMA_HA_2015_USD,11232.0,1.004702407107986,0.004680397971297601,14.735179112500001,0.06896650242485179
NO2_ASTHMA,NO2,Hospital Admissions,Asthma,0,99,568,36,14,15.637722316980764,14.07395008528269,1.5637722316980742,88372,0.0001667347,0.003324,,UNIT_VALUE_ASTHMA_HA,UNIT_VALUE_ASTHMA_HA_2015_USD,11232.0,1.0052115118282787,0.005184492782817407,14.7346789084,0.07639183645773166
NO2_ASTHMA,NO2,Hospital Admissions,Asthma,0,99,609,36,15,14.52190314755419,13.069712832798771,1.4521903147554165,88374,0.0001667347,0.003324,,UNIT_VALUE_ASTHMA_HA,UNIT_VALUE_ASTHMA_HA_2015_USD,11232.0,1.0048387497282123,0.004815448975789338,14.7350123778,0.07095570026292024
NO2_ASTHMA,NO2,Hospital Admissions,Asthma,0,99,650,36,16,14.44701070264524,13.002309632380715,1.4447010702645215,88375,0.0001667347,0.003324,,UNIT_VALUE_ASTHMA_HA,UNIT_VALUE_ASTHMA_HA_2015_USD,11232.0,1.004813735333844,0.0047906742957137816,14.735179112500001,0.07059144381699237
NO2_ASTHMA,NO2,Hospital Admissions,Asthma,0,99,691,36,17,14.286874670311354,12.858187203280218,1.4286874670311356,18381,0.0001667347,0.003324,,UNIT_VALUE_ASTHMA_HA,UNIT_VALUE_ASTHMA_HA_2015_USD,11232.0,1.0047602513088019,0.004737698672495405,3.0647505207,0.014519864473449991
NO2_ASTHMA,NO2,Hospital Admissions,Asthma,0,99,446,37,11,13.843987490139757,12.45958874112578,1.3843987490139753,8084,0.0001667347,0.003324,,UNIT_VALUE_ASTHMA_HA,UNIT_VALUE_ASTHMA_HA_2015_USD,11232.0,1.0046123457136704,0.004591169652005123,1.3478833148,0.006188360969353827
NO2_ASTHMA,NO2,Hospital Admissions,Asthma,0,99,487,37,12,14.469943562972588,13.022949206675328,1.4469943562972605,66848,0.0001667347,0.003324,,UNIT_VALUE_ASTHMA_HA,UNIT_VALUE_ASTHMA_HA_2015_USD,11232.0,1.004821394940351,0.004798260630823115,11.1458812256,0.053480843080626964
NO2_ASTHMA,NO2,Hospital Admissions,Asthma,0,99,528,37,13,14.107382869493785,12.696644582544408,1.4107382869493783,88375,0.0001667347,0.003324,,UNIT_VALUE_ASTHMA_HA,UNIT_VALUE_ASTHMA_HA_2015_USD,11232.0,1.0047003060112594,0.004678316492128798,14.735179112500001,0.06893583145648054
NO2_ASTHMA,NO2,Hospital Admissions,Asthma,0,99,569,37,14,15.300713900597886,13.770642510538098,1.5300713900597884,88373,0.0001667347,0.003324,,UNIT_VALUE_ASTHMA_HA,UNIT_VALUE_ASTHMA_HA_2015_USD,11232.0,1.0050989127356749,0.0050730457182533994,14.7348456431,0.07475054559885322
NO2_ASTHMA,NO2,Hospital Admissions,Asthma,0,99,610,37,15,15.466442670480692,13.919798403432624,1.5466442670480696,88373,0.0001667347,0.003324,,UNIT_VALUE_ASTHMA_HA,UNIT_VALUE_ASTHMA_HA_2015_USD,11232.0,1.0051542833940506,0.005127852986554715,14.7348456431,0.07555812223739307
NO2_ASTHMA,NO2,Hospital Admissions,Asthma,0,99,651,37,16,9.526364032890893,8.573727629601802,0.9526364032890892,88374,0.0001667347,0.003324,,UNIT_VALUE_ASTHMA_HA,UNIT_VALUE_ASTHMA_HA_2015_USD,11232.0,1.0031715822625429,0.003161555130369309,14.7350123778,0.04658555397908886
NO2_ASTHMA,NO2,Hospital Admissions,Asthma,0,99,692,37,17,14.622011085947996,13.159809977353197,1.4622011085947992,28949,0.0001667347,0.003324,,UNIT_VALUE_ASTHMA_HA,UNIT_VALUE_ASTHMA_HA_2015_USD,11232.0,1.0048721871769106,0.004848564065245475,4.8268028303,0.023403062753017734
NO2_ASTHMA,NO2,Hospital Admissions,Asthma,0,99,488,38,12,18.489373708736647,16.640436337862983,1.848937370873664,6168,0.0001667347,0.003324,,UNIT_VALUE_ASTHMA_HA,UNIT_VALUE_ASTHMA_HA_2015_USD,11232.0,1.0061647924159087,0.006127020605746214,1.0284196296,0.00630114826191309
NO2_ASTHMA,NO2,Hospital Admissions,Asthma,0,99,529,38,13,14.431419953733442,12.9882779583601,1.4431419953733435,82303,0.0001667347,0.003324,,UNIT_VALUE_ASTHMA_HA,UNIT_VALUE_ASTHMA_HA_2015_USD,11232.0,1.0048085280358656,0.0047855167444338376,13.7227660141,0.06567052654042314
NO2_ASTHMA,NO2,Hospital Admissions,Asthma,0,99,570,38,14,11.320805733076206,10.188725159768584,1.132080573307622,88374,0.0001667347,0.003324,,UNIT_VALUE_ASTHMA_HA,UNIT_VALUE_ASTHMA_HA_2015_USD,11232.0,1.003770124934388,0.003755964479052909,14.7350123778,0.055344183089421746
NO2_ASTHMA,NO2,Hospital Admissions,Asthma,0,99,611,38,15,18.56148137524996,16.70533323772496,1.8561481375249969,88374,0.0001667347,0.003324,,UNIT_VALUE_ASTHMA_HA,UNIT_VALUE_ASTHMA_HA_2015_USD,11232.0,1.0061889090546492,0.006150842052576211,14.7350123778,0.09063273377860323
NO2_ASTHMA,NO2,Hospital Admissions,Asthma,0,99,652,38,16,14.779748793712482,13.301773914341236,1.4779748793712475,88374,0.0001667347,0.003324,,UNIT_VALUE_ASTHMA_HA,UNIT_VALUE_ASTHMA_HA_2015_USD,11232.0,1.0049248760308374,0.004900740491457611,14.7350123778,0.07221247180201357
NO2_ASTHMA,NO2,Hospital Admissions,Asthma,0,99,693,38,17,15.166646871830691,13.649982184647625,1.51666468718307,26275,0.0001667347,0.003324,,UNIT_VALUE_ASTHMA_HA,UNIT_VALUE_ASTHMA_HA_2015_USD,11232.0,1.0050541226259935,0.005028706924546711,4.3809542425,0.02203053493538204
NO2_ASTHMA,NO2,Hospital Admissions,Asthma,0,99,530,39,13,14.406850341503803,12.966165307353425,1.4406850341503787,53223,0.0001667347,0.003324,,UNIT_VALUE_ASTHMA_HA,UNIT_VALUE_ASTHMA_HA_2015_USD,11232.0,1.0048003218593144,0.004777388855162545,8.8741209381,0.04239512646904354
NO2_ASTHMA,NO2,Hospital Admissions,Asthma,0,99,571,39,14,14.791951592198158,13.312756432978343,1.479195159219815,88373,0.0001667347,0.003324,,UNIT_VALUE_ASTHMA_HA,UNIT_VALUE_ASTHMA_HA_2015_USD,11232.0,1.0049289522256535,0.0049047768150545235,14.7348456431,0.07227112928368404
NO2_ASTHMA,NO2,Hospital Admissions,Asthma,0,99,612,39,15,13.522962234882636,12.170666011394372,1.3522962234882634,88373,0.0001667347,0.003324,,UNIT_VALUE_ASTHMA_HA,UNIT_VALUE_ASTHMA_HA_2015_USD,11232.0,1.0045051504604101,0.004484945107892435,14.7348456431,0.06608497388257151
NO2_ASTHMA,NO2,Hospital Admissions,Asthma,0,99,653,39,16,10.001870968511383,9.001683871660244,1.000187096851139,88170,0.0001667347,0.003324,,UNIT_VALUE_ASTHMA_HA,UNIT_VALUE_ASTHMA_HA_2015_USD,11232.0,1.0033301545950182,0.003319101473993169,14.700998499,0.048794105787202266
NO2_ASTHMA,NO2,Hospital Admissions,Asthma,0,99,694,39,17,14.188053584484676,12.76924822603621,1.4188053584484663,3451,0.0001667347,0.003324,,UNIT_VALUE_ASTHMA_HA,UNIT_VALUE_ASTHMA_HA_2015_USD,11232.0,1.0047272473565863,0.004705005631153725,0.5754014497,0.0027072670610125164
NO2_ASTHMA,NO2,Hospital Admissions,Asthma,0,99,531,40,13,14.595845004488194,13.136260504039374,1.4595845004488197,8740,0.0001667347,0.003324,,UNIT_VALUE_ASTHMA_HA,UNIT_VALUE_ASTHMA_HA_2015_USD,11232.0,1.0048634472330797,0.004839908593024744,1.457261278,0.007053011381674421
NO2_ASTHMA,NO2,Hospital Admissions,Asthma,0,99,572,40,14,14.519649479539988,13.06768453158599,1.4519649479539982,53982,0.0001667347,0.003324,,UNIT_VALUE_ASTHMA_HA,UNIT_VALUE_ASTHMA_HA_2015_USD,11232.0,1.0048379969844456,0.0048147034636077946,9.0006725754,0.043335569423578066
NO2_ASTHMA,NO2,Hospital Admissions,Asthma,0,99,613,40,15,13.73147320452902,12.358325884076118,1.373147320452901,88373,0.0001667347,0.003324,,UNIT_VALUE_ASTHMA_HA,UNIT_VALUE_ASTHMA_HA_2015_USD,11232.0,1.0045747741671511,0.004553940915890342,14.7348456431,0.06710161646344164
NO2_ASTHMA,NO2,Hospital Admissions,Asthma,0,99,654,40,16,13.879534899867163,12.491581409880448,1.3879534899867156,88374,0.0001667347,0.003324,,UNIT_VALUE_ASTHMA_HA,UNIT_VALUE_ASTHMA_HA_2015_USD,11232.0,1.0046242162420822,0.004602931292438495,14.7350123778,0.06782424956824418
NO2_ASTHMA,NO2,Hospital Admissions,Asthma,0,99,695,40,17,14.975861476546504,13.478275328891856,1.4975861476546477,34687,0.0001667347,0.003324,,UNIT_VALUE_ASTHMA_HA,UNIT_VALUE_ASTHMA_HA_2015_USD,11232.0,1.0049903870639585,0.004965606764197772,5.7835265389,0.02871871850247917
NO2_ASTHMA,NO2,Hospital Admissions,Asthma,0,99,573,41,14,14.992593907095015,13.493334516385517,1.4992593907095009,26916,0.0001667347,0.003324,,UNIT_VALUE_ASTHMA_HA,UNIT_VALUE_ASTHMA_HA_2015_USD,11232.0,1.004995976695251,0.004971140990712497,4.4878311852,0.02230964156414557
NO2_ASTHMA,NO2,Hospital Admissions,Asthma,0,99,614,41,15,14.908357926438637,13.41752213379477,1.490835792643864,47718,0.0001667347,0.003324,,UNIT_VALUE_ASTHMA_HA,UNIT_VALUE_ASTHMA_HA_2015_USD,11232.0,1.0049678371616895,0.004943279752832708,7.9562464146,0.03932995180984
NO2_ASTHMA,NO2,Hospital Admissions,Asthma,0,99,655,41,16,14.882447831053328,13.394203047947997,1.4882447831053316,28007,0.0001667347,0.003324,,UNIT_VALUE_ASTHMA_HA,UNIT_VALUE_ASTHMA_HA_2015_USD,11232.0,1.0049591818976797,0.004934709774296664,4.6697387429,0.023043805418000447
NO2_ASTHMA,NO2,Hospital Admissions,Asthma,0,99,696,41,17,15.479930837714765,13.931937753943288,1.5479930837714768,8351,0.0001667347,0.003324,,UNIT_VALUE_ASTHMA_HA,UNIT_VALUE_ASTHMA_HA_2015_USD,11232.0,1.00515878998,0.005132313452785642,1.3924014797,0.007146240845942943
NO2_CLD,NO2,Hospital Admissions,Chronic Lung Disease,65,99,0,1,1,14.231315473731026,12.808183926357923,1.423131547373103,7006,0.0020967572,0.00185,,UNIT_VALUE_CLD_HA,UNIT_VALUE_CLD_HA_2015_USD,15375.0,1.0026362622066674,0.00262933060177295,14.6898809432,0.038624553500357046
NO2_CLD,NO2,Hospital Admissions,Chronic Lung Disease,65,99,41,1,2,14.436909339412171,12.993218405470955,1.443690933941216,5661,0.0020967572,0.00185,,UNIT_VALUE_CLD_HA,UNIT_VALUE_CLD_HA_2015_USD,15375.0,1.0026743980669373,0.0026672647392745885,11.8697425092,0.03165974565905784
NO2_CLD,NO2,Hospital Admissions,Chronic Lung Disease,65,99,82,1,3,14.04676787451595,12.642091087064356,1.404676787451594,656,0.0020967572,0.00185,,UNIT_VALUE_CLD_HA,UNIT_VALUE_CLD_HA_2015_USD,15375.0,1.0026020314797224,0.002595278483409791,1.3754727232,0.003569734763038031
NO2_CLD,NO2,Hospital Admissions,Chronic Lung Disease,65,99,1,2,1,14.547154562062682,13.092439105856414,1.4547154562062676,3805,0.0020967572,0.00185,,UNIT_VALUE_CLD_HA,UNIT_VALUE_CLD_HA_2015_USD,15375.0,1.0026948481869988,0.0026876054981945785,7.978161146,0.02144214976147196
NO2_CLD,NO2,Hospital Admissions,Chronic Lung Disease,65,99,42,2,2,13.63419892837284,12.270779035535556,1.3634198928372854,9380,0.0020967572,0.00185,,UNIT_VALUE_CLD_HA,UNIT_VALUE_CLD_HA_2015_USD,15375.0,1.0025255105442465,0.0025191484083787463,19.667582536,0.04954555924222203
NO2_CLD,NO2,Hospital Admissions,Chronic Lung Disease,65,99,83,2,3,14.249579367891377,12.824621431102235,1.4249579367891396,4099,0.0020967572,0.00185,,UNIT_VALUE_CLD_HA,UNIT_VALUE_CLD_HA_2015_USD,15375.0,1.0026396499402668,0.00263270053246345,8.594607762799999,0.02262702843343806
NO2_CLD,NO2,Hospital Admissions,Chronic Lung Disease,65,99,2,3,1,13.999116385567032,12.59920474701033,1.399911638556702,73,0.0020967572,0.00185,,UNIT_VALUE_CLD_HA,UNIT_VALUE_CLD_HA_2015_USD,15375.0,1.0025931930549499,0.002586485797941851,0.1530632756,0.0003958959885258594
NO2_CLD,NO2,Hospital Admissions,Chronic Lung Disease,65,99,43,3,2,14.465433051011122,13.018889745910007,1.4465433051011125,6828,0.0020967572,0.00185,,UNIT_VALUE_CLD_HA,UNIT_VALUE_CLD_HA_2015_USD,15375.0,1.0026796890800387,0.0026725275371811685,14.3166581616,0.03826166317728552
NO2_CLD,NO2,Hospital Admissions,Chronic Lung Disease,65,99,84,3,3,14.293178804590218,12.863860924131195,1.4293178804590203,9171,0.0020967572,0.00185,,UNIT_VALUE_CLD_HA,UNIT_VALUE_CLD_HA_2015_USD,15375.0,1.0026477371598126,0.002640745160720992,19.229360281199998,0.05077984010633935
NO2_CLD,NO2,Hospital Admissions,Chronic Lung Disease,65,99,125,3,4,14.597197944543492,13.137478150089144,1.4597197944543492,3772,0.0020967572,0.00185,,UNIT_VALUE_CLD_HA,UNIT_VALUE_CLD_HA_2015_USD,15375.0,1.0027041312047027,0.0026968385992923727,7.9089681584,0.02132921061014743
NO2_CLD,NO2,Hospital Admissions,Chronic Lung Disease,65,99,166,3,5,13.977551193715644,12.57979607434408,1.3977551193715634,6,0.0020967572,0.00185,,UNIT_VALUE_CLD_HA,UNIT_VALUE_CLD_HA_2015_USD,15375.0,1.0025891931567357,0.002582506548453156,0.012580543199999999,3.248933519709782e-05
NO2_CLD,NO2,Hospital Admissions,Chronic Lung Disease,65,99,44,4,2,14.231405806193385,12.808265225574049,1.4231405806193376,939,0.0020967572,0.00185,,UNIT_VALUE_CLD_HA,UNIT_VALUE_CLD_HA_2015_USD,15375.0,1.0026362789622287,0.002629347269338278,1.9688550108,0.0051768035463699656
NO2_CLD,NO2,Hospital Admissions,Chronic Lung Disease,65,99,85,4,3,14.249657614430946,12.824691852987852,1.4249657614430935,9159,0.0020967572,0.00185,,UNIT_VALUE_CLD_HA,UNIT_VALUE_CLD_HA_2015_USD,15375.0,1.0026396644540871,0.0026327149699633123,19.2041991948,0.050559182706307354
NO2_CLD,NO2,Hospital Admissions,Chronic Lung Disease,65,99,126,4,4,14.532173770060547,13.078956393054492,1.4532173770060552,9325,0.0020967572,0.00185,,UNIT_VALUE_CLD_HA,UNIT_VALUE_CLD_HA_2015_USD,15375.0,1.0026920692757015,0.0026848414963989153,19.55226089,0.052494721385889585
NO2_CLD,NO2,Hospital Admissions,Chronic Lung Disease,65,99,167,4,5,14.349619690570815,12.914657721513736,1.4349619690570812,6438,0.0020967572,0.00185,,UNIT_VALUE_CLD_HA,UNIT_VALUE_CLD_HA_2015_USD,15375.0,1.0026582064248935,0.0026511590967490672,13.4989228536,0.035787792119635516
NO2_CLD,NO2,Hospital Admissions,Chronic Lung Disease,65,99,208,4,6,14.440477852469986,12.996430067222986,1.4440477852469993,4959,0.0020967572,0.00185,,UNIT_VALUE_CLD_HA,UNIT_VALUE_CLD_HA_2015_USD,15375.0,1.002675060007642,0.0026679231531117065,10.3978189548,0.027740581931374683
NO2_CLD,NO2,Hospital Admissions,Chronic Lung Disease,65,99,86,5,3,13.734657012329684,12.361191311096716,1.373465701232968,7033,0.0020967572,0.00185,,UNIT_VALUE_CLD_HA,UNIT_VALUE_CLD_HA_2015_USD,15375.0,1.002544142398883,0.0025376861639183623,14.7464933876,0.03742197223602614
NO2_CLD,NO2,Hospital Admissions,Chronic Lung Disease,65,99,127,5,4,14.281589690345305,12.853430721310776,1.4281589690345289,9380,0.0020967572,0.00185,,UNIT_VALUE_CLD_HA,UNIT_VALUE_CLD_HA_2015_USD,15375.0,1.00264558749927,0.002638606834014512,19.667582536,0.05189501768803407
NO2_CLD,NO2,Hospital Admissions,Chronic Lung Disease,65,99,168,5,5,14.424199541828282,12.981779587645455,1.4424199541828262,9380,0.0020967572,0.00185,,UNIT_VALUE_CLD_HA,UNIT_VALUE_CLD_HA_2015_USD,15375.0,1.0026720404688103,0.0026649196955377263,19.667582536,0.05241252806380023
NO2_CLD,NO2,Hospital Admissions,Chronic Lung Disease,65,99,209,5,6,14.144741839769344,12.73026765579241,1.4144741839769337,2301,0.0020967572,0.00185,,UNIT_VALUE_CLD_HA,UNIT_VALUE_CLD_HA_2015_USD,15375.0,1.002620203990282,0.002613356463248895,4.8246383172,0.01260849972909289
NO2_CLD,NO2,Hospital Admissions,Chronic Lung Disease,65,99,87,6,3,13.960250388059256,12.564225349253327,1.3960250388059272,2360,0.0020967572,0.00185,,UNIT_VALUE_CLD_HA,UNIT_VALUE_CLD_HA_2015_USD,15375.0,1.0025859842257259,0.0025793141599950165,4.948346992,0.012763341465034347
NO2_CLD,NO2,Hospital Admissions,Chronic Lung Disease,65,99,128,6,4,14.312834533694687,12.88155108032522,1.4312834533694687,9379,0.0020967572,0.00185,,UNIT_VALUE_CLD_HA,UNIT_VALUE_CLD_HA_2015_USD,15375.0,1.0026513831043187,0.0026443718614437284,19.6654857788,0.052002857235080524
NO2_CLD,NO2,Hospital Admissions,Chronic Lung Disease,65,99,169,6,5,14.332202526463105,12.898982273816792,1.4332202526463114,9293,0.0020967572,0.00185,,UNIT_VALUE_CLD_HA,UNIT_VALUE_CLD_HA_2015_USD,15375.0,1.0026549756895313,0.002647945458711276,19.4851646596,0.051595653272629265
NO2_CLD,NO2,Hospital Admissions,Chronic Lung Disease,65,99,210,6,6,14.32397375500596,12.891576379505365,1.4323973755005976,2925,0.0020967572,0.00185,,UNIT_VALUE_CLD_HA,UNIT_VALUE_CLD_HA_2015_USD,15375.0,1.0026534493262438,0.0026464271658634964,6.13301481,0.01623057700182715
NO2_CLD,NO2,Hospital Admissions,Chronic Lung Disease,65,99,251,6,7,14.277684364504616,12.849915928054156,1.427768436450462,8,0.0020967572,0.00185,,UNIT_VALUE_CLD_HA,UNIT_VALUE_CLD_HA_2015_USD,15375.0,1.002644863102853,0.0026378862548281923,0.0167740576,4.424805598073638e-05
NO2_CLD,NO2,Hospital Admissions,Chronic Lung Disease,65,99,129,7,4,14.252301142954732,12.827071028659258,1.4252301142954753,7335,0.0020967572,0.00185,,UNIT_VALUE_CLD_HA,UNIT_VALUE_CLD_HA_2015_USD,15375.0,1.0026401547979193,0.0026332027350843834,15.379714062,0.04049790513287415
NO2_CLD,NO2,Hospital Admissions,Chronic Lung Disease,65,99,170,7,5,14.045750810539078,12.641175729485168,1.4045750810539095,9380,0.0020967572,0.00185,,UNIT_VALUE_CLD_HA,UNIT_VALUE_CLD_HA_2015_USD,15375.0,1.0026018428333143,0.0025950908148758556,19.667582536,0.05103916278998639
NO2_CLD,NO2,Hospital Admissions,Chronic Lung Disease,65,99,211,7,6,14.25271483064996,12.827443347584964,1.4252714830649946,9380,0.0020967572,0.00185,,UNIT_VALUE_CLD_HA,UNIT_VALUE_CLD_HA_2015_USD,15375.0,1.0026402315322027,0.0026332790657801475,19.667582536,0.05179023336655203
NO2_CLD,NO2,Hospital Admissions,Chronic Lung Disease,65,99,252,7,7,14.343817057023198,12.909435351320878,1.4343817057023198,3036,0.0020967572,0.00185,,UNIT_VALUE_CLD_HA,UNIT_VALUE_CLD_HA_2015_USD,15375.0,1.0026571300847142,0.002650088454953514,6.3657548592,0.016869813459430155
NO2_CLD,NO2,Hospital Admissions,Chronic Lung Disease,65,99,130,8,4,14.21879661454665,12.796916953091984,1.421879661454664,5190,0.0020967572,0.00185,,UNIT_VALUE_CLD_HA,UNIT_VALUE_CLD_HA_2015_USD,15375.0,1.002633940114853,0.002627020699649596,10.882169868,0.028587685500339112
NO2_CLD,NO2,Hospital Admissions,Chronic Lung Disease,65,99,171,8,5,14.451037530910474,13.005933777819427,1.4451037530910469,9380,0.0020967572,0.00185,,UNIT_VALUE_CLD_HA,UNIT_VALUE_CLD_HA_2015_USD,15375.0,1.0026770187759049,0.002669871479824115,19.667582536,0.05250991768995325
NO2_CLD,NO2,Hospital Admissions,Chronic Lung Disease,65,99,212,8,6,14.70019519294552,13.230175673650969,1.4700195192945529,9380,0.0020967572,0.00185,,UNIT_VALUE_CLD_HA,UNIT_VALUE_CLD_HA_2015_USD,15375.0,1.0027232374035295,0.0027158415223139665,19.667582536,0.05341403729480582
NO2_CLD,NO2,Hospital Admissions,Chronic Lung Disease,65,99,253,8,7,14.095382427716356,12.685844184944722,1.4095382427716334,8188,0.0020967572,0.00185,,UNIT_VALUE_CLD_HA,UNIT_VALUE_CLD_HA_2015_USD,15375.0,1.0026110486144837,0.002604248794277564,17.168247953599998,0.04471038903302105
NO2_CLD,NO2,Hospital Admissions,Chronic Lung Disease,65,99,294,8,8,14.174367438154402,12.756930694338962,1.4174367438154398,1103,0.0020967572,0.00185,,UNIT_VALUE_CLD_HA,UNIT_VALUE_CLD_HA_2015_USD,15375.0,1.0026256991016873,0.002618822860854131,2.3127231916,0.006056612364989608
NO2_CLD,NO2,Hospital Admissions,Chronic Lung Disease,65,99,131,9,4,14.36140361464415,12.925263253179734,1.4361403614644157,5202,0.0020967572,0.00185,,UNIT_VALUE_CLD_HA,UNIT_VALUE_CLD_HA_2015_USD,15375.0,1.0026603922481887,0.0026533333407370296,10.907330954399999,0.028940784879762562
NO2_CLD,NO2,Hospital Admissions,Chronic Lung Disease,65,99,172,9,5,14.506329203743634,13.05569628336927,1.450632920374364,9380,0.0020967572,0.00185,,UNIT_VALUE_CLD_HA,UNIT_VALUE_CLD_HA_2015_USD,15375.0,1.0026872751709517,0.0026800730771151526,19.667582536,0.05271055844667376
NO2_CLD,NO2,Hospital Admissions,Chronic Lung Disease,65,99,213,9,6,14.313176861298048,12.881859175168245,1.4313176861298036,9380,0.0020967572,0.00185,,UNIT_VALUE_CLD_HA,UNIT_VALUE_CLD_HA_2015_USD,15375.0,1.0026514466028411,0.002644435024578673,19.667582536,0.052009644106990244
NO2_CLD,NO2,Hospital Admissions,Chronic Lung Disease,65,99,254,9,7,13.786390966650416,12.407751869985374,1.3786390966650437,9380,0.0020967572,0.00185,,UNIT_VALUE_CLD_HA,UNIT_VALUE_CLD_HA_2015_USD,15375.0,1.00255373757578,0.00254723261214429,19.667582536,0.050097907637738706
NO2_CLD,NO2,Hospital Admissions,Chronic Lung Disease,65,99,295,9,8,14.54877495201531,13.093897456813778,1.454877495201531,6166,0.0020967572,0.00185,,UNIT_VALUE_CLD_HA,UNIT_VALUE_CLD_HA_2015_USD,15375.0,1.0026951487670255,0.0026879044646217487,12.9286048952,0.03475085481913867
NO2_CLD,NO2,Hospital Admissions,Chronic Lung Disease,65,99,91,10,3,14.221301673565824,12.79917150620924,1.422130167356583,537,0.0020967572,0.00185,,UNIT_VALUE_CLD_HA,UNIT_VALUE_CLD_HA_2015_USD,15375.0,1.0026344047715416,0.002627482918005297,1.1259586164,0.002958437030971879
NO2_CLD,NO2,Hospital Admissions,Chronic Lung Disease,65,99,132,10,4,14.457375794375452,13.011638214937909,1.4457375794375444,8779,0.0020967572,0.00185,,UNIT_VALUE_CLD_HA,UNIT_VALUE_CLD_HA_2015_USD,15375.0,1.0026781944943506,0.0026710409272450164,18.407431458799998,0.04916700279191223
NO2_CLD,NO2,Hospital Admissions,Chronic Lung Disease,65,99,173,10,5,14.474983700569984,13.027485330512985,1.4474983700569997,9380,0.0020967572,0.00185,,UNIT_VALUE_CLD_HA,UNIT_VALUE_CLD_HA_2015_USD,15375.0,1.0026814606864347,0.0026742896837835817,19.667582536,0.05259681308098694
NO2_CLD,NO2,Hospital Admissions,Chronic Lung Disease,65,99,214,10,6,14.00333279068847,12.602999511619624,1.4003332790688443,9380,0.0020967572,0.00185,,UNIT_VALUE_CLD_HA,UNIT_VALUE_CLD_HA_2015_USD,15375.0,1.0025939751129835,0.002587263815036489,19.667582536,0.05088522462463639
NO2_CLD,NO2,Hospital Admissions,Chronic Lung Disease,65,99,255,10,7,13.851712063738953,12.466540857365056,1.3851712063738937,9380,0.0020967572,0.00185,,UNIT_VALUE_CLD_HA,UNIT_VALUE_CLD_HA_2015_USD,15375.0,1.0025658529123387,0.0025592861604901707,19.667582536,0.05033497179468298
NO2_CLD,NO2,Hospital Admissions,Chronic Lung Disease,65,99,296,10,8,14.353180205824035,12.917862185241637,1.435318020582402,9345,0.0020967572,0.00185,,UNIT_VALUE_CLD_HA,UNIT_VALUE_CLD_HA_2015_USD,15375.0,1.002658866871381,0.0026518160455484274,19.594196034,0.05196020344258256
NO2_CLD,NO2,Hospital Admissions,Chronic Lung Disease,65,99,337,10,9,14.451706260400025,13.006535634360024,1.4451706260400012,1314,0.0020967572,0.00185,,UNIT_VALUE_CLD_HA,UNIT_VALUE_CLD_HA_2015_USD,15375.0,1.0026771428220553,0.0026699948644690608,2.7551389608,0.007356206876234625
NO2_CLD,NO2,Hospital Admissions,Chronic Lung Disease,65,99,133,11,4,14.13019366907388,12.717174302166493,1.41301936690739,7568,0.0020967572,0.00185,,UNIT_VALUE_CLD_HA,UNIT_VALUE_CLD_HA_2015_USD,15375.0,1.0026175055302873,0.002610672081675758,15.868258489599999,0.041426819423613044
NO2_CLD,NO2,Hospital Admissions,Chronic Lung Disease,65,99,174,11,5,14.517799158446284,13.066019242601657,1.451779915844627,9380,0.0020967572,0.00185,,UNIT_VALUE_CLD_HA,UNIT_VALUE_CLD_HA_2015_USD,15375.0,1.00268940281707,0.002682189329531237,19.667582536,0.05275218001573411
NO2_CLD,NO2,Hospital Admissions,Chronic Lung Disease,65,99,215,11,6,14.744613554219285,13.270152198797357,1.47446135542193,9380,0.0020967572,0.00185,,UNIT_VALUE_CLD_HA,UNIT_VALUE_CLD_HA_2015_USD,15375.0,1.0027314772121425,0.0027240365683310896,19.667582536,0.053575214038733915
NO2_CLD,NO2,Hospital Admissions,Chronic Lung Disease,65,99,256,11,7,14.039881224745864,12.635893102271275,1.403988122474587,9380,0.0020967572,0.00185,,UNIT_VALUE_CLD_HA,UNIT_VALUE_CLD_HA_2015_USD,15375.0,1.002600754135262,0.0025940077588560984,19.667582536,0.0510178616963267
NO2_CLD,NO2,Hospital Admissions,Chronic Lung Disease,65,99,297,11,8,14.38365324314934,12.945287918834406,1.438365324314935,9380,0.0020967572,0.00185,,UNIT_VALUE_CLD_HA,UNIT_VALUE_CLD_HA_2015_USD,15375.0,1.0026645193886128,0.002657438591960548,19.667582536,0.05226539284173571
NO2_CLD,NO2,Hospital Admissions,Chronic Lung Disease,65,99,338,11,9,14.24227126952044,12.818044142568397,1.4242271269520437,7894,0.0020967572,0.00185,,UNIT_VALUE_CLD_HA,UNIT_VALUE_CLD_HA_2015_USD,15375.0,1.0026382943741825,0.0026313520927596645,16.5518013368,0.043553617086530896
NO2_CLD,NO2,Hospital Admissions,Chronic Lung Disease,65,99,379,11,10,14.042352764251609,12.638117487826449,1.4042352764251618,5837,0.0020967572,0.00185,,UNIT_VALUE_CLD_HA,UNIT_VALUE_CLD_HA_2015_USD,15375.0,1.0026012125593304,0.002594463807489733,12.2387717764,0.03175305042199663
NO2_CLD,NO2,Hospital Admissions,Chronic Lung Disease,65,99,420,11,11,14.138928569771394,12.725035712794256,1.4138928569771387,4864,0.0020967572,0.00185,,UNIT_VALUE_CLD_HA,UNIT_VALUE_CLD_HA_2015_USD,15375.0,1.0026191257180008,0.0026122838182697228,10.1986270208,0.02664170833500419
NO2_CLD,NO2,Hospital Admissions,Chronic Lung Disease,65,99,461,11,12,14.42214030495052,12.979926274455469,1.4422140304950517,2433,0.0020967572,0.00185,,UNIT_VALUE_CLD_HA,UNIT_VALUE_CLD_HA_2015_USD,15375.0,1.0026716584921234,0.002664539751867645,5.1014102675999995,0.01359291044860596
NO2_CLD,NO2,Hospital Admissions,Chronic Lung Disease,65,99,134,12,4,14.070428166810249,12.663385350129223,1.4070428166810238,6970,0.0020967572,0.00185,,UNIT_VALUE_CLD_HA,UNIT_VALUE_CLD_HA_2015_USD,15375.0,1.0026064200328941,0.0025996442679956377,14.614397684,0.037992235169419325
NO2_CLD,NO2,Hospital Admissions,Chronic Lung Disease,65,99,175,12,5,14.419176779218576,12.977259101296715,1.4419176779218592,9380,0.0020967572,0.00185,,UNIT_VALUE_CLD_HA,UNIT_VALUE_CLD_HA_2015_USD,15375.0,1.0026711087752707,0.00266399296029729,19.667582536,0.05239430142196993
NO2_CLD,NO2,Hospital Admissions,Chronic Lung Disease,65,99,216,12,6,14.603945969202671,13.143551372282404,1.460394596920267,9380,0.0020967572,0.00185,,UNIT_VALUE_CLD_HA,UNIT_VALUE_CLD_HA_2015_USD,15375.0,1.0027053829658417,0.0026980836163854605,19.667582536,0.05306478221429041
NO2_CLD,NO2,Hospital Admissions,Chronic Lung Disease,65,99,257,12,7,13.946329554999368,12.55169659949943,1.3946329554999384,9380,0.0020967572,0.00185,,UNIT_VALUE_CLD_HA,UNIT_VALUE_CLD_HA_2015_USD,15375.0,1.0025834022151094,0.0025767454452185756,19.667582536,0.0506783537180984
NO2_CLD,NO2,Hospital Admissions,Chronic Lung Disease,65,99,298,12,8,14.83771484404525,13.353943359640724,1.4837714844045244,9380,0.0020967572,0.00185,,UNIT_VALUE_CLD_HA,UNIT_VALUE_CLD_HA_2015_USD,15375.0,1.0027487481457444,0.0027412132409313505,19.667582536,0.05391303766479339
NO2_CLD,NO2,Hospital Admissions,Chronic Lung Disease,65,99,339,12,9,14.273825371531894,12.846442834378704,1.4273825371531892,9380,0.0020967572,0.00185,,UNIT_VALUE_CLD_HA,UNIT_VALUE_CLD_HA_2015_USD,15375.0,1.0026441473012047,0.0026371742240972607,19.667582536,0.05186684171424464
NO2_CLD,NO2,Hospital Admissions,Chronic Lung Disease,65,99,380,12,10,14.428223250971032,12.98540092587393,1.4428223250971026,9380,0.0020967572,0.00185,,UNIT_VALUE_CLD_HA,UNIT_VALUE_CLD_HA_2015_USD,15375.0,1.0026727868443095,0.0026656620977233425,19.667582536,0.05242712932006074
NO2_CLD,NO2,Hospital Admissions,Chronic Lung Disease,65,99,421,12,11,14.120036269732214,12.708032642758992,1.412003626973222,9380,0.0020967572,0.00185,,UNIT_VALUE_CLD_HA,UNIT_VALUE_CLD_HA_2015_USD,15375.0,1.0026156214945752,0.0026087978667997946,19.667582536,0.0513087473650257
NO2_CLD,NO2,Hospital Admissions,Chronic Lung Disease,65,99,462,12,12,14.434973522912104,12.991476170620894,1.4434973522912102,7924,0.0020967572,0.00185,,UNIT_VALUE_CLD_HA,UNIT_VALUE_CLD_HA_2015_USD,15375.0,1.0026740389831774,0.0026669075683751764,16.6147040528,0.04430987998472604
NO2_CLD,NO2,Hospital Admissions,Chronic Lung Disease,65,99,503,12,13,14.165680835818533,12.74911275223668,1.4165680835818524,12,0.0020967572,0.00185,,UNIT_VALUE_CLD_HA,UNIT_VALUE_CLD_HA_2015_USD,15375.0,1.0026240878619952,0.0026172200466385576,0.025161086399999998,6.585209972128477e-05
NO2_CLD,NO2,Hospital Admissions,Chronic Lung Disease,65,99,135,13,4,14.196828290629218,12.777145461566295,1.419682829062921,2916,0.0020967572,0.00185,,UNIT_VALUE_CLD_HA,UNIT_VALUE_CLD_HA_2015_USD,15375.0,1.0026298652785075,0.002622967228067652,6.1141439952,0.016037199327096224
NO2_CLD,NO2,Hospital Admissions,Chronic Lung Disease,65,99,176,13,5,14.43721399831799,12.993492598486192,1.443721399831798,9380,0.0020967572,0.00185,,UNIT_VALUE_CLD_HA,UNIT_VALUE_CLD_HA_2015_USD,15375.0,1.0026744545795707,0.0026673209508385476,19.667582536,0.052459754950619136
NO2_CLD,NO2,Hospital Admissions,Chronic Lung Disease,65,99,217,13,6,14.28766927407662,12.85890234666896,1.428766927407661,9380,0.0020967572,0.00185,,UNIT_VALUE_CLD_HA,UNIT_VALUE_CLD_HA_2015_USD,15375.0,1.0026467151984475,0.002639728588672119,19.667582536,0.051917079890347696
NO2_CLD,NO2,Hospital Admissions,Chronic Lung Disease,65,99,258,13,7,14.297736831801217,12.867963148621094,1.429773683180121,9380,0.0020967572,0.00185,,UNIT_VALUE_CLD_HA,UNIT_VALUE_CLD_HA_2015_USD,15375.0,1.002648582627868,0.0026415861686316378,19.667582536,0.05195361399751875
NO2_CLD,NO2,Hospital Admissions,Chronic Lung Disease,65,99,299,13,8,14.200896034253718,12.780806430828346,1.4200896034253727,9380,0.0020967572,0.00185,,UNIT_VALUE_CLD_HA,UNIT_VALUE_CLD_HA_2015_USD,15375.0,1.0026306197904211,0.0026237177864875116,19.667582536,0.05160218611691436
NO2_CLD,NO2,Hospital Admissions,Chronic Lung Disease,65,99,340,13,9,14.441067006662523,12.996960305996272,1.4441067006662518,9380,0.0020967572,0.00185,,UNIT_VALUE_CLD_HA,UNIT_VALUE_CLD_HA_2015_USD,15375.0,1.0026751692927378,0.0026680318558450766,19.667582536,0.0524737367335103
NO2_CLD,NO2,Hospital Admissions,Chronic Lung Disease,65,99,381,13,10,14.420360278122226,12.978324250310006,1.44203602781222,9380,0.0020967572,0.00185,,UNIT_VALUE_CLD_HA,UNIT_VALUE_CLD_HA_2015_USD,15375.0,1.002671328307424,0.002664211324296506,19.667582536,0.0523985961139474
NO2_CLD,NO2,Hospital Admissions,Chronic Lung Disease,65,99,422,13,11,14.61368448519844,13.152316036678595,1.4613684485198437,9380,0.0020967572,0.00185,,UNIT_VALUE_CLD_HA,UNIT_VALUE_CLD_HA_2015_USD,15375.0,1.002707189467015,0.0026998803792900317,19.667582536,0.053100120197013684
NO2_CLD,NO2,Hospital Admissions,Chronic Lung Disease,65,99,463,13,12,14.202574057906018,12.782316652115416,1.4202574057906023,8501,0.0020967572,0.00185,,UNIT_VALUE_CLD_HA,UNIT_VALUE_CLD_HA_2015_USD,15375.0,1.0026309310414798,0.0026240274063229485,17.8245329572,0.046772062984599426
NO2_CLD,NO2,Hospital Admissions,Chronic Lung Disease,65,99,504,13,13,14.33103092874169,12.897927835867522,1.433103092874168,62,0.0020967572,0.00185,,UNIT_VALUE_CLD_HA,UNIT_VALUE_CLD_HA_2015_USD,15375.0,1.0026547583685221,0.002647729287039824,0.1299989464,0.0003442020176676003
NO2_CLD,NO2,Hospital Admissions,Chronic Lung Disease,65,99,136,14,4,14.32413122379342,12.891718101414078,1.4324131223793408,629,0.0020967572,0.00185,,UNIT_VALUE_CLD_HA,UNIT_VALUE_CLD_HA_2015_USD,15375.0,1.0026534785352694,0.0026464562204937536,1.3188602788,0.003490305988792386
NO2_CLD,NO2,Hospital Admissions,Chronic Lung Disease,65,99,177,14,5,14.358521540396213,12.922669386356592,1.4358521540396207,8935,0.0020967572,0.00185,,UNIT_VALUE_CLD_HA,UNIT_VALUE_CLD_HA_2015_USD,15375.0,1.0026598576461174,0.0026528015715736597,18.734525582,0.04969897890661653
NO2_CLD,NO2,Hospital Admissions,Chronic Lung Disease,65,99,218,14,6,14.32137367490897,12.889236307418072,1.432137367490899,8126,0.0020967572,0.00185,,UNIT_VALUE_CLD_HA,UNIT_VALUE_CLD_HA_2015_USD,15375.0,1.0026529670351934,0.002645947423900896,17.0382490072,0.04508231106838285
NO2_CLD,NO2,Hospital Admissions,Chronic Lung Disease,65,99,259,14,7,14.140810381882863,12.72672934369458,1.4140810381882858,4854,0.0020967572,0.00185,,UNIT_VALUE_CLD_HA,UNIT_VALUE_CLD_HA_2015_USD,15375.0,1.0026194747651123,0.0026126310440217626,10.1776594488,0.026590469031416302
NO2_CLD,NO2,Hospital Admissions,Chronic Lung Disease,65,99,300,14,8,14.22139682603271,12.79925714342944,1.4221396826032695,6904,0.0020967572,0.00185,,UNIT_VALUE_CLD_HA,UNIT_VALUE_CLD_HA_2015_USD,15375.0,1.002634422421122,0.00262750047495941,14.4760117088,0.03803572764038998
NO2_CLD,NO2,Hospital Admissions,Chronic Lung Disease,65,99,341,14,9,14.53295291012053,13.079657619108476,1.4532952910120525,9380,0.0020967572,0.00185,,UNIT_VALUE_CLD_HA,UNIT_VALUE_CLD_HA_2015_USD,15375.0,1.0026922138046603,0.0026849852503041394,19.667582536,0.05280716901829929
NO2_CLD,NO2,Hospital Admissions,Chronic Lung Disease,65,99,382,14,10,14.108278417463652,12.697450575717289,1.4108278417463644,9380,0.0020967572,0.00185,,UNIT_VALUE_CLD_HA,UNIT_VALUE_CLD_HA_2015_USD,15375.0,1.0026134406047706,0.0026066283364346576,19.667582536,0.051266077947505005
NO2_CLD,NO2,Hospital Admissions,Chronic Lung Disease,65,99,423,14,11,14.272892498516622,12.84560324866496,1.4272892498516612,9380,0.0020967572,0.00185,,UNIT_VALUE_CLD_HA,UNIT_VALUE_CLD_HA_2015_USD,15375.0,1.0026439742633808,0.0026370020977021236,19.667582536,0.05186345640416166
NO2_CLD,NO2,Hospital Admissions,Chronic Lung Disease,65,99,464,14,12,14.327973301496336,12.895175971346704,1.4327973301496346,8783,0.0020967572,0.00185,,UNIT_VALUE_CLD_HA,UNIT_VALUE_CLD_HA_2015_USD,15375.0,1.0026541912059488,0.002647165123557227,18.4158184876,0.04874971242213511
NO2_CLD,NO2,Hospital Admissions,Chronic Lung Disease,65,99,505,14,13,14.504621774970811,13.054159597473731,1.45046217749708,3191,0.0020967572,0.00185,,UNIT_VALUE_CLD_HA,UNIT_VALUE_CLD_HA_2015_USD,15375.0,1.0026869584478375,0.002679758049308756,6.6907522252,0.01792959713141017
NO2_CLD,NO2,Hospital Admissions,Chronic Lung Disease,65,99,546,14,14,14.179333551568366,12.761400196411527,1.417933355156837,3,0.0020967572,0.00185,,UNIT_VALUE_CLD_HA,UNIT_VALUE_CLD_HA_2015_USD,15375.0,1.0026266202454033,0.0026197391854211327,0.006290271599999999,1.6478870997461683e-05
NO2_CLD,NO2,Hospital Admissions,Chronic Lung Disease,65,99,178,15,5,13.992112609031755,12.592901348128583,1.399211260903174,3436,0.0020967572,0.00185,,UNIT_VALUE_CLD_HA,UNIT_VALUE_CLD_HA_2015_USD,15375.0,1.0025918939971357,0.0025851934497517215,7.2044577391999995,0.018624916956392935
NO2_CLD,NO2,Hospital Admissions,Chronic Lung Disease,65,99,219,15,6,14.496806018633896,13.047125416770507,1.4496806018633883,537,0.0020967572,0.00185,,UNIT_VALUE_CLD_HA,UNIT_VALUE_CLD_HA_2015_USD,15375.0,1.00268550864885,0.002678316008046022,1.1259586164,0.00301567298670147
NO2_CLD,NO2,Hospital Admissions,Chronic Lung Disease,65,99,301,15,8,14.148079284739936,12.733271356265943,1.4148079284739945,3775,0.0020967572,0.00185,,UNIT_VALUE_CLD_HA,UNIT_VALUE_CLD_HA_2015_USD,15375.0,1.0026208230355782,0.0026139722768206974,7.91525843,0.02069026609989132
NO2_CLD,NO2,Hospital Admissions,Chronic Lung Disease,65,99,342,15,9,14.225167481564846,12.80265073340836,1.4225167481564842,9380,0.0020967572,0.00185,,UNIT_VALUE_CLD_HA,UNIT_VALUE_CLD_HA_2015_USD,15375.0,1.0026351218303369,0.00262819621312127,19.667582536,0.05169026594236523
NO2_CLD,NO2,Hospital Admissions,Chronic Lung Disease,65,99,383,15,10,14.23561881441528,12.812056932973752,1.423561881441529,9380,0.0020967572,0.00185,,UNIT_VALUE_CLD_HA,UNIT_VALUE_CLD_HA_2015_USD,15375.0,1.0026370604237875,0.002630124626226027,19.667582536,0.05172819316626654
NO2_CLD,NO2,Hospital Admissions,Chronic Lung Disease,65,99,424,15,11,14.179378364808978,12.76144052832808,1.4179378364808972,9380,0.0020967572,0.00185,,UNIT_VALUE_CLD_HA,UNIT_VALUE_CLD_HA_2015_USD,15375.0,1.0026266285576286,0.002619747454151833,19.667582536,0.05152409927800705
NO2_CLD,NO2,Hospital Admissions,Chronic Lung Disease,65,99,465,15,12,13.842929710317216,12.458636739285494,1.3842929710317229,9379,0.0020967572,0.00185,,UNIT_VALUE_CLD_HA,UNIT_VALUE_CLD_HA_2015_USD,15375.0,1.0025642240094468,0.002557665581953472,19.6654857788,0.05029773612883223
NO2_CLD,NO2,Hospital Admissions,Chronic Lung Disease,65,99,506,15,13,14.275958061904392,12.848362255713951,1.427595806190439,7589,0.0020967572,0.00185,,UNIT_VALUE_CLD_HA,UNIT_VALUE_CLD_HA_2015_USD,15375.0,1.002644542892244,0.002637567731247459,15.912290390799999,0.04196974366501309
NO2_CLD,NO2,Hospital Admissions,Chronic Lung Disease,65,99,547,15,14,14.13715180686497,12.723436626178474,1.4137151806864967,544,0.0020967572,0.00185,,UNIT_VALUE_CLD_HA,UNIT_VALUE_CLD_HA_2015_USD,15375.0,1.0026187961560078,0.002611955975738822,1.1406359168,0.00297929079902809
NO2_CLD,NO2,Hospital Admissions,Chronic Lung Disease,65,99,302,16,8,14.114863759260006,12.703377383334006,1.4114863759259997,3437,0.0020967572,0.00185,,UNIT_VALUE_CLD_HA,UNIT_VALUE_CLD_HA_2015_USD,15375.0,1.0026146620776708,0.0026078434483021162,7.2065544964,0.018793565928268897
NO2_CLD,NO2,Hospital Admissions,Chronic Lung Disease,65,99,343,16,9,14.35470836616389,12.919237529547502,1.435470836616389,9380,0.0020967572,0.00185,,UNIT_VALUE_CLD_HA,UNIT_VALUE_CLD_HA_2015_USD,15375.0,1.0026591503327713,0.002652098005477499,19.667582536,0.052160356416289695
NO2_CLD,NO2,Hospital Admissions,Chronic Lung Disease,65,99,384,16,10,14.18009909558287,12.762089186024584,1.418009909558286,9380,0.0020967572,0.00185,,UNIT_VALUE_CLD_HA,UNIT_VALUE_CLD_HA_2015_USD,15375.0,1.0026267622430527,0.0026198804400315856,19.667582536,0.051526714788773215
NO2_CLD,NO2,Hospital Admissions,Chronic Lung Disease,65,99,425,16,11,14.203667480338062,12.783300732304255,1.4203667480338051,9380,0.0020967572,0.00185,,UNIT_VALUE_CLD_HA,UNIT_VALUE_CLD_HA_2015_USD,15375.0,1.0026311338568434,0.0026242291586558997,19.667582536,0.05161224357124275
NO2_CLD,NO2,Hospital Admissions,Chronic Lung Disease,65,99,466,16,12,14.229958708402345,12.806962837562113,1.4229958708402322,9379,0.0020967572,0.00185,,UNIT_VALUE_CLD_HA,UNIT_VALUE_CLD_HA_2015_USD,15375.0,1.0026360105434071,0.0026290802601218743,19.6654857788,0.05170214046675053
NO2_CLD,NO2,Hospital Admissions,Chronic Lung Disease,65,99,507,16,13,14.569492741494292,13.112543467344862,1.45694927414943,3876,0.0020967572,0.00185,,UNIT_VALUE_CLD_HA,UNIT_VALUE_CLD_HA_2015_USD,15375.0,1.0026989918953861,0.0026917269461738114,8.1270309072,0.021875748085297637
NO2_CLD,NO2,Hospital Admissions,Chronic Lung Disease,65,99,303,17,8,14.40108746155277,12.960978715397491,1.4401087461552784,2651,0.0020967572,0.00185,,UNIT_VALUE_CLD_HA,UNIT_VALUE_CLD_HA_2015_USD,15375.0,1.0026677533181882,0.0026606553460600812,5.5585033371999995,0.01478926162021398
NO2_CLD,NO2,Hospital Admissions,Chronic Lung Disease,65,99,344,17,9,14.114186227090212,12.70276760438119,1.4114186227090215,9380,0.0020967572,0.00185,,UNIT_VALUE_CLD_HA,UNIT_VALUE_CLD_HA_2015_USD,15375.0,1.0026145364064967,0.0026077184317190305,19.667582536,0.05128751748648252
NO2_CLD,NO2,Hospital Admissions,Chronic Lung Disease,65,99,385,17,10,14.138434359262552,12.724590923336295,1.413843435926255,9380,0.0020967572,0.00185,,UNIT_VALUE_CLD_HA,UNIT_VALUE_CLD_HA_2015_USD,15375.0,1.002619034049597,0.002612192628159704,19.667582536,0.05137551411426174
NO2_CLD,NO2,Hospital Admissions,Chronic Lung Disease,65,99,426,17,11,14.179311139534668,12.7613800255812,1.4179311139534665,9380,0.0020967572,0.00185,,UNIT_VALUE_CLD_HA,UNIT_VALUE_CLD_HA_2015_USD,15375.0,1.0026266160882864,0.0026197350500568595,19.667582536,0.05152385531944538
NO2_CLD,NO2,Hospital Admissions,Chronic Lung Disease,65,99,467,17,12,14.228188764847506,12.805369888362751,1.4228188764847527,9379,0.0020967572,0.00185,,UNIT_VALUE_CLD_HA,UNIT_VALUE_CLD_HA_2015_USD,15375.0,1.002635682240769,0.0026287536813756063,19.6654857788,0.051695718137060136
NO2_CLD,NO2,Hospital Admissions,Chronic Lung Disease,65,99,508,17,13,14.27807081215918,12.85026373094326,1.427807081215919,3406,0.0020967572,0.00185,,UNIT_VALUE_CLD_HA,UNIT_VALUE_CLD_HA_2015_USD,15375.0,1.0026449347847606,0.002637957559051829,7.1415550232,0.018839119056835
NO2_CLD,NO2,Hospital Admissions,Chronic Lung Disease,65,99,304,18,8,14.270502007909949,12.843451807118951,1.4270502007909958,870,0.0020967572,0.00185,,UNIT_VALUE_CLD_HA,UNIT_VALUE_CLD_HA_2015_USD,15375.0,1.0026435308534436,0.0026365610230321135,1.824178764,0.004809558628205296
NO2_CLD,NO2,Hospital Admissions,Chronic Lung Disease,65,99,345,18,9,14.220569657611351,12.79851269185022,1.4220569657611346,9159,0.0020967572,0.00185,,UNIT_VALUE_CLD_HA,UNIT_VALUE_CLD_HA_2015_USD,15375.0,1.0026342689918404,0.0026273478508660464,19.2041991948,0.05045611148206124
NO2_CLD,NO2,Hospital Admissions,Chronic Lung Disease,65,99,386,18,10,14.121708219430726,12.709537397487653,1.4121708219430733,9380,0.0020967572,0.00185,,UNIT_VALUE_CLD_HA,UNIT_VALUE_CLD_HA_2015_USD,15375.0,1.002615931614357,0.0026091063705172557,19.667582536,0.051314814887351526
NO2_CLD,NO2,Hospital Admissions,Chronic Lung Disease,65,99,427,18,11,14.436175398727253,12.992557858854529,1.443617539872724,9380,0.0020967572,0.00185,,UNIT_VALUE_CLD_HA,UNIT_VALUE_CLD_HA_2015_USD,15375.0,1.0026742619247928,0.0026671293223973214,19.667582536,0.052455986082435076
NO2_CLD,NO2,Hospital Admissions,Chronic Lung Disease,65,99,468,18,12,13.76836113388415,12.391525020495733,1.3768361133884175,6428,0.0020967572,0.00185,,UNIT_VALUE_CLD_HA,UNIT_VALUE_CLD_HA_2015_USD,15375.0,1.002550393544255,0.0025439055838767377,13.4779552816,0.03428664570010321
NO2_CLD,NO2,Hospital Admissions,Chronic Lung Disease,65,99,509,18,13,14.505022905858132,13.05452061527232,1.4505022905858134,45,0.0020967572,0.00185,,UNIT_VALUE_CLD_HA,UNIT_VALUE_CLD_HA_2015_USD,15375.0,1.0026870328564514,0.0026798320596573832,0.094354074,0.00025285307246448514
NO2_CLD,NO2,Hospital Admissions,Chronic Lung Disease,65,99,346,19,9,14.390398925612924,12.95135903305163,1.4390398925612915,3601,0.0020967572,0.00185,,UNIT_VALUE_CLD_HA,UNIT_VALUE_CLD_HA_2015_USD,15375.0,1.0026657706658397,0.0026586832260858673,7.550422677199999,0.020074182121729987
NO2_CLD,NO2,Hospital Admissions,Chronic Lung Disease,65,99,387,19,10,14.047344890226224,12.642610401203603,1.404734489022621,9371,0.0020967572,0.00185,,UNIT_VALUE_CLD_HA,UNIT_VALUE_CLD_HA_2015_USD,15375.0,1.0026021385053958,0.0025953849542700302,19.648711721199998,0.05099597077199167
NO2_CLD,NO2,Hospital Admissions,Chronic Lung Disease,65,99,428,19,11,14.521839300588256,13.06965537052943,1.4521839300588244,9380,0.0020967572,0.00185,,UNIT_VALUE_CLD_HA,UNIT_VALUE_CLD_HA_2015_USD,15375.0,1.0026901522537768,0.002682934750810162,19.667582536,0.05276684065026146
NO2_CLD,NO2,Hospital Admissions,Chronic Lung Disease,65,99,469,19,12,14.232726642959872,12.809453978663884,1.423272664295986,3998,0.0020967572,0.00185,,UNIT_VALUE_CLD_HA,UNIT_VALUE_CLD_HA_2015_USD,15375.0,1.002636523961248,0.0026295909816166363,8.3828352856,0.02204342806739148
NO2_CLD,NO2,Hospital Admissions,Chronic Lung Disease,65,99,347,20,9,14.471987616908716,13.024788855217846,1.4471987616908706,227,0.0020967572,0.00185,,UNIT_VALUE_CLD_HA,UNIT_VALUE_CLD_HA_2015_USD,15375.0,1.0026809049248435,0.0026737368904462544,0.4759638844,0.0012726021962403764
NO2_CLD,NO2,Hospital Admissions,Chronic Lung Disease,65,99,388,20,10,14.227033999383828,12.804330599445445,1.4227033999383831,9205,0.0020967572,0.00185,,UNIT_VALUE_CLD_HA,UNIT_VALUE_CLD_HA_2015_USD,15375.0,1.002635468046116,0.0026285406113270016,19.300650026,0.05073254241835055
NO2_CLD,NO2,Hospital Admissions,Chronic Lung Disease,65,99,429,20,11,13.875222452550307,12.487700207295278,1.387522245255029,9380,0.0020967572,0.00185,,UNIT_VALUE_CLD_HA,UNIT_VALUE_CLD_HA_2015_USD,15375.0,1.0025702135037287,0.0025636244415704335,19.667582536,0.05042029529589341
NO2_CLD,NO2,Hospital Admissions,Chronic Lung Disease,65,99,470,20,12,14.566705360942432,13.110034824848189,1.4566705360942436,1575,0.0020967572,0.00185,,UNIT_VALUE_CLD_HA,UNIT_VALUE_CLD_HA_2015_USD,15375.0,1.0026984748383405,0.0026912126686695625,3.3023925899999997,0.008887440775128487
NO2_CLD,NO2,Hospital Admissions,Chronic Lung Disease,65,99,348,21,9,14.33581075294516,12.902229677650643,1.4335810752945155,3432,0.0020967572,0.00185,,UNIT_VALUE_CLD_HA,UNIT_VALUE_CLD_HA_2015_USD,15375.0,1.0026556449839084,0.002648611212826668,7.1960707104,0.019059593571859008
NO2_CLD,NO2,Hospital Admissions,Chronic Lung Disease,65,99,389,21,10,14.092076385626044,12.68286874706344,1.409207638562604,9380,0.0020967572,0.00185,,UNIT_VALUE_CLD_HA,UNIT_VALUE_CLD_HA_2015_USD,15375.0,1.0026104353999206,0.0026036387691091845,19.667582536,0.051207280385384336
NO2_CLD,NO2,Hospital Admissions,Chronic Lung Disease,65,99,430,21,11,14.325375506975147,12.892837956277631,1.4325375506975142,9380,0.0020967572,0.00185,,UNIT_VALUE_CLD_HA,UNIT_VALUE_CLD_HA_2015_USD,15375.0,1.002653709338495,0.0026466858036618968,19.667582536,0.05205391149037985
NO2_CLD,NO2,Hospital Admissions,Chronic Lung Disease,65,99,471,21,12,14.095358597743193,12.685822737968872,1.4095358597743193,5971,0.0020967572,0.00185,,UNIT_VALUE_CLD_HA,UNIT_VALUE_CLD_HA_2015_USD,15375.0,1.0026110441944276,0.0026042443972134066,12.5197372412,0.03260445556497913
NO2_CLD,NO2,Hospital Admissions,Chronic Lung Disease,65,99,349,22,9,14.334249414404796,12.900824472964318,1.433424941440478,3186,0.0020967572,0.00185,,UNIT_VALUE_CLD_HA,UNIT_VALUE_CLD_HA_2015_USD,15375.0,1.0026553553692434,0.0026483231302001364,6.6802684392,0.017691509423479322
NO2_CLD,NO2,Hospital Admissions,Chronic Lung Disease,65,99,390,22,10,14.167711164576476,12.750940048118828,1.4167711164576478,9380,0.0020967572,0.00185,,UNIT_VALUE_CLD_HA,UNIT_VALUE_CLD_HA_2015_USD,15375.0,1.0026244644585218,0.002617594674332313,19.667582536,0.05148175930322481
NO2_CLD,NO2,Hospital Admissions,Chronic Lung Disease,65,99,431,22,11,13.82914694520684,12.446232250686156,1.382914694520684,9380,0.0020967572,0.00185,,UNIT_VALUE_CLD_HA,UNIT_VALUE_CLD_HA_2015_USD,15375.0,1.0025616676628726,0.0025551222887307823,19.667582536,0.05025307850318589
NO2_CLD,NO2,Hospital Admissions,Chronic Lung Disease,65,99,472,22,12,14.016620529432489,12.614958476489242,1.4016620529432462,9252,0.0020967572,0.00185,,UNIT_VALUE_CLD_HA,UNIT_VALUE_CLD_HA_2015_USD,15375.0,1.0025964397242721,0.0025897156835966717,19.3991976144,0.05023840631120281
NO2_CLD,NO2,Hospital Admissions,Chronic Lung Disease,65,99,513,22,13,14.279714806470349,12.851743325823316,1.4279714806470327,3157,0.0020967572,0.00185,,UNIT_VALUE_CLD_HA,UNIT_VALUE_CLD_HA_2015_USD,15375.0,1.0026452397281822,0.0026382608956476705,6.6194624804,0.017463869012246256
NO2_CLD,NO2,Hospital Admissions,Chronic Lung Disease,65,99,350,23,9,14.605591911106965,13.145032719996268,1.4605591911106952,4386,0.0020967572,0.00185,,UNIT_VALUE_CLD_HA,UNIT_VALUE_CLD_HA_2015_USD,15375.0,1.0027056882889276,0.0026983872940271603,9.1963770792,0.024815387061595886
NO2_CLD,NO2,Hospital Admissions,Chronic Lung Disease,65,99,391,23,10,14.071982031223513,12.66478382810116,1.407198203122352,9380,0.0020967572,0.00185,,UNIT_VALUE_CLD_HA,UNIT_VALUE_CLD_HA_2015_USD,15375.0,1.0026067082471064,0.002599930985564325,19.667582536,0.05113435724649019
NO2_CLD,NO2,Hospital Admissions,Chronic Lung Disease,65,99,432,23,11,14.303107358406514,12.872796622565865,1.430310735840651,9380,0.0020967572,0.00185,,UNIT_VALUE_CLD_HA,UNIT_VALUE_CLD_HA_2015_USD,15375.0,1.0026495788072771,0.002642577091020226,19.667582536,0.051973103045383086
NO2_CLD,NO2,Hospital Admissions,Chronic Lung Disease,65,99,473,23,12,14.55414449766113,13.098730047895016,1.4554144497661134,9380,0.0020967572,0.00185,,UNIT_VALUE_CLD_HA,UNIT_VALUE_CLD_HA_2015_USD,15375.0,1.0026961448107337,0.00268889516000137,19.667582536,0.05288406748997787
NO2_CLD,NO2,Hospital Admissions,Chronic Lung Disease,65,99,514,23,13,14.497032562376926,13.047329306139234,1.449703256237692,8374,0.0020967572,0.00185,,UNIT_VALUE_CLD_HA,UNIT_VALUE_CLD_HA_2015_USD,15375.0,1.0026855506719945,0.00267835780638781,17.5582447928,0.047027262007263995
NO2_CLD,NO2,Hospital Admissions,Chronic Lung Disease,65,99,555,23,14,13.985906202445896,12.587315582201306,1.3985906202445886,86,0.0020967572,0.00185,,UNIT_VALUE_CLD_HA,UNIT_VALUE_CLD_HA_2015_USD,15375.0,1.0025907428366037,0.0025840482321567437,0.1803211192,0.0004659584692892854
NO2_CLD,NO2,Hospital Admissions,Chronic Lung Disease,65,99,351,24,9,14.030592734346488,12.62753346091184,1.403059273434648,3394,0.0020967572,0.00185,,UNIT_VALUE_CLD_HA,UNIT_VALUE_CLD_HA_2015_USD,15375.0,1.0025990312969584,0.0025922938441266252,7.1163939368,0.01844778419474668
NO2_CLD,NO2,Hospital Admissions,Chronic Lung Disease,65,99,392,24,10,14.228580854888651,12.805722769399786,1.4228580854888655,9380,0.0020967572,0.00185,,UNIT_VALUE_CLD_HA,UNIT_VALUE_CLD_HA_2015_USD,15375.0,1.002635754968613,0.0026288260273495956,19.667582536,0.051702652865683166
NO2_CLD,NO2,Hospital Admissions,Chronic Lung Disease,65,99,433,24,11,14.091095022882367,12.681985520594134,1.409109502288235,9380,0.0020967572,0.00185,,UNIT_VALUE_CLD_HA,UNIT_VALUE_CLD_HA_2015_USD,15375.0,1.0026102533738996,0.0026034576896812878,19.667582536,0.051203718990790605
NO2_CLD,NO2,Hospital Admissions,Chronic Lung Disease,65,99,474,24,12,13.971596915256166,12.57443722373055,1.3971596915256157,9379,0.0020967572,0.00185,,UNIT_VALUE_CLD_HA,UNIT_VALUE_CLD_HA_2015_USD,15375.0,1.002588088763725,0.0025814078510711935,19.6654857788,0.050764639384523226
NO2_CLD,NO2,Hospital Admissions,Chronic Lung Disease,65,99,515,24,13,14.223574149547972,12.801216734593174,1.4223574149547975,8986,0.0020967572,0.00185,,UNIT_VALUE_CLD_HA,UNIT_VALUE_CLD_HA_2015_USD,15375.0,1.002634826287212,0.002627902221358891,18.8414601992,0.04951351511112281
NO2_CLD,NO2,Hospital Admissions,Chronic Lung Disease,65,99,556,24,14,14.3165377526261,12.884883977363492,1.4316537752626068,695,0.0020967572,0.00185,,UNIT_VALUE_CLD_HA,UNIT_VALUE_CLD_HA_2015_USD,15375.0,1.002652070016507,0.0026450551450647453,1.457246254,0.0038544967017690264
NO2_CLD,NO2,Hospital Admissions,Chronic Lung Disease,65,99,352,25,9,14.554681198482095,13.099213078633886,1.4554681198482091,1255,0.0020967572,0.00185,,UNIT_VALUE_CLD_HA,UNIT_VALUE_CLD_HA_2015_USD,15375.0,1.0026962443680898,0.00268899418266888,2.631430286,0.007075900731152707
NO2_CLD,NO2,Hospital Admissions,Chronic Lung Disease,65,99,393,25,10,14.34499256414503,12.910493307730528,1.4344992564145027,9380,0.0020967572,0.00185,,UNIT_VALUE_CLD_HA,UNIT_VALUE_CLD_HA_2015_USD,15375.0,1.0026573481313985,0.002650305347435822,19.667582536,0.052125099166296186
NO2_CLD,NO2,Hospital Admissions,Chronic Lung Disease,65,99,434,25,11,13.876326046438656,12.48869344179479,1.3876326046438656,9380,0.0020967572,0.00185,,UNIT_VALUE_CLD_HA,UNIT_VALUE_CLD_HA_2015_USD,15375.0,1.0025704181933661,0.002563828083016917,19.667582536,0.050424300430849875
NO2_CLD,NO2,Hospital Admissions,Chronic Lung Disease,65,99,475,25,12,14.06818374511835,12.661365370606516,1.4068183745118343,9380,0.0020967572,0.00185,,UNIT_VALUE_CLD_HA,UNIT_VALUE_CLD_HA_2015_USD,15375.0,1.0026060037327351,0.0025992301293157327,19.667582536,0.05112057309837513
NO2_CLD,NO2,Hospital Admissions,Chronic Lung Disease,65,99,516,25,13,14.581379296854838,13.123241367169356,1.458137929685483,4255,0.0020967572,0.00185,,UNIT_VALUE_CLD_HA,UNIT_VALUE_CLD_HA_2015_USD,15375.0,1.0027011968456696,0.0026939200373622407,8.921701886,0.024034351478067893
NO2_CLD,NO2,Hospital Admissions,Chronic Lung Disease,65,99,353,26,9,14.477699845815035,13.029929861233532,1.4477699845815035,3,0.0020967572,0.00185,,UNIT_VALUE_CLD_HA,UNIT_VALUE_CLD_HA_2015_USD,15375.0,1.0026819645208305,0.0026747908267326093,0.006290271599999999,1.6825160773336653e-05
NO2_CLD,NO2,Hospital Admissions,Chronic Lung Disease,65,99,394,26,10,14.14950160156035,12.734551441404315,1.4149501601560353,6975,0.0020967572,0.00185,,UNIT_VALUE_CLD_HA,UNIT_VALUE_CLD_HA_2015_USD,15375.0,1.002621086853838,0.0026142347175870384,14.62488147,0.03823287287946936
NO2_CLD,NO2,Hospital Admissions,Chronic Lung Disease,65,99,435,26,11,14.362656543291596,12.926390888962436,1.4362656543291583,9379,0.0020967572,0.00185,,UNIT_VALUE_CLD_HA,UNIT_VALUE_CLD_HA_2015_USD,15375.0,1.0026606246566725,0.0026535645174891043,19.6654857788,0.05218363528181027
NO2_CLD,NO2,Hospital Admissions,Chronic Lung Disease,65,99,476,26,12,14.610206702590803,13.149186032331723,1.4610206702590798,9380,0.0020967572,0.00185,,UNIT_VALUE_CLD_HA,UNIT_VALUE_CLD_HA_2015_USD,15375.0,1.0027065443356622,0.0026992387263766737,19.667582536,0.053087500435380755
NO2_CLD,NO2,Hospital Admissions,Chronic Lung Disease,65,99,517,26,13,14.85221309144123,13.366991782297108,1.4852213091441229,4378,0.0020967572,0.00185,,UNIT_VALUE_CLD_HA,UNIT_VALUE_CLD_HA_2015_USD,15375.0,1.0027514376977453,0.0027438880606966976,9.1796030216,0.02518780313290357
NO2_CLD,NO2,Hospital Admissions,Chronic Lung Disease,65,99,395,27,10,14.49919199878787,13.049272798909085,1.4499191998787868,3089,0.0020967572,0.00185,,UNIT_VALUE_CLD_HA,UNIT_VALUE_CLD_HA_2015_USD,15375.0,1.0026859512406767,0.0026787562320517155,6.4768829908,0.017349990675875254
NO2_CLD,NO2,Hospital Admissions,Chronic Lung Disease,65,99,436,27,11,14.491355521257844,13.04221996913206,1.4491355521257852,9379,0.0020967572,0.00185,,UNIT_VALUE_CLD_HA,UNIT_VALUE_CLD_HA_2015_USD,15375.0,1.002684497599434,0.0026773103661830167,19.6654857788,0.05265060893160594
NO2_CLD,NO2,Hospital Admissions,Chronic Lung Disease,65,99,477,27,12,15.105471667148349,13.594924500433514,1.510547166714835,9380,0.0020967572,0.00185,,UNIT_VALUE_CLD_HA,UNIT_VALUE_CLD_HA_2015_USD,15375.0,1.002798420547543,0.002790611243698393,19.667582536,0.05488457696132776
NO2_CLD,NO2,Hospital Admissions,Chronic Lung Disease,65,99,518,27,13,14.197008398134384,12.777307558320947,1.4197008398134372,7540,0.0020967572,0.00185,,UNIT_VALUE_CLD_HA,UNIT_VALUE_CLD_HA_2015_USD,15375.0,1.0026298986860231,0.0026230004605586332,15.809549288,0.04146845506364841
NO2_CLD,NO2,Hospital Admissions,Chronic Lung Disease,65,99,559,27,14,14.679962831909434,13.211966548718491,1.467996283190942,1595,0.0020967572,0.00185,,UNIT_VALUE_CLD_HA,UNIT_VALUE_CLD_HA_2015_USD,15375.0,1.0027194842307203,0.0027121086938952654,3.3443277339999997,0.009070180322616452
NO2_CLD,NO2,Hospital Admissions,Chronic Lung Disease,65,99,396,28,10,14.229002290152714,12.806102061137445,1.422900229015271,756,0.0020967572,0.00185,,UNIT_VALUE_CLD_HA,UNIT_VALUE_CLD_HA_2015_USD,15375.0,1.0026358331396377,0.0026289037879126953,1.5851484432,0.004167202746732392
NO2_CLD,NO2,Hospital Admissions,Chronic Lung Disease,65,99,437,28,11,14.857156289296508,13.371440660366856,1.4857156289296505,9289,0.0020967572,0.00185,,UNIT_VALUE_CLD_HA,UNIT_VALUE_CLD_HA_2015_USD,15375.0,1.0027523547059345,0.0027448000426203434,19.4767776308,0.05345986007112679
NO2_CLD,NO2,Hospital Admissions,Chronic Lung Disease,65,99,478,28,12,14.375177047176653,12.937659342458987,1.4375177047176653,9379,0.0020967572,0.00185,,UNIT_VALUE_CLD_HA,UNIT_VALUE_CLD_HA_2015_USD,15375.0,1.0026629471153679,0.0026558746615988893,19.6654857788,0.05222906538794822
NO2_CLD,NO2,Hospital Admissions,Chronic Lung Disease,65,99,519,28,13,14.258595122536194,12.832735610282574,1.42585951225362,9380,0.0020967572,0.00185,,UNIT_VALUE_CLD_HA,UNIT_VALUE_CLD_HA_2015_USD,15375.0,1.0026413222589814,0.002634364054565852,19.667582536,0.051811572473045506
NO2_CLD,NO2,Hospital Admissions,Chronic Lung Disease,65,99,560,28,14,14.4409433075598,12.99684897680382,1.4440943307559788,8277,0.0020967572,0.00185,,UNIT_VALUE_CLD_HA,UNIT_VALUE_CLD_HA_2015_USD,15375.0,1.0026751463471846,0.0026680090325669203,17.3548593444,0.046302921489787624
NO2_CLD,NO2,Hospital Admissions,Chronic Lung Disease,65,99,601,28,15,14.238419552038287,12.814577596834456,1.4238419552038302,418,0.0020967572,0.00185,,UNIT_VALUE_CLD_HA,UNIT_VALUE_CLD_HA_2015_USD,15375.0,1.0026375799267395,0.002630641399788858,0.8764445096,0.002305611211571403
NO2_CLD,NO2,Hospital Admissions,Chronic Lung Disease,65,99,397,29,10,14.548967586668216,13.094070828001398,1.4548967586668198,269,0.0020967572,0.00185,,UNIT_VALUE_CLD_HA,UNIT_VALUE_CLD_HA_2015_USD,15375.0,1.002695184500485,0.002687940006241951,0.5640276868,0.0015160725839778253
NO2_CLD,NO2,Hospital Admissions,Chronic Lung Disease,65,99,438,29,11,14.37660632623274,12.938945693609464,1.437660632623274,8853,0.0020967572,0.00185,,UNIT_VALUE_CLD_HA,UNIT_VALUE_CLD_HA_2015_USD,15375.0,1.0026632122361556,0.002656138375932038,18.5625914916,0.04930481161758828
NO2_CLD,NO2,Hospital Admissions,Chronic Lung Disease,65,99,479,29,12,14.695064034831072,13.225557631347966,1.4695064034831056,9380,0.0020967572,0.00185,,UNIT_VALUE_CLD_HA,UNIT_VALUE_CLD_HA_2015_USD,15375.0,1.0027222855546583,0.002714894835664672,19.667582536,0.05339541825699509
NO2_CLD,NO2,Hospital Admissions,Chronic Lung Disease,65,99,520,29,13,14.33877609357386,12.904898484216472,1.4338776093573866,9380,0.0020967572,0.00185,,UNIT_VALUE_CLD_HA,UNIT_VALUE_CLD_HA_2015_USD,15375.0,1.0026561950289306,0.002649158347696523,19.667582536,0.052102540454254755
NO2_CLD,NO2,Hospital Admissions,Chronic Lung Disease,65,99,561,29,14,14.140769163481169,12.726692247133052,1.4140769163481153,9379,0.0020967572,0.00185,,UNIT_VALUE_CLD_HA,UNIT_VALUE_CLD_HA_2015_USD,15375.0,1.0026194671197333,0.0026126234385398517,19.6654857788,0.05137850907596501
NO2_CLD,NO2,Hospital Admissions,Chronic Lung Disease,65,99,602,29,15,14.090763990008528,12.681687591007677,1.4090763990008508,5837,0.0020967572,0.00185,,UNIT_VALUE_CLD_HA,UNIT_VALUE_CLD_HA_2015_USD,15375.0,1.002610191972965,0.0026033966080363236,12.2387717764,0.03186237692921045
NO2_CLD,NO2,Hospital Admissions,Chronic Lung Disease,65,99,643,29,16,14.19621306225518,12.776591756029662,1.4196213062255172,249,0.0020967572,0.00185,,UNIT_VALUE_CLD_HA,UNIT_VALUE_CLD_HA_2015_USD,15375.0,1.0026297511619406,0.002622853709350892,0.5220925428,0.0013693723625074193
NO2_CLD,NO2,Hospital Admissions,Chronic Lung Disease,65,99,398,30,10,14.014041685877324,12.612637517289592,1.4014041685877316,1076,0.0020967572,0.00185,,UNIT_VALUE_CLD_HA,UNIT_VALUE_CLD_HA_2015_USD,15375.0,1.0025959613996034,0.0025892398329426802,2.2561107472,0.0058416118141803135
NO2_CLD,NO2,Hospital Admissions,Chronic Lung Disease,65,99,439,30,11,14.409311423759496,12.968380281383547,1.4409311423759483,8857,0.0020967572,0.00185,,UNIT_VALUE_CLD_HA,UNIT_VALUE_CLD_HA_2015_USD,15375.0,1.0026692788111649,0.00266217272990521,18.5709785204,0.04943915258466429
NO2_CLD,NO2,Hospital Admissions,Chronic Lung Disease,65,99,480,30,12,14.522677784217052,13.070410005795347,1.4522677784217048,9380,0.0020967572,0.00185,,UNIT_VALUE_CLD_HA,UNIT_VALUE_CLD_HA_2015_USD,15375.0,1.0026903077905551,0.002683089454094012,19.667582536,0.05276988328986517
NO2_CLD,NO2,Hospital Admissions,Chronic Lung Disease,65,99,521,30,13,14.90263878007283,13.41237490206555,1.4902638780072817,9380,0.0020967572,0.00185,,UNIT_VALUE_CLD_HA,UNIT_VALUE_CLD_HA_2015_USD,15375.0,1.0027607921612558,0.0027531911726479397,19.667582536,0.05414861462543998
NO2_CLD,NO2,Hospital Admissions,Chronic Lung Disease,65,99,562,30,14,14.136693200888557,12.723023880799705,1.4136693200888537,9379,0.0020967572,0.00185,,UNIT_VALUE_CLD_HA,UNIT_VALUE_CLD_HA_2015_USD,15375.0,1.0026187110917215,0.0026118713552334416,19.6654857788,0.05136371899239833
NO2_CLD,NO2,Hospital Admissions,Chronic Lung Disease,65,99,603,30,15,14.938668296929515,13.444801467236566,1.4938668296929496,9379,0.0020967572,0.00185,,UNIT_VALUE_CLD_HA,UNIT_VALUE_CLD_HA_2015_USD,15375.0,1.0027674760461014,0.002759838259826064,19.6654857788,0.0542735600503976
NO2_CLD,NO2,Hospital Admissions,Chronic Lung Disease,65,99,644,30,16,14.226870106582824,12.804183095924545,1.4226870106582812,2838,0.0020967572,0.00185,,UNIT_VALUE_CLD_HA,UNIT_VALUE_CLD_HA_2015_USD,15375.0,1.0026354376460405,0.0026285103708560964,5.9505969336,0.015641205752752085
NO2_CLD,NO2,Hospital Admissions,Chronic Lung Disease,65,99,440,31,11,14.47700169947472,13.02930152952725,1.4477001699474703,8213,0.0020967572,0.00185,,UNIT_VALUE_CLD_HA,UNIT_VALUE_CLD_HA_2015_USD,15375.0,1.0026818350173712,0.0026746620151194556,17.2206668836,0.04605946358859045
NO2_CLD,NO2,Hospital Admissions,Chronic Lung Disease,65,99,481,31,12,13.36129834069843,12.025168506628589,1.3361298340698422,9380,0.0020967572,0.00185,,UNIT_VALUE_CLD_HA,UNIT_VALUE_CLD_HA_2015_USD,15375.0,1.0024748977087101,0.0024687877116592594,19.667582536,0.048555086082921056
NO2_CLD,NO2,Hospital Admissions,Chronic Lung Disease,65,99,522,31,13,14.218391901494938,12.796552711345443,1.421839190149493,9380,0.0020967572,0.00185,,UNIT_VALUE_CLD_HA,UNIT_VALUE_CLD_HA_2015_USD,15375.0,1.0026338650457332,0.002626946024422261,19.667582536,0.05166567775294189
NO2_CLD,NO2,Hospital Admissions,Chronic Lung Disease,65,99,563,31,14,13.359140998915276,12.023226899023747,1.3359140998915289,9379,0.0020967572,0.00185,,UNIT_VALUE_CLD_HA,UNIT_VALUE_CLD_HA_2015_USD,15375.0,1.0024744976128082,0.0024683895886634666,19.6654857788,0.04854208035239939
NO2_CLD,NO2,Hospital Admissions,Chronic Lung Disease,65,99,604,31,15,13.996724615178914,12.597052153661023,1.3996724615178913,9379,0.0020967572,0.00185,,UNIT_VALUE_CLD_HA,UNIT_VALUE_CLD_HA_2015_USD,15375.0,1.0025927494300966,0.002586044464784165,19.6654857788,0.05085582064555746
NO2_CLD,NO2,Hospital Admissions,Chronic Lung Disease,65,99,645,31,16,14.062877613754663,12.656589852379197,1.4062877613754663,7418,0.0020967572,0.00185,,UNIT_VALUE_CLD_HA,UNIT_VALUE_CLD_HA_2015_USD,15375.0,1.0026050195407732,0.0025982510460264008,15.553744909599999,0.040412533980996
NO2_CLD,NO2,Hospital Admissions,Chronic Lung Disease,65,99,686,31,17,14.374283414758589,12.936855073282729,1.4374283414758595,1809,0.0020967572,0.00185,,UNIT_VALUE_CLD_HA,UNIT_VALUE_CLD_HA_2015_USD,15375.0,1.0026627813531404,0.002655709778662474,3.7930337748,0.010073196886533397
NO2_CLD,NO2,Hospital Admissions,Chronic Lung Disease,65,99,400,32,10,13.77056893383712,12.393512040453407,1.3770568933837133,746,0.0020967572,0.00185,,UNIT_VALUE_CLD_HA,UNIT_VALUE_CLD_HA_2015_USD,15375.0,1.0025508030290204,0.0025443129877444903,1.5641808712,0.003979765705775652
NO2_CLD,NO2,Hospital Admissions,Chronic Lung Disease,65,99,441,32,11,13.52274422738668,12.170469804648013,1.3522744227386685,9110,0.0020967572,0.00185,,UNIT_VALUE_CLD_HA,UNIT_VALUE_CLD_HA_2015_USD,15375.0,1.0025048395638694,0.0024985810192789115,19.101458091999998,0.04772654062922277
NO2_CLD,NO2,Hospital Admissions,Chronic Lung Disease,65,99,482,32,12,11.05156050536026,9.946404454824236,1.105156050536026,9380,0.0020967572,0.00185,,UNIT_VALUE_CLD_HA,UNIT_VALUE_CLD_HA_2015_USD,15375.0,1.0020466301878637,0.00204245004793846,19.667582536,0.04017005489348682
NO2_CLD,NO2,Hospital Admissions,Chronic Lung Disease,65,99,523,32,13,15.081215980674529,13.573094382607076,1.5081215980674507,9380,0.0020967572,0.00185,,UNIT_VALUE_CLD_HA,UNIT_VALUE_CLD_HA_2015_USD,15375.0,1.0027939206982834,0.0027861364539762956,19.667582536,0.054796568665137164
NO2_CLD,NO2,Hospital Admissions,Chronic Lung Disease,65,99,564,32,14,11.97785996141701,10.78007396527531,1.1977859961417003,9379,0.0020967572,0.00185,,UNIT_VALUE_CLD_HA,UNIT_VALUE_CLD_HA_2015_USD,15375.0,1.002218361022775,0.002213450789817051,19.6654857788,0.04352858502922084
NO2_CLD,NO2,Hospital Admissions,Chronic Lung Disease,65,99,605,32,15,13.760055991017612,12.384050391915853,1.3760055991017612,9380,0.0020967572,0.00185,,UNIT_VALUE_CLD_HA,UNIT_VALUE_CLD_HA_2015_USD,15375.0,1.0025488531754523,0.0025423730398564937,19.667582536,0.05000233159867881
NO2_CLD,NO2,Hospital Admissions,Chronic Lung Disease,65,99,646,32,16,14.523839764912193,13.071455788420971,1.4523839764912196,9380,0.0020967572,0.00185,,UNIT_VALUE_CLD_HA,UNIT_VALUE_CLD_HA_2015_USD,15375.0,1.0026905233353327,0.002683303843725393,19.667582536,0.05277409981563522
NO2_CLD,NO2,Hospital Admissions,Chronic Lung Disease,65,99,687,32,17,14.458812646995648,13.012931382296085,1.4458812646995651,5329,0.0020967572,0.00185,,UNIT_VALUE_CLD_HA,UNIT_VALUE_CLD_HA_2015_USD,15375.0,1.0026784610240322,0.002671306034934484,11.1736191188,0.029848156184109773
NO2_CLD,NO2,Hospital Admissions,Chronic Lung Disease,65,99,360,33,9,14.111210004962835,12.700089004466552,1.4111210004962835,2764,0.0020967572,0.00185,,UNIT_VALUE_CLD_HA,UNIT_VALUE_CLD_HA_2015_USD,15375.0,1.0026139843659885,0.0026071692662869017,5.7954369007999995,0.01510968497247077
NO2_CLD,NO2,Hospital Admissions,Chronic Lung Disease,65,99,401,33,10,13.649462118853016,12.284515906967716,1.3649462118853002,9240,0.0020967572,0.00185,,UNIT_VALUE_CLD_HA,UNIT_VALUE_CLD_HA_2015_USD,15375.0,1.0025283413697417,0.0025219649813462697,19.374036527999998,0.04886064167093946
NO2_CLD,NO2,Hospital Admissions,Chronic Lung Disease,65,99,442,33,11,19.228234976011237,17.305411478410115,1.9228234976011187,9379,0.0020967572,0.00185,,UNIT_VALUE_CLD_HA,UNIT_VALUE_CLD_HA_2015_USD,15375.0,1.003563557898737,0.0035509040465740993,19.6654857788,0.06983025302978632
NO2_CLD,NO2,Hospital Admissions,Chronic Lung Disease,65,99,483,33,12,15.266676435963925,13.740008792367536,1.5266676435963902,9380,0.0020967572,0.00185,,UNIT_VALUE_CLD_HA,UNIT_VALUE_CLD_HA_2015_USD,15375.0,1.0028283273326914,0.002820350458402121,19.667582536,0.055469475421069156
NO2_CLD,NO2,Hospital Admissions,Chronic Lung Disease,65,99,524,33,13,15.787402661315818,14.208662395184238,1.5787402661315806,9380,0.0020967572,0.00185,,UNIT_VALUE_CLD_HA,UNIT_VALUE_CLD_HA_2015_USD,15375.0,1.0029249388028885,0.0029164084865410667,19.667582536,0.057358704617737274
NO2_CLD,NO2,Hospital Admissions,Chronic Lung Disease,65,99,565,33,14,15.067728037163226,13.560955233446904,1.5067728037163235,9379,0.0020967572,0.00185,,UNIT_VALUE_CLD_HA,UNIT_VALUE_CLD_HA_2015_USD,15375.0,1.0027914184602704,0.0027836481334836405,19.6654857788,0.0547417927822057
NO2_CLD,NO2,Hospital Admissions,Chronic Lung Disease,65,99,606,33,15,14.070024415554805,12.663021973999324,1.4070024415554787,9380,0.0020967572,0.00185,,UNIT_VALUE_CLD_HA,UNIT_VALUE_CLD_HA_2015_USD,15375.0,1.0026063451442309,0.0025995697681884256,19.667582536,0.05112725297393625
NO2_CLD,NO2,Hospital Admissions,Chronic Lung Disease,65,99,647,33,16,14.771769778554818,13.294592800699338,1.4771769778554802,9380,0.0020967572,0.00185,,UNIT_VALUE_CLD_HA,UNIT_VALUE_CLD_HA_2015_USD,15375.0,1.0027365148489713,0.0027290467719562894,19.667582536,0.0536737526320547
NO2_CLD,NO2,Hospital Admissions,Chronic Lung Disease,65,99,688,33,17,14.76185669220184,13.285671022981656,1.4761856692201842,8364,0.0020967572,0.00185,,UNIT_VALUE_CLD_HA,UNIT_VALUE_CLD_HA_2015_USD,15375.0,1.0027346759111302,0.00272721785416008,17.5372772208,0.047827975549920625
NO2_CLD,NO2,Hospital Admissions,Chronic Lung Disease,65,99,729,33,18,14.355451249441762,12.919906124497585,1.435545124944177,49,0.0020967572,0.00185,,UNIT_VALUE_CLD_HA,UNIT_VALUE_CLD_HA_2015_USD,15375.0,1.0026592881316432,0.00265223507438761,0.1027411028,0.0002724935564274231
NO2_CLD,NO2,Hospital Admissions,Chronic Lung Disease,65,99,361,34,9,14.1499359920569,12.734942392851211,1.4149935992056886,2224,0.0020967572,0.00185,,UNIT_VALUE_CLD_HA,UNIT_VALUE_CLD_HA_2015_USD,15375.0,1.0026211674267198,0.002614314869739953,4.6631880128,0.012191041762256143
NO2_CLD,NO2,Hospital Admissions,Chronic Lung Disease,65,99,402,34,10,14.244093754882778,12.8196843793945,1.4244093754882794,8169,0.0020967572,0.00185,,UNIT_VALUE_CLD_HA,UNIT_VALUE_CLD_HA_2015_USD,15375.0,1.0026386324235583,0.002631688365308915,17.1284095668,0.04507663617319347
NO2_CLD,NO2,Hospital Admissions,Chronic Lung Disease,65,99,443,34,11,14.16290766428594,12.746616897857344,1.4162907664285953,9374,0.0020967572,0.00185,,UNIT_VALUE_CLD_HA,UNIT_VALUE_CLD_HA_2015_USD,15375.0,1.0026235734791402,0.002616708352503827,19.6550019928,0.051431407883039126
NO2_CLD,NO2,Hospital Admissions,Chronic Lung Disease,65,99,484,34,12,15.079329114090218,13.571396202681196,1.5079329114090214,9380,0.0020967572,0.00185,,UNIT_VALUE_CLD_HA,UNIT_VALUE_CLD_HA_2015_USD,15375.0,1.0027935706527515,0.002785788356155061,19.667582536,0.05478972242250743
NO2_CLD,NO2,Hospital Admissions,Chronic Lung Disease,65,99,525,34,13,19.50134381117317,17.551209430055852,1.9501343811173195,9380,0.0020967572,0.00185,,UNIT_VALUE_CLD_HA,UNIT_VALUE_CLD_HA_2015_USD,15375.0,1.0036142643634487,0.0036012484993337424,19.667582536,0.07082785209329252
NO2_CLD,NO2,Hospital Admissions,Chronic Lung Disease,65,99,566,34,14,13.264775673525182,11.938298106172663,1.3264775673525175,9379,0.0020967572,0.00185,,UNIT_VALUE_CLD_HA,UNIT_VALUE_CLD_HA_2015_USD,15375.0,1.002456996981618,0.002450974943579487,19.6654857788,0.04819961289715754
NO2_CLD,NO2,Hospital Admissions,Chronic Lung Disease,65,99,607,34,15,14.375955456058968,12.938359910453071,1.4375955456058964,9379,0.0020967572,0.00185,,UNIT_VALUE_CLD_HA,UNIT_VALUE_CLD_HA_2015_USD,15375.0,1.0026630915045007,0.0026560182847708003,19.6654857788,0.05223188980739294
NO2_CLD,NO2,Hospital Admissions,Chronic Lung Disease,65,99,648,34,16,13.974598381086835,12.577138542978156,1.3974598381086825,7672,0.0020967572,0.00185,,UNIT_VALUE_CLD_HA,UNIT_VALUE_CLD_HA_2015_USD,15375.0,1.0025886454721495,0.002581961688714718,16.0863212384,0.0415342651499067
NO2_CLD,NO2,Hospital Admissions,Chronic Lung Disease,65,99,689,34,17,14.06124518049693,12.65512066244724,1.4061245180496922,1634,0.0020967572,0.00185,,UNIT_VALUE_CLD_HA,UNIT_VALUE_CLD_HA_2015_USD,15375.0,1.0026047167539498,0.0025979498305004345,3.4261012647999998,0.008900839200164483
NO2_CLD,NO2,Hospital Admissions,Chronic Lung Disease,65,99,730,34,18,14.212959977469014,12.791663979722111,1.4212959977469009,173,0.0020967572,0.00185,,UNIT_VALUE_CLD_HA,UNIT_VALUE_CLD_HA_2015_USD,15375.0,1.002632857493508,0.0026259437578075584,0.3627389956,0.0009525322012092033
NO2_CLD,NO2,Hospital Admissions,Chronic Lung Disease,65,99,403,35,10,14.490479723453811,13.041431751108432,1.4490479723453795,73,0.0020967572,0.00185,,UNIT_VALUE_CLD_HA,UNIT_VALUE_CLD_HA_2015_USD,15375.0,1.0026843351419041,0.002677148777360916,0.1530632756,0.0004097731611313969
NO2_CLD,NO2,Hospital Admissions,Chronic Lung Disease,65,99,444,35,11,13.874553240808584,12.487097916727723,1.3874553240808591,4839,0.0020967572,0.00185,,UNIT_VALUE_CLD_HA,UNIT_VALUE_CLD_HA_2015_USD,15375.0,1.002570089381361,0.0025635009547779752,10.1462080908,0.026009814128141816
NO2_CLD,NO2,Hospital Admissions,Chronic Lung Disease,65,99,485,35,12,19.577644492160925,17.619880042944832,1.9577644492160928,9380,0.0020967572,0.00185,,UNIT_VALUE_CLD_HA,UNIT_VALUE_CLD_HA_2015_USD,15375.0,1.0036284311070214,0.0036153131921733417,19.667582536,0.07110447060055883
NO2_CLD,NO2,Hospital Admissions,Chronic Lung Disease,65,99,526,35,13,13.476969861157125,12.12927287504141,1.3476969861157126,9380,0.0020967572,0.00185,,UNIT_VALUE_CLD_HA,UNIT_VALUE_CLD_HA_2015_USD,15375.0,1.0024963501304354,0.002490133884388235,19.667582536,0.04897491369689589
NO2_CLD,NO2,Hospital Admissions,Chronic Lung Disease,65,99,567,35,14,12.905364194543235,11.614827775088912,1.2905364194543232,9379,0.0020967572,0.00185,,UNIT_VALUE_CLD_HA,UNIT_VALUE_CLD_HA_2015_USD,15375.0,1.0023903447054332,0.0023846445828801244,19.6654857788,0.046895194132121544
NO2_CLD,NO2,Hospital Admissions,Chronic Lung Disease,65,99,608,35,15,13.916942739721174,12.525248465749057,1.3916942739721172,9380,0.0020967572,0.00185,,UNIT_VALUE_CLD_HA,UNIT_VALUE_CLD_HA_2015_USD,15375.0,1.002577951624276,0.0025713228782854314,19.667582536,0.05057170493538381
NO2_CLD,NO2,Hospital Admissions,Chronic Lung Disease,65,99,649,35,16,13.940058530307,12.5460526772763,1.3940058530307002,8354,0.0020967572,0.00185,,UNIT_VALUE_CLD_HA,UNIT_VALUE_CLD_HA_2015_USD,15375.0,1.002582239079109,0.002575588294363551,17.5163096488,0.045114802091896604
NO2_CLD,NO2,Hospital Admissions,Chronic Lung Disease,65,99,690,35,17,14.151228603738588,12.736105743364728,1.4151228603738597,2836,0.0020967572,0.00185,,UNIT_VALUE_CLD_HA,UNIT_VALUE_CLD_HA_2015_USD,15375.0,1.0026214071867174,0.0026145533777032215,5.9464034192,0.015547189144855346
NO2_CLD,NO2,Hospital Admissions,Chronic Lung Disease,65,99,445,36,11,14.363493467567254,12.92714412081053,1.4363493467567243,6092,0.0020967572,0.00185,,UNIT_VALUE_CLD_HA,UNIT_VALUE_CLD_HA_2015_USD,15375.0,1.0026607798996225,0.0026537189376141246,12.7734448624,0.03389713252992073
NO2_CLD,NO2,Hospital Admissions,Chronic Lung Disease,65,99,486,36,12,15.126862415182863,13.614176173664578,1.512686241518287,9380,0.0020967572,0.00185,,UNIT_VALUE_CLD_HA,UNIT_VALUE_CLD_HA_2015_USD,15375.0,1.0028023889179385,0.0027945574810231966,19.667582536,0.05496218990961998
NO2_CLD,NO2,Hospital Admissions,Chronic Lung Disease,65,99,527,36,13,14.11367428027748,12.702306852249732,1.4113674280277468,9380,0.0020967572,0.00185,,UNIT_VALUE_CLD_HA,UNIT_VALUE_CLD_HA_2015_USD,15375.0,1.0026144414487175,0.002607623968531536,19.667582536,0.05128565962394586
NO2_CLD,NO2,Hospital Admissions,Chronic Lung Disease,65,99,568,36,14,15.637722316980764,14.07395008528269,1.5637722316980742,9379,0.0020967572,0.00185,,UNIT_VALUE_CLD_HA,UNIT_VALUE_CLD_HA_2015_USD,15375.0,1.0028971673296145,0.002888797998431558,19.6654857788,0.05680961595598171
NO2_CLD,NO2,Hospital Admissions,Chronic Lung Disease,65,99,609,36,15,14.52190314755419,13.069712832798771,1.4521903147554165,9380,0.0020967572,0.00185,,UNIT_VALUE_CLD_HA,UNIT_VALUE_CLD_HA_2015_USD,15375.0,1.0026901640972408,0.002682946530808805,19.667582536,0.05276707233435705
NO2_CLD,NO2,Hospital Admissions,Chronic Lung Disease,65,99,650,36,16,14.44701070264524,13.002309632380715,1.4447010702645215,9380,0.0020967572,0.00185,,UNIT_VALUE_CLD_HA,UNIT_VALUE_CLD_HA_2015_USD,15375.0,1.0026762718186735,0.002669128505274454,19.667582536,0.05249530517667564
NO2_CLD,NO2,Hospital Admissions,Chronic Lung Disease,65,99,691,36,17,14.286874670311354,12.858187203280218,1.4286874670311356,1951,0.0020967572,0.00185,,UNIT_VALUE_CLD_HA,UNIT_VALUE_CLD_HA_2015_USD,15375.0,1.0026465678076901,0.002639581975009353,4.0907732972,0.0107979314591387
NO2_CLD,NO2,Hospital Admissions,Chronic Lung Disease,65,99,446,37,11,13.843987490139757,12.45958874112578,1.3843987490139753,858,0.0020967572,0.00185,,UNIT_VALUE_CLD_HA,UNIT_VALUE_CLD_HA_2015_USD,15375.0,1.0025644202005244,0.002557860770693865,1.7990176776,0.004601636743317823
NO2_CLD,NO2,Hospital Admissions,Chronic Lung Disease,65,99,487,37,12,14.469943562972588,13.022949206675328,1.4469943562972605,7095,0.0020967572,0.00185,,UNIT_VALUE_CLD_HA,UNIT_VALUE_CLD_HA_2015_USD,15375.0,1.0026805257611529,0.0026733597514703167,14.876492334,0.039770215848772314
NO2_CLD,NO2,Hospital Admissions,Chronic Lung Disease,65,99,528,37,13,14.107382869493785,12.696644582544408,1.4107382869493783,9380,0.0020967572,0.00185,,UNIT_VALUE_CLD_HA,UNIT_VALUE_CLD_HA_2015_USD,15375.0,1.0026132744954246,0.002606463091903266,19.667582536,0.05126282798704524
NO2_CLD,NO2,Hospital Admissions,Chronic Lung Disease,65,99,569,37,14,15.300713900597886,13.770642510538098,1.5300713900597884,9380,0.0020967572,0.00185,,UNIT_VALUE_CLD_HA,UNIT_VALUE_CLD_HA_2015_USD,15375.0,1.0028346420933123,0.0028266296100375454,19.667582536,0.05559297115411492
NO2_CLD,NO2,Hospital Admissions,Chronic Lung Disease,65,99,610,37,15,15.466442670480692,13.919798403432624,1.5466442670480696,9379,0.0020967572,0.00185,,UNIT_VALUE_CLD_HA,UNIT_VALUE_CLD_HA_2015_USD,15375.0,1.0028653892967134,0.0028572022998248903,19.6654857788,0.05618827119436103
NO2_CLD,NO2,Hospital Admissions,Chronic Lung Disease,65,99,651,37,16,9.526364032890893,8.573727629601802,0.9526364032890892,9380,0.0020967572,0.00185,,UNIT_VALUE_CLD_HA,UNIT_VALUE_CLD_HA_2015_USD,15375.0,1.0017639312457582,0.001760825271044375,19.667582536,0.03463117634973982
NO2_CLD,NO2,Hospital Admissions,Chronic Lung Disease,65,99,692,37,17,14.622011085947996,13.159809977353197,1.4622011085947992,3072,0.0020967572,0.00185,,UNIT_VALUE_CLD_HA,UNIT_VALUE_CLD_HA_2015_USD,15375.0,1.0027087340595553,0.0027014166402926643,6.441238118399999,0.017400467837133168
NO2_CLD,NO2,Hospital Admissions,Chronic Lung Disease,65,99,488,38,12,18.489373708736647,16.640436337862983,1.848937370873664,654,0.0020967572,0.00185,,UNIT_VALUE_CLD_HA,UNIT_VALUE_CLD_HA_2015_USD,15375.0,1.0034263908387844,0.0034146907736004595,1.3712792087999999,0.0046824944623194975
NO2_CLD,NO2,Hospital Admissions,Chronic Lung Disease,65,99,529,38,13,14.431419953733442,12.9882779583601,1.4431419953733435,8735,0.0020967572,0.00185,,UNIT_VALUE_CLD_HA,UNIT_VALUE_CLD_HA_2015_USD,15375.0,1.0026733798151553,0.002666251911114026,18.315174142,0.04883286805849369
NO2_CLD,NO2,Hospital Admissions,Chronic Lung Disease,65,99,570,38,14,11.320805733076206,10.188725159768584,1.132080573307622,9380,0.0020967572,0.00185,,UNIT_VALUE_CLD_HA,UNIT_VALUE_CLD_HA_2015_USD,15375.0,1.0020965437414882,0.002092157441897058,19.667582536,0.04114767916681701
NO2_CLD,NO2,Hospital Admissions,Chronic Lung Disease,65,99,611,38,15,18.56148137524996,16.70533323772496,1.8561481375249969,9380,0.0020967572,0.00185,,UNIT_VALUE_CLD_HA,UNIT_VALUE_CLD_HA_2015_USD,15375.0,1.0034397765541452,0.0034279850515369636,19.667582536,0.06742017893327745
NO2_CLD,NO2,Hospital Admissions,Chronic Lung Disease,65,99,652,38,16,14.779748793712482,13.301773914341236,1.4779748793712475,9380,0.0020967572,0.00185,,UNIT_VALUE_CLD_HA,UNIT_VALUE_CLD_HA_2015_USD,15375.0,1.002737995007286,0.0027305188602794184,19.667582536,0.05370270505065012
NO2_CLD,NO2,Hospital Admissions,Chronic Lung Disease,65,99,693,38,17,15.166646871830691,13.649982184647625,1.51666468718307,2789,0.0020967572,0.00185,,UNIT_VALUE_CLD_HA,UNIT_VALUE_CLD_HA_2015_USD,15375.0,1.0028097696955114,0.002801897010202059,5.8478558307999995,0.016385089768411198
NO2_CLD,NO2,Hospital Admissions,Chronic Lung Disease,65,99,530,39,13,14.406850341503803,12.966165307353425,1.4406850341503787,5649,0.0020967572,0.00185,,UNIT_VALUE_CLD_HA,UNIT_VALUE_CLD_HA_2015_USD,15375.0,1.0026688222957283,0.002661718641672306,11.8445814228,0.03152694317587224
NO2_CLD,NO2,Hospital Admissions,Chronic Lung Disease,65,99,571,39,14,14.791951592198158,13.312756432978343,1.479195159219815,9380,0.0020967572,0.00185,,UNIT_VALUE_CLD_HA,UNIT_VALUE_CLD_HA_2015_USD,15375.0,1.0027402587086336,0.002732770211263391,19.667582536,0.05374698368194491
NO2_CLD,NO2,Hospital Admissions,Chronic Lung Disease,65,99,612,39,15,13.522962234882636,12.170666011394372,1.3522962234882634,9380,0.0020967572,0.00185,,UNIT_VALUE_CLD_HA,UNIT_VALUE_CLD_HA_2015_USD,15375.0,1.0025048799962808,0.002498621249893529,19.667582536,0.04914183965848447
NO2_CLD,NO2,Hospital Admissions,Chronic Lung Disease,65,99,653,39,16,10.001870968511383,9.001683871660244,1.000187096851139,9358,0.0020967572,0.00185,,UNIT_VALUE_CLD_HA,UNIT_VALUE_CLD_HA_2015_USD,15375.0,1.0018520590759254,0.0018486352941506912,19.6214538776,0.0362729121606813
NO2_CLD,NO2,Hospital Admissions,Chronic Lung Disease,65,99,694,39,17,14.188053584484676,12.76924822603621,1.4188053584484663,366,0.0020967572,0.00185,,UNIT_VALUE_CLD_HA,UNIT_VALUE_CLD_HA_2015_USD,15375.0,1.0026282376900773,0.002621348164033588,0.7674131352,0.0020116570130117796
NO2_CLD,NO2,Hospital Admissions,Chronic Lung Disease,65,99,531,40,13,14.595845004488194,13.136260504039374,1.4595845004488197,927,0.0020967572,0.00185,,UNIT_VALUE_CLD_HA,UNIT_VALUE_CLD_HA_2015_USD,15375.0,1.0027038802339963,0.0026965889803531873,1.9436939244,0.005241343617716481
NO2_CLD,NO2,Hospital Admissions,Chronic Lung Disease,65,99,572,40,14,14.519649479539988,13.06768453158599,1.4519649479539982,5729,0.0020967572,0.00185,,UNIT_VALUE_CLD_HA,UNIT_VALUE_CLD_HA_2015_USD,15375.0,1.002689746047139,0.0026825307207365423,12.0123219988,0.032223422789160384
NO2_CLD,NO2,Hospital Admissions,Chronic Lung Disease,65,99,613,40,15,13.73147320452902,12.358325884076118,1.373147320452901,9380,0.0020967572,0.00185,,UNIT_VALUE_CLD_HA,UNIT_VALUE_CLD_HA_2015_USD,15375.0,1.0025435518961028,0.002537098654010639,19.667582536,0.04989859717972875
NO2_CLD,NO2,Hospital Admissions,Chronic Lung Disease,65,99,654,40,16,13.879534899867163,12.491581409880448,1.3879534899867156,9380,0.0020967572,0.00185,,UNIT_VALUE_CLD_HA,UNIT_VALUE_CLD_HA_2015_USD,15375.0,1.0025710133573247,0.002564420198739925,19.667582536,0.050435945915703
NO2_CLD,NO2,Hospital Admissions,Chronic Lung Disease,65,99,695,40,17,14.975861476546504,13.478275328891856,1.4975861476546477,3681,0.0020967572,0.00185,,UNIT_VALUE_CLD_HA,UNIT_VALUE_CLD_HA_2015_USD,15375.0,1.0027743758503465,0.002766699984723786,7.7181632532,0.021353842154724127
NO2_CLD,NO2,Hospital Admissions,Chronic Lung Disease,65,99,573,41,14,14.992593907095015,13.493334516385517,1.4992593907095009,2857,0.0020967572,0.00185,,UNIT_VALUE_CLD_HA,UNIT_VALUE_CLD_HA_2015_USD,15375.0,1.002777479942882,0.002769786915278627,5.9904353204,0.01659222936726685
NO2_CLD,NO2,Hospital Admissions,Chronic Lung Disease,65,99,614,41,15,14.908357926438637,13.41752213379477,1.490835792643864,5064,0.0020967572,0.00185,,UNIT_VALUE_CLD_HA,UNIT_VALUE_CLD_HA_2015_USD,15375.0,1.002761853124929,0.002754246301175267,10.6179784608,0.029244527901617055
NO2_CLD,NO2,Hospital Admissions,Chronic Lung Disease,65,99,655,41,16,14.882447831053328,13.394203047947997,1.4882447831053316,2972,0.0020967572,0.00185,,UNIT_VALUE_CLD_HA,UNIT_VALUE_CLD_HA_2015_USD,15375.0,1.0027570465302251,0.002749466124187583,6.2315623983999995,0.017133469715161925
NO2_CLD,NO2,Hospital Admissions,Chronic Lung Disease,65,99,696,41,17,15.479930837714765,13.931937753943288,1.5479930837714768,886,0.0020967572,0.00185,,UNIT_VALUE_CLD_HA,UNIT_VALUE_CLD_HA_2015_USD,15375.0,1.0028678917608111,0.0028596904780506804,1.8577268792,0.005312523867267047
O3_MAIN,O3,Mortality,Respiratory mortality,0,99,0,1,1,11.809210666287012,10.628289599658313,1.1809210666287022,66007,0.0001320424481591,0.000867,0.000304,VSL,VSL_2015_USD,,1.0010243828868761,0.0010233346004238086,8.715725875637713,0.008919103856349168
O3_MAIN,O3,Mortality,Respiratory mortality,0,99,41,1,2,11.718344363775156,10.546509927397642,1.1718344363775142,53333,0.0001320424481591,0.000867,0.000304,VSL,VSL_2015_USD,,1.0010164967393127,0.0010154645229363268,7.04221988766928,0.007151124458644798
O3_MAIN,O3,Mortality,Respiratory mortality,0,99,82,1,3,12.06777965098007,10.861001685882062,1.2067779650980075,6180,0.0001320424481591,0.000867,0.000304,VSL,VSL_2015_USD,,1.001046824033935,0.0010457293393294487,0.816022329623238,0.0008533384916349862
O3_MAIN,O3,Mortality,Respiratory mortality,0,99,1,2,1,11.62794440338785,10.465149963049068,1.162794440338784,35848,0.0001320424481591,0.000867,0.000304,VSL,VSL_2015_USD,,1.0010086511265204,0.0010076347745697767,4.733457681607416,0.004769596563942067
O3_MAIN,O3,Mortality,Respiratory mortality,0,99,42,2,2,12.004949260089102,10.804454334080193,1.2004949260089095,88375,0.0001320424481591,0.000867,0.000304,VSL,VSL_2015_USD,,1.0010413709514332,0.001040287626118297,11.669251356060462,0.012139377791773856
O3_MAIN,O3,Mortality,Respiratory mortality,0,99,83,2,3,11.786074528376378,10.60746707553874,1.1786074528376371,38621,0.0001320424481591,0.000867,0.000304,VSL,VSL_2015_USD,,1.0010223749309202,0.0010213307479672862,5.099611390352601,0.005208389915651314
O3_MAIN,O3,Mortality,Respiratory mortality,0,99,2,3,1,12.08654399539896,10.877889595859063,1.2086543995398955,682,0.0001320424481591,0.000867,0.000304,VSL,VSL_2015_USD,,1.0010484526069658,0.0010473545054043853,0.09005294964450619,9.43173625351278e-05
O3_MAIN,O3,Mortality,Respiratory mortality,0,99,43,3,2,12.101922755899531,10.891730480309578,1.2101922755899537,64336,0.0001320424481591,0.000867,0.000304,VSL,VSL_2015_USD,,1.0010497873443334,0.0010486864465736323,8.495082944763857,0.008908678346692678
O3_MAIN,O3,Mortality,Respiratory mortality,0,99,84,3,3,11.89507848230244,10.705570634072195,1.189507848230244,86400,0.0001320424481591,0.000867,0.000304,VSL,VSL_2015_USD,,1.001031835280529,0.0010307716939290668,11.408467520946239,0.011759525391700495
O3_MAIN,O3,Mortality,Respiratory mortality,0,99,125,3,4,11.942870413331397,10.748583371998256,1.1942870413331406,35539,0.0001320424481591,0.000867,0.000304,VSL,VSL_2015_USD,,1.0010359831250144,0.0010349109747087581,4.692656565126255,0.004856481779788265
O3_MAIN,O3,Mortality,Respiratory mortality,0,99,166,3,5,11.913714568488626,10.722343111639765,1.1913714568488611,56,0.0001320424481591,0.000867,0.000304,VSL,VSL_2015_USD,,1.0010334526976945,0.0010323857758294253,0.0073943770969096,7.633849735968351e-06
O3_MAIN,O3,Mortality,Respiratory mortality,0,99,44,4,2,12.040458602220191,10.836412741998172,1.2040458602220188,8855,0.0001320424481591,0.000867,0.000304,VSL,VSL_2015_USD,,1.0010444528221671,0.0010433630786550463,1.1692358784488304,0.0012199375458123091
O3_MAIN,O3,Mortality,Respiratory mortality,0,99,85,4,3,11.481721104651887,10.333548994186698,1.1481721104651896,86293,0.0001320424481591,0.000867,0.000304,VSL,VSL_2015_USD,,1.0009959608597256,0.0009949699086401198,11.394338978993217,0.011337024412943437
O3_MAIN,O3,Mortality,Respiratory mortality,0,99,126,4,4,12.390139896298406,11.151125906668566,1.239013989629839,87860,0.0001320424481591,0.000867,0.000304,VSL,VSL_2015_USD,,1.0010748023154805,0.001073648355741752,11.601249495258525,0.012455662445134146
O3_MAIN,O3,Mortality,Respiratory mortality,0,99,167,4,5,11.591953421174413,10.432758079056972,1.1591953421174406,60657,0.0001320424481591,0.000867,0.000304,VSL,VSL_2015_USD,,1.0010055275658225,0.0010045174957901137,8.009298777986528,0.008045480751497846
O3_MAIN,O3,Mortality,Respiratory mortality,0,99,208,4,6,11.825653174625185,10.643087857162664,1.1825653174625188,46725,0.0001320424481591,0.000867,0.000304,VSL,VSL_2015_USD,,1.001025809913691,0.001024758706051232,6.169683390233947,0.006322436767721918
O3_MAIN,O3,Mortality,Respiratory mortality,0,99,86,5,3,12.058824329815204,10.852941896833686,1.205882432981518,66266,0.0001320424481591,0.000867,0.000304,VSL,VSL_2015_USD,,1.00104604679511,0.0010449537246152163,8.74992486971092,0.009143266582707737
O3_MAIN,O3,Mortality,Respiratory mortality,0,99,127,5,4,12.139594961595074,10.925635465435567,1.2139594961595073,88375,0.0001320424481591,0.000867,0.000304,VSL,VSL_2015_USD,,1.0010530569587015,0.0010519491962801553,11.669251356060462,0.012275459585198914
O3_MAIN,O3,Mortality,Respiratory mortality,0,99,168,5,5,11.83935485372132,10.655419368349188,1.1839354853721318,88376,0.0001320424481591,0.000867,0.000304,VSL,VSL_2015_USD,,1.001026999068571,0.0010259454235765908,11.669383398508621,0.011972150493660565
O3_MAIN,O3,Mortality,Respiratory mortality,0,99,209,5,6,12.051643422093724,10.846479079884352,1.205164342209372,21680,0.0001320424481591,0.000867,0.000304,VSL,VSL_2015_USD,,1.0010454235593518,0.001044331790294284,2.862680276089288,0.0029895880177684612
O3_MAIN,O3,Mortality,Respiratory mortality,0,99,87,6,3,11.70106573049905,10.530959157449145,1.170106573049905,22233,0.0001320424481591,0.000867,0.000304,VSL,VSL_2015_USD,,1.0010149971601605,0.0010139679855346584,2.93569974992127,0.0029767055615622707
O3_MAIN,O3,Mortality,Respiratory mortality,0,99,128,6,4,11.716655295107511,10.544989765596762,1.171665529510749,88366,0.0001320424481591,0.000867,0.000304,VSL,VSL_2015_USD,,1.0010163501482119,0.0010153182293790586,11.66806297402703,0.011846797039072477
O3_MAIN,O3,Mortality,Respiratory mortality,0,99,169,6,5,11.98786433402051,10.78907790061846,1.1987864334020522,87552,0.0001320424481591,0.000867,0.000304,VSL,VSL_2015_USD,,1.001039888146897,0.0010388079028719188,11.560580421225522,0.012009222303355448
O3_MAIN,O3,Mortality,Respiratory mortality,0,99,210,6,6,11.853216892921516,10.667895203629364,1.1853216892921503,27561,0.0001320424481591,0.000867,0.000304,VSL,VSL_2015_USD,,1.00102820214238,0.0010271460286327416,3.639221913712955,0.0037380123359835077
O3_MAIN,O3,Mortality,Respiratory mortality,0,99,251,6,7,11.729556568173711,10.556600911356345,1.1729556568173702,80,0.0001320424481591,0.000867,0.000304,VSL,VSL_2015_USD,,1.0010174698260417,0.0010164356334545488,0.010563395852727999,1.0737011954998737e-05
O3_MAIN,O3,Mortality,Respiratory mortality,0,99,129,7,4,11.77442624768692,10.596983622918229,1.1774426247686929,69107,0.0001320424481591,0.000867,0.000304,VSL,VSL_2015_USD,,1.0010213639929924,0.0010203218729700758,9.125057464930924,0.009310495723577892
O3_MAIN,O3,Mortality,Respiratory mortality,0,99,170,7,5,11.978706956398174,10.780836260758356,1.1978706956398175,88376,0.0001320424481591,0.000867,0.000304,VSL,VSL_2015_USD,,1.001039093376959,0.00103801478267318,11.669383398508621,0.012112992472332941
O3_MAIN,O3,Mortality,Respiratory mortality,0,99,211,7,6,11.913988977985216,10.722590080186697,1.1913988977985213,88377,0.0001320424481591,0.000867,0.000304,VSL,VSL_2015_USD,,1.0010334765135853,0.001032409542570667,11.669515440956781,0.012047719098419526
O3_MAIN,O3,Mortality,Respiratory mortality,0,99,252,7,7,11.81369562434366,10.632326061909293,1.181369562434366,28607,0.0001320424481591,0.000867,0.000304,VSL,VSL_2015_USD,,1.0010247721311423,0.0010237230482923465,3.7773383144873733,0.0038669482937384882
O3_MAIN,O3,Mortality,Respiratory mortality,0,99,130,8,4,11.869020548283997,10.682118493455595,1.1869020548283995,48901,0.0001320424481591,0.000867,0.000304,VSL,VSL_2015_USD,,1.0010295737290584,0.0010285147972431963,6.457007757428149,0.006641128024428958
O3_MAIN,O3,Mortality,Respiratory mortality,0,99,171,8,5,11.853578673937964,10.668220806544166,1.1853578673937974,88376,0.0001320424481591,0.000867,0.000304,VSL,VSL_2015_USD,,1.0010282335410456,0.0010271773628285352,11.669383398508621,0.011986526465115176
O3_MAIN,O3,Mortality,Respiratory mortality,0,99,212,8,6,11.910642881019472,10.719578592917523,1.1910642881019484,88377,0.0001320424481591,0.000867,0.000304,VSL,VSL_2015_USD,,1.0010331861072022,0.0010321197354304923,11.669515440956781,0.012044337189522357
O3_MAIN,O3,Mortality,Respiratory mortality,0,99,253,8,7,12.123176788776052,10.910859109898448,1.212317678877605,77148,0.0001320424481591,0.000867,0.000304,VSL,VSL_2015_USD,,1.0010516320051523,0.0010505272370876506,10.186810790578246,0.01070152219456083
O3_MAIN,O3,Mortality,Respiratory mortality,0,99,294,8,8,11.849440429256807,10.664496386331129,1.1849440429256806,10391,0.0001320424481591,0.000867,0.000304,VSL,VSL_2015_USD,,1.0010278743863805,0.0010268189454870624,1.372053078821208,0.00140885009554747
O3_MAIN,O3,Mortality,Respiratory mortality,0,99,131,9,4,12.25035332860812,11.02531799574731,1.225035332860811,49015,0.0001320424481591,0.000867,0.000304,VSL,VSL_2015_USD,,1.0010626698675198,0.0010615417990368359,6.472060596518286,0.006870362849103439
O3_MAIN,O3,Mortality,Respiratory mortality,0,99,172,9,5,12.055746111445796,10.85017150030122,1.205574611144577,88376,0.0001320424481591,0.000867,0.000304,VSL,VSL_2015_USD,,1.0010457796344423,0.001044687121925847,11.669383398508621,0.01219085455723723
O3_MAIN,O3,Mortality,Respiratory mortality,0,99,213,9,6,12.137307103931589,10.92357639353843,1.2137307103931594,88376,0.0001320424481591,0.000867,0.000304,VSL,VSL_2015_USD,,1.0010528583925802,0.0010517510476628633,11.669383398508621,0.012273286214961068
O3_MAIN,O3,Mortality,Respiratory mortality,0,99,254,9,7,12.179126791977902,10.961214112780112,1.2179126791977897,88376,0.0001320424481591,0.000867,0.000304,VSL,VSL_2015_USD,,1.001056487983533,0.0010553729946460866,11.669383398508621,0.01231555210295737
O3_MAIN,O3,Mortality,Respiratory mortality,0,99,295,9,8,11.381535165023204,10.243381648520884,1.1381535165023209,58101,0.0001320424481591,0.000867,0.000304,VSL,VSL_2015_USD,,1.0009872661254853,0.0009862923924163214,7.671798280491869,0.007566636280201746
O3_MAIN,O3,Mortality,Respiratory mortality,0,99,91,10,3,11.899613150196764,10.709651835177088,1.1899613150196764,5057,0.0001320424481591,0.000867,0.000304,VSL,VSL_2015_USD,,1.0010322288419846,0.001031164444304511,0.6677386603405686,0.000688548364630721
O3_MAIN,O3,Mortality,Respiratory mortality,0,99,132,10,4,11.995359489802338,10.795823540822106,1.1995359489802322,82710,0.0001320424481591,0.000867,0.000304,VSL,VSL_2015_USD,,1.0010405386528651,0.0010394570576187645,10.92123088723916,0.011352150523624786
O3_MAIN,O3,Mortality,Respiratory mortality,0,99,173,10,5,12.134719601803534,10.92124764162318,1.2134719601803532,88377,0.0001320424481591,0.000867,0.000304,VSL,VSL_2015_USD,,1.0010526338199766,0.0010515269471492728,11.669515440956781,0.012270809946340583
O3_MAIN,O3,Mortality,Respiratory mortality,0,99,214,10,6,11.946521175069984,10.751869057562986,1.1946521175069975,88377,0.0001320424481591,0.000867,0.000304,VSL,VSL_2015_USD,,1.0010362999740179,0.001035227168130315,11.669515440956781,0.012080599423394671
O3_MAIN,O3,Mortality,Respiratory mortality,0,99,255,10,7,12.06152787781093,10.855375090029836,1.2061527877810931,88376,0.0001320424481591,0.000867,0.000304,VSL,VSL_2015_USD,,1.0010462814379395,0.0010451878772642642,11.669383398508621,0.012196698063270072
O3_MAIN,O3,Mortality,Respiratory mortality,0,99,296,10,8,11.503509459132944,10.35315851321965,1.150350945913294,88049,0.0001320424481591,0.000867,0.000304,VSL,VSL_2015_USD,,1.0009978517932654,0.0009968570776428543,11.626205517960596,0.011589665256709427
O3_MAIN,O3,Mortality,Respiratory mortality,0,99,337,10,9,11.722310857005958,10.55007977130536,1.1722310857005969,12381,0.0001320424481591,0.000867,0.000304,VSL,VSL_2015_USD,,1.0010168409839033,0.001015808068627222,1.634817550657817,0.0016606608586916028
O3_MAIN,O3,Mortality,Respiratory mortality,0,99,133,11,4,11.67790965431858,10.510118688886724,1.1677909654318557,71305,0.0001320424481591,0.000867,0.000304,VSL,VSL_2015_USD,,1.0010129874926323,0.0010119623873908745,9.415286765984625,0.009527916073675508
O3_MAIN,O3,Mortality,Respiratory mortality,0,99,174,11,5,11.769038525209217,10.592134672688296,1.1769038525209208,88377,0.0001320424481591,0.000867,0.000304,VSL,VSL_2015_USD,,1.0010208964004679,0.0010198552339304445,11.669515440956781,0.011901216399891912
O3_MAIN,O3,Mortality,Respiratory mortality,0,99,215,11,6,12.11396117327857,10.902565055950712,1.2113961173278565,88376,0.0001320424481591,0.000867,0.000304,VSL,VSL_2015_USD,,1.001050832171361,0.0010497290822699679,11.669383398508621,0.012249691125572854
O3_MAIN,O3,Mortality,Respiratory mortality,0,99,256,11,7,11.95739779317372,10.761658013856346,1.195739779317373,88376,0.0001320424481591,0.000867,0.000304,VSL,VSL_2015_USD,,1.0010372439544863,0.0010361691942536444,11.669383398508621,0.012091455593469533
O3_MAIN,O3,Mortality,Respiratory mortality,0,99,297,11,8,11.361264586246296,10.225138127621667,1.136126458624629,88376,0.0001320424481591,0.000867,0.000304,VSL,VSL_2015_USD,,1.000985506932771,0.0009845366650621523,11.669383398508621,0.011488935814499323
O3_MAIN,O3,Mortality,Respiratory mortality,0,99,338,11,9,12.037114335859874,10.833402902273887,1.2037114335859869,74381,0.0001320424481591,0.000867,0.000304,VSL,VSL_2015_USD,,1.0010441625714788,0.0010430734332406155,9.821449336522017,0.010244492878844786
O3_MAIN,O3,Mortality,Respiratory mortality,0,99,379,11,10,12.106268211530734,10.89564139037766,1.210626821153074,54999,0.0001320424481591,0.000867,0.000304,VSL,VSL_2015_USD,,1.0010501644909162,0.0010490628024123483,7.26220260630234,0.007618506617853793
O3_MAIN,O3,Mortality,Respiratory mortality,0,99,420,11,11,11.866184775508945,10.67956629795805,1.186618477550894,45834,0.0001320424481591,0.000867,0.000304,VSL,VSL_2015_USD,,1.0010293276144566,0.0010282691885855622,6.052033568924189,0.00622311964721026
O3_MAIN,O3,Mortality,Respiratory mortality,0,99,461,11,12,12.131297251515589,10.918167526364028,1.2131297251515587,22921,0.0001320424481591,0.000867,0.000304,VSL,VSL_2015_USD,,1.0010523367899153,0.0010512305413420409,3.026544954254731,0.0031815964906572233
O3_MAIN,O3,Mortality,Respiratory mortality,0,99,134,12,4,11.788716556450916,10.609844900805824,1.178871655645091,65679,0.0001320424481591,0.000867,0.000304,VSL,VSL_2015_USD,,1.0010226042289696,0.0010215595778252373,8.67241595264153,0.008859389579305333
O3_MAIN,O3,Mortality,Respiratory mortality,0,99,175,12,5,11.645732689137136,10.481159420223426,1.1645732689137116,88377,0.0001320424481591,0.000867,0.000304,VSL,VSL_2015_USD,,1.0010101949276717,0.001009175463737133,11.669515440956781,0.011776588656715194
O3_MAIN,O3,Mortality,Respiratory mortality,0,99,216,12,6,11.810791803570371,10.629712623213337,1.1810791803570382,88376,0.0001320424481591,0.000867,0.000304,VSL,VSL_2015_USD,,1.001024520111915,0.0010234715447334786,11.669383398508621,0.011943281852958829
O3_MAIN,O3,Mortality,Respiratory mortality,0,99,257,12,7,12.359944395637388,11.12394995607365,1.235994439563738,88377,0.0001320424481591,0.000867,0.000304,VSL,VSL_2015_USD,,1.001072181555225,0.001071033213168926,11.669515440956781,0.012498438618852336
O3_MAIN,O3,Mortality,Respiratory mortality,0,99,298,12,8,11.75587806901074,10.580290262109664,1.175587806901074,88375,0.0001320424481591,0.000867,0.000304,VSL,VSL_2015_USD,,1.0010197542247123,0.001018715385394331,11.669251356060462,0.011887645892452453
O3_MAIN,O3,Mortality,Respiratory mortality,0,99,339,12,9,11.86692514414126,10.680232629727136,1.1866925144141245,88375,0.0001320424481591,0.000867,0.000304,VSL,VSL_2015_USD,,1.0010293918704916,0.0010283333125393757,11.669251356060462,0.011999879901832256
O3_MAIN,O3,Mortality,Respiratory mortality,0,99,380,12,10,11.838941809604234,10.655047628643812,1.1838941809604222,88376,0.0001320424481591,0.000867,0.000304,VSL,VSL_2015_USD,,1.001026963220869,0.001025909649391088,11.669383398508621,0.011971733030974162
O3_MAIN,O3,Mortality,Respiratory mortality,0,99,421,12,11,11.870357394708671,10.683321655237808,1.1870357394708648,88376,0.0001320424481591,0.000867,0.000304,VSL,VSL_2015_USD,,1.0010296897529825,0.0010286305826119335,11.669383398508621,0.012003484643929948
O3_MAIN,O3,Mortality,Respiratory mortality,0,99,462,12,12,11.888033263364555,10.6992299370281,1.1888033263364566,74661,0.0001320424481591,0.000867,0.000304,VSL,VSL_2015_USD,,1.0010312238299677,0.0010301615028772693,9.858421222006564,0.010155766022059448
O3_MAIN,O3,Mortality,Respiratory mortality,0,99,503,12,13,11.79193766831444,10.612743901482997,1.1791937668314445,110,0.0001320424481591,0.000867,0.000304,VSL,VSL_2015_USD,,1.0010228837849904,0.0010218385628935067,0.014524669297501,1.4841867201461861e-05
O3_MAIN,O3,Mortality,Respiratory mortality,0,99,135,13,4,11.82663472140782,10.643971249267038,1.1826634721407832,27480,0.0001320424481591,0.000867,0.000304,VSL,VSL_2015_USD,,1.0010258951010973,0.001024843718946511,3.628526475412068,0.003718672567357179
O3_MAIN,O3,Mortality,Respiratory mortality,0,99,176,13,5,11.892772088350643,10.70349487951558,1.1892772088350654,88377,0.0001320424481591,0.000867,0.000304,VSL,VSL_2015_USD,,1.0010316351098631,0.0010305719356710208,11.669515440956781,0.012026275116329695
O3_MAIN,O3,Mortality,Respiratory mortality,0,99,217,13,6,12.018065588295174,10.81625902946566,1.2018065588295157,88377,0.0001320424481591,0.000867,0.000304,VSL,VSL_2015_USD,,1.0010425093219681,0.0010414236281276468,11.669515440956781,0.012152909109012807
O3_MAIN,O3,Mortality,Respiratory mortality,0,99,258,13,7,12.483245965504612,11.234921368954152,1.2483245965504608,88376,0.0001320424481591,0.000867,0.000304,VSL,VSL_2015_USD,,1.0010828833204195,0.0010817119525885488,11.669383398508621,0.012622911501505156
O3_MAIN,O3,Mortality,Respiratory mortality,0,99,299,13,8,11.7784401995898,10.60059617963082,1.1778440199589788,88375,0.0001320424481591,0.000867,0.000304,VSL,VSL_2015_USD,,1.0010217123581275,0.0010206695274577182,11.669251356060462,0.01191044926737557
O3_MAIN,O3,Mortality,Respiratory mortality,0,99,340,13,9,12.117047350392818,10.905342615353536,1.211704735039282,88377,0.0001320424481591,0.000867,0.000304,VSL,VSL_2015_USD,,1.0010511000241253,0.0010499963729123651,11.669515440956781,0.01225294888664946
O3_MAIN,O3,Mortality,Respiratory mortality,0,99,381,13,10,11.80315987644448,10.62284388880003,1.1803159876444482,88376,0.0001320424481591,0.000867,0.000304,VSL,VSL_2015_USD,,1.0010238577461397,0.001022810533651941,11.669383398508621,0.011935568261217704
O3_MAIN,O3,Mortality,Respiratory mortality,0,99,422,13,11,12.042733902735224,10.8384605124617,1.2042733902735223,88378,0.0001320424481591,0.000867,0.000304,VSL,VSL_2015_USD,,1.001044650296779,0.0010435601413675277,11.669647483404939,0.012177978977491273
O3_MAIN,O3,Mortality,Respiratory mortality,0,99,463,13,12,11.983284647021277,10.78495618231915,1.1983284647021275,80098,0.0001320424481591,0.000867,0.000304,VSL,VSL_2015_USD,,1.0010394906752162,0.0010384112563982528,10.576336012647591,0.010982586366983472
O3_MAIN,O3,Mortality,Respiratory mortality,0,99,504,13,13,11.86984877454812,10.68286389709331,1.1869848774548115,585,0.0001320424481591,0.000867,0.000304,VSL,VSL_2015_USD,,1.0010296456102088,0.001028586530602893,0.0772448321730735,7.945299393190439e-05
O3_MAIN,O3,Mortality,Respiratory mortality,0,99,136,14,4,12.097092837091507,10.887383553382357,1.2097092837091503,5922,0.0001320424481591,0.000867,0.000304,VSL,VSL_2015_USD,,1.0010493681508579,0.0010482681316670295,0.7819553779981901,0.0008196989031411486
O3_MAIN,O3,Mortality,Respiratory mortality,0,99,177,14,5,11.573626484281895,10.416263835853709,1.1573626484281905,84182,0.0001320424481591,0.000867,0.000304,VSL,VSL_2015_USD,,1.0010039370239292,0.0010029301452239014,11.115597370929356,0.011148167685476596
O3_MAIN,O3,Mortality,Respiratory mortality,0,99,218,14,6,11.59529142654331,10.43576228388898,1.1595291426543302,76565,0.0001320424481591,0.000867,0.000304,VSL,VSL_2015_USD,,1.0010058172619347,0.001004806610101272,10.109830043301491,0.010158424054509767
O3_MAIN,O3,Mortality,Respiratory mortality,0,99,259,14,7,12.054848275059912,10.84936344755392,1.2054848275059928,45742,0.0001320424481591,0.000867,0.000304,VSL,VSL_2015_USD,,1.0010457017106247,0.001044609360829063,6.039885663693552,0.006309321102631542
O3_MAIN,O3,Mortality,Respiratory mortality,0,99,300,14,8,11.410648809226943,10.26958392830425,1.1410648809226949,65052,0.0001320424481591,0.000867,0.000304,VSL,VSL_2015_USD,,1.000989792773637,0.0009888140526334022,8.589625337645773,0.008493542240720072
O3_MAIN,O3,Mortality,Respiratory mortality,0,99,341,14,9,11.856033708220922,10.670430337398829,1.1856033708220934,88375,0.0001320424481591,0.000867,0.000304,VSL,VSL_2015_USD,,1.0010284466114017,0.001027389995642003,11.669251356060462,0.011988872099848395
O3_MAIN,O3,Mortality,Respiratory mortality,0,99,382,14,10,11.85883844213308,10.672954597919771,1.1858838442133075,88375,0.0001320424481591,0.000867,0.000304,VSL,VSL_2015_USD,,1.0010286900319492,0.0010276329162117737,11.669251356060462,0.011991706801036606
O3_MAIN,O3,Mortality,Respiratory mortality,0,99,423,14,11,11.996249697981735,10.796624728183565,1.1996249697981725,88378,0.0001320424481591,0.000867,0.000304,VSL,VSL_2015_USD,,1.001040615914227,0.0010395341584384932,11.669647483404939,0.012130997175935233
O3_MAIN,O3,Mortality,Respiratory mortality,0,99,464,14,12,12.238407999166812,11.014567199250132,1.2238407999166796,82755,0.0001320424481591,0.000867,0.000304,VSL,VSL_2015_USD,,1.0010616331074293,0.0010605072378350178,10.92717279740632,0.01158834584072332
O3_MAIN,O3,Mortality,Respiratory mortality,0,99,505,14,13,11.51704528232447,10.365340754092024,1.151704528232445,30061,0.0001320424481591,0.000867,0.000304,VSL,VSL_2015_USD,,1.0009990265208601,0.0009980294629581277,3.969328034110705,0.003961506326188148
O3_MAIN,O3,Mortality,Respiratory mortality,0,99,546,14,14,12.133562841340536,10.920206557206482,1.2133562841340524,33,0.0001320424481591,0.000867,0.000304,VSL,VSL_2015_USD,,1.0010525334232796,0.0010514267614709638,0.0043574007892503,4.581487800272464e-06
O3_MAIN,O3,Mortality,Respiratory mortality,0,99,178,15,5,11.938971496773451,10.745074347096104,1.1938971496773458,32375,0.0001320424481591,0.000867,0.000304,VSL,VSL_2015_USD,,1.0010356447388065,0.0010345732884233794,4.274874259150862,0.0044226707198861655
O3_MAIN,O3,Mortality,Respiratory mortality,0,99,219,15,6,11.74314818046523,10.568833362418708,1.174314818046522,5064,0.0001320424481591,0.000867,0.000304,VSL,VSL_2015_USD,,1.0010186494185014,0.0010176128277862295,0.6686629574776823,0.0006804400029947677
O3_MAIN,O3,Mortality,Respiratory mortality,0,99,301,15,8,11.962546502346497,10.766291852111843,1.1962546502346516,35569,0.0001320424481591,0.000867,0.000304,VSL,VSL_2015_USD,,1.0010376908106897,0.0010366151247006572,4.6966178385710275,0.004868585086401637
O3_MAIN,O3,Mortality,Respiratory mortality,0,99,342,15,9,12.233257670801317,11.009931903721183,1.223325767080132,88375,0.0001320424481591,0.000867,0.000304,VSL,VSL_2015_USD,,1.0010611861000052,0.0010600611778180946,11.669251356060462,0.012370120336760852
O3_MAIN,O3,Mortality,Respiratory mortality,0,99,383,15,10,11.79536608481346,10.615829476332117,1.179536608481344,88376,0.0001320424481591,0.000867,0.000304,VSL,VSL_2015_USD,,1.0010231813327908,0.0010221355028247059,11.669383398508621,0.011927691067688885
O3_MAIN,O3,Mortality,Respiratory mortality,0,99,424,15,11,11.647366359466156,10.48262972351954,1.164736635946614,88378,0.0001320424481591,0.000867,0.000304,VSL,VSL_2015_USD,,1.0010103367099825,0.001009316960005835,11.669647483404939,0.011778373122290015
O3_MAIN,O3,Mortality,Respiratory mortality,0,99,465,15,12,12.170437017560552,10.9533933158045,1.2170437017560527,88371,0.0001320424481591,0.000867,0.000304,VSL,VSL_2015_USD,,1.0010557337844135,0.0010546203860422043,11.668723186267826,0.012306073351321395
O3_MAIN,O3,Mortality,Respiratory mortality,0,99,506,15,13,11.65630002799772,10.490670025197948,1.165630002799773,71500,0.0001320424481591,0.000867,0.000304,VSL,VSL_2015_USD,,1.0010111120418999,0.0010100907270023107,9.44103504337565,0.009536301950617602
O3_MAIN,O3,Mortality,Respiratory mortality,0,99,547,15,14,11.896991877374536,10.70729268963708,1.189699187737455,5126,0.0001320424481591,0.000867,0.000304,VSL,VSL_2015_USD,,1.001032001343068,0.0010309374142719596,0.6768495892635465,0.0006977895654063985
O3_MAIN,O3,Mortality,Respiratory mortality,0,99,302,16,8,12.16203823014461,10.945834407130148,1.216203823014462,32382,0.0001320424481591,0.000867,0.000304,VSL,VSL_2015_USD,,1.0010550048410511,0.0010538929788564966,4.275798556287976,0.004506234077476642
O3_MAIN,O3,Mortality,Respiratory mortality,0,99,343,16,9,11.870359434738742,10.683323491264868,1.187035943473873,88375,0.0001320424481591,0.000867,0.000304,VSL,VSL_2015_USD,,1.0010296899300353,0.0010286307593005972,11.669251356060462,0.012003350882853998
O3_MAIN,O3,Mortality,Respiratory mortality,0,99,384,16,10,12.067633069576717,10.860869762619044,1.2067633069576704,88377,0.0001320424481591,0.000867,0.000304,VSL,VSL_2015_USD,,1.0010468113120237,0.0010457166440114296,11.669515440956781,0.012203006524156883
O3_MAIN,O3,Mortality,Respiratory mortality,0,99,425,16,11,11.808369207077504,10.627532286369751,1.1808369207077511,88377,0.0001320424481591,0.000867,0.000304,VSL,VSL_2015_USD,,1.001024309857632,0.00102326172056455,11.669515440956781,0.01194096844826802
O3_MAIN,O3,Mortality,Respiratory mortality,0,99,466,16,12,12.0018395096765,10.801655558708848,1.2001839509676504,88371,0.0001320424481591,0.000867,0.000304,VSL,VSL_2015_USD,,1.0010411010553393,0.0010400182911987077,11.668723186267826,0.012135685548653003
O3_MAIN,O3,Mortality,Respiratory mortality,0,99,507,16,13,11.56950273693791,10.412552463244118,1.156950273693791,36518,0.0001320424481591,0.000867,0.000304,VSL,VSL_2015_USD,,1.0010035791361618,0.0010025729748418533,4.8219261218740135,0.0048343328164748706
O3_MAIN,O3,Mortality,Respiratory mortality,0,99,303,17,8,11.86481021077768,10.678329189699914,1.186481021077766,24978,0.0001320424481591,0.000867,0.000304,VSL,VSL_2015_USD,,1.0010292083170316,0.0010281501363600398,3.2981562701179996,0.0033909998188585417
O3_MAIN,O3,Mortality,Respiratory mortality,0,99,344,17,9,12.167914416023914,10.951122974421525,1.216791441602389,88377,0.0001320424481591,0.000867,0.000304,VSL,VSL_2015_USD,,1.0010555148439853,0.0010544019071206945,11.669515440956781,0.012304359336119222
O3_MAIN,O3,Mortality,Respiratory mortality,0,99,385,17,10,12.03730222226466,10.833572000038194,1.203730222226465,88376,0.0001320424481591,0.000867,0.000304,VSL,VSL_2015_USD,,1.0010441788782394,0.0010430897060003108,11.669383398508621,0.012172213698355265
O3_MAIN,O3,Mortality,Respiratory mortality,0,99,426,17,11,12.041763884969214,10.837587496472292,1.204176388496922,88377,0.0001320424481591,0.000867,0.000304,VSL,VSL_2015_USD,,1.0010445661083864,0.0010434761285876837,11.669515440956781,0.012176860794823777
O3_MAIN,O3,Mortality,Respiratory mortality,0,99,467,17,12,12.160809437310762,10.944728493579683,1.2160809437310771,88369,0.0001320424481591,0.000867,0.000304,VSL,VSL_2015_USD,,1.0010548981923217,0.0010537865547900482,11.668459101371507,0.012296065316142862
O3_MAIN,O3,Mortality,Respiratory mortality,0,99,508,17,13,11.76619740695774,10.589577666261963,1.1766197406957737,32087,0.0001320424481591,0.000867,0.000304,VSL,VSL_2015_USD,,1.0010206498240735,0.001019609160163526,4.236846034081042,0.004319927026551537
O3_MAIN,O3,Mortality,Respiratory mortality,0,99,304,18,8,11.841326995857798,10.65719429627202,1.1841326995857795,8201,0.0001320424481591,0.000867,0.000304,VSL,VSL_2015_USD,,1.00102717022891,0.0010261162328643048,1.0828801173527791,0.00111116086666169
O3_MAIN,O3,Mortality,Respiratory mortality,0,99,345,18,9,12.110776511444048,10.899698860299644,1.2110776511444037,86300,0.0001320424481591,0.000867,0.000304,VSL,VSL_2015_USD,,1.0010505557710725,0.001049453261891764,11.39526327613033,0.011958796215250403
O3_MAIN,O3,Mortality,Respiratory mortality,0,99,386,18,10,11.81998697416947,10.637988276752523,1.1819986974169456,88376,0.0001320424481591,0.000867,0.000304,VSL,VSL_2015_USD,,1.0010253181502933,0.0010242679497736162,11.669383398508621,0.011952575408712699
O3_MAIN,O3,Mortality,Respiratory mortality,0,99,427,18,11,12.141050090072005,10.926945081064805,1.2141050090072003,88377,0.0001320424481591,0.000867,0.000304,VSL,VSL_2015_USD,,1.0010531832512017,0.0010520752231976127,11.669515440956781,0.012277208062152593
O3_MAIN,O3,Mortality,Respiratory mortality,0,99,468,18,12,12.052921616614992,10.847629454953497,1.2052921616614984,60568,0.0001320424481591,0.000867,0.000304,VSL,VSL_2015_USD,,1.001045534494676,0.001044442494020914,7.997547000100369,0.008352977934834308
O3_MAIN,O3,Mortality,Respiratory mortality,0,99,509,18,13,11.634886681296068,10.47139801316646,1.1634886681296075,423,0.0001320424481591,0.000867,0.000304,VSL,VSL_2015_USD,,1.0010092536292987,0.0010082360633926202,0.055853955571299296,5.631397229011311e-05
O3_MAIN,O3,Mortality,Respiratory mortality,0,99,346,19,9,11.726366874645532,10.553730187180978,1.1726366874645535,33933,0.0001320424481591,0.000867,0.000304,VSL,VSL_2015_USD,,1.0010171929982734,0.0010161593680790837,4.48059639338274,0.004552999999717227
O3_MAIN,O3,Mortality,Respiratory mortality,0,99,387,19,10,12.01349038616007,10.812141347544063,1.2013490386160068,88291,0.0001320424481591,0.000867,0.000304,VSL,VSL_2015_USD,,1.0010421122384896,0.0010410273711255469,11.658159790415098,0.012136463438777386
O3_MAIN,O3,Mortality,Respiratory mortality,0,99,428,19,11,11.564724760422513,10.408252284380264,1.15647247604225,88377,0.0001320424481591,0.000867,0.000304,VSL,VSL_2015_USD,,1.0010031644699506,0.0010021591395086293,11.669515440956781,0.011694711552791911
O3_MAIN,O3,Mortality,Respiratory mortality,0,99,469,19,12,11.696407957704976,10.52676716193448,1.169640795770496,37663,0.0001320424481591,0.000867,0.000304,VSL,VSL_2015_USD,,1.0010145929214556,0.0010135645660215298,4.973114725016183,0.005040572868036307
O3_MAIN,O3,Mortality,Respiratory mortality,0,99,347,20,9,11.87022610372219,10.683203493349971,1.1870226103722192,2135,0.0001320424481591,0.000867,0.000304,VSL,VSL_2015_USD,,1.001029678358333,0.00102861921139219,0.2819106268196785,0.00028997868664233564
O3_MAIN,O3,Mortality,Respiratory mortality,0,99,388,20,10,11.862717370073534,10.67644563306618,1.1862717370073543,86731,0.0001320424481591,0.000867,0.000304,VSL,VSL_2015_USD,,1.0010290266810098,0.0010279688736116732,11.452173571286902,0.01177247796648117
O3_MAIN,O3,Mortality,Respiratory mortality,0,99,429,20,11,12.129186070006716,10.916267463006044,1.2129186070006703,88376,0.0001320424481591,0.000867,0.000304,VSL,VSL_2015_USD,,1.0010521535578762,0.001051047694305196,11.669383398508621,0.01226507851496582
O3_MAIN,O3,Mortality,Respiratory mortality,0,99,470,20,12,11.826402710219307,10.643762439197378,1.1826402710219297,14834,0.0001320424481591,0.000867,0.000304,VSL,VSL_2015_USD,,1.001025874965091,0.0010248236241914288,1.9587176759920892,0.0020073401474780257
O3_MAIN,O3,Mortality,Respiratory mortality,0,99,348,21,9,12.013779739330824,10.81240176539774,1.2013779739330823,32334,0.0001320424481591,0.000867,0.000304,VSL,VSL_2015_USD,,1.0010421373515532,0.0010410524319289793,4.269460518776339,0.004444732256096869
O3_MAIN,O3,Mortality,Respiratory mortality,0,99,389,21,10,11.982987950281936,10.784689155253742,1.1982987950281938,88377,0.0001320424481591,0.000867,0.000304,VSL,VSL_2015_USD,,1.00103946492487,0.0010383855595023084,11.669515440956781,0.012117456320278734
O3_MAIN,O3,Mortality,Respiratory mortality,0,99,430,21,11,12.090793510170911,10.88171415915382,1.209079351017092,88378,0.0001320424481591,0.000867,0.000304,VSL,VSL_2015_USD,,1.0010488214262492,0.0010477225523873868,11.669647483404939,0.012226552846774067
O3_MAIN,O3,Mortality,Respiratory mortality,0,99,471,21,12,11.71844863553981,10.546603771985827,1.1718448635539822,56261,0.0001320424481591,0.000867,0.000304,VSL,VSL_2015_USD,,1.0010165057888643,0.0010154735541181292,7.428840175879125,0.007543790736375523
O3_MAIN,O3,Mortality,Respiratory mortality,0,99,349,22,9,12.26933961420047,11.042405652780422,1.2269339614200483,30021,0.0001320424481591,0.000867,0.000304,VSL,VSL_2015_USD,,1.0010643177291094,0.0010631861612286908,3.964046336184341,0.004214519207100486
O3_MAIN,O3,Mortality,Respiratory mortality,0,99,390,22,10,11.723789476985214,10.551410529286692,1.1723789476985207,88377,0.0001320424481591,0.000867,0.000304,VSL,VSL_2015_USD,,1.001016969310619,0.0010159361347483742,11.669515440956781,0.011855482411472102
O3_MAIN,O3,Mortality,Respiratory mortality,0,99,431,22,11,12.288635496530524,11.059771946877472,1.2288635496530524,88377,0.0001320424481591,0.000867,0.000304,VSL,VSL_2015_USD,,1.001065992464062,0.0010648573341682788,11.669515440956781,0.012426369103492804
O3_MAIN,O3,Mortality,Respiratory mortality,0,99,472,22,12,11.786405039095357,10.60776453518582,1.1786405039095342,87172,0.0001320424481591,0.000867,0.000304,VSL,VSL_2015_USD,,1.0010224036154964,0.0010213593739797355,11.510404290925065,0.011756259320832886
O3_MAIN,O3,Mortality,Respiratory mortality,0,99,513,22,13,11.484368820710394,10.335931938639357,1.148436882071039,29744,0.0001320424481591,0.000867,0.000304,VSL,VSL_2015_USD,,1.0009961906453642,0.0009951992371937113,3.9274705780442702,0.0039086157233704025
O3_MAIN,O3,Mortality,Respiratory mortality,0,99,350,23,9,11.959728507249418,10.763755656524475,1.1959728507249423,41325,0.0001320424481591,0.000867,0.000304,VSL,VSL_2015_USD,,1.001037446237016,0.0010363710577618868,5.456654170174807,0.005655118454184875
O3_MAIN,O3,Mortality,Respiratory mortality,0,99,391,23,10,12.0179044709926,10.81611402389334,1.2017904470992598,88376,0.0001320424481591,0.000867,0.000304,VSL,VSL_2015_USD,,1.0010424953385355,0.0010414096738049494,11.669383398508621,0.012152608758545756
O3_MAIN,O3,Mortality,Respiratory mortality,0,99,432,23,11,12.243485483087609,11.01913693477885,1.2243485483087593,88377,0.0001320424481591,0.000867,0.000304,VSL,VSL_2015_USD,,1.001062073792732,0.0010609469887399303,11.669515440956781,0.012380737267137216
O3_MAIN,O3,Mortality,Respiratory mortality,0,99,473,23,12,11.730753496273708,10.55767814664634,1.1730753496273696,88375,0.0001320424481591,0.000867,0.000304,VSL,VSL_2015_USD,,1.0010175737053,0.0010165393016361435,11.669251356060462,0.011862252624106322
O3_MAIN,O3,Mortality,Respiratory mortality,0,99,514,23,13,11.834874498277982,10.651387048450184,1.1834874498277976,78902,0.0001320424481591,0.000867,0.000304,VSL,VSL_2015_USD,,1.001026610222895,0.0010255573752095959,10.418413244649308,0.010684680541031433
O3_MAIN,O3,Mortality,Respiratory mortality,0,99,555,23,14,12.222295321220496,11.000065789098446,1.22222953212205,815,0.0001320424481591,0.000867,0.000304,VSL,VSL_2015_USD,,1.0010602346561595,0.0010591117491782764,0.10761459524966649,0.00011397588221198652
O3_MAIN,O3,Mortality,Respiratory mortality,0,99,351,24,9,12.228604323467204,11.005743891120485,1.222860432346721,31973,0.0001320424481591,0.000867,0.000304,VSL,VSL_2015_USD,,1.0010607822267423,0.0010596581601994837,4.221793194990904,0.004473657609746762
O3_MAIN,O3,Mortality,Respiratory mortality,0,99,392,24,10,12.239576264658986,11.015618638193088,1.2239576264658982,88377,0.0001320424481591,0.000867,0.000304,VSL,VSL_2015_USD,,1.001061734503584,0.001060608419030662,11.669515440956781,0.012376786322687069
O3_MAIN,O3,Mortality,Respiratory mortality,0,99,433,24,11,12.213075587694018,10.991768028924614,1.2213075587694036,88376,0.0001320424481591,0.000867,0.000304,VSL,VSL_2015_USD,,1.001059434458083,0.0010583132445642907,11.669383398508621,0.012349863006540328
O3_MAIN,O3,Mortality,Respiratory mortality,0,99,474,24,12,11.793481064894396,10.614132958404957,1.1793481064894404,88372,0.0001320424481591,0.000867,0.000304,VSL,VSL_2015_USD,,1.0010230177343573,0.0010219722386332064,11.668855228715985,0.011925246100377672
O3_MAIN,O3,Mortality,Respiratory mortality,0,99,515,24,13,12.153096103605709,10.937786493245138,1.2153096103605705,84667,0.0001320424481591,0.000867,0.000304,VSL,VSL_2015_USD,,1.0010542287410544,0.001053118513249962,11.17963795828652,0.01177348370530354
O3_MAIN,O3,Mortality,Respiratory mortality,0,99,556,24,14,11.617595521436195,10.455835969292576,1.1617595521436197,6555,0.0001320424481591,0.000867,0.000304,VSL,VSL_2015_USD,,1.0010077529738477,0.0010067384302008264,0.8655382476829004,0.0008713706167510572
O3_MAIN,O3,Mortality,Respiratory mortality,0,99,352,25,9,11.960015519636078,10.764013967672472,1.1960015519636062,11823,0.0001320424481591,0.000867,0.000304,VSL,VSL_2015_USD,,1.001037471146806,0.0010363959159465086,1.5611378645850391,0.0016179569070853882
O3_MAIN,O3,Mortality,Respiratory mortality,0,99,393,25,10,11.97666680685652,10.779000126170873,1.19766668068565,88376,0.0001320424481591,0.000867,0.000304,VSL,VSL_2015_USD,,1.0010389163122135,0.001037838085297338,11.669383398508621,0.012110930522908729
O3_MAIN,O3,Mortality,Respiratory mortality,0,99,434,25,11,12.324489109188717,11.092040198269846,1.2324489109188708,88374,0.0001320424481591,0.000867,0.000304,VSL,VSL_2015_USD,,1.0010691042907622,0.0010679625274417903,11.669119313612303,0.012462182155185204
O3_MAIN,O3,Mortality,Respiratory mortality,0,99,475,25,12,11.673755487412288,10.506379938671062,1.1673755487412265,88373,0.0001320424481591,0.000867,0.000304,VSL,VSL_2015_USD,,1.0010126269615827,0.0010116025855300137,11.668987271164143,0.011804377694026466
O3_MAIN,O3,Mortality,Respiratory mortality,0,99,516,25,13,11.8766365442923,10.68897288986307,1.1876636544292296,40091,0.0001320424481591,0.000867,0.000304,VSL,VSL_2015_USD,,1.0010302347159652,0.0010291744247439283,5.293713789146478,0.0054481548437038275
O3_MAIN,O3,Mortality,Respiratory mortality,0,99,353,26,9,11.804386494932494,10.623947845439243,1.180438649493249,30,0.0001320424481591,0.000867,0.000304,VSL,VSL_2015_USD,,1.0010239642028531,0.0010229167726955035,0.003961273444773,4.052053047891597e-06
O3_MAIN,O3,Mortality,Respiratory mortality,0,99,394,26,10,11.98265237048605,10.784387133437448,1.198265237048604,65713,0.0001320424481591,0.000867,0.000304,VSL,VSL_2015_USD,,1.0010394357998589,0.001038356494945103,8.676905395878938,0.009009721073835105
O3_MAIN,O3,Mortality,Respiratory mortality,0,99,435,26,11,12.398979341926546,11.159081407733892,1.2398979341926548,88373,0.0001320424481591,0.000867,0.000304,VSL,VSL_2015_USD,,1.0010755695194173,0.0010744139125618002,11.668987271164143,0.012537322269645311
O3_MAIN,O3,Mortality,Respiratory mortality,0,99,476,26,12,11.764000482752447,10.587600434477205,1.1764000482752444,88372,0.0001320424481591,0.000867,0.000304,VSL,VSL_2015_USD,,1.0010204591563565,0.0010194188810251914,11.668855228715985,0.011895451340102604
O3_MAIN,O3,Mortality,Respiratory mortality,0,99,517,26,13,11.700484587346985,10.530436128612289,1.1700484587346978,41250,0.0001320424481591,0.000867,0.000304,VSL,VSL_2015_USD,,1.0010149467239096,0.0010139176515109316,5.446750986562875,0.00552255696866068
O3_MAIN,O3,Mortality,Respiratory mortality,0,99,395,27,10,12.15853536165868,10.94268182549281,1.21585353616587,29100,0.0001320424481591,0.000867,0.000304,VSL,VSL_2015_USD,,1.0010547008219959,0.0010535896001786504,3.84243524142981,0.00404834980973039
O3_MAIN,O3,Mortality,Respiratory mortality,0,99,436,27,11,11.830511413523157,10.64746027217084,1.1830511413523173,88373,0.0001320424481591,0.000867,0.000304,VSL,VSL_2015_USD,,1.001026231555173,0.0010251794836371175,11.668987271164143,0.011962806345220154
O3_MAIN,O3,Mortality,Respiratory mortality,0,99,477,27,12,11.852469294293082,10.667222364863774,1.185246929429308,88373,0.0001320424481591,0.000867,0.000304,VSL,VSL_2015_USD,,1.0010281372589362,0.0010270812784058947,11.668987271164143,0.01198499836416938
O3_MAIN,O3,Mortality,Respiratory mortality,0,99,518,27,13,12.070993597134285,10.863894237420856,1.2070993597134283,71036,0.0001320424481591,0.000867,0.000304,VSL,VSL_2015_USD,,1.0010471029748018,0.0010460076970306709,9.379767347429826,0.009811308841768557
O3_MAIN,O3,Mortality,Respiratory mortality,0,99,559,27,14,11.700727207876216,10.530654487088595,1.170072720787621,15036,0.0001320424481591,0.000867,0.000304,VSL,VSL_2015_USD,,1.0010149677804594,0.0010139386653826854,1.9853902505202274,0.0020130639408762747
O3_MAIN,O3,Mortality,Respiratory mortality,0,99,396,28,10,11.820777194357523,10.63869947492177,1.1820777194357532,7120,0.0001320424481591,0.000867,0.000304,VSL,VSL_2015_USD,,1.0010253867326326,0.0010243363916868642,0.9401422308927919,0.0009630219004651612
O3_MAIN,O3,Mortality,Respiratory mortality,0,99,437,28,11,11.881030377086237,10.692927339377611,1.1881030377086237,87523,0.0001320424481591,0.000867,0.000304,VSL,VSL_2015_USD,,1.001030616053804,0.00102955497791557,11.556751190228908,0.01189831071643186
O3_MAIN,O3,Mortality,Respiratory mortality,0,99,478,28,12,11.759300519167072,10.583370467250363,1.1759300519167066,88371,0.0001320424481591,0.000867,0.000304,VSL,VSL_2015_USD,,1.001020051253773,0.0010190118094991485,11.668723186267826,0.011890566728583447
O3_MAIN,O3,Mortality,Respiratory mortality,0,99,519,28,13,11.62885987174644,10.4659738845718,1.1628859871746418,88373,0.0001320424481591,0.000867,0.000304,VSL,VSL_2015_USD,,1.0010087305776878,0.0010077140656962191,11.668987271164143,0.011759002605582249
O3_MAIN,O3,Mortality,Respiratory mortality,0,99,560,28,14,12.118655551399437,10.906789996259494,1.2118655551399424,77991,0.0001320424481591,0.000867,0.000304,VSL,VSL_2015_USD,,1.0010512396017182,0.001050135657527873,10.298122574376368,0.01081442572094536
O3_MAIN,O3,Mortality,Respiratory mortality,0,99,601,28,15,11.580727285112893,10.422654556601604,1.1580727285112875,3938,0.0001320424481591,0.000867,0.000304,VSL,VSL_2015_USD,,1.001004553281614,0.0010035451670232787,0.5199831608505358,0.0005218265880050433
O3_MAIN,O3,Mortality,Respiratory mortality,0,99,397,29,10,11.851092859507476,10.66598357355673,1.1851092859507464,2535,0.0001320424481591,0.000867,0.000304,VSL,VSL_2015_USD,,1.0010280177993527,0.0010269620640716015,0.3347276060833185,0.0003437525532450707
O3_MAIN,O3,Mortality,Respiratory mortality,0,99,438,29,11,12.178153936124144,10.96033854251173,1.2178153936124136,83412,0.0001320424481591,0.000867,0.000304,VSL,VSL_2015_USD,,1.0010564035478229,0.0010552887370570696,11.013924685846849,0.011622870671769004
O3_MAIN,O3,Mortality,Respiratory mortality,0,99,479,29,12,12.302732832786267,11.07245954950764,1.2302732832786276,88373,0.0001320424481591,0.000867,0.000304,VSL,VSL_2015_USD,,1.0010672160067606,0.001066078270965387,11.668987271164143,0.012440053773959781
O3_MAIN,O3,Mortality,Respiratory mortality,0,99,520,29,13,11.457694713710852,10.311925242339766,1.1457694713710858,88373,0.0001320424481591,0.000867,0.000304,VSL,VSL_2015_USD,,1.0009938756991286,0.0009928888909880307,11.668987271164143,0.011586007830619612
O3_MAIN,O3,Mortality,Respiratory mortality,0,99,561,29,14,11.913563216440703,10.722206894796637,1.1913563216440686,88372,0.0001320424481591,0.000867,0.000304,VSL,VSL_2015_USD,,1.001033439561911,0.0010323726671539468,11.668855228715985,0.0120466071951028
O3_MAIN,O3,Mortality,Respiratory mortality,0,99,602,29,15,11.614123284082988,10.45271095567469,1.1614123284082982,54996,0.0001320424481591,0.000867,0.000304,VSL,VSL_2015_USD,,1.0010074516275376,0.0010064376902485517,7.261806478957864,0.00730855573971432
O3_MAIN,O3,Mortality,Respiratory mortality,0,99,643,29,16,12.390802663755544,11.151722397379988,1.2390802663755558,2346,0.0001320424481591,0.000867,0.000304,VSL,VSL_2015_USD,,1.001074859839181,0.0010737057559847552,0.3097715833812486,0.00033260353211695814
O3_MAIN,O3,Mortality,Respiratory mortality,0,99,398,30,10,12.009051065905632,10.808145959315068,1.2009051065905645,10141,0.0001320424481591,0.000867,0.000304,VSL,VSL_2015_USD,,1.0010417269484,0.0010406428826654768,1.3390424667814331,0.0013934650126429214
O3_MAIN,O3,Mortality,Respiratory mortality,0,99,439,30,11,11.89036596778998,10.70132937101098,1.1890365967789975,83452,0.0001320424481591,0.000867,0.000304,VSL,VSL_2015_USD,,1.0010314262840223,0.0010303635399849798,11.019206383773213,0.011353788497409655
O3_MAIN,O3,Mortality,Respiratory mortality,0,99,480,30,12,12.362484538491175,11.12623608464206,1.2362484538491163,88373,0.0001320424481591,0.000867,0.000304,VSL,VSL_2015_USD,,1.0010724020217618,0.0010712532076561088,11.668987271164143,0.012500440044332891
O3_MAIN,O3,Mortality,Respiratory mortality,0,99,521,30,13,11.539166091116442,10.3852494820048,1.1539166091116435,88375,0.0001320424481591,0.000867,0.000304,VSL,VSL_2015_USD,,1.0010009463128307,0.0009999454211482295,11.669251356060462,0.011668614461720427
O3_MAIN,O3,Mortality,Respiratory mortality,0,99,562,30,14,11.456032195121256,10.310428975609131,1.1456032195121235,88372,0.0001320424481591,0.000867,0.000304,VSL,VSL_2015_USD,,1.0009937314155197,0.0009927448937312455,11.668855228715985,0.01158419644399694
O3_MAIN,O3,Mortality,Respiratory mortality,0,99,603,30,15,12.059772574010989,10.853795316609892,1.2059772574010967,88373,0.0001320424481591,0.000867,0.000304,VSL,VSL_2015_USD,,1.0010461290938835,0.0010450358514750846,11.668987271164143,0.012194510048772944
O3_MAIN,O3,Mortality,Respiratory mortality,0,99,644,30,16,12.227489568552558,11.004740611697304,1.2227489568552556,26746,0.0001320424481591,0.000867,0.000304,VSL,VSL_2015_USD,,1.001060685474972,0.0010595616133589614,3.5316073184632883,0.003741955548101277
O3_MAIN,O3,Mortality,Respiratory mortality,0,99,440,31,11,12.228347235853898,11.005512512268508,1.2228347235853896,77384,0.0001320424481591,0.000867,0.000304,VSL,VSL_2015_USD,,1.001060759913602,0.0010596358943224526,10.217972808343793,0.010827330754931879
O3_MAIN,O3,Mortality,Respiratory mortality,0,99,481,31,12,13.848874512988036,12.463987061689236,1.384887451298802,88374,0.0001320424481591,0.000867,0.000304,VSL,VSL_2015_USD,,1.0012014185460127,0.0011999768715443837,11.669119313612303,0.014002673287626636
O3_MAIN,O3,Mortality,Respiratory mortality,0,99,522,31,13,11.52972095969838,10.376748863728542,1.1529720959698366,88374,0.0001320424481591,0.000867,0.000304,VSL,VSL_2015_USD,,1.0010001266006043,0.0009991273467675477,11.669119313612303,0.011658936218923407
O3_MAIN,O3,Mortality,Respiratory mortality,0,99,563,31,14,12.366473994154372,11.129826594738937,1.2366473994154354,88372,0.0001320424481591,0.000867,0.000304,VSL,VSL_2015_USD,,1.0010727482785562,0.0010715987228709922,11.668855228715985,0.01250433036045855
O3_MAIN,O3,Mortality,Respiratory mortality,0,99,604,31,15,11.725275688982666,10.5527481200844,1.172527568898266,88373,0.0001320424481591,0.000867,0.000304,VSL,VSL_2015_USD,,1.0010170982962485,0.0010160648584122134,11.668987271164143,0.011856447899489315
O3_MAIN,O3,Mortality,Respiratory mortality,0,99,645,31,16,11.707845519738306,10.53706096776448,1.1707845519738278,69888,0.0001320424481591,0.000867,0.000304,VSL,VSL_2015_USD,,1.0010155855646836,0.0010145551970708322,9.22818261694318,0.009362500633538415
O3_MAIN,O3,Mortality,Respiratory mortality,0,99,686,31,17,12.150534137801635,10.935480724021472,1.2150534137801632,17050,0.0001320424481591,0.000867,0.000304,VSL,VSL_2015_USD,,1.001054006384476,0.001052896624711419,2.251323741112655,0.0023704111681501993
O3_MAIN,O3,Mortality,Respiratory mortality,0,99,400,32,10,11.472571905725392,10.325314715152851,1.1472571905725388,7025,0.0001320424481591,0.000867,0.000304,VSL,VSL_2015_USD,,1.000995166834462,0.0009941774620243482,0.9275981983176774,0.0009221972225818266
O3_MAIN,O3,Mortality,Respiratory mortality,0,99,441,32,11,11.735743940772409,10.562169546695166,1.1735743940772403,85838,0.0001320424481591,0.000867,0.000304,VSL,VSL_2015_USD,,1.0010180068172068,0.001016971533253086,11.334259665080825,0.011526619429885856
O3_MAIN,O3,Mortality,Respiratory mortality,0,99,482,32,12,13.754664085314024,12.37919767678262,1.3754664085314037,88374,0.0001320424481591,0.000867,0.000304,VSL,VSL_2015_USD,,1.001193240722092,0.001191818595610461,11.669119313612303,0.013907473392360321
O3_MAIN,O3,Mortality,Respiratory mortality,0,99,523,32,13,9.91478905649132,8.92331015084219,0.9914789056491315,88374,0.0001320424481591,0.000867,0.000304,VSL,VSL_2015_USD,,1.0008599817836634,0.0008592428504642369,11.669119313612303,0.010026607341435513
O3_MAIN,O3,Mortality,Respiratory mortality,0,99,564,32,14,10.995581733233344,9.896023559910011,1.0995581733233326,88371,0.0001320424481591,0.000867,0.000304,VSL,VSL_2015_USD,,1.000953771487294,0.0009528626740442636,11.668723186267826,0.01111869077794946
O3_MAIN,O3,Mortality,Respiratory mortality,0,99,605,32,15,11.7342200050325,10.560798004529252,1.1734220005032494,88373,0.0001320424481591,0.000867,0.000304,VSL,VSL_2015_USD,,1.0010178745574825,0.0010168395423832965,11.668987271164143,0.01186548767688706
O3_MAIN,O3,Mortality,Respiratory mortality,0,99,646,32,16,11.408967007243785,10.268070306519403,1.1408967007243778,88373,0.0001320424481591,0.000867,0.000304,VSL,VSL_2015_USD,,1.000989646817092,0.0009886683845720112,11.668987271164143,0.011536758794973215
O3_MAIN,O3,Mortality,Respiratory mortality,0,99,687,32,17,12.122244319995287,10.91001988799576,1.2122244319995286,50211,0.0001320424481591,0.000867,0.000304,VSL,VSL_2015_USD,,1.0010515510750932,0.0010504464769709454,6.62998336451657,0.006964442667632406
O3_MAIN,O3,Mortality,Respiratory mortality,0,99,360,33,9,11.948769685263292,10.753892716736964,1.1948769685263283,26038,0.0001320424481591,0.000867,0.000304,VSL,VSL_2015_USD,,1.0010364951218929,0.0010354219121319064,3.4381212651666457,0.0035599060945202174
O3_MAIN,O3,Mortality,Respiratory mortality,0,99,401,33,10,11.578197978892211,10.420378181002992,1.1578197978892213,87066,0.0001320424481591,0.000867,0.000304,VSL,VSL_2015_USD,,1.0010043337704995,0.0010033260962182267,11.4964077914202,0.011534645949898434
O3_MAIN,O3,Mortality,Respiratory mortality,0,99,442,33,11,14.420699173241324,12.97862925591719,1.4420699173241331,88372,0.0001320424481591,0.000867,0.000304,VSL,VSL_2015_USD,,1.001251056537468,0.0012494933506430606,11.668855228715985,0.014580157017897133
O3_MAIN,O3,Mortality,Respiratory mortality,0,99,483,33,12,12.71250670645894,11.441256035813046,1.2712506706458946,88373,0.0001320424481591,0.000867,0.000304,VSL,VSL_2015_USD,,1.0011027819487914,0.0011015671604114319,11.668987271164143,0.012854173173173429
O3_MAIN,O3,Mortality,Respiratory mortality,0,99,524,33,13,9.923417995965655,8.931076196369093,0.9923417995965648,88375,0.0001320424481591,0.000867,0.000304,VSL,VSL_2015_USD,,1.0008607305563733,0.0008599903364124861,11.669251356060462,0.010035443399380296
O3_MAIN,O3,Mortality,Respiratory mortality,0,99,565,33,14,10.822473624774185,9.740226262296767,1.0822473624774158,88373,0.0001320424481591,0.000867,0.000304,VSL,VSL_2015_USD,,1.000938748812371,0.0009378683895342466,11.668987271164143,0.010943974299502337
O3_MAIN,O3,Mortality,Respiratory mortality,0,99,606,33,15,13.724537477078387,12.352083729370548,1.372453747707839,88374,0.0001320424481591,0.000867,0.000304,VSL,VSL_2015_USD,,1.0011906256318561,0.0011892097282719671,11.669119313612303,0.01387703020811405
O3_MAIN,O3,Mortality,Respiratory mortality,0,99,647,33,16,11.790657409884853,10.611591668896365,1.1790657409884862,88374,0.0001320424481591,0.000867,0.000304,VSL,VSL_2015_USD,,1.0010227726730523,0.001021727677903983,11.669119313612303,0.011922662179481618
O3_MAIN,O3,Mortality,Respiratory mortality,0,99,688,33,17,11.854297713336727,10.668867942003056,1.1854297713336717,78804,0.0001320424481591,0.000867,0.000304,VSL,VSL_2015_USD,,1.0010282959458643,0.0010272396395074601,10.405473084729715,0.010688914420462332
O3_MAIN,O3,Mortality,Respiratory mortality,0,99,729,33,18,11.695470846058043,10.52592376145224,1.1695470846058047,456,0.0001320424481591,0.000867,0.000304,VSL,VSL_2015_USD,,1.001014511591446,0.0010134834007881066,0.0602113563605496,6.10232102103544e-05
O3_MAIN,O3,Mortality,Respiratory mortality,0,99,361,34,9,11.974283230492295,10.776854907443065,1.1974283230492304,20956,0.0001320424481591,0.000867,0.000304,VSL,VSL_2015_USD,,1.001038709441466,0.0010376316436807587,2.7670815436220995,0.00287121137030729
O3_MAIN,O3,Mortality,Respiratory mortality,0,99,402,34,10,12.00431811243484,10.803886301191351,1.2004318112434866,76970,0.0001320424481591,0.000867,0.000304,VSL,VSL_2015_USD,,1.0010413161739489,0.0010402329625402995,10.163307234805927,0.010572207194069429
O3_MAIN,O3,Mortality,Respiratory mortality,0,99,443,34,11,11.363556547772898,10.227200892995606,1.136355654777292,88316,0.0001320424481591,0.000867,0.000304,VSL,VSL_2015_USD,,1.0009857058416884,0.0009847351824665562,11.661460851619076,0.011483450779545712
O3_MAIN,O3,Mortality,Respiratory mortality,0,99,484,34,12,12.531441421510785,11.278297279359704,1.2531441421510792,88373,0.0001320424481591,0.000867,0.000304,VSL,VSL_2015_USD,,1.0010870664000726,0.0010858859699203194,11.668987271164143,0.012671189560935936
O3_MAIN,O3,Mortality,Respiratory mortality,0,99,525,34,13,8.794979294172583,7.915481364755325,0.8794979294172576,88374,0.0001320424481591,0.000867,0.000304,VSL,VSL_2015_USD,,1.0007628155006758,0.0007622340567221553,11.669119313612303,0.008894600152789558
O3_MAIN,O3,Mortality,Respiratory mortality,0,99,566,34,14,13.258241858806846,11.932417672926162,1.325824185880684,88372,0.0001320424481591,0.000867,0.000304,VSL,VSL_2015_USD,,1.0011501504855078,0.0011488291590928679,11.668855228715985,0.0134055211399822
O3_MAIN,O3,Mortality,Respiratory mortality,0,99,607,34,15,12.952190296582565,11.656971266924309,1.2952190296582555,88373,0.0001320424481591,0.000867,0.000304,VSL,VSL_2015_USD,,1.0011235856486451,0.0011223246208080795,11.668987271164143,0.013096391714323603
O3_MAIN,O3,Mortality,Respiratory mortality,0,99,648,34,16,12.159486269890149,10.943537642901132,1.2159486269890143,72285,0.0001320424481591,0.000867,0.000304,VSL,VSL_2015_USD,,1.0010547833526966,0.0010536719570569675,9.544688365180543,0.01005697046923865
O3_MAIN,O3,Mortality,Respiratory mortality,0,99,689,34,17,11.996575673415784,10.796918106074209,1.1996575673415766,15395,0.0001320424481591,0.000867,0.000304,VSL,VSL_2015_USD,,1.0010406442057076,0.001039562391128901,2.0327934894093445,0.0021132156605216403
O3_MAIN,O3,Mortality,Respiratory mortality,0,99,730,34,18,11.756905562769663,10.581215006492696,1.175690556276967,1632,0.0001320424481591,0.000867,0.000304,VSL,VSL_2015_USD,,1.0010198433992687,0.001018804378348337,0.2154932753956512,0.00021954549247771337
O3_MAIN,O3,Mortality,Respiratory mortality,0,99,403,35,10,12.015485096693412,10.81393658702407,1.201548509669342,682,0.0001320424481591,0.000867,0.000304,VSL,VSL_2015_USD,,1.0010422853601322,0.0010412001324771047,0.09005294964450619,9.376314309981389e-05
O3_MAIN,O3,Mortality,Respiratory mortality,0,99,444,35,11,12.192250799023306,10.973025719120976,1.21922507990233,45597,0.0001320424481591,0.000867,0.000304,VSL,VSL_2015_USD,,1.0010576270377183,0.0010565096445526168,6.0207395087104825,0.006360969358291608
O3_MAIN,O3,Mortality,Respiratory mortality,0,99,485,35,12,15.713776203800446,14.142398583420402,1.5713776203800442,88373,0.0001320424481591,0.000867,0.000304,VSL,VSL_2015_USD,,1.001363312864087,0.0013614567725551696,11.668987271164143,0.01588682174918649
O3_MAIN,O3,Mortality,Respiratory mortality,0,99,526,35,13,11.968218567580228,10.771396710822204,1.1968218567580229,88375,0.0001320424481591,0.000867,0.000304,VSL,VSL_2015_USD,,1.0010381830891697,0.0010371063828614746,11.669251356060462,0.012102255064585224
O3_MAIN,O3,Mortality,Respiratory mortality,0,99,567,35,14,13.852944718898415,12.467650247008576,1.385294471889841,88371,0.0001320424481591,0.000867,0.000304,VSL,VSL_2015_USD,,1.0012017718568922,0.0012003293348785693,11.668723186267826,0.014006310741055
O3_MAIN,O3,Mortality,Respiratory mortality,0,99,608,35,15,12.695072879169071,11.425565591252166,1.2695072879169054,88374,0.0001320424481591,0.000867,0.000304,VSL,VSL_2015_USD,,1.0011012687702399,0.0011000573114772205,11.669119313612303,0.012836700019439259
O3_MAIN,O3,Mortality,Respiratory mortality,0,99,649,35,16,12.22780546926963,11.005024922342669,1.2227805469269626,78707,0.0001320424481591,0.000867,0.000304,VSL,VSL_2015_USD,,1.0010607128926152,0.0010595889729307917,10.392664967258284,0.011011953198671025
O3_MAIN,O3,Mortality,Respiratory mortality,0,99,690,35,17,11.95222122554708,10.756999102992372,1.195222122554707,26719,0.0001320424481591,0.000867,0.000304,VSL,VSL_2015_USD,,1.00103679468065,0.0010357208507812965,3.528042172362993,0.0036540668403520927
O3_MAIN,O3,Mortality,Respiratory mortality,0,99,445,36,11,12.669120729701238,11.402208656731116,1.266912072970122,57394,0.0001320424481591,0.000867,0.000304,VSL,VSL_2015_USD,,1.0010990162435038,0.00109780973277529,7.578444269643385,0.008319689878509633
O3_MAIN,O3,Mortality,Respiratory mortality,0,99,486,36,12,13.388836459089768,12.04995281318079,1.338883645908977,88372,0.0001320424481591,0.000867,0.000304,VSL,VSL_2015_USD,,1.001161486124165,0.0011601386392334767,11.668855228715985,0.013537489826455003
O3_MAIN,O3,Mortality,Respiratory mortality,0,99,527,36,13,12.012687316132162,10.811418584518943,1.201268731613217,88375,0.0001320424481591,0.000867,0.000304,VSL,VSL_2015_USD,,1.0010420425397624,0.001040957817434407,11.669251356060462,0.012147198422698192
O3_MAIN,O3,Mortality,Respiratory mortality,0,99,568,36,14,13.365880001167229,12.029292001050509,1.33658800011672,88372,0.0001320424481591,0.000867,0.000304,VSL,VSL_2015_USD,,1.0011594934895114,0.0011581506214060067,11.668855228715985,0.013514291934234148
O3_MAIN,O3,Mortality,Respiratory mortality,0,99,609,36,15,12.298274898044776,11.068447408240296,1.229827489804478,88374,0.0001320424481591,0.000867,0.000304,VSL,VSL_2015_USD,,1.001066829091411,0.0010656921799910846,11.669119313612303,0.012435689199899564
O3_MAIN,O3,Mortality,Respiratory mortality,0,99,650,36,16,12.216167043212224,10.994550338891004,1.2216167043212227,88375,0.0001320424481591,0.000867,0.000304,VSL,VSL_2015_USD,,1.0010597027712718,0.0010585809900629517,11.669251356060462,0.012352847653791925
O3_MAIN,O3,Mortality,Respiratory mortality,0,99,691,36,17,12.618823772217926,11.356941394996134,1.2618823772217915,18381,0.0001320424481591,0.000867,0.000304,VSL,VSL_2015_USD,,1.0010946507142777,0.0010934537643334519,2.427072239612417,0.002653891276713419
O3_MAIN,O3,Mortality,Respiratory mortality,0,99,446,37,11,11.478842595643163,10.330958336078847,1.1478842595643162,8084,0.0001320424481591,0.000867,0.000304,VSL,VSL_2015_USD,,1.0009957110444672,0.0009947205901892353,1.0674311509181644,0.0010617957444276913
O3_MAIN,O3,Mortality,Respiratory mortality,0,99,487,37,12,12.535211968098002,11.281690771288202,1.2535211968097997,66848,0.0001320424481591,0.000867,0.000304,VSL,VSL_2015_USD,,1.001087393661884,0.0010862125212730556,8.826773574539516,0.009587751979106949
O3_MAIN,O3,Mortality,Respiratory mortality,0,99,528,37,13,12.2674106174023,11.04066955566207,1.2267410617402297,88375,0.0001320424481591,0.000867,0.000304,VSL,VSL_2015_USD,,1.0010641503071003,0.0010630190950038365,11.669251356060462,0.012404637015891685
O3_MAIN,O3,Mortality,Respiratory mortality,0,99,569,37,14,10.839327798875924,9.755395018988333,1.0839327798875915,88373,0.0001320424481591,0.000867,0.000304,VSL,VSL_2015_USD,,1.0009402114420876,0.0009393282748955123,11.668987271164143,0.010961009683200306
O3_MAIN,O3,Mortality,Respiratory mortality,0,99,610,37,15,11.280630998918394,10.152567899026556,1.128063099891838,88373,0.0001320424481591,0.000867,0.000304,VSL,VSL_2015_USD,,1.0009785091355985,0.0009775525914571537,11.668987271164143,0.011407048746607048
O3_MAIN,O3,Mortality,Respiratory mortality,0,99,651,37,16,18.052156665218305,16.246940998696473,1.8052156665218284,88374,0.0001320424481591,0.000867,0.000304,VSL,VSL_2015_USD,,1.001566347425524,0.001563897818202764,11.669119313612303,0.018249310234906016
O3_MAIN,O3,Mortality,Respiratory mortality,0,99,692,37,17,12.12829148617056,10.915462337553503,1.2128291486170557,28949,0.0001320424481591,0.000867,0.000304,VSL,VSL_2015_USD,,1.0010520759158552,0.0010509702154032352,3.822496831757786,0.004017330318650664
O3_MAIN,O3,Mortality,Respiratory mortality,0,99,488,38,12,6.381761842585207,5.743585658326686,0.638176184258521,6168,0.0001320424481591,0.000867,0.000304,VSL,VSL_2015_USD,,1.0005534518497414,0.0005531457102250226,0.8144378202453287,0.00045050278651372164
O3_MAIN,O3,Mortality,Respiratory mortality,0,99,529,38,13,11.782363005153757,10.60412670463838,1.1782363005153762,82303,0.0001320424481591,0.000867,0.000304,VSL,VSL_2015_USD,,1.0010220528129194,0.001021009287505259,10.867489610838406,0.011095807824532926
O3_MAIN,O3,Mortality,Respiratory mortality,0,99,570,38,14,12.371173549462734,11.13405619451646,1.2371173549462728,88374,0.0001320424481591,0.000867,0.000304,VSL,VSL_2015_USD,,1.0010731561671775,0.0010720057376089054,11.669119313612303,0.01250936285703528
O3_MAIN,O3,Mortality,Respiratory mortality,0,99,611,38,15,8.015893518690639,7.214304166821575,0.8015893518690635,88374,0.0001320424481591,0.000867,0.000304,VSL,VSL_2015_USD,,1.0006952195212133,0.0006947365268177297,11.669119313612303,0.008106963422960701
O3_MAIN,O3,Mortality,Respiratory mortality,0,99,652,38,16,11.593763843144815,10.434387458830336,1.1593763843144806,88374,0.0001320424481591,0.000867,0.000304,VSL,VSL_2015_USD,,1.0010056846872508,0.001004674301689934,11.669119313612303,0.011723664297739961
O3_MAIN,O3,Mortality,Respiratory mortality,0,99,693,38,17,12.196042436169588,10.976438192552628,1.2196042436169598,26275,0.0001320424481591,0.000867,0.000304,VSL,VSL_2015_USD,,1.0010579561203918,0.0010568380321275272,3.469415325380352,0.003666610065108056
O3_MAIN,O3,Mortality,Respiratory mortality,0,99,530,39,13,12.747448293434338,11.472703464090904,1.2747448293434331,53223,0.0001320424481591,0.000867,0.000304,VSL,VSL_2015_USD,,1.0011058147297829,0.0011045932542917969,7.027695218371779,0.007762744731432183
O3_MAIN,O3,Mortality,Respiratory mortality,0,99,571,39,14,11.55120547292694,10.396084925634248,1.155120547292691,88373,0.0001320424481591,0.000867,0.000304,VSL,VSL_2015_USD,,1.0010019911725812,0.0010009881912496077,11.668987271164143,0.011680518462277292
O3_MAIN,O3,Mortality,Respiratory mortality,0,99,612,39,15,11.812585532943698,10.631326979649328,1.18125855329437,88373,0.0001320424481591,0.000867,0.000304,VSL,VSL_2015_USD,,1.0010246757875934,0.0010236269018915056,11.668987271164143,0.011944689288593166
O3_MAIN,O3,Mortality,Respiratory mortality,0,99,653,39,16,11.919891510747046,10.72790235967234,1.191989151074706,88170,0.0001320424481591,0.000867,0.000304,VSL,VSL_2015_USD,,1.001033988792188,0.0010329207636950999,11.642182654187847,0.012025452198241556
O3_MAIN,O3,Mortality,Respiratory mortality,0,99,694,39,17,11.918633468118998,10.7267701213071,1.191863346811898,3451,0.0001320424481591,0.000867,0.000304,VSL,VSL_2015_USD,,1.0010338796071185,0.0010328118040563439,0.45567848859705407,0.00047063012187759155
O3_MAIN,O3,Mortality,Respiratory mortality,0,99,531,40,13,12.281300047546887,11.053170042792198,1.2281300047546893,8740,0.0001320424481591,0.000867,0.000304,VSL,VSL_2015_USD,,1.001065355802884,0.0010642220277710113,1.154050996910534,0.0012281664920832855
O3_MAIN,O3,Mortality,Respiratory mortality,0,99,572,40,14,11.515230088980069,10.36370708008206,1.1515230088980069,53982,0.0001320424481591,0.000867,0.000304,VSL,VSL_2015_USD,,1.0009988689863856,0.000997872242749942,7.127915436524536,0.007112748962776671
O3_MAIN,O3,Mortality,Respiratory mortality,0,99,613,40,15,12.159997883144962,10.943998094830466,1.2159997883144964,88373,0.0001320424481591,0.000867,0.000304,VSL,VSL_2015_USD,,1.0010548277563536,0.0010537162671876432,11.668987271164143,0.012295801709231204
O3_MAIN,O3,Mortality,Respiratory mortality,0,99,654,40,16,12.098564444622616,10.888708000160356,1.2098564444622593,88374,0.0001320424481591,0.000867,0.000304,VSL,VSL_2015_USD,,1.0010494958731262,0.0010483955862850003,11.669119313612303,0.01223385318422419
O3_MAIN,O3,Mortality,Respiratory mortality,0,99,695,40,17,12.148499583324783,10.933649624992308,1.2148499583324774,34687,0.0001320424481591,0.000867,0.000304,VSL,VSL_2015_USD,,1.001053829802696,0.0010527204145492908,4.580156399294702,0.0048216241433661055
O3_MAIN,O3,Mortality,Respiratory mortality,0,99,573,41,14,11.671179897187733,10.50406190746896,1.1671179897187738,26916,0.0001320424481591,0.000867,0.000304,VSL,VSL_2015_USD,,1.0010124034318117,0.001011379507727228,3.5540545346503354,0.003594497925690379
O3_MAIN,O3,Mortality,Respiratory mortality,0,99,614,41,15,11.725807083805172,10.553226375424655,1.172580708380515,47718,0.0001320424481591,0.000867,0.000304,VSL,VSL_2015_USD,,1.0010171444150404,0.0010161108835301524,6.300801541255933,0.006402313021033713
O3_MAIN,O3,Mortality,Respiratory mortality,0,99,655,41,16,12.020855396974978,10.81876985727748,1.2020855396974977,28007,0.0001320424481591,0.000867,0.000304,VSL,VSL_2015_USD,,1.0010427514505684,0.001041665252615176,3.6981128455919134,0.0038521956515029277
O3_MAIN,O3,Mortality,Respiratory mortality,0,99,696,41,17,12.006490834767188,10.805841751290467,1.2006490834767192,8351,0.0001320424481591,0.000867,0.000304,VSL,VSL_2015_USD,,1.0010415047451509,0.0010404211415948605,1.102686484576644,0.0011472583311044554
PM25_MAIN,PM25,Mortality,All-cause mortality,65,99,0,1,1,15.051786457219883,13.546607811497896,1.505178645721989,7006,6.44018355644251e-05,0.008066,5e-05,VSL,VSL_2015_USD,,1.0122147692784376,0.012067369148490936,0.4511992599643623,0.005444788029515887
PM25_MAIN,PM25,Mortality,All-cause mortality,65,99,41,1,2,14.730531987068058,13.257478788361254,1.473053198706804,5661,6.44018355644251e-05,0.008066,5e-05,VSL,VSL_2015_USD,,1.0119525142644348,0.011811339065769033,0.36457879113021047,0.004306163718227104
PM25_MAIN,PM25,Mortality,All-cause mortality,65,99,82,1,3,14.851985759380636,13.366787183442574,1.485198575938064,656,6.44018355644251e-05,0.008066,5e-05,VSL,VSL_2015_USD,,1.0120516546566591,0.01190814184355804,0.042247604130262864,0.0005030904625336587
PM25_MAIN,PM25,Mortality,All-cause mortality,65,99,1,2,1,14.82112693472028,13.339014241248254,1.4821126934720257,3805,6.44018355644251e-05,0.008066,5e-05,VSL,VSL_2015_USD,,1.0120264642677352,0.01188354721181828,0.2450489843226375,0.00291205117440618
PM25_MAIN,PM25,Mortality,All-cause mortality,65,99,42,2,2,14.056198676459806,12.650578808813826,1.4056198676459797,9380,6.44018355644251e-05,0.008066,5e-05,VSL,VSL_2015_USD,,1.0114022455013305,0.011273700006152132,0.6040892175943074,0.0068103206161093804
PM25_MAIN,PM25,Mortality,All-cause mortality,65,99,83,2,3,15.34953858618033,13.814584727562297,1.5349538586180334,4099,6.44018355644251e-05,0.008066,5e-05,VSL,VSL_2015_USD,,1.0124578989232023,0.012304609343708917,0.2639831239785785,0.003248209213888286
PM25_MAIN,PM25,Mortality,All-cause mortality,65,99,2,3,1,14.784377732190926,13.305939958971832,1.4784377732190936,73,6.44018355644251e-05,0.008066,5e-05,VSL,VSL_2015_USD,,1.011996466318243,0.01185425712195165,0.004701333996203033,5.5730822007163214e-05
PM25_MAIN,PM25,Mortality,All-cause mortality,65,99,43,3,2,14.33476986109538,12.901292874985844,1.433476986109536,6828,6.44018355644251e-05,0.008066,5e-05,VSL,VSL_2015_USD,,1.0116295285861006,0.011495837416247046,0.4397357332338946,0.005055130495371035
PM25_MAIN,PM25,Mortality,All-cause mortality,65,99,84,3,3,14.708954060961624,13.238058654865462,1.4708954060961634,9171,6.44018355644251e-05,0.008066,5e-05,VSL,VSL_2015_USD,,1.0119349016319248,0.011794139734361941,0.5906292339613426,0.006965963716539226
PM25_MAIN,PM25,Mortality,All-cause mortality,65,99,125,3,4,14.627842105976214,13.165057895378592,1.462784210597622,3772,6.44018355644251e-05,0.008066,5e-05,VSL,VSL_2015_USD,,1.011868698054958,0.01172948434690435,0.24292372374901147,0.0028493700152057468
PM25_MAIN,PM25,Mortality,All-cause mortality,65,99,166,3,5,14.511328549526526,13.060195694573874,1.451132854952652,6,6.44018355644251e-05,0.008066,5e-05,VSL,VSL_2015_USD,,1.0117736072704233,0.011636602482828495,0.0003864110133865506,4.4965113577662096e-06
PM25_MAIN,PM25,Mortality,All-cause mortality,65,99,44,4,2,14.356476786609962,12.920829107948968,1.4356476786609953,939,6.44018355644251e-05,0.008066,5e-05,VSL,VSL_2015_USD,,1.0116472411664446,0.01151314479246246,0.06047332359499517,0.0006962381306306158
PM25_MAIN,PM25,Mortality,All-cause mortality,65,99,85,4,3,14.074694065815663,12.6672246592341,1.4074694065815656,9159,6.44018355644251e-05,0.008066,5e-05,VSL,VSL_2015_USD,,1.0114173340979769,0.011288450091829993,0.5898564119345695,0.006658564667469302
PM25_MAIN,PM25,Mortality,All-cause mortality,65,99,126,4,4,15.204727507397225,13.684254756657502,1.5204727507397229,9325,6.44018355644251e-05,0.008066,5e-05,VSL,VSL_2015_USD,,1.012339646073328,0.012189235224750017,0.6005471166382641,0.0073202100682491856
PM25_MAIN,PM25,Mortality,All-cause mortality,65,99,167,4,5,14.615122039333816,13.153609835400436,1.4615122039333812,6438,6.44018355644251e-05,0.008066,5e-05,VSL,VSL_2015_USD,,1.0118583163295525,0.011719344633710826,0.41461901736376877,0.00485906315617654
PM25_MAIN,PM25,Mortality,All-cause mortality,65,99,208,4,6,14.777783623249878,13.300005260924888,1.4777783623249905,4959,6.44018355644251e-05,0.008066,5e-05,VSL,VSL_2015_USD,,1.0119910837173813,0.011849001350223487,0.3193687025639841,0.0037842001878997705
PM25_MAIN,PM25,Mortality,All-cause mortality,65,99,86,5,3,14.518727064568928,13.066854358112035,1.4518727064568928,7033,6.44018355644251e-05,0.008066,5e-05,VSL,VSL_2015_USD,,1.0117796451913486,0.011642500664382105,0.45293810952460173,0.00527333224106415
PM25_MAIN,PM25,Mortality,All-cause mortality,65,99,127,5,4,14.706945778082584,13.236251200274326,1.4706945778082563,9380,6.44018355644251e-05,0.008066,5e-05,VSL,VSL_2015_USD,,1.0119332624191621,0.011792538957197674,0.6040892175943074,0.0071237456321039325
PM25_MAIN,PM25,Mortality,All-cause mortality,65,99,168,5,5,14.711631690728264,13.240468521655435,1.4711631690728255,9380,6.44018355644251e-05,0.008066,5e-05,VSL,VSL_2015_USD,,1.0119370871871707,0.011796274035524967,0.6040892175943074,0.007126001952648321
PM25_MAIN,PM25,Mortality,All-cause mortality,65,99,209,5,6,14.625931861765617,13.163338675589054,1.4625931861765622,2301,6.44018355644251e-05,0.008066,5e-05,VSL,VSL_2015_USD,,1.0118671389658536,0.011727961615575433,0.14818862363374216,0.0017379504898414825
PM25_MAIN,PM25,Mortality,All-cause mortality,65,99,87,6,3,14.445310040651938,13.000779036586744,1.444531004065194,2360,6.44018355644251e-05,0.008066,5e-05,VSL,VSL_2015_USD,,1.0117197312248234,0.01158397020747537,0.15198833193204322,0.001760628308984666
PM25_MAIN,PM25,Mortality,All-cause mortality,65,99,128,6,4,14.383236577540837,12.944912919786754,1.438323657754081,9379,6.44018355644251e-05,0.008066,5e-05,VSL,VSL_2015_USD,,1.0116690772487322,0.011534480504698852,0.604024815758743,0.006967112461723537
PM25_MAIN,PM25,Mortality,All-cause mortality,65,99,169,6,5,14.818780320781467,13.336902288703325,1.4818780320781446,9293,6.44018355644251e-05,0.008066,5e-05,VSL,VSL_2015_USD,,1.0120245487273083,0.011881676924171525,0.5984862579002025,0.007111020359926604
PM25_MAIN,PM25,Mortality,All-cause mortality,65,99,210,6,6,14.589665760571467,13.13069918451432,1.458966576057147,2925,6.44018355644251e-05,0.008066,5e-05,VSL,VSL_2015_USD,,1.011837540021186,0.011699052024634504,0.18837536902594343,0.0022038132423942355
PM25_MAIN,PM25,Mortality,All-cause mortality,65,99,251,6,7,14.31554707501042,12.88399236750938,1.431554707501041,8,6.44018355644251e-05,0.008066,5e-05,VSL,VSL_2015_USD,,1.0116138432914508,0.011480510442268277,0.0005152146845154008,5.914927565589015e-06
PM25_MAIN,PM25,Mortality,All-cause mortality,65,99,129,7,4,14.486095129912808,13.037485616921527,1.4486095129912808,7335,6.44018355644251e-05,0.008066,5e-05,VSL,VSL_2015_USD,,1.0117530145722466,0.011616485844834101,0.4723874638650581,0.0054874822872655275
PM25_MAIN,PM25,Mortality,All-cause mortality,65,99,170,7,5,15.0244355643808,13.52199200794272,1.502443556438081,9380,6.44018355644251e-05,0.008066,5e-05,VSL,VSL_2015_USD,,1.0121924388217567,0.012045573898921136,0.6040892175943074,0.00727660131207368
PM25_MAIN,PM25,Mortality,All-cause mortality,65,99,211,7,6,14.315418243041004,12.883876418736904,1.4315418243040998,9380,6.44018355644251e-05,0.008066,5e-05,VSL,VSL_2015_USD,,1.011613738168727,0.011480407719403618,0.6040892175943074,0.006935190516878179
PM25_MAIN,PM25,Mortality,All-cause mortality,65,99,252,7,7,14.451852668096771,13.006667401287096,1.4451852668096752,3036,6.44018355644251e-05,0.008066,5e-05,VSL,VSL_2015_USD,,1.0117250703705503,0.011589186345116409,0.1955239727735946,0.002265963755410655
PM25_MAIN,PM25,Mortality,All-cause mortality,65,99,130,8,4,14.672434219378887,13.205190797441,1.467243421937889,5190,6.44018355644251e-05,0.008066,5e-05,VSL,VSL_2015_USD,,1.0119050936014782,0.011765029820243966,0.3342455265793663,0.003932408587489391
PM25_MAIN,PM25,Mortality,All-cause mortality,65,99,171,8,5,15.517456996612047,13.965711296950843,1.5517456996612058,9380,6.44018355644251e-05,0.008066,5e-05,VSL,VSL_2015_USD,,1.0125950385352238,0.012438376701354725,0.6040892175943074,0.007513889249664639
PM25_MAIN,PM25,Mortality,All-cause mortality,65,99,212,8,6,14.291641804794468,12.862477624315025,1.4291641804794448,9380,6.44018355644251e-05,0.008066,5e-05,VSL,VSL_2015_USD,,1.0115943375505285,0.011461449634646015,0.6040892175943074,0.006923738142289872
PM25_MAIN,PM25,Mortality,All-cause mortality,65,99,253,8,7,14.797355394157908,13.317619854742118,1.47973553941579,8188,6.44018355644251e-05,0.008066,5e-05,VSL,VSL_2015_USD,,1.0120070597322262,0.011864600762175659,0.5273222296015128,0.006256467727242276
PM25_MAIN,PM25,Mortality,All-cause mortality,65,99,294,8,8,14.975031262249246,13.477528136024322,1.497503126224924,1103,6.44018355644251e-05,0.008066,5e-05,VSL,VSL_2015_USD,,1.0121521042526052,0.012006203614602473,0.07103522462756089,0.0008528633706875201
PM25_MAIN,PM25,Mortality,All-cause mortality,65,99,131,9,4,14.368322271423695,12.931490044281327,1.436832227142368,5202,6.44018355644251e-05,0.008066,5e-05,VSL,VSL_2015_USD,,1.01165690706503,0.011522589312268572,0.3350183486061394,0.0038602788430629684
PM25_MAIN,PM25,Mortality,All-cause mortality,65,99,172,9,5,15.083798887168212,13.575418998451392,1.5083798887168207,9380,6.44018355644251e-05,0.008066,5e-05,VSL,VSL_2015_USD,,1.0122409062421946,0.012092878450879141,0.6040892175943074,0.007305177481854641
PM25_MAIN,PM25,Mortality,All-cause mortality,65,99,213,9,6,14.407216938229515,12.966495244406564,1.4407216938229528,9380,6.44018355644251e-05,0.008066,5e-05,VSL,VSL_2015_USD,,1.0116886457067296,0.011553599772353151,0.6040892175943074,0.006979405046878584
PM25_MAIN,PM25,Mortality,All-cause mortality,65,99,254,9,7,14.512622601658936,13.061360341493044,1.4512622601658922,9380,6.44018355644251e-05,0.008066,5e-05,VSL,VSL_2015_USD,,1.011774663342509,0.01163763411865859,0.6040892175943074,0.007030169289389286
PM25_MAIN,PM25,Mortality,All-cause mortality,65,99,295,9,8,14.551768028703556,13.0965912258332,1.455176802870355,6166,6.44018355644251e-05,0.008066,5e-05,VSL,VSL_2015_USD,,1.0118066103297987,0.011668840872615327,0.3971017180902452,0.004633716758637222
PM25_MAIN,PM25,Mortality,All-cause mortality,65,99,91,10,3,14.90365312429598,13.413287811866384,1.4903653124295977,537,6.44018355644251e-05,0.008066,5e-05,VSL,VSL_2015_USD,,1.0120938326835371,0.01194931961147383,0.03458378569809628,0.00041325270868127005
PM25_MAIN,PM25,Mortality,All-cause mortality,65,99,132,10,4,14.503910498834282,13.053519448950851,1.4503910498834287,8779,6.44018355644251e-05,0.008066,5e-05,VSL,VSL_2015_USD,,1.0117675534426482,0.011630688691891544,0.565383714420088,0.006575801973885355
PM25_MAIN,PM25,Mortality,All-cause mortality,65,99,173,10,5,14.879284418665394,13.391355976798852,1.4879284418665415,9380,6.44018355644251e-05,0.008066,5e-05,VSL,VSL_2015_USD,,1.0120739393671538,0.01192989849605608,0.6040892175943074,0.0072067230484620225
PM25_MAIN,PM25,Mortality,All-cause mortality,65,99,214,10,6,14.39714933899749,12.95743440509774,1.439714933899749,9380,6.44018355644251e-05,0.008066,5e-05,VSL,VSL_2015_USD,,1.0116804302965998,0.011545573035523948,0.6040892175943074,0.006974556181707595
PM25_MAIN,PM25,Mortality,All-cause mortality,65,99,255,10,7,14.747868572444222,13.2730817151998,1.474786857244423,9380,6.44018355644251e-05,0.008066,5e-05,VSL,VSL_2015_USD,,1.0119666651933914,0.011825157492815652,0.6040892175943074,0.00714345013776447
PM25_MAIN,PM25,Mortality,All-cause mortality,65,99,296,10,8,14.26990741956418,12.842916677607764,1.426990741956418,9345,6.44018355644251e-05,0.008066,5e-05,VSL,VSL_2015_USD,,1.0115766034910385,0.011444119457771684,0.6018351533495525,0.0068874733888186195
PM25_MAIN,PM25,Mortality,All-cause mortality,65,99,337,10,9,15.214248421398269,13.69282357925844,1.5214248421398278,1314,6.44018355644251e-05,0.008066,5e-05,VSL,VSL_2015_USD,,1.0123474204355793,0.012196821156779114,0.08462401193165459,0.0010321439390995329
PM25_MAIN,PM25,Mortality,All-cause mortality,65,99,133,11,4,14.411281893294015,12.970153703964614,1.441128189329401,7568,6.44018355644251e-05,0.008066,5e-05,VSL,VSL_2015_USD,,1.0116919628295695,0.01155684067793572,0.4873930915515692,0.005632724306588024
PM25_MAIN,PM25,Mortality,All-cause mortality,65,99,174,11,5,15.430070826446569,13.88706374380191,1.5430070826446585,9380,6.44018355644251e-05,0.008066,5e-05,VSL,VSL_2015_USD,,1.0125236675957958,0.012368765290724393,0.6040892175943074,0.007471837747081325
PM25_MAIN,PM25,Mortality,All-cause mortality,65,99,215,11,6,14.369783762935697,12.932805386642126,1.4369783762935704,9380,6.44018355644251e-05,0.008066,5e-05,VSL,VSL_2015_USD,,1.011658099646404,0.011523754567357103,0.6040892175943074,0.006961375880343579
PM25_MAIN,PM25,Mortality,All-cause mortality,65,99,256,11,7,14.629658787814996,13.166692909033497,1.4629658787815014,9380,6.44018355644251e-05,0.008066,5e-05,VSL,VSL_2015_USD,,1.011870180783241,0.011730932493783874,0.6040892175943074,0.007086529831821539
PM25_MAIN,PM25,Mortality,All-cause mortality,65,99,297,11,8,14.457072263277064,13.01136503694936,1.4457072263277055,9380,6.44018355644251e-05,0.008066,5e-05,VSL,VSL_2015_USD,,1.0117293298690067,0.011593347669900278,0.6040892175943074,0.007003416323208846
PM25_MAIN,PM25,Mortality,All-cause mortality,65,99,338,11,9,14.437463953444812,12.99371755810033,1.4437463953444816,7894,6.44018355644251e-05,0.008066,5e-05,VSL,VSL_2015_USD,,1.0117133284210196,0.011577714844678844,0.5083880899455717,0.0058859723358207685
PM25_MAIN,PM25,Mortality,All-cause mortality,65,99,379,11,10,14.457656003398364,13.011890403058528,1.4457656003398365,5837,6.44018355644251e-05,0.008066,5e-05,VSL,VSL_2015_USD,,1.0117298062365945,0.011593813055905344,0.3759135141895493,0.004358271008702056
PM25_MAIN,PM25,Mortality,All-cause mortality,65,99,420,11,11,14.591086073016184,13.131977465714565,1.4591086073016193,4864,6.44018355644251e-05,0.008066,5e-05,VSL,VSL_2015_USD,,1.0118386992072381,0.011700184245288847,0.3132505281853637,0.0036650888947028022
PM25_MAIN,PM25,Mortality,All-cause mortality,65,99,461,11,12,14.616807121514812,13.155126409363332,1.4616807121514803,2433,6.44018355644251e-05,0.008066,5e-05,VSL,VSL_2015_USD,,1.011859691635447,0.011720687891300874,0.15668966592824626,0.001836510670137175
PM25_MAIN,PM25,Mortality,All-cause mortality,65,99,134,12,4,14.278879107318964,12.850991196587067,1.4278879107318954,6970,6.44018355644251e-05,0.008066,5e-05,VSL,VSL_2015_USD,,1.011583923855693,0.01145127317913519,0.44888079388404295,0.005140256595633253
PM25_MAIN,PM25,Mortality,All-cause mortality,65,99,175,12,5,15.117069365563845,13.605362429007462,1.5117069365563829,9380,6.44018355644251e-05,0.008066,5e-05,VSL,VSL_2015_USD,,1.012268071071131,0.012119389538928549,0.6040892175943074,0.007321192544291982
PM25_MAIN,PM25,Mortality,All-cause mortality,65,99,216,12,6,14.575056178345964,13.11755056051137,1.4575056178345935,9380,6.44018355644251e-05,0.008066,5e-05,VSL,VSL_2015_USD,,1.0118256165077915,0.011687405729661537,0.6040892175943074,0.007060235782938464
PM25_MAIN,PM25,Mortality,All-cause mortality,65,99,257,12,7,14.467579281076684,13.020821352969014,1.4467579281076688,9380,6.44018355644251e-05,0.008066,5e-05,VSL,VSL_2015_USD,,1.0117379042715056,0.011601724341797293,0.6040892175943074,0.007008476580381158
PM25_MAIN,PM25,Mortality,All-cause mortality,65,99,298,12,8,14.538726591295667,13.0848539321661,1.4538726591295656,9380,6.44018355644251e-05,0.008066,5e-05,VSL,VSL_2015_USD,,1.0117959669659937,0.011658444341664631,0.6040892175943074,0.007042740520722968
PM25_MAIN,PM25,Mortality,All-cause mortality,65,99,339,12,9,14.933947444966984,13.440552700470285,1.4933947444966993,9380,6.44018355644251e-05,0.008066,5e-05,VSL,VSL_2015_USD,,1.0121185639023753,0.011973462729159334,0.6040892175943074,0.007233039731952463
PM25_MAIN,PM25,Mortality,All-cause mortality,65,99,380,12,10,14.109404417202551,12.698463975482298,1.4109404417202531,9380,6.44018355644251e-05,0.008066,5e-05,VSL,VSL_2015_USD,,1.0114456515191308,0.011316131026852694,0.6040892175943074,0.006835952738206111
PM25_MAIN,PM25,Mortality,All-cause mortality,65,99,421,12,11,14.532133037163591,13.078919733447233,1.4532133037163586,9380,6.44018355644251e-05,0.008066,5e-05,VSL,VSL_2015_USD,,1.0117905858843323,0.011653187970737,0.6040892175943074,0.007039565203721909
PM25_MAIN,PM25,Mortality,All-cause mortality,65,99,462,12,12,14.33566601335388,12.902099412018494,1.4335666013353876,7924,6.44018355644251e-05,0.008066,5e-05,VSL,VSL_2015_USD,,1.0116302598290232,0.011496551942790645,0.5103201450125044,0.005866922054588711
PM25_MAIN,PM25,Mortality,All-cause mortality,65,99,503,12,13,14.703956016911285,13.233560415220156,1.4703956016911288,12,6.44018355644251e-05,0.008066,5e-05,VSL,VSL_2015_USD,,1.011930822103188,0.011790155851158834,0.0007728220267731011,9.111692140863308e-06
PM25_MAIN,PM25,Mortality,All-cause mortality,65,99,135,13,4,14.18059704973144,12.762537344758298,1.4180597049731425,2916,6.44018355644251e-05,0.008066,5e-05,VSL,VSL_2015_USD,,1.0115037344190223,0.011372903556930325,0.18779575250586358,0.0021357829816503427
PM25_MAIN,PM25,Mortality,All-cause mortality,65,99,176,13,5,14.564081134000087,13.10767302060008,1.4564081134000073,9380,6.44018355644251e-05,0.008066,5e-05,VSL,VSL_2015_USD,,1.011816659390744,0.011678656682584498,0.6040892175943074,0.007054950577935
PM25_MAIN,PM25,Mortality,All-cause mortality,65,99,217,13,6,14.793558136914182,13.314202323222764,1.4793558136914182,9380,6.44018355644251e-05,0.008066,5e-05,VSL,VSL_2015_USD,,1.012003960093245,0.011861574229550254,0.6040892175943074,0.007165449095765813
PM25_MAIN,PM25,Mortality,All-cause mortality,65,99,258,13,7,14.685432658981725,13.216889393083552,1.4685432658981696,9380,6.44018355644251e-05,0.008066,5e-05,VSL,VSL_2015_USD,,1.0119157030179255,0.011775390956369591,0.6040892175943074,0.00711338670970039
PM25_MAIN,PM25,Mortality,All-cause mortality,65,99,299,13,8,14.967300278035149,13.470570250231637,1.4967300278035118,9380,6.44018355644251e-05,0.008066,5e-05,VSL,VSL_2015_USD,,1.012145792682181,0.012000042651953091,0.6040892175943074,0.007249096376716661
PM25_MAIN,PM25,Mortality,All-cause mortality,65,99,340,13,9,14.535980736831656,13.08238266314849,1.4535980736831655,9380,6.44018355644251e-05,0.008066,5e-05,VSL,VSL_2015_USD,,1.0117937260364838,0.011656255354224765,0.6040892175943074,0.007041418177013095
PM25_MAIN,PM25,Mortality,All-cause mortality,65,99,381,13,10,14.682742133354177,13.21446792001876,1.468274213335416,9380,6.44018355644251e-05,0.008066,5e-05,VSL,VSL_2015_USD,,1.011913506983141,0.011773246330765375,0.6040892175943074,0.007112091164497106
PM25_MAIN,PM25,Mortality,All-cause mortality,65,99,422,13,11,14.87590007388018,13.388310066492162,1.4875900073880182,9380,6.44018355644251e-05,0.008066,5e-05,VSL,VSL_2015_USD,,1.0120711765988304,0.011927201246256902,0.6040892175943074,0.00720509366894118
PM25_MAIN,PM25,Mortality,All-cause mortality,65,99,463,13,12,14.449354269586248,13.004418842627624,1.444935426958624,8501,6.44018355644251e-05,0.008066,5e-05,VSL,VSL_2015_USD,,1.0117230315359076,0.011587194489494634,0.5474800041331778,0.0063437572870004575
PM25_MAIN,PM25,Mortality,All-cause mortality,65,99,504,13,13,14.5356890275949,13.08212012483541,1.453568902759491,62,6.44018355644251e-05,0.008066,5e-05,VSL,VSL_2015_USD,,1.0117934879688641,0.011656022804158561,0.003992913804994357,4.654149436605375e-05
PM25_MAIN,PM25,Mortality,All-cause mortality,65,99,136,14,4,15.164255195284715,13.647829675756247,1.51642551952847,629,6.44018355644251e-05,0.008066,5e-05,VSL,VSL_2015_USD,,1.012306598818456,0.012156987648623496,0.04050875457002339,0.000492464428968895
PM25_MAIN,PM25,Mortality,All-cause mortality,65,99,177,14,5,13.551849408186348,12.196664467367714,1.3551849408186332,8935,6.44018355644251e-05,0.008066,5e-05,VSL,VSL_2015_USD,,1.0109908825340583,0.010871396294405256,0.5754304007681382,0.006255731926598869
PM25_MAIN,PM25,Mortality,All-cause mortality,65,99,218,14,6,15.46900022195138,13.92210019975624,1.546900022195139,8126,6.44018355644251e-05,0.008066,5e-05,VSL,VSL_2015_USD,,1.0125554617941868,0.012399776869446044,0.5233293157965183,0.0064891667451166925
PM25_MAIN,PM25,Mortality,All-cause mortality,65,99,259,14,7,14.500579531578763,13.050521578420888,1.4500579531578754,4854,6.44018355644251e-05,0.008066,5e-05,VSL,VSL_2015_USD,,1.0117648350715411,0.011628033178983976,0.31260650982971944,0.003634998868266358
PM25_MAIN,PM25,Mortality,All-cause mortality,65,99,300,14,8,14.892023341433248,13.402821007289925,1.4892023341433251,6904,6.44018355644251e-05,0.008066,5e-05,VSL,VSL_2015_USD,,1.01208433869801,0.011940051076727354,0.4446302727367909,0.005308908166736497
PM25_MAIN,PM25,Mortality,All-cause mortality,65,99,341,14,9,14.39176536353995,12.952588827185956,1.439176536353994,9380,6.44018355644251e-05,0.008066,5e-05,VSL,VSL_2015_USD,,1.01167603686676,0.011541280450727776,0.6040892175943074,0.0069719630775166175
PM25_MAIN,PM25,Mortality,All-cause mortality,65,99,382,14,10,14.560225944184555,13.1042033497661,1.4560225944184566,9380,6.44018355644251e-05,0.008066,5e-05,VSL,VSL_2015_USD,,1.0118135130544927,0.011675583397606326,0.6040892175943074,0.007053094039617091
PM25_MAIN,PM25,Mortality,All-cause mortality,65,99,423,14,11,14.52608042569521,13.073472383125688,1.452608042569521,9380,6.44018355644251e-05,0.008066,5e-05,VSL,VSL_2015_USD,,1.01178564629791,0.0116483628138363,0.6040892175943074,0.007036650378464996
PM25_MAIN,PM25,Mortality,All-cause mortality,65,99,464,14,12,14.428000051499316,12.985200046349384,1.442800005149932,8783,6.44018355644251e-05,0.008066,5e-05,VSL,VSL_2015_USD,,1.0117056054525189,0.011570169612021841,0.5656413217623456,0.006544566032358559
PM25_MAIN,PM25,Mortality,All-cause mortality,65,99,505,14,13,14.691197443087033,13.22207769877833,1.4691197443087027,3191,6.44018355644251e-05,0.008066,5e-05,VSL,VSL_2015_USD,,1.0119204083102524,0.011779986066451142,0.2055062572860805,0.002420860847398552
PM25_MAIN,PM25,Mortality,All-cause mortality,65,99,546,14,14,14.85343407261305,13.368090665351746,1.485343407261304,3,6.44018355644251e-05,0.008066,5e-05,VSL,VSL_2015_USD,,1.0120528369456598,0.011909296141133119,0.0001932055066932753,2.3009415953078923e-06
PM25_MAIN,PM25,Mortality,All-cause mortality,65,99,178,15,5,14.311527258061666,12.8803745322555,1.4311527258061665,3436,6.44018355644251e-05,0.008066,5e-05,VSL,VSL_2015_USD,,1.0116105632558736,0.01147730527694868,0.22128470699936464,0.00253975213535185
PM25_MAIN,PM25,Mortality,All-cause mortality,65,99,219,15,6,15.45168235743117,13.906514121688051,1.5451682357431178,537,6.44018355644251e-05,0.008066,5e-05,VSL,VSL_2015_USD,,1.012541317921358,0.012385981390965806,0.03458378569809628,0.0004283541260857699
PM25_MAIN,PM25,Mortality,All-cause mortality,65,99,301,15,8,14.536716807985702,13.083045127187132,1.4536716807985697,3775,6.44018355644251e-05,0.008066,5e-05,VSL,VSL_2015_USD,,1.011794326753767,0.011656842148549895,0.24311692925570474,0.002833975667973922
PM25_MAIN,PM25,Mortality,All-cause mortality,65,99,342,15,9,14.523355554378169,13.071019998940352,1.4523355554378163,9380,6.44018355644251e-05,0.008066,5e-05,VSL,VSL_2015_USD,,1.011783422515699,0.011646190531962475,0.6040892175943074,0.007035338126407443
PM25_MAIN,PM25,Mortality,All-cause mortality,65,99,383,15,10,14.774187440018649,13.296768696016784,1.477418744001863,9380,6.44018355644251e-05,0.008066,5e-05,VSL,VSL_2015_USD,,1.011988148257931,0.01184613503484977,0.6040892175943074,0.007156122444718911
PM25_MAIN,PM25,Mortality,All-cause mortality,65,99,424,15,11,14.107851105405034,12.697065994864529,1.4107851105405054,9380,6.44018355644251e-05,0.008066,5e-05,VSL,VSL_2015_USD,,1.0114443842783571,0.011314892302776047,0.6040892175943074,0.006835204438347834
PM25_MAIN,PM25,Mortality,All-cause mortality,65,99,465,15,12,14.572319549988167,13.115087594989353,1.4572319549988162,9379,6.44018355644251e-05,0.008066,5e-05,VSL,VSL_2015_USD,,1.011823383042378,0.011685224161184116,0.604024815758743,0.007058165371058848
PM25_MAIN,PM25,Mortality,All-cause mortality,65,99,506,15,13,14.471957643720762,13.024761879348686,1.4471957643720756,7589,6.44018355644251e-05,0.008066,5e-05,VSL,VSL_2015_USD,,1.0117414773185573,0.011605214950439757,0.4887455300984221,0.005671996932858812
PM25_MAIN,PM25,Mortality,All-cause mortality,65,99,547,15,14,14.54385613296421,13.08947051966779,1.45438561329642,544,6.44018355644251e-05,0.008066,5e-05,VSL,VSL_2015_USD,,1.0118001532686394,0.011662533584837709,0.035034598547047255,0.000408592182186245
PM25_MAIN,PM25,Mortality,All-cause mortality,65,99,302,16,8,14.485395061401087,13.03685555526098,1.4485395061401078,3437,6.44018355644251e-05,0.008066,5e-05,VSL,VSL_2015_USD,,1.0117524432605098,0.011615927728957143,0.22134910883492906,0.002571175251095605
PM25_MAIN,PM25,Mortality,All-cause mortality,65,99,343,16,9,14.913511673494137,13.422160506144722,1.4913511673494124,9380,6.44018355644251e-05,0.008066,5e-05,VSL,VSL_2015_USD,,1.0121018807903372,0.011957176466154795,0.6040892175943074,0.0072232013760765166
PM25_MAIN,PM25,Mortality,All-cause mortality,65,99,384,16,10,14.73917422124516,13.265256799120644,1.473917422124515,9380,6.44018355644251e-05,0.008066,5e-05,VSL,VSL_2015_USD,,1.0119595684340068,0.011818227533056613,0.6040892175943074,0.007139263823795672
PM25_MAIN,PM25,Mortality,All-cause mortality,65,99,425,16,11,14.27108808180841,12.84397927362757,1.42710880818084,9380,6.44018355644251e-05,0.008066,5e-05,VSL,VSL_2015_USD,,1.0115775668383193,0.011445060881001057,0.6040892175943074,0.006913837872923143
PM25_MAIN,PM25,Mortality,All-cause mortality,65,99,466,16,12,14.72588685629937,13.253298170669431,1.4725886856299368,9379,6.44018355644251e-05,0.008066,5e-05,VSL,VSL_2015_USD,,1.0119487227258277,0.011807636550636769,0.604024815758743,0.007132105492044574
PM25_MAIN,PM25,Mortality,All-cause mortality,65,99,507,16,13,14.360190899217336,12.924171809295602,1.4360190899217322,3876,6.44018355644251e-05,0.008066,5e-05,VSL,VSL_2015_USD,,1.011650271867056,0.011516106100139423,0.24962151464771168,0.0028746678475605547
PM25_MAIN,PM25,Mortality,All-cause mortality,65,99,303,17,8,14.3784280324763,12.94058522922867,1.43784280324763,2651,6.44018355644251e-05,0.008066,5e-05,VSL,VSL_2015_USD,,1.0116651534245311,0.011530646662133215,0.17072926608129094,0.001968618842068691
PM25_MAIN,PM25,Mortality,All-cause mortality,65,99,344,17,9,15.010707628895824,13.50963686600624,1.501070762889583,9380,6.44018355644251e-05,0.008066,5e-05,VSL,VSL_2015_USD,,1.0121812309247478,0.012034634265662758,0.6040892175943074,0.007269992797577858
PM25_MAIN,PM25,Mortality,All-cause mortality,65,99,385,17,10,14.430422751004985,12.987380475904484,1.443042275100499,9380,6.44018355644251e-05,0.008066,5e-05,VSL,VSL_2015_USD,,1.0117075824783741,0.01157210114971563,0.6040892175943074,0.006990581529453901
PM25_MAIN,PM25,Mortality,All-cause mortality,65,99,426,17,11,14.581804420020854,13.123623978018768,1.4581804420020852,9380,6.44018355644251e-05,0.008066,5e-05,VSL,VSL_2015_USD,,1.011831124022904,0.011692785230666858,0.6040892175943074,0.007063485481491816
PM25_MAIN,PM25,Mortality,All-cause mortality,65,99,467,17,12,14.27819537078214,12.850375833703929,1.4278195370782123,9379,6.44018355644251e-05,0.008066,5e-05,VSL,VSL_2015_USD,,1.0115833659654003,0.011450727992493026,0.604024815758743,0.006916523865969081
PM25_MAIN,PM25,Mortality,All-cause mortality,65,99,508,17,13,14.312792381203217,12.881513143082891,1.4312792381203234,3406,6.44018355644251e-05,0.008066,5e-05,VSL,VSL_2015_USD,,1.011611595552706,0.011478314012763002,0.2193526519324319,0.0025177986184127584
PM25_MAIN,PM25,Mortality,All-cause mortality,65,99,304,18,8,14.918728998573725,13.426856098716351,1.4918728998573734,870,6.44018355644251e-05,0.008066,5e-05,VSL,VSL_2015_USD,,1.0121061400219857,0.01196133443249614,0.056029596941049836,0.0006701887471298598
PM25_MAIN,PM25,Mortality,All-cause mortality,65,99,345,18,9,14.461753561748152,13.015578205573338,1.4461753561748143,9159,6.44018355644251e-05,0.008066,5e-05,VSL,VSL_2015_USD,,1.0117331501007572,0.011597079822469714,0.5898564119345695,0.006840611893000779
PM25_MAIN,PM25,Mortality,All-cause mortality,65,99,386,18,10,14.494041229571724,13.044637106614552,1.4494041229571728,9380,6.44018355644251e-05,0.008066,5e-05,VSL,VSL_2015_USD,,1.011759499245891,0.011622820694696556,0.6040892175943074,0.0070212206596981675
PM25_MAIN,PM25,Mortality,All-cause mortality,65,99,427,18,11,15.018935581211332,13.517042023090198,1.501893558121134,9380,6.44018355644251e-05,0.008066,5e-05,VSL,VSL_2015_USD,,1.0121879484561416,0.012041191040390808,0.6040892175943074,0.007273953674493268
PM25_MAIN,PM25,Mortality,All-cause mortality,65,99,468,18,12,14.43593062675929,12.992337564083362,1.4435930626759284,6428,6.44018355644251e-05,0.008066,5e-05,VSL,VSL_2015_USD,,1.0117120771536632,0.01157649238171965,0.41397499900812457,0.004792378422239954
PM25_MAIN,PM25,Mortality,All-cause mortality,65,99,509,18,13,14.59349893079108,13.134149037711971,1.4593498930791071,45,6.44018355644251e-05,0.008066,5e-05,VSL,VSL_2015_USD,,1.0118406684608432,0.011702107683470131,0.0028980826003991295,3.391367466546175e-05
PM25_MAIN,PM25,Mortality,All-cause mortality,65,99,346,19,9,14.525428500857153,13.07288565077144,1.4525428500857132,3601,6.44018355644251e-05,0.008066,5e-05,VSL,VSL_2015_USD,,1.0117851142580807,0.01164784309633038,0.23191100986749477,0.0027012630552481053
PM25_MAIN,PM25,Mortality,All-cause mortality,65,99,387,19,10,14.67500820500394,13.207507384503549,1.4675008205003923,9371,6.44018355644251e-05,0.008066,5e-05,VSL,VSL_2015_USD,,1.0119071944975433,0.01176708156863715,0.6035096010742276,0.007101546703296102
PM25_MAIN,PM25,Mortality,All-cause mortality,65,99,428,19,11,14.156662043490975,12.74099583914188,1.4156662043490975,9380,6.44018355644251e-05,0.008066,5e-05,VSL,VSL_2015_USD,,1.0114842065406708,0.011353816961658159,0.6040892175943074,0.006858718405077054
PM25_MAIN,PM25,Mortality,All-cause mortality,65,99,469,19,12,14.684957218327884,13.216461496495096,1.468495721832788,3998,6.44018355644251e-05,0.008066,5e-05,VSL,VSL_2015_USD,,1.0119153149580105,0.011775011981615235,0.25747853858657155,0.003031812876865661
PM25_MAIN,PM25,Mortality,All-cause mortality,65,99,347,20,9,14.751107688823758,13.275996919941385,1.4751107688823757,227,6.44018355644251e-05,0.008066,5e-05,VSL,VSL_2015_USD,,1.0119693091330793,0.011827739265465542,0.014619216673124498,0.00017291228307506315
PM25_MAIN,PM25,Mortality,All-cause mortality,65,99,388,20,10,14.506031341910578,13.05542820771952,1.4506031341910577,9205,6.44018355644251e-05,0.008066,5e-05,VSL,VSL_2015_USD,,1.0117692842465784,0.011632379466176901,0.5928188963705331,0.006895894357302241
PM25_MAIN,PM25,Mortality,All-cause mortality,65,99,429,20,11,14.694190952581236,13.224771857323113,1.4694190952581234,9380,6.44018355644251e-05,0.008066,5e-05,VSL,VSL_2015_USD,,1.011922851660558,0.01178237218478928,0.6040892175943074,0.007117603994514287
PM25_MAIN,PM25,Mortality,All-cause mortality,65,99,470,20,12,14.301219705603303,12.871097735042976,1.4301219705603287,1575,6.44018355644251e-05,0.008066,5e-05,VSL,VSL_2015_USD,,1.011602152687967,0.011469086594110722,0.10143289101396953,0.0011633426105302118
PM25_MAIN,PM25,Mortality,All-cause mortality,65,99,348,21,9,14.583423393797858,13.125081054418072,1.4583423393797847,3432,6.44018355644251e-05,0.008066,5e-05,VSL,VSL_2015_USD,,1.011832445337857,0.011694075824882466,0.22102709965710696,0.002584707662744062
PM25_MAIN,PM25,Mortality,All-cause mortality,65,99,389,21,10,14.443634065396752,12.999270658857077,1.4443634065396758,9380,6.44018355644251e-05,0.008066,5e-05,VSL,VSL_2015_USD,,1.0117183635408864,0.011582634024624672,0.6040892175943074,0.0069969443256167226
PM25_MAIN,PM25,Mortality,All-cause mortality,65,99,430,21,11,14.656875718829175,13.191188146946258,1.4656875718829188,9380,6.44018355644251e-05,0.008066,5e-05,VSL,VSL_2015_USD,,1.0118923947918048,0.011752627900965207,0.6040892175943074,0.0070996357933711
PM25_MAIN,PM25,Mortality,All-cause mortality,65,99,471,21,12,14.654471406541722,13.18902426588755,1.465447140654172,5971,6.44018355644251e-05,0.008066,5e-05,VSL,VSL_2015_USD,,1.0118904324122777,0.011750711372902067,0.38454336015518226,0.004518658035549476
PM25_MAIN,PM25,Mortality,All-cause mortality,65,99,349,22,9,14.807953196562002,13.3271578769058,1.4807953196562007,3186,6.44018355644251e-05,0.008066,5e-05,VSL,VSL_2015_USD,,1.0120157105952168,0.011873047492661715,0.20518424810825836,0.0024361623225354363
PM25_MAIN,PM25,Mortality,All-cause mortality,65,99,390,22,10,14.830691613484124,13.347622452135711,1.4830691613484124,9380,6.44018355644251e-05,0.008066,5e-05,VSL,VSL_2015_USD,,1.0120342719503508,0.011891170372282822,0.6040892175943074,0.007183327806472939
PM25_MAIN,PM25,Mortality,All-cause mortality,65,99,431,22,11,14.354628732076083,12.919165858868476,1.435462873207609,9380,6.44018355644251e-05,0.008066,5e-05,VSL,VSL_2015_USD,,1.0116457331649287,0.011511671312540384,0.6040892175943074,0.0069540765163953544
PM25_MAIN,PM25,Mortality,All-cause mortality,65,99,472,22,12,15.162054825625678,13.645849343063109,1.5162054825625688,9252,6.44018355644251e-05,0.008066,5e-05,VSL,VSL_2015_USD,,1.0123048021599081,0.012155234405343163,0.595845782642061,0.007242645157449404
PM25_MAIN,PM25,Mortality,All-cause mortality,65,99,513,22,13,14.493527729079382,13.044174956171444,1.4493527729079378,3157,6.44018355644251e-05,0.008066,5e-05,VSL,VSL_2015_USD,,1.0117590801858196,0.01162241131916486,0.20331659487689005,0.002363029093671223
PM25_MAIN,PM25,Mortality,All-cause mortality,65,99,350,23,9,15.189518554894414,13.670566699404974,1.5189518554894406,4386,6.44018355644251e-05,0.008066,5e-05,VSL,VSL_2015_USD,,1.0123272272312984,0.012177117141275784,0.2824664507855685,0.0034396270596962785
PM25_MAIN,PM25,Mortality,All-cause mortality,65,99,391,23,10,14.516399292384357,13.06475936314592,1.4516399292384357,9380,6.44018355644251e-05,0.008066,5e-05,VSL,VSL_2015_USD,,1.0117777454948493,0.011640644941334433,0.6040892175943074,0.007031988094903851
PM25_MAIN,PM25,Mortality,All-cause mortality,65,99,432,23,11,14.637388990619316,13.173650091557384,1.4637388990619318,9380,6.44018355644251e-05,0.008066,5e-05,VSL,VSL_2015_USD,,1.0118764899972252,0.01173709451166094,0.6040892175943074,0.007090252240379697
PM25_MAIN,PM25,Mortality,All-cause mortality,65,99,473,23,12,14.437427600590674,12.993684840531609,1.4437427600590669,9380,6.44018355644251e-05,0.008066,5e-05,VSL,VSL_2015_USD,,1.011713298755347,0.011577685861950515,0.6040892175943074,0.006993955193898361
PM25_MAIN,PM25,Mortality,All-cause mortality,65,99,514,23,13,14.788109734283754,13.30929876085538,1.4788109734283754,8374,6.44018355644251e-05,0.008066,5e-05,VSL,VSL_2015_USD,,1.0119995126678736,0.011857231666288048,0.5393009710164958,0.006394616551196687
PM25_MAIN,PM25,Mortality,All-cause mortality,65,99,555,23,14,14.73704051476771,13.26333646329094,1.473704051476771,86,6.44018355644251e-05,0.008066,5e-05,VSL,VSL_2015_USD,,1.0119578268048737,0.011816526823681062,0.0055385578585405585,6.544651749995405e-05
PM25_MAIN,PM25,Mortality,All-cause mortality,65,99,351,24,9,14.677068732168872,13.209361858951986,1.467706873216887,3394,6.44018355644251e-05,0.008066,5e-05,VSL,VSL_2015_USD,,1.011908876310162,0.011768724031344324,0.2185798299056588,0.0025724056969778815
PM25_MAIN,PM25,Mortality,All-cause mortality,65,99,392,24,10,14.43702794885333,12.993325153967996,1.4437027948853345,9380,6.44018355644251e-05,0.008066,5e-05,VSL,VSL_2015_USD,,1.01171297262042,0.011577367234980152,0.6040892175943074,0.006993762714781131
PM25_MAIN,PM25,Mortality,All-cause mortality,65,99,433,24,11,14.394165157416497,12.954748641674849,1.43941651574165,9380,6.44018355644251e-05,0.008066,5e-05,VSL,VSL_2015_USD,,1.0116779951433943,0.011543193782463379,0.6040892175943074,0.006973118900587777
PM25_MAIN,PM25,Mortality,All-cause mortality,65,99,474,24,12,14.347900001608972,12.913110001448077,1.4347900001608966,9379,6.44018355644251e-05,0.008066,5e-05,VSL,VSL_2015_USD,,1.0116402425798514,0.011506306382362608,0.604024815758743,0.006950094592670223
PM25_MAIN,PM25,Mortality,All-cause mortality,65,99,515,24,13,14.381005026111376,12.94290452350024,1.438100502611137,8986,6.44018355644251e-05,0.008066,5e-05,VSL,VSL_2015_USD,,1.0116672562770064,0.011532701295426384,0.5787148943819239,0.006674146012120957
PM25_MAIN,PM25,Mortality,All-cause mortality,65,99,556,24,14,14.70470351855434,13.234233166698909,1.4704703518554345,695,6.44018355644251e-05,0.008066,5e-05,VSL,VSL_2015_USD,,1.0119314322317052,0.011790751677108968,0.04475927571727544,0.0005277455052296481
PM25_MAIN,PM25,Mortality,All-cause mortality,65,99,352,25,9,14.814924437537307,13.33343199378358,1.48149244375373,1255,6.44018355644251e-05,0.008066,5e-05,VSL,VSL_2015_USD,,1.0120214011785629,0.011878603717829672,0.0808243036333535,0.0009600798736301471
PM25_MAIN,PM25,Mortality,All-cause mortality,65,99,393,25,10,14.683365409152508,13.215028868237257,1.4683365409152511,9380,6.44018355644251e-05,0.008066,5e-05,VSL,VSL_2015_USD,,1.011914015706856,0.011773743146085147,0.6040892175943074,0.0071123912852749166
PM25_MAIN,PM25,Mortality,All-cause mortality,65,99,434,25,11,14.615334145206488,13.15380073068584,1.4615334145206482,9380,6.44018355644251e-05,0.008066,5e-05,VSL,VSL_2015_USD,,1.0118584894429394,0.011719513713293828,0.6040892175943074,0.007079631869649425
PM25_MAIN,PM25,Mortality,All-cause mortality,65,99,475,25,12,14.928507044103537,13.435656339693184,1.4928507044103512,9380,6.44018355644251e-05,0.008066,5e-05,VSL,VSL_2015_USD,,1.0121141225057704,0.011969127034586302,0.6040892175943074,0.007230420585610113
PM25_MAIN,PM25,Mortality,All-cause mortality,65,99,516,25,13,14.278244923593329,12.850420431233996,1.4278244923593313,4255,6.44018355644251e-05,0.008066,5e-05,VSL,VSL_2015_USD,,1.0115834063976776,0.011450767504112225,0.2740298103266288,0.0031378516472461977
PM25_MAIN,PM25,Mortality,All-cause mortality,65,99,353,26,9,14.875033960351736,13.38753056431656,1.487503396035175,3,6.44018355644251e-05,0.008066,5e-05,VSL,VSL_2015_USD,,1.0120704695588947,0.011926510971272175,0.0001932055066932753,2.3042675952875473e-06
PM25_MAIN,PM25,Mortality,All-cause mortality,65,99,394,26,10,14.578381053355024,13.12054294801952,1.4578381053355027,6975,6.44018355644251e-05,0.008066,5e-05,VSL,VSL_2015_USD,,1.0118283300700732,0.011690056226488665,0.44920280306186505,0.005251206024889517
PM25_MAIN,PM25,Mortality,All-cause mortality,65,99,435,26,11,14.624066836384612,13.161660152746151,1.462406683638461,9379,6.44018355644251e-05,0.008066,5e-05,VSL,VSL_2015_USD,,1.0118656167854394,0.011726474927703179,0.604024815758743,0.007083081857705432
PM25_MAIN,PM25,Mortality,All-cause mortality,65,99,476,26,12,14.91936903583955,13.427432132255596,1.4919369035839534,9380,6.44018355644251e-05,0.008066,5e-05,VSL,VSL_2015_USD,,1.012106662526023,0.01196184451133564,0.6040892175943074,0.007226021291837507
PM25_MAIN,PM25,Mortality,All-cause mortality,65,99,517,26,13,14.816553705208076,13.334898334687267,1.4816553705208069,4378,6.44018355644251e-05,0.008066,5e-05,VSL,VSL_2015_USD,,1.0120227311448724,0.011879902273807086,0.2819512361010531,0.0033495531308596195
PM25_MAIN,PM25,Mortality,All-cause mortality,65,99,395,27,10,15.035377572519,13.5318398152671,1.5035377572519,3089,6.44018355644251e-05,0.008066,5e-05,VSL,VSL_2015_USD,,1.0122013722932597,0.012054293372094627,0.19893727005850914,0.0023980482159288857
PM25_MAIN,PM25,Mortality,All-cause mortality,65,99,436,27,11,14.65915337297492,13.19323803567743,1.4659153372974902,9379,6.44018355644251e-05,0.008066,5e-05,VSL,VSL_2015_USD,,1.0118942537975288,0.011754443463722564,0.604024815758743,0.0070999755475215824
PM25_MAIN,PM25,Mortality,All-cause mortality,65,99,477,27,12,14.942816429313083,13.448534786381776,1.494281642931309,9380,6.44018355644251e-05,0.008066,5e-05,VSL,VSL_2015_USD,,1.0121258043438937,0.011980530771818487,0.6040892175943074,0.007237309460312354
PM25_MAIN,PM25,Mortality,All-cause mortality,65,99,518,27,13,14.787259015318226,13.308533113786403,1.4787259015318224,7540,6.44018355644251e-05,0.008066,5e-05,VSL,VSL_2015_USD,,1.0119988182442496,0.011856553612450638,0.48558984015576523,0.005757421973468166
PM25_MAIN,PM25,Mortality,All-cause mortality,65,99,559,27,14,14.691890347718749,13.222701312946874,1.4691890347718743,1595,6.44018355644251e-05,0.008066,5e-05,VSL,VSL_2015_USD,,1.0119209738695654,0.011780538379375427,0.10272092772525804,0.0012101078314324517
PM25_MAIN,PM25,Mortality,All-cause mortality,65,99,396,28,10,15.177548709979044,13.65979383898114,1.517754870997905,756,6.44018355644251e-05,0.008066,5e-05,VSL,VSL_2015_USD,,1.012317453383711,0.012167579786893312,0.048687787686705376,0.0005924125413253094
PM25_MAIN,PM25,Mortality,All-cause mortality,65,99,437,28,11,15.137068692616362,13.623361823354726,1.513706869261636,9289,6.44018355644251e-05,0.008066,5e-05,VSL,VSL_2015_USD,,1.0122844005619036,0.012135325364181049,0.5982286505579447,0.007259699316695628
PM25_MAIN,PM25,Mortality,All-cause mortality,65,99,478,28,12,14.771512562804066,13.294361306523658,1.4771512562804077,9379,6.44018355644251e-05,0.008066,5e-05,VSL,VSL_2015_USD,,1.0119859648392244,0.011844003035287765,0.604024815758743,0.007154071751235685
PM25_MAIN,PM25,Mortality,All-cause mortality,65,99,519,28,13,14.822700370366722,13.34043033333005,1.4822700370366722,9380,6.44018355644251e-05,0.008066,5e-05,VSL,VSL_2015_USD,,1.0120277486649276,0.01188480126241076,0.6040892175943074,0.007179480295873553
PM25_MAIN,PM25,Mortality,All-cause mortality,65,99,560,28,14,14.629093957305496,13.166184561574946,1.4629093957305503,8277,6.44018355644251e-05,0.008066,5e-05,VSL,VSL_2015_USD,,1.0118697197830944,0.011730482245914664,0.5330539929667466,0.006252980400610341
PM25_MAIN,PM25,Mortality,All-cause mortality,65,99,601,28,15,14.3135572633938,12.88220153705442,1.4313557263393797,418,6.44018355644251e-05,0.008066,5e-05,VSL,VSL_2015_USD,,1.0116122196706936,0.011478923884958303,0.02691996726592969,0.000309012255231176
PM25_MAIN,PM25,Mortality,All-cause mortality,65,99,397,29,10,14.762300477396678,13.286070429657013,1.4762300477396677,269,6.44018355644251e-05,0.008066,5e-05,VSL,VSL_2015_USD,,1.0119784453377423,0.011836660546405753,0.01732409376683035,0.00020505941719207464
PM25_MAIN,PM25,Mortality,All-cause mortality,65,99,438,29,11,14.67508057048648,13.207572513437832,1.4675080570486472,8853,6.44018355644251e-05,0.008066,5e-05,VSL,VSL_2015_USD,,1.0119072535625662,0.011767139251789183,0.5701494502518554,0.0067090279754446315
PM25_MAIN,PM25,Mortality,All-cause mortality,65,99,479,29,12,14.549352167602567,13.094416950842314,1.454935216760255,9380,6.44018355644251e-05,0.008066,5e-05,VSL,VSL_2015_USD,,1.0118046386913986,0.011666914975469789,0.6040892175943074,0.007047857539270853
PM25_MAIN,PM25,Mortality,All-cause mortality,65,99,520,29,13,14.816626187972629,13.334963569175365,1.4816626187972624,9380,6.44018355644251e-05,0.008066,5e-05,VSL,VSL_2015_USD,,1.0120227903123762,0.011879960043849502,0.6040892175943074,0.00717655576794068
PM25_MAIN,PM25,Mortality,All-cause mortality,65,99,561,29,14,14.81439052699348,13.332951474294132,1.4814390526993488,9379,6.44018355644251e-05,0.008066,5e-05,VSL,VSL_2015_USD,,1.0120209653493686,0.011878178181040755,0.604024815758743,0.007174714387352663
PM25_MAIN,PM25,Mortality,All-cause mortality,65,99,602,29,15,14.442827291871426,12.998544562684284,1.444282729187142,5837,6.44018355644251e-05,0.008066,5e-05,VSL,VSL_2015_USD,,1.0117177051719257,0.011581990818213983,0.3759135141895493,0.0043538268697859124
PM25_MAIN,PM25,Mortality,All-cause mortality,65,99,643,29,16,14.47042512743122,13.023382614688098,1.4470425127431223,249,6.44018355644251e-05,0.008066,5e-05,VSL,VSL_2015_USD,,1.0117402266777267,0.011603993167572546,0.01603605705554185,0.00018608229650731112
PM25_MAIN,PM25,Mortality,All-cause mortality,65,99,398,30,10,15.119546878870317,13.607592190983285,1.5119546878870302,1076,6.44018355644251e-05,0.008066,5e-05,VSL,VSL_2015_USD,,1.0122700939514349,0.012121363680258623,0.0692963750673214,0.000839966563914609
PM25_MAIN,PM25,Mortality,All-cause mortality,65,99,439,30,11,15.063129814029638,13.556816832626676,1.5063129814029637,8857,6.44018355644251e-05,0.008066,5e-05,VSL,VSL_2015_USD,,1.0122240306320707,0.012076408247725046,0.5704070575941131,0.006888468494890123
PM25_MAIN,PM25,Mortality,All-cause mortality,65,99,480,30,12,14.563185074023515,13.106866566621166,1.4563185074023508,9380,6.44018355644251e-05,0.008066,5e-05,VSL,VSL_2015_USD,,1.0118159280883992,0.011677942361238203,0.6040892175943074,0.007054519064111805
PM25_MAIN,PM25,Mortality,All-cause mortality,65,99,521,30,13,14.741674759669628,13.267507283702663,1.4741674759669632,9380,6.44018355644251e-05,0.008066,5e-05,VSL,VSL_2015_USD,,1.011961609492022,0.011820220628751432,0.6040892175943074,0.007140467831414546
PM25_MAIN,PM25,Mortality,All-cause mortality,65,99,562,30,14,14.76878845395352,13.291909608558168,1.476878845395353,9379,6.44018355644251e-05,0.008066,5e-05,VSL,VSL_2015_USD,,1.011983741239113,0.011841831791131074,0.604024815758743,0.007152760265883973
PM25_MAIN,PM25,Mortality,All-cause mortality,65,99,603,30,15,15.055012287644477,13.549511058880029,1.5055012287644465,9379,6.44018355644251e-05,0.008066,5e-05,VSL,VSL_2015_USD,,1.0122174030189621,0.012069939701217836,0.604024815758743,0.007290543104247241
PM25_MAIN,PM25,Mortality,All-cause mortality,65,99,644,30,16,14.480669036434849,13.032602132791364,1.4480669036434843,2838,6.44018355644251e-05,0.008066,5e-05,VSL,VSL_2015_USD,,1.0117485864556717,0.011612159990090909,0.18277240933183844,0.0021223824589356927
PM25_MAIN,PM25,Mortality,All-cause mortality,65,99,440,31,11,15.282164585534154,13.753948126980738,1.528216458553416,8213,6.44018355644251e-05,0.008066,5e-05,VSL,VSL_2015_USD,,1.0124028795388518,0.01225093269637989,0.5289322754906234,0.006479913707978693
PM25_MAIN,PM25,Mortality,All-cause mortality,65,99,481,31,12,14.809541918408788,13.328587726567909,1.480954191840878,9380,6.44018355644251e-05,0.008066,5e-05,VSL,VSL_2015_USD,,1.0120170074567783,0.011874313740020348,0.6040892175943074,0.007173144896678227
PM25_MAIN,PM25,Mortality,All-cause mortality,65,99,522,31,13,14.832607654155264,13.349346888739738,1.483260765415526,9380,6.44018355644251e-05,0.008066,5e-05,VSL,VSL_2015_USD,,1.012035836028672,0.011892697471961089,0.6040892175943074,0.0071842503109227724
PM25_MAIN,PM25,Mortality,All-cause mortality,65,99,563,31,14,13.890914965114396,12.501823468602955,1.3890914965114387,9379,6.44018355644251e-05,0.008066,5e-05,VSL,VSL_2015_USD,,1.011267416524754,0.011141876362905756,0.604024815758743,0.006729969817310843
PM25_MAIN,PM25,Mortality,All-cause mortality,65,99,604,31,15,14.31440261307974,12.882962351771766,1.4314402613079746,9379,6.44018355644251e-05,0.008066,5e-05,VSL,VSL_2015_USD,,1.0116129094478827,0.011479597916776996,0.604024815758743,0.006933962016665675
PM25_MAIN,PM25,Mortality,All-cause mortality,65,99,645,31,16,14.708652316854709,13.237787085169236,1.470865231685471,7418,6.44018355644251e-05,0.008066,5e-05,VSL,VSL_2015_USD,,1.0119346553403605,0.011793899218073944,0.4777328162169054,0.005634332687628823
PM25_MAIN,PM25,Mortality,All-cause mortality,65,99,686,31,17,14.698648080791791,13.228783272712612,1.46986480807918,1809,6.44018355644251e-05,0.008066,5e-05,VSL,VSL_2015_USD,,1.01192648965079,0.011785924938980341,0.11650292053604501,0.0013730946766098177
PM25_MAIN,PM25,Mortality,All-cause mortality,65,99,400,32,10,15.764778786038454,14.18830090743461,1.5764778786038445,746,6.44018355644251e-05,0.008066,5e-05,VSL,VSL_2015_USD,,1.0127970610217696,0.01263536547870614,0.04804376933106112,0.0006070505844726105
PM25_MAIN,PM25,Mortality,All-cause mortality,65,99,441,32,11,19.17487161221961,17.257384450997655,1.917487161221956,9110,6.44018355644251e-05,0.008066,5e-05,VSL,VSL_2015_USD,,1.0155866760186985,0.015347460129943036,0.5867007219919127,0.009004365938979674
PM25_MAIN,PM25,Mortality,All-cause mortality,65,99,482,32,12,21.94635158055097,19.751716422495875,2.194635158055096,9380,6.44018355644251e-05,0.008066,5e-05,VSL,VSL_2015_USD,,1.0178595349112372,0.01754616850231161,0.6040892175943074,0.010599451202339301
PM25_MAIN,PM25,Mortality,All-cause mortality,65,99,523,32,13,14.96904963866631,13.472144674799678,1.4969049638666316,9380,6.44018355644251e-05,0.008066,5e-05,VSL,VSL_2015_USD,,1.0121472208556037,0.012001436752782979,0.6040892175943074,0.007249938537996235
PM25_MAIN,PM25,Mortality,All-cause mortality,65,99,564,32,14,11.670833129603952,10.50374981664356,1.1670833129603937,9379,6.44018355644251e-05,0.008066,5e-05,VSL,VSL_2015_USD,,1.0094581421841018,0.009369523894906417,0.604024815758743,0.005659424944367989
PM25_MAIN,PM25,Mortality,All-cause mortality,65,99,605,32,15,14.752681549000632,13.277413394100568,1.475268154900064,9380,6.44018355644251e-05,0.008066,5e-05,VSL,VSL_2015_USD,,1.0119705938042596,0.01182899372526125,0.6040892175943074,0.00714576756442104
PM25_MAIN,PM25,Mortality,All-cause mortality,65,99,646,32,16,15.222191617917424,13.699972456125684,1.5222191617917409,9380,6.44018355644251e-05,0.008066,5e-05,VSL,VSL_2015_USD,,1.0123539065483742,0.012203149973999627,0.6040892175943074,0.007371791319979428
PM25_MAIN,PM25,Mortality,All-cause mortality,65,99,687,32,17,14.640175723395055,13.176158151055551,1.4640175723395057,5329,6.44018355644251e-05,0.008066,5e-05,VSL,VSL_2015_USD,,1.0118787644741591,0.011739315905430647,0.3431973817228214,0.0040289024819608705
PM25_MAIN,PM25,Mortality,All-cause mortality,65,99,360,33,9,15.903242548505457,14.31291829365491,1.590324254850545,2764,6.44018355644251e-05,0.008066,5e-05,VSL,VSL_2015_USD,,1.0129101814474848,0.012745633012628654,0.178006673500071,0.002268807734230715
PM25_MAIN,PM25,Mortality,All-cause mortality,65,99,401,33,10,14.580532004246432,13.12247880382179,1.4580532004246418,9240,6.44018355644251e-05,0.008066,5e-05,VSL,VSL_2015_USD,,1.0118300855502291,0.011691770900245535,0.5950729606152879,0.006957456724444781
PM25_MAIN,PM25,Mortality,All-cause mortality,65,99,442,33,11,21.11484343586332,19.003359092276987,2.11148434358633,9379,6.44018355644251e-05,0.008066,5e-05,VSL,VSL_2015_USD,,1.017177091031689,0.016887021132443003,0.604024815758743,0.010200179828237885
PM25_MAIN,PM25,Mortality,All-cause mortality,65,99,483,33,12,16.44402271958976,14.799620447630785,1.6444022719589757,9380,6.44018355644251e-05,0.008066,5e-05,VSL,VSL_2015_USD,,1.0133521024424283,0.013176172832963573,0.6040892175943074,0.007959583937552334
PM25_MAIN,PM25,Mortality,All-cause mortality,65,99,524,33,13,15.333234134351075,13.79991072091597,1.5333234134351077,9380,6.44018355644251e-05,0.008066,5e-05,VSL,VSL_2015_USD,,1.0124445840039533,0.012291619907470186,0.6040892175943074,0.007425235052870278
PM25_MAIN,PM25,Mortality,All-cause mortality,65,99,565,33,14,15.03390264443556,13.530512379992002,1.5033902644435564,9379,6.44018355644251e-05,0.008066,5e-05,VSL,VSL_2015_USD,,1.012200168101292,0.012053118035118882,0.604024815758743,0.007280382400481065
PM25_MAIN,PM25,Mortality,All-cause mortality,65,99,606,33,15,13.401107277986362,12.060996550187726,1.3401107277986366,9380,6.44018355644251e-05,0.008066,5e-05,VSL,VSL_2015_USD,,1.0108679650386292,0.010751122218235265,0.6040892175943074,0.0064946370090745165
PM25_MAIN,PM25,Mortality,All-cause mortality,65,99,647,33,16,14.923111506289157,13.43080035566024,1.4923111506289164,9380,6.44018355644251e-05,0.008066,5e-05,VSL,VSL_2015_USD,,1.0121097177533989,0.011964827074557705,0.6040892175943074,0.00722782302612075
PM25_MAIN,PM25,Mortality,All-cause mortality,65,99,688,33,17,14.969125521056087,13.47221296895048,1.4969125521056077,8364,6.44018355644251e-05,0.008066,5e-05,VSL,VSL_2015_USD,,1.0121472828058329,0.012001497224947921,0.5386569526608516,0.006464689922558114
PM25_MAIN,PM25,Mortality,All-cause mortality,65,99,729,33,18,14.54009013227245,13.086081119045208,1.4540090132272423,49,6.44018355644251e-05,0.008066,5e-05,VSL,VSL_2015_USD,,1.0117970797723412,0.01165953135088682,0.00315568994265683,3.679386582008554e-05
PM25_MAIN,PM25,Mortality,All-cause mortality,65,99,361,34,9,15.140815401849457,13.62673386166451,1.5140815401849448,2224,6.44018355644251e-05,0.008066,5e-05,VSL,VSL_2015_USD,,1.0122874597868274,0.012138310781223183,0.14322968229528144,0.0017385663967959858
PM25_MAIN,PM25,Mortality,All-cause mortality,65,99,402,34,10,14.01685497812696,12.615169480314266,1.4016854978126947,8169,6.44018355644251e-05,0.008066,5e-05,VSL,VSL_2015_USD,,1.011370149537526,0.011242322647870506,0.5260985947257887,0.005914570146498581
PM25_MAIN,PM25,Mortality,All-cause mortality,65,99,443,34,11,14.284132281459296,12.855719053313369,1.4284132281459296,9374,6.44018355644251e-05,0.008066,5e-05,VSL,VSL_2015_USD,,1.0115882101585565,0.011455461859070315,0.6037028065809209,0.006915694475001443
PM25_MAIN,PM25,Mortality,All-cause mortality,65,99,484,34,12,15.933223037574365,14.339900733816927,1.5933223037574358,9380,6.44018355644251e-05,0.008066,5e-05,VSL,VSL_2015_USD,,1.0129346762035323,0.012769506768206762,0.6040892175943074,0.007713921352671236
PM25_MAIN,PM25,Mortality,All-cause mortality,65,99,525,34,13,16.807461198981006,15.126715079082906,1.6807461198980995,9380,6.44018355644251e-05,0.008066,5e-05,VSL,VSL_2015_USD,,1.01364920962804,0.013465417324252216,0.6040892175943074,0.008134313415988354
PM25_MAIN,PM25,Mortality,All-cause mortality,65,99,566,34,14,14.093414090109828,12.684072681098844,1.4093414090109828,9379,6.44018355644251e-05,0.008066,5e-05,VSL,VSL_2015_USD,,1.0114326061817267,0.011303379099954158,0.604024815758743,0.006827521478301037
PM25_MAIN,PM25,Mortality,All-cause mortality,65,99,607,34,15,14.651209166341497,13.186088249707348,1.4651209166341488,9379,6.44018355644251e-05,0.008066,5e-05,VSL,VSL_2015_USD,,1.0118877698052677,0.011748110966451786,0.604024815758743,0.007096150562024308
PM25_MAIN,PM25,Mortality,All-cause mortality,65,99,648,34,16,14.877075988961426,13.389368390065282,1.4877075988961437,7672,6.44018355644251e-05,0.008066,5e-05,VSL,VSL_2015_USD,,1.012072136541818,0.011928138426048895,0.4940908824502694,0.005893584440915466
PM25_MAIN,PM25,Mortality,All-cause mortality,65,99,689,34,17,14.468387370974272,13.021548633876847,1.4468387370974265,1634,6.44018355644251e-05,0.008066,5e-05,VSL,VSL_2015_USD,,1.0117385637278604,0.0116023685848331,0.10523259931227061,0.0012209474043610178
PM25_MAIN,PM25,Mortality,All-cause mortality,65,99,730,34,18,14.684069053239297,13.215662147915364,1.4684069053239297,173,6.44018355644251e-05,0.008066,5e-05,VSL,VSL_2015_USD,,1.01191459002825,0.011774304022948656,0.011141517552645542,0.00013118361494186747
PM25_MAIN,PM25,Mortality,All-cause mortality,65,99,403,35,10,15.23792487978262,13.71413239180436,1.5237924879782607,73,6.44018355644251e-05,0.008066,5e-05,VSL,VSL_2015_USD,,1.0123667538555348,0.012215685480026717,0.004701333996203033,5.7430017434173365e-05
PM25_MAIN,PM25,Mortality,All-cause mortality,65,99,444,35,11,14.754074268797218,13.278666841917495,1.4754074268797217,4839,6.44018355644251e-05,0.008066,5e-05,VSL,VSL_2015_USD,,1.0119717306200655,0.0118301038041152,0.3116404822962531,0.003686739255129199
PM25_MAIN,PM25,Mortality,All-cause mortality,65,99,485,35,12,20.057226182209035,18.05150356398813,2.0057226182209043,9380,6.44018355644251e-05,0.008066,5e-05,VSL,VSL_2015_USD,,1.0163097336364728,0.016047995110815894,0.6040892175943074,0.009694420810450044
PM25_MAIN,PM25,Mortality,All-cause mortality,65,99,526,35,13,14.002111244794085,12.601900120314676,1.4002111244794089,9380,6.44018355644251e-05,0.008066,5e-05,VSL,VSL_2015_USD,,1.0113581220965608,0.011230563979666486,0.6040892175943074,0.006784262607619539
PM25_MAIN,PM25,Mortality,All-cause mortality,65,99,567,35,14,13.21154531073496,11.890390779661464,1.3211545310734945,9379,6.44018355644251e-05,0.008066,5e-05,VSL,VSL_2015_USD,,1.0107134144523153,0.010599853825152605,0.604024815758743,0.00640257475380741
PM25_MAIN,PM25,Mortality,All-cause mortality,65,99,608,35,15,14.732226957084348,13.259004261375912,1.473222695708435,9380,6.44018355644251e-05,0.008066,5e-05,VSL,VSL_2015_USD,,1.0119538977692286,0.011812690079637034,0.6040892175943074,0.007135918707891973
PM25_MAIN,PM25,Mortality,All-cause mortality,65,99,649,35,16,14.825376698476235,13.342839028628614,1.4825376698476234,8354,6.44018355644251e-05,0.008066,5e-05,VSL,VSL_2015_USD,,1.0120299333581557,0.011886934330329058,0.5380129343052072,0.00639532441895364
PM25_MAIN,PM25,Mortality,All-cause mortality,65,99,690,35,17,15.344356667510764,13.809921000759688,1.5344356667510777,2836,6.44018355644251e-05,0.008066,5e-05,VSL,VSL_2015_USD,,1.0124536671257238,0.012300481029496102,0.18264360566070958,0.002246604206588325
PM25_MAIN,PM25,Mortality,All-cause mortality,65,99,445,36,11,15.357020194510564,13.821318175059506,1.5357020194510564,6092,6.44018355644251e-05,0.008066,5e-05,VSL,VSL_2015_USD,,1.0124640087861672,0.012310569736804777,0.3923359822584777,0.0048298794698507915
PM25_MAIN,PM25,Mortality,All-cause mortality,65,99,486,36,12,16.080378304002686,14.47234047360242,1.6080378304002654,9380,6.44018355644251e-05,0.008066,5e-05,VSL,VSL_2015_USD,,1.0130549140641911,0.012886679569834136,0.6040892175943074,0.00778470417872965
PM25_MAIN,PM25,Mortality,All-cause mortality,65,99,527,36,13,14.657942938549356,13.19214864469442,1.4657942938549358,9380,6.44018355644251e-05,0.008066,5e-05,VSL,VSL_2015_USD,,1.0118932658488105,0.011753478603135026,0.6040892175943074,0.007100149693379272
PM25_MAIN,PM25,Mortality,All-cause mortality,65,99,568,36,14,14.242217186793871,12.817995468114484,1.424221718679389,9379,6.44018355644251e-05,0.008066,5e-05,VSL,VSL_2015_USD,,1.0115540102388316,0.011422039873188461,0.604024815758743,0.006899195529991677
PM25_MAIN,PM25,Mortality,All-cause mortality,65,99,609,36,15,15.160507917501413,13.644457125751272,1.5160507917501391,9380,6.44018355644251e-05,0.008066,5e-05,VSL,VSL_2015_USD,,1.0123035390714574,0.012154001835005812,0.6040892175943074,0.007342101459148438
PM25_MAIN,PM25,Mortality,All-cause mortality,65,99,650,36,16,15.34201581261508,13.807814231353571,1.534201581261506,9380,6.44018355644251e-05,0.008066,5e-05,VSL,VSL_2015_USD,,1.0124517554797827,0.012298616119127637,0.6040892175943074,0.007429461388896552
PM25_MAIN,PM25,Mortality,All-cause mortality,65,99,691,36,17,15.097576662187883,13.587818995969096,1.509757666218789,1951,6.44018355644251e-05,0.008066,5e-05,VSL,VSL_2015_USD,,1.0122521554931008,0.012103857153193509,0.12564798118619336,0.0015208252158648299
PM25_MAIN,PM25,Mortality,All-cause mortality,65,99,446,37,11,14.259758669774852,12.83378280279737,1.425975866977483,858,6.44018355644251e-05,0.008066,5e-05,VSL,VSL_2015_USD,,1.0115683227774883,0.011436027124420933,0.05525677491427674,0.000631917976727691
PM25_MAIN,PM25,Mortality,All-cause mortality,65,99,487,37,12,15.307590683697027,13.776831615327326,1.5307590683697008,7095,6.44018355644251e-05,0.008066,5e-05,VSL,VSL_2015_USD,,1.012423642809364,0.012271189928842241,0.45693102332959606,0.005607087371657719
PM25_MAIN,PM25,Mortality,All-cause mortality,65,99,528,37,13,15.16501838246409,13.64851654421768,1.516501838246409,9380,6.44018355644251e-05,0.008066,5e-05,VSL,VSL_2015_USD,,1.0123072219812062,0.0121575957515343,0.6040892175943074,0.007344272505372232
PM25_MAIN,PM25,Mortality,All-cause mortality,65,99,569,37,14,14.025216660870637,12.62269499478357,1.4025216660870647,9380,6.44018355644251e-05,0.008066,5e-05,VSL,VSL_2015_USD,,1.0113769707801823,0.011248991334463554,0.6040892175943074,0.006795394373961232
PM25_MAIN,PM25,Mortality,All-cause mortality,65,99,610,37,15,14.307481321730242,12.87673318955722,1.4307481321730222,9379,6.44018355644251e-05,0.008066,5e-05,VSL,VSL_2015_USD,,1.0116072619184968,0.011474079275077487,0.604024815758743,0.0069306286201298905
PM25_MAIN,PM25,Mortality,All-cause mortality,65,99,651,37,16,10.931647358235464,9.838482622411918,1.093164735823544,9380,6.44018355644251e-05,0.008066,5e-05,VSL,VSL_2015_USD,,1.0088564551278076,0.008778706904031819,0.6040892175943074,0.005303122185146327
PM25_MAIN,PM25,Mortality,All-cause mortality,65,99,692,37,17,15.01250440273382,13.51125396246044,1.501250440273381,3072,6.44018355644251e-05,0.008066,5e-05,VSL,VSL_2015_USD,,1.0121826978575756,0.012036066100874931,0.1978424388539139,0.0023812446716040144
PM25_MAIN,PM25,Mortality,All-cause mortality,65,99,488,38,12,14.8539423729429,13.368548135648613,1.4853942372942883,654,6.44018355644251e-05,0.008066,5e-05,VSL,VSL_2015_USD,,1.0120532518823944,0.011909701253343674,0.04211880045913401,0.0005016223306174805
PM25_MAIN,PM25,Mortality,All-cause mortality,65,99,529,38,13,14.956402045146238,13.460761840631614,1.4956402045146238,8735,6.44018355644251e-05,0.008066,5e-05,VSL,VSL_2015_USD,,1.01213689543887,0.011991357585682483,0.5625500336552532,0.006745738613397857
PM25_MAIN,PM25,Mortality,All-cause mortality,65,99,570,38,14,14.650818852449426,13.185736967204486,1.46508188524494,9380,6.44018355644251e-05,0.008066,5e-05,VSL,VSL_2015_USD,,1.0118874512355394,0.011747799837842132,0.6040892175943074,0.007096719212496586
PM25_MAIN,PM25,Mortality,All-cause mortality,65,99,611,38,15,10.534566660882486,9.48110999479424,1.0534566660882465,9380,6.44018355644251e-05,0.008066,5e-05,VSL,VSL_2015_USD,,1.0085333849850884,0.008461182457747407,0.6040892175943074,0.00511130909082331
PM25_MAIN,PM25,Mortality,All-cause mortality,65,99,652,38,16,14.710739100762476,13.239665190686228,1.4710739100762478,9380,6.44018355644251e-05,0.008066,5e-05,VSL,VSL_2015_USD,,1.0119363586301047,0.011795562565084072,0.6040892175943074,0.007125572161026339
PM25_MAIN,PM25,Mortality,All-cause mortality,65,99,693,38,17,15.323704095898384,13.791333686308548,1.5323704095898378,2789,6.44018355644251e-05,0.008066,5e-05,VSL,VSL_2015_USD,,1.0124368014442156,0.012284027434082523,0.1796167193891816,0.002206416708596609
PM25_MAIN,PM25,Mortality,All-cause mortality,65,99,530,39,13,15.233345858285112,13.7100112724566,1.5233345858285112,5649,6.44018355644251e-05,0.008066,5e-05,VSL,VSL_2015_USD,,1.0123630147478522,0.012212037152435351,0.3638059691034374,0.0044428120109689245
PM25_MAIN,PM25,Mortality,All-cause mortality,65,99,571,39,14,14.85079194424832,13.36571274982349,1.4850791944248307,9380,6.44018355644251e-05,0.008066,5e-05,VSL,VSL_2015_USD,,1.0120506801209272,0.011907190378536492,0.6040892175943074,0.007193005319516575
PM25_MAIN,PM25,Mortality,All-cause mortality,65,99,612,39,15,16.07381509792878,14.466433588135905,1.6073815097928763,9380,6.44018355644251e-05,0.008066,5e-05,VSL,VSL_2015_USD,,1.0130495510851927,0.012881453894544204,0.6040892175943074,0.007781547404632353
PM25_MAIN,PM25,Mortality,All-cause mortality,65,99,653,39,16,13.796593807770543,12.41693442699349,1.3796593807770543,9358,6.44018355644251e-05,0.008066,5e-05,VSL,VSL_2015_USD,,1.011190482787014,0.011066641723299298,0.60267237721189,0.006669559275133075
PM25_MAIN,PM25,Mortality,All-cause mortality,65,99,694,39,17,15.85215358364133,14.266938225277196,1.5852153583641329,366,6.44018355644251e-05,0.008066,5e-05,VSL,VSL_2015_USD,,1.012868441941047,0.012704949041936864,0.023571071816579588,0.00029946926629347784
PM25_MAIN,PM25,Mortality,All-cause mortality,65,99,531,40,13,15.175333489375385,13.657800140437846,1.5175333489375389,927,6.44018355644251e-05,0.008066,5e-05,VSL,VSL_2015_USD,,1.0123156445796,0.012165814729371838,0.05970050156822207,0.0007263052413295626
PM25_MAIN,PM25,Mortality,All-cause mortality,65,99,572,40,14,15.25170536552744,13.726534828974696,1.5251705365527446,5729,6.44018355644251e-05,0.008066,5e-05,VSL,VSL_2015_USD,,1.0123780067185475,0.012226664977312951,0.3689581159485914,0.0045111272743640135
PM25_MAIN,PM25,Mortality,All-cause mortality,65,99,613,40,15,15.21287476699635,13.691587290296717,1.5212874766996336,9380,6.44018355644251e-05,0.008066,5e-05,VSL,VSL_2015_USD,,1.0123462987657463,0.012195726680483632,0.6040892175943074,0.007367306988407377
PM25_MAIN,PM25,Mortality,All-cause mortality,65,99,654,40,16,15.368080088457864,13.83127207961208,1.5368080088457852,9380,6.44018355644251e-05,0.008066,5e-05,VSL,VSL_2015_USD,,1.0124730409272187,0.01231938078647099,0.6040892175943074,0.007442005100545605
PM25_MAIN,PM25,Mortality,All-cause mortality,65,99,695,40,17,15.495245848721163,13.945721263849046,1.5495245848721169,3681,6.44018355644251e-05,0.008066,5e-05,VSL,VSL_2015_USD,,1.0125768975392757,0.012420683870864035,0.2370631567126488,0.00294448652695691
PM25_MAIN,PM25,Mortality,All-cause mortality,65,99,573,41,14,15.416668772074424,13.875001894866982,1.541666877207442,2857,6.44018355644251e-05,0.008066,5e-05,VSL,VSL_2015_USD,,1.0125127221758377,0.012358088843514414,0.18399604420756252,0.0022738394611722633
PM25_MAIN,PM25,Mortality,All-cause mortality,65,99,614,41,15,15.302877657442137,13.77258989169792,1.5302877657442142,5064,6.44018355644251e-05,0.008066,5e-05,VSL,VSL_2015_USD,,1.0124197940608892,0.012267435043987529,0.3261308952982487,0.004000789573908764
PM25_MAIN,PM25,Mortality,All-cause mortality,65,99,655,41,16,15.069277033671208,13.56234933030409,1.5069277033671185,2972,6.44018355644251e-05,0.008066,5e-05,VSL,VSL_2015_USD,,1.0122290496028665,0.012081306703916828,0.1914022552974714,0.0023123893500701415
PM25_MAIN,PM25,Mortality,All-cause mortality,65,99,696,41,17,15.815090217768256,14.233581195991432,1.5815090217768244,886,6.44018355644251e-05,0.008066,5e-05,VSL,VSL_2015_USD,,1.0128381623766718,0.012675433108233602,0.05706002631008064,0.0007232605466474766
