ruta_relativa,nombre,extension,tamano_mb
.gitignore,.gitignore,,0.0003
01_datos_procesados\funciones_cr\.gitkeep,.gitkeep,,0.0
01_datos_procesados\funciones_cr\benmap_health_impact_functions.csv,benmap_health_impact_functions.csv,.csv,0.0007
01_datos_procesados\funciones_cr\benmap_health_impact_functions_candidate_final.csv,benmap_health_impact_functions_candidate_final.csv,.csv,0.0007
01_datos_procesados\funciones_cr\benmap_health_impact_functions_candidate_final_working.csv,benmap_health_impact_functions_candidate_final_working.csv,.csv,0.0018
01_datos_procesados\funciones_cr\benmap_health_impact_functions_import_full.csv,benmap_health_impact_functions_import_full.csv,.csv,0.0008
01_datos_procesados\funciones_cr\benmap_health_impact_functions_import_full_copy.csv,benmap_health_impact_functions_import_full_copy.csv,.csv,0.0008
01_datos_procesados\funciones_cr\benmap_health_impact_functions_import_full_v2.csv,benmap_health_impact_functions_import_full_v2.csv,.csv,0.0008
01_datos_procesados\funciones_cr\benmap_health_impact_functions_import_full_v2_copy.csv,benmap_health_impact_functions_import_full_v2_copy.csv,.csv,0.0008
01_datos_procesados\funciones_cr\benmap_health_impact_functions_import_full_v3.csv,benmap_health_impact_functions_import_full_v3.csv,.csv,0.0008
01_datos_procesados\funciones_cr\benmap_health_impact_functions_import_full_v3_copy.csv,benmap_health_impact_functions_import_full_v3_copy.csv,.csv,0.0008
01_datos_procesados\funciones_cr\benmap_health_impact_functions_import_full_v4.csv,benmap_health_impact_functions_import_full_v4.csv,.csv,0.0008
01_datos_procesados\funciones_cr\benmap_health_impact_functions_import_full_v4_copy.csv,benmap_health_impact_functions_import_full_v4_copy.csv,.csv,0.0008
01_datos_procesados\funciones_cr\benmap_health_impact_functions_min_pm25.csv,benmap_health_impact_functions_min_pm25.csv,.csv,0.0005
01_datos_procesados\funciones_cr\benmap_health_impact_functions_min_pm25_v2.csv,benmap_health_impact_functions_min_pm25_v2.csv,.csv,0.0006
01_datos_procesados\funciones_cr\benmap_health_impact_functions_min_pm25_v3.csv,benmap_health_impact_functions_min_pm25_v3.csv,.csv,0.0006
01_datos_procesados\funciones_cr\benmap_health_impact_functions_min_pm25_v4.csv,benmap_health_impact_functions_min_pm25_v4.csv,.csv,0.0005
01_datos_procesados\funciones_cr\benmap_health_impact_functions_ready_only.csv,benmap_health_impact_functions_ready_only.csv,.csv,0.0004
01_datos_procesados\funciones_cr\benmap_health_impact_functions_ready_only_copy.csv,benmap_health_impact_functions_ready_only_copy.csv,.csv,0.0004
01_datos_procesados\funciones_cr\benmap_health_impact_functions_ready_only_working.csv,benmap_health_impact_functions_ready_only_working.csv,.csv,0.0011
01_datos_procesados\funciones_cr\benmap_health_impact_functions_ready_only_working_copy.csv,benmap_health_impact_functions_ready_only_working_copy.csv,.csv,0.0011
01_datos_procesados\funciones_cr\benmap_health_impact_functions_working.csv,benmap_health_impact_functions_working.csv,.csv,0.0018
01_datos_procesados\funciones_cr\benmap_health_impact_functions_working_copy.csv,benmap_health_impact_functions_working_copy.csv,.csv,0.0018
01_datos_procesados\funciones_cr\inventario_funciones_cr.csv,inventario_funciones_cr.csv,.csv,0.0017
01_datos_procesados\funciones_cr\inventario_funciones_cr_preview.csv,inventario_funciones_cr_preview.csv,.csv,0.002
01_datos_procesados\grilla\.gitkeep,.gitkeep,,0.0
01_datos_procesados\grilla\HBM_NO2_W_edges_queen_v2.csv,HBM_NO2_W_edges_queen_v2.csv,.csv,0.0063
01_datos_procesados\grilla\HBM_NO2_W_edges_queen_v2_copy.csv,HBM_NO2_W_edges_queen_v2_copy.csv,.csv,0.0063
01_datos_procesados\grilla\HBM_NO2_grid_audit_correlation.csv,HBM_NO2_grid_audit_correlation.csv,.csv,0.0004
01_datos_procesados\grilla\HBM_NO2_grid_audit_correlation_copy.csv,HBM_NO2_grid_audit_correlation_copy.csv,.csv,0.0004
01_datos_procesados\grilla\HBM_NO2_grid_audit_covariate_summary.csv,HBM_NO2_grid_audit_covariate_summary.csv,.csv,0.001
01_datos_procesados\grilla\HBM_NO2_grid_audit_covariate_summary_copy.csv,HBM_NO2_grid_audit_covariate_summary_copy.csv,.csv,0.001
01_datos_procesados\grilla\HBM_NO2_grid_audit_extreme_rows.csv,HBM_NO2_grid_audit_extreme_rows.csv,.csv,0.0137
01_datos_procesados\grilla\HBM_NO2_grid_audit_extreme_rows_copy.csv,HBM_NO2_grid_audit_extreme_rows_copy.csv,.csv,0.0137
01_datos_procesados\grilla\HBM_NO2_grid_audit_flag_summary.csv,HBM_NO2_grid_audit_flag_summary.csv,.csv,0.0009
01_datos_procesados\grilla\HBM_NO2_grid_audit_flag_summary_copy.csv,HBM_NO2_grid_audit_flag_summary_copy.csv,.csv,0.0009
01_datos_procesados\grilla\HBM_NO2_grid_audit_monthly_flags.csv,HBM_NO2_grid_audit_monthly_flags.csv,.csv,0.0243
01_datos_procesados\grilla\HBM_NO2_grid_audit_monthly_flags_copy.csv,HBM_NO2_grid_audit_monthly_flags_copy.csv,.csv,0.0243
01_datos_procesados\grilla\HBM_NO2_grid_base_clean_v1.csv,HBM_NO2_grid_base_clean_v1.csv,.csv,1.3012
01_datos_procesados\grilla\HBM_NO2_grid_base_clean_v1_copy.csv,HBM_NO2_grid_base_clean_v1_copy.csv,.csv,1.3012
01_datos_procesados\grilla\HBM_NO2_grid_base_v2.csv,HBM_NO2_grid_base_v2.csv,.csv,1.5917
01_datos_procesados\grilla\HBM_NO2_grid_base_v2_copy.csv,HBM_NO2_grid_base_v2_copy.csv,.csv,1.5917
01_datos_procesados\grilla\HBM_NO2_grid_clean_transform_report.csv,HBM_NO2_grid_clean_transform_report.csv,.csv,0.0004
01_datos_procesados\grilla\HBM_NO2_grid_clean_transform_report_copy.csv,HBM_NO2_grid_clean_transform_report_copy.csv,.csv,0.0004
01_datos_procesados\grilla\HBM_NO2_grid_clean_v1.csv,HBM_NO2_grid_clean_v1.csv,.csv,5.5865
01_datos_procesados\grilla\HBM_NO2_grid_clean_v1_copy.csv,HBM_NO2_grid_clean_v1_copy.csv,.csv,5.5865
01_datos_procesados\grilla\HBM_O3_W_edges_queen_v2.csv,HBM_O3_W_edges_queen_v2.csv,.csv,0.0063
01_datos_procesados\grilla\HBM_O3_W_edges_queen_v2_copy.csv,HBM_O3_W_edges_queen_v2_copy.csv,.csv,0.0063
01_datos_procesados\grilla\HBM_O3_W_edges_queen_v3.csv,HBM_O3_W_edges_queen_v3.csv,.csv,0.0063
01_datos_procesados\grilla\HBM_O3_W_edges_queen_v3_copy.csv,HBM_O3_W_edges_queen_v3_copy.csv,.csv,0.0063
01_datos_procesados\grilla\HBM_O3_grid_audit_correlation.csv,HBM_O3_grid_audit_correlation.csv,.csv,0.0004
01_datos_procesados\grilla\HBM_O3_grid_audit_correlation_copy.csv,HBM_O3_grid_audit_correlation_copy.csv,.csv,0.0004
01_datos_procesados\grilla\HBM_O3_grid_audit_correlation_copy_copy.csv,HBM_O3_grid_audit_correlation_copy_copy.csv,.csv,0.0004
01_datos_procesados\grilla\HBM_O3_grid_audit_covariate_summary.csv,HBM_O3_grid_audit_covariate_summary.csv,.csv,0.001
01_datos_procesados\grilla\HBM_O3_grid_audit_covariate_summary_copy.csv,HBM_O3_grid_audit_covariate_summary_copy.csv,.csv,0.001
01_datos_procesados\grilla\HBM_O3_grid_audit_covariate_summary_copy_copy.csv,HBM_O3_grid_audit_covariate_summary_copy_copy.csv,.csv,0.001
01_datos_procesados\grilla\HBM_O3_grid_audit_extreme_rows.csv,HBM_O3_grid_audit_extreme_rows.csv,.csv,0.0137
01_datos_procesados\grilla\HBM_O3_grid_audit_extreme_rows_copy.csv,HBM_O3_grid_audit_extreme_rows_copy.csv,.csv,0.0137
01_datos_procesados\grilla\HBM_O3_grid_audit_flag_summary.csv,HBM_O3_grid_audit_flag_summary.csv,.csv,0.0009
01_datos_procesados\grilla\HBM_O3_grid_audit_flag_summary_copy.csv,HBM_O3_grid_audit_flag_summary_copy.csv,.csv,0.0009
01_datos_procesados\grilla\HBM_O3_grid_audit_monthly_flags.csv,HBM_O3_grid_audit_monthly_flags.csv,.csv,0.024
01_datos_procesados\grilla\HBM_O3_grid_audit_monthly_flags_copy.csv,HBM_O3_grid_audit_monthly_flags_copy.csv,.csv,0.024
01_datos_procesados\grilla\HBM_O3_grid_base_clean_v1.csv,HBM_O3_grid_base_clean_v1.csv,.csv,1.3047
01_datos_procesados\grilla\HBM_O3_grid_base_clean_v1_copy.csv,HBM_O3_grid_base_clean_v1_copy.csv,.csv,1.3047
01_datos_procesados\grilla\HBM_O3_grid_base_clean_v3.csv,HBM_O3_grid_base_clean_v3.csv,.csv,1.3362
01_datos_procesados\grilla\HBM_O3_grid_base_clean_v3_copy.csv,HBM_O3_grid_base_clean_v3_copy.csv,.csv,1.3362
01_datos_procesados\grilla\HBM_O3_grid_base_v2.csv,HBM_O3_grid_base_v2.csv,.csv,1.5981
01_datos_procesados\grilla\HBM_O3_grid_base_v2_copy.csv,HBM_O3_grid_base_v2_copy.csv,.csv,1.5981
01_datos_procesados\grilla\HBM_O3_grid_base_v3.csv,HBM_O3_grid_base_v3.csv,.csv,1.6296
01_datos_procesados\grilla\HBM_O3_grid_base_v3_copy.csv,HBM_O3_grid_base_v3_copy.csv,.csv,1.6296
01_datos_procesados\grilla\HBM_O3_grid_clean_transform_report.csv,HBM_O3_grid_clean_transform_report.csv,.csv,0.0004
01_datos_procesados\grilla\HBM_O3_grid_clean_transform_report_copy.csv,HBM_O3_grid_clean_transform_report_copy.csv,.csv,0.0004
01_datos_procesados\grilla\HBM_O3_grid_clean_transform_report_v3.csv,HBM_O3_grid_clean_transform_report_v3.csv,.csv,0.0004
01_datos_procesados\grilla\HBM_O3_grid_clean_transform_report_v3_copy.csv,HBM_O3_grid_clean_transform_report_v3_copy.csv,.csv,0.0004
01_datos_procesados\grilla\HBM_O3_grid_clean_v1.csv,HBM_O3_grid_clean_v1.csv,.csv,5.5934
01_datos_procesados\grilla\HBM_O3_grid_clean_v1_copy.csv,HBM_O3_grid_clean_v1_copy.csv,.csv,5.5934
01_datos_procesados\grilla\HBM_O3_grid_clean_v3.csv,HBM_O3_grid_clean_v3.csv,.csv,5.4881
01_datos_procesados\grilla\HBM_O3_grid_clean_v3_copy.csv,HBM_O3_grid_clean_v3_copy.csv,.csv,5.4881
01_datos_procesados\grilla\HBM_PM25_W_edges_queen_v2.csv,HBM_PM25_W_edges_queen_v2.csv,.csv,0.0063
01_datos_procesados\grilla\HBM_PM25_W_edges_queen_v2_copy.csv,HBM_PM25_W_edges_queen_v2_copy.csv,.csv,0.0063
01_datos_procesados\grilla\HBM_PM25_grid_audit_correlation.csv,HBM_PM25_grid_audit_correlation.csv,.csv,0.0004
01_datos_procesados\grilla\HBM_PM25_grid_audit_correlation_copy.csv,HBM_PM25_grid_audit_correlation_copy.csv,.csv,0.0004
01_datos_procesados\grilla\HBM_PM25_grid_audit_covariate_summary.csv,HBM_PM25_grid_audit_covariate_summary.csv,.csv,0.001
01_datos_procesados\grilla\HBM_PM25_grid_audit_covariate_summary_copy.csv,HBM_PM25_grid_audit_covariate_summary_copy.csv,.csv,0.001
01_datos_procesados\grilla\HBM_PM25_grid_audit_extreme_rows.csv,HBM_PM25_grid_audit_extreme_rows.csv,.csv,0.0138
01_datos_procesados\grilla\HBM_PM25_grid_audit_extreme_rows_copy.csv,HBM_PM25_grid_audit_extreme_rows_copy.csv,.csv,0.0138
01_datos_procesados\grilla\HBM_PM25_grid_audit_flag_summary.csv,HBM_PM25_grid_audit_flag_summary.csv,.csv,0.0009
01_datos_procesados\grilla\HBM_PM25_grid_audit_flag_summary_copy.csv,HBM_PM25_grid_audit_flag_summary_copy.csv,.csv,0.0009
01_datos_procesados\grilla\HBM_PM25_grid_audit_monthly_flags.csv,HBM_PM25_grid_audit_monthly_flags.csv,.csv,0.0244
01_datos_procesados\grilla\HBM_PM25_grid_audit_monthly_flags_copy.csv,HBM_PM25_grid_audit_monthly_flags_copy.csv,.csv,0.0244
01_datos_procesados\grilla\HBM_PM25_grid_base_clean_v1.csv,HBM_PM25_grid_base_clean_v1.csv,.csv,1.2968
01_datos_procesados\grilla\HBM_PM25_grid_base_clean_v1_copy.csv,HBM_PM25_grid_base_clean_v1_copy.csv,.csv,1.2968
01_datos_procesados\grilla\HBM_PM25_grid_base_v2.csv,HBM_PM25_grid_base_v2.csv,.csv,1.5878
01_datos_procesados\grilla\HBM_PM25_grid_base_v2_copy.csv,HBM_PM25_grid_base_v2_copy.csv,.csv,1.5878
01_datos_procesados\grilla\HBM_PM25_grid_clean_transform_report.csv,HBM_PM25_grid_clean_transform_report.csv,.csv,0.0004
01_datos_procesados\grilla\HBM_PM25_grid_clean_transform_report_copy.csv,HBM_PM25_grid_clean_transform_report_copy.csv,.csv,0.0004
01_datos_procesados\grilla\HBM_PM25_grid_clean_v1.csv,HBM_PM25_grid_clean_v1.csv,.csv,5.5773
01_datos_procesados\grilla\HBM_PM25_grid_clean_v1_copy.csv,HBM_PM25_grid_clean_v1_copy.csv,.csv,5.5773
01_datos_procesados\grilla\HBM_W_edges_queen.csv,HBM_W_edges_queen.csv,.csv,0.0126
01_datos_procesados\grilla\HBM_W_edges_queen_copy.csv,HBM_W_edges_queen_copy.csv,.csv,0.0126
01_datos_procesados\grilla\Loca.cpg,Loca.cpg,.cpg,0.0
01_datos_procesados\grilla\Loca.dbf,Loca.dbf,.dbf,0.0033
01_datos_procesados\grilla\Loca.prj,Loca.prj,.prj,0.0001
01_datos_procesados\grilla\Loca.shp,Loca.shp,.shp,0.8837
01_datos_procesados\grilla\Loca.shx,Loca.shx,.shx,0.0002
01_datos_procesados\grilla\Loca_WGS1984.dbf,Loca_WGS1984.dbf,.dbf,0.0037
01_datos_procesados\grilla\Loca_WGS1984.prj,Loca_WGS1984.prj,.prj,0.0001
01_datos_procesados\grilla\Loca_WGS1984.shp,Loca_WGS1984.shp,.shp,0.8837
01_datos_procesados\grilla\Loca_WGS1984.shx,Loca_WGS1984.shx,.shx,0.0002
01_datos_procesados\grilla\W_grid_3km_queen.csv,W_grid_3km_queen.csv,.csv,0.0137
01_datos_procesados\grilla\W_grid_3km_queen_copy.csv,W_grid_3km_queen_copy.csv,.csv,0.0137
01_datos_procesados\grilla\benmap_grid_definition.cpg,benmap_grid_definition.cpg,.cpg,0.0
01_datos_procesados\grilla\benmap_grid_definition.dbf,benmap_grid_definition.dbf,.dbf,0.0047
01_datos_procesados\grilla\benmap_grid_definition.prj,benmap_grid_definition.prj,.prj,0.0004
01_datos_procesados\grilla\benmap_grid_definition.shp,benmap_grid_definition.shp,.shp,0.1297
01_datos_procesados\grilla\benmap_grid_definition.shx,benmap_grid_definition.shx,.shx,0.002
01_datos_procesados\grilla\benmap_grid_definition_ROWCOL.cpg,benmap_grid_definition_ROWCOL.cpg,.cpg,0.0
01_datos_procesados\grilla\benmap_grid_definition_ROWCOL.dbf,benmap_grid_definition_ROWCOL.dbf,.dbf,0.0134
01_datos_procesados\grilla\benmap_grid_definition_ROWCOL.prj,benmap_grid_definition_ROWCOL.prj,.prj,0.0004
01_datos_procesados\grilla\benmap_grid_definition_ROWCOL.shp,benmap_grid_definition_ROWCOL.shp,.shp,0.1297
01_datos_procesados\grilla\benmap_grid_definition_ROWCOL.shx,benmap_grid_definition_ROWCOL.shx,.shx,0.002
01_datos_procesados\grilla\benmap_grid_definition_WGS1984.dbf,benmap_grid_definition_WGS1984.dbf,.dbf,0.0101
01_datos_procesados\grilla\benmap_grid_definition_WGS1984.prj,benmap_grid_definition_WGS1984.prj,.prj,0.0001
01_datos_procesados\grilla\benmap_grid_definition_WGS1984.shp,benmap_grid_definition_WGS1984.shp,.shp,0.1297
01_datos_procesados\grilla\benmap_grid_definition_WGS1984.shx,benmap_grid_definition_WGS1984.shx,.shx,0.002
01_datos_procesados\grilla\benmap_grid_definition_final_ok.cpg,benmap_grid_definition_final_ok.cpg,.cpg,0.0
01_datos_procesados\grilla\benmap_grid_definition_final_ok.dbf,benmap_grid_definition_final_ok.dbf,.dbf,0.0134
01_datos_procesados\grilla\benmap_grid_definition_final_ok.prj,benmap_grid_definition_final_ok.prj,.prj,0.0004
01_datos_procesados\grilla\benmap_grid_definition_final_ok.shp,benmap_grid_definition_final_ok.shp,.shp,0.1297
01_datos_procesados\grilla\benmap_grid_definition_final_ok.shx,benmap_grid_definition_final_ok.shx,.shx,0.002
01_datos_procesados\grilla\benmap_grid_definition_final_ok_WGS1984.dbf,benmap_grid_definition_final_ok_WGS1984.dbf,.dbf,0.0134
01_datos_procesados\grilla\benmap_grid_definition_final_ok_WGS1984.prj,benmap_grid_definition_final_ok_WGS1984.prj,.prj,0.0001
01_datos_procesados\grilla\benmap_grid_definition_final_ok_WGS1984.shp,benmap_grid_definition_final_ok_WGS1984.shp,.shp,0.1297
01_datos_procesados\grilla\benmap_grid_definition_final_ok_WGS1984.shx,benmap_grid_definition_final_ok_WGS1984.shx,.shx,0.002
01_datos_procesados\grilla\benmap_grid_definition_final_ok_debug.csv,benmap_grid_definition_final_ok_debug.csv,.csv,0.0025
01_datos_procesados\grilla\benmap_grid_definition_final_ok_debug_copy.csv,benmap_grid_definition_final_ok_debug_copy.csv,.csv,0.0025
01_datos_procesados\grilla\benmap_grid_definition_summary.csv,benmap_grid_definition_summary.csv,.csv,0.0135
01_datos_procesados\grilla\benmap_grid_definition_summary_copy.csv,benmap_grid_definition_summary_copy.csv,.csv,0.0135
01_datos_procesados\grilla\gadm41_COL_0.cpg,gadm41_COL_0.cpg,.cpg,0.0
01_datos_procesados\grilla\gadm41_COL_0.dbf,gadm41_COL_0.dbf,.dbf,0.0001
01_datos_procesados\grilla\gadm41_COL_0.prj,gadm41_COL_0.prj,.prj,0.0001
01_datos_procesados\grilla\gadm41_COL_0.shp,gadm41_COL_0.shp,.shp,2.4717
01_datos_procesados\grilla\gadm41_COL_0.shx,gadm41_COL_0.shx,.shx,0.0001
01_datos_procesados\grilla\gadm41_COL_1.cpg,gadm41_COL_1.cpg,.cpg,0.0
01_datos_procesados\grilla\gadm41_COL_1.dbf,gadm41_COL_1.dbf,.dbf,0.0052
01_datos_procesados\grilla\gadm41_COL_1.prj,gadm41_COL_1.prj,.prj,0.0001
01_datos_procesados\grilla\gadm41_COL_1.shp,gadm41_COL_1.shp,.shp,9.085
01_datos_procesados\grilla\gadm41_COL_1.shx,gadm41_COL_1.shx,.shx,0.0003
01_datos_procesados\grilla\gadm41_COL_2.cpg,gadm41_COL_2.cpg,.cpg,0.0
01_datos_procesados\grilla\gadm41_COL_2.dbf,gadm41_COL_2.dbf,.dbf,0.2619
01_datos_procesados\grilla\gadm41_COL_2.prj,gadm41_COL_2.prj,.prj,0.0001
01_datos_procesados\grilla\gadm41_COL_2.shp,gadm41_COL_2.shp,.shp,48.412
01_datos_procesados\grilla\gadm41_COL_2.shx,gadm41_COL_2.shx,.shx,0.0086
01_datos_procesados\grilla\grid_3km_AD_mensual_2020_2024.csv,grid_3km_AD_mensual_2020_2024.csv,.csv,4.1522
01_datos_procesados\grilla\grid_3km_AD_mensual_2020_2024_copy.csv,grid_3km_AD_mensual_2020_2024_copy.csv,.csv,4.1522
01_datos_procesados\grilla\grid_3km_idw_mensual_2020_2024.csv,grid_3km_idw_mensual_2020_2024.csv,.csv,1.0437
01_datos_procesados\grilla\grid_3km_idw_mensual_2020_2024_copy.csv,grid_3km_idw_mensual_2020_2024_copy.csv,.csv,1.0437
01_datos_procesados\grilla\grid_3km_idw_mensual_2020_2024_copy_copy.csv,grid_3km_idw_mensual_2020_2024_copy_copy.csv,.csv,1.0437
01_datos_procesados\grilla\tabla_5_15_resumen_conectividad_malla_queen.csv,tabla_5_15_resumen_conectividad_malla_queen.csv,.csv,0.0002
01_datos_procesados\grilla\tabla_5_15_resumen_conectividad_malla_queen.xlsx,tabla_5_15_resumen_conectividad_malla_queen.xlsx,.xlsx,0.0049
01_datos_procesados\grilla\tabla_5_15_resumen_conectividad_malla_queen_v2.xlsx,tabla_5_15_resumen_conectividad_malla_queen_v2.xlsx,.xlsx,0.0049
01_datos_procesados\grilla\tabla_5_15_resumen_conectividad_malla_queen_v3.xlsx,tabla_5_15_resumen_conectividad_malla_queen_v3.xlsx,.xlsx,0.0049
01_datos_procesados\grilla\tabla_5_16_vecinas_por_celda_malla_queen.csv,tabla_5_16_vecinas_por_celda_malla_queen.csv,.csv,0.0017
01_datos_procesados\grilla\tabla_5_16_vecinas_por_celda_malla_queen.xlsx,tabla_5_16_vecinas_por_celda_malla_queen.xlsx,.xlsx,0.0075
01_datos_procesados\grilla\tabla_5_16_vecinas_por_celda_malla_queen_v2.xlsx,tabla_5_16_vecinas_por_celda_malla_queen_v2.xlsx,.xlsx,0.0075
01_datos_procesados\grilla\tabla_5_16_vecinas_por_celda_malla_queen_v3.xlsx,tabla_5_16_vecinas_por_celda_malla_queen_v3.xlsx,.xlsx,0.0075
01_datos_procesados\grilla\virginia_queen.dbf,virginia_queen.dbf,.dbf,0.0113
01_datos_procesados\grilla\virginia_queen_copy.dbf,virginia_queen_copy.dbf,.dbf,0.0113
01_datos_procesados\incidencia\.gitkeep,.gitkeep,,0.0
01_datos_procesados\incidencia\benmap_NO2_baseline.csv,benmap_NO2_baseline.csv,.csv,1.1352
01_datos_procesados\incidencia\benmap_NO2_baseline_copy.csv,benmap_NO2_baseline_copy.csv,.csv,1.1352
01_datos_procesados\incidencia\benmap_O3_baseline.csv,benmap_O3_baseline.csv,.csv,1.1354
01_datos_procesados\incidencia\benmap_O3_baseline_copy.csv,benmap_O3_baseline_copy.csv,.csv,1.1354
01_datos_procesados\incidencia\benmap_PM25_baseline.csv,benmap_PM25_baseline.csv,.csv,1.1361
01_datos_procesados\incidencia\benmap_PM25_baseline_copy.csv,benmap_PM25_baseline_copy.csv,.csv,1.1361
01_datos_procesados\incidencia\benmap_PM25_baseline_import_ready.csv,benmap_PM25_baseline_import_ready.csv,.csv,0.0081
01_datos_procesados\incidencia\benmap_PM25_baseline_import_ready_v2.csv,benmap_PM25_baseline_import_ready_v2.csv,.csv,0.0081
01_datos_procesados\incidencia\benmap_incidence_2026.csv,benmap_incidence_2026.csv,.csv,0.0636
01_datos_procesados\incidencia\benmap_incidence_2026_copy.csv,benmap_incidence_2026_copy.csv,.csv,0.0636
01_datos_procesados\incidencia\benmap_incidence_ready_only.csv,benmap_incidence_ready_only.csv,.csv,0.0325
01_datos_procesados\incidencia\benmap_incidence_ready_only_copy.csv,benmap_incidence_ready_only_copy.csv,.csv,0.0325
01_datos_procesados\incidencia\incidence_candidates_inventory.csv,incidence_candidates_inventory.csv,.csv,0.0121
01_datos_procesados\incidencia\incidence_targets_by_run.csv,incidence_targets_by_run.csv,.csv,0.0351
01_datos_procesados\incidencia\incidence_targets_summary.csv,incidence_targets_summary.csv,.csv,0.0004
01_datos_procesados\panel_ambiental\.gitkeep,.gitkeep,,0.0
01_datos_procesados\panel_ambiental\HBM_panel_PM25.parquet,HBM_panel_PM25.parquet,.parquet,0.5771
01_datos_procesados\panel_ambiental\HBM_panel_PM25_copy.parquet,HBM_panel_PM25_copy.parquet,.parquet,0.5771
01_datos_procesados\panel_ambiental\panel_NO2_con_termi_AD.csv,panel_NO2_con_termi_AD.csv,.csv,0.184
01_datos_procesados\panel_ambiental\panel_NO2_con_termi_AD_copy.csv,panel_NO2_con_termi_AD_copy.csv,.csv,0.184
01_datos_procesados\panel_ambiental\panel_O3_con_termi_AD.csv,panel_O3_con_termi_AD.csv,.csv,0.1836
01_datos_procesados\panel_ambiental\panel_O3_con_termi_AD_copy.csv,panel_O3_con_termi_AD_copy.csv,.csv,0.1836
01_datos_procesados\panel_ambiental\panel_PM25_modelo_AD_listo.csv,panel_PM25_modelo_AD_listo.csv,.csv,0.2498
01_datos_procesados\panel_ambiental\panel_PM25_modelo_AD_listo_copy.csv,panel_PM25_modelo_AD_listo_copy.csv,.csv,0.2498
01_datos_procesados\panel_ambiental\panel_ambiental_mensual_2020_2024.csv,panel_ambiental_mensual_2020_2024.csv,.csv,0.2268
01_datos_procesados\panel_ambiental\panel_ambiental_mensual_2020_2024_coords_corregidas.csv,panel_ambiental_mensual_2020_2024_coords_corregidas.csv,.csv,0.3153
01_datos_procesados\panel_ambiental\panel_ambiental_mensual_2020_2024_coords_corregidas_copy.csv,panel_ambiental_mensual_2020_2024_coords_corregidas_copy.csv,.csv,0.3153
01_datos_procesados\panel_ambiental\panel_ambiental_mensual_2020_2024_copy.csv,panel_ambiental_mensual_2020_2024_copy.csv,.csv,0.2268
01_datos_procesados\poblacion\.gitkeep,.gitkeep,,0.0
01_datos_procesados\poblacion\benmap_population_2026.csv,benmap_population_2026.csv,.csv,0.0939
01_datos_procesados\poblacion\benmap_population_2026_copy.csv,benmap_population_2026_copy.csv,.csv,0.0939
01_datos_procesados\poblacion\benmap_population_2026_long_ready.csv,benmap_population_2026_long_ready.csv,.csv,0.086
01_datos_procesados\poblacion\benmap_population_2026_long_ready_copy.csv,benmap_population_2026_long_ready_copy.csv,.csv,0.086
01_datos_procesados\poblacion\poblacion_Bogota_2020_2024 (base de datos crudo).xlsx,poblacion_Bogota_2020_2024 (base de datos crudo).xlsx,.xlsx,0.047
01_datos_procesados\poblacion\poblacion_Bogota_2020_2024 (base de datos crudo)_copy.xlsx,poblacion_Bogota_2020_2024 (base de datos crudo)_copy.xlsx,.xlsx,0.047
01_datos_procesados\poblacion\poblacion_Bogota_2020_2024.csv,poblacion_Bogota_2020_2024.csv,.csv,0.0355
01_datos_procesados\poblacion\poblacion_Bogota_2020_2024_copy.csv,poblacion_Bogota_2020_2024_copy.csv,.csv,0.0355
01_datos_procesados\poblacion\poblacion_bogota_rangos.csv,poblacion_bogota_rangos.csv,.csv,0.0046
01_datos_procesados\poblacion\poblacion_bogota_rangos_copy.csv,poblacion_bogota_rangos_copy.csv,.csv,0.0046
01_datos_procesados\poblacion\population_bogota_rangos_2026.csv,population_bogota_rangos_2026.csv,.csv,0.0003
01_datos_procesados\poblacion\population_bogota_rangos_2026_copy.csv,population_bogota_rangos_2026_copy.csv,.csv,0.0003
01_datos_procesados\poblacion\population_bogota_rangos_clean.csv,population_bogota_rangos_clean.csv,.csv,0.0042
01_datos_procesados\poblacion\population_candidates_inventory.csv,population_candidates_inventory.csv,.csv,0.0102
01_datos_procesados\poblacion\population_targets_by_run.csv,population_targets_by_run.csv,.csv,0.0432
01_datos_procesados\poblacion\population_targets_summary.csv,population_targets_summary.csv,.csv,0.0003
02_codigo\01_adveccion_difusion\.gitkeep,.gitkeep,,0.0
02_codigo\02_hbm\.gitkeep,.gitkeep,,0.0
02_codigo\02_hbm\HBM.ipynb,HBM.ipynb,.ipynb,0.0408
02_codigo\02_hbm\HBM_V2.ipynb,HBM_V2.ipynb,.ipynb,0.4864
02_codigo\02_hbm\HBM_V2_NO.ipynb,HBM_V2_NO.ipynb,.ipynb,0.4511
02_codigo\02_hbm\HBM_V2_NO_copy.ipynb,HBM_V2_NO_copy.ipynb,.ipynb,0.4511
02_codigo\02_hbm\HBM_V2_O3.ipynb,HBM_V2_O3.ipynb,.ipynb,0.454
02_codigo\02_hbm\HBM_V2_O3_copy.ipynb,HBM_V2_O3_copy.ipynb,.ipynb,0.454
02_codigo\02_hbm\HBM_V2_copy.ipynb,HBM_V2_copy.ipynb,.ipynb,0.4864
02_codigo\02_hbm\HBM_copy.ipynb,HBM_copy.ipynb,.ipynb,0.0408
02_codigo\02_hbm\_bayes.py,_bayes.py,.py,0.0284
02_codigo\02_hbm\_bayes_copy.py,_bayes_copy.py,.py,0.0284
02_codigo\02_hbm\_bayesian_mixture.py,_bayesian_mixture.py,.py,0.033
02_codigo\02_hbm\_bayesian_mixture_copy.py,_bayesian_mixture_copy.py,.py,0.033
02_codigo\02_hbm\correcion_hbm_O3.ipynb,correcion_hbm_O3.ipynb,.ipynb,1.5607
02_codigo\02_hbm\correcion_hbm_O3_copy.ipynb,correcion_hbm_O3_copy.ipynb,.ipynb,1.5607
02_codigo\02_hbm\naive_bayes.py,naive_bayes.py,.py,0.0561
02_codigo\02_hbm\naive_bayes_copy.py,naive_bayes_copy.py,.py,0.0561
02_codigo\02_hbm\test_bayes.py,test_bayes.py,.py,0.0109
02_codigo\02_hbm\test_bayes_copy.py,test_bayes_copy.py,.py,0.0109
02_codigo\02_hbm\test_bayesian_mixture.py,test_bayesian_mixture.py,.py,0.0167
02_codigo\02_hbm\test_bayesian_mixture_copy.py,test_bayesian_mixture_copy.py,.py,0.0167
02_codigo\02_hbm\test_hierarchical.py,test_hierarchical.py,.py,0.0315
02_codigo\02_hbm\test_hierarchical_copy.py,test_hierarchical_copy.py,.py,0.0315
02_codigo\02_hbm\test_naive_bayes.py,test_naive_bayes.py,.py,0.0374
02_codigo\02_hbm\test_naive_bayes_copy.py,test_naive_bayes_copy.py,.py,0.0374
02_codigo\03_modulo_sanitario_economico\.gitkeep,.gitkeep,,0.0
02_codigo\03_modulo_sanitario_economico\Inputs_benmap.ipynb,Inputs_benmap.ipynb,.ipynb,0.4358
02_codigo\03_modulo_sanitario_economico\Inputs_benmap_copy.ipynb,Inputs_benmap_copy.ipynb,.ipynb,0.4358
02_codigo\04_sensibilidad\.gitkeep,.gitkeep,,0.0
02_codigo\04_sensibilidad\HBM.ipynb,HBM.ipynb,.ipynb,0.0408
02_codigo\04_sensibilidad\HBM_V2.ipynb,HBM_V2.ipynb,.ipynb,0.4864
02_codigo\04_sensibilidad\HBM_V2_NO.ipynb,HBM_V2_NO.ipynb,.ipynb,0.4511
02_codigo\04_sensibilidad\HBM_V2_NO_copy.ipynb,HBM_V2_NO_copy.ipynb,.ipynb,0.4511
02_codigo\04_sensibilidad\HBM_V2_NO_copy_copy.ipynb,HBM_V2_NO_copy_copy.ipynb,.ipynb,0.4511
02_codigo\04_sensibilidad\HBM_V2_O3.ipynb,HBM_V2_O3.ipynb,.ipynb,0.454
02_codigo\04_sensibilidad\HBM_V2_O3_copy.ipynb,HBM_V2_O3_copy.ipynb,.ipynb,0.454
02_codigo\04_sensibilidad\HBM_V2_O3_copy_copy.ipynb,HBM_V2_O3_copy_copy.ipynb,.ipynb,0.454
02_codigo\04_sensibilidad\HBM_V2_copy.ipynb,HBM_V2_copy.ipynb,.ipynb,0.4864
02_codigo\04_sensibilidad\HBM_V2_copy_copy.ipynb,HBM_V2_copy_copy.ipynb,.ipynb,0.4864
02_codigo\04_sensibilidad\HBM_copy.ipynb,HBM_copy.ipynb,.ipynb,0.0408
02_codigo\04_sensibilidad\HBM_copy_copy.ipynb,HBM_copy_copy.ipynb,.ipynb,0.0408
02_codigo\04_sensibilidad\Inputs_benmap.ipynb,Inputs_benmap.ipynb,.ipynb,0.4358
02_codigo\04_sensibilidad\Inputs_benmap_copy.ipynb,Inputs_benmap_copy.ipynb,.ipynb,0.4358
02_codigo\04_sensibilidad\Inputs_benmap_copy_copy.ipynb,Inputs_benmap_copy_copy.ipynb,.ipynb,0.4358
02_codigo\04_sensibilidad\_bayes.py,_bayes.py,.py,0.0284
02_codigo\04_sensibilidad\_bayes_copy.py,_bayes_copy.py,.py,0.0284
02_codigo\04_sensibilidad\_bayes_copy_copy.py,_bayes_copy_copy.py,.py,0.0284
02_codigo\04_sensibilidad\_bayesian_mixture.py,_bayesian_mixture.py,.py,0.033
02_codigo\04_sensibilidad\_bayesian_mixture_copy.py,_bayesian_mixture_copy.py,.py,0.033
02_codigo\04_sensibilidad\_bayesian_mixture_copy_copy.py,_bayesian_mixture_copy_copy.py,.py,0.033
02_codigo\04_sensibilidad\_sensitivity_analysis.py,_sensitivity_analysis.py,.py,0.0246
02_codigo\04_sensibilidad\_sensitivity_analysis_copy.py,_sensitivity_analysis_copy.py,.py,0.0246
02_codigo\04_sensibilidad\correcion_hbm_O3.ipynb,correcion_hbm_O3.ipynb,.ipynb,1.5607
02_codigo\04_sensibilidad\correcion_hbm_O3_copy.ipynb,correcion_hbm_O3_copy.ipynb,.ipynb,1.5607
02_codigo\04_sensibilidad\correcion_hbm_O3_copy_copy.ipynb,correcion_hbm_O3_copy_copy.ipynb,.ipynb,1.5607
02_codigo\04_sensibilidad\naive_bayes.py,naive_bayes.py,.py,0.0561
02_codigo\04_sensibilidad\naive_bayes_copy.py,naive_bayes_copy.py,.py,0.0561
02_codigo\04_sensibilidad\naive_bayes_copy_copy.py,naive_bayes_copy_copy.py,.py,0.0561
02_codigo\04_sensibilidad\sensibilidad.ipynb,sensibilidad.ipynb,.ipynb,1.1138
02_codigo\04_sensibilidad\sensibilidad_copy.ipynb,sensibilidad_copy.ipynb,.ipynb,1.1138
02_codigo\04_sensibilidad\test_bayes.py,test_bayes.py,.py,0.0109
02_codigo\04_sensibilidad\test_bayes_copy.py,test_bayes_copy.py,.py,0.0109
02_codigo\04_sensibilidad\test_bayes_copy_copy.py,test_bayes_copy_copy.py,.py,0.0109
02_codigo\04_sensibilidad\test_bayesian_mixture.py,test_bayesian_mixture.py,.py,0.0167
02_codigo\04_sensibilidad\test_bayesian_mixture_copy.py,test_bayesian_mixture_copy.py,.py,0.0167
02_codigo\04_sensibilidad\test_bayesian_mixture_copy_copy.py,test_bayesian_mixture_copy_copy.py,.py,0.0167
02_codigo\04_sensibilidad\test_hierarchical.py,test_hierarchical.py,.py,0.0315
02_codigo\04_sensibilidad\test_hierarchical_copy.py,test_hierarchical_copy.py,.py,0.0315
02_codigo\04_sensibilidad\test_hierarchical_copy_copy.py,test_hierarchical_copy_copy.py,.py,0.0315
02_codigo\04_sensibilidad\test_naive_bayes.py,test_naive_bayes.py,.py,0.0374
02_codigo\04_sensibilidad\test_naive_bayes_copy.py,test_naive_bayes_copy.py,.py,0.0374
02_codigo\04_sensibilidad\test_naive_bayes_copy_copy.py,test_naive_bayes_copy_copy.py,.py,0.0374
02_codigo\04_sensibilidad\test_sensitivity_analysis.py,test_sensitivity_analysis.py,.py,0.0105
02_codigo\04_sensibilidad\test_sensitivity_analysis_copy.py,test_sensitivity_analysis_copy.py,.py,0.0105
02_codigo\05_resultados_finales\.gitkeep,.gitkeep,,0.0
02_codigo\05_resultados_finales\00_resultados_finales.ipynb,00_resultados_finales.ipynb,.ipynb,10.6372
02_codigo\05_resultados_finales\00_resultados_finales_copy.ipynb,00_resultados_finales_copy.ipynb,.ipynb,10.4209
02_codigo\05_resultados_finales\Final_datos_objetivo_1.ipynb,Final_datos_objetivo_1.ipynb,.ipynb,0.05
02_codigo\05_resultados_finales\HBM.ipynb,HBM.ipynb,.ipynb,0.0408
02_codigo\05_resultados_finales\Inputs_benmap.ipynb,Inputs_benmap.ipynb,.ipynb,0.4358
02_codigo\05_resultados_finales\RESULTADOS.ipynb,RESULTADOS.ipynb,.ipynb,0.7222
02_codigo\05_resultados_finales\sensibilidad.ipynb,sensibilidad.ipynb,.ipynb,1.1138
02_codigo\05_resultados_finales\verificacion_sumapaz.ipynb,verificacion_sumapaz.ipynb,.ipynb,0.5376
02_codigo\05_resultados_finales\verificacion_sumapaz_copy.ipynb,verificacion_sumapaz_copy.ipynb,.ipynb,0.5376
03_resultados_figuras\capitulo_5_1_caracterizacion\.gitkeep,.gitkeep,,0.0
03_resultados_figuras\capitulo_5_1_caracterizacion\fig_5_01_porcentaje_faltantes_variables_numericas.pdf,fig_5_01_porcentaje_faltantes_variables_numericas.pdf,.pdf,0.0177
03_resultados_figuras\capitulo_5_1_caracterizacion\fig_5_01_porcentaje_faltantes_variables_numericas.png,fig_5_01_porcentaje_faltantes_variables_numericas.png,.png,0.1904
03_resultados_figuras\capitulo_5_1_caracterizacion\fig_5_01_porcentaje_faltantes_variables_numericas_v2.pdf,fig_5_01_porcentaje_faltantes_variables_numericas_v2.pdf,.pdf,0.0177
03_resultados_figuras\capitulo_5_1_caracterizacion\fig_5_01_porcentaje_faltantes_variables_numericas_v3.pdf,fig_5_01_porcentaje_faltantes_variables_numericas_v3.pdf,.pdf,0.0177
03_resultados_figuras\capitulo_5_1_caracterizacion\fig_5_02_cobertura_mensual_registros_no_nulos.pdf,fig_5_02_cobertura_mensual_registros_no_nulos.pdf,.pdf,0.0167
03_resultados_figuras\capitulo_5_1_caracterizacion\fig_5_02_cobertura_mensual_registros_no_nulos.png,fig_5_02_cobertura_mensual_registros_no_nulos.png,.png,0.1748
03_resultados_figuras\capitulo_5_1_caracterizacion\fig_5_02_cobertura_mensual_registros_no_nulos_v2.pdf,fig_5_02_cobertura_mensual_registros_no_nulos_v2.pdf,.pdf,0.0167
03_resultados_figuras\capitulo_5_1_caracterizacion\fig_5_02_cobertura_mensual_registros_no_nulos_v3.pdf,fig_5_02_cobertura_mensual_registros_no_nulos_v3.pdf,.pdf,0.0167
03_resultados_figuras\capitulo_5_1_caracterizacion\fig_5_03_promedios_anuales_observados_contaminantes.pdf,fig_5_03_promedios_anuales_observados_contaminantes.pdf,.pdf,0.0157
03_resultados_figuras\capitulo_5_1_caracterizacion\fig_5_03_promedios_anuales_observados_contaminantes.png,fig_5_03_promedios_anuales_observados_contaminantes.png,.png,0.2053
03_resultados_figuras\capitulo_5_1_caracterizacion\fig_5_03_promedios_anuales_observados_contaminantes_v2.pdf,fig_5_03_promedios_anuales_observados_contaminantes_v2.pdf,.pdf,0.0157
03_resultados_figuras\capitulo_5_1_caracterizacion\fig_5_03_promedios_anuales_observados_contaminantes_v3.pdf,fig_5_03_promedios_anuales_observados_contaminantes_v3.pdf,.pdf,0.0157
03_resultados_figuras\capitulo_5_1_caracterizacion\fig_5_08_moran_global_campos_interpolados.pdf,fig_5_08_moran_global_campos_interpolados.pdf,.pdf,0.0179
03_resultados_figuras\capitulo_5_1_caracterizacion\fig_5_08_moran_global_campos_interpolados.png,fig_5_08_moran_global_campos_interpolados.png,.png,0.1107
03_resultados_figuras\capitulo_5_1_caracterizacion\validacion_idw_scatter_no2.png,validacion_idw_scatter_no2.png,.png,0.413
03_resultados_figuras\capitulo_5_1_caracterizacion\validacion_idw_scatter_o3.png,validacion_idw_scatter_o3.png,.png,0.3992
03_resultados_figuras\capitulo_5_1_caracterizacion\validacion_idw_scatter_pm25.png,validacion_idw_scatter_pm25.png,.png,0.3871
03_resultados_figuras\capitulo_5_1_caracterizacion\validacion_idw_serie_no2.png,validacion_idw_serie_no2.png,.png,0.1782
03_resultados_figuras\capitulo_5_1_caracterizacion\validacion_idw_serie_o3.png,validacion_idw_serie_o3.png,.png,0.1688
03_resultados_figuras\capitulo_5_1_caracterizacion\validacion_idw_serie_pm25.png,validacion_idw_serie_pm25.png,.png,0.1736
03_resultados_figuras\capitulo_5_2_adveccion_difusion\.gitkeep,.gitkeep,,0.0
03_resultados_figuras\capitulo_5_2_adveccion_difusion\celda_124_img_02_celda_2_vista_previa_de_los_mapas_promedio_interpolados_2020.pdf,celda_124_img_02_celda_2_vista_previa_de_los_mapas_promedio_interpolados_2020.pdf,.pdf,0.1355
03_resultados_figuras\capitulo_5_2_adveccion_difusion\celda_124_img_02_celda_2_vista_previa_de_los_mapas_promedio_interpolados_2020.png,celda_124_img_02_celda_2_vista_previa_de_los_mapas_promedio_interpolados_2020.png,.png,0.1905
03_resultados_figuras\capitulo_5_2_adveccion_difusion\celda_126_img_03_celda_3_vista_previa_de_mapas_anuales_del_campo_interpolado_.pdf,celda_126_img_03_celda_3_vista_previa_de_mapas_anuales_del_campo_interpolado_.pdf,.pdf,0.1343
03_resultados_figuras\capitulo_5_2_adveccion_difusion\celda_126_img_03_celda_3_vista_previa_de_mapas_anuales_del_campo_interpolado_.png,celda_126_img_03_celda_3_vista_previa_de_mapas_anuales_del_campo_interpolado_.png,.png,0.1914
03_resultados_figuras\capitulo_5_2_adveccion_difusion\celda_126_img_04_celda_3_vista_previa_de_mapas_anuales_del_campo_interpolado_.pdf,celda_126_img_04_celda_3_vista_previa_de_mapas_anuales_del_campo_interpolado_.pdf,.pdf,0.1338
03_resultados_figuras\capitulo_5_2_adveccion_difusion\celda_126_img_04_celda_3_vista_previa_de_mapas_anuales_del_campo_interpolado_.png,celda_126_img_04_celda_3_vista_previa_de_mapas_anuales_del_campo_interpolado_.png,.png,0.1906
03_resultados_figuras\capitulo_5_2_adveccion_difusion\celda_126_img_05_celda_3_vista_previa_de_mapas_anuales_del_campo_interpolado_.pdf,celda_126_img_05_celda_3_vista_previa_de_mapas_anuales_del_campo_interpolado_.pdf,.pdf,0.1344
03_resultados_figuras\capitulo_5_2_adveccion_difusion\celda_126_img_05_celda_3_vista_previa_de_mapas_anuales_del_campo_interpolado_.png,celda_126_img_05_celda_3_vista_previa_de_mapas_anuales_del_campo_interpolado_.png,.png,0.191
03_resultados_figuras\capitulo_5_2_adveccion_difusion\celda_126_img_06_celda_3_vista_previa_de_mapas_anuales_del_campo_interpolado_.pdf,celda_126_img_06_celda_3_vista_previa_de_mapas_anuales_del_campo_interpolado_.pdf,.pdf,0.1343
03_resultados_figuras\capitulo_5_2_adveccion_difusion\celda_126_img_06_celda_3_vista_previa_de_mapas_anuales_del_campo_interpolado_.png,celda_126_img_06_celda_3_vista_previa_de_mapas_anuales_del_campo_interpolado_.png,.png,0.1907
03_resultados_figuras\capitulo_5_2_adveccion_difusion\celda_126_img_07_celda_3_vista_previa_de_mapas_anuales_del_campo_interpolado_.pdf,celda_126_img_07_celda_3_vista_previa_de_mapas_anuales_del_campo_interpolado_.pdf,.pdf,0.1339
03_resultados_figuras\capitulo_5_2_adveccion_difusion\celda_126_img_07_celda_3_vista_previa_de_mapas_anuales_del_campo_interpolado_.png,celda_126_img_07_celda_3_vista_previa_de_mapas_anuales_del_campo_interpolado_.png,.png,0.1912
03_resultados_figuras\capitulo_5_2_adveccion_difusion\celda_128_img_03_celda_5_vista_previa_de_mapas_anuales_del_gradiente_espacial.pdf,celda_128_img_03_celda_5_vista_previa_de_mapas_anuales_del_gradiente_espacial.pdf,.pdf,0.1367
03_resultados_figuras\capitulo_5_2_adveccion_difusion\celda_128_img_03_celda_5_vista_previa_de_mapas_anuales_del_gradiente_espacial.png,celda_128_img_03_celda_5_vista_previa_de_mapas_anuales_del_gradiente_espacial.png,.png,0.1909
03_resultados_figuras\capitulo_5_2_adveccion_difusion\celda_128_img_04_celda_5_vista_previa_de_mapas_anuales_del_gradiente_espacial.pdf,celda_128_img_04_celda_5_vista_previa_de_mapas_anuales_del_gradiente_espacial.pdf,.pdf,0.1365
03_resultados_figuras\capitulo_5_2_adveccion_difusion\celda_128_img_04_celda_5_vista_previa_de_mapas_anuales_del_gradiente_espacial.png,celda_128_img_04_celda_5_vista_previa_de_mapas_anuales_del_gradiente_espacial.png,.png,0.1909
03_resultados_figuras\capitulo_5_2_adveccion_difusion\celda_128_img_05_celda_5_vista_previa_de_mapas_anuales_del_gradiente_espacial.pdf,celda_128_img_05_celda_5_vista_previa_de_mapas_anuales_del_gradiente_espacial.pdf,.pdf,0.1367
03_resultados_figuras\capitulo_5_2_adveccion_difusion\celda_128_img_05_celda_5_vista_previa_de_mapas_anuales_del_gradiente_espacial.png,celda_128_img_05_celda_5_vista_previa_de_mapas_anuales_del_gradiente_espacial.png,.png,0.1912
03_resultados_figuras\capitulo_5_2_adveccion_difusion\celda_128_img_06_celda_5_vista_previa_de_mapas_anuales_del_gradiente_espacial.pdf,celda_128_img_06_celda_5_vista_previa_de_mapas_anuales_del_gradiente_espacial.pdf,.pdf,0.1369
03_resultados_figuras\capitulo_5_2_adveccion_difusion\celda_128_img_06_celda_5_vista_previa_de_mapas_anuales_del_gradiente_espacial.png,celda_128_img_06_celda_5_vista_previa_de_mapas_anuales_del_gradiente_espacial.png,.png,0.1917
03_resultados_figuras\capitulo_5_2_adveccion_difusion\celda_128_img_07_celda_5_vista_previa_de_mapas_anuales_del_gradiente_espacial.pdf,celda_128_img_07_celda_5_vista_previa_de_mapas_anuales_del_gradiente_espacial.pdf,.pdf,0.1366
03_resultados_figuras\capitulo_5_2_adveccion_difusion\celda_128_img_07_celda_5_vista_previa_de_mapas_anuales_del_gradiente_espacial.png,celda_128_img_07_celda_5_vista_previa_de_mapas_anuales_del_gradiente_espacial.png,.png,0.1914
03_resultados_figuras\capitulo_5_2_adveccion_difusion\celda_130_img_03_celda_6_vista_previa_de_mapas_anuales_del_proxy_advectivo_es.pdf,celda_130_img_03_celda_6_vista_previa_de_mapas_anuales_del_proxy_advectivo_es.pdf,.pdf,0.1389
03_resultados_figuras\capitulo_5_2_adveccion_difusion\celda_130_img_03_celda_6_vista_previa_de_mapas_anuales_del_proxy_advectivo_es.png,celda_130_img_03_celda_6_vista_previa_de_mapas_anuales_del_proxy_advectivo_es.png,.png,0.1941
03_resultados_figuras\capitulo_5_2_adveccion_difusion\celda_130_img_04_celda_6_vista_previa_de_mapas_anuales_del_proxy_advectivo_es.pdf,celda_130_img_04_celda_6_vista_previa_de_mapas_anuales_del_proxy_advectivo_es.pdf,.pdf,0.1387
03_resultados_figuras\capitulo_5_2_adveccion_difusion\celda_130_img_04_celda_6_vista_previa_de_mapas_anuales_del_proxy_advectivo_es.png,celda_130_img_04_celda_6_vista_previa_de_mapas_anuales_del_proxy_advectivo_es.png,.png,0.1939
03_resultados_figuras\capitulo_5_2_adveccion_difusion\celda_130_img_05_celda_6_vista_previa_de_mapas_anuales_del_proxy_advectivo_es.pdf,celda_130_img_05_celda_6_vista_previa_de_mapas_anuales_del_proxy_advectivo_es.pdf,.pdf,0.1387
03_resultados_figuras\capitulo_5_2_adveccion_difusion\celda_130_img_05_celda_6_vista_previa_de_mapas_anuales_del_proxy_advectivo_es.png,celda_130_img_05_celda_6_vista_previa_de_mapas_anuales_del_proxy_advectivo_es.png,.png,0.194
03_resultados_figuras\capitulo_5_2_adveccion_difusion\celda_130_img_06_celda_6_vista_previa_de_mapas_anuales_del_proxy_advectivo_es.pdf,celda_130_img_06_celda_6_vista_previa_de_mapas_anuales_del_proxy_advectivo_es.pdf,.pdf,0.1391
03_resultados_figuras\capitulo_5_2_adveccion_difusion\celda_130_img_06_celda_6_vista_previa_de_mapas_anuales_del_proxy_advectivo_es.png,celda_130_img_06_celda_6_vista_previa_de_mapas_anuales_del_proxy_advectivo_es.png,.png,0.1946
03_resultados_figuras\capitulo_5_2_adveccion_difusion\celda_130_img_07_celda_6_vista_previa_de_mapas_anuales_del_proxy_advectivo_es.pdf,celda_130_img_07_celda_6_vista_previa_de_mapas_anuales_del_proxy_advectivo_es.pdf,.pdf,0.1389
03_resultados_figuras\capitulo_5_2_adveccion_difusion\celda_130_img_07_celda_6_vista_previa_de_mapas_anuales_del_proxy_advectivo_es.png,celda_130_img_07_celda_6_vista_previa_de_mapas_anuales_del_proxy_advectivo_es.png,.png,0.1946
03_resultados_figuras\capitulo_5_2_adveccion_difusion\fig_5_05_distribucion_numero_vecinas_malla_queen.pdf,fig_5_05_distribucion_numero_vecinas_malla_queen.pdf,.pdf,0.0133
03_resultados_figuras\capitulo_5_2_adveccion_difusion\fig_5_05_distribucion_numero_vecinas_malla_queen.png,fig_5_05_distribucion_numero_vecinas_malla_queen.png,.png,0.0755
03_resultados_figuras\capitulo_5_2_adveccion_difusion\fig_5_05_distribucion_numero_vecinas_malla_queen_v2.pdf,fig_5_05_distribucion_numero_vecinas_malla_queen_v2.pdf,.pdf,0.0133
03_resultados_figuras\capitulo_5_2_adveccion_difusion\fig_5_05_distribucion_numero_vecinas_malla_queen_v3.pdf,fig_5_05_distribucion_numero_vecinas_malla_queen_v3.pdf,.pdf,0.0133
03_resultados_figuras\capitulo_5_2_adveccion_difusion\fig_5_06_promedio_mensual_campo_interpolado_contaminantes.pdf,fig_5_06_promedio_mensual_campo_interpolado_contaminantes.pdf,.pdf,0.0173
03_resultados_figuras\capitulo_5_2_adveccion_difusion\fig_5_06_promedio_mensual_campo_interpolado_contaminantes.png,fig_5_06_promedio_mensual_campo_interpolado_contaminantes.png,.png,0.3523
03_resultados_figuras\capitulo_5_2_adveccion_difusion\fig_5_06_promedio_mensual_campo_interpolado_contaminantes_v2.pdf,fig_5_06_promedio_mensual_campo_interpolado_contaminantes_v2.pdf,.pdf,0.0173
03_resultados_figuras\capitulo_5_2_adveccion_difusion\fig_5_06_promedio_mensual_campo_interpolado_contaminantes_v3.pdf,fig_5_06_promedio_mensual_campo_interpolado_contaminantes_v3.pdf,.pdf,0.0173
03_resultados_figuras\capitulo_5_2_adveccion_difusion\fig_5_07_promedio_mensual_gradiente_espacial_km.pdf,fig_5_07_promedio_mensual_gradiente_espacial_km.pdf,.pdf,0.0185
03_resultados_figuras\capitulo_5_2_adveccion_difusion\fig_5_07_promedio_mensual_gradiente_espacial_km.png,fig_5_07_promedio_mensual_gradiente_espacial_km.png,.png,0.4017
03_resultados_figuras\capitulo_5_2_adveccion_difusion\fig_5_07_promedio_mensual_gradiente_espacial_km_v2.pdf,fig_5_07_promedio_mensual_gradiente_espacial_km_v2.pdf,.pdf,0.0185
03_resultados_figuras\capitulo_5_2_adveccion_difusion\fig_5_07_promedio_mensual_gradiente_espacial_km_v3.pdf,fig_5_07_promedio_mensual_gradiente_espacial_km_v3.pdf,.pdf,0.0185
03_resultados_figuras\capitulo_5_2_adveccion_difusion\fig_5_08_promedio_mensual_proxy_advectivo_km.pdf,fig_5_08_promedio_mensual_proxy_advectivo_km.pdf,.pdf,0.0181
03_resultados_figuras\capitulo_5_2_adveccion_difusion\fig_5_08_promedio_mensual_proxy_advectivo_km.png,fig_5_08_promedio_mensual_proxy_advectivo_km.png,.png,0.3856
03_resultados_figuras\capitulo_5_2_adveccion_difusion\fig_5_08_promedio_mensual_proxy_advectivo_km_v2.pdf,fig_5_08_promedio_mensual_proxy_advectivo_km_v2.pdf,.pdf,0.0181
03_resultados_figuras\capitulo_5_2_adveccion_difusion\fig_5_08_promedio_mensual_proxy_advectivo_km_v3.pdf,fig_5_08_promedio_mensual_proxy_advectivo_km_v3.pdf,.pdf,0.0181
03_resultados_figuras\capitulo_5_2_adveccion_difusion\fig_5_09_promedio_mensual_termino_difusivo.pdf,fig_5_09_promedio_mensual_termino_difusivo.pdf,.pdf,0.0188
03_resultados_figuras\capitulo_5_2_adveccion_difusion\fig_5_09_promedio_mensual_termino_difusivo.png,fig_5_09_promedio_mensual_termino_difusivo.png,.png,0.389
03_resultados_figuras\capitulo_5_2_adveccion_difusion\fig_5_09_promedio_mensual_termino_difusivo_v2.pdf,fig_5_09_promedio_mensual_termino_difusivo_v2.pdf,.pdf,0.0188
03_resultados_figuras\capitulo_5_2_adveccion_difusion\fig_5_09_promedio_mensual_termino_difusivo_v3.pdf,fig_5_09_promedio_mensual_termino_difusivo_v3.pdf,.pdf,0.0188
03_resultados_figuras\capitulo_5_2_adveccion_difusion\fig_5_10_promedio_mensual_absoluto_termino_difusivo.pdf,fig_5_10_promedio_mensual_absoluto_termino_difusivo.pdf,.pdf,0.0185
03_resultados_figuras\capitulo_5_2_adveccion_difusion\fig_5_10_promedio_mensual_absoluto_termino_difusivo.png,fig_5_10_promedio_mensual_absoluto_termino_difusivo.png,.png,0.3864
03_resultados_figuras\capitulo_5_2_adveccion_difusion\fig_5_10_promedio_mensual_absoluto_termino_difusivo_v2.pdf,fig_5_10_promedio_mensual_absoluto_termino_difusivo_v2.pdf,.pdf,0.0185
03_resultados_figuras\capitulo_5_2_adveccion_difusion\fig_5_10_promedio_mensual_absoluto_termino_difusivo_v3.pdf,fig_5_10_promedio_mensual_absoluto_termino_difusivo_v3.pdf,.pdf,0.0185
03_resultados_figuras\capitulo_5_3_hbm\.gitkeep,.gitkeep,,0.0
03_resultados_figuras\capitulo_5_3_hbm\celda_132_img_06_celda_7_vista_previa_de_mapas_anuales_de_la_superficie_poste.pdf,celda_132_img_06_celda_7_vista_previa_de_mapas_anuales_de_la_superficie_poste.pdf,.pdf,0.0849
03_resultados_figuras\capitulo_5_3_hbm\celda_132_img_06_celda_7_vista_previa_de_mapas_anuales_de_la_superficie_poste.png,celda_132_img_06_celda_7_vista_previa_de_mapas_anuales_de_la_superficie_poste.png,.png,0.0955
03_resultados_figuras\capitulo_5_3_hbm\celda_132_img_07_celda_7_vista_previa_de_mapas_anuales_de_la_superficie_poste.pdf,celda_132_img_07_celda_7_vista_previa_de_mapas_anuales_de_la_superficie_poste.pdf,.pdf,0.0847
03_resultados_figuras\capitulo_5_3_hbm\celda_132_img_07_celda_7_vista_previa_de_mapas_anuales_de_la_superficie_poste.png,celda_132_img_07_celda_7_vista_previa_de_mapas_anuales_de_la_superficie_poste.png,.png,0.0958
03_resultados_figuras\capitulo_5_3_hbm\celda_132_img_08_celda_7_vista_previa_de_mapas_anuales_de_la_superficie_poste.pdf,celda_132_img_08_celda_7_vista_previa_de_mapas_anuales_de_la_superficie_poste.pdf,.pdf,0.0846
03_resultados_figuras\capitulo_5_3_hbm\celda_132_img_08_celda_7_vista_previa_de_mapas_anuales_de_la_superficie_poste.png,celda_132_img_08_celda_7_vista_previa_de_mapas_anuales_de_la_superficie_poste.png,.png,0.096
03_resultados_figuras\capitulo_5_3_hbm\celda_132_img_09_celda_7_vista_previa_de_mapas_anuales_de_la_superficie_poste.pdf,celda_132_img_09_celda_7_vista_previa_de_mapas_anuales_de_la_superficie_poste.pdf,.pdf,0.0849
03_resultados_figuras\capitulo_5_3_hbm\celda_132_img_09_celda_7_vista_previa_de_mapas_anuales_de_la_superficie_poste.png,celda_132_img_09_celda_7_vista_previa_de_mapas_anuales_de_la_superficie_poste.png,.png,0.0961
03_resultados_figuras\capitulo_5_3_hbm\celda_132_img_10_celda_7_vista_previa_de_mapas_anuales_de_la_superficie_poste.pdf,celda_132_img_10_celda_7_vista_previa_de_mapas_anuales_de_la_superficie_poste.pdf,.pdf,0.0845
03_resultados_figuras\capitulo_5_3_hbm\celda_132_img_10_celda_7_vista_previa_de_mapas_anuales_de_la_superficie_poste.png,celda_132_img_10_celda_7_vista_previa_de_mapas_anuales_de_la_superficie_poste.png,.png,0.0955
03_resultados_figuras\capitulo_5_3_hbm\celda_134_img_05_celda_8_vista_previa_de_mapas_anuales_de_incertidumbre_poste.pdf,celda_134_img_05_celda_8_vista_previa_de_mapas_anuales_de_incertidumbre_poste.pdf,.pdf,0.0782
03_resultados_figuras\capitulo_5_3_hbm\celda_134_img_05_celda_8_vista_previa_de_mapas_anuales_de_incertidumbre_poste.png,celda_134_img_05_celda_8_vista_previa_de_mapas_anuales_de_incertidumbre_poste.png,.png,0.0891
03_resultados_figuras\capitulo_5_3_hbm\celda_134_img_06_celda_8_vista_previa_de_mapas_anuales_de_incertidumbre_poste.pdf,celda_134_img_06_celda_8_vista_previa_de_mapas_anuales_de_incertidumbre_poste.pdf,.pdf,0.0779
03_resultados_figuras\capitulo_5_3_hbm\celda_134_img_06_celda_8_vista_previa_de_mapas_anuales_de_incertidumbre_poste.png,celda_134_img_06_celda_8_vista_previa_de_mapas_anuales_de_incertidumbre_poste.png,.png,0.0895
03_resultados_figuras\capitulo_5_3_hbm\celda_134_img_07_celda_8_vista_previa_de_mapas_anuales_de_incertidumbre_poste.pdf,celda_134_img_07_celda_8_vista_previa_de_mapas_anuales_de_incertidumbre_poste.pdf,.pdf,0.0762
03_resultados_figuras\capitulo_5_3_hbm\celda_134_img_07_celda_8_vista_previa_de_mapas_anuales_de_incertidumbre_poste.png,celda_134_img_07_celda_8_vista_previa_de_mapas_anuales_de_incertidumbre_poste.png,.png,0.0887
03_resultados_figuras\capitulo_5_3_hbm\celda_134_img_08_celda_8_vista_previa_de_mapas_anuales_de_incertidumbre_poste.pdf,celda_134_img_08_celda_8_vista_previa_de_mapas_anuales_de_incertidumbre_poste.pdf,.pdf,0.0779
03_resultados_figuras\capitulo_5_3_hbm\celda_134_img_08_celda_8_vista_previa_de_mapas_anuales_de_incertidumbre_poste.png,celda_134_img_08_celda_8_vista_previa_de_mapas_anuales_de_incertidumbre_poste.png,.png,0.0895
03_resultados_figuras\capitulo_5_3_hbm\celda_134_img_09_celda_8_vista_previa_de_mapas_anuales_de_incertidumbre_poste.pdf,celda_134_img_09_celda_8_vista_previa_de_mapas_anuales_de_incertidumbre_poste.pdf,.pdf,0.0755
03_resultados_figuras\capitulo_5_3_hbm\celda_134_img_09_celda_8_vista_previa_de_mapas_anuales_de_incertidumbre_poste.png,celda_134_img_09_celda_8_vista_previa_de_mapas_anuales_de_incertidumbre_poste.png,.png,0.0866
03_resultados_figuras\capitulo_5_3_hbm\celda_136_img_05_resumenes_del_hbm_a_partir_de_superficies_posteriores_resume.pdf,celda_136_img_05_resumenes_del_hbm_a_partir_de_superficies_posteriores_resume.pdf,.pdf,0.0409
03_resultados_figuras\capitulo_5_3_hbm\celda_136_img_05_resumenes_del_hbm_a_partir_de_superficies_posteriores_resume.png,celda_136_img_05_resumenes_del_hbm_a_partir_de_superficies_posteriores_resume.png,.png,0.0483
03_resultados_figuras\capitulo_5_3_hbm\celda_136_img_06_resumenes_del_hbm_a_partir_de_superficies_posteriores_resume.pdf,celda_136_img_06_resumenes_del_hbm_a_partir_de_superficies_posteriores_resume.pdf,.pdf,0.0407
03_resultados_figuras\capitulo_5_3_hbm\celda_136_img_06_resumenes_del_hbm_a_partir_de_superficies_posteriores_resume.png,celda_136_img_06_resumenes_del_hbm_a_partir_de_superficies_posteriores_resume.png,.png,0.0489
03_resultados_figuras\capitulo_5_3_hbm\celda_140_img_05_celda_9_tabla_robusta_de_validacion_y_evaluacion_del_hbm_en_.pdf,celda_140_img_05_celda_9_tabla_robusta_de_validacion_y_evaluacion_del_hbm_en_.pdf,.pdf,0.0868
03_resultados_figuras\capitulo_5_3_hbm\celda_140_img_05_celda_9_tabla_robusta_de_validacion_y_evaluacion_del_hbm_en_.png,celda_140_img_05_celda_9_tabla_robusta_de_validacion_y_evaluacion_del_hbm_en_.png,.png,0.046
03_resultados_figuras\capitulo_5_3_hbm\fig_5_03_promedios_anuales_observados_contaminantes.pdf,fig_5_03_promedios_anuales_observados_contaminantes.pdf,.pdf,0.0157
03_resultados_figuras\capitulo_5_3_hbm\fig_5_03_promedios_anuales_observados_contaminantes.png,fig_5_03_promedios_anuales_observados_contaminantes.png,.png,0.2053
03_resultados_figuras\capitulo_5_3_hbm\fig_5_03_promedios_anuales_observados_contaminantes_v2.pdf,fig_5_03_promedios_anuales_observados_contaminantes_v2.pdf,.pdf,0.0157
03_resultados_figuras\capitulo_5_3_hbm\fig_5_03_promedios_anuales_observados_contaminantes_v3.pdf,fig_5_03_promedios_anuales_observados_contaminantes_v3.pdf,.pdf,0.0157
03_resultados_figuras\capitulo_5_3_hbm\fig_5_11_obs_vs_pred_hbm_no2.pdf,fig_5_11_obs_vs_pred_hbm_no2.pdf,.pdf,0.0203
03_resultados_figuras\capitulo_5_3_hbm\fig_5_11_obs_vs_pred_hbm_no2.png,fig_5_11_obs_vs_pred_hbm_no2.png,.png,0.0576
03_resultados_figuras\capitulo_5_3_hbm\fig_5_11_obs_vs_pred_hbm_no2_v2.pdf,fig_5_11_obs_vs_pred_hbm_no2_v2.pdf,.pdf,0.0203
03_resultados_figuras\capitulo_5_3_hbm\fig_5_11_obs_vs_pred_hbm_no2_v2.png,fig_5_11_obs_vs_pred_hbm_no2_v2.png,.png,0.2457
03_resultados_figuras\capitulo_5_3_hbm\fig_5_11_obs_vs_pred_hbm_no2_v3.pdf,fig_5_11_obs_vs_pred_hbm_no2_v3.pdf,.pdf,0.0203
03_resultados_figuras\capitulo_5_3_hbm\fig_5_11_obs_vs_pred_hbm_o3.pdf,fig_5_11_obs_vs_pred_hbm_o3.pdf,.pdf,0.0195
03_resultados_figuras\capitulo_5_3_hbm\fig_5_11_obs_vs_pred_hbm_o3.png,fig_5_11_obs_vs_pred_hbm_o3.png,.png,0.052
03_resultados_figuras\capitulo_5_3_hbm\fig_5_11_obs_vs_pred_hbm_o3_v2.pdf,fig_5_11_obs_vs_pred_hbm_o3_v2.pdf,.pdf,0.0195
03_resultados_figuras\capitulo_5_3_hbm\fig_5_11_obs_vs_pred_hbm_o3_v2.png,fig_5_11_obs_vs_pred_hbm_o3_v2.png,.png,0.2229
03_resultados_figuras\capitulo_5_3_hbm\fig_5_11_obs_vs_pred_hbm_o3_v3.pdf,fig_5_11_obs_vs_pred_hbm_o3_v3.pdf,.pdf,0.0195
03_resultados_figuras\capitulo_5_3_hbm\fig_5_11_obs_vs_pred_hbm_pm25.pdf,fig_5_11_obs_vs_pred_hbm_pm25.pdf,.pdf,0.0215
03_resultados_figuras\capitulo_5_3_hbm\fig_5_11_obs_vs_pred_hbm_pm25.png,fig_5_11_obs_vs_pred_hbm_pm25.png,.png,0.2778
03_resultados_figuras\capitulo_5_3_hbm\fig_5_11_obs_vs_pred_hbm_pm25_v2.pdf,fig_5_11_obs_vs_pred_hbm_pm25_v2.pdf,.pdf,0.0215
03_resultados_figuras\capitulo_5_3_hbm\fig_5_11_obs_vs_pred_hbm_pm25_v3.pdf,fig_5_11_obs_vs_pred_hbm_pm25_v3.pdf,.pdf,0.0215
03_resultados_figuras\capitulo_5_3_hbm\fig_5_12_serie_mensual_obs_vs_pred_hbm_no2.pdf,fig_5_12_serie_mensual_obs_vs_pred_hbm_no2.pdf,.pdf,0.0183
03_resultados_figuras\capitulo_5_3_hbm\fig_5_12_serie_mensual_obs_vs_pred_hbm_no2.png,fig_5_12_serie_mensual_obs_vs_pred_hbm_no2.png,.png,0.2374
03_resultados_figuras\capitulo_5_3_hbm\fig_5_12_serie_mensual_obs_vs_pred_hbm_no2_v2.pdf,fig_5_12_serie_mensual_obs_vs_pred_hbm_no2_v2.pdf,.pdf,0.0183
03_resultados_figuras\capitulo_5_3_hbm\fig_5_12_serie_mensual_obs_vs_pred_hbm_no2_v3.pdf,fig_5_12_serie_mensual_obs_vs_pred_hbm_no2_v3.pdf,.pdf,0.0183
03_resultados_figuras\capitulo_5_3_hbm\fig_5_12_serie_mensual_obs_vs_pred_hbm_o3.pdf,fig_5_12_serie_mensual_obs_vs_pred_hbm_o3.pdf,.pdf,0.0181
03_resultados_figuras\capitulo_5_3_hbm\fig_5_12_serie_mensual_obs_vs_pred_hbm_o3.png,fig_5_12_serie_mensual_obs_vs_pred_hbm_o3.png,.png,0.0645
03_resultados_figuras\capitulo_5_3_hbm\fig_5_12_serie_mensual_obs_vs_pred_hbm_o3_v2.pdf,fig_5_12_serie_mensual_obs_vs_pred_hbm_o3_v2.pdf,.pdf,0.0181
03_resultados_figuras\capitulo_5_3_hbm\fig_5_12_serie_mensual_obs_vs_pred_hbm_o3_v2.png,fig_5_12_serie_mensual_obs_vs_pred_hbm_o3_v2.png,.png,0.2319
03_resultados_figuras\capitulo_5_3_hbm\fig_5_12_serie_mensual_obs_vs_pred_hbm_o3_v3.pdf,fig_5_12_serie_mensual_obs_vs_pred_hbm_o3_v3.pdf,.pdf,0.0181
03_resultados_figuras\capitulo_5_3_hbm\fig_5_12_serie_mensual_obs_vs_pred_hbm_pm25.pdf,fig_5_12_serie_mensual_obs_vs_pred_hbm_pm25.pdf,.pdf,0.0172
03_resultados_figuras\capitulo_5_3_hbm\fig_5_12_serie_mensual_obs_vs_pred_hbm_pm25.png,fig_5_12_serie_mensual_obs_vs_pred_hbm_pm25.png,.png,0.2211
03_resultados_figuras\capitulo_5_3_hbm\fig_5_12_serie_mensual_obs_vs_pred_hbm_pm25_v2.pdf,fig_5_12_serie_mensual_obs_vs_pred_hbm_pm25_v2.pdf,.pdf,0.0172
03_resultados_figuras\capitulo_5_3_hbm\fig_5_12_serie_mensual_obs_vs_pred_hbm_pm25_v3.pdf,fig_5_12_serie_mensual_obs_vs_pred_hbm_pm25_v3.pdf,.pdf,0.0172
03_resultados_figuras\capitulo_5_3_hbm\fig_5_13_superficie_posterior_central_hbm_no2.pdf,fig_5_13_superficie_posterior_central_hbm_no2.pdf,.pdf,0.0153
03_resultados_figuras\capitulo_5_3_hbm\fig_5_13_superficie_posterior_central_hbm_no2.png,fig_5_13_superficie_posterior_central_hbm_no2.png,.png,0.1964
03_resultados_figuras\capitulo_5_3_hbm\fig_5_13_superficie_posterior_central_hbm_no2_v2.pdf,fig_5_13_superficie_posterior_central_hbm_no2_v2.pdf,.pdf,0.0153
03_resultados_figuras\capitulo_5_3_hbm\fig_5_13_superficie_posterior_central_hbm_no2_v3.pdf,fig_5_13_superficie_posterior_central_hbm_no2_v3.pdf,.pdf,0.0153
03_resultados_figuras\capitulo_5_3_hbm\fig_5_13_superficie_posterior_central_hbm_o3.pdf,fig_5_13_superficie_posterior_central_hbm_o3.pdf,.pdf,0.0152
03_resultados_figuras\capitulo_5_3_hbm\fig_5_13_superficie_posterior_central_hbm_o3.png,fig_5_13_superficie_posterior_central_hbm_o3.png,.png,0.1879
03_resultados_figuras\capitulo_5_3_hbm\fig_5_13_superficie_posterior_central_hbm_o3_v2.pdf,fig_5_13_superficie_posterior_central_hbm_o3_v2.pdf,.pdf,0.0152
03_resultados_figuras\capitulo_5_3_hbm\fig_5_13_superficie_posterior_central_hbm_o3_v3.pdf,fig_5_13_superficie_posterior_central_hbm_o3_v3.pdf,.pdf,0.0152
03_resultados_figuras\capitulo_5_3_hbm\fig_5_13_superficie_posterior_central_hbm_pm25.pdf,fig_5_13_superficie_posterior_central_hbm_pm25.pdf,.pdf,0.014
03_resultados_figuras\capitulo_5_3_hbm\fig_5_13_superficie_posterior_central_hbm_pm25.png,fig_5_13_superficie_posterior_central_hbm_pm25.png,.png,0.1844
03_resultados_figuras\capitulo_5_3_hbm\fig_5_13_superficie_posterior_central_hbm_pm25_v2.pdf,fig_5_13_superficie_posterior_central_hbm_pm25_v2.pdf,.pdf,0.014
03_resultados_figuras\capitulo_5_3_hbm\fig_5_13_superficie_posterior_central_hbm_pm25_v3.pdf,fig_5_13_superficie_posterior_central_hbm_pm25_v3.pdf,.pdf,0.014
03_resultados_figuras\capitulo_5_3_hbm\fig_5_14_incertidumbre_posterior_hbm_no2.pdf,fig_5_14_incertidumbre_posterior_hbm_no2.pdf,.pdf,0.0166
03_resultados_figuras\capitulo_5_3_hbm\fig_5_14_incertidumbre_posterior_hbm_no2.png,fig_5_14_incertidumbre_posterior_hbm_no2.png,.png,0.2015
03_resultados_figuras\capitulo_5_3_hbm\fig_5_14_incertidumbre_posterior_hbm_no2_v2.pdf,fig_5_14_incertidumbre_posterior_hbm_no2_v2.pdf,.pdf,0.0166
03_resultados_figuras\capitulo_5_3_hbm\fig_5_14_incertidumbre_posterior_hbm_no2_v3.pdf,fig_5_14_incertidumbre_posterior_hbm_no2_v3.pdf,.pdf,0.0166
03_resultados_figuras\capitulo_5_3_hbm\fig_5_14_incertidumbre_posterior_hbm_o3.pdf,fig_5_14_incertidumbre_posterior_hbm_o3.pdf,.pdf,0.0165
03_resultados_figuras\capitulo_5_3_hbm\fig_5_14_incertidumbre_posterior_hbm_o3.png,fig_5_14_incertidumbre_posterior_hbm_o3.png,.png,0.1931
03_resultados_figuras\capitulo_5_3_hbm\fig_5_14_incertidumbre_posterior_hbm_o3_v2.pdf,fig_5_14_incertidumbre_posterior_hbm_o3_v2.pdf,.pdf,0.0165
03_resultados_figuras\capitulo_5_3_hbm\fig_5_14_incertidumbre_posterior_hbm_o3_v3.pdf,fig_5_14_incertidumbre_posterior_hbm_o3_v3.pdf,.pdf,0.0165
03_resultados_figuras\capitulo_5_3_hbm\fig_5_14_incertidumbre_posterior_hbm_pm25.pdf,fig_5_14_incertidumbre_posterior_hbm_pm25.pdf,.pdf,0.0161
03_resultados_figuras\capitulo_5_3_hbm\fig_5_14_incertidumbre_posterior_hbm_pm25.png,fig_5_14_incertidumbre_posterior_hbm_pm25.png,.png,0.1893
03_resultados_figuras\capitulo_5_3_hbm\fig_5_14_incertidumbre_posterior_hbm_pm25_v2.pdf,fig_5_14_incertidumbre_posterior_hbm_pm25_v2.pdf,.pdf,0.0161
03_resultados_figuras\capitulo_5_3_hbm\fig_5_14_incertidumbre_posterior_hbm_pm25_v3.pdf,fig_5_14_incertidumbre_posterior_hbm_pm25_v3.pdf,.pdf,0.0161
03_resultados_figuras\capitulo_5_3_hbm\fig_5_16_sensibilidad_hbm_razones_casos.pdf,fig_5_16_sensibilidad_hbm_razones_casos.pdf,.pdf,0.0153
03_resultados_figuras\capitulo_5_3_hbm\fig_5_16_sensibilidad_hbm_razones_casos.png,fig_5_16_sensibilidad_hbm_razones_casos.png,.png,0.1082
03_resultados_figuras\capitulo_5_3_hbm\fig_5_17_sensibilidad_hbm_cambios_absolutos_casos.pdf,fig_5_17_sensibilidad_hbm_cambios_absolutos_casos.pdf,.pdf,0.0154
03_resultados_figuras\capitulo_5_3_hbm\fig_5_17_sensibilidad_hbm_cambios_absolutos_casos.png,fig_5_17_sensibilidad_hbm_cambios_absolutos_casos.png,.png,0.1133
03_resultados_figuras\capitulo_5_3_hbm\fig_hbm_ancho_intervalo_mensual_no2.png,fig_hbm_ancho_intervalo_mensual_no2.png,.png,0.2371
03_resultados_figuras\capitulo_5_3_hbm\fig_hbm_ancho_intervalo_mensual_no2_copy.png,fig_hbm_ancho_intervalo_mensual_no2_copy.png,.png,0.2371
03_resultados_figuras\capitulo_5_3_hbm\fig_hbm_ancho_intervalo_mensual_o3.png,fig_hbm_ancho_intervalo_mensual_o3.png,.png,0.2264
03_resultados_figuras\capitulo_5_3_hbm\fig_hbm_ancho_intervalo_mensual_o3_copy.png,fig_hbm_ancho_intervalo_mensual_o3_copy.png,.png,0.2264
03_resultados_figuras\capitulo_5_3_hbm\fig_hbm_ancho_intervalo_mensual_pm25.png,fig_hbm_ancho_intervalo_mensual_pm25.png,.png,0.2232
03_resultados_figuras\capitulo_5_3_hbm\fig_hbm_ancho_intervalo_mensual_pm25_copy.png,fig_hbm_ancho_intervalo_mensual_pm25_copy.png,.png,0.2232
03_resultados_figuras\capitulo_5_3_hbm\fig_hbm_auditoria_flags_no2.png,fig_hbm_auditoria_flags_no2.png,.png,0.1229
03_resultados_figuras\capitulo_5_3_hbm\fig_hbm_auditoria_flags_no2_copy.png,fig_hbm_auditoria_flags_no2_copy.png,.png,0.1229
03_resultados_figuras\capitulo_5_3_hbm\fig_hbm_auditoria_flags_o3.png,fig_hbm_auditoria_flags_o3.png,.png,0.1123
03_resultados_figuras\capitulo_5_3_hbm\fig_hbm_auditoria_flags_o3_copy.png,fig_hbm_auditoria_flags_o3_copy.png,.png,0.1123
03_resultados_figuras\capitulo_5_3_hbm\fig_hbm_auditoria_flags_pm25.png,fig_hbm_auditoria_flags_pm25.png,.png,0.13
03_resultados_figuras\capitulo_5_3_hbm\fig_hbm_auditoria_flags_pm25_copy.png,fig_hbm_auditoria_flags_pm25_copy.png,.png,0.13
03_resultados_figuras\capitulo_5_3_hbm\fig_hbm_metricas_promedio_folds_no2.png,fig_hbm_metricas_promedio_folds_no2.png,.png,0.1125
03_resultados_figuras\capitulo_5_3_hbm\fig_hbm_metricas_promedio_folds_no2_copy.png,fig_hbm_metricas_promedio_folds_no2_copy.png,.png,0.1125
03_resultados_figuras\capitulo_5_3_hbm\fig_hbm_metricas_promedio_folds_o3.png,fig_hbm_metricas_promedio_folds_o3.png,.png,0.1024
03_resultados_figuras\capitulo_5_3_hbm\fig_hbm_metricas_promedio_folds_o3_copy.png,fig_hbm_metricas_promedio_folds_o3_copy.png,.png,0.1024
03_resultados_figuras\capitulo_5_3_hbm\fig_hbm_metricas_promedio_folds_pm25.png,fig_hbm_metricas_promedio_folds_pm25.png,.png,0.1091
03_resultados_figuras\capitulo_5_3_hbm\fig_hbm_metricas_promedio_folds_pm25_copy.png,fig_hbm_metricas_promedio_folds_pm25_copy.png,.png,0.1091
03_resultados_figuras\capitulo_5_3_hbm\fig_hbm_obs_vs_pred_no2.png,fig_hbm_obs_vs_pred_no2.png,.png,0.3291
03_resultados_figuras\capitulo_5_3_hbm\fig_hbm_obs_vs_pred_no2_copy.png,fig_hbm_obs_vs_pred_no2_copy.png,.png,0.3291
03_resultados_figuras\capitulo_5_3_hbm\fig_hbm_obs_vs_pred_o3.png,fig_hbm_obs_vs_pred_o3.png,.png,0.2894
03_resultados_figuras\capitulo_5_3_hbm\fig_hbm_obs_vs_pred_o3_copy.png,fig_hbm_obs_vs_pred_o3_copy.png,.png,0.2894
03_resultados_figuras\capitulo_5_3_hbm\fig_hbm_obs_vs_pred_pm25.png,fig_hbm_obs_vs_pred_pm25.png,.png,0.3557
03_resultados_figuras\capitulo_5_3_hbm\fig_hbm_obs_vs_pred_pm25_copy.png,fig_hbm_obs_vs_pred_pm25_copy.png,.png,0.3557
03_resultados_figuras\capitulo_5_3_hbm\fig_hbm_residuos_no2.png,fig_hbm_residuos_no2.png,.png,0.0637
03_resultados_figuras\capitulo_5_3_hbm\fig_hbm_residuos_no2_copy.png,fig_hbm_residuos_no2_copy.png,.png,0.0637
03_resultados_figuras\capitulo_5_3_hbm\fig_hbm_residuos_o3.png,fig_hbm_residuos_o3.png,.png,0.0636
03_resultados_figuras\capitulo_5_3_hbm\fig_hbm_residuos_o3_copy.png,fig_hbm_residuos_o3_copy.png,.png,0.0636
03_resultados_figuras\capitulo_5_3_hbm\fig_hbm_residuos_pm25.png,fig_hbm_residuos_pm25.png,.png,0.0624
03_resultados_figuras\capitulo_5_3_hbm\fig_hbm_residuos_pm25_copy.png,fig_hbm_residuos_pm25_copy.png,.png,0.0624
03_resultados_figuras\capitulo_5_3_hbm\fig_hbm_residuos_por_fold_no2.png,fig_hbm_residuos_por_fold_no2.png,.png,0.05
03_resultados_figuras\capitulo_5_3_hbm\fig_hbm_residuos_por_fold_no2_copy.png,fig_hbm_residuos_por_fold_no2_copy.png,.png,0.05
03_resultados_figuras\capitulo_5_3_hbm\fig_hbm_residuos_por_fold_o3.png,fig_hbm_residuos_por_fold_o3.png,.png,0.0549
03_resultados_figuras\capitulo_5_3_hbm\fig_hbm_residuos_por_fold_o3_copy.png,fig_hbm_residuos_por_fold_o3_copy.png,.png,0.0549
03_resultados_figuras\capitulo_5_3_hbm\fig_hbm_residuos_por_fold_pm25.png,fig_hbm_residuos_por_fold_pm25.png,.png,0.048
03_resultados_figuras\capitulo_5_3_hbm\fig_hbm_residuos_por_fold_pm25_copy.png,fig_hbm_residuos_por_fold_pm25_copy.png,.png,0.048
03_resultados_figuras\capitulo_5_3_hbm\fig_hbm_resumen_estaciones_no2.png,fig_hbm_resumen_estaciones_no2.png,.png,0.1135
03_resultados_figuras\capitulo_5_3_hbm\fig_hbm_resumen_estaciones_no2_copy.png,fig_hbm_resumen_estaciones_no2_copy.png,.png,0.1135
03_resultados_figuras\capitulo_5_3_hbm\fig_hbm_resumen_estaciones_o3.png,fig_hbm_resumen_estaciones_o3.png,.png,0.1016
03_resultados_figuras\capitulo_5_3_hbm\fig_hbm_resumen_estaciones_o3_copy.png,fig_hbm_resumen_estaciones_o3_copy.png,.png,0.1016
03_resultados_figuras\capitulo_5_3_hbm\fig_hbm_resumen_estaciones_pm25.png,fig_hbm_resumen_estaciones_pm25.png,.png,0.1215
03_resultados_figuras\capitulo_5_3_hbm\fig_hbm_resumen_estaciones_pm25_copy.png,fig_hbm_resumen_estaciones_pm25_copy.png,.png,0.1215
03_resultados_figuras\capitulo_5_3_hbm\fig_hbm_serie_obs_vs_pred_no2.png,fig_hbm_serie_obs_vs_pred_no2.png,.png,0.2837
03_resultados_figuras\capitulo_5_3_hbm\fig_hbm_serie_obs_vs_pred_no2_copy.png,fig_hbm_serie_obs_vs_pred_no2_copy.png,.png,0.2837
03_resultados_figuras\capitulo_5_3_hbm\fig_hbm_serie_obs_vs_pred_o3.png,fig_hbm_serie_obs_vs_pred_o3.png,.png,0.2768
03_resultados_figuras\capitulo_5_3_hbm\fig_hbm_serie_obs_vs_pred_o3_copy.png,fig_hbm_serie_obs_vs_pred_o3_copy.png,.png,0.2768
03_resultados_figuras\capitulo_5_3_hbm\fig_hbm_serie_obs_vs_pred_pm25.png,fig_hbm_serie_obs_vs_pred_pm25.png,.png,0.2604
03_resultados_figuras\capitulo_5_3_hbm\fig_hbm_serie_obs_vs_pred_pm25_copy.png,fig_hbm_serie_obs_vs_pred_pm25_copy.png,.png,0.2604
03_resultados_figuras\capitulo_5_3_hbm\fig_hbm_superficie_central_mensual_no2.png,fig_hbm_superficie_central_mensual_no2.png,.png,0.2448
03_resultados_figuras\capitulo_5_3_hbm\fig_hbm_superficie_central_mensual_no2_copy.png,fig_hbm_superficie_central_mensual_no2_copy.png,.png,0.2448
03_resultados_figuras\capitulo_5_3_hbm\fig_hbm_superficie_central_mensual_o3.png,fig_hbm_superficie_central_mensual_o3.png,.png,0.2294
03_resultados_figuras\capitulo_5_3_hbm\fig_hbm_superficie_central_mensual_o3_copy.png,fig_hbm_superficie_central_mensual_o3_copy.png,.png,0.2294
03_resultados_figuras\capitulo_5_3_hbm\fig_hbm_superficie_central_mensual_pm25.png,fig_hbm_superficie_central_mensual_pm25.png,.png,0.2309
03_resultados_figuras\capitulo_5_3_hbm\fig_hbm_superficie_central_mensual_pm25_copy.png,fig_hbm_superficie_central_mensual_pm25_copy.png,.png,0.2309
03_resultados_figuras\capitulo_5_4_corrida_base\.gitkeep,.gitkeep,,0.0
03_resultados_figuras\capitulo_5_4_corrida_base\celda_142_img_05_celda_10_tabla_principal_compacta_del_bloque_5_4_resultados_.pdf,celda_142_img_05_celda_10_tabla_principal_compacta_del_bloque_5_4_resultados_.pdf,.pdf,0.0281
03_resultados_figuras\capitulo_5_4_corrida_base\celda_142_img_05_celda_10_tabla_principal_compacta_del_bloque_5_4_resultados_.png,celda_142_img_05_celda_10_tabla_principal_compacta_del_bloque_5_4_resultados_.png,.png,0.0183
03_resultados_figuras\capitulo_5_4_corrida_base\celda_142_img_06_celda_10_tabla_principal_compacta_del_bloque_5_4_resultados_.pdf,celda_142_img_06_celda_10_tabla_principal_compacta_del_bloque_5_4_resultados_.pdf,.pdf,0.031
03_resultados_figuras\capitulo_5_4_corrida_base\celda_142_img_06_celda_10_tabla_principal_compacta_del_bloque_5_4_resultados_.png,celda_142_img_06_celda_10_tabla_principal_compacta_del_bloque_5_4_resultados_.png,.png,0.02
03_resultados_figuras\capitulo_5_4_corrida_base\celda_145_img_05_grafica_economica_corregida_del_bloque_5_4_la_grafica_econom.pdf,celda_145_img_05_grafica_economica_corregida_del_bloque_5_4_la_grafica_econom.pdf,.pdf,0.0283
03_resultados_figuras\capitulo_5_4_corrida_base\celda_145_img_05_grafica_economica_corregida_del_bloque_5_4_la_grafica_econom.png,celda_145_img_05_grafica_economica_corregida_del_bloque_5_4_la_grafica_econom.png,.png,0.0192
03_resultados_figuras\capitulo_5_4_corrida_base\celda_145_img_06_grafica_economica_corregida_del_bloque_5_4_la_grafica_econom.pdf,celda_145_img_06_grafica_economica_corregida_del_bloque_5_4_la_grafica_econom.pdf,.pdf,0.032
03_resultados_figuras\capitulo_5_4_corrida_base\celda_145_img_07_grafica_economica_corregida_del_bloque_5_4_la_grafica_econom.pdf,celda_145_img_07_grafica_economica_corregida_del_bloque_5_4_la_grafica_econom.pdf,.pdf,0.0333
03_resultados_figuras\capitulo_5_4_corrida_base\celda_147_img_03_celda_10a_pulido_visual_del_bloque_5_4_en_esta_celda_se_mejo.pdf,celda_147_img_03_celda_10a_pulido_visual_del_bloque_5_4_en_esta_celda_se_mejo.pdf,.pdf,0.0355
03_resultados_figuras\capitulo_5_4_corrida_base\fig_5_15_localidades_top_valor_no2_asma.pdf,fig_5_15_localidades_top_valor_no2_asma.pdf,.pdf,0.0172
03_resultados_figuras\capitulo_5_4_corrida_base\fig_5_15_localidades_top_valor_no2_asma.png,fig_5_15_localidades_top_valor_no2_asma.png,.png,0.1408
03_resultados_figuras\capitulo_5_4_corrida_base\fig_5_15_localidades_top_valor_no2_asma_v2.pdf,fig_5_15_localidades_top_valor_no2_asma_v2.pdf,.pdf,0.0172
03_resultados_figuras\capitulo_5_4_corrida_base\fig_5_15_localidades_top_valor_no2_asma_v3.pdf,fig_5_15_localidades_top_valor_no2_asma_v3.pdf,.pdf,0.0172
03_resultados_figuras\capitulo_5_4_corrida_base\fig_5_15_localidades_top_valor_no2_enfermedad_pulmonar_cronica.pdf,fig_5_15_localidades_top_valor_no2_enfermedad_pulmonar_cronica.pdf,.pdf,0.0173
03_resultados_figuras\capitulo_5_4_corrida_base\fig_5_15_localidades_top_valor_no2_enfermedad_pulmonar_cronica.png,fig_5_15_localidades_top_valor_no2_enfermedad_pulmonar_cronica.png,.png,0.1442
03_resultados_figuras\capitulo_5_4_corrida_base\fig_5_15_localidades_top_valor_no2_enfermedad_pulmonar_cronica_v2.pdf,fig_5_15_localidades_top_valor_no2_enfermedad_pulmonar_cronica_v2.pdf,.pdf,0.0173
03_resultados_figuras\capitulo_5_4_corrida_base\fig_5_15_localidades_top_valor_no2_enfermedad_pulmonar_cronica_v3.pdf,fig_5_15_localidades_top_valor_no2_enfermedad_pulmonar_cronica_v3.pdf,.pdf,0.0173
03_resultados_figuras\capitulo_5_4_corrida_base\fig_5_15_localidades_top_valor_o3_respiratoria.pdf,fig_5_15_localidades_top_valor_o3_respiratoria.pdf,.pdf,0.0166
03_resultados_figuras\capitulo_5_4_corrida_base\fig_5_15_localidades_top_valor_o3_respiratoria.png,fig_5_15_localidades_top_valor_o3_respiratoria.png,.png,0.1411
03_resultados_figuras\capitulo_5_4_corrida_base\fig_5_15_localidades_top_valor_o3_respiratoria_v2.pdf,fig_5_15_localidades_top_valor_o3_respiratoria_v2.pdf,.pdf,0.0166
03_resultados_figuras\capitulo_5_4_corrida_base\fig_5_15_localidades_top_valor_o3_respiratoria_v3.pdf,fig_5_15_localidades_top_valor_o3_respiratoria_v3.pdf,.pdf,0.0166
03_resultados_figuras\capitulo_5_4_corrida_base\fig_5_15_localidades_top_valor_pm25_todas_las_causas.pdf,fig_5_15_localidades_top_valor_pm25_todas_las_causas.pdf,.pdf,0.0174
03_resultados_figuras\capitulo_5_4_corrida_base\fig_5_15_localidades_top_valor_pm25_todas_las_causas.png,fig_5_15_localidades_top_valor_pm25_todas_las_causas.png,.png,0.1436
03_resultados_figuras\capitulo_5_4_corrida_base\fig_5_15_localidades_top_valor_pm25_todas_las_causas_v2.pdf,fig_5_15_localidades_top_valor_pm25_todas_las_causas_v2.pdf,.pdf,0.0174
03_resultados_figuras\capitulo_5_4_corrida_base\fig_5_15_localidades_top_valor_pm25_todas_las_causas_v3.pdf,fig_5_15_localidades_top_valor_pm25_todas_las_causas_v3.pdf,.pdf,0.0174
03_resultados_figuras\capitulo_5_4_corrida_base\fig_5_28_casos_evItados_corrida_base_endpoint.png,fig_5_28_casos_evItados_corrida_base_endpoint.png,.png,0.0271
03_resultados_figuras\capitulo_5_4_corrida_base\fig_5_29_valor_economico_mortalidad_corrida_base.png,fig_5_29_valor_economico_mortalidad_corrida_base.png,.png,0.0231
03_resultados_figuras\capitulo_5_4_corrida_base\fig_5_30_valor_economico_hospitalizacion_corrida_base.png,fig_5_30_valor_economico_hospitalizacion_corrida_base.png,.png,0.025
03_resultados_figuras\capitulo_5_4_corrida_base\fig_5_31_no2_asma_participacion_valor_sin_sumapaz.pdf,fig_5_31_no2_asma_participacion_valor_sin_sumapaz.pdf,.pdf,0.0194
03_resultados_figuras\capitulo_5_4_corrida_base\fig_5_31_no2_asma_participacion_valor_sin_sumapaz.png,fig_5_31_no2_asma_participacion_valor_sin_sumapaz.png,.png,0.1375
03_resultados_figuras\capitulo_5_4_corrida_base\fig_5_31_participacion_valor_localidad_sin_sumapaz_2x2.pdf,fig_5_31_participacion_valor_localidad_sin_sumapaz_2x2.pdf,.pdf,0.0228
03_resultados_figuras\capitulo_5_4_corrida_base\fig_5_31_participacion_valor_localidad_sin_sumapaz_2x2.png,fig_5_31_participacion_valor_localidad_sin_sumapaz_2x2.png,.png,0.3569
03_resultados_figuras\capitulo_5_4_corrida_base\fig_5_32_no2_epc_participacion_valor_sin_sumapaz.pdf,fig_5_32_no2_epc_participacion_valor_sin_sumapaz.pdf,.pdf,0.0193
03_resultados_figuras\capitulo_5_4_corrida_base\fig_5_32_no2_epc_participacion_valor_sin_sumapaz.png,fig_5_32_no2_epc_participacion_valor_sin_sumapaz.png,.png,0.1387
03_resultados_figuras\capitulo_5_4_corrida_base\fig_5_33_o3_respiratoria_participacion_valor_sin_sumapaz.pdf,fig_5_33_o3_respiratoria_participacion_valor_sin_sumapaz.pdf,.pdf,0.0194
03_resultados_figuras\capitulo_5_4_corrida_base\fig_5_33_o3_respiratoria_participacion_valor_sin_sumapaz.png,fig_5_33_o3_respiratoria_participacion_valor_sin_sumapaz.png,.png,0.1375
03_resultados_figuras\capitulo_5_4_corrida_base\fig_5_34_pm25_todas_causas_participacion_valor_sin_sumapaz.pdf,fig_5_34_pm25_todas_causas_participacion_valor_sin_sumapaz.pdf,.pdf,0.0194
03_resultados_figuras\capitulo_5_4_corrida_base\fig_5_34_pm25_todas_causas_participacion_valor_sin_sumapaz.png,fig_5_34_pm25_todas_causas_participacion_valor_sin_sumapaz.png,.png,0.1415
03_resultados_figuras\capitulo_5_5_sensibilidad\.gitkeep,.gitkeep,,0.0
03_resultados_figuras\capitulo_5_5_sensibilidad\celda_132_img_06_celda_7_vista_previa_de_mapas_anuales_de_la_superficie_poste.pdf,celda_132_img_06_celda_7_vista_previa_de_mapas_anuales_de_la_superficie_poste.pdf,.pdf,0.0849
03_resultados_figuras\capitulo_5_5_sensibilidad\celda_132_img_06_celda_7_vista_previa_de_mapas_anuales_de_la_superficie_poste.png,celda_132_img_06_celda_7_vista_previa_de_mapas_anuales_de_la_superficie_poste.png,.png,0.0955
03_resultados_figuras\capitulo_5_5_sensibilidad\celda_132_img_07_celda_7_vista_previa_de_mapas_anuales_de_la_superficie_poste.pdf,celda_132_img_07_celda_7_vista_previa_de_mapas_anuales_de_la_superficie_poste.pdf,.pdf,0.0847
03_resultados_figuras\capitulo_5_5_sensibilidad\celda_132_img_07_celda_7_vista_previa_de_mapas_anuales_de_la_superficie_poste.png,celda_132_img_07_celda_7_vista_previa_de_mapas_anuales_de_la_superficie_poste.png,.png,0.0958
03_resultados_figuras\capitulo_5_5_sensibilidad\celda_132_img_08_celda_7_vista_previa_de_mapas_anuales_de_la_superficie_poste.pdf,celda_132_img_08_celda_7_vista_previa_de_mapas_anuales_de_la_superficie_poste.pdf,.pdf,0.0846
03_resultados_figuras\capitulo_5_5_sensibilidad\celda_132_img_08_celda_7_vista_previa_de_mapas_anuales_de_la_superficie_poste.png,celda_132_img_08_celda_7_vista_previa_de_mapas_anuales_de_la_superficie_poste.png,.png,0.096
03_resultados_figuras\capitulo_5_5_sensibilidad\celda_132_img_09_celda_7_vista_previa_de_mapas_anuales_de_la_superficie_poste.pdf,celda_132_img_09_celda_7_vista_previa_de_mapas_anuales_de_la_superficie_poste.pdf,.pdf,0.0849
03_resultados_figuras\capitulo_5_5_sensibilidad\celda_132_img_09_celda_7_vista_previa_de_mapas_anuales_de_la_superficie_poste.png,celda_132_img_09_celda_7_vista_previa_de_mapas_anuales_de_la_superficie_poste.png,.png,0.0961
03_resultados_figuras\capitulo_5_5_sensibilidad\celda_132_img_10_celda_7_vista_previa_de_mapas_anuales_de_la_superficie_poste.pdf,celda_132_img_10_celda_7_vista_previa_de_mapas_anuales_de_la_superficie_poste.pdf,.pdf,0.0845
03_resultados_figuras\capitulo_5_5_sensibilidad\celda_132_img_10_celda_7_vista_previa_de_mapas_anuales_de_la_superficie_poste.png,celda_132_img_10_celda_7_vista_previa_de_mapas_anuales_de_la_superficie_poste.png,.png,0.0955
03_resultados_figuras\capitulo_5_5_sensibilidad\celda_134_img_05_celda_8_vista_previa_de_mapas_anuales_de_incertidumbre_poste.pdf,celda_134_img_05_celda_8_vista_previa_de_mapas_anuales_de_incertidumbre_poste.pdf,.pdf,0.0782
03_resultados_figuras\capitulo_5_5_sensibilidad\celda_134_img_05_celda_8_vista_previa_de_mapas_anuales_de_incertidumbre_poste.png,celda_134_img_05_celda_8_vista_previa_de_mapas_anuales_de_incertidumbre_poste.png,.png,0.0891
03_resultados_figuras\capitulo_5_5_sensibilidad\celda_134_img_06_celda_8_vista_previa_de_mapas_anuales_de_incertidumbre_poste.pdf,celda_134_img_06_celda_8_vista_previa_de_mapas_anuales_de_incertidumbre_poste.pdf,.pdf,0.0779
03_resultados_figuras\capitulo_5_5_sensibilidad\celda_134_img_06_celda_8_vista_previa_de_mapas_anuales_de_incertidumbre_poste.png,celda_134_img_06_celda_8_vista_previa_de_mapas_anuales_de_incertidumbre_poste.png,.png,0.0895
03_resultados_figuras\capitulo_5_5_sensibilidad\celda_134_img_07_celda_8_vista_previa_de_mapas_anuales_de_incertidumbre_poste.pdf,celda_134_img_07_celda_8_vista_previa_de_mapas_anuales_de_incertidumbre_poste.pdf,.pdf,0.0762
03_resultados_figuras\capitulo_5_5_sensibilidad\celda_134_img_07_celda_8_vista_previa_de_mapas_anuales_de_incertidumbre_poste.png,celda_134_img_07_celda_8_vista_previa_de_mapas_anuales_de_incertidumbre_poste.png,.png,0.0887
03_resultados_figuras\capitulo_5_5_sensibilidad\celda_134_img_08_celda_8_vista_previa_de_mapas_anuales_de_incertidumbre_poste.pdf,celda_134_img_08_celda_8_vista_previa_de_mapas_anuales_de_incertidumbre_poste.pdf,.pdf,0.0779
03_resultados_figuras\capitulo_5_5_sensibilidad\celda_134_img_08_celda_8_vista_previa_de_mapas_anuales_de_incertidumbre_poste.png,celda_134_img_08_celda_8_vista_previa_de_mapas_anuales_de_incertidumbre_poste.png,.png,0.0895
03_resultados_figuras\capitulo_5_5_sensibilidad\celda_134_img_09_celda_8_vista_previa_de_mapas_anuales_de_incertidumbre_poste.pdf,celda_134_img_09_celda_8_vista_previa_de_mapas_anuales_de_incertidumbre_poste.pdf,.pdf,0.0755
03_resultados_figuras\capitulo_5_5_sensibilidad\celda_134_img_09_celda_8_vista_previa_de_mapas_anuales_de_incertidumbre_poste.png,celda_134_img_09_celda_8_vista_previa_de_mapas_anuales_de_incertidumbre_poste.png,.png,0.0866
03_resultados_figuras\capitulo_5_5_sensibilidad\celda_136_img_05_resumenes_del_hbm_a_partir_de_superficies_posteriores_resume.pdf,celda_136_img_05_resumenes_del_hbm_a_partir_de_superficies_posteriores_resume.pdf,.pdf,0.0409
03_resultados_figuras\capitulo_5_5_sensibilidad\celda_136_img_05_resumenes_del_hbm_a_partir_de_superficies_posteriores_resume.png,celda_136_img_05_resumenes_del_hbm_a_partir_de_superficies_posteriores_resume.png,.png,0.0483
03_resultados_figuras\capitulo_5_5_sensibilidad\celda_136_img_06_resumenes_del_hbm_a_partir_de_superficies_posteriores_resume.pdf,celda_136_img_06_resumenes_del_hbm_a_partir_de_superficies_posteriores_resume.pdf,.pdf,0.0407
03_resultados_figuras\capitulo_5_5_sensibilidad\celda_136_img_06_resumenes_del_hbm_a_partir_de_superficies_posteriores_resume.png,celda_136_img_06_resumenes_del_hbm_a_partir_de_superficies_posteriores_resume.png,.png,0.0489
03_resultados_figuras\capitulo_5_5_sensibilidad\celda_140_img_05_celda_9_tabla_robusta_de_validacion_y_evaluacion_del_hbm_en_.pdf,celda_140_img_05_celda_9_tabla_robusta_de_validacion_y_evaluacion_del_hbm_en_.pdf,.pdf,0.0868
03_resultados_figuras\capitulo_5_5_sensibilidad\celda_140_img_05_celda_9_tabla_robusta_de_validacion_y_evaluacion_del_hbm_en_.png,celda_140_img_05_celda_9_tabla_robusta_de_validacion_y_evaluacion_del_hbm_en_.png,.png,0.046
03_resultados_figuras\capitulo_5_5_sensibilidad\fig_5_11_obs_vs_pred_hbm_no2.pdf,fig_5_11_obs_vs_pred_hbm_no2.pdf,.pdf,0.0203
03_resultados_figuras\capitulo_5_5_sensibilidad\fig_5_11_obs_vs_pred_hbm_no2.png,fig_5_11_obs_vs_pred_hbm_no2.png,.png,0.0576
03_resultados_figuras\capitulo_5_5_sensibilidad\fig_5_11_obs_vs_pred_hbm_no2_v2.pdf,fig_5_11_obs_vs_pred_hbm_no2_v2.pdf,.pdf,0.0203
03_resultados_figuras\capitulo_5_5_sensibilidad\fig_5_11_obs_vs_pred_hbm_no2_v2.png,fig_5_11_obs_vs_pred_hbm_no2_v2.png,.png,0.2457
03_resultados_figuras\capitulo_5_5_sensibilidad\fig_5_11_obs_vs_pred_hbm_no2_v3.pdf,fig_5_11_obs_vs_pred_hbm_no2_v3.pdf,.pdf,0.0203
03_resultados_figuras\capitulo_5_5_sensibilidad\fig_5_11_obs_vs_pred_hbm_o3.pdf,fig_5_11_obs_vs_pred_hbm_o3.pdf,.pdf,0.0195
03_resultados_figuras\capitulo_5_5_sensibilidad\fig_5_11_obs_vs_pred_hbm_o3.png,fig_5_11_obs_vs_pred_hbm_o3.png,.png,0.052
03_resultados_figuras\capitulo_5_5_sensibilidad\fig_5_11_obs_vs_pred_hbm_o3_v2.pdf,fig_5_11_obs_vs_pred_hbm_o3_v2.pdf,.pdf,0.0195
03_resultados_figuras\capitulo_5_5_sensibilidad\fig_5_11_obs_vs_pred_hbm_o3_v2.png,fig_5_11_obs_vs_pred_hbm_o3_v2.png,.png,0.2229
03_resultados_figuras\capitulo_5_5_sensibilidad\fig_5_11_obs_vs_pred_hbm_o3_v3.pdf,fig_5_11_obs_vs_pred_hbm_o3_v3.pdf,.pdf,0.0195
03_resultados_figuras\capitulo_5_5_sensibilidad\fig_5_11_obs_vs_pred_hbm_pm25.pdf,fig_5_11_obs_vs_pred_hbm_pm25.pdf,.pdf,0.0215
03_resultados_figuras\capitulo_5_5_sensibilidad\fig_5_11_obs_vs_pred_hbm_pm25.png,fig_5_11_obs_vs_pred_hbm_pm25.png,.png,0.2778
03_resultados_figuras\capitulo_5_5_sensibilidad\fig_5_11_obs_vs_pred_hbm_pm25_v2.pdf,fig_5_11_obs_vs_pred_hbm_pm25_v2.pdf,.pdf,0.0215
03_resultados_figuras\capitulo_5_5_sensibilidad\fig_5_11_obs_vs_pred_hbm_pm25_v3.pdf,fig_5_11_obs_vs_pred_hbm_pm25_v3.pdf,.pdf,0.0215
03_resultados_figuras\capitulo_5_5_sensibilidad\fig_5_12_serie_mensual_obs_vs_pred_hbm_no2.pdf,fig_5_12_serie_mensual_obs_vs_pred_hbm_no2.pdf,.pdf,0.0183
03_resultados_figuras\capitulo_5_5_sensibilidad\fig_5_12_serie_mensual_obs_vs_pred_hbm_no2.png,fig_5_12_serie_mensual_obs_vs_pred_hbm_no2.png,.png,0.2374
03_resultados_figuras\capitulo_5_5_sensibilidad\fig_5_12_serie_mensual_obs_vs_pred_hbm_no2_v2.pdf,fig_5_12_serie_mensual_obs_vs_pred_hbm_no2_v2.pdf,.pdf,0.0183
03_resultados_figuras\capitulo_5_5_sensibilidad\fig_5_12_serie_mensual_obs_vs_pred_hbm_no2_v3.pdf,fig_5_12_serie_mensual_obs_vs_pred_hbm_no2_v3.pdf,.pdf,0.0183
03_resultados_figuras\capitulo_5_5_sensibilidad\fig_5_12_serie_mensual_obs_vs_pred_hbm_o3.pdf,fig_5_12_serie_mensual_obs_vs_pred_hbm_o3.pdf,.pdf,0.0181
03_resultados_figuras\capitulo_5_5_sensibilidad\fig_5_12_serie_mensual_obs_vs_pred_hbm_o3.png,fig_5_12_serie_mensual_obs_vs_pred_hbm_o3.png,.png,0.0645
03_resultados_figuras\capitulo_5_5_sensibilidad\fig_5_12_serie_mensual_obs_vs_pred_hbm_o3_v2.pdf,fig_5_12_serie_mensual_obs_vs_pred_hbm_o3_v2.pdf,.pdf,0.0181
03_resultados_figuras\capitulo_5_5_sensibilidad\fig_5_12_serie_mensual_obs_vs_pred_hbm_o3_v2.png,fig_5_12_serie_mensual_obs_vs_pred_hbm_o3_v2.png,.png,0.2319
03_resultados_figuras\capitulo_5_5_sensibilidad\fig_5_12_serie_mensual_obs_vs_pred_hbm_o3_v3.pdf,fig_5_12_serie_mensual_obs_vs_pred_hbm_o3_v3.pdf,.pdf,0.0181
03_resultados_figuras\capitulo_5_5_sensibilidad\fig_5_12_serie_mensual_obs_vs_pred_hbm_pm25.pdf,fig_5_12_serie_mensual_obs_vs_pred_hbm_pm25.pdf,.pdf,0.0172
03_resultados_figuras\capitulo_5_5_sensibilidad\fig_5_12_serie_mensual_obs_vs_pred_hbm_pm25.png,fig_5_12_serie_mensual_obs_vs_pred_hbm_pm25.png,.png,0.2211
03_resultados_figuras\capitulo_5_5_sensibilidad\fig_5_12_serie_mensual_obs_vs_pred_hbm_pm25_v2.pdf,fig_5_12_serie_mensual_obs_vs_pred_hbm_pm25_v2.pdf,.pdf,0.0172
03_resultados_figuras\capitulo_5_5_sensibilidad\fig_5_12_serie_mensual_obs_vs_pred_hbm_pm25_v3.pdf,fig_5_12_serie_mensual_obs_vs_pred_hbm_pm25_v3.pdf,.pdf,0.0172
03_resultados_figuras\capitulo_5_5_sensibilidad\fig_5_13_superficie_posterior_central_hbm_no2.pdf,fig_5_13_superficie_posterior_central_hbm_no2.pdf,.pdf,0.0153
03_resultados_figuras\capitulo_5_5_sensibilidad\fig_5_13_superficie_posterior_central_hbm_no2.png,fig_5_13_superficie_posterior_central_hbm_no2.png,.png,0.1964
03_resultados_figuras\capitulo_5_5_sensibilidad\fig_5_13_superficie_posterior_central_hbm_no2_v2.pdf,fig_5_13_superficie_posterior_central_hbm_no2_v2.pdf,.pdf,0.0153
03_resultados_figuras\capitulo_5_5_sensibilidad\fig_5_13_superficie_posterior_central_hbm_no2_v3.pdf,fig_5_13_superficie_posterior_central_hbm_no2_v3.pdf,.pdf,0.0153
03_resultados_figuras\capitulo_5_5_sensibilidad\fig_5_13_superficie_posterior_central_hbm_o3.pdf,fig_5_13_superficie_posterior_central_hbm_o3.pdf,.pdf,0.0152
03_resultados_figuras\capitulo_5_5_sensibilidad\fig_5_13_superficie_posterior_central_hbm_o3.png,fig_5_13_superficie_posterior_central_hbm_o3.png,.png,0.1879
03_resultados_figuras\capitulo_5_5_sensibilidad\fig_5_13_superficie_posterior_central_hbm_o3_v2.pdf,fig_5_13_superficie_posterior_central_hbm_o3_v2.pdf,.pdf,0.0152
03_resultados_figuras\capitulo_5_5_sensibilidad\fig_5_13_superficie_posterior_central_hbm_o3_v3.pdf,fig_5_13_superficie_posterior_central_hbm_o3_v3.pdf,.pdf,0.0152
03_resultados_figuras\capitulo_5_5_sensibilidad\fig_5_13_superficie_posterior_central_hbm_pm25.pdf,fig_5_13_superficie_posterior_central_hbm_pm25.pdf,.pdf,0.014
03_resultados_figuras\capitulo_5_5_sensibilidad\fig_5_13_superficie_posterior_central_hbm_pm25.png,fig_5_13_superficie_posterior_central_hbm_pm25.png,.png,0.1844
03_resultados_figuras\capitulo_5_5_sensibilidad\fig_5_13_superficie_posterior_central_hbm_pm25_v2.pdf,fig_5_13_superficie_posterior_central_hbm_pm25_v2.pdf,.pdf,0.014
03_resultados_figuras\capitulo_5_5_sensibilidad\fig_5_13_superficie_posterior_central_hbm_pm25_v3.pdf,fig_5_13_superficie_posterior_central_hbm_pm25_v3.pdf,.pdf,0.014
03_resultados_figuras\capitulo_5_5_sensibilidad\fig_5_14_incertidumbre_posterior_hbm_no2.pdf,fig_5_14_incertidumbre_posterior_hbm_no2.pdf,.pdf,0.0166
03_resultados_figuras\capitulo_5_5_sensibilidad\fig_5_14_incertidumbre_posterior_hbm_no2.png,fig_5_14_incertidumbre_posterior_hbm_no2.png,.png,0.2015
03_resultados_figuras\capitulo_5_5_sensibilidad\fig_5_14_incertidumbre_posterior_hbm_no2_v2.pdf,fig_5_14_incertidumbre_posterior_hbm_no2_v2.pdf,.pdf,0.0166
03_resultados_figuras\capitulo_5_5_sensibilidad\fig_5_14_incertidumbre_posterior_hbm_no2_v3.pdf,fig_5_14_incertidumbre_posterior_hbm_no2_v3.pdf,.pdf,0.0166
03_resultados_figuras\capitulo_5_5_sensibilidad\fig_5_14_incertidumbre_posterior_hbm_o3.pdf,fig_5_14_incertidumbre_posterior_hbm_o3.pdf,.pdf,0.0165
03_resultados_figuras\capitulo_5_5_sensibilidad\fig_5_14_incertidumbre_posterior_hbm_o3.png,fig_5_14_incertidumbre_posterior_hbm_o3.png,.png,0.1931
03_resultados_figuras\capitulo_5_5_sensibilidad\fig_5_14_incertidumbre_posterior_hbm_o3_v2.pdf,fig_5_14_incertidumbre_posterior_hbm_o3_v2.pdf,.pdf,0.0165
03_resultados_figuras\capitulo_5_5_sensibilidad\fig_5_14_incertidumbre_posterior_hbm_o3_v3.pdf,fig_5_14_incertidumbre_posterior_hbm_o3_v3.pdf,.pdf,0.0165
03_resultados_figuras\capitulo_5_5_sensibilidad\fig_5_14_incertidumbre_posterior_hbm_pm25.pdf,fig_5_14_incertidumbre_posterior_hbm_pm25.pdf,.pdf,0.0161
03_resultados_figuras\capitulo_5_5_sensibilidad\fig_5_14_incertidumbre_posterior_hbm_pm25.png,fig_5_14_incertidumbre_posterior_hbm_pm25.png,.png,0.1893
03_resultados_figuras\capitulo_5_5_sensibilidad\fig_5_14_incertidumbre_posterior_hbm_pm25_v2.pdf,fig_5_14_incertidumbre_posterior_hbm_pm25_v2.pdf,.pdf,0.0161
03_resultados_figuras\capitulo_5_5_sensibilidad\fig_5_14_incertidumbre_posterior_hbm_pm25_v3.pdf,fig_5_14_incertidumbre_posterior_hbm_pm25_v3.pdf,.pdf,0.0161
03_resultados_figuras\capitulo_5_5_sensibilidad\fig_5_15_localidades_top_valor_no2_enfermedad_pulmonar_cronica.pdf,fig_5_15_localidades_top_valor_no2_enfermedad_pulmonar_cronica.pdf,.pdf,0.0173
03_resultados_figuras\capitulo_5_5_sensibilidad\fig_5_15_localidades_top_valor_no2_enfermedad_pulmonar_cronica.png,fig_5_15_localidades_top_valor_no2_enfermedad_pulmonar_cronica.png,.png,0.1442
03_resultados_figuras\capitulo_5_5_sensibilidad\fig_5_15_localidades_top_valor_no2_enfermedad_pulmonar_cronica_v2.pdf,fig_5_15_localidades_top_valor_no2_enfermedad_pulmonar_cronica_v2.pdf,.pdf,0.0173
03_resultados_figuras\capitulo_5_5_sensibilidad\fig_5_15_localidades_top_valor_no2_enfermedad_pulmonar_cronica_v3.pdf,fig_5_15_localidades_top_valor_no2_enfermedad_pulmonar_cronica_v3.pdf,.pdf,0.0173
03_resultados_figuras\capitulo_5_5_sensibilidad\fig_5_16_sensibilidad_hbm_razones_casos.pdf,fig_5_16_sensibilidad_hbm_razones_casos.pdf,.pdf,0.0153
03_resultados_figuras\capitulo_5_5_sensibilidad\fig_5_16_sensibilidad_hbm_razones_casos.png,fig_5_16_sensibilidad_hbm_razones_casos.png,.png,0.1082
03_resultados_figuras\capitulo_5_5_sensibilidad\fig_5_17_sensibilidad_hbm_cambios_absolutos_casos.pdf,fig_5_17_sensibilidad_hbm_cambios_absolutos_casos.pdf,.pdf,0.0154
03_resultados_figuras\capitulo_5_5_sensibilidad\fig_5_17_sensibilidad_hbm_cambios_absolutos_casos.png,fig_5_17_sensibilidad_hbm_cambios_absolutos_casos.png,.png,0.1133
03_resultados_figuras\capitulo_5_5_sensibilidad\fig_5_18_sensibilidad_cr_razon_casos_vs_base.pdf,fig_5_18_sensibilidad_cr_razon_casos_vs_base.pdf,.pdf,0.0132
03_resultados_figuras\capitulo_5_5_sensibilidad\fig_5_18_sensibilidad_cr_razon_casos_vs_base.png,fig_5_18_sensibilidad_cr_razon_casos_vs_base.png,.png,0.0763
03_resultados_figuras\capitulo_5_5_sensibilidad\fig_5_19_sensibilidad_cr_diferencia_casos_vs_base.pdf,fig_5_19_sensibilidad_cr_diferencia_casos_vs_base.pdf,.pdf,0.0136
03_resultados_figuras\capitulo_5_5_sensibilidad\fig_5_19_sensibilidad_cr_diferencia_casos_vs_base.png,fig_5_19_sensibilidad_cr_diferencia_casos_vs_base.png,.png,0.0713
03_resultados_figuras\capitulo_5_5_sensibilidad\fig_5_20_sensibilidad_climatica_razones_casos.pdf,fig_5_20_sensibilidad_climatica_razones_casos.pdf,.pdf,0.0163
03_resultados_figuras\capitulo_5_5_sensibilidad\fig_5_20_sensibilidad_climatica_razones_casos.png,fig_5_20_sensibilidad_climatica_razones_casos.png,.png,0.1178
03_resultados_figuras\capitulo_5_5_sensibilidad\fig_5_21_sensibilidad_climatica_amplitud_relativa_total.pdf,fig_5_21_sensibilidad_climatica_amplitud_relativa_total.pdf,.pdf,0.0142
03_resultados_figuras\capitulo_5_5_sensibilidad\fig_5_21_sensibilidad_climatica_amplitud_relativa_total.png,fig_5_21_sensibilidad_climatica_amplitud_relativa_total.png,.png,0.0809
03_resultados_figuras\capitulo_5_5_sensibilidad\fig_5_22_jerarquizacion_global_sensibilidades.pdf,fig_5_22_jerarquizacion_global_sensibilidades.pdf,.pdf,0.0191
03_resultados_figuras\capitulo_5_5_sensibilidad\fig_5_22_jerarquizacion_global_sensibilidades.png,fig_5_22_jerarquizacion_global_sensibilidades.png,.png,0.1723
03_resultados_figuras\capitulo_5_5_sensibilidad\fig_5_23_comparacion_global_normalizada_sensibilidades.pdf,fig_5_23_comparacion_global_normalizada_sensibilidades.pdf,.pdf,0.0186
03_resultados_figuras\capitulo_5_5_sensibilidad\fig_5_23_comparacion_global_normalizada_sensibilidades.png,fig_5_23_comparacion_global_normalizada_sensibilidades.png,.png,0.1738
03_resultados_figuras\capitulo_5_5_sensibilidad\fig_5_24_resumen_por_bloque_sensibilidad.pdf,fig_5_24_resumen_por_bloque_sensibilidad.pdf,.pdf,0.0138
03_resultados_figuras\capitulo_5_5_sensibilidad\fig_5_24_resumen_por_bloque_sensibilidad.png,fig_5_24_resumen_por_bloque_sensibilidad.png,.png,0.0893
03_resultados_figuras\capitulo_5_5_sensibilidad\fig_hbm_ancho_intervalo_mensual_no2.png,fig_hbm_ancho_intervalo_mensual_no2.png,.png,0.2371
03_resultados_figuras\capitulo_5_5_sensibilidad\fig_hbm_ancho_intervalo_mensual_no2_copy.png,fig_hbm_ancho_intervalo_mensual_no2_copy.png,.png,0.2371
03_resultados_figuras\capitulo_5_5_sensibilidad\fig_hbm_ancho_intervalo_mensual_o3.png,fig_hbm_ancho_intervalo_mensual_o3.png,.png,0.2264
03_resultados_figuras\capitulo_5_5_sensibilidad\fig_hbm_ancho_intervalo_mensual_o3_copy.png,fig_hbm_ancho_intervalo_mensual_o3_copy.png,.png,0.2264
03_resultados_figuras\capitulo_5_5_sensibilidad\fig_hbm_ancho_intervalo_mensual_pm25.png,fig_hbm_ancho_intervalo_mensual_pm25.png,.png,0.2232
03_resultados_figuras\capitulo_5_5_sensibilidad\fig_hbm_ancho_intervalo_mensual_pm25_copy.png,fig_hbm_ancho_intervalo_mensual_pm25_copy.png,.png,0.2232
03_resultados_figuras\capitulo_5_5_sensibilidad\fig_hbm_auditoria_flags_no2.png,fig_hbm_auditoria_flags_no2.png,.png,0.1229
03_resultados_figuras\capitulo_5_5_sensibilidad\fig_hbm_auditoria_flags_no2_copy.png,fig_hbm_auditoria_flags_no2_copy.png,.png,0.1229
03_resultados_figuras\capitulo_5_5_sensibilidad\fig_hbm_auditoria_flags_o3.png,fig_hbm_auditoria_flags_o3.png,.png,0.1123
03_resultados_figuras\capitulo_5_5_sensibilidad\fig_hbm_auditoria_flags_o3_copy.png,fig_hbm_auditoria_flags_o3_copy.png,.png,0.1123
03_resultados_figuras\capitulo_5_5_sensibilidad\fig_hbm_auditoria_flags_pm25.png,fig_hbm_auditoria_flags_pm25.png,.png,0.13
03_resultados_figuras\capitulo_5_5_sensibilidad\fig_hbm_auditoria_flags_pm25_copy.png,fig_hbm_auditoria_flags_pm25_copy.png,.png,0.13
03_resultados_figuras\capitulo_5_5_sensibilidad\fig_hbm_metricas_promedio_folds_no2.png,fig_hbm_metricas_promedio_folds_no2.png,.png,0.1125
03_resultados_figuras\capitulo_5_5_sensibilidad\fig_hbm_metricas_promedio_folds_no2_copy.png,fig_hbm_metricas_promedio_folds_no2_copy.png,.png,0.1125
03_resultados_figuras\capitulo_5_5_sensibilidad\fig_hbm_metricas_promedio_folds_o3.png,fig_hbm_metricas_promedio_folds_o3.png,.png,0.1024
03_resultados_figuras\capitulo_5_5_sensibilidad\fig_hbm_metricas_promedio_folds_o3_copy.png,fig_hbm_metricas_promedio_folds_o3_copy.png,.png,0.1024
03_resultados_figuras\capitulo_5_5_sensibilidad\fig_hbm_metricas_promedio_folds_pm25.png,fig_hbm_metricas_promedio_folds_pm25.png,.png,0.1091
03_resultados_figuras\capitulo_5_5_sensibilidad\fig_hbm_metricas_promedio_folds_pm25_copy.png,fig_hbm_metricas_promedio_folds_pm25_copy.png,.png,0.1091
03_resultados_figuras\capitulo_5_5_sensibilidad\fig_hbm_obs_vs_pred_no2.png,fig_hbm_obs_vs_pred_no2.png,.png,0.3291
03_resultados_figuras\capitulo_5_5_sensibilidad\fig_hbm_obs_vs_pred_no2_copy.png,fig_hbm_obs_vs_pred_no2_copy.png,.png,0.3291
03_resultados_figuras\capitulo_5_5_sensibilidad\fig_hbm_obs_vs_pred_o3.png,fig_hbm_obs_vs_pred_o3.png,.png,0.2894
03_resultados_figuras\capitulo_5_5_sensibilidad\fig_hbm_obs_vs_pred_o3_copy.png,fig_hbm_obs_vs_pred_o3_copy.png,.png,0.2894
03_resultados_figuras\capitulo_5_5_sensibilidad\fig_hbm_obs_vs_pred_pm25.png,fig_hbm_obs_vs_pred_pm25.png,.png,0.3557
03_resultados_figuras\capitulo_5_5_sensibilidad\fig_hbm_obs_vs_pred_pm25_copy.png,fig_hbm_obs_vs_pred_pm25_copy.png,.png,0.3557
03_resultados_figuras\capitulo_5_5_sensibilidad\fig_hbm_residuos_no2.png,fig_hbm_residuos_no2.png,.png,0.0637
03_resultados_figuras\capitulo_5_5_sensibilidad\fig_hbm_residuos_no2_copy.png,fig_hbm_residuos_no2_copy.png,.png,0.0637
03_resultados_figuras\capitulo_5_5_sensibilidad\fig_hbm_residuos_o3.png,fig_hbm_residuos_o3.png,.png,0.0636
03_resultados_figuras\capitulo_5_5_sensibilidad\fig_hbm_residuos_o3_copy.png,fig_hbm_residuos_o3_copy.png,.png,0.0636
03_resultados_figuras\capitulo_5_5_sensibilidad\fig_hbm_residuos_pm25.png,fig_hbm_residuos_pm25.png,.png,0.0624
03_resultados_figuras\capitulo_5_5_sensibilidad\fig_hbm_residuos_pm25_copy.png,fig_hbm_residuos_pm25_copy.png,.png,0.0624
03_resultados_figuras\capitulo_5_5_sensibilidad\fig_hbm_residuos_por_fold_no2.png,fig_hbm_residuos_por_fold_no2.png,.png,0.05
03_resultados_figuras\capitulo_5_5_sensibilidad\fig_hbm_residuos_por_fold_no2_copy.png,fig_hbm_residuos_por_fold_no2_copy.png,.png,0.05
03_resultados_figuras\capitulo_5_5_sensibilidad\fig_hbm_residuos_por_fold_o3.png,fig_hbm_residuos_por_fold_o3.png,.png,0.0549
03_resultados_figuras\capitulo_5_5_sensibilidad\fig_hbm_residuos_por_fold_o3_copy.png,fig_hbm_residuos_por_fold_o3_copy.png,.png,0.0549
03_resultados_figuras\capitulo_5_5_sensibilidad\fig_hbm_residuos_por_fold_pm25.png,fig_hbm_residuos_por_fold_pm25.png,.png,0.048
03_resultados_figuras\capitulo_5_5_sensibilidad\fig_hbm_residuos_por_fold_pm25_copy.png,fig_hbm_residuos_por_fold_pm25_copy.png,.png,0.048
03_resultados_figuras\capitulo_5_5_sensibilidad\fig_hbm_resumen_estaciones_no2.png,fig_hbm_resumen_estaciones_no2.png,.png,0.1135
03_resultados_figuras\capitulo_5_5_sensibilidad\fig_hbm_resumen_estaciones_no2_copy.png,fig_hbm_resumen_estaciones_no2_copy.png,.png,0.1135
03_resultados_figuras\capitulo_5_5_sensibilidad\fig_hbm_resumen_estaciones_o3.png,fig_hbm_resumen_estaciones_o3.png,.png,0.1016
03_resultados_figuras\capitulo_5_5_sensibilidad\fig_hbm_resumen_estaciones_o3_copy.png,fig_hbm_resumen_estaciones_o3_copy.png,.png,0.1016
03_resultados_figuras\capitulo_5_5_sensibilidad\fig_hbm_resumen_estaciones_pm25.png,fig_hbm_resumen_estaciones_pm25.png,.png,0.1215
03_resultados_figuras\capitulo_5_5_sensibilidad\fig_hbm_resumen_estaciones_pm25_copy.png,fig_hbm_resumen_estaciones_pm25_copy.png,.png,0.1215
03_resultados_figuras\capitulo_5_5_sensibilidad\fig_hbm_serie_obs_vs_pred_no2.png,fig_hbm_serie_obs_vs_pred_no2.png,.png,0.2837
03_resultados_figuras\capitulo_5_5_sensibilidad\fig_hbm_serie_obs_vs_pred_no2_copy.png,fig_hbm_serie_obs_vs_pred_no2_copy.png,.png,0.2837
03_resultados_figuras\capitulo_5_5_sensibilidad\fig_hbm_serie_obs_vs_pred_o3.png,fig_hbm_serie_obs_vs_pred_o3.png,.png,0.2768
03_resultados_figuras\capitulo_5_5_sensibilidad\fig_hbm_serie_obs_vs_pred_o3_copy.png,fig_hbm_serie_obs_vs_pred_o3_copy.png,.png,0.2768
03_resultados_figuras\capitulo_5_5_sensibilidad\fig_hbm_serie_obs_vs_pred_pm25.png,fig_hbm_serie_obs_vs_pred_pm25.png,.png,0.2604
03_resultados_figuras\capitulo_5_5_sensibilidad\fig_hbm_serie_obs_vs_pred_pm25_copy.png,fig_hbm_serie_obs_vs_pred_pm25_copy.png,.png,0.2604
03_resultados_figuras\capitulo_5_5_sensibilidad\fig_hbm_superficie_central_mensual_no2.png,fig_hbm_superficie_central_mensual_no2.png,.png,0.2448
03_resultados_figuras\capitulo_5_5_sensibilidad\fig_hbm_superficie_central_mensual_no2_copy.png,fig_hbm_superficie_central_mensual_no2_copy.png,.png,0.2448
03_resultados_figuras\capitulo_5_5_sensibilidad\fig_hbm_superficie_central_mensual_o3.png,fig_hbm_superficie_central_mensual_o3.png,.png,0.2294
03_resultados_figuras\capitulo_5_5_sensibilidad\fig_hbm_superficie_central_mensual_o3_copy.png,fig_hbm_superficie_central_mensual_o3_copy.png,.png,0.2294
03_resultados_figuras\capitulo_5_5_sensibilidad\fig_hbm_superficie_central_mensual_pm25.png,fig_hbm_superficie_central_mensual_pm25.png,.png,0.2309
03_resultados_figuras\capitulo_5_5_sensibilidad\fig_hbm_superficie_central_mensual_pm25_copy.png,fig_hbm_superficie_central_mensual_pm25_copy.png,.png,0.2309
03_resultados_figuras\figuras_complementarias_sumapaz\.gitkeep,.gitkeep,,0.0
03_resultados_figuras\figuras_complementarias_sumapaz\morbilidad_por_celda.png,morbilidad_por_celda.png,.png,0.239
03_resultados_figuras\figuras_complementarias_sumapaz\panorama_morbilidad_con_sumapaz.png,panorama_morbilidad_con_sumapaz.png,.png,0.2188
03_resultados_figuras\figuras_complementarias_sumapaz\panorama_morbilidad_por_localidad.png,panorama_morbilidad_por_localidad.png,.png,0.2139
03_resultados_figuras\figuras_complementarias_sumapaz\panorama_morbilidad_sin_sumapaz.png,panorama_morbilidad_sin_sumapaz.png,.png,0.2146
03_resultados_figuras\figuras_complementarias_sumapaz\panorama_morbilidad_tasa_100k_CORREGIDO.png,panorama_morbilidad_tasa_100k_CORREGIDO.png,.png,0.2466
03_resultados_figuras\figuras_complementarias_sumapaz\panorama_morbilidad_total_CORREGIDO.png,panorama_morbilidad_total_CORREGIDO.png,.png,0.2169
04_resultados_tablas\auditoria_sumapaz\.gitkeep,.gitkeep,,0.0
04_resultados_tablas\auditoria_sumapaz\auditoria_agregacion_por_localidad.csv,auditoria_agregacion_por_localidad.csv,.csv,0.004
04_resultados_tablas\auditoria_sumapaz\auditoria_agregacion_por_localidad_CORREGIDA.csv,auditoria_agregacion_por_localidad_CORREGIDA.csv,.csv,0.0036
04_resultados_tablas\auditoria_sumapaz\control_pesos_area_por_celda.csv,control_pesos_area_por_celda.csv,.csv,0.0052
04_resultados_tablas\auditoria_sumapaz\detalle_localidad_contaminante_endpoint.csv,detalle_localidad_contaminante_endpoint.csv,.csv,0.0111
04_resultados_tablas\auditoria_sumapaz\detalle_localidad_contaminante_endpoint_CORREGIDO.csv,detalle_localidad_contaminante_endpoint_CORREGIDO.csv,.csv,0.0111
04_resultados_tablas\auditoria_sumapaz\diagnostico_dominancia_espacial_sumapaz.csv,diagnostico_dominancia_espacial_sumapaz.csv,.csv,0.0055
04_resultados_tablas\auditoria_sumapaz\panorama_morbilidad_por_localidad.csv,panorama_morbilidad_por_localidad.csv,.csv,0.0017
04_resultados_tablas\auditoria_sumapaz\panorama_morbilidad_por_localidad_CORREGIDO.csv,panorama_morbilidad_por_localidad_CORREGIDO.csv,.csv,0.0017
04_resultados_tablas\auditoria_sumapaz\ranking_casos_totales.csv,ranking_casos_totales.csv,.csv,0.0042
04_resultados_tablas\auditoria_sumapaz\ranking_casos_totales_CORREGIDO.csv,ranking_casos_totales_CORREGIDO.csv,.csv,0.0036
04_resultados_tablas\auditoria_sumapaz\ranking_tasa_casos_100k.csv,ranking_tasa_casos_100k.csv,.csv,0.0042
04_resultados_tablas\auditoria_sumapaz\ranking_tasa_casos_100k_CORREGIDO.csv,ranking_tasa_casos_100k_CORREGIDO.csv,.csv,0.0036
04_resultados_tablas\auditoria_sumapaz\ranking_valor_percapita.csv,ranking_valor_percapita.csv,.csv,0.0042
04_resultados_tablas\auditoria_sumapaz\ranking_valor_percapita_CORREGIDO.csv,ranking_valor_percapita_CORREGIDO.csv,.csv,0.0036
04_resultados_tablas\auditoria_sumapaz\ranking_valor_total.csv,ranking_valor_total.csv,.csv,0.0042
04_resultados_tablas\auditoria_sumapaz\ranking_valor_total_CORREGIDO.csv,ranking_valor_total_CORREGIDO.csv,.csv,0.0036
04_resultados_tablas\corrida_base\.gitkeep,.gitkeep,,0.0
04_resultados_tablas\corrida_base\corrida_base_participacion_localidad_sin_sumapaz.csv,corrida_base_participacion_localidad_sin_sumapaz.csv,.csv,0.0047
04_resultados_tablas\corrida_base\corrida_base_por_localidad_top.csv,corrida_base_por_localidad_top.csv,.csv,0.0082
04_resultados_tablas\corrida_base\impactos_sanitarios_por_celda.csv,impactos_sanitarios_por_celda.csv,.csv,0.259
04_resultados_tablas\corrida_base\impactos_sanitarios_resumen.csv,impactos_sanitarios_resumen.csv,.csv,0.001
04_resultados_tablas\corrida_base\valoracion_economica_por_celda_cop.csv,valoracion_economica_por_celda_cop.csv,.csv,0.3432
04_resultados_tablas\metricas_hbm\.gitkeep,.gitkeep,,0.0
04_resultados_tablas\metricas_hbm\georgia_BS_F_listwise.csv,georgia_BS_F_listwise.csv,.csv,0.0569
04_resultados_tablas\metricas_hbm\georgia_BS_F_listwise_copy.csv,georgia_BS_F_listwise_copy.csv,.csv,0.0569
04_resultados_tablas\metricas_hbm\georgia_BS_NN_listwise.csv,georgia_BS_NN_listwise.csv,.csv,0.0569
04_resultados_tablas\metricas_hbm\georgia_BS_NN_listwise_copy.csv,georgia_BS_NN_listwise_copy.csv,.csv,0.0569
04_resultados_tablas\metricas_hbm\georgia_GS_F_listwise.csv,georgia_GS_F_listwise.csv,.csv,0.0569
04_resultados_tablas\metricas_hbm\georgia_GS_F_listwise_copy.csv,georgia_GS_F_listwise_copy.csv,.csv,0.0569
04_resultados_tablas\metricas_hbm\georgia_GS_NN_listwise.csv,georgia_GS_NN_listwise.csv,.csv,0.0569
04_resultados_tablas\metricas_hbm\georgia_GS_NN_listwise_copy.csv,georgia_GS_NN_listwise_copy.csv,.csv,0.0569
04_resultados_tablas\metricas_hbm\tokyo_BS_F_listwise.csv,tokyo_BS_F_listwise.csv,.csv,0.0936
04_resultados_tablas\metricas_hbm\tokyo_BS_F_listwise_copy.csv,tokyo_BS_F_listwise_copy.csv,.csv,0.0936
04_resultados_tablas\metricas_hbm\tokyo_BS_NN_OFF_listwise.csv,tokyo_BS_NN_OFF_listwise.csv,.csv,0.0936
04_resultados_tablas\metricas_hbm\tokyo_BS_NN_OFF_listwise_copy.csv,tokyo_BS_NN_OFF_listwise_copy.csv,.csv,0.0936
04_resultados_tablas\metricas_hbm\tokyo_BS_NN_listwise.csv,tokyo_BS_NN_listwise.csv,.csv,0.0936
04_resultados_tablas\metricas_hbm\tokyo_BS_NN_listwise_copy.csv,tokyo_BS_NN_listwise_copy.csv,.csv,0.0936
04_resultados_tablas\metricas_hbm\tokyo_GS_F_listwise.csv,tokyo_GS_F_listwise.csv,.csv,0.0936
04_resultados_tablas\metricas_hbm\tokyo_GS_F_listwise_copy.csv,tokyo_GS_F_listwise_copy.csv,.csv,0.0936
04_resultados_tablas\metricas_hbm\tokyo_GS_NN_listwise.csv,tokyo_GS_NN_listwise.csv,.csv,0.0936
04_resultados_tablas\metricas_hbm\tokyo_GS_NN_listwise_copy.csv,tokyo_GS_NN_listwise_copy.csv,.csv,0.0936
04_resultados_tablas\sensibilidad_beta\.gitkeep,.gitkeep,,0.0
04_resultados_tablas\sensibilidad_beta\escenarios_beta.csv,escenarios_beta.csv,.csv,0.0008
04_resultados_tablas\sensibilidad_beta\escenarios_beta_resumen.csv,escenarios_beta_resumen.csv,.csv,0.0007
04_resultados_tablas\sensibilidad_beta\sensibilidad_beta_por_celda.csv,sensibilidad_beta_por_celda.csv,.csv,0.479
04_resultados_tablas\sensibilidad_beta\sensibilidad_beta_resumen.csv,sensibilidad_beta_resumen.csv,.csv,0.0015
04_resultados_tablas\sensibilidad_beta\sensibilidad_beta_resumen_comparado_central.csv,sensibilidad_beta_resumen_comparado_central.csv,.csv,0.0023
04_resultados_tablas\sensibilidad_climatica\.gitkeep,.gitkeep,,0.0
04_resultados_tablas\sensibilidad_climatica\escenarios_climaticos_parametros.csv,escenarios_climaticos_parametros.csv,.csv,0.0007
04_resultados_tablas\sensibilidad_climatica\sensibilidad_climatica_por_celda.csv,sensibilidad_climatica_por_celda.csv,.csv,1.2585
04_resultados_tablas\sensibilidad_climatica\sensibilidad_climatica_resumen.csv,sensibilidad_climatica_resumen.csv,.csv,0.0029
04_resultados_tablas\sensibilidad_climatica\sensibilidad_climatica_resumen_comparado_central.csv,sensibilidad_climatica_resumen_comparado_central.csv,.csv,0.0043
04_resultados_tablas\sensibilidad_funcion_cr\.gitkeep,.gitkeep,,0.0
04_resultados_tablas\sensibilidad_hbm\.gitkeep,.gitkeep,,0.0
04_resultados_tablas\sensibilidad_hbm\sensibilidad_hbm_por_celda.csv,sensibilidad_hbm_por_celda.csv,.csv,0.874
04_resultados_tablas\sensibilidad_hbm\sensibilidad_hbm_resumen.csv,sensibilidad_hbm_resumen.csv,.csv,0.0026
04_resultados_tablas\sensibilidad_hbm\sensibilidad_hbm_resumen_comparado_p50.csv,sensibilidad_hbm_resumen_comparado_p50.csv,.csv,0.004
04_resultados_tablas\sensibilidad_hbm\superficies_anuales_percentiles_hbm.csv,superficies_anuales_percentiles_hbm.csv,.csv,0.1503
04_resultados_tablas\sensibilidad_hbm\superficies_anuales_percentiles_hbm_resumen.csv,superficies_anuales_percentiles_hbm_resumen.csv,.csv,0.0014
04_resultados_tablas\sensibilidad_valoracion\.gitkeep,.gitkeep,,0.0
04_resultados_tablas\sensibilidad_valoracion\escenarios_valoracion.csv,escenarios_valoracion.csv,.csv,0.0015
04_resultados_tablas\sensibilidad_valoracion\escenarios_valoracion_resumen.csv,escenarios_valoracion_resumen.csv,.csv,0.0013
04_resultados_tablas\sensibilidad_valoracion\sensibilidad_valoracion_por_celda.csv,sensibilidad_valoracion_por_celda.csv,.csv,0.5451
04_resultados_tablas\sensibilidad_valoracion\sensibilidad_valoracion_resumen.csv,sensibilidad_valoracion_resumen.csv,.csv,0.002
04_resultados_tablas\sensibilidad_valoracion\sensibilidad_valoracion_resumen_comparado_central.csv,sensibilidad_valoracion_resumen_comparado_central.csv,.csv,0.003
04_resultados_tablas\validacion_idw\.gitkeep,.gitkeep,,0.0
04_resultados_tablas\validacion_idw\grid_3km_idw_mensual_2020_2024.csv,grid_3km_idw_mensual_2020_2024.csv,.csv,1.0437
04_resultados_tablas\validacion_idw\grid_3km_idw_mensual_2020_2024_copy.csv,grid_3km_idw_mensual_2020_2024_copy.csv,.csv,1.0437
04_resultados_tablas\validacion_idw\validacion_idw_metricas_globales.csv,validacion_idw_metricas_globales.csv,.csv,0.0003
04_resultados_tablas\validacion_idw\validacion_idw_metricas_globales.xlsx,validacion_idw_metricas_globales.xlsx,.xlsx,0.005
04_resultados_tablas\validacion_idw\validacion_idw_predicciones_leave_one_out.csv,validacion_idw_predicciones_leave_one_out.csv,.csv,0.2676
05_anexos\anexo_auditoria_sumapaz\.gitkeep,.gitkeep,,0.0
05_anexos\anexo_auditoria_sumapaz\auditoria_agregacion_por_localidad.csv,auditoria_agregacion_por_localidad.csv,.csv,0.004
05_anexos\anexo_auditoria_sumapaz\auditoria_agregacion_por_localidad_CORREGIDA.csv,auditoria_agregacion_por_localidad_CORREGIDA.csv,.csv,0.0036
05_anexos\anexo_auditoria_sumapaz\control_pesos_area_por_celda.csv,control_pesos_area_por_celda.csv,.csv,0.0052
05_anexos\anexo_auditoria_sumapaz\detalle_localidad_contaminante_endpoint.csv,detalle_localidad_contaminante_endpoint.csv,.csv,0.0111
05_anexos\anexo_auditoria_sumapaz\detalle_localidad_contaminante_endpoint_CORREGIDO.csv,detalle_localidad_contaminante_endpoint_CORREGIDO.csv,.csv,0.0111
05_anexos\anexo_auditoria_sumapaz\diagnostico_dominancia_espacial_sumapaz.csv,diagnostico_dominancia_espacial_sumapaz.csv,.csv,0.0055
05_anexos\anexo_auditoria_sumapaz\panorama_morbilidad_por_localidad.csv,panorama_morbilidad_por_localidad.csv,.csv,0.0017
05_anexos\anexo_auditoria_sumapaz\panorama_morbilidad_por_localidad_CORREGIDO.csv,panorama_morbilidad_por_localidad_CORREGIDO.csv,.csv,0.0017
05_anexos\anexo_auditoria_sumapaz\ranking_casos_totales.csv,ranking_casos_totales.csv,.csv,0.0042
05_anexos\anexo_auditoria_sumapaz\ranking_casos_totales_CORREGIDO.csv,ranking_casos_totales_CORREGIDO.csv,.csv,0.0036
05_anexos\anexo_auditoria_sumapaz\ranking_tasa_casos_100k.csv,ranking_tasa_casos_100k.csv,.csv,0.0042
05_anexos\anexo_auditoria_sumapaz\ranking_tasa_casos_100k_CORREGIDO.csv,ranking_tasa_casos_100k_CORREGIDO.csv,.csv,0.0036
05_anexos\anexo_auditoria_sumapaz\ranking_valor_percapita.csv,ranking_valor_percapita.csv,.csv,0.0042
05_anexos\anexo_auditoria_sumapaz\ranking_valor_percapita_CORREGIDO.csv,ranking_valor_percapita_CORREGIDO.csv,.csv,0.0036
05_anexos\anexo_auditoria_sumapaz\ranking_valor_total.csv,ranking_valor_total.csv,.csv,0.0042
05_anexos\anexo_auditoria_sumapaz\ranking_valor_total_CORREGIDO.csv,ranking_valor_total_CORREGIDO.csv,.csv,0.0036
05_anexos\anexo_funciones_cr\.gitkeep,.gitkeep,,0.0
05_anexos\anexo_funciones_cr\benmap_health_impact_functions.csv,benmap_health_impact_functions.csv,.csv,0.0007
05_anexos\anexo_funciones_cr\benmap_health_impact_functions_candidate_final.csv,benmap_health_impact_functions_candidate_final.csv,.csv,0.0007
05_anexos\anexo_funciones_cr\benmap_health_impact_functions_candidate_final_working.csv,benmap_health_impact_functions_candidate_final_working.csv,.csv,0.0018
05_anexos\anexo_funciones_cr\benmap_health_impact_functions_import_full.csv,benmap_health_impact_functions_import_full.csv,.csv,0.0008
05_anexos\anexo_funciones_cr\benmap_health_impact_functions_import_full_copy.csv,benmap_health_impact_functions_import_full_copy.csv,.csv,0.0008
05_anexos\anexo_funciones_cr\benmap_health_impact_functions_import_full_v2.csv,benmap_health_impact_functions_import_full_v2.csv,.csv,0.0008
05_anexos\anexo_funciones_cr\benmap_health_impact_functions_import_full_v2_copy.csv,benmap_health_impact_functions_import_full_v2_copy.csv,.csv,0.0008
05_anexos\anexo_funciones_cr\benmap_health_impact_functions_import_full_v3.csv,benmap_health_impact_functions_import_full_v3.csv,.csv,0.0008
05_anexos\anexo_funciones_cr\benmap_health_impact_functions_import_full_v3_copy.csv,benmap_health_impact_functions_import_full_v3_copy.csv,.csv,0.0008
05_anexos\anexo_funciones_cr\benmap_health_impact_functions_import_full_v4.csv,benmap_health_impact_functions_import_full_v4.csv,.csv,0.0008
05_anexos\anexo_funciones_cr\benmap_health_impact_functions_import_full_v4_copy.csv,benmap_health_impact_functions_import_full_v4_copy.csv,.csv,0.0008
05_anexos\anexo_funciones_cr\benmap_health_impact_functions_min_pm25.csv,benmap_health_impact_functions_min_pm25.csv,.csv,0.0005
05_anexos\anexo_funciones_cr\benmap_health_impact_functions_min_pm25_v2.csv,benmap_health_impact_functions_min_pm25_v2.csv,.csv,0.0006
05_anexos\anexo_funciones_cr\benmap_health_impact_functions_min_pm25_v3.csv,benmap_health_impact_functions_min_pm25_v3.csv,.csv,0.0006
05_anexos\anexo_funciones_cr\benmap_health_impact_functions_min_pm25_v4.csv,benmap_health_impact_functions_min_pm25_v4.csv,.csv,0.0005
05_anexos\anexo_funciones_cr\benmap_health_impact_functions_ready_only.csv,benmap_health_impact_functions_ready_only.csv,.csv,0.0004
05_anexos\anexo_funciones_cr\benmap_health_impact_functions_ready_only_copy.csv,benmap_health_impact_functions_ready_only_copy.csv,.csv,0.0004
05_anexos\anexo_funciones_cr\benmap_health_impact_functions_ready_only_working.csv,benmap_health_impact_functions_ready_only_working.csv,.csv,0.0011
05_anexos\anexo_funciones_cr\benmap_health_impact_functions_ready_only_working_copy.csv,benmap_health_impact_functions_ready_only_working_copy.csv,.csv,0.0011
05_anexos\anexo_funciones_cr\benmap_health_impact_functions_working.csv,benmap_health_impact_functions_working.csv,.csv,0.0018
05_anexos\anexo_funciones_cr\benmap_health_impact_functions_working_copy.csv,benmap_health_impact_functions_working_copy.csv,.csv,0.0018
05_anexos\anexo_funciones_cr\inventario_funciones_cr.csv,inventario_funciones_cr.csv,.csv,0.0017
05_anexos\anexo_funciones_cr\inventario_funciones_cr_preview.csv,inventario_funciones_cr_preview.csv,.csv,0.002
05_anexos\anexo_metricas_hbm\.gitkeep,.gitkeep,,0.0
05_anexos\anexo_metricas_hbm\georgia_BS_F_listwise.csv,georgia_BS_F_listwise.csv,.csv,0.0569
05_anexos\anexo_metricas_hbm\georgia_BS_F_listwise_copy.csv,georgia_BS_F_listwise_copy.csv,.csv,0.0569
05_anexos\anexo_metricas_hbm\georgia_BS_NN_listwise.csv,georgia_BS_NN_listwise.csv,.csv,0.0569
05_anexos\anexo_metricas_hbm\georgia_BS_NN_listwise_copy.csv,georgia_BS_NN_listwise_copy.csv,.csv,0.0569
05_anexos\anexo_metricas_hbm\georgia_GS_F_listwise.csv,georgia_GS_F_listwise.csv,.csv,0.0569
05_anexos\anexo_metricas_hbm\georgia_GS_F_listwise_copy.csv,georgia_GS_F_listwise_copy.csv,.csv,0.0569
05_anexos\anexo_metricas_hbm\georgia_GS_NN_listwise.csv,georgia_GS_NN_listwise.csv,.csv,0.0569
05_anexos\anexo_metricas_hbm\georgia_GS_NN_listwise_copy.csv,georgia_GS_NN_listwise_copy.csv,.csv,0.0569
05_anexos\anexo_metricas_hbm\tokyo_BS_F_listwise.csv,tokyo_BS_F_listwise.csv,.csv,0.0936
05_anexos\anexo_metricas_hbm\tokyo_BS_F_listwise_copy.csv,tokyo_BS_F_listwise_copy.csv,.csv,0.0936
05_anexos\anexo_metricas_hbm\tokyo_BS_NN_OFF_listwise.csv,tokyo_BS_NN_OFF_listwise.csv,.csv,0.0936
05_anexos\anexo_metricas_hbm\tokyo_BS_NN_OFF_listwise_copy.csv,tokyo_BS_NN_OFF_listwise_copy.csv,.csv,0.0936
05_anexos\anexo_metricas_hbm\tokyo_BS_NN_listwise.csv,tokyo_BS_NN_listwise.csv,.csv,0.0936
05_anexos\anexo_metricas_hbm\tokyo_BS_NN_listwise_copy.csv,tokyo_BS_NN_listwise_copy.csv,.csv,0.0936
05_anexos\anexo_metricas_hbm\tokyo_GS_F_listwise.csv,tokyo_GS_F_listwise.csv,.csv,0.0936
05_anexos\anexo_metricas_hbm\tokyo_GS_F_listwise_copy.csv,tokyo_GS_F_listwise_copy.csv,.csv,0.0936
05_anexos\anexo_metricas_hbm\tokyo_GS_NN_listwise.csv,tokyo_GS_NN_listwise.csv,.csv,0.0936
05_anexos\anexo_metricas_hbm\tokyo_GS_NN_listwise_copy.csv,tokyo_GS_NN_listwise_copy.csv,.csv,0.0936
05_anexos\anexo_reproducibilidad\.gitkeep,.gitkeep,,0.0
05_anexos\anexo_validacion_idw\.gitkeep,.gitkeep,,0.0
05_anexos\anexo_validacion_idw\grid_3km_idw_mensual_2020_2024.csv,grid_3km_idw_mensual_2020_2024.csv,.csv,1.0437
05_anexos\anexo_validacion_idw\grid_3km_idw_mensual_2020_2024_copy.csv,grid_3km_idw_mensual_2020_2024_copy.csv,.csv,1.0437
05_anexos\anexo_validacion_idw\validacion_idw_metricas_globales.csv,validacion_idw_metricas_globales.csv,.csv,0.0003
05_anexos\anexo_validacion_idw\validacion_idw_metricas_globales.xlsx,validacion_idw_metricas_globales.xlsx,.xlsx,0.005
05_anexos\anexo_validacion_idw\validacion_idw_predicciones_leave_one_out.csv,validacion_idw_predicciones_leave_one_out.csv,.csv,0.2676
05_anexos\anexo_valoracion_economica\.gitkeep,.gitkeep,,0.0
05_anexos\anexo_valoracion_economica\valoracion_economica_por_celda_cop.csv,valoracion_economica_por_celda_cop.csv,.csv,0.3432
05_anexos\anexo_valoracion_economica\valoracion_economica_por_celda_cop_copy.csv,valoracion_economica_por_celda_cop_copy.csv,.csv,0.3432
06_logs_y_trazabilidad\inventario_archivos\.gitkeep,.gitkeep,,0.0
06_logs_y_trazabilidad\logs_copia\.gitkeep,.gitkeep,,0.0
06_logs_y_trazabilidad\logs_modelos\.gitkeep,.gitkeep,,0.0
06_logs_y_trazabilidad\trazabilidad_insumos\.gitkeep,.gitkeep,,0.0
README.md,README.md,.md,0.002
documento\trabajo_grado_latex\.gitkeep,.gitkeep,,0.0
