Localidad_norm,fecha,PM25,NO2,O3,Temp_media,HR,Vel_viento,Presion,Precipitacion,Precipitacion_media,Cobertura_NO2,Cobertura_O3,Cobertura_PM25,Cobertura_Temp,Cobertura_HR,Cobertura_Viento,Cobertura_Presion,Cobertura_Precip,cx,cy,diff_PM25,grad_PM25,adv_proxy_PM25,PM25_lag1,diff_PM25_lag1,adv_proxy_PM25_lag1,Vel_viento_lag1,Temp_media_lag1,HR_lag1,Precipitacion_lag1,Presion_lag1
BARRIOS UNIDOS,2020-01-01,13.672937771345875,13.822457627118643,17.690691114245418,18.848064516129032,79.68354838709678,1.5032258064516129,,23.51,0.7583870967741935,0.9516129032258064,0.952956989247312,0.928763440860215,1.0,1.0,1.0,0.0,1.0,1000438.9545418106,1008112.973077683,4.595848737487158,0.0002995594448955,0.0004503054881333,,,,,,,,
BARRIOS UNIDOS,2020-02-01,19.610410094637224,17.65530726256983,18.91921921921922,19.266896551724138,76.77137931034483,1.3617241379310343,,132.39,4.565172413793103,0.771551724137931,0.956896551724138,0.9109195402298852,1.0,1.0,1.0,0.0,1.0,1000438.9545418106,1008112.973077683,4.56293707790444,0.0006188795566931,0.000842743230821,13.672937771345875,4.595848737487158,0.0004503054881333,1.5032258064516129,18.848064516129032,79.68354838709678,23.51,
BARRIOS UNIDOS,2020-03-01,32.57886904761905,,30.935177304964537,19.381612903225808,80.22322580645161,1.0503225806451613,,106.01,3.419677419354839,0.6895161290322581,0.9475806451612904,0.9032258064516128,1.0,1.0,1.0,0.0,1.0,1000438.9545418106,1008112.973077683,2.927830822600047,0.0006657867009237,0.0006992908058734,19.610410094637224,4.56293707790444,0.000842743230821,1.3617241379310343,19.266896551724138,76.77137931034483,132.39,
BARRIOS UNIDOS,2020-04-01,13.598102189781024,8.422238586156112,27.08525547445256,19.68166666666667,79.98333333333333,0.8903333333333333,,156.11,5.203666666666667,0.9430555555555556,0.9513888888888888,0.9513888888888888,1.0,1.0,1.0,0.0,1.0,1000438.9545418106,1008112.973077683,3.6994715081666936,0.0003947357962345,0.0003514464372474,32.57886904761905,2.927830822600047,0.0006992908058734,1.0503225806451613,19.381612903225808,80.22322580645161,106.01,
BARRIOS UNIDOS,2020-05-01,6.039820359281437,8.322881355932203,15.335502121640737,19.64967741935484,78.75709677419356,1.1441935483870966,,140.88,4.5445161290322575,0.9516129032258064,0.9502688172043012,0.8978494623655914,1.0,1.0,1.0,0.0,1.0,1000438.9545418106,1008112.973077683,7.252260681164614,0.0005587539902912,0.0006393227108267,13.598102189781024,3.6994715081666936,0.0003514464372474,0.8903333333333333,19.68166666666667,79.98333333333333,156.11,
BARRIOS UNIDOS,2020-06-01,7.477812995245642,8.904405286343613,12.14361233480176,18.52533333333333,79.155,1.244,,312.54,10.418,0.9458333333333332,0.9458333333333332,0.8763888888888889,1.0,1.0,1.0,0.0,1.0,1000438.9545418106,1008112.973077683,9.896503597614572,0.0005325350957488,0.0006624736591115,6.039820359281437,7.252260681164614,0.0006393227108267,1.1441935483870966,19.64967741935484,78.75709677419356,140.88,
BARRIOS UNIDOS,2020-07-01,5.93328530259366,9.933962264150944,12.1621387283237,18.291935483870965,78.14645161290322,1.1312903225806452,,205.21,6.619677419354839,0.8548387096774194,0.9301075268817204,0.9327956989247312,1.0,1.0,1.0,0.0,1.0,1000438.9545418106,1008112.973077683,7.700287768327357,0.0003805070335907,0.000430463924775,7.477812995245642,9.896503597614572,0.0006624736591115,1.244,18.52533333333333,79.155,312.54,
BARRIOS UNIDOS,2020-08-01,8.267663817663816,10.403404255319147,,18.786129032258064,77.94483870967741,1.1151612903225807,,121.34,3.914193548387097,0.9475806451612904,0.521505376344086,0.9435483870967742,1.0,1.0,1.0,0.0,1.0,1000438.9545418106,1008112.973077683,6.698819887229089,0.0003841282019476,0.0004283649013331,5.93328530259366,7.700287768327357,0.000430463924775,1.1312903225806452,18.291935483870965,78.14645161290322,205.21,
BARRIOS UNIDOS,2020-09-01,10.250224215246636,14.25478645066274,12.95,18.94533333333333,76.04299999999999,1.134,,119.27,3.975666666666667,0.9430555555555556,0.9388888888888888,0.9291666666666668,1.0,1.0,1.0,0.0,1.0,1000438.9545418106,1008112.973077683,8.638442643478944,0.0005444318893823,0.0006173857625595,8.267663817663816,6.698819887229089,0.0004283649013331,1.1151612903225807,18.786129032258064,77.94483870967741,121.34,
BARRIOS UNIDOS,2020-10-01,10.33487031700288,14.10394366197183,15.534045801526716,19.17096774193548,72.35612903225807,1.274516129032258,,60.73,1.959032258064516,0.9543010752688172,0.8803763440860215,0.9327956989247312,1.0,1.0,1.0,0.0,1.0,1000438.9545418106,1008112.973077683,6.713082561612854,0.0004957030906417,0.0006317815842339,10.250224215246636,8.638442643478944,0.0006173857625595,1.134,18.94533333333333,76.04299999999999,119.27,
BARRIOS UNIDOS,2020-11-01,17.50541727672035,18.59384164222874,11.12606149341142,18.61133333333333,81.52933333333334,0.8076666666666666,,71.11,2.3703333333333334,0.9472222222222222,0.9486111111111112,0.9486111111111112,1.0,1.0,1.0,0.0,1.0,1000438.9545418106,1008112.973077683,8.789872795552387,0.0005787051469808,0.0004674008570448,10.33487031700288,6.713082561612854,0.0006317815842339,1.274516129032258,19.17096774193548,72.35612903225807,60.73,
BARRIOS UNIDOS,2020-12-01,14.112998522895126,17.019590643274853,12.225693430656936,19.31935483870968,74.79225806451613,0.8703225806451613,,113.99,3.677096774193549,0.9193548387096774,0.9206989247311828,0.9099462365591398,1.0,1.0,1.0,0.0,1.0,1000438.9545418106,1008112.973077683,13.3697379028494,0.0006707727679098,0.0005837886863937,17.50541727672035,8.789872795552387,0.0004674008570448,0.8076666666666666,18.61133333333333,81.52933333333334,71.11,
BARRIOS UNIDOS,2021-01-01,13.493515850144092,13.118945868945868,14.209738372093025,18.83806451612904,73.38612903225807,1.0696774193548386,,105.14,3.3916129032258064,0.9435483870967742,0.9247311827956988,0.9327956989247312,1.0,1.0,1.0,0.0,1.0,1000438.9545418106,1008112.973077683,9.99346302798776,0.000688622856987,0.0007366043205706,14.112998522895126,13.3697379028494,0.0005837886863937,0.8703225806451613,19.31935483870968,74.79225806451613,113.99,
BARRIOS UNIDOS,2021-02-01,14.644918032786885,13.92780487804878,13.082026143790848,19.62071428571429,74.44678571428572,1.0442857142857145,,98.38,3.5135714285714283,0.9151785714285714,0.9107142857142856,0.9077380952380952,1.0,1.0,1.0,0.0,1.0,1000438.9545418106,1008112.973077683,12.733105669931035,0.0006716269763993,0.0007013704567827,13.493515850144092,9.99346302798776,0.0007366043205706,1.0696774193548386,18.83806451612904,73.38612903225807,105.14,
BARRIOS UNIDOS,2021-03-01,16.124881141045957,16.9851904090268,12.660028248587569,18.69483870967742,79.48903225806451,0.9319354838709678,,132.12,4.261935483870968,0.952956989247312,0.9516129032258064,0.8481182795698925,1.0,1.0,1.0,0.0,1.0,1000438.9545418106,1008112.973077683,12.33301349184713,0.0005901807004406,0.0005500103366364,14.644918032786885,12.733105669931035,0.0007013704567827,1.0442857142857145,19.62071428571429,74.44678571428572,98.38,
BARRIOS UNIDOS,2021-04-01,10.206607929515418,11.887554904831624,12.646041055718475,19.200333333333333,79.31633333333333,0.9443333333333334,,176.72,5.890666666666666,0.9486111111111112,0.9472222222222222,0.9458333333333332,1.0,1.0,1.0,0.0,1.0,1000438.9545418106,1008112.973077683,9.504392395172014,0.0005011458223207,0.0004732487048782,16.124881141045957,12.33301349184713,0.0005500103366364,0.9319354838709678,18.69483870967742,79.48903225806451,132.12,
BARRIOS UNIDOS,2021-05-01,8.312765957446809,10.2375533428165,10.133898305084744,19.156774193548387,78.49290322580646,1.1796774193548387,,53.85,1.7370967741935484,0.9448924731182796,0.9516129032258064,0.9475806451612904,1.0,1.0,1.0,0.0,1.0,1000438.9545418106,1008112.973077683,9.240729598921645,0.0005050549360403,0.0005958019035805,10.206607929515418,9.504392395172014,0.0004732487048782,0.9443333333333334,19.200333333333333,79.31633333333333,176.72,
BARRIOS UNIDOS,2021-06-01,8.479017857142857,12.363450292397662,9.027086383601755,18.355666666666664,79.12733333333334,1.1006666666666665,,196.89,6.563,0.95,0.9486111111111112,0.9333333333333332,1.0,1.0,1.0,0.0,1.0,1000438.9545418106,1008112.973077683,12.707300053340091,0.0006437310086474,0.000708533263518,8.312765957446809,9.240729598921645,0.0005958019035805,1.1796774193548387,19.156774193548387,78.49290322580646,53.85,
BARRIOS UNIDOS,2021-07-01,5.877464788732395,9.043767705382436,11.381161473087818,18.631612903225808,75.01322580645162,1.6390322580645162,,57.61,1.8583870967741936,0.9489247311827956,0.9489247311827956,0.9543010752688172,1.0,1.0,1.0,0.0,1.0,1000438.9545418106,1008112.973077683,8.829128704035986,0.0004571855533931,0.0007493418699324,8.479017857142857,12.707300053340091,0.000708533263518,1.1006666666666665,18.355666666666664,79.12733333333334,196.89,
BARRIOS UNIDOS,2021-08-01,10.16619718309859,14.291513437057992,12.61723163841808,19.18290322580645,73.33967741935484,1.2638709677419355,,71.11,2.293870967741936,0.9502688172043012,0.9516129032258064,0.9543010752688172,1.0,1.0,1.0,0.0,1.0,1000438.9545418106,1008112.973077683,-0.1960028129081141,0.0004798285378623,0.0006064413584983,5.877464788732395,8.829128704035986,0.0007493418699324,1.6390322580645162,18.631612903225808,75.01322580645162,57.61,
BARRIOS UNIDOS,2021-09-01,9.998973607038124,15.290602055800294,14.939619883040937,19.143,72.27333333333333,1.2813333333333332,,145.0,4.833333333333333,0.9458333333333332,0.95,0.9472222222222222,1.0,1.0,1.0,0.0,1.0,1000438.9545418106,1008112.973077683,10.01672874379252,0.0007402651448145,0.0009485264055557,10.16619718309859,-0.1960028129081141,0.0006064413584983,1.2638709677419355,19.18290322580645,73.33967741935484,71.11,
BARRIOS UNIDOS,2021-10-01,14.30520393811533,18.347175141242936,13.153682719546742,19.622903225806454,76.90709677419355,0.8551612903225807,,96.44,3.110967741935484,0.9516129032258064,0.9489247311827956,0.9556451612903226,1.0,1.0,1.0,0.0,1.0,1000438.9545418106,1008112.973077683,8.513368111965885,0.0005147838153017,0.0004402231917306,9.998973607038124,10.01672874379252,0.0009485264055557,1.2813333333333332,19.143,72.27333333333333,145.0,
BARRIOS UNIDOS,2021-11-01,17.698389458272327,16.734264705882353,13.60795847750865,19.259666666666664,77.90433333333334,0.9016666666666668,,86.48,2.8826666666666667,0.9444444444444444,0.8027777777777778,0.9486111111111112,1.0,1.0,1.0,0.0,1.0,1000438.9545418106,1008112.973077683,3.095078107286543,0.000278609151547,0.0002512125849782,14.30520393811533,8.513368111965885,0.0004402231917306,0.8551612903225807,19.622903225806454,76.90709677419355,96.44,
BARRIOS UNIDOS,2021-12-01,17.901306240928882,14.613702623906706,12.42272047832586,19.739032258064515,76.7441935483871,1.0374193548387096,,65.48,2.112258064516129,0.922043010752688,0.8991935483870968,0.9260752688172044,1.0,1.0,1.0,0.0,1.0,1000438.9545418106,1008112.973077683,4.439862287057856,0.0002194237389814,0.0002276344337304,17.698389458272327,3.095078107286543,0.0002512125849782,0.9016666666666668,19.259666666666664,77.90433333333334,86.48,
BARRIOS UNIDOS,2022-01-01,16.950773558368496,13.811965811965813,14.472893258426968,19.448709677419355,71.82548387096774,1.1783870967741936,,57.49,1.854516129032258,0.9435483870967742,0.956989247311828,0.9556451612903226,1.0,1.0,1.0,0.0,1.0,1000438.9545418106,1008112.973077683,3.258545935355137,0.0002400437961159,0.0002828645120036,17.901306240928882,4.439862287057856,0.0002276344337304,1.0374193548387096,19.739032258064515,76.7441935483871,65.48,
BARRIOS UNIDOS,2022-02-01,21.288,18.2124394184168,16.097798742138366,19.290714285714284,75.20714285714287,0.8960714285714285,,131.69,4.703214285714286,0.9211309523809524,0.9464285714285714,0.9300595238095238,1.0,1.0,1.0,0.0,1.0,1000438.9545418106,1008112.973077683,4.971191152263774,0.0003683338700172,0.0003300534570976,16.950773558368496,3.258545935355137,0.0002828645120036,1.1783870967741936,19.448709677419355,71.82548387096774,57.49,
BARRIOS UNIDOS,2022-03-01,16.77542372881356,15.84434628975265,12.905390070921984,18.86483870967741,81.53903225806452,0.8858064516129033,,199.88,6.447741935483871,0.760752688172043,0.9475806451612904,0.9516129032258064,1.0,1.0,1.0,0.0,1.0,1000438.9545418106,1008112.973077683,8.185549448314479,0.0005187457073407,0.0004595082943089,21.288,4.971191152263774,0.0003300534570976,0.8960714285714285,19.290714285714284,75.20714285714287,131.69,
BARRIOS UNIDOS,2022-04-01,14.639296187683284,13.723865300146413,11.48389458272328,18.88,81.47,0.995,,260.12,8.670666666666667,0.9486111111111112,0.9486111111111112,0.9472222222222222,1.0,1.0,1.0,0.0,1.0,1000438.9545418106,1008112.973077683,6.03217814231502,0.000413917264236,0.0004118476779148,16.77542372881356,8.185549448314479,0.0004595082943089,0.8858064516129033,18.86483870967741,81.53903225806452,199.88,
BARRIOS UNIDOS,2022-05-01,10.437802907915994,11.725282485875706,7.77683615819209,18.71741935483871,80.96806451612903,0.9874193548387096,,319.0,10.290322580645162,0.9516129032258064,0.9516129032258064,0.831989247311828,1.0,1.0,1.0,0.0,1.0,1000438.9545418106,1008112.973077683,5.593117675883706,0.0003727990693492,0.0003681090165412,14.639296187683284,6.03217814231502,0.0004118476779148,0.995,18.88,81.47,260.12,
BARRIOS UNIDOS,2022-06-01,13.319648093841645,14.938,7.404239766081871,17.939666666666668,81.945,0.9073333333333332,,207.29,6.909666666666666,0.8333333333333334,0.95,0.9472222222222222,1.0,1.0,1.0,0.0,1.0,1000438.9545418106,1008112.973077683,-0.2664881430675319,0.0001918241140438,0.000174048412809,10.437802907915994,5.593117675883706,0.0003681090165412,0.9874193548387096,18.71741935483871,80.96806451612903,319.0,
BARRIOS UNIDOS,2022-07-01,9.25399129172714,11.142528735632183,,18.19483870967742,79.52129032258064,1.1383870967741936,,228.31,7.36483870967742,0.935483870967742,0.3575268817204301,0.9260752688172044,1.0,1.0,1.0,0.0,1.0,1000438.9545418106,1008112.973077683,0.9803032037931648,0.0001981316778171,0.0002255505454893,13.319648093841645,-0.2664881430675319,0.000174048412809,0.9073333333333332,17.939666666666668,81.945,207.29,
BARRIOS UNIDOS,2022-08-01,10.285714285714286,12.414884393063584,,18.116774193548387,77.78548387096774,1.2158064516129032,,162.59,5.24483870967742,0.9301075268817204,,0.9502688172043012,1.0,1.0,1.0,0.0,1.0,1000438.9545418106,1008112.973077683,3.260002033878246,0.0002845063158617,0.0003459046143492,9.25399129172714,0.9803032037931648,0.0002255505454893,1.1383870967741936,18.19483870967742,79.52129032258064,228.31,
BARRIOS UNIDOS,2022-09-01,16.013254786450663,,,18.666,78.09733333333334,1.0056666666666667,,135.09,4.503,0.7402777777777778,,0.9430555555555556,1.0,1.0,1.0,0.0,1.0,1000438.9545418106,1008112.973077683,2.4166791350112984,0.0002419903954447,0.0002433616743522,10.285714285714286,3.260002033878246,0.0003459046143492,1.2158064516129032,18.116774193548387,77.78548387096774,162.59,
BARRIOS UNIDOS,2022-10-01,14.637429378531072,,,18.324193548387097,83.24870967741936,1.0612903225806452,,252.6,8.148387096774194,0.353494623655914,,0.9516129032258064,1.0,1.0,1.0,0.0,1.0,1000438.9545418106,1008112.973077683,0.194048984929104,0.0001155851692114,0.000122669421518,16.013254786450663,2.4166791350112984,0.0002433616743522,1.0056666666666667,18.666,78.09733333333334,135.09,
BARRIOS UNIDOS,2022-11-01,16.372093023255815,12.094729136163984,,17.981333333333332,87.00733333333332,0.9713333333333334,,179.19,5.973,0.9486111111111112,,0.9555555555555556,1.0,1.0,1.0,0.0,1.0,1000438.9545418106,1008112.973077683,1.2696482388587107,7.711205652504809e-05,7.490151090466338e-05,14.637429378531072,0.194048984929104,0.000122669421518,1.0612903225806452,18.324193548387097,83.24870967741936,252.6,
BARRIOS UNIDOS,2022-12-01,18.98682284040996,11.726365054602184,,18.003548387096775,82.19999999999999,0.9396774193548388,,70.75,2.282258064516129,0.8615591397849462,0.303763440860215,0.918010752688172,1.0,1.0,1.0,0.0,1.0,1000438.9545418106,1008112.973077683,-1.64256223753884,0.0001279750639824,0.0001202552778647,16.372093023255815,1.2696482388587107,7.490151090466338e-05,0.9713333333333334,17.981333333333332,87.00733333333332,179.19,
BARRIOS UNIDOS,2023-01-01,16.94943820224719,12.562553191489362,16.91565585331453,17.54,82.15516129032258,0.9661290322580643,,181.32,5.849032258064516,0.9475806451612904,0.952956989247312,0.956989247311828,1.0,1.0,1.0,0.0,1.0,1000438.9545418106,1008112.973077683,-4.084479975953476,0.0002982273865365,0.0002881261363474,18.98682284040996,-1.64256223753884,0.0001202552778647,0.9396774193548388,18.003548387096775,82.19999999999999,70.75,
BARRIOS UNIDOS,2023-02-01,22.01456310679612,14.824959216965745,14.21414944356121,18.75321428571429,78.37249999999999,0.9896428571428572,,54.03,1.9296428571428568,0.9122023809523808,0.9360119047619048,0.9196428571428572,1.0,1.0,1.0,0.0,1.0,1000438.9545418106,1008112.973077683,-5.876940436497762,0.000503456215145,0.0004982418472025,16.94943820224719,-4.084479975953476,0.0002881261363474,0.9661290322580643,17.54,82.15516129032258,181.32,
BARRIOS UNIDOS,2023-03-01,19.81065918653577,15.037906647807636,13.61238670694864,18.51451612903226,84.31870967741936,0.8709677419354839,,165.16,5.32774193548387,0.9502688172043012,0.8897849462365591,0.9583333333333334,1.0,1.0,1.0,0.0,1.0,1000438.9545418106,1008112.973077683,-1.7513909257332116,0.0001313206889435,0.0001143760839185,22.01456310679612,-5.876940436497762,0.0004982418472025,0.9896428571428572,18.75321428571429,78.37249999999999,54.03,
BARRIOS UNIDOS,2023-04-01,16.571428571428573,14.608479532163743,11.196148148148149,18.597666666666665,83.93033333333332,0.8996666666666666,,218.01,7.266999999999999,0.95,0.9375,0.9527777777777776,1.0,1.0,1.0,0.0,1.0,1000438.9545418106,1008112.973077683,-1.1899341062640296,0.0001751992758154,0.0001576209484752,19.81065918653577,-1.7513909257332116,0.0001143760839185,0.8709677419354839,18.51451612903226,84.31870967741936,165.16,
BARRIOS UNIDOS,2023-05-01,10.514124293785311,10.250991501416433,8.697185185185186,19.260322580645163,81.58612903225807,1.115483870967742,,220.91,7.126129032258064,0.9489247311827956,0.907258064516129,0.9516129032258064,1.0,1.0,1.0,0.0,1.0,1000438.9545418106,1008112.973077683,0.6470675373308534,0.0001391025659372,0.0001551666687132,16.571428571428573,-1.1899341062640296,0.0001576209484752,0.8996666666666666,18.597666666666665,83.93033333333332,218.01,
BARRIOS UNIDOS,2023-06-01,5.476190476190476,7.183234421364985,8.10576070901034,18.427666666666667,79.40100000000001,1.6053333333333333,,151.78,5.059333333333333,0.9361111111111112,0.9402777777777778,0.8166666666666667,1.0,1.0,1.0,0.0,1.0,1000438.9545418106,1008112.973077683,1.2739537926821205,0.000168218073659,0.000270046080914,10.514124293785311,0.6470675373308534,0.0001551666687132,1.115483870967742,19.260322580645163,81.58612903225807,220.91,
BARRIOS UNIDOS,2023-07-01,7.762039660056657,8.269195751138087,11.603181818181818,18.774193548387096,78.48967741935483,1.717741935483871,,151.41,4.884193548387096,0.885752688172043,0.8870967741935484,0.9489247311827956,1.0,1.0,1.0,0.0,1.0,1000438.9545418106,1008112.973077683,-2.393635808272774,0.0001910318874547,0.0003281434840955,5.476190476190476,1.2739537926821205,0.000270046080914,1.6053333333333333,18.427666666666667,79.40100000000001,151.78,
BARRIOS UNIDOS,2023-08-01,10.123769338959212,9.81909476661952,15.690921985815605,18.86903225806452,76.52032258064517,1.5912903225806452,,131.76,4.250322580645161,0.9502688172043012,0.9475806451612904,0.9556451612903226,1.0,1.0,1.0,0.0,1.0,1000438.9545418106,1008112.973077683,-0.8595307120198719,0.0001663498299242,0.0002647108745213,7.762039660056657,-2.393635808272774,0.0003281434840955,1.717741935483871,18.774193548387096,78.48967741935483,151.41,
BARRIOS UNIDOS,2023-09-01,12.519650655021834,11.664852941176472,17.116129032258065,19.59466666666667,75.409,1.4340000000000002,,139.46,4.648666666666667,0.9444444444444444,0.9472222222222222,0.9541666666666668,1.0,1.0,1.0,0.0,1.0,1000438.9545418106,1008112.973077683,-1.0489246202694726,0.000185461340355,0.0002659515620691,10.123769338959212,-0.8595307120198719,0.0002647108745213,1.5912903225806452,18.86903225806452,76.52032258064517,131.76,
BARRIOS UNIDOS,2023-10-01,15.417201166180758,14.864164305949007,14.62177068214804,19.38935483870968,80.40064516129033,0.9116129032258063,,200.76,6.476129032258064,0.9489247311827956,0.9260752688172044,0.922043010752688,1.0,1.0,1.0,0.0,1.0,1000438.9545418106,1008112.973077683,-0.0937552485072537,5.991688566334275e-05,5.4621006091808574e-05,12.519650655021834,-1.0489246202694726,0.0002659515620691,1.4340000000000002,19.59466666666667,75.409,139.46,
BARRIOS UNIDOS,2023-11-01,11.30366568914956,12.227165932452277,12.69297709923664,19.18,81.34533333333334,0.989,,170.2,5.673333333333333,0.9458333333333332,0.9097222222222222,0.9472222222222222,1.0,1.0,1.0,0.0,1.0,1000438.9545418106,1008112.973077683,7.209335212080289,0.0005406651047977,0.0005347177886449,15.417201166180758,-0.0937552485072537,5.4621006091808574e-05,0.9116129032258063,19.38935483870968,80.40064516129033,200.76,
BARRIOS UNIDOS,2023-12-01,15.020319303338171,12.866666666666664,13.17349926793558,19.54258064516129,80.67806451612903,1.0270967741935484,,133.78,4.315483870967742,0.9193548387096774,0.918010752688172,0.9260752688172044,1.0,1.0,1.0,0.0,1.0,1000438.9545418106,1008112.973077683,8.716802887604564,0.0006562059870641,0.00067398705252,11.30366568914956,7.209335212080289,0.0005347177886449,0.989,19.18,81.34533333333334,170.2,
BARRIOS UNIDOS,2024-01-01,17.83051724137931,12.119129082426127,18.97507788161994,20.018387096774195,71.83064516129032,1.3596774193548389,,19.18,0.6187096774193548,0.864247311827957,0.8629032258064516,0.7795698924731183,1.0,1.0,1.0,0.0,1.0,1000438.9545418106,1008112.973077683,3.988924340912117,0.0003213745923749,0.0004369657764065,15.020319303338171,8.716802887604564,0.00067398705252,1.0270967741935484,19.54258064516129,80.67806451612903,133.78,
BARRIOS UNIDOS,2024-02-01,17.909618320610686,13.241232227488153,17.010091743119265,20.71896551724138,74.39793103448275,1.2134482758620688,,67.75,2.336206896551724,0.9094827586206896,0.9396551724137931,0.9410919540229884,1.0,1.0,1.0,0.0,1.0,1000438.9545418106,1008112.973077683,2.666837779063588,0.000347346910921,0.0004214875101832,17.83051724137931,3.988924340912117,0.0004369657764065,1.3596774193548389,20.018387096774195,71.83064516129032,19.18,
BARRIOS UNIDOS,2024-03-01,26.43870056497175,13.08406827880512,21.721448863636365,21.388387096774192,71.98322580645161,1.1596774193548387,,80.08,2.5832258064516127,0.9448924731182796,0.946236559139785,0.9516129032258064,1.0,1.0,1.0,0.0,1.0,1000438.9545418106,1008112.973077683,7.21541039091522,0.0005173247605197,0.0005999298432478,17.909618320610686,2.666837779063588,0.0004214875101832,1.2134482758620688,20.71896551724138,74.39793103448275,67.75,
BARRIOS UNIDOS,2024-04-01,20.69983844911147,15.20352422907489,17.15066079295154,20.540666666666667,76.39433333333334,0.9806666666666666,,223.34,7.444666666666666,0.9458333333333332,0.9458333333333332,0.8597222222222223,1.0,1.0,1.0,0.0,1.0,1000438.9545418106,1008112.973077683,9.686223871763415,0.0007036673183504,0.000690063083529,26.43870056497175,7.21541039091522,0.0005999298432478,1.1596774193548387,21.388387096774192,71.98322580645161,80.08,
BARRIOS UNIDOS,2024-05-01,8.1163610719323,9.72135785007072,8.284582743988684,19.726774193548387,82.56838709677419,0.9661290322580643,,371.83,11.994516129032258,0.9502688172043012,0.9502688172043012,0.952956989247312,1.0,1.0,1.0,0.0,1.0,1000438.9545418106,1008112.973077683,4.487761260927368,0.0003759038501557,0.000363171622973,20.69983844911147,9.686223871763415,0.000690063083529,0.9806666666666666,20.540666666666667,76.39433333333334,223.34,
BARRIOS UNIDOS,2024-06-01,7.140393343419063,9.262865497076024,8.336988304093568,19.017666666666667,81.55966666666667,1.1303333333333332,,247.96,8.265333333333334,0.95,0.95,0.9180555555555556,1.0,1.0,1.0,0.0,1.0,1000438.9545418106,1008112.973077683,5.323067612448915,0.0004338431411882,0.0004903873639231,8.1163610719323,4.487761260927368,0.000363171622973,0.9661290322580643,19.726774193548387,82.56838709677419,371.83,
BARRIOS UNIDOS,2024-07-01,4.673699015471168,6.943705799151344,11.93932107496464,18.71451612903226,80.19419354838709,1.4970967741935486,,128.74,4.152903225806452,0.9502688172043012,0.9502688172043012,0.9556451612903226,1.0,1.0,1.0,0.0,1.0,1000438.9545418106,1008112.973077683,3.105038698644961,0.0002528665253244,0.0003785656593647,7.140393343419063,5.323067612448915,0.0004903873639231,1.1303333333333332,19.017666666666667,81.55966666666667,247.96,
BARRIOS UNIDOS,2024-08-01,9.039099859353025,9.964033850493651,17.345133991537377,18.966451612903228,75.88193548387098,1.470967741935484,,59.62,1.9232258064516128,0.952956989247312,0.952956989247312,0.9556451612903226,1.0,1.0,1.0,0.0,1.0,1000438.9545418106,1008112.973077683,5.180613757573589,0.0003186894980987,0.0004687819713968,4.673699015471168,3.105038698644961,0.0003785656593647,1.4970967741935486,18.71451612903226,80.19419354838709,128.74,
BARRIOS UNIDOS,2024-09-01,11.45216718266254,12.307458143074582,18.70559210526316,19.767666666666667,73.34766666666665,1.438,,85.99,2.866333333333333,0.9125,0.8444444444444444,0.8972222222222223,1.0,1.0,1.0,0.0,1.0,1000438.9545418106,1008112.973077683,2.78318749794313,0.0002218656161829,0.0003190427560711,9.039099859353025,5.180613757573589,0.0004687819713968,1.470967741935484,18.966451612903228,75.88193548387098,59.62,
BARRIOS UNIDOS,2024-10-01,,,,19.448709677419355,77.96000000000001,1.1380645161290324,,178.05,5.743548387096775,0.6290322580645161,0.6303763440860215,0.6290322580645161,1.0,1.0,1.0,0.0,1.0,1000438.9545418106,1008112.973077683,,,,11.45216718266254,2.78318749794313,0.0003190427560711,1.438,19.767666666666667,73.34766666666665,85.99,
BARRIOS UNIDOS,2024-11-01,11.93578125,15.761538461538462,11.51160409556314,18.587,84.712,0.9796666666666668,,195.92,6.530666666666667,0.8125,0.8138888888888889,0.8888888888888888,1.0,1.0,1.0,0.0,1.0,1000438.9545418106,1008112.973077683,9.749660160629544,0.0005982572387344,0.0005860926748801,,,,1.1380645161290324,19.448709677419355,77.96000000000001,178.05,
BARRIOS UNIDOS,2024-12-01,15.356976744186047,13.855994152046785,15.074122807017543,19.18322580645161,82.05612903225806,0.9064516129032258,,157.62,5.0845161290322585,0.9193548387096774,0.9193548387096774,0.9247311827956988,1.0,1.0,1.0,0.0,1.0,1000438.9545418106,1008112.973077683,4.259153262034426,0.0002270494992125,0.00020580938477,11.93578125,9.749660160629544,0.0005860926748801,0.9796666666666668,18.587,84.712,195.92,
CIUDAD BOLIVAR,2023-01-01,20.056276445698167,,,17.54,82.15516129032258,0.9661290322580643,,181.32,5.849032258064516,,,0.952956989247312,1.0,1.0,1.0,0.0,1.0,990627.3993600724,987422.5313793836,-5.0649983799836935,0.0003009907272508,0.0002907958800375,,,,,,,,
CIUDAD BOLIVAR,2023-02-01,23.110518053375195,,,18.75321428571429,78.37249999999999,0.9896428571428572,,54.03,1.9296428571428568,,,0.9479166666666666,1.0,1.0,1.0,0.0,1.0,990627.3993600724,987422.5313793836,-4.080410075226258,0.0002130174163127,0.0002108111645009,20.056276445698167,-5.0649983799836935,0.0002907958800375,0.9661290322580643,17.54,82.15516129032258,181.32,
CIUDAD BOLIVAR,2023-03-01,22.16295774647888,,,18.51451612903226,84.31870967741936,0.8709677419354839,,165.16,5.32774193548387,,,0.9543010752688172,1.0,1.0,1.0,0.0,1.0,990627.3993600724,987422.5313793836,-1.184185138956817,0.0003292210808458,0.0002867409413818,23.110518053375195,-4.080410075226258,0.0002108111645009,0.9896428571428572,18.75321428571429,78.37249999999999,54.03,
CIUDAD BOLIVAR,2023-04-01,18.904824561403508,,,18.597666666666665,83.93033333333332,0.8996666666666666,,218.01,7.266999999999999,,,0.95,1.0,1.0,1.0,0.0,1.0,990627.3993600724,987422.5313793836,-4.322193363710333,0.0002984019825576,0.0002684623169743,22.16295774647888,-1.184185138956817,0.0002867409413818,0.8709677419354839,18.51451612903226,84.31870967741936,165.16,
CIUDAD BOLIVAR,2023-05-01,14.492482269503547,,,19.260322580645163,81.58612903225807,1.115483870967742,,220.91,7.126129032258064,,,0.9475806451612904,1.0,1.0,1.0,0.0,1.0,990627.3993600724,987422.5313793836,-9.835047521220016,0.0003182884339708,0.00035504561441,18.904824561403508,-4.322193363710333,0.0002684623169743,0.8996666666666666,18.597666666666665,83.93033333333332,218.01,
CIUDAD BOLIVAR,2023-06-01,10.736671575846833,,,18.427666666666667,79.40100000000001,1.6053333333333333,,151.78,5.059333333333333,,,0.9430555555555556,1.0,1.0,1.0,0.0,1.0,990627.3993600724,987422.5313793836,-11.404688462811206,0.0003053286855208,0.0004901543164894,14.492482269503547,-9.835047521220016,0.00035504561441,1.115483870967742,19.260322580645163,81.58612903225807,220.91,
CIUDAD BOLIVAR,2023-07-01,10.472881355932204,,,18.774193548387096,78.48967741935483,1.717741935483871,,151.41,4.884193548387096,,,0.9516129032258064,1.0,1.0,1.0,0.0,1.0,990627.3993600724,987422.5313793836,-10.38306088852217,0.0002599648223237,0.0004465524770562,10.736671575846833,-11.404688462811206,0.0004901543164894,1.6053333333333333,18.427666666666667,79.40100000000001,151.78,
CIUDAD BOLIVAR,2023-08-01,11.502133712660028,,,18.86903225806452,76.52032258064517,1.5912903225806452,,131.76,4.250322580645161,,,0.9448924731182796,1.0,1.0,1.0,0.0,1.0,990627.3993600724,987422.5313793836,2.5115481671218163,0.0004482169986066,0.0007132433722989,10.472881355932204,-10.38306088852217,0.0004465524770562,1.717741935483871,18.774193548387096,78.48967741935483,151.41,
CIUDAD BOLIVAR,2023-09-01,19.44306784660767,,,19.59466666666667,75.409,1.4340000000000002,,139.46,4.648666666666667,,,0.9416666666666668,1.0,1.0,1.0,0.0,1.0,990627.3993600724,987422.5313793836,-23.52803305322715,0.0005985654917686,0.0008583429151962,11.502133712660028,2.5115481671218163,0.0007132433722989,1.5912903225806452,18.86903225806452,76.52032258064517,131.76,
CIUDAD BOLIVAR,2023-10-01,23.082496413199426,,,19.38935483870968,80.40064516129033,0.9116129032258063,,200.76,6.476129032258064,,,0.9368279569892471,1.0,1.0,1.0,0.0,1.0,990627.3993600724,987422.5313793836,-14.739539160907464,0.0006108412479552,0.0005568507634585,19.44306784660767,-23.52803305322715,0.0008583429151962,1.4340000000000002,19.59466666666667,75.409,139.46,
CIUDAD BOLIVAR,2023-11-01,15.82274052478134,,,19.18,81.34533333333334,0.989,,170.2,5.673333333333333,,,0.9527777777777776,1.0,1.0,1.0,0.0,1.0,990627.3993600724,987422.5313793836,0.7397634694981452,0.0005328473998029,0.0005269860784051,23.082496413199426,-14.739539160907464,0.0005568507634585,0.9116129032258063,19.38935483870968,80.40064516129033,200.76,
CIUDAD BOLIVAR,2023-12-01,21.84698972099853,,,19.54258064516129,80.67806451612903,1.0270967741935484,,133.78,4.315483870967742,,,0.9153225806451613,1.0,1.0,1.0,0.0,1.0,990627.3993600724,987422.5313793836,-5.197265050323891,0.000508156778767,0.0005219261882561,15.82274052478134,0.7397634694981452,0.0005269860784051,0.989,19.18,81.34533333333334,170.2,
ENGATIVA,2020-01-01,17.305021520803443,16.37294617563739,11.864830508474576,18.848064516129032,79.68354838709678,1.5032258064516129,,23.51,0.7583870967741935,0.9489247311827956,0.9516129032258064,0.9368279569892471,1.0,1.0,1.0,0.0,1.0,996041.4771692234,1011602.8590215644,-5.199080289543375,0.0005931988527873,0.0008917118238673,,,,,,,,
ENGATIVA,2020-02-01,19.098684210526315,22.198305084745765,12.445343511450382,19.266896551724138,76.77137931034483,1.3617241379310343,,132.39,4.565172413793103,0.932471264367816,0.9410919540229884,0.8735632183908046,1.0,1.0,1.0,0.0,1.0,996041.4771692234,1011602.8590215644,6.501230342444757,0.0007960887190252,0.0010840532246313,17.305021520803443,-5.199080289543375,0.0008917118238673,1.5032258064516129,18.848064516129032,79.68354838709678,23.51,
ENGATIVA,2020-03-01,34.273371104815865,19.19559659090909,21.35643564356436,19.381612903225808,80.22322580645161,1.0503225806451613,,106.01,3.419677419354839,0.946236559139785,0.9502688172043012,0.9489247311827956,1.0,1.0,1.0,0.0,1.0,996041.4771692234,1011602.8590215644,-3.7347164132794255,0.0006118984028861,0.000642690709612,19.098684210526315,6.501230342444757,0.0010840532246313,1.3617241379310343,19.266896551724138,76.77137931034483,132.39,
ENGATIVA,2020-04-01,12.566243194192378,9.25550527903469,19.62796052631579,19.68166666666667,79.98333333333333,0.8903333333333333,,156.11,5.203666666666667,0.9208333333333332,0.8444444444444444,0.7652777777777777,1.0,1.0,1.0,0.0,1.0,996041.4771692234,1011602.8590215644,7.065486567612295,0.0005652225202168,0.0005032364504997,34.273371104815865,-3.7347164132794255,0.000642690709612,1.0503225806451613,19.381612903225808,80.22322580645161,106.01,
ENGATIVA,2020-05-01,,,12.083521126760562,19.64967741935484,78.75709677419356,1.1441935483870966,,140.88,4.5445161290322575,0.7258064516129032,0.9543010752688172,0.7298387096774194,1.0,1.0,1.0,0.0,1.0,996041.4771692234,1011602.8590215644,,,,12.566243194192378,7.065486567612295,0.0005032364504997,0.8903333333333333,19.68166666666667,79.98333333333333,156.11,
ENGATIVA,2020-06-01,8.172455089820359,11.077352941176471,10.141554559043348,18.52533333333333,79.155,1.244,,312.54,10.418,0.9444444444444444,0.9291666666666668,0.9277777777777778,1.0,1.0,1.0,0.0,1.0,996041.4771692234,1011602.8590215644,5.810379055144503,0.000569259640897,0.0007081589932759,,,,1.1441935483870966,19.64967741935484,78.75709677419356,140.88,
ENGATIVA,2020-07-01,6.20674318507891,11.143081312410844,10.596191819464034,18.291935483870965,78.14645161290322,1.1312903225806452,,205.21,6.619677419354839,0.9422043010752688,0.952956989247312,0.9368279569892471,1.0,1.0,1.0,0.0,1.0,996041.4771692234,1011602.8590215644,-0.1034435352829543,3.6009003741894944e-05,4.073663745897599e-05,8.172455089820359,5.810379055144503,0.0007081589932759,1.244,18.52533333333333,79.155,312.54,
ENGATIVA,2020-08-01,8.640735502121641,11.565915492957746,11.557243319268636,18.786129032258064,77.94483870967741,1.1151612903225807,,121.34,3.914193548387097,0.9543010752688172,0.9556451612903226,0.9502688172043012,1.0,1.0,1.0,0.0,1.0,996041.4771692234,1011602.8590215644,4.065439655506587,0.0005129165452887,0.0005719846764719,6.20674318507891,-0.1034435352829543,4.073663745897599e-05,1.1312903225806452,18.291935483870965,78.14645161290322,205.21,
ENGATIVA,2020-09-01,10.398104956268222,15.964212076583213,10.434110787172012,18.94533333333333,76.04299999999999,1.134,,119.27,3.975666666666667,0.9430555555555556,0.9527777777777776,0.9527777777777776,1.0,1.0,1.0,0.0,1.0,996041.4771692234,1011602.8590215644,5.146987853463729,0.0006104443239519,0.0006922438633614,8.640735502121641,4.065439655506587,0.0005719846764719,1.1151612903225807,18.786129032258064,77.94483870967741,121.34,
ENGATIVA,2020-10-01,9.447875354107648,16.913661971830987,13.678340365682136,19.17096774193548,72.35612903225807,1.274516129032258,,60.73,1.959032258064516,0.7217741935483871,0.9556451612903226,0.7204301075268816,1.0,1.0,1.0,0.0,1.0,996041.4771692234,1011602.8590215644,8.778826517722802,0.0007141094346461,0.0009101439923506,10.398104956268222,5.146987853463729,0.0006922438633614,1.134,18.94533333333333,76.04299999999999,119.27,
ENGATIVA,2020-11-01,16.312273966855464,19.532837330828755,10.643168604651162,18.61133333333333,81.52933333333334,0.8076666666666666,,71.11,2.3703333333333334,0.88125,0.9555555555555556,0.9104166666666668,1.0,1.0,1.0,0.0,1.0,996041.4771692234,1011602.8590215644,6.324921093236846,0.0004734653223794,0.0003824021587084,9.447875354107648,8.778826517722802,0.0009101439923506,1.274516129032258,19.17096774193548,72.35612903225807,60.73,
ENGATIVA,2020-12-01,15.631635172773269,18.5175,11.865588235294116,19.31935483870968,74.79225806451613,0.8703225806451613,,113.99,3.677096774193549,0.808467741935484,0.913978494623656,0.8286290322580645,1.0,1.0,1.0,0.0,1.0,996041.4771692234,1011602.8590215644,2.152126164631017,0.0006331503659897,0.0005510450604646,16.312273966855464,6.324921093236846,0.0003824021587084,0.8076666666666666,18.61133333333333,81.52933333333334,71.11,
ENGATIVA,2021-01-01,16.201449401988196,17.663702553485162,13.570622286541244,18.83806451612904,73.38612903225807,1.0696774193548386,,105.14,3.3916129032258064,0.8870967741935484,0.928763440860215,0.8655913978494624,1.0,1.0,1.0,0.0,1.0,996041.4771692234,1011602.8590215644,-4.184261427206797,0.0005649294572882,0.0006042922839896,15.631635172773269,2.152126164631017,0.0005510450604646,0.8703225806451613,19.31935483870968,74.79225806451613,113.99,
ENGATIVA,2021-02-01,16.40124700365293,17.744904292266497,14.01846635367762,19.62071428571429,74.44678571428572,1.0442857142857145,,98.38,3.5135714285714283,0.9144345238095236,0.9508928571428572,0.9427083333333331,1.0,1.0,1.0,0.0,1.0,996041.4771692234,1011602.8590215644,1.1739329273399033,0.0004236734796044,0.0004424361622726,16.201449401988196,-4.184261427206797,0.0006042922839896,1.0696774193548386,18.83806451612904,73.38612903225807,105.14,
ENGATIVA,2021-03-01,17.427263610315187,20.555887921204345,14.364073550212163,18.69483870967742,79.48903225806451,0.9319354838709678,,132.12,4.261935483870968,0.9536290322580644,0.9502688172043012,0.946236559139785,1.0,1.0,1.0,0.0,1.0,996041.4771692234,1011602.8590215644,1.351803879565054,0.0004783024889975,0.0004457470615206,16.40124700365293,1.1739329273399033,0.0004424361622726,1.0442857142857145,19.62071428571429,74.44678571428572,98.38,
ENGATIVA,2021-04-01,11.326562257413444,16.06710508878876,14.999852071005916,19.200333333333333,79.31633333333333,0.9443333333333334,,176.72,5.890666666666666,0.9041666666666666,0.9388888888888888,0.9458333333333332,1.0,1.0,1.0,0.0,1.0,996041.4771692234,1011602.8590215644,0.2945565721448524,0.0003778684499956,0.0003568337729458,17.427263610315187,1.351803879565054,0.0004457470615206,0.9319354838709678,18.69483870967742,79.48903225806451,132.12,
ENGATIVA,2021-05-01,8.045852340077662,14.045549981419548,9.806789250353606,19.156774193548387,78.49290322580646,1.1796774193548387,,53.85,1.7370967741935484,0.8891129032258065,0.9502688172043012,0.9401881720430108,1.0,1.0,1.0,0.0,1.0,996041.4771692234,1011602.8590215644,5.795946568398231,0.0004354659805815,0.0005137093841892,11.326562257413444,0.2945565721448524,0.0003568337729458,0.9443333333333334,19.200333333333333,79.31633333333333,176.72,
ENGATIVA,2021-06-01,11.029852777124132,16.285425480874082,9.57267441860465,18.355666666666664,79.12733333333334,1.1006666666666665,,196.89,6.563,0.8937499999999999,0.9555555555555556,0.940972222222222,1.0,1.0,1.0,0.0,1.0,996041.4771692234,1011602.8590215644,-2.825185541072376,0.0003971463863411,0.0004371257892327,8.045852340077662,5.795946568398231,0.0005137093841892,1.1796774193548387,19.156774193548387,78.49290322580646,53.85,
ENGATIVA,2021-07-01,7.162446854384035,13.502984756422556,12.547398843930637,18.631612903225808,75.01322580645162,1.6390322580645162,,57.61,1.8583870967741936,0.9032258064516128,0.9301075268817204,0.9469086021505376,1.0,1.0,1.0,0.0,1.0,996041.4771692234,1011602.8590215644,3.641470791309663,0.0005764231852855,0.0009447761949793,11.029852777124132,-2.825185541072376,0.0004371257892327,1.1006666666666665,18.355666666666664,79.12733333333334,196.89,
ENGATIVA,2021-08-01,12.083909283785522,20.10750229590551,7.116439832491686,19.18290322580645,73.33967741935484,1.2638709677419355,,71.11,2.293870967741936,0.9086021505376344,0.9536290322580644,0.9482526881720432,1.0,1.0,1.0,0.0,1.0,996041.4771692234,1011602.8590215644,-0.1843287082733091,0.0007879842251154,0.000995910385162,7.162446854384035,3.641470791309663,0.0009447761949793,1.6390322580645162,18.631612903225808,75.01322580645162,57.61,
ENGATIVA,2021-09-01,12.847798341132377,21.29712670565302,8.92346894259253,19.143,72.27333333333333,1.2813333333333332,,145.0,4.833333333333333,0.9041666666666668,0.9520833333333334,0.9326388888888888,1.0,1.0,1.0,0.0,1.0,996041.4771692234,1011602.8590215644,-1.5371367392762778,0.0008729824870803,0.0011185815601122,12.083909283785522,-0.1843287082733091,0.000995910385162,1.2638709677419355,19.18290322580645,73.33967741935484,71.11,
ENGATIVA,2021-10-01,14.94007072135785,19.59886201991465,8.583609517605167,19.622903225806454,76.90709677419355,0.8551612903225807,,96.44,3.110967741935484,0.6942204301075269,0.9260752688172044,0.9455645161290324,1.0,1.0,1.0,0.0,1.0,996041.4771692234,1011602.8590215644,2.418972097822156,0.0004848386555002,0.0004146152502358,12.847798341132377,-1.5371367392762778,0.0011185815601122,1.2813333333333332,19.143,72.27333333333333,145.0,
ENGATIVA,2021-11-01,18.460925010684356,19.999636320825395,9.086584921425017,19.259666666666664,77.90433333333334,0.9016666666666668,,86.48,2.8826666666666667,0.9493055555555556,0.9319444444444444,0.9548611111111108,1.0,1.0,1.0,0.0,1.0,996041.4771692234,1011602.8590215644,0.8383424771726382,0.0003958425082205,0.0003569179949121,14.94007072135785,2.418972097822156,0.0004146152502358,0.8551612903225807,19.622903225806454,76.90709677419355,96.44,
ENGATIVA,2021-12-01,18.95936198081717,17.774778877901962,9.306168993731816,19.739032258064515,76.7441935483871,1.0374193548387096,,65.48,2.112258064516129,0.9173387096774192,0.924731182795699,0.9247311827956988,1.0,1.0,1.0,0.0,1.0,996041.4771692234,1011602.8590215644,2.4077414928907075,0.0004966371914746,0.0005152210347685,18.460925010684356,0.8383424771726382,0.0003569179949121,0.9016666666666668,19.259666666666664,77.90433333333334,86.48,
ENGATIVA,2022-01-01,18.16297335203366,16.939046598927295,12.787014383294723,19.448709677419355,71.82548387096774,1.1783870967741936,,57.49,1.854516129032258,0.956989247311828,0.9556451612903228,0.9583333333333334,1.0,1.0,1.0,0.0,1.0,996041.4771692234,1011602.8590215644,4.8416204133681084,0.0005775995438203,0.0006806358495405,18.95936198081717,2.4077414928907075,0.0005152210347685,1.0374193548387096,19.739032258064515,76.7441935483871,65.48,
ENGATIVA,2022-02-01,22.404616741206464,18.90466635644983,12.962460014431738,19.290714285714284,75.20714285714287,0.8960714285714285,,131.69,4.703214285714286,0.909970238095238,0.8831845238095238,0.9055059523809524,1.0,1.0,1.0,0.0,1.0,996041.4771692234,1011602.8590215644,5.7038917043557085,0.0005945447457603,0.0005327545596831,18.16297335203366,4.8416204133681084,0.0006806358495405,1.1783870967741936,19.448709677419355,71.82548387096774,57.49,
ENGATIVA,2022-03-01,19.33953524058605,18.6778793109028,10.581729323308272,18.86483870967741,81.53903225806452,0.8858064516129033,,199.88,6.447741935483871,0.9153225806451613,0.8938172043010753,0.9025537634408602,1.0,1.0,1.0,0.0,1.0,996041.4771692234,1011602.8590215644,3.4835627604491,0.0007270102033673,0.0006439903285311,22.404616741206464,5.7038917043557085,0.0005327545596831,0.8960714285714285,19.290714285714284,75.20714285714287,131.69,
ENGATIVA,2022-04-01,16.37346115716832,17.365204247732734,9.380729425401556,18.88,81.47,0.995,,260.12,8.670666666666667,0.9333333333333332,0.8659722222222221,0.8958333333333334,1.0,1.0,1.0,0.0,1.0,996041.4771692234,1011602.8590215644,4.275108682167977,0.0005952808229695,0.0005923044188547,19.33953524058605,3.4835627604491,0.0006439903285311,0.8858064516129033,18.86483870967741,81.53903225806452,199.88,
ENGATIVA,2022-05-01,11.929280747501084,15.734193071441773,5.477653608247422,18.71741935483871,80.96806451612903,0.9874193548387096,,319.0,10.290322580645162,0.8911290322580645,0.8763440860215053,0.8951612903225806,1.0,1.0,1.0,0.0,1.0,996041.4771692234,1011602.8590215644,2.8124216455226154,0.0004399034202132,0.0004343691513783,16.37346115716832,4.275108682167977,0.0005923044188547,0.995,18.88,81.47,260.12,
ENGATIVA,2022-06-01,13.183305811660016,17.85435121251004,5.183163482420614,17.939666666666668,81.945,0.9073333333333332,,207.29,6.909666666666666,0.9145833333333332,0.8881944444444445,0.9173611111111112,1.0,1.0,1.0,0.0,1.0,996041.4771692234,1011602.8590215644,3.282043334881541,0.0004304289590228,0.0003905425421534,11.929280747501084,2.8124216455226154,0.0004343691513783,0.9874193548387096,18.71741935483871,80.96806451612903,319.0,
ENGATIVA,2022-07-01,10.008727740894708,13.847000656526973,7.179440777567228,18.19483870967742,79.52129032258064,1.1383870967741936,,228.31,7.36483870967742,0.9092741935483872,0.9213709677419356,0.9348118279569892,1.0,1.0,1.0,0.0,1.0,996041.4771692234,1011602.8590215644,3.4408191834836988,0.0006302046376115,0.0007174168277841,13.183305811660016,3.282043334881541,0.0003905425421534,0.9073333333333332,17.939666666666668,81.945,207.29,
ENGATIVA,2022-08-01,12.799915847358774,15.383267343247942,8.202418306244654,18.116774193548387,77.78548387096774,1.2158064516129032,,162.59,5.24483870967742,0.907258064516129,0.9193548387096776,0.9314516129032258,1.0,1.0,1.0,0.0,1.0,996041.4771692234,1011602.8590215644,-0.2355253140656383,0.0007634284676647,0.0009281812563317,10.008727740894708,3.4408191834836988,0.0007174168277841,1.1383870967741936,18.19483870967742,79.52129032258064,228.31,
ENGATIVA,2022-09-01,17.24175323774741,23.429806259314457,9.680358777464075,18.666,78.09733333333334,1.0056666666666667,,135.09,4.503,0.7993055555555555,0.9486111111111112,0.9361111111111112,1.0,1.0,1.0,0.0,1.0,996041.4771692234,1011602.8590215644,1.706263783286209,0.0005871160722275,0.0005904430633035,12.799915847358774,-0.2355253140656383,0.0009281812563317,1.2158064516129032,18.116774193548387,77.78548387096774,162.59,
ENGATIVA,2022-10-01,14.779313654279903,16.83984375,12.905225988700565,18.324193548387097,83.24870967741936,1.0612903225806452,,252.6,8.148387096774194,0.8602150537634409,0.5866935483870968,0.9475806451612904,1.0,1.0,1.0,0.0,1.0,996041.4771692234,1011602.8590215644,2.3955128075398857,0.0003380324560868,0.0003587505743631,17.24175323774741,1.706263783286209,0.0005904430633035,1.0056666666666667,18.666,78.09733333333334,135.09,
ENGATIVA,2022-11-01,16.37605179715265,18.98290854572714,7.382033549944257,17.981333333333332,87.00733333333332,0.9713333333333334,,179.19,5.973,0.9263888888888888,0.9055555555555554,0.9520833333333332,1.0,1.0,1.0,0.0,1.0,996041.4771692234,1011602.8590215644,3.050048379407692,0.0002773065162925,0.0002693570628254,14.779313654279903,2.3955128075398857,0.0003587505743631,1.0612903225806452,18.324193548387097,83.24870967741936,252.6,
ENGATIVA,2022-12-01,17.849112636664124,15.161976047904192,10.23920232378666,18.003548387096775,82.19999999999999,0.9396774193548388,,70.75,2.282258064516129,0.8978494623655914,0.918010752688172,0.9233870967741936,1.0,1.0,1.0,0.0,1.0,996041.4771692234,1011602.8590215644,5.812020957513415,0.0004429840803863,0.0004162621374727,16.37605179715265,3.050048379407692,0.0002693570628254,0.9713333333333334,17.981333333333332,87.00733333333332,179.19,
ENGATIVA,2023-01-01,16.574614537444933,15.66814701378254,14.604231311706627,17.54,82.15516129032258,0.9661290322580643,,181.32,5.849032258064516,0.8776881720430108,0.8360215053763442,0.9361559139784946,1.0,1.0,1.0,0.0,1.0,996041.4771692234,1011602.8590215644,0.6592089181286482,0.0002649800877993,0.0002560049557932,17.849112636664124,5.812020957513415,0.0004162621374727,0.9396774193548388,18.003548387096775,82.19999999999999,70.75,
ENGATIVA,2023-02-01,20.84090773809524,12.694771241830065,12.402496214415503,18.75321428571429,78.37249999999999,0.9896428571428572,,54.03,1.9296428571428568,0.9107142857142856,0.9367559523809524,0.9449404761904764,1.0,1.0,1.0,0.0,1.0,996041.4771692234,1011602.8590215644,3.5734278471344965,0.0006723009492712,0.0006653378322966,16.574614537444933,0.6592089181286482,0.0002560049557932,0.9661290322580643,17.54,82.15516129032258,181.32,
ENGATIVA,2023-03-01,19.890449750690323,16.57837837837838,12.012528368851402,18.51451612903226,84.31870967741936,0.8709677419354839,,165.16,5.32774193548387,0.9448924731182796,0.9475806451612904,0.9536290322580646,1.0,1.0,1.0,0.0,1.0,996041.4771692234,1011602.8590215644,2.3302026474066366,0.0003275557903414,0.0002852905270715,20.84090773809524,3.5734278471344965,0.0006653378322966,0.9896428571428572,18.75321428571429,78.37249999999999,54.03,
ENGATIVA,2023-04-01,16.983352374907437,16.17134328358209,9.841873673860167,18.597666666666665,83.93033333333332,0.8996666666666666,,218.01,7.266999999999999,0.9305555555555556,0.9458333333333332,0.9548611111111112,1.0,1.0,1.0,0.0,1.0,996041.4771692234,1011602.8590215644,0.2423732461515442,0.0003295388515731,0.0002964751201319,19.890449750690323,2.3302026474066366,0.0002852905270715,0.8709677419354839,18.51451612903226,84.31870967741936,165.16,
ENGATIVA,2023-05-01,11.1811797752809,11.284615384615384,10.042313117066293,19.260322580645163,81.58612903225807,1.115483870967742,,220.91,7.126129032258064,0.8911290322580645,0.6323924731182796,0.6344086021505376,1.0,1.0,1.0,0.0,1.0,996041.4771692234,1011602.8590215644,2.9517913539861453,0.0005257829291017,0.0005865023770431,16.983352374907437,0.2423732461515442,0.0002964751201319,0.8996666666666666,18.597666666666665,83.93033333333332,218.01,
ENGATIVA,2023-06-01,7.462585034013605,7.912392426850259,10.540199335548172,18.427666666666667,79.40100000000001,1.6053333333333333,,151.78,5.059333333333333,0.8069444444444445,0.8361111111111111,0.8166666666666667,1.0,1.0,1.0,0.0,1.0,996041.4771692234,1011602.8590215644,0.1773673941228102,0.0006058608693233,0.000972608648887,11.1811797752809,2.9517913539861453,0.0005865023770431,1.115483870967742,19.260322580645163,81.58612903225807,220.91,
ENGATIVA,2023-07-01,7.5504,9.973430656934308,11.21320754716981,18.774193548387096,78.48967741935483,1.717741935483871,,151.41,4.884193548387096,0.9206989247311828,0.7426075268817205,0.7170698924731183,1.0,1.0,1.0,0.0,1.0,996041.4771692234,1011602.8590215644,5.676513304117701,0.0006476353115831,0.0011124703336064,7.462585034013605,0.1773673941228102,0.000972608648887,1.6053333333333333,18.427666666666667,79.40100000000001,151.78,
ENGATIVA,2023-08-01,10.968813040345822,14.177003484320558,13.560968316640984,18.86903225806452,76.52032258064517,1.5912903225806452,,131.76,4.250322580645161,0.771505376344086,0.8696236559139785,0.939516129032258,1.0,1.0,1.0,0.0,1.0,996041.4771692234,1011602.8590215644,4.865417661611179,0.0007418249094268,0.0011804587994202,7.5504,5.676513304117701,0.0011124703336064,1.717741935483871,18.774193548387096,78.48967741935483,151.41,
ENGATIVA,2023-09-01,13.155454449821168,14.680606060606062,14.26808531746032,19.59466666666667,75.409,1.4340000000000002,,139.46,4.648666666666667,0.9166666666666666,0.9041666666666666,0.9479166666666666,1.0,1.0,1.0,0.0,1.0,996041.4771692234,1011602.8590215644,6.426293525545551,0.0008992597759635,0.0012895385187317,10.968813040345822,4.865417661611179,0.0011804587994202,1.5912903225806452,18.86903225806452,76.52032258064517,131.76,
ENGATIVA,2023-10-01,15.923979748053538,19.08452722063037,11.394135733147175,19.38935483870968,80.40064516129033,0.9116129032258063,,200.76,6.476129032258064,0.9381720430107529,0.9448924731182796,0.9099462365591398,1.0,1.0,1.0,0.0,1.0,996041.4771692234,1011602.8590215644,2.985412067233577,0.0003987086819032,0.0003634679790512,13.155454449821168,6.426293525545551,0.0012895385187317,1.4340000000000002,19.59466666666667,75.409,139.46,
ENGATIVA,2023-11-01,14.365848680463262,16.313752122241084,8.937820970757503,19.18,81.34533333333334,0.989,,170.2,5.673333333333333,0.8180555555555555,0.9055555555555556,0.95625,1.0,1.0,1.0,0.0,1.0,996041.4771692234,1011602.8590215644,2.816954346689373,0.0006734133532691,0.0006660058063832,15.923979748053538,2.985412067233577,0.0003634679790512,0.9116129032258063,19.38935483870968,80.40064516129033,200.76,
ENGATIVA,2023-12-01,18.410412373533283,18.21622807017544,9.324848422301915,19.54258064516129,80.67806451612903,1.0270967741935484,,133.78,4.315483870967742,0.9193548387096774,0.9166666666666666,0.9240591397849462,1.0,1.0,1.0,0.0,1.0,996041.4771692234,1011602.8590215644,3.456730883661537,0.0007560789537072,0.0007765662543883,14.365848680463262,2.816954346689373,0.0006660058063832,0.989,19.18,81.34533333333334,170.2,
ENGATIVA,2024-01-01,19.50361445783133,17.451223241590213,12.80561256529558,20.018387096774195,71.83064516129032,1.3596774193548389,,19.18,0.6187096774193548,0.8790322580645161,0.8716397849462365,0.7298387096774194,1.0,1.0,1.0,0.0,1.0,996041.4771692234,1011602.8590215644,5.598995904154258,0.0006948837721201,0.0009448177740278,18.410412373533283,3.456730883661537,0.0007765662543883,1.0270967741935484,19.54258064516129,80.67806451612903,133.78,
ENGATIVA,2024-02-01,,16.385551948051948,10.142137349610064,20.71896551724138,74.39793103448275,1.2134482758620688,,67.75,2.336206896551724,0.8850574712643678,0.918103448275862,0.5201149425287356,1.0,1.0,1.0,0.0,1.0,996041.4771692234,1011602.8590215644,,,,19.50361445783133,5.598995904154258,0.0009448177740278,1.3596774193548389,20.018387096774195,71.83064516129032,19.18,
ENGATIVA,2024-03-01,29.203651685393258,15.127643504531722,14.09880682680859,21.388387096774192,71.98322580645161,1.1596774193548387,,80.08,2.5832258064516127,0.8897849462365591,0.9509408602150538,0.956989247311828,1.0,1.0,1.0,0.0,1.0,996041.4771692234,1011602.8590215644,3.1618387505649395,0.0006631174651346,0.0007690023506964,,,,1.2134482758620688,20.71896551724138,74.39793103448275,67.75,
ENGATIVA,2024-04-01,24.001317715959008,20.967627118644067,11.673722917467924,20.540666666666667,76.39433333333334,0.9806666666666666,,223.34,7.444666666666666,0.8194444444444444,0.8868055555555555,0.70625,1.0,1.0,1.0,0.0,1.0,996041.4771692234,1011602.8590215644,0.9063804933609704,0.0005199654334636,0.0005099127684167,29.203651685393258,3.1618387505649395,0.0007690023506964,1.1596774193548387,21.388387096774192,71.98322580645161,80.08,
ENGATIVA,2024-05-01,8.6580195238625,13.164113475177306,6.112661299531803,19.726774193548387,82.56838709677419,0.9661290322580643,,371.83,11.994516129032258,0.726478494623656,0.8904569892473118,0.9536290322580646,1.0,1.0,1.0,0.0,1.0,996041.4771692234,1011602.8590215644,9.400894135192964,0.0007745254519157,0.0007482915253186,24.001317715959008,0.9063804933609704,0.0005099127684167,0.9806666666666666,20.540666666666667,76.39433333333334,223.34,
ENGATIVA,2024-06-01,8.163904505451201,14.131119908727408,6.0169497256356745,19.017666666666667,81.55966666666667,1.1303333333333332,,247.96,8.265333333333334,0.9493055555555556,0.9479166666666664,0.9388888888888888,1.0,1.0,1.0,0.0,1.0,996041.4771692234,1011602.8590215644,7.085740903451205,0.0006562931531228,0.0007418300274131,8.6580195238625,9.400894135192964,0.0007482915253186,0.9661290322580643,19.726774193548387,82.56838709677419,371.83,
ENGATIVA,2024-07-01,5.293585303474519,12.121719796377295,10.145138111235536,18.71451612903226,80.19419354838709,1.4970967741935486,,128.74,4.152903225806452,0.8595430107526882,0.8568548387096775,0.8548387096774193,1.0,1.0,1.0,0.0,1.0,996041.4771692234,1011602.8590215644,6.463989455266118,0.0005854776983626,0.0008765167735809,8.163904505451201,7.085740903451205,0.0007418300274131,1.1303333333333332,19.017666666666667,81.55966666666667,247.96,
ENGATIVA,2024-08-01,9.30618846694796,17.19243937232525,7.969186875891583,18.966451612903228,75.88193548387098,1.470967741935484,,59.62,1.9232258064516128,0.7755376344086021,0.7762096774193548,0.758736559139785,1.0,1.0,1.0,0.0,1.0,996041.4771692234,1011602.8590215644,11.30175005876994,0.0009507716633996,0.0013985544468072,5.293585303474519,6.463989455266118,0.0008765167735809,1.4970967741935486,18.71451612903226,80.19419354838709,128.74,
ENGATIVA,2024-09-01,12.941390476406896,16.15300060523078,17.07560407629513,19.767666666666667,73.34766666666665,1.438,,85.99,2.866333333333333,0.8840277777777776,0.8909722222222223,0.825,1.0,1.0,1.0,0.0,1.0,996041.4771692234,1011602.8590215644,4.956403869233922,0.0009542528654064,0.0013722156204544,9.30618846694796,11.30175005876994,0.0013985544468072,1.470967741935484,18.966451612903228,75.88193548387098,59.62,
ENGATIVA,2024-10-01,13.301578843028455,17.262642045454545,8.024220963172805,19.448709677419355,77.96000000000001,1.1380645161290324,,178.05,5.743548387096775,0.7668010752688172,0.7681451612903225,0.935483870967742,1.0,1.0,1.0,0.0,1.0,996041.4771692234,1011602.8590215644,1.781169596705091,0.0006414213110913,0.000729978834042,12.941390476406896,4.956403869233922,0.0013722156204544,1.438,19.767666666666667,73.34766666666665,85.99,
ENGATIVA,2024-11-01,15.98992700729927,22.97521994134897,10.32179675994109,18.587,84.712,0.9796666666666668,,195.92,6.530666666666667,0.6243055555555556,0.5979166666666667,0.6006944444444444,1.0,1.0,1.0,0.0,1.0,996041.4771692234,1011602.8590215644,-5.827111037219471,0.0003769807179728,0.000369315443374,13.301578843028455,1.781169596705091,0.000729978834042,1.1380645161290324,19.448709677419355,77.96000000000001,178.05,
ENGATIVA,2024-12-01,16.957406436895,21.163860667634253,13.020029027576197,19.18322580645161,82.05612903225806,0.9064516129032258,,157.62,5.0845161290322585,0.823252688172043,0.8185483870967742,0.9059139784946236,1.0,1.0,1.0,0.0,1.0,996041.4771692234,1011602.8590215644,0.0229242532042572,0.0004172640862817,0.0003782297040166,15.98992700729927,-5.827111037219471,0.000369315443374,0.9796666666666668,18.587,84.712,195.92,
FONTIBON,2020-01-01,19.646153846153847,16.69630681818182,15.080594900849858,18.848064516129032,79.68354838709678,1.5032258064516129,,23.51,0.7583870967741935,0.946236559139785,0.9489247311827956,0.9435483870967742,1.0,1.0,1.0,0.0,1.0,993049.7034200324,1009066.0409648584,-4.588105435945259,0.0007285972114363,0.0010952461307398,,,,,,,,
FONTIBON,2020-02-01,27.05271903323263,22.02844175491679,16.965091463414634,19.266896551724138,76.77137931034483,1.3617241379310343,,132.39,4.565172413793103,0.9497126436781608,0.942528735632184,0.9511494252873564,1.0,1.0,1.0,0.0,1.0,993049.7034200324,1009066.0409648584,-16.0744154285599,0.0012389975802435,0.0016871729118557,19.646153846153847,-4.588105435945259,0.0010952461307398,1.5032258064516129,18.848064516129032,79.68354838709678,23.51,
FONTIBON,2020-03-01,37.47248226950354,17.485714285714284,27.23048433048433,19.381612903225808,80.22322580645161,1.0503225806451613,,106.01,3.419677419354839,0.9502688172043012,0.9435483870967742,0.9475806451612904,1.0,1.0,1.0,0.0,1.0,993049.7034200324,1009066.0409648584,-10.458330402935283,0.0007295308319546,0.0007662427060787,27.05271903323263,-16.0744154285599,0.0016871729118557,1.3617241379310343,19.266896551724138,76.77137931034483,132.39,
FONTIBON,2020-04-01,18.376392961876835,10.848613138686131,21.872873900293254,19.68166666666667,79.98333333333333,0.8903333333333333,,156.11,5.203666666666667,0.9513888888888888,0.9472222222222222,0.9472222222222222,1.0,1.0,1.0,0.0,1.0,993049.7034200324,1009066.0409648584,-11.343126197331337,0.0007524346557552,0.0006699176551741,37.47248226950354,-10.458330402935283,0.0007662427060787,1.0503225806451613,19.381612903225808,80.22322580645161,106.01,
FONTIBON,2020-05-01,11.90482269503546,12.647265077138847,12.063892806770095,19.64967741935484,78.75709677419356,1.1441935483870966,,140.88,4.5445161290322575,0.9583333333333334,0.952956989247312,0.9475806451612904,1.0,1.0,1.0,0.0,1.0,993049.7034200324,1009066.0409648584,-4.095388303779934,0.0004425298053314,0.0005063397482292,18.376392961876835,-11.343126197331337,0.0006699176551741,0.8903333333333333,19.68166666666667,79.98333333333333,156.11,
FONTIBON,2020-06-01,14.04669603524229,13.158200290275762,10.131049562682216,18.52533333333333,79.155,1.244,,312.54,10.418,0.9569444444444444,0.9527777777777776,0.9458333333333332,1.0,1.0,1.0,0.0,1.0,993049.7034200324,1009066.0409648584,-10.150634910661486,0.0007978591542895,0.0009925367879362,11.90482269503546,-4.095388303779934,0.0005063397482292,1.1441935483870966,19.64967741935484,78.75709677419356,140.88,
FONTIBON,2020-07-01,,13.93497191011236,11.559142857142856,18.291935483870965,78.14645161290322,1.1312903225806452,,205.21,6.619677419354839,0.956989247311828,0.9408602150537636,0.375,1.0,1.0,1.0,0.0,1.0,993049.7034200324,1009066.0409648584,,,,14.04669603524229,-10.150634910661486,0.0009925367879362,1.244,18.52533333333333,79.155,312.54,
FONTIBON,2020-08-01,13.948433048433047,12.591845493562232,16.244921316165954,18.786129032258064,77.94483870967741,1.1151612903225807,,121.34,3.914193548387097,0.939516129032258,0.939516129032258,0.9435483870967742,1.0,1.0,1.0,0.0,1.0,993049.7034200324,1009066.0409648584,-8.961444333258584,0.0008872316932802,0.0009894064398934,,,,1.1312903225806452,18.291935483870965,78.14645161290322,205.21,
FONTIBON,2020-09-01,16.853914327917284,16.54246376811594,16.811014492753625,18.94533333333333,76.04299999999999,1.134,,119.27,3.975666666666667,0.9583333333333334,0.9583333333333334,0.9402777777777778,1.0,1.0,1.0,0.0,1.0,993049.7034200324,1009066.0409648584,-12.622902419807728,0.0009851992904259,0.0011172159953429,13.948433048433047,-8.961444333258584,0.0009894064398934,1.1151612903225807,18.786129032258064,77.94483870967741,121.34,
FONTIBON,2020-10-01,17.105516265912307,16.58637640449438,18.529073033707867,19.17096774193548,72.35612903225807,1.274516129032258,,60.73,1.959032258064516,0.956989247311828,0.956989247311828,0.9502688172043012,1.0,1.0,1.0,0.0,1.0,993049.7034200324,1009066.0409648584,-14.142945474667728,0.0010473163508979,0.0013348215814186,16.853914327917284,-12.622902419807728,0.0011172159953429,1.134,18.94533333333333,76.04299999999999,119.27,
FONTIBON,2020-11-01,20.59190404797601,17.179259259259258,18.217536231884058,18.61133333333333,81.52933333333334,0.8076666666666666,,71.11,2.3703333333333334,0.9375,0.9583333333333334,0.9263888888888888,1.0,1.0,1.0,0.0,1.0,993049.7034200324,1009066.0409648584,-4.597556653951081,0.0007099082459997,0.0005733692266858,17.105516265912307,-14.142945474667728,0.0013348215814186,1.274516129032258,19.17096774193548,72.35612903225807,60.73,
FONTIBON,2020-12-01,21.070424597364568,18.91654571843251,18.65878084179971,19.31935483870968,74.79225806451613,0.8703225806451613,,113.99,3.677096774193549,0.9260752688172044,0.9260752688172044,0.918010752688172,1.0,1.0,1.0,0.0,1.0,993049.7034200324,1009066.0409648584,-8.249069704206395,0.0010596421975475,0.0009222305319301,20.59190404797601,-4.597556653951081,0.0005733692266858,0.8076666666666666,18.61133333333333,81.52933333333334,71.11,
FONTIBON,2021-01-01,18.7778603268945,,17.479357798165136,18.83806451612904,73.38612903225807,1.0696774193548386,,105.14,3.3916129032258064,0.2163978494623656,0.8790322580645161,0.9045698924731184,1.0,1.0,1.0,0.0,1.0,993049.7034200324,1009066.0409648584,-5.906497900053031,0.0007230981131523,0.0007734817236171,21.070424597364568,-8.249069704206395,0.0009222305319301,0.8703225806451613,19.31935483870968,74.79225806451613,113.99,
FONTIBON,2021-02-01,19.87007874015748,,,19.62071428571429,74.44678571428572,1.0442857142857145,,98.38,3.5135714285714283,0.6220238095238095,0.6651785714285714,0.9449404761904762,1.0,1.0,1.0,0.0,1.0,993049.7034200324,1009066.0409648584,-2.823505033921336,0.0007615760803507,0.0007953030210519,18.7778603268945,-5.906497900053031,0.0007734817236171,1.0696774193548386,18.83806451612904,73.38612903225807,105.14,
FONTIBON,2021-03-01,21.42385185185185,17.371742313323573,15.663836017569546,20.80209677419355,77.71564516129033,0.915483870967742,,133.64,4.310967741935484,0.918010752688172,0.918010752688172,0.5504032258064516,1.0,1.0,1.0,0.0,1.0,993049.7034200324,1009066.0409648584,-5.663651479447065,0.0008075245630586,0.0007392757128904,19.87007874015748,-2.823505033921336,0.0007953030210519,1.0442857142857145,19.62071428571429,74.44678571428572,98.38,
FONTIBON,2021-04-01,14.203958944281526,12.92925045703839,14.06965265082267,20.902833333333334,79.28016666666667,1.1191666666666666,,191.43,6.381,0.7597222222222222,0.7597222222222222,0.8354166666666667,1.0,1.0,1.0,0.0,1.0,993049.7034200324,1009066.0409648584,-1.8018143162966425,0.0007730481101101,0.0008651696765649,21.42385185185185,-5.663651479447065,0.0007392757128904,0.915483870967742,20.80209677419355,77.71564516129033,133.64,
FONTIBON,2021-05-01,12.296,,,20.941129032258065,77.95629032258066,1.3043548387096773,,77.845,2.5111290322580646,0.6384408602150538,0.6397849462365591,0.7190860215053764,1.0,1.0,1.0,0.0,1.0,993049.7034200324,1009066.0409648584,-4.970969899288088,0.0006341821668898,0.0008271985780061,14.203958944281526,-1.8018143162966425,0.0008651696765649,1.1191666666666666,20.902833333333334,79.28016666666667,191.43,
FONTIBON,2021-06-01,12.814032496307238,14.546355685131196,12.65872093023256,19.922666666666665,80.156,1.2965,,200.82,6.694,0.5881944444444444,0.9555555555555556,0.83125,1.0,1.0,1.0,0.0,1.0,993049.7034200324,1009066.0409648584,-5.626889778640418,0.0004909569682899,0.0006365257093879,12.296,-4.970969899288088,0.0008271985780061,1.3043548387096773,20.941129032258065,77.95629032258066,77.845,
FONTIBON,2021-07-01,12.712418498028384,15.897628825382538,11.508513708513709,20.30483870967742,74.79322580645162,1.7764516129032262,,59.14,1.907741935483871,0.9482526881720432,0.9314516129032258,0.821236559139785,1.0,1.0,1.0,0.0,1.0,993049.7034200324,1009066.0409648584,-13.81697362960722,0.0008814794383201,0.0015659055699447,12.814032496307238,-5.626889778640418,0.0006365257093879,1.2965,19.922666666666665,80.156,200.82,
FONTIBON,2021-08-01,17.84871969048112,20.009795313342224,15.964123376623377,21.20306451612903,71.47596774193548,1.4167741935483873,,70.325,2.268548387096774,0.944220430107527,0.8279569892473119,0.8924731182795699,1.0,1.0,1.0,0.0,1.0,993049.7034200324,1009066.0409648584,-14.384133715337382,0.0010094997721792,0.0014302332256165,12.712418498028384,-13.81697362960722,0.0015659055699447,1.7764516129032262,20.30483870967742,74.79322580645162,59.14,
FONTIBON,2021-09-01,18.692518595211386,21.950313595236395,16.893093093093093,21.279333333333334,70.01966666666667,1.4666666666666666,,131.505,4.3835,0.9291666666666668,0.925,0.94375,1.0,1.0,1.0,0.0,1.0,993049.7034200324,1009066.0409648584,-15.560763957382616,0.0010114754735676,0.0014834973612325,17.84871969048112,-14.384133715337382,0.0014302332256165,1.4167741935483873,21.20306451612903,71.47596774193548,70.325,
FONTIBON,2021-10-01,19.429731031995672,21.486931818181816,16.788668555240793,21.865483870967747,73.87774193548387,0.950967741935484,,84.555,2.7275806451612903,0.946236559139785,0.9489247311827956,0.9495967741935484,1.0,1.0,1.0,0.0,1.0,993049.7034200324,1009066.0409648584,-7.261539749511133,0.0008446479474252,0.0008032329512934,18.692518595211386,-15.560763957382616,0.0014834973612325,1.4666666666666666,21.279333333333334,70.01966666666667,131.505,
FONTIBON,2021-11-01,21.70343792749658,19.497393960299085,16.349344978165938,21.352666666666664,75.71633333333334,0.9481666666666668,,97.4,3.2466666666666666,0.93125,0.9541666666666668,0.95,1.0,1.0,1.0,0.0,1.0,993049.7034200324,1009066.0409648584,-5.607747414676609,0.0006523730880469,0.0006185584163165,19.429731031995672,-7.261539749511133,0.0008032329512934,0.950967741935484,21.865483870967747,73.87774193548387,84.555,
FONTIBON,2021-12-01,23.49109053747903,18.499888206480374,15.846423357664232,21.65774193548387,75.90532258064516,1.030483870967742,,88.355,2.850161290322581,0.918010752688172,0.9206989247311828,0.9206989247311828,1.0,1.0,1.0,0.0,1.0,993049.7034200324,1009066.0409648584,-7.421928250047937,0.0008060429806288,0.0008306142908448,21.70343792749658,-5.607747414676609,0.0006185584163165,0.9481666666666668,21.352666666666664,75.71633333333334,97.4,
FONTIBON,2022-01-01,23.99212646166239,19.011433752629223,18.4680790960452,21.322903225806453,72.23887096774195,1.141774193548387,,78.78,2.541290322580645,0.8877688172043011,0.9516129032258064,0.9166666666666669,1.0,1.0,1.0,0.0,1.0,993049.7034200324,1009066.0409648584,-11.66480377304855,0.0007656806358897,0.0008742343905586,23.49109053747903,-7.421928250047937,0.0008306142908448,1.030483870967742,21.65774193548387,75.90532258064516,88.355,
FONTIBON,2022-02-01,27.91769184972784,24.225471698113207,,21.138035714285717,75.53464285714287,0.87625,,161.98000000000002,5.785,0.8288690476190477,0.3258928571428571,0.9546130952380952,1.0,1.0,1.0,0.0,1.0,993049.7034200324,1009066.0409648584,-10.862078021068369,0.0007304641528939,0.0006400692139733,23.99212646166239,-11.66480377304855,0.0008742343905586,1.141774193548387,21.322903225806453,72.23887096774195,78.78,
FONTIBON,2022-03-01,25.85276444397035,22.174104912153453,,20.740483870967736,80.84096774193549,0.9201612903225806,,229.485,7.402741935483871,0.9469086021505376,0.0120967741935483,0.9563172043010753,1.0,1.0,1.0,0.0,1.0,993049.7034200324,1009066.0409648584,-13.202724336050736,0.000890187645268,0.000819116212299,27.91769184972784,-10.862078021068369,0.0006400692139733,0.87625,21.138035714285717,75.53464285714287,161.98000000000002,
FONTIBON,2022-04-01,21.91558461227787,21.62154416030705,15.834575260804767,20.738,80.98783333333333,1.1161666666666663,,270.43,9.014333333333331,0.9298611111111112,0.9319444444444444,0.9076388888888888,1.0,1.0,1.0,0.0,1.0,993049.7034200324,1009066.0409648584,-11.620017570494973,0.0007641181594474,0.0008528832189699,25.85276444397035,-13.202724336050736,0.000819116212299,0.9201612903225806,20.740483870967736,80.84096774193549,229.485,
FONTIBON,2022-05-01,15.866686332222551,18.206471494607086,11.830647482014388,20.41435483870968,81.29483870967742,1.167741935483871,,265.89,8.57709677419355,0.9489247311827956,0.9341397849462364,0.9146505376344084,1.0,1.0,1.0,0.0,1.0,993049.7034200324,1009066.0409648584,-6.981226466691695,0.0005299839396214,0.0006188844714289,21.91558461227787,-11.620017570494973,0.0008528832189699,1.1161666666666663,20.738,80.98783333333333,270.43,
FONTIBON,2022-06-01,17.515236652628133,19.84322533136966,12.525730994152047,19.691166666666668,81.93599999999999,1.0764999999999998,,192.52,6.417333333333334,0.9430555555555556,0.95,0.946527777777778,1.0,1.0,1.0,0.0,1.0,993049.7034200324,1009066.0409648584,-9.159517725279049,0.00066250156325,0.0007131829328386,15.866686332222551,-6.981226466691695,0.0006188844714289,1.167741935483871,20.41435483870968,81.29483870967742,265.89,
FONTIBON,2022-07-01,15.955585371866423,17.604099236799968,13.692587209302326,19.991451612903223,79.69016129032258,1.2641935483870967,,209.14,6.7464516129032255,0.9321236559139784,0.9247311827956988,0.9455645161290324,1.0,1.0,1.0,0.0,1.0,993049.7034200324,1009066.0409648584,-14.111870237764114,0.0008857695127865,0.0011197841034226,17.515236652628133,-9.159517725279049,0.0007131829328386,1.0764999999999998,19.691166666666668,81.93599999999999,192.52,
FONTIBON,2022-08-01,18.296482264692973,20.23119331500109,19.071069182389937,19.961129032258064,77.4908064516129,1.3156451612903226,,148.11,4.777741935483871,0.924731182795699,0.8548387096774194,0.9516129032258064,1.0,1.0,1.0,0.0,1.0,993049.7034200324,1009066.0409648584,-14.211023004423748,0.0012982710373152,0.0017080640082871,15.955585371866423,-14.111870237764114,0.0011197841034226,1.2641935483870967,19.991451612903223,79.69016129032258,209.14,
FONTIBON,2022-09-01,22.202716384496384,24.102835157318744,,20.80133333333333,76.13,1.0803333333333334,,128.60500000000002,4.286833333333334,0.9201388888888888,0.2555555555555555,0.9402777777777778,1.0,1.0,1.0,0.0,1.0,993049.7034200324,1009066.0409648584,-11.948127205663964,0.0011115421901933,0.0012008360794721,18.296482264692973,-14.211023004423748,0.0017080640082871,1.3156451612903226,19.961129032258064,77.4908064516129,148.11,
FONTIBON,2022-10-01,18.188944745830824,21.70300773774857,20.38755304101839,20.19661290322581,82.00935483870967,1.1224193548387096,,265.915,8.577903225806452,0.8521505376344087,0.9502688172043012,0.9482526881720432,1.0,1.0,1.0,0.0,1.0,993049.7034200324,1009066.0409648584,-8.117636931472408,0.000511485440909,0.0005741011585945,22.202716384496384,-11.948127205663964,0.0012008360794721,1.0803333333333334,20.80133333333333,76.13,128.60500000000002,
FONTIBON,2022-11-01,19.564311037885584,21.59238731045904,18.644314868804663,19.816666666666663,85.37566666666666,1.0228333333333333,,211.82,7.060666666666666,0.867361111111111,0.9527777777777776,0.9458333333333334,1.0,1.0,1.0,0.0,1.0,993049.7034200324,1009066.0409648584,-6.271113352811618,0.0004374463203887,0.0004474346780376,18.188944745830824,-8.117636931472408,0.0005741011585945,1.1224193548387096,20.19661290322581,82.00935483870967,265.915,
FONTIBON,2022-12-01,21.968756957328385,21.406398454873266,24.602049780380675,19.83967741935484,81.73758064516127,0.9579032258064516,,91.575,2.954032258064516,0.9032258064516128,0.918010752688172,0.9045698924731184,1.0,1.0,1.0,0.0,1.0,993049.7034200324,1009066.0409648584,-0.1022888228744598,0.0009752121872585,0.0009341589000207,19.564311037885584,-6.271113352811618,0.0004474346780376,1.0228333333333333,19.816666666666663,85.37566666666666,211.82,
FONTIBON,2023-01-01,18.53149568414846,20.27087545068246,19.99503546099291,19.343387096774197,81.63354838709678,0.9753225806451612,,199.325,6.429838709677419,0.9475806451612904,0.9475806451612904,0.939516129032258,1.0,1.0,1.0,0.0,1.0,993049.7034200324,1009066.0409648584,0.4399212408408317,0.0006995194551635,0.0006822571202215,21.968756957328385,-0.1022888228744598,0.0009341589000207,0.9579032258064516,19.83967741935484,81.73758064516127,91.575,
FONTIBON,2023-02-01,26.29157235400007,22.98892514106583,25.154317111459967,20.487500000000004,79.1705357142857,0.9660714285714286,,66.155,2.3626785714285714,0.9397321428571428,0.9479166666666666,0.9508928571428572,1.0,1.0,1.0,0.0,1.0,993049.7034200324,1009066.0409648584,-7.955332184819408,0.0012173866438706,0.0011760824541679,18.53149568414846,0.4399212408408317,0.0006822571202215,0.9753225806451612,19.343387096774197,81.63354838709678,199.325,
FONTIBON,2023-03-01,23.203568769279865,21.061267665228065,30.48064971751412,20.439032258064515,82.9551612903226,0.8837096774193548,,201.53,6.500967741935484,0.9469086021505376,0.9516129032258064,0.8776881720430108,1.0,1.0,1.0,0.0,1.0,993049.7034200324,1009066.0409648584,0.986365632126752,0.0009933395915449,0.000877823810012,26.29157235400007,-7.955332184819408,0.0011760824541679,0.9660714285714286,20.487500000000004,79.1705357142857,66.155,
FONTIBON,2023-04-01,19.54676599158502,20.63777892513192,,20.387166666666666,83.339,1.026333333333333,,214.26,7.142,0.9479166666666669,0.6611111111111111,0.9458333333333332,1.0,1.0,1.0,0.0,1.0,993049.7034200324,1009066.0409648584,-5.348578055460415,0.00052516240602,0.0005389916827119,23.203568769279865,0.986365632126752,0.000877823810012,0.8837096774193548,20.439032258064515,82.9551612903226,201.53,
FONTIBON,2023-05-01,16.16712187900128,19.09369164666388,,20.915,81.98193548387097,1.2701612903225803,,186.25,6.008064516129032,0.92002688172043,0.5349462365591398,0.9502688172043012,1.0,1.0,1.0,0.0,1.0,993049.7034200324,1009066.0409648584,-8.295621005335704,0.0008996499355013,0.001142700522915,19.54676599158502,-5.348578055460415,0.0005389916827119,1.026333333333333,20.387166666666666,83.339,214.26,
FONTIBON,2023-06-01,11.953009689876062,14.87608625,,20.131166666666665,79.69266666666667,1.7506666666666666,,123.13,4.104333333333333,0.8784722222222222,0.1416666666666666,0.8513888888888889,1.0,1.0,1.0,0.0,1.0,993049.7034200324,1009066.0409648584,-5.006258139626012,0.0010773240717781,0.0018860353416595,16.16712187900128,-8.295621005335704,0.001142700522915,1.2701612903225803,20.915,81.98193548387097,186.25,
FONTIBON,2023-07-01,14.321291621589133,16.955473182624115,,20.71483870967742,77.74854838709678,1.6716129032258065,,130.345,4.204677419354839,0.9469086021505376,0.075268817204301,0.9495967741935484,1.0,1.0,1.0,0.0,1.0,993049.7034200324,1009066.0409648584,-16.01036268356533,0.0010155146575983,0.0016975474050563,11.953009689876062,-5.006258139626012,0.0018860353416595,1.7506666666666666,20.131166666666665,79.69266666666667,123.13,
FONTIBON,2023-08-01,18.258569030091696,19.739986202601973,,21.24467741935484,73.75096774193548,1.5380645161290325,,121.67,3.9248387096774193,0.9422043010752688,,0.946236559139785,1.0,1.0,1.0,0.0,1.0,993049.7034200324,1009066.0409648584,-20.291723462418485,0.0012768650575168,0.0019639008368517,14.321291621589133,-16.01036268356533,0.0016975474050563,1.6716129032258065,20.71483870967742,77.74854838709678,130.345,
FONTIBON,2023-09-01,22.2177086873312,23.67943471237858,,22.04583333333333,71.80866666666667,1.405333333333333,,118.595,3.953166666666667,0.945138888888889,,0.9291666666666666,1.0,1.0,1.0,0.0,1.0,993049.7034200324,1009066.0409648584,-20.1246653921852,0.0019138064275842,0.0026895359662317,18.258569030091696,-20.291723462418485,0.0019639008368517,1.5380645161290325,21.24467741935484,73.75096774193548,121.67,
FONTIBON,2023-10-01,19.966029188814,24.733666561298136,,21.59193548387097,78.065,0.9483870967741934,,197.22,6.361935483870967,0.944220430107527,0.6223118279569892,0.9435483870967742,1.0,1.0,1.0,0.0,1.0,993049.7034200324,1009066.0409648584,-4.912150935539238,0.0007802718948448,0.0007399997970464,22.2177086873312,-20.1246653921852,0.0026895359662317,1.405333333333333,22.04583333333333,71.80866666666667,118.595,
FONTIBON,2023-11-01,20.041067257069137,22.210061627102128,14.430232558139537,21.15983333333333,79.9895,1.0395,,180.135,6.0045,0.9458333333333334,0.8958333333333334,0.9409722222222222,1.0,1.0,1.0,0.0,1.0,993049.7034200324,1009066.0409648584,-10.66291604535946,0.0007618961208583,0.0007919910176322,19.966029188814,-4.912150935539238,0.0007399997970464,0.9483870967741934,21.59193548387097,78.065,197.22,
FONTIBON,2023-12-01,24.5686676237762,22.537227034120736,14.156111929307803,21.51870967741936,78.97112903225806,0.9980645161290322,,125.095,4.035322580645161,0.8299731182795699,0.9126344086021504,0.8541666666666667,1.0,1.0,1.0,0.0,1.0,993049.7034200324,1009066.0409648584,-9.486506680922272,0.0009039144903169,0.0009021649784002,20.041067257069137,-10.66291604535946,0.0007919910176322,1.0395,21.15983333333333,79.9895,180.135,
FONTIBON,2024-01-01,26.204568862785152,22.42997424128327,18.69661971830985,22.37225806451613,69.49645161290323,1.1646774193548388,,26.465,0.8537096774193548,0.9522849462365592,0.9543010752688172,0.9220430107526882,1.0,1.0,1.0,0.0,1.0,993049.7034200324,1009066.0409648584,-16.078677640828467,0.0010476522622695,0.0012201769332013,24.5686676237762,-9.486506680922272,0.0009021649784002,0.9980645161290322,21.51870967741936,78.97112903225806,125.095,
FONTIBON,2024-02-01,26.247609826452926,21.562178331916044,14.311332312404287,22.74362068965517,73.05413793103448,1.2101724137931034,,90.895,3.134310344827586,0.9245689655172412,0.9382183908045976,0.9346264367816092,1.0,1.0,1.0,0.0,1.0,993049.7034200324,1009066.0409648584,-11.592663261928404,0.0009177057060878,0.0011105821294879,26.204568862785152,-16.078677640828467,0.0012201769332013,1.1646774193548388,22.37225806451613,69.49645161290323,26.465,
FONTIBON,2024-03-01,35.01060519676593,24.321233277812222,21.07852062588905,23.543064516129032,70.11258064516129,1.136290322580645,,79.965,2.5795161290322577,0.944220430107527,0.9448924731182796,0.9536290322580646,1.0,1.0,1.0,0.0,1.0,993049.7034200324,1009066.0409648584,-17.70608629713304,0.001132101411901,0.001286395878523,26.247609826452926,-11.592663261928404,0.0011105821294879,1.2101724137931034,22.74362068965517,73.05413793103448,90.895,
FONTIBON,2024-04-01,27.352730315493723,26.8756388095192,18.522254758418743,22.408166666666663,76.00800000000001,0.966,,245.18,8.172666666666666,0.9472222222222222,0.9486111111111112,0.9548611111111112,1.0,1.0,1.0,0.0,1.0,993049.7034200324,1009066.0409648584,-8.952362791759185,0.0005881771775962,0.0005681791535579,35.01060519676593,-17.70608629713304,0.001286395878523,1.136290322580645,23.543064516129032,70.11258064516129,79.965,
FONTIBON,2024-05-01,15.989955910516237,19.608771548602057,7.668926553672317,21.394354838709678,83.19677419354838,1.159516129032258,,360.305,11.622741935483871,0.9475806451612904,0.9516129032258064,0.926747311827957,1.0,1.0,1.0,0.0,1.0,993049.7034200324,1009066.0409648584,-15.467754091252726,0.001047030832094,0.0012140491374071,27.352730315493723,-8.952362791759185,0.0005681791535579,0.966,22.408166666666663,76.00800000000001,245.18,
FONTIBON,2024-06-01,13.890394409719075,19.38824224989949,7.936310395314788,20.70883333333333,82.4705,1.2726666666666666,,265.92,8.864,0.9472222222222222,0.9486111111111112,0.8784722222222222,1.0,1.0,1.0,0.0,1.0,993049.7034200324,1009066.0409648584,-11.077521678030614,0.0007618507105489,0.0009695820042919,15.989955910516237,-15.467754091252726,0.0012140491374071,1.159516129032258,21.394354838709678,83.19677419354838,360.305,
FONTIBON,2024-07-01,11.020274961719206,18.302078675321557,9.26949152542373,20.301290322580645,80.58467741935483,1.7080645161290329,,117.03,3.775161290322581,0.9495967741935484,0.9516129032258064,0.907258064516129,1.0,1.0,1.0,0.0,1.0,993049.7034200324,1009066.0409648584,-12.041255728594566,0.0008049718800481,0.0013749439047919,13.890394409719075,-11.077521678030614,0.0009695820042919,1.2726666666666666,20.70883333333333,82.4705,265.92,
FONTIBON,2024-08-01,19.647978606041143,24.013437375666427,15.40394366197183,21.011612903225807,74.62741935483871,1.4606451612903228,,62.30499999999999,2.0098387096774197,0.9529569892473118,0.9543010752688172,0.9516129032258066,1.0,1.0,1.0,0.0,1.0,993049.7034200324,1009066.0409648584,-19.45653175091467,0.0019433385140515,0.0028385279972985,11.020274961719206,-12.041255728594566,0.0013749439047919,1.7080645161290329,20.301290322580645,80.58467741935483,117.03,
FONTIBON,2024-09-01,19.38701763938517,23.015919230700867,17.586569343065694,22.100166666666667,70.57166666666666,1.3843333333333334,,85.955,2.865166666666666,0.9319444444444444,0.9513888888888888,0.9222222222222224,1.0,1.0,1.0,0.0,1.0,993049.7034200324,1009066.0409648584,-6.445627162978276,0.0016432366582445,0.0022747872805632,19.647978606041143,-19.45653175091467,0.0028385279972985,1.4606451612903228,21.011612903225807,74.62741935483871,62.30499999999999,
FONTIBON,2024-10-01,17.196739130434782,21.595703703703705,17.586901408450704,21.48548387096774,76.80596774193549,1.0862903225806453,,169.78,5.476774193548387,0.790994623655914,0.9543010752688172,0.7829301075268817,1.0,1.0,1.0,0.0,1.0,993049.7034200324,1009066.0409648584,-6.420105048829026,0.0008181031106188,0.0008886974919383,19.38701763938517,-6.445627162978276,0.0022747872805632,1.3843333333333334,22.100166666666667,70.57166666666666,85.955,
FONTIBON,2024-11-01,16.41267104760351,24.495468837619164,11.093421052631578,20.635666666666665,82.92283333333333,0.997,,192.665,6.422166666666667,0.93125,0.95,0.9479166666666669,1.0,1.0,1.0,0.0,1.0,993049.7034200324,1009066.0409648584,3.9157796454052143,0.000579662230786,0.0005779232440937,17.196739130434782,-6.420105048829026,0.0008886974919383,1.0862903225806453,21.48548387096774,76.80596774193549,169.78,
FONTIBON,2024-12-01,19.99099700838245,22.48754673494968,15.055589123867067,21.102096774193548,81.01419354838708,0.9287096774193548,,171.2,5.522580645161291,0.9166666666666666,0.8897849462365591,0.9240591397849462,1.0,1.0,1.0,0.0,1.0,993049.7034200324,1009066.0409648584,-0.5061728890259864,0.0008858548913348,0.0008227020103719,16.41267104760351,3.9157796454052143,0.0005779232440937,0.997,20.635666666666665,82.92283333333333,192.665,
KENNEDY,2020-01-01,23.64844192634561,17.867042253521127,21.17669491525424,18.848064516129032,79.68354838709678,1.5032258064516129,,23.51,0.7583870967741935,0.9543010752688172,0.9516129032258064,0.9489247311827956,1.0,1.0,1.0,0.0,1.0,991660.3857957564,1003776.4359295672,-13.69853950897099,0.0008982175612846,0.0013502238179311,,,,,,,,
KENNEDY,2020-02-01,28.85090361445783,22.743543543543545,20.39036144578313,19.266896551724138,76.77137931034483,1.3617241379310343,,132.39,4.565172413793103,0.956896551724138,0.9540229885057472,0.9540229885057472,1.0,1.0,1.0,0.0,1.0,991660.3857957564,1003776.4359295672,-2.0078686259263527,0.0003034302154501,0.0004131882485561,23.64844192634561,-13.69853950897099,0.0013502238179311,1.5032258064516129,18.848064516129032,79.68354838709678,23.51,
KENNEDY,2020-03-01,38.65169971671388,18.68236953455571,29.263366336633663,19.381612903225808,80.22322580645161,1.0503225806451613,,106.01,3.419677419354839,0.952956989247312,0.9502688172043012,0.9489247311827956,1.0,1.0,1.0,0.0,1.0,991660.3857957564,1003776.4359295672,-3.2703770817945497,0.0002028516940441,0.0002130597147766,28.85090361445783,-2.0078686259263527,0.0004131882485561,1.3617241379310343,19.266896551724138,76.77137931034483,132.39,
KENNEDY,2020-04-01,18.430088495575223,15.013642960812772,21.87973760932945,19.68166666666667,79.98333333333333,0.8903333333333333,,156.11,5.203666666666667,0.9569444444444444,0.9527777777777776,0.9416666666666668,1.0,1.0,1.0,0.0,1.0,991660.3857957564,1003776.4359295672,-1.4751255934867196,0.0001629387846563,0.0001450698312723,38.65169971671388,-3.2703770817945497,0.0002130597147766,1.0503225806451613,19.381612903225808,80.22322580645161,106.01,
KENNEDY,2020-05-01,12.915254237288137,17.10646976090014,11.449295774647888,19.64967741935484,78.75709677419356,1.1441935483870966,,140.88,4.5445161290322575,0.9556451612903226,0.9543010752688172,0.9516129032258064,1.0,1.0,1.0,0.0,1.0,991660.3857957564,1003776.4359295672,-1.1831254929929145,9.893800168009936e-05,0.0001132042232126,18.430088495575223,-1.4751255934867196,0.0001450698312723,0.8903333333333333,19.68166666666667,79.98333333333333,156.11,
KENNEDY,2020-06-01,15.013762811127378,16.472992700729925,,18.52533333333333,79.155,1.244,,312.54,10.418,0.9513888888888888,0.6111111111111112,0.9486111111111112,1.0,1.0,1.0,0.0,1.0,991660.3857957564,1003776.4359295672,-5.512932791318947,0.000336563589959,0.000418685105909,12.915254237288137,-1.1831254929929145,0.0001132042232126,1.1441935483870966,19.64967741935484,78.75709677419356,140.88,
KENNEDY,2020-07-01,16.473541963015645,16.820956399437414,13.584117647058823,18.291935483870965,78.14645161290322,1.1312903225806452,,205.21,6.619677419354839,0.9556451612903226,0.913978494623656,0.9448924731182796,1.0,1.0,1.0,0.0,1.0,991660.3857957564,1003776.4359295672,-5.073631741423228,0.000487393834786,0.0005513839285788,15.013762811127378,-5.512932791318947,0.000418685105909,1.244,18.52533333333333,79.155,312.54,
KENNEDY,2020-08-01,16.47157001414427,16.175386779184247,16.47918424753868,18.786129032258064,77.94483870967741,1.1151612903225807,,121.34,3.914193548387097,0.9556451612903226,0.9556451612903226,0.9502688172043012,1.0,1.0,1.0,0.0,1.0,991660.3857957564,1003776.4359295672,-3.038018057309316,0.000294481813268,0.0003283947188605,16.473541963015645,-5.073631741423228,0.0005513839285788,1.1312903225806452,18.291935483870965,78.14645161290322,205.21,
KENNEDY,2020-09-01,18.303571428571427,19.423460410557183,19.125766871165645,18.94533333333333,76.04299999999999,1.134,,119.27,3.975666666666667,0.9472222222222222,0.9055555555555556,0.9333333333333332,1.0,1.0,1.0,0.0,1.0,991660.3857957564,1003776.4359295672,-6.960924818443596,0.0005506517219959,0.0006244390527433,16.47157001414427,-3.038018057309316,0.0003283947188605,1.1151612903225807,18.786129032258064,77.94483870967741,121.34,
KENNEDY,2020-10-01,18.043661971830986,18.06332863187588,20.170524691358025,19.17096774193548,72.35612903225807,1.274516129032258,,60.73,1.959032258064516,0.952956989247312,0.8709677419354839,0.9543010752688172,1.0,1.0,1.0,0.0,1.0,991660.3857957564,1003776.4359295672,1.6819414622699114,0.0002027612398279,0.0002584224705032,18.303571428571427,-6.960924818443596,0.0006244390527433,1.134,18.94533333333333,76.04299999999999,119.27,
KENNEDY,2020-11-01,23.7014598540146,18.027007299270075,17.664139941690962,18.61133333333333,81.52933333333334,0.8076666666666666,,71.11,2.3703333333333334,0.9513888888888888,0.9527777777777776,0.9513888888888888,1.0,1.0,1.0,0.0,1.0,991660.3857957564,1003776.4359295672,3.3784719005664705,0.0005978103327005,0.0004828314787111,18.043661971830986,1.6819414622699114,0.0002584224705032,1.274516129032258,19.17096774193548,72.35612903225807,60.73,
KENNEDY,2020-12-01,25.46696035242291,18.723364485981307,21.59093567251462,19.31935483870968,74.79225806451613,0.8703225806451613,,113.99,3.677096774193549,0.8629032258064516,0.9193548387096774,0.9153225806451613,1.0,1.0,1.0,0.0,1.0,991660.3857957564,1003776.4359295672,-3.259823866690919,0.0003398988749713,0.0002958216660234,23.7014598540146,3.3784719005664705,0.0004828314787111,0.8076666666666666,18.61133333333333,81.52933333333334,71.11,
KENNEDY,2021-01-01,22.07692307692308,18.709014084507043,21.411637931034484,18.83806451612904,73.38612903225807,1.0696774193548386,,105.14,3.3916129032258064,0.9543010752688172,0.935483870967742,0.9435483870967742,1.0,1.0,1.0,0.0,1.0,991660.3857957564,1003776.4359295672,-10.785024238253005,0.0005959954383551,0.0006375228624469,25.46696035242291,-3.259823866690919,0.0002958216660234,0.8703225806451613,19.31935483870968,74.79225806451613,113.99,
KENNEDY,2021-02-01,24.52280701754385,19.522115384615383,21.708038585209003,19.62071428571429,74.44678571428572,1.0442857142857145,,98.38,3.5135714285714283,0.9285714285714286,0.925595238095238,0.9330357142857144,1.0,1.0,1.0,0.0,1.0,991660.3857957564,1003776.4359295672,-2.274693451540891,0.0004216314479793,0.0004403036978183,22.07692307692308,-10.785024238253005,0.0006375228624469,1.0696774193548386,18.83806451612904,73.38612903225807,105.14,
KENNEDY,2021-03-01,25.095778748180493,21.6704802259887,19.67012987012987,18.69483870967742,79.48903225806451,0.9319354838709678,,132.12,4.261935483870968,0.9516129032258064,0.9314516129032258,0.9233870967741936,1.0,1.0,1.0,0.0,1.0,991660.3857957564,1003776.4359295672,4.682252619004071,0.0006942622271269,0.0006470076045708,24.52280701754385,-2.274693451540891,0.0004403036978183,1.0442857142857145,19.62071428571429,74.44678571428572,98.38,
KENNEDY,2021-04-01,19.619823788546256,17.520262390670553,,19.200333333333333,79.31633333333333,0.9443333333333334,,176.72,5.890666666666666,0.9527777777777776,0.6722222222222223,0.9458333333333332,1.0,1.0,1.0,0.0,1.0,991660.3857957564,1003776.4359295672,-16.45056722370517,0.0009156301529879,0.0008646600744716,25.095778748180493,4.682252619004071,0.0006470076045708,0.9319354838709678,18.69483870967742,79.48903225806451,132.12,
KENNEDY,2021-05-01,14.54644012944984,16.324473257698543,13.524306688417616,19.156774193548387,78.49290322580646,1.1796774193548387,,53.85,1.7370967741935484,0.8293010752688172,0.8239247311827957,0.8306451612903226,1.0,1.0,1.0,0.0,1.0,991660.3857957564,1003776.4359295672,2.5678520345116294,0.0004265629311986,0.0005032066578688,19.619823788546256,-16.45056722370517,0.0008646600744716,0.9443333333333334,19.200333333333333,79.31633333333333,176.72,
KENNEDY,2021-06-01,,18.06495867768595,,18.355666666666664,79.12733333333334,1.1006666666666665,,196.89,6.563,0.8402777777777778,0.7041666666666667,0.6958333333333333,1.0,1.0,1.0,0.0,1.0,991660.3857957564,1003776.4359295672,,,,14.54644012944984,2.5678520345116294,0.0005032066578688,1.1796774193548387,19.156774193548387,78.49290322580646,53.85,
KENNEDY,2021-07-01,10.61890694239291,16.456592592592592,,18.631612903225808,75.01322580645162,1.6390322580645162,,57.61,1.8583870967741936,0.907258064516129,0.6612903225806451,0.9099462365591398,1.0,1.0,1.0,0.0,1.0,991660.3857957564,1003776.4359295672,9.79759583226956,0.000564969954676,0.0009260039805512,,,,1.1006666666666665,18.355666666666664,79.12733333333334,196.89,
KENNEDY,2021-08-01,19.025633802816905,20.51237553342817,13.475892857142856,19.18290322580645,73.33967741935484,1.2638709677419355,,71.11,2.293870967741936,0.9448924731182796,0.9032258064516128,0.9543010752688172,1.0,1.0,1.0,0.0,1.0,991660.3857957564,1003776.4359295672,-0.9582960303021224,0.0001246489523228,0.0001575401920002,10.61890694239291,9.79759583226956,0.0009260039805512,1.6390322580645162,18.631612903225808,75.01322580645162,57.61,
KENNEDY,2021-09-01,19.35422740524781,23.80439238653001,14.88619676945668,19.143,72.27333333333333,1.2813333333333332,,145.0,4.833333333333333,0.9486111111111112,0.9458333333333332,0.9527777777777776,1.0,1.0,1.0,0.0,1.0,991660.3857957564,1003776.4359295672,4.009057982848535,0.0003441559072324,0.0004409784358005,19.025633802816905,-0.9582960303021224,0.0001575401920002,1.2638709677419355,19.18290322580645,73.33967741935484,71.11,
KENNEDY,2021-10-01,22.58333333333333,24.56443812233286,14.642938659058489,19.622903225806454,76.90709677419355,0.8551612903225807,,96.44,3.110967741935484,0.9448924731182796,0.9422043010752688,0.9516129032258064,1.0,1.0,1.0,0.0,1.0,991660.3857957564,1003776.4359295672,4.413229302837511,0.0005925449193509,0.0005067214778062,19.35422740524781,4.009057982848535,0.0004409784358005,1.2813333333333332,19.143,72.27333333333333,145.0,
KENNEDY,2021-11-01,24.22235123367199,20.95491923641704,13.39766423357664,19.259666666666664,77.90433333333334,0.9016666666666668,,86.48,2.8826666666666667,0.9458333333333332,0.9513888888888888,0.9569444444444444,1.0,1.0,1.0,0.0,1.0,991660.3857957564,1003776.4359295672,0.7627439562247034,0.0007255271604469,0.0006541836563363,22.58333333333333,4.413229302837511,0.0005067214778062,0.8551612903225807,19.622903225806454,76.90709677419355,96.44,
KENNEDY,2021-12-01,26.19855072463768,19.824415204678363,12.354319180087847,19.739032258064515,76.7441935483871,1.0374193548387096,,65.48,2.112258064516129,0.9193548387096774,0.918010752688172,0.9274193548387096,1.0,1.0,1.0,0.0,1.0,991660.3857957564,1003776.4359295672,-15.990732854384907,0.0009400193326319,0.0009751942495949,24.22235123367199,0.7627439562247034,0.0006541836563363,0.9016666666666668,19.259666666666664,77.90433333333334,86.48,
KENNEDY,2022-01-01,23.76096181046676,19.47496443812233,14.192592592592591,19.448709677419355,71.82548387096774,1.1783870967741936,,57.49,1.854516129032258,0.9448924731182796,0.9435483870967742,0.9502688172043012,1.0,1.0,1.0,0.0,1.0,991660.3857957564,1003776.4359295672,-13.373161527980766,0.0008280065072372,0.0009757121841733,26.19855072463768,-15.990732854384907,0.0009751942495949,1.0374193548387096,19.739032258064515,76.7441935483871,65.48,
KENNEDY,2022-02-01,26.77433070866142,18.884458398744112,15.50235849056604,19.290714285714284,75.20714285714287,0.8960714285714285,,131.69,4.703214285714286,0.9479166666666666,0.9464285714285714,0.9449404761904762,1.0,1.0,1.0,0.0,1.0,991660.3857957564,1003776.4359295672,-8.495852625762495,0.000640577876681,0.0005740035330688,23.76096181046676,-13.373161527980766,0.0009757121841733,1.1783870967741936,19.448709677419355,71.82548387096774,57.49,
KENNEDY,2022-03-01,26.14205344585092,18.25593705293276,11.888793103448275,18.86483870967741,81.53903225806452,0.8858064516129033,,199.88,6.447741935483871,0.939516129032258,0.935483870967742,0.9556451612903226,1.0,1.0,1.0,0.0,1.0,991660.3857957564,1003776.4359295672,-12.307348873352773,0.0007429367616439,0.0006580981766045,26.77433070866142,-8.495852625762495,0.0005740035330688,0.8960714285714285,19.290714285714284,75.20714285714287,131.69,
KENNEDY,2022-04-01,20.91266375545852,17.13967551622419,,18.88,81.47,0.995,,260.12,8.670666666666667,0.9416666666666668,0.5319444444444444,0.9541666666666668,1.0,1.0,1.0,0.0,1.0,991660.3857957564,1003776.4359295672,-6.607380201548416,0.0005286017253266,0.0005259587167,26.14205344585092,-12.307348873352773,0.0006580981766045,0.8858064516129033,18.86483870967741,81.53903225806452,199.88,
KENNEDY,2022-05-01,16.393777134587555,18.140793201133143,,18.71741935483871,80.96806451612903,0.9874193548387096,,319.0,10.290322580645162,0.9489247311827956,0.4462365591397849,0.928763440860215,1.0,1.0,1.0,0.0,1.0,991660.3857957564,1003776.4359295672,4.75050949322655,0.0007563742885046,0.0007468586119718,20.91266375545852,-6.607380201548416,0.0005259587167,0.995,18.88,81.47,260.12,
KENNEDY,2022-06-01,18.20581039755352,19.91955882352941,,17.939666666666668,81.945,0.9073333333333332,,207.29,6.909666666666666,0.9444444444444444,,0.9083333333333332,1.0,1.0,1.0,0.0,1.0,991660.3857957564,1003776.4359295672,4.242970142381893,0.0007461990202297,0.0006770512443551,16.393777134587555,4.75050949322655,0.0007468586119718,0.9874193548387096,18.71741935483871,80.96806451612903,319.0,
KENNEDY,2022-07-01,15.488732394366195,19.37049645390071,,18.19483870967742,79.52129032258064,1.1383870967741936,,228.31,7.36483870967742,0.9475806451612904,0.592741935483871,0.9543010752688172,1.0,1.0,1.0,0.0,1.0,991660.3857957564,1003776.4359295672,-4.664488215726545,0.0003814006793604,0.0004341816120848,18.20581039755352,4.242970142381893,0.0006770512443551,0.9073333333333332,17.939666666666668,81.945,207.29,
KENNEDY,2022-08-01,,,,18.116774193548387,77.78548387096774,1.2158064516129032,,162.59,5.24483870967742,0.4690860215053763,0.4690860215053763,0.4731182795698925,1.0,1.0,1.0,0.0,1.0,991660.3857957564,1003776.4359295672,,,,15.488732394366195,-4.664488215726545,0.0004341816120848,1.1383870967741936,18.19483870967742,79.52129032258064,228.31,
KENNEDY,2022-09-01,,,,18.666,78.09733333333334,1.0056666666666667,,135.09,4.503,0.2666666666666666,0.2680555555555555,0.2680555555555555,1.0,1.0,1.0,0.0,1.0,991660.3857957564,1003776.4359295672,,,,,,,1.2158064516129032,18.116774193548387,77.78548387096774,162.59,
KENNEDY,2022-10-01,17.76280400572246,23.774857954545453,15.926099290780142,18.324193548387097,83.24870967741936,1.0612903225806452,,252.6,8.148387096774194,0.946236559139785,0.9475806451612904,0.939516129032258,1.0,1.0,1.0,0.0,1.0,991660.3857957564,1003776.4359295672,3.025695166659668,0.0004450334641858,0.000472309708765,,,,1.0056666666666667,18.666,78.09733333333334,135.09,
KENNEDY,2022-11-01,19.80396825396825,20.997510980966325,15.608491947291364,17.981333333333332,87.00733333333332,0.9713333333333334,,179.19,5.973,0.9486111111111112,0.9486111111111112,0.875,1.0,1.0,1.0,0.0,1.0,991660.3857957564,1003776.4359295672,2.2930310973379413,0.0003929938300625,0.0003817280069341,17.76280400572246,3.025695166659668,0.000472309708765,1.0612903225806452,18.324193548387097,83.24870967741936,252.6,
KENNEDY,2022-12-01,29.551090342679128,21.994598540145983,18.95379008746356,18.003548387096775,82.19999999999999,0.9396774193548388,,70.75,2.282258064516129,0.9206989247311828,0.922043010752688,0.8629032258064516,1.0,1.0,1.0,0.0,1.0,991660.3857957564,1003776.4359295672,-22.817446707525765,0.0014344930977328,0.0013479607721599,19.80396825396825,2.2930310973379413,0.0003817280069341,0.9713333333333334,17.981333333333332,87.00733333333332,179.19,
KENNEDY,2023-01-01,24.55767511177348,20.186206896551724,17.782372881355933,17.54,82.15516129032258,0.9661290322580643,,181.32,5.849032258064516,0.896505376344086,0.793010752688172,0.9018817204301076,1.0,1.0,1.0,0.0,1.0,991660.3857957564,1003776.4359295672,-16.426666162236565,0.0010673812629316,0.0010312280266065,29.551090342679128,-22.817446707525765,0.0013479607721599,0.9396774193548388,18.003548387096775,82.19999999999999,70.75,
KENNEDY,2023-02-01,32.28846153846154,21.23817891373801,18.892172523961666,18.75321428571429,78.37249999999999,0.9896428571428572,,54.03,1.9296428571428568,0.9315476190476192,0.9315476190476192,0.9285714285714286,1.0,1.0,1.0,0.0,1.0,991660.3857957564,1003776.4359295672,-23.913577267394317,0.0014818706650372,0.0014665227188636,24.55767511177348,-16.426666162236565,0.0010312280266065,0.9661290322580643,17.54,82.15516129032258,181.32,
KENNEDY,2023-03-01,31.71929824561404,19.20225988700565,20.135311143270624,18.51451612903226,84.31870967741936,0.8709677419354839,,165.16,5.32774193548387,0.9516129032258064,0.928763440860215,0.9193548387096774,1.0,1.0,1.0,0.0,1.0,991660.3857957564,1003776.4359295672,-25.489581209858645,0.0016235555407591,0.0014140645032418,32.28846153846154,-23.913577267394317,0.0014665227188636,0.9896428571428572,18.75321428571429,78.37249999999999,54.03,
KENNEDY,2023-04-01,21.234131736526944,23.041002949852505,16.24948905109489,18.597666666666665,83.93033333333332,0.8996666666666666,,218.01,7.266999999999999,0.9416666666666668,0.9513888888888888,0.9277777777777778,1.0,1.0,1.0,0.0,1.0,991660.3857957564,1003776.4359295672,-5.31517371501387,0.0004919024822139,0.0004425482664985,31.71929824561404,-25.489581209858645,0.0014140645032418,0.8709677419354839,18.51451612903226,84.31870967741936,165.16,
KENNEDY,2023-05-01,19.21048034934498,12.737240356083085,10.919298245614035,19.260322580645163,81.58612903225807,1.115483870967742,,220.91,7.126129032258064,0.9059139784946236,0.9193548387096774,0.9233870967741936,1.0,1.0,1.0,0.0,1.0,991660.3857957564,1003776.4359295672,-14.37637532728759,0.0009125123227717,0.0010178927781111,21.234131736526944,-5.31517371501387,0.0004425482664985,0.8996666666666666,18.597666666666665,83.93033333333332,218.01,
KENNEDY,2023-06-01,18.25426356589148,13.452095808383234,7.166006097560975,18.427666666666667,79.40100000000001,1.6053333333333333,,151.78,5.059333333333333,0.9277777777777778,0.9111111111111112,0.8958333333333334,1.0,1.0,1.0,0.0,1.0,991660.3857957564,1003776.4359295672,-26.30964954826389,0.0016503829910542,0.0026494148283057,19.21048034934498,-14.37637532728759,0.0010178927781111,1.115483870967742,19.260322580645163,81.58612903225807,220.91,
KENNEDY,2023-07-01,13.158730158730158,15.608203677510607,7.843262411347518,18.774193548387096,78.48967741935483,1.717741935483871,,151.41,4.884193548387096,0.9502688172043012,0.9475806451612904,0.9314516129032258,1.0,1.0,1.0,0.0,1.0,991660.3857957564,1003776.4359295672,-9.020862792063893,0.0007045042084703,0.0012101564226143,18.25426356589148,-26.30964954826389,0.0026494148283057,1.6053333333333333,18.427666666666667,79.40100000000001,151.78,
KENNEDY,2023-08-01,14.125652173913045,19.365957446808512,10.9977304964539,18.86903225806452,76.52032258064517,1.5912903225806452,,131.76,4.250322580645161,0.9475806451612904,0.9475806451612904,0.9274193548387096,1.0,1.0,1.0,0.0,1.0,991660.3857957564,1003776.4359295672,5.699843107406641,0.0009358792100002,0.0014892555299778,13.158730158730158,-9.020862792063893,0.0012101564226143,1.717741935483871,18.774193548387096,78.48967741935483,151.41,
KENNEDY,2023-09-01,,25.115036496350363,13.074198988195617,19.59466666666667,75.409,1.4340000000000002,,139.46,4.648666666666667,0.9513888888888888,0.8236111111111111,0.6069444444444444,1.0,1.0,1.0,0.0,1.0,991660.3857957564,1003776.4359295672,,,,14.125652173913045,5.699843107406641,0.0014892555299778,1.5912903225806452,18.86903225806452,76.52032258064517,131.76,
KENNEDY,2023-10-01,23.687835926449782,23.8736170212766,,19.38935483870968,80.40064516129033,0.9116129032258063,,200.76,6.476129032258064,0.9475806451612904,0.5564516129032258,0.9502688172043012,1.0,1.0,1.0,0.0,1.0,991660.3857957564,1003776.4359295672,-8.444784193662718,0.0010510154780351,0.0009581192712669,,,,1.4340000000000002,19.59466666666667,75.409,139.46,
KENNEDY,2023-11-01,20.524669603524227,20.643906020558003,9.721764705882354,19.18,81.34533333333334,0.989,,170.2,5.673333333333333,0.9458333333333332,0.9444444444444444,0.9458333333333332,1.0,1.0,1.0,0.0,1.0,991660.3857957564,1003776.4359295672,-3.57590819340955,0.0008792858129515,0.000869613669009,23.687835926449782,-8.444784193662718,0.0009581192712669,0.9116129032258063,19.38935483870968,80.40064516129033,200.76,
KENNEDY,2023-12-01,26.71010273972603,20.36579330422125,10.976204379562043,19.54258064516129,80.67806451612903,1.0270967741935484,,133.78,4.315483870967742,0.9233870967741936,0.9206989247311828,0.7849462365591398,1.0,1.0,1.0,0.0,1.0,991660.3857957564,1003776.4359295672,-10.445779048327855,0.0009640132994073,0.0009901349501009,20.524669603524227,-3.57590819340955,0.000869613669009,0.989,19.18,81.34533333333334,170.2,
KENNEDY,2024-01-01,22.95666131621188,21.567957746478875,13.670128022759602,20.018387096774195,71.83064516129032,1.3596774193548389,,19.18,0.6187096774193548,0.7634408602150538,0.9448924731182796,0.8373655913978495,1.0,1.0,1.0,0.0,1.0,991660.3857957564,1003776.4359295672,3.973939709236568,0.0008481944188941,0.0011532707985932,26.71010273972603,-10.445779048327855,0.0009901349501009,1.0270967741935484,19.54258064516129,80.67806451612903,133.78,
KENNEDY,2024-02-01,20.876992481203008,15.52308868501529,14.246341463414634,20.71896551724138,74.39793103448275,1.2134482758620688,,67.75,2.336206896551724,0.9396551724137931,0.942528735632184,0.9554597701149424,1.0,1.0,1.0,0.0,1.0,991660.3857957564,1003776.4359295672,10.26021089286078,0.0008743883326711,0.0010610250147137,22.95666131621188,3.973939709236568,0.0011532707985932,1.3596774193548389,20.018387096774195,71.83064516129032,19.18,
KENNEDY,2024-03-01,28.79858956276446,18.94836415362732,16.555728429985855,21.388387096774192,71.98322580645161,1.1596774193548387,,80.08,2.5832258064516127,0.9448924731182796,0.9502688172043012,0.952956989247312,1.0,1.0,1.0,0.0,1.0,991660.3857957564,1003776.4359295672,15.73194681330871,0.0009698475687196,0.0011247103256603,20.876992481203008,10.26021089286078,0.0010610250147137,1.2134482758620688,20.71896551724138,74.39793103448275,67.75,
KENNEDY,2024-04-01,24.246745562130176,21.99868035190616,14.060850439882698,20.540666666666667,76.39433333333334,0.9806666666666666,,223.34,7.444666666666666,0.9472222222222222,0.9472222222222222,0.9388888888888888,1.0,1.0,1.0,0.0,1.0,991660.3857957564,1003776.4359295672,9.62175634592899,0.000688057898961,0.0006747554462477,28.79858956276446,15.73194681330871,0.0011247103256603,1.1596774193548387,21.388387096774192,71.98322580645161,80.08,
KENNEDY,2024-05-01,12.575458392101552,18.381985815602835,5.498290598290598,19.726774193548387,82.56838709677419,0.9661290322580643,,371.83,11.994516129032258,0.9475806451612904,0.9435483870967742,0.952956989247312,1.0,1.0,1.0,0.0,1.0,991660.3857957564,1003776.4359295672,5.846954923419691,0.0007787269928186,0.000752350755965,24.246745562130176,9.62175634592899,0.0006747554462477,0.9806666666666666,20.540666666666667,76.39433333333334,223.34,
KENNEDY,2024-06-01,11.883090379008747,19.318235294117645,5.461820851688693,19.017666666666667,81.55966666666667,1.1303333333333332,,247.96,8.265333333333334,0.9444444444444444,0.9458333333333332,0.9527777777777776,1.0,1.0,1.0,0.0,1.0,991660.3857957564,1003776.4359295672,3.713320349484869,0.0006775017763178,0.0007658028411646,12.575458392101552,5.846954923419691,0.000752350755965,0.9661290322580643,19.726774193548387,82.56838709677419,371.83,
KENNEDY,2024-07-01,9.075212464589235,18.147375886524824,6.4463172804532585,18.71451612903226,80.19419354838709,1.4970967741935486,,128.74,4.152903225806452,0.9475806451612904,0.9489247311827956,0.9489247311827956,1.0,1.0,1.0,0.0,1.0,991660.3857957564,1003776.4359295672,5.201510735280353,0.0007596570588069,0.0011372801322332,11.883090379008747,3.713320349484869,0.0007658028411646,1.1303333333333332,19.017666666666667,81.55966666666667,247.96,
KENNEDY,2024-08-01,,,,18.966451612903228,75.88193548387098,1.470967741935484,,59.62,1.9232258064516128,0.6263440860215054,0.6263440860215054,0.6223118279569892,1.0,1.0,1.0,0.0,1.0,991660.3857957564,1003776.4359295672,,,,9.075212464589235,5.201510735280353,0.0011372801322332,1.4970967741935486,18.71451612903226,80.19419354838709,128.74,
KENNEDY,2024-09-01,,,,19.767666666666667,73.34766666666665,1.438,,85.99,2.866333333333333,0.6416666666666667,0.5375,0.6333333333333333,1.0,1.0,1.0,0.0,1.0,991660.3857957564,1003776.4359295672,,,,,,,1.470967741935484,18.966451612903228,75.88193548387098,59.62,
KENNEDY,2024-10-01,20.680945347119646,22.54589928057554,18.3516501650165,19.448709677419355,77.96000000000001,1.1380645161290324,,178.05,5.743548387096775,0.9341397849462364,0.8145161290322581,0.9099462365591398,1.0,1.0,1.0,0.0,1.0,991660.3857957564,1003776.4359295672,-6.255341536294699,0.0007668529158583,0.0008727280926284,,,,1.438,19.767666666666667,73.34766666666665,85.99,
KENNEDY,2024-11-01,23.369648093841644,18.54992272024729,11.522720247295208,18.587,84.712,0.9796666666666668,,195.92,6.530666666666667,0.8986111111111111,0.8986111111111111,0.9472222222222222,1.0,1.0,1.0,0.0,1.0,991660.3857957564,1003776.4359295672,-11.72040885283498,0.0010968909226188,0.0010745874738589,20.680945347119646,-6.255341536294699,0.0008727280926284,1.1380645161290324,19.448709677419355,77.96000000000001,178.05,
KENNEDY,2024-12-01,26.96224188790561,16.655555555555555,15.040132669983418,19.18322580645161,82.05612903225806,0.9064516129032258,,157.62,5.0845161290322585,0.9193548387096774,0.8104838709677419,0.9112903225806452,1.0,1.0,1.0,0.0,1.0,991660.3857957564,1003776.4359295672,-13.806788868433827,0.0011766241112312,0.0010665528234063,23.369648093841644,-11.72040885283498,0.0010745874738589,0.9796666666666668,18.587,84.712,195.92,
PUENTE ARANDA,2020-01-01,14.912747875354109,16.92293447293447,10.027042253521126,18.848064516129032,79.68354838709678,1.5032258064516129,,23.51,0.7583870967741935,0.9435483870967742,0.9543010752688172,0.9489247311827956,1.0,1.0,1.0,0.0,1.0,996219.2899711644,1002216.689767894,14.994975504208393,0.0012186423420144,0.0018318946173507,,,,,,,,
PUENTE ARANDA,2020-02-01,27.16132930513595,23.97155824508321,10.17238239757208,19.266896551724138,76.77137931034483,1.3617241379310343,,132.39,4.565172413793103,0.9497126436781608,0.9468390804597702,0.9511494252873564,1.0,1.0,1.0,0.0,1.0,996219.2899711644,1002216.689767894,-5.168136575717615,0.0011563173298197,0.0015745852191235,14.912747875354109,14.994975504208393,0.0018318946173507,1.5032258064516129,18.848064516129032,79.68354838709678,23.51,
PUENTE ARANDA,2020-03-01,37.35702127659575,17.987659574468083,16.402266288951843,19.381612903225808,80.22322580645161,1.0503225806451613,,106.01,3.419677419354839,0.9475806451612904,0.9489247311827956,0.9475806451612904,1.0,1.0,1.0,0.0,1.0,996219.2899711644,1002216.689767894,-6.53010000678,0.0008187092952707,0.0008599088598069,27.16132930513595,-5.168136575717615,0.0015745852191235,1.3617241379310343,19.266896551724138,76.77137931034483,132.39,
PUENTE ARANDA,2020-04-01,19.137813884785817,10.513421828908555,12.904558823529412,19.68166666666667,79.98333333333333,0.8903333333333333,,156.11,5.203666666666667,0.9416666666666668,0.9444444444444444,0.9402777777777778,1.0,1.0,1.0,0.0,1.0,996219.2899711644,1002216.689767894,-9.892699113674364,0.000759042317204,0.0006758006764173,37.35702127659575,-6.53010000678,0.0008599088598069,1.0503225806451613,19.381612903225808,80.22322580645161,106.01,
PUENTE ARANDA,2020-05-01,12.53289855072464,11.830624092888243,6.567092198581561,19.64967741935484,78.75709677419356,1.1441935483870966,,140.88,4.5445161290322575,0.9260752688172044,0.9475806451612904,0.9274193548387096,1.0,1.0,1.0,0.0,1.0,996219.2899711644,1002216.689767894,-4.759522592771541,0.0005443653226388,0.000622859290129,19.137813884785817,-9.892699113674364,0.0006758006764173,0.8903333333333333,19.68166666666667,79.98333333333333,156.11,
PUENTE ARANDA,2020-06-01,15.35425219941349,11.729742765273311,5.829934210526315,18.52533333333333,79.155,1.244,,312.54,10.418,0.8638888888888889,0.8444444444444444,0.9472222222222222,1.0,1.0,1.0,0.0,1.0,996219.2899711644,1002216.689767894,-12.11835108558804,0.0009004093927068,0.0011201092845273,12.53289855072464,-4.759522592771541,0.000622859290129,1.1441935483870966,19.64967741935484,78.75709677419356,140.88,
PUENTE ARANDA,2020-07-01,12.916642958748222,14.450175438596492,6.201555869872702,18.291935483870965,78.14645161290322,1.1312903225806452,,205.21,6.619677419354839,0.7661290322580645,0.9502688172043012,0.9448924731182796,1.0,1.0,1.0,0.0,1.0,996219.2899711644,1002216.689767894,-0.9428201550879738,0.000922308754483,0.001043398968378,15.35425219941349,-12.11835108558804,0.0011201092845273,1.244,18.52533333333333,79.155,312.54,
PUENTE ARANDA,2020-08-01,15.089526542324249,14.96237623762376,6.365606936416185,18.786129032258064,77.94483870967741,1.1151612903225807,,121.34,3.914193548387097,0.9502688172043012,0.9301075268817204,0.9368279569892471,1.0,1.0,1.0,0.0,1.0,996219.2899711644,1002216.689767894,-3.686727922687632,0.000850197717773,0.0009481075839811,12.916642958748222,-0.9428201550879738,0.001043398968378,1.1312903225806452,18.291935483870965,78.14645161290322,205.21,
PUENTE ARANDA,2020-09-01,19.753846153846155,19.54743024963289,7.877729257641922,18.94533333333333,76.04299999999999,1.134,,119.27,3.975666666666667,0.9458333333333332,0.9541666666666668,0.9388888888888888,1.0,1.0,1.0,0.0,1.0,996219.2899711644,1002216.689767894,-20.37877386835532,0.0015092985094417,0.0017115445097069,15.089526542324249,-3.686727922687632,0.0009481075839811,1.1151612903225807,18.786129032258064,77.94483870967741,121.34,
PUENTE ARANDA,2020-10-01,18.587752161383285,19.111988716502115,10.762978723404254,19.17096774193548,72.35612903225807,1.274516129032258,,60.73,1.959032258064516,0.952956989247312,0.9475806451612904,0.9327956989247312,1.0,1.0,1.0,0.0,1.0,996219.2899711644,1002216.689767894,-7.917869564721036,0.0008804196309405,0.0011221090199503,19.753846153846155,-20.37877386835532,0.0017115445097069,1.134,18.94533333333333,76.04299999999999,119.27,
PUENTE ARANDA,2020-11-01,27.829428989751097,23.55423976608187,7.659679767103348,18.61133333333333,81.52933333333334,0.8076666666666666,,71.11,2.3703333333333334,0.95,0.9541666666666668,0.9486111111111112,1.0,1.0,1.0,0.0,1.0,996219.2899711644,1002216.689767894,-16.560887021248643,0.0012906693194853,0.0010424305870376,18.587752161383285,-7.917869564721036,0.0011221090199503,1.274516129032258,19.17096774193548,72.35612903225807,60.73,
PUENTE ARANDA,2020-12-01,26.21348973607038,,7.95131195335277,19.31935483870968,74.79225806451613,0.8703225806451613,,113.99,3.677096774193549,0.7083333333333334,0.922043010752688,0.9166666666666666,1.0,1.0,1.0,0.0,1.0,996219.2899711644,1002216.689767894,-13.452757435954236,0.0011095774550272,0.000965690314085,27.829428989751097,-16.560887021248643,0.0010424305870376,0.8076666666666666,18.61133333333333,81.52933333333334,71.11,
PUENTE ARANDA,2021-01-01,22.123850574712645,17.94732394366197,8.48095909732017,18.83806451612904,73.38612903225807,1.0696774193548386,,105.14,3.3916129032258064,0.9543010752688172,0.952956989247312,0.935483870967742,1.0,1.0,1.0,0.0,1.0,996219.2899711644,1002216.689767894,-17.601883954586565,0.0013146700755212,0.0014062728936865,26.21348973607038,-13.452757435954236,0.000965690314085,0.8703225806451613,19.31935483870968,74.79225806451613,113.99,
PUENTE ARANDA,2021-02-01,24.403935599284434,21.504973357015984,8.071688741721855,19.62071428571429,74.44678571428572,1.0442857142857145,,98.38,3.5135714285714283,0.8377976190476191,0.8988095238095238,0.8318452380952381,1.0,1.0,1.0,0.0,1.0,996219.2899711644,1002216.689767894,-5.806609353306378,0.0008883595838763,0.0009277012225908,22.123850574712645,-17.601883954586565,0.0014062728936865,1.0696774193548386,18.83806451612904,73.38612903225807,105.14,
PUENTE ARANDA,2021-03-01,27.19553158705701,23.301679389312977,7.461926605504588,18.69483870967742,79.48903225806451,0.9319354838709678,,132.12,4.261935483870968,0.8803763440860215,0.8790322580645161,0.8723118279569892,1.0,1.0,1.0,0.0,1.0,996219.2899711644,1002216.689767894,-9.055748870741034,0.0013372839865509,0.0012462623990792,24.403935599284434,-5.806609353306378,0.0009277012225908,1.0442857142857145,19.62071428571429,74.44678571428572,98.38,
PUENTE ARANDA,2021-04-01,18.933977455716587,16.671723122238586,7.424264705882352,19.200333333333333,79.31633333333333,0.9443333333333334,,176.72,5.890666666666666,0.9430555555555556,0.9444444444444444,0.8625,1.0,1.0,1.0,0.0,1.0,996219.2899711644,1002216.689767894,-18.047464366079783,0.0014135287900083,0.0013348423540311,27.19553158705701,-9.055748870741034,0.0012462623990792,0.9319354838709678,18.69483870967742,79.48903225806451,132.12,
PUENTE ARANDA,2021-05-01,16.8084375,14.103267045454546,5.368803418803419,19.156774193548387,78.49290322580646,1.1796774193548387,,53.85,1.7370967741935484,0.946236559139785,0.9435483870967742,0.8602150537634409,1.0,1.0,1.0,0.0,1.0,996219.2899711644,1002216.689767894,-9.451399816504605,0.0008024742872136,0.0009466607962388,18.933977455716587,-18.047464366079783,0.0013348423540311,0.9443333333333334,19.200333333333333,79.31633333333333,176.72,
PUENTE ARANDA,2021-06-01,18.143178410794604,13.575581395348838,4.583795620437956,18.355666666666664,79.12733333333334,1.1006666666666665,,196.89,6.563,0.9555555555555556,0.9513888888888888,0.9263888888888888,1.0,1.0,1.0,0.0,1.0,996219.2899711644,1002216.689767894,2.5887557027242725,0.0022590517508747,0.0024864629604628,16.8084375,-9.451399816504605,0.0009466607962388,1.1796774193548387,19.156774193548387,78.49290322580646,53.85,
PUENTE ARANDA,2021-07-01,12.760148148148147,12.654651162790698,5.890793201133144,18.631612903225808,75.01322580645162,1.6390322580645162,,57.61,1.8583870967741936,0.9247311827956988,0.9489247311827956,0.907258064516129,1.0,1.0,1.0,0.0,1.0,996219.2899711644,1002216.689767894,-4.940859421078788,0.0008842130023852,0.0014492536339095,18.143178410794604,2.5887557027242725,0.0024864629604628,1.1006666666666665,18.355666666666664,79.12733333333334,196.89,
PUENTE ARANDA,2021-08-01,,16.555929203539822,8.990483870967742,19.18290322580645,73.33967741935484,1.2638709677419355,,71.11,2.293870967741936,0.7594086021505376,0.8333333333333334,0.668010752688172,1.0,1.0,1.0,0.0,1.0,996219.2899711644,1002216.689767894,,,,12.760148148148147,-4.940859421078788,0.0014492536339095,1.6390322580645162,18.631612903225808,75.01322580645162,57.61,
PUENTE ARANDA,2021-09-01,18.85108514190317,17.216886930983847,9.496187683284456,19.143,72.27333333333333,1.2813333333333332,,145.0,4.833333333333333,0.9458333333333332,0.9472222222222222,0.8319444444444445,1.0,1.0,1.0,0.0,1.0,996219.2899711644,1002216.689767894,-4.356125477112945,0.0012740607923914,0.0016324965619842,,,,1.2638709677419355,19.18290322580645,73.33967741935484,71.11,
PUENTE ARANDA,2021-10-01,22.98465991316932,26.83719599427754,8.09315263908702,19.622903225806454,76.90709677419355,0.8551612903225807,,96.44,3.110967741935484,0.939516129032258,0.9422043010752688,0.928763440860215,1.0,1.0,1.0,0.0,1.0,996219.2899711644,1002216.689767894,-3.117558756717424,0.0012465934827272,0.0010660384911967,18.85108514190317,-4.356125477112945,0.0016324965619842,1.2813333333333332,19.143,72.27333333333333,145.0,
PUENTE ARANDA,2021-11-01,20.910031347962384,24.649484536082475,9.106286549707605,19.259666666666664,77.90433333333334,0.9016666666666668,,86.48,2.8826666666666667,0.9430555555555556,0.95,0.8861111111111111,1.0,1.0,1.0,0.0,1.0,996219.2899711644,1002216.689767894,9.127875695023334,0.0011929102458784,0.0010756074050337,22.98465991316932,-3.117558756717424,0.0010660384911967,0.8551612903225807,19.622903225806454,76.90709677419355,96.44,
PUENTE ARANDA,2021-12-01,21.290988372093025,17.338081395348837,9.224709302325582,19.739032258064515,76.7441935483871,1.0374193548387096,,65.48,2.112258064516129,0.9247311827956988,0.9247311827956988,0.9247311827956988,1.0,1.0,1.0,0.0,1.0,996219.2899711644,1002216.689767894,-1.9581433247510132,0.0008417247664976,0.0008732215642117,20.910031347962384,9.127875695023334,0.0010756074050337,0.9016666666666668,19.259666666666664,77.90433333333334,86.48,
PUENTE ARANDA,2022-01-01,17.560252808988764,15.924039829302988,12.169886363636364,19.448709677419355,71.82548387096774,1.1783870967741936,,57.49,1.854516129032258,0.9448924731182796,0.946236559139785,0.956989247311828,1.0,1.0,1.0,0.0,1.0,996219.2899711644,1002216.689767894,5.825188465707029,0.0005737213029573,0.0006760657805494,21.290988372093025,-1.9581433247510132,0.0008732215642117,1.0374193548387096,19.739032258064515,76.7441935483871,65.48,
PUENTE ARANDA,2022-02-01,22.71852433281005,25.84019138755981,13.143312101910828,19.290714285714284,75.20714285714287,0.8960714285714285,,131.69,4.703214285714286,0.9330357142857144,0.9345238095238096,0.9479166666666666,1.0,1.0,1.0,0.0,1.0,996219.2899711644,1002216.689767894,3.5217311061624166,0.000459613703274,0.0004118467076837,17.560252808988764,5.825188465707029,0.0006760657805494,1.1783870967741936,19.448709677419355,71.82548387096774,57.49,
PUENTE ARANDA,2022-03-01,20.298305084745763,25.22608069164265,9.867335243553008,18.86483870967741,81.53903225806452,0.8858064516129033,,199.88,6.447741935483871,0.9327956989247312,0.9381720430107529,0.9516129032258064,1.0,1.0,1.0,0.0,1.0,996219.2899711644,1002216.689767894,4.088860436520847,0.0005444215668119,0.0004822521362792,22.71852433281005,3.5217311061624166,0.0004118467076837,0.8960714285714285,19.290714285714284,75.20714285714287,131.69,
PUENTE ARANDA,2022-04-01,16.73599419448476,23.230882352941176,7.999416058394161,18.88,81.47,0.995,,260.12,8.670666666666667,0.9444444444444444,0.9513888888888888,0.9569444444444444,1.0,1.0,1.0,0.0,1.0,996219.2899711644,1002216.689767894,5.024324783780546,0.0003442742156867,0.0003425528446083,20.298305084745763,4.088860436520847,0.0004822521362792,0.8858064516129033,18.86483870967741,81.53903225806452,199.88,
PUENTE ARANDA,2022-05-01,12.68147100424328,19.74224751066856,5.12681883024251,18.71741935483871,80.96806451612903,0.9874193548387096,,319.0,10.290322580645162,0.9448924731182796,0.9422043010752688,0.9502688172043012,1.0,1.0,1.0,0.0,1.0,996219.2899711644,1002216.689767894,16.028822330268426,0.0010850868376783,0.0010714357452043,16.73599419448476,5.024324783780546,0.0003425528446083,0.995,18.88,81.47,260.12,
PUENTE ARANDA,2022-06-01,14.512074303405573,21.94616564417177,5.947699386503068,17.939666666666668,81.945,0.9073333333333332,,207.29,6.909666666666666,0.9055555555555556,0.9055555555555556,0.8972222222222223,1.0,1.0,1.0,0.0,1.0,996219.2899711644,1002216.689767894,13.499753889737365,0.0012384695757228,0.0011237047283725,12.68147100424328,16.028822330268426,0.0010714357452043,0.9874193548387096,18.71741935483871,80.96806451612903,319.0,
PUENTE ARANDA,2022-07-01,10.476123595505618,15.090496453900707,6.405233380480905,18.19483870967742,79.52129032258064,1.1383870967741936,,228.31,7.36483870967742,0.9475806451612904,0.9502688172043012,0.956989247311828,1.0,1.0,1.0,0.0,1.0,996219.2899711644,1002216.689767894,7.6877873504236,0.0008394749772649,0.0009556474821832,14.512074303405573,13.499753889737365,0.0011237047283725,0.9073333333333332,17.939666666666668,81.945,207.29,
PUENTE ARANDA,2022-08-01,11.735203366058908,16.554468085106382,8.98147100424328,18.116774193548387,77.78548387096774,1.2158064516129032,,162.59,5.24483870967742,0.9475806451612904,0.9502688172043012,0.9583333333333334,1.0,1.0,1.0,0.0,1.0,996219.2899711644,1002216.689767894,3.0239752673246887,0.0007574373586973,0.0009208972273968,10.476123595505618,7.6877873504236,0.0009556474821832,1.1383870967741936,18.19483870967742,79.52129032258064,228.31,
PUENTE ARANDA,2022-09-01,17.999137931034483,22.24,9.53284457478006,18.666,78.09733333333334,1.0056666666666667,,135.09,4.503,0.9444444444444444,0.9472222222222222,0.8055555555555556,1.0,1.0,1.0,0.0,1.0,996219.2899711644,1002216.689767894,2.5006903121436697,0.0008468005350954,0.000851599071461,11.735203366058908,3.0239752673246887,0.0009208972273968,1.2158064516129032,18.116774193548387,77.78548387096774,162.59,
PUENTE ARANDA,2022-10-01,15.419943820224718,25.142836041358937,8.490014265335235,18.324193548387097,83.24870967741936,1.0612903225806452,,252.6,8.148387096774194,0.9099462365591398,0.9422043010752688,0.956989247311828,1.0,1.0,1.0,0.0,1.0,996219.2899711644,1002216.689767894,8.115270808837517,0.0007454396951242,0.0007911279345028,17.999137931034483,2.5006903121436697,0.000851599071461,1.0056666666666667,18.666,78.09733333333334,135.09,
PUENTE ARANDA,2022-11-01,17.76807580174927,22.05157894736842,6.751608187134504,17.981333333333332,87.00733333333332,0.9713333333333334,,179.19,5.973,0.9236111111111112,0.95,0.9527777777777776,1.0,1.0,1.0,0.0,1.0,996219.2899711644,1002216.689767894,7.114089578052518,0.0006826689610032,0.0006630991174545,15.419943820224718,8.115270808837517,0.0007911279345028,1.0612903225806452,18.324193548387097,83.24870967741936,252.6,
PUENTE ARANDA,2022-12-01,19.065014577259475,22.577860326894506,9.013119533527696,18.003548387096775,82.19999999999999,0.9396774193548388,,70.75,2.282258064516129,0.9045698924731184,0.922043010752688,0.922043010752688,1.0,1.0,1.0,0.0,1.0,996219.2899711644,1002216.689767894,15.561878466591905,0.0011403613012783,0.0010715717647173,17.76807580174927,7.114089578052518,0.0006630991174545,0.9713333333333334,17.981333333333332,87.00733333333332,179.19,
PUENTE ARANDA,2023-01-01,15.287101449275363,23.63888888888889,8.535080058224164,17.54,82.15516129032258,0.9661290322580643,,181.32,5.849032258064516,0.9193548387096774,0.9233870967741936,0.9274193548387096,1.0,1.0,1.0,0.0,1.0,996219.2899711644,1002216.689767894,17.026251447675243,0.0011837195572068,0.0011436258302692,19.065014577259475,15.561878466591905,0.0010715717647173,0.9396774193548388,18.003548387096775,82.19999999999999,70.75,
PUENTE ARANDA,2023-02-01,21.53582554517134,24.5978021978022,8.558777429467085,18.75321428571429,78.37249999999999,0.9896428571428572,,54.03,1.9296428571428568,0.9479166666666666,0.949404761904762,0.9553571428571428,1.0,1.0,1.0,0.0,1.0,996219.2899711644,1002216.689767894,10.595409952390447,0.0012828369083252,0.0012695503832033,15.287101449275363,17.026251447675243,0.0011436258302692,0.9661290322580643,17.54,82.15516129032258,181.32,
PUENTE ARANDA,2023-03-01,18.8028129395218,23.440793201133147,7.988276836158191,18.51451612903226,84.31870967741936,0.8709677419354839,,165.16,5.32774193548387,0.9489247311827956,0.9516129032258064,0.9556451612903226,1.0,1.0,1.0,0.0,1.0,996219.2899711644,1002216.689767894,21.96011518889243,0.001464152367185,0.0012752294810966,21.53582554517134,10.595409952390447,0.0012695503832033,0.9896428571428572,18.75321428571429,78.37249999999999,54.03,
PUENTE ARANDA,2023-04-01,16.46676342525399,18.88097345132743,5.412992700729927,18.597666666666665,83.93033333333332,0.8996666666666666,,218.01,7.266999999999999,0.9416666666666668,0.9513888888888888,0.9569444444444444,1.0,1.0,1.0,0.0,1.0,996219.2899711644,1002216.689767894,9.281769346353189,0.0008167087379105,0.0007347656278735,18.8028129395218,21.96011518889243,0.0012752294810966,0.8709677419354839,18.51451612903226,84.31870967741936,165.16,
PUENTE ARANDA,2023-05-01,11.194176136363636,17.14874074074074,5.417655571635311,19.260322580645163,81.58612903225807,1.115483870967742,,220.91,7.126129032258064,0.907258064516129,0.928763440860215,0.946236559139785,1.0,1.0,1.0,0.0,1.0,996219.2899711644,1002216.689767894,11.335804152678762,0.0009647753196473,0.0010761913081744,16.46676342525399,9.281769346353189,0.0007347656278735,0.8996666666666666,18.597666666666665,83.93033333333332,218.01,
PUENTE ARANDA,2023-06-01,5.104017857142857,15.270441176470587,7.221345029239766,18.427666666666667,79.40100000000001,1.6053333333333333,,151.78,5.059333333333333,0.9444444444444444,0.95,0.9333333333333332,1.0,1.0,1.0,0.0,1.0,996219.2899711644,1002216.689767894,19.474245926951628,0.0013066762185053,0.0020976508894405,11.194176136363636,11.335804152678762,0.0010761913081744,1.115483870967742,19.260322580645163,81.58612903225807,220.91,
PUENTE ARANDA,2023-07-01,7.097701149425287,17.05997171145686,6.766053748231967,18.774193548387096,78.48967741935483,1.717741935483871,,151.41,4.884193548387096,0.9502688172043012,0.9502688172043012,0.935483870967742,1.0,1.0,1.0,0.0,1.0,996219.2899711644,1002216.689767894,7.146343646038371,0.0006123336227762,0.0010518311423496,5.104017857142857,19.474245926951628,0.0020976508894405,1.6053333333333333,18.427666666666667,79.40100000000001,151.78,
PUENTE ARANDA,2023-08-01,9.153445850914206,18.086495726495727,11.271347517730495,18.86903225806452,76.52032258064517,1.5912903225806452,,131.76,4.250322580645161,0.7862903225806451,0.9475806451612904,0.9556451612903226,1.0,1.0,1.0,0.0,1.0,996219.2899711644,1002216.689767894,16.719617782908035,0.0010850794114568,0.0017266763666828,7.097701149425287,7.146343646038371,0.0010518311423496,1.717741935483871,18.774193548387096,78.48967741935483,151.41,
PUENTE ARANDA,2023-09-01,12.19927536231884,22.109691629955947,12.760322108345534,19.59466666666667,75.409,1.4340000000000002,,139.46,4.648666666666667,0.9458333333333332,0.9486111111111112,0.9583333333333334,1.0,1.0,1.0,0.0,1.0,996219.2899711644,1002216.689767894,1.5933026992570127,0.0003791944943458,0.0005437649048919,9.153445850914206,16.719617782908035,0.0017266763666828,1.5912903225806452,18.86903225806452,76.52032258064517,131.76,
PUENTE ARANDA,2023-10-01,14.859747545582048,25.99375,10.602263083451202,19.38935483870968,80.40064516129033,0.9116129032258063,,200.76,6.476129032258064,0.7956989247311828,0.9502688172043012,0.9583333333333334,1.0,1.0,1.0,0.0,1.0,996219.2899711644,1002216.689767894,22.27566109739366,0.0014642611415548,0.0013348393503335,12.19927536231884,1.5933026992570127,0.0005437649048919,1.4340000000000002,19.59466666666667,75.409,139.46,
PUENTE ARANDA,2023-11-01,12.18471615720524,,8.772205882352942,19.18,81.34533333333334,0.989,,170.2,5.673333333333333,,0.9444444444444444,0.9541666666666668,1.0,1.0,1.0,0.0,1.0,996219.2899711644,1002216.689767894,24.312605776657723,0.0016283633815163,0.0016104513843196,14.859747545582048,22.27566109739366,0.0013348393503335,0.9116129032258063,19.38935483870968,80.40064516129033,200.76,
PUENTE ARANDA,2023-12-01,16.268367346938778,,9.165739385065883,19.54258064516129,80.67806451612903,1.0270967741935484,,133.78,4.315483870967742,0.4583333333333333,0.918010752688172,0.922043010752688,1.0,1.0,1.0,0.0,1.0,996219.2899711644,1002216.689767894,25.851475976191963,0.0017479362010903,0.001795299633636,12.18471615720524,24.312605776657723,0.0016104513843196,0.989,19.18,81.34533333333334,170.2,
PUENTE ARANDA,2024-01-01,17.90210843373494,19.174537695590328,13.020733427362485,20.018387096774195,71.83064516129032,1.3596774193548389,,19.18,0.6187096774193548,0.9448924731182796,0.952956989247312,0.8924731182795699,1.0,1.0,1.0,0.0,1.0,996219.2899711644,1002216.689767894,18.062335549842945,0.0012107970327708,0.0016462933848803,16.268367346938778,25.851475976191963,0.001795299633636,1.0270967741935484,19.54258064516129,80.67806451612903,133.78,
PUENTE ARANDA,2024-02-01,18.46051051051052,18.3910094637224,12.51391830559758,20.71896551724138,74.39793103448275,1.2134482758620688,,67.75,2.336206896551724,0.9109195402298852,0.9497126436781608,0.956896551724138,1.0,1.0,1.0,0.0,1.0,996219.2899711644,1002216.689767894,13.704092858952244,0.0009076304493866,0.0011013626039281,17.90210843373494,18.062335549842945,0.0016462933848803,1.3596774193548389,20.018387096774195,71.83064516129032,19.18,
PUENTE ARANDA,2024-03-01,28.00437235543018,20.519686162624826,15.23655761024182,21.388387096774192,71.98322580645161,1.1596774193548387,,80.08,2.5832258064516127,0.9422043010752688,0.9448924731182796,0.952956989247312,1.0,1.0,1.0,0.0,1.0,996219.2899711644,1002216.689767894,13.221698490886922,0.0008616141923142,0.0009991945230224,18.46051051051052,13.704092858952244,0.0011013626039281,1.2134482758620688,20.71896551724138,74.39793103448275,67.75,
PUENTE ARANDA,2024-04-01,22.926656626506023,25.16834319526627,12.445757575757575,20.540666666666667,76.39433333333334,0.9806666666666666,,223.34,7.444666666666666,0.9388888888888888,0.9166666666666666,0.9222222222222224,1.0,1.0,1.0,0.0,1.0,996219.2899711644,1002216.689767894,12.407146649564677,0.0008269736140474,0.0008109854575092,28.00437235543018,13.221698490886922,0.0009991945230224,1.1596774193548387,21.388387096774192,71.98322580645161,80.08,
PUENTE ARANDA,2024-05-01,8.91018922852984,17.776888888888887,5.448676470588235,19.726774193548387,82.56838709677419,0.9661290322580643,,371.83,11.994516129032258,0.907258064516129,0.913978494623656,0.9233870967741936,1.0,1.0,1.0,0.0,1.0,996219.2899711644,1002216.689767894,15.786711391522235,0.0010630858032102,0.0010270780582628,22.926656626506023,12.407146649564677,0.0008109854575092,0.9806666666666666,20.540666666666667,76.39433333333334,223.34,
PUENTE ARANDA,2024-06-01,8.033676470588235,18.357886904761905,5.465491923641704,19.017666666666667,81.55966666666667,1.1303333333333332,,247.96,8.265333333333334,0.9333333333333332,0.9458333333333332,0.9444444444444444,1.0,1.0,1.0,0.0,1.0,996219.2899711644,1002216.689767894,15.76724824011451,0.0010663423280908,0.0012053222781853,8.91018922852984,15.786711391522235,0.0010270780582628,0.9661290322580643,19.726774193548387,82.56838709677419,371.83,
PUENTE ARANDA,2024-07-01,5.181779053084648,14.612375533428166,7.876977401129943,18.71451612903226,80.19419354838709,1.4970967741935486,,128.74,4.152903225806452,0.9448924731182796,0.9516129032258064,0.9368279569892471,1.0,1.0,1.0,0.0,1.0,996219.2899711644,1002216.689767894,16.405740808078793,0.0010845101306707,0.0016236166182074,8.033676470588235,15.76724824011451,0.0012053222781853,1.1303333333333332,19.017666666666667,81.55966666666667,247.96,
PUENTE ARANDA,2024-08-01,12.45848787446505,19.660057061340943,12.622081575246131,18.966451612903228,75.88193548387098,1.470967741935484,,59.62,1.9232258064516128,0.9422043010752688,0.9556451612903226,0.9422043010752688,1.0,1.0,1.0,0.0,1.0,996219.2899711644,1002216.689767894,7.831045713467674,0.0011591648815848,0.0017050941483957,5.181779053084648,16.405740808078793,0.0016236166182074,1.4970967741935486,18.71451612903226,80.19419354838709,128.74,
PUENTE ARANDA,2024-09-01,12.746131386861316,19.17083946980854,14.14017595307918,19.767666666666667,73.34766666666665,1.438,,85.99,2.866333333333333,0.9430555555555556,0.9472222222222222,0.9513888888888888,1.0,1.0,1.0,0.0,1.0,996219.2899711644,1002216.689767894,,,,12.45848787446505,7.831045713467674,0.0017050941483957,1.470967741935484,18.966451612903228,75.88193548387098,59.62,
PUENTE ARANDA,2024-10-01,14.915919629057187,,11.740123456790124,19.448709677419355,77.96000000000001,1.1380645161290324,,178.05,5.743548387096775,0.3346774193548387,0.8709677419354839,0.8696236559139785,1.0,1.0,1.0,0.0,1.0,996219.2899711644,1002216.689767894,10.795610357847574,0.0012603032629238,0.0014343064230952,12.746131386861316,,,1.438,19.767666666666667,73.34766666666665,85.99,
PUENTE ARANDA,2024-11-01,15.772859216255442,26.21240657698057,6.748533724340176,18.587,84.712,0.9796666666666668,,195.92,6.530666666666667,0.9291666666666668,0.9472222222222222,0.9569444444444444,1.0,1.0,1.0,0.0,1.0,996219.2899711644,1002216.689767894,16.048293296981143,0.0013450239742495,0.0013176751534398,14.915919629057187,10.795610357847574,0.0014343064230952,1.1380645161290324,19.448709677419355,77.96000000000001,178.05,
PUENTE ARANDA,2024-12-01,17.825507246376812,,,19.18322580645161,82.05612903225806,0.9064516129032258,,157.62,5.0845161290322585,0.7123655913978495,0.7365591397849462,0.9274193548387096,1.0,1.0,1.0,0.0,1.0,996219.2899711644,1002216.689767894,18.296322500619667,0.0015398365899566,0.0013957873605736,15.772859216255442,16.048293296981143,0.0013176751534398,0.9796666666666668,18.587,84.712,195.92,
SAN CRISTOBAL,2020-01-01,11.995295902883155,,13.524825174825176,18.848064516129032,79.68354838709678,1.5032258064516129,,23.51,0.7583870967741935,,0.7688172043010753,0.885752688172043,1.0,1.0,1.0,0.0,1.0,1001269.0128432276,994752.74948143,15.011637370629751,0.0005831904610845,0.0008766669511786,,,,,,,,
SAN CRISTOBAL,2020-02-01,17.58078078078078,,13.280150375939847,19.266896551724138,76.77137931034483,1.3617241379310343,,132.39,4.565172413793103,,0.9554597701149424,0.956896551724138,1.0,1.0,1.0,0.0,1.0,1001269.0128432276,994752.74948143,21.883934688026013,0.0008820448016377,0.0012011016971267,11.995295902883155,15.011637370629751,0.0008766669511786,1.5032258064516129,18.848064516129032,79.68354838709678,23.51,
SAN CRISTOBAL,2020-03-01,28.54950354609929,,19.14794908062235,19.381612903225808,80.22322580645161,1.0503225806451613,,106.01,3.419677419354839,,0.9502688172043012,0.9475806451612904,1.0,1.0,1.0,0.0,1.0,1001269.0128432276,994752.74948143,18.597774744591256,0.0007159634199007,0.0007519925468376,17.58078078078078,21.883934688026013,0.0012011016971267,1.3617241379310343,19.266896551724138,76.77137931034483,132.39,
SAN CRISTOBAL,2020-04-01,12.564135702746364,,20.322318840579708,19.68166666666667,79.98333333333333,0.8903333333333333,,156.11,5.203666666666667,,0.9583333333333334,0.8597222222222223,1.0,1.0,1.0,0.0,1.0,1001269.0128432276,994752.74948143,10.53606082165459,0.0004008244821554,0.000356867397279,28.54950354609929,18.597774744591256,0.0007519925468376,1.0503225806451613,19.381612903225808,80.22322580645161,106.01,
SAN CRISTOBAL,2020-05-01,,,13.59929873772791,19.64967741935484,78.75709677419356,1.1441935483870966,,140.88,4.5445161290322575,,0.9583333333333334,0.7002688172043011,1.0,1.0,1.0,0.0,1.0,1001269.0128432276,994752.74948143,,,,12.564135702746364,10.53606082165459,0.000356867397279,0.8903333333333333,19.68166666666667,79.98333333333333,156.11,
SAN CRISTOBAL,2020-06-01,6.981229235880399,,10.476350364963505,18.52533333333333,79.155,1.244,,312.54,10.418,,0.9513888888888888,0.8361111111111111,1.0,1.0,1.0,0.0,1.0,1001269.0128432276,994752.74948143,13.341207193297349,0.0004945122666258,0.0006151732596825,,,,1.1441935483870966,19.64967741935484,78.75709677419356,140.88,
SAN CRISTOBAL,2020-07-01,4.166372980910426,,10.560623229461756,18.291935483870965,78.14645161290322,1.1312903225806452,,205.21,6.619677419354839,,0.9489247311827956,0.9153225806451613,1.0,1.0,1.0,0.0,1.0,1001269.0128432276,994752.74948143,21.75109077415799,0.0008286761656126,0.0009374733267108,6.981229235880399,13.341207193297349,0.0006151732596825,1.244,18.52533333333333,79.155,312.54,
SAN CRISTOBAL,2020-08-01,5.68712011577424,,11.342194092827004,18.786129032258064,77.94483870967741,1.1151612903225807,,121.34,3.914193548387097,,0.9556451612903226,0.928763440860215,1.0,1.0,1.0,0.0,1.0,1001269.0128432276,994752.74948143,23.13844788514237,0.0008834592922328,0.0009851996042738,4.166372980910426,21.75109077415799,0.0009374733267108,1.1312903225806452,18.291935483870965,78.14645161290322,205.21,
SAN CRISTOBAL,2020-09-01,6.595324283559577,,12.337246376811596,18.94533333333333,76.04299999999999,1.134,,119.27,3.975666666666667,,0.9583333333333334,0.9208333333333332,1.0,1.0,1.0,0.0,1.0,1001269.0128432276,994752.74948143,20.547066467779143,0.0007621215881725,0.0008642458809877,5.68712011577424,23.13844788514237,0.0009851996042738,1.1151612903225807,18.786129032258064,77.94483870967741,121.34,
SAN CRISTOBAL,2020-10-01,10.567402376910016,,15.3328190743338,19.17096774193548,72.35612903225807,1.274516129032258,,60.73,1.959032258064516,0.5631720430107527,0.9583333333333334,0.7916666666666666,1.0,1.0,1.0,0.0,1.0,1001269.0128432276,994752.74948143,16.687269978251074,0.0007095572935831,0.0009043422151441,6.595324283559577,20.547066467779143,0.0008642458809877,1.134,18.94533333333333,76.04299999999999,119.27,
SAN CRISTOBAL,2020-11-01,17.059084194977842,18.37481590574374,8.413828238719068,18.61133333333333,81.52933333333334,0.8076666666666666,,71.11,2.3703333333333334,0.9430555555555556,0.9541666666666668,0.9402777777777778,1.0,1.0,1.0,0.0,1.0,1001269.0128432276,994752.74948143,19.878116498807618,0.0007642598776421,0.0006172672278422,10.567402376910016,16.687269978251074,0.0009043422151441,1.274516129032258,19.17096774193548,72.35612903225807,60.73,
SAN CRISTOBAL,2020-12-01,12.564963503649636,14.63536231884058,12.298318042813456,19.31935483870968,74.79225806451613,0.8703225806451613,,113.99,3.677096774193549,0.9274193548387096,0.8790322580645161,0.9206989247311828,1.0,1.0,1.0,0.0,1.0,1001269.0128432276,994752.74948143,28.23935064495546,0.0010815214857479,0.0009412725704993,17.059084194977842,19.878116498807618,0.0006172672278422,0.8076666666666666,18.61133333333333,81.52933333333334,71.11,
SAN CRISTOBAL,2021-01-01,10.833570412517782,13.398286604361372,15.676544943820224,18.83806451612904,73.38612903225807,1.0696774193548386,,105.14,3.3916129032258064,0.8629032258064516,0.956989247311828,0.9448924731182796,1.0,1.0,1.0,0.0,1.0,1001269.0128432276,994752.74948143,16.31588402978759,0.0006089763380353,0.0006514082377177,12.564963503649636,28.23935064495546,0.0009412725704993,0.8703225806451613,19.31935483870968,74.79225806451613,113.99,
SAN CRISTOBAL,2021-02-01,14.87912087912088,14.44587869362364,14.260403726708075,19.62071428571429,74.44678571428572,1.0442857142857145,,98.38,3.5135714285714283,0.956845238095238,0.9583333333333334,0.9479166666666666,1.0,1.0,1.0,0.0,1.0,1001269.0128432276,994752.74948143,22.64896338892487,0.000872567183551,0.0009112094445368,10.833570412517782,16.31588402978759,0.0006514082377177,1.0696774193548386,18.83806451612904,73.38612903225807,105.14,
SAN CRISTOBAL,2021-03-01,16.152974504249293,16.94098591549296,13.17830985915493,18.69483870967742,79.48903225806451,0.9319354838709678,,132.12,4.261935483870968,0.9543010752688172,0.9543010752688172,0.9489247311827956,1.0,1.0,1.0,0.0,1.0,1001269.0128432276,994752.74948143,26.171675216558626,0.0010225970578908,0.0009529944839505,14.87912087912088,22.64896338892487,0.0009112094445368,1.0442857142857145,19.62071428571429,74.44678571428572,98.38,
SAN CRISTOBAL,2021-04-01,8.698529411764707,9.719420289855073,13.839130434782607,19.200333333333333,79.31633333333333,0.9443333333333334,,176.72,5.890666666666666,0.9583333333333334,0.9583333333333334,0.9444444444444444,1.0,1.0,1.0,0.0,1.0,1001269.0128432276,994752.74948143,11.973033432946188,0.0004388115399813,0.0004143843642557,16.152974504249293,26.171675216558626,0.0009529944839505,0.9319354838709678,18.69483870967742,79.48903225806451,132.12,
SAN CRISTOBAL,2021-05-01,6.964438122332859,11.144880785413743,9.540084388185656,19.156774193548387,78.49290322580646,1.1796774193548387,,53.85,1.7370967741935484,0.9583333333333334,0.9556451612903226,0.9448924731182796,1.0,1.0,1.0,0.0,1.0,1001269.0128432276,994752.74948143,22.342595687046984,0.0008476527871417,0.0009999568524443,8.698529411764707,11.973033432946188,0.0004143843642557,0.9443333333333334,19.200333333333333,79.31633333333333,176.72,
SAN CRISTOBAL,2021-06-01,7.779863481228669,11.030377906976744,9.450218340611354,18.355666666666664,79.12733333333334,1.1006666666666665,,196.89,6.563,0.9555555555555556,0.9541666666666668,0.8138888888888889,1.0,1.0,1.0,0.0,1.0,1001269.0128432276,994752.74948143,33.67870049142208,0.0013122276782956,0.0014443252645774,6.964438122332859,22.342595687046984,0.0009999568524443,1.1796774193548387,19.156774193548387,78.49290322580646,53.85,
SAN CRISTOBAL,2021-07-01,4.3201133144475925,8.666151685393258,11.213521126760565,18.631612903225808,75.01322580645162,1.6390322580645162,,57.61,1.8583870967741936,0.956989247311828,0.9543010752688172,0.9489247311827956,1.0,1.0,1.0,0.0,1.0,1001269.0128432276,994752.74948143,22.520486285778112,0.000860605408955,0.0014105600267421,7.779863481228669,33.67870049142208,0.0014443252645774,1.1006666666666665,18.355666666666664,79.12733333333334,196.89,
SAN CRISTOBAL,2021-08-01,9.343843843843844,12.296165191740412,12.511782032400587,19.18290322580645,73.33967741935484,1.2638709677419355,,71.11,2.293870967741936,0.9112903225806452,0.9126344086021504,0.8951612903225806,1.0,1.0,1.0,0.0,1.0,1001269.0128432276,994752.74948143,8.609046466666427,0.000659791241213,0.0008338909945395,4.3201133144475925,22.520486285778112,0.0014105600267421,1.6390322580645162,18.631612903225808,75.01322580645162,57.61,
SAN CRISTOBAL,2021-09-01,8.304713804713804,10.998998330550918,15.248160535117057,19.143,72.27333333333333,1.2813333333333332,,145.0,4.833333333333333,0.8319444444444445,0.8305555555555556,0.825,1.0,1.0,1.0,0.0,1.0,1001269.0128432276,994752.74948143,26.779846271110507,0.0010437151165572,0.0013373469693487,9.343843843843844,8.609046466666427,0.0008338909945395,1.2638709677419355,19.18290322580645,73.33967741935484,71.11,
SAN CRISTOBAL,2021-10-01,12.825352112676056,15.662780898876404,12.575,19.622903225806454,76.90709677419355,0.8551612903225807,,96.44,3.110967741935484,0.956989247311828,0.956989247311828,0.9543010752688172,1.0,1.0,1.0,0.0,1.0,1001269.0128432276,994752.74948143,27.76169122459836,0.0010789201661364,0.0009226507614283,8.304713804713804,26.779846271110507,0.0013373469693487,1.2813333333333332,19.143,72.27333333333333,145.0,
SAN CRISTOBAL,2021-11-01,18.362973760932945,17.053654970760235,12.065300146412884,19.259666666666664,77.90433333333334,0.9016666666666668,,86.48,2.8826666666666667,0.95,0.9486111111111112,0.9527777777777776,1.0,1.0,1.0,0.0,1.0,1001269.0128432276,994752.74948143,13.456728570402046,0.0006449250200953,0.0005815073931192,12.825352112676056,27.76169122459836,0.0009226507614283,0.8551612903225807,19.622903225806454,76.90709677419355,96.44,
SAN CRISTOBAL,2021-12-01,19.382267441860463,15.226928675400291,11.941048034934498,19.739032258064515,76.7441935483871,1.0374193548387096,,65.48,2.112258064516129,0.9233870967741936,0.9233870967741936,0.9247311827956988,1.0,1.0,1.0,0.0,1.0,1001269.0128432276,994752.74948143,-1.139542886597983,0.000180881561046,0.0001876500323626,18.362973760932945,13.456728570402046,0.0005815073931192,0.9016666666666668,19.259666666666664,77.90433333333334,86.48,
SAN CRISTOBAL,2022-01-01,20.350282485875702,13.38396624472574,16.70056338028169,19.448709677419355,71.82548387096774,1.1783870967741936,,57.49,1.854516129032258,0.9556451612903226,0.9543010752688172,0.9516129032258064,1.0,1.0,1.0,0.0,1.0,1001269.0128432276,994752.74948143,-8.745609566431781,0.0003265855222874,0.0003848441654568,19.382267441860463,-1.139542886597983,0.0001876500323626,1.0374193548387096,19.739032258064515,76.7441935483871,65.48,
SAN CRISTOBAL,2022-02-01,21.82398753894081,16.334272300469483,15.287031250000002,19.290714285714284,75.20714285714287,0.8960714285714285,,131.69,4.703214285714286,0.9508928571428572,0.9523809523809524,0.9553571428571428,1.0,1.0,1.0,0.0,1.0,1001269.0128432276,994752.74948143,2.1495351119187625,0.0001187971185179,0.0001064507037005,20.350282485875702,-8.745609566431781,0.0003848441654568,1.1783870967741936,19.448709677419355,71.82548387096774,57.49,
SAN CRISTOBAL,2022-03-01,19.38700564971752,13.991549295774648,14.062005649717513,18.86483870967741,81.53903225806452,0.8858064516129033,,199.88,6.447741935483871,0.9543010752688172,0.9516129032258064,0.9516129032258064,1.0,1.0,1.0,0.0,1.0,1001269.0128432276,994752.74948143,0.9790103805004228,7.345559246996996e-05,6.506743771694759e-05,21.82398753894081,2.1495351119187625,0.0001064507037005,0.8960714285714285,19.290714285714284,75.20714285714287,131.69,
SAN CRISTOBAL,2022-04-01,15.890145395799676,12.295912408759126,12.832942898975109,18.88,81.47,0.995,,260.12,8.670666666666667,0.9513888888888888,0.9486111111111112,0.8597222222222223,1.0,1.0,1.0,0.0,1.0,1001269.0128432276,994752.74948143,3.3852016188620397,0.0001255827977361,0.0001249548837474,19.38700564971752,0.9790103805004228,6.506743771694759e-05,0.8858064516129033,18.86483870967741,81.53903225806452,199.88,
SAN CRISTOBAL,2022-05-01,9.64225352112676,10.123163841807909,7.778359264497879,18.71741935483871,80.96806451612903,0.9874193548387096,,319.0,10.290322580645162,0.9516129032258064,0.9502688172043012,0.9543010752688172,1.0,1.0,1.0,0.0,1.0,1001269.0128432276,994752.74948143,21.43416864927371,0.0008309319272364,0.0008204782675067,15.890145395799676,3.3852016188620397,0.0001249548837474,0.995,18.88,81.47,260.12,
SAN CRISTOBAL,2022-06-01,10.757621951219512,12.340762463343108,6.660672514619883,17.939666666666668,81.945,0.9073333333333332,,207.29,6.909666666666666,0.9472222222222222,0.95,0.9111111111111112,1.0,1.0,1.0,0.0,1.0,1001269.0128432276,994752.74948143,21.0693748521476,0.0008257398818349,0.0007492213194515,9.64225352112676,21.43416864927371,0.0008204782675067,0.9874193548387096,18.71741935483871,80.96806451612903,319.0,
SAN CRISTOBAL,2022-07-01,6.649295774647888,9.087411598302689,8.930070921985815,18.19483870967742,79.52129032258064,1.1383870967741936,,228.31,7.36483870967742,0.9502688172043012,0.9475806451612904,0.9543010752688172,1.0,1.0,1.0,0.0,1.0,1001269.0128432276,994752.74948143,14.155662014136212,0.0005440095283556,0.0006192934276022,10.757621951219512,21.0693748521476,0.0007492213194515,0.9073333333333332,17.939666666666668,81.945,207.29,
SAN CRISTOBAL,2022-08-01,7.874824191279887,9.85449275362319,11.37001414427157,18.116774193548387,77.78548387096774,1.2158064516129032,,162.59,5.24483870967742,0.9274193548387096,0.9502688172043012,0.9556451612903226,1.0,1.0,1.0,0.0,1.0,1001269.0128432276,994752.74948143,14.60511279166175,0.0005611684760945,0.0006822722536775,6.649295774647888,14.155662014136212,0.0006192934276022,1.1383870967741936,18.19483870967742,79.52129032258064,228.31,
SAN CRISTOBAL,2022-09-01,12.832116788321168,14.483527696793004,11.70381679389313,18.666,78.09733333333334,1.0056666666666667,,135.09,4.503,0.9527777777777776,0.9097222222222222,0.9513888888888888,1.0,1.0,1.0,0.0,1.0,1001269.0128432276,994752.74948143,18.001753740283615,0.0006879975452047,0.0006918961979609,7.874824191279887,14.60511279166175,0.0006822722536775,1.2158064516129032,18.116774193548387,77.78548387096774,162.59,
SAN CRISTOBAL,2022-10-01,14.908563134978229,15.852609308885755,9.165808297567954,18.324193548387097,83.24870967741936,1.0612903225806452,,252.6,8.148387096774194,0.952956989247312,0.939516129032258,0.9260752688172044,1.0,1.0,1.0,0.0,1.0,1001269.0128432276,994752.74948143,7.306552679079242,0.0003648161099713,0.0003871758070341,12.832116788321168,18.001753740283615,0.0006918961979609,1.0056666666666667,18.666,78.09733333333334,135.09,
SAN CRISTOBAL,2022-11-01,16.278592375366568,16.62485465116279,6.549923896499239,17.981333333333332,87.00733333333332,0.9713333333333334,,179.19,5.973,0.9555555555555556,0.9125,0.9472222222222222,1.0,1.0,1.0,0.0,1.0,1001269.0128432276,994752.74948143,9.54664740498164,0.000382200018012,0.0003712436174957,14.908563134978229,7.306552679079242,0.0003871758070341,1.0612903225806452,18.324193548387097,83.24870967741936,252.6,
SAN CRISTOBAL,2022-12-01,18.107714701601164,15.651884057971014,8.474041811846691,18.003548387096775,82.19999999999999,0.9396774193548388,,70.75,2.282258064516129,0.9274193548387096,0.771505376344086,0.9233870967741936,1.0,1.0,1.0,0.0,1.0,1001269.0128432276,994752.74948143,7.947702328147184,0.0003144234278541,0.0002954565952707,16.278592375366568,9.54664740498164,0.0003712436174957,0.9713333333333334,17.981333333333332,87.00733333333332,179.19,
SAN CRISTOBAL,2023-01-01,16.388967468175387,13.693389592123768,6.7147385103011095,17.54,82.15516129032258,0.9661290322580643,,181.32,5.849032258064516,0.9556451612903226,0.8481182795698925,0.9502688172043012,1.0,1.0,1.0,0.0,1.0,1001269.0128432276,994752.74948143,4.450079728477055,0.0003716195373911,0.0003590324240278,18.107714701601164,7.947702328147184,0.0002954565952707,0.9396774193548388,18.003548387096775,82.19999999999999,70.75,
SAN CRISTOBAL,2023-02-01,18.59090909090909,12.532087227414332,9.309930313588849,18.75321428571429,78.37249999999999,0.9896428571428572,,54.03,1.9296428571428568,0.9553571428571428,0.8541666666666666,0.9166666666666666,1.0,1.0,1.0,0.0,1.0,1001269.0128432276,994752.74948143,8.67752332188699,0.0003975674998739,0.0003934498364823,16.388967468175387,4.450079728477055,0.0003590324240278,0.9661290322580643,17.54,82.15516129032258,181.32,
SAN CRISTOBAL,2023-03-01,18.83994334277621,13.235724331926864,,18.51451612903226,84.31870967741936,0.8709677419354839,,165.16,5.32774193548387,0.9556451612903226,0.5497311827956989,0.9489247311827956,1.0,1.0,1.0,0.0,1.0,1001269.0128432276,994752.74948143,8.932238673036963,0.0003613225910263,0.0003147003212165,18.59090909090909,8.67752332188699,0.0003934498364823,0.9896428571428572,18.75321428571429,78.37249999999999,54.03,
SAN CRISTOBAL,2023-04-01,13.551824817518249,12.656768558951969,6.217708333333333,18.597666666666665,83.93033333333332,0.8996666666666666,,218.01,7.266999999999999,0.9541666666666668,0.9333333333333332,0.9513888888888888,1.0,1.0,1.0,0.0,1.0,1001269.0128432276,994752.74948143,13.25921685828746,0.0005116194048205,0.0004602869245368,18.83994334277621,8.932238673036963,0.0003147003212165,0.8709677419354839,18.51451612903226,84.31870967741936,165.16,
SAN CRISTOBAL,2023-05-01,6.554455445544554,9.376933895921235,4.541830985915492,19.260322580645163,81.58612903225807,1.115483870967742,,220.91,7.126129032258064,0.9556451612903226,0.9543010752688172,0.9502688172043012,1.0,1.0,1.0,0.0,1.0,1001269.0128432276,994752.74948143,17.238662012154663,0.0006516598076351,0.0007269160047749,13.551824817518249,13.25921685828746,0.0004602869245368,0.8996666666666666,18.597666666666665,83.93033333333332,218.01,
SAN CRISTOBAL,2023-06-01,4.305194805194805,6.783257918552036,5.302905198776759,18.427666666666667,79.40100000000001,1.6053333333333333,,151.78,5.059333333333333,0.9208333333333332,0.9083333333333332,0.8555555555555555,1.0,1.0,1.0,0.0,1.0,1001269.0128432276,994752.74948143,8.720469374047159,0.0003415833857877,0.0005483551953179,6.554455445544554,17.238662012154663,0.0007269160047749,1.115483870967742,19.260322580645163,81.58612903225807,220.91,
SAN CRISTOBAL,2023-07-01,4.90154711673699,8.098140200286123,,18.774193548387096,78.48967741935483,1.717741935483871,,151.41,4.884193548387096,0.939516129032258,,0.9556451612903226,1.0,1.0,1.0,0.0,1.0,1001269.0128432276,994752.74948143,7.673776734798392,0.0002905630345574,0.0004991123093608,4.305194805194805,8.720469374047159,0.0005483551953179,1.6053333333333333,18.427666666666667,79.40100000000001,151.78,
SAN CRISTOBAL,2023-08-01,7.19971870604782,9.494676258992806,,18.86903225806452,76.52032258064517,1.5912903225806452,,131.76,4.250322580645161,0.9341397849462364,,0.9556451612903226,1.0,1.0,1.0,0.0,1.0,1001269.0128432276,994752.74948143,17.608592894508355,0.0006843251552412,0.0010889599970338,4.90154711673699,7.673776734798392,0.0004991123093608,1.717741935483871,18.774193548387096,78.48967741935483,151.41,
SAN CRISTOBAL,2023-09-01,7.765339233038348,9.184720121028745,,19.59466666666667,75.409,1.4340000000000002,,139.46,4.648666666666667,0.9180555555555556,,0.9416666666666668,1.0,1.0,1.0,0.0,1.0,1001269.0128432276,994752.74948143,14.895111087098488,0.0005568717125202,0.0007985540357541,7.19971870604782,17.608592894508355,0.0010889599970338,1.5912903225806452,18.86903225806452,76.52032258064517,131.76,
SAN CRISTOBAL,2023-10-01,11.855255681818182,12.465853658536586,,19.38935483870968,80.40064516129033,0.9116129032258063,,200.76,6.476129032258064,0.9368279569892471,,0.946236559139785,1.0,1.0,1.0,0.0,1.0,1001269.0128432276,994752.74948143,22.46104830781752,0.0008651492381788,0.0007886812087397,7.765339233038348,14.895111087098488,0.0007985540357541,1.4340000000000002,19.59466666666667,75.409,139.46,
SAN CRISTOBAL,2023-11-01,10.25095168374817,11.798956780923994,,19.18,81.34533333333334,0.989,,170.2,5.673333333333333,0.9319444444444444,,0.9486111111111112,1.0,1.0,1.0,0.0,1.0,1001269.0128432276,994752.74948143,21.77394575070995,0.000834292180922,0.0008251149669318,11.855255681818182,22.46104830781752,0.0007886812087397,0.9116129032258063,19.38935483870968,80.40064516129033,200.76,
SAN CRISTOBAL,2023-12-01,15.227842565597667,13.887334315169367,,19.54258064516129,80.67806451612903,1.0270967741935484,,133.78,4.315483870967742,0.9126344086021504,,0.922043010752688,1.0,1.0,1.0,0.0,1.0,1001269.0128432276,994752.74948143,18.53131492742804,0.0007103949055965,0.0007296443159417,10.25095168374817,21.77394575070995,0.0008251149669318,0.989,19.18,81.34533333333334,170.2,
SAN CRISTOBAL,2024-01-01,15.777470930232557,10.764356435643563,15.083028286189684,20.018387096774195,71.83064516129032,1.3596774193548389,,19.18,0.6187096774193548,0.9502688172043012,0.8077956989247311,0.9247311827956988,1.0,1.0,1.0,0.0,1.0,1001269.0128432276,994752.74948143,19.38169517787316,0.0007375140972559,0.0010027812644947,15.227842565597667,18.53131492742804,0.0007296443159417,1.0270967741935484,19.54258064516129,80.67806451612903,133.78,
SAN CRISTOBAL,2024-02-01,16.435649546827793,12.885407066052228,8.909259259259258,20.71896551724138,74.39793103448275,1.2134482758620688,,67.75,2.336206896551724,0.9353448275862069,0.9310344827586208,0.9511494252873564,1.0,1.0,1.0,0.0,1.0,1001269.0128432276,994752.74948143,17.362193779307937,0.0006624433367432,0.0008038407248274,15.777470930232557,19.38169517787316,0.0010027812644947,1.3596774193548389,20.018387096774195,71.83064516129032,19.18,
SAN CRISTOBAL,2024-03-01,25.45779220779221,12.314163090128757,9.974090247452692,21.388387096774192,71.98322580645161,1.1596774193548387,,80.08,2.5832258064516127,0.939516129032258,0.9233870967741936,0.8279569892473119,1.0,1.0,1.0,0.0,1.0,1001269.0128432276,994752.74948143,20.06722172646656,0.0007673501890075,0.0008898786869296,16.435649546827793,17.362193779307937,0.0008038407248274,1.2134482758620688,20.71896551724138,74.39793103448275,67.75,
SAN CRISTOBAL,2024-04-01,19.445772594752185,14.42589285714286,,20.540666666666667,76.39433333333334,0.9806666666666666,,223.34,7.444666666666666,0.9333333333333332,0.6888888888888889,0.9527777777777776,1.0,1.0,1.0,0.0,1.0,1001269.0128432276,994752.74948143,21.52970980920204,0.000810227738289,0.0007945633353487,25.45779220779221,20.06722172646656,0.0008898786869296,1.1596774193548387,21.388387096774192,71.98322580645161,80.08,
SAN CRISTOBAL,2024-05-01,6.244159544159544,8.64354136429608,2.95687134502924,19.726774193548387,82.56838709677419,0.9661290322580643,,371.83,11.994516129032258,0.9260752688172044,0.9193548387096774,0.9435483870967742,1.0,1.0,1.0,0.0,1.0,1001269.0128432276,994752.74948143,20.11953128106141,0.000759359738464,0.0007336394892579,19.445772594752185,21.52970980920204,0.0007945633353487,0.9806666666666666,20.540666666666667,76.39433333333334,223.34,
SAN CRISTOBAL,2024-06-01,5.638879456706282,9.179294478527607,4.0132275132275135,19.017666666666667,81.55966666666667,1.1303333333333332,,247.96,8.265333333333334,0.9055555555555556,0.7875,0.8180555555555555,1.0,1.0,1.0,0.0,1.0,1001269.0128432276,994752.74948143,19.102225373339856,0.0007202611033041,0.000814135133768,6.244159544159544,20.11953128106141,0.0007336394892579,0.9661290322580643,19.726774193548387,82.56838709677419,371.83,
SAN CRISTOBAL,2024-07-01,4.106990881458967,6.882324058919804,,18.71451612903226,80.19419354838709,1.4970967741935486,,128.74,4.152903225806452,0.821236559139785,0.7231182795698925,0.8844086021505376,1.0,1.0,1.0,0.0,1.0,1001269.0128432276,994752.74948143,15.73667191145125,0.0006088633466524,0.0009115273521981,5.638879456706282,19.102225373339856,0.000814135133768,1.1303333333333332,19.017666666666667,81.55966666666667,247.96,
SAN CRISTOBAL,2024-08-01,7.507467532467533,8.158581560283688,21.28276353276353,18.966451612903228,75.88193548387098,1.470967741935484,,59.62,1.9232258064516128,0.9475806451612904,0.9435483870967742,0.8279569892473119,1.0,1.0,1.0,0.0,1.0,1001269.0128432276,994752.74948143,22.684106739460223,0.0008718777502036,0.0012825040454607,4.106990881458967,15.73667191145125,0.0009115273521981,1.4970967741935486,18.71451612903226,80.19419354838709,128.74,
SAN CRISTOBAL,2024-09-01,10.661374045801526,9.865401459854017,16.013333333333332,19.767666666666667,73.34766666666665,1.438,,85.99,2.866333333333333,0.9513888888888888,0.9166666666666666,0.9097222222222222,1.0,1.0,1.0,0.0,1.0,1001269.0128432276,994752.74948143,2.08475734105979,0.0002313398629482,0.0003326667229196,7.507467532467533,22.684106739460223,0.0012825040454607,1.470967741935484,18.966451612903228,75.88193548387098,59.62,
SAN CRISTOBAL,2024-10-01,10.157627118644069,13.242368045649073,14.656348074179745,19.448709677419355,77.96000000000001,1.1380645161290324,,178.05,5.743548387096775,0.9422043010752688,0.9422043010752688,0.9516129032258064,1.0,1.0,1.0,0.0,1.0,1001269.0128432276,994752.74948143,19.305462171024477,0.0007531721843826,0.0008571585375813,10.661374045801526,2.08475734105979,0.0003326667229196,1.438,19.767666666666667,73.34766666666665,85.99,
SAN CRISTOBAL,2024-11-01,13.950506756756758,17.442143906020558,8.146833578792341,18.587,84.712,0.9796666666666668,,195.92,6.530666666666667,0.9458333333333332,0.9430555555555556,0.8222222222222222,1.0,1.0,1.0,0.0,1.0,1001269.0128432276,994752.74948143,13.918561797890998,0.0005657821366098,0.0005542778998321,10.157627118644069,19.305462171024477,0.0008571585375813,1.1380645161290324,19.448709677419355,77.96000000000001,178.05,
SAN CRISTOBAL,2024-12-01,16.79475982532751,,,19.18322580645161,82.05612903225806,0.9064516129032258,,157.62,5.0845161290322585,0.7338709677419355,0.7338709677419355,0.9233870967741936,1.0,1.0,1.0,0.0,1.0,1001269.0128432276,994752.74948143,12.251830122238776,0.0005800115317803,0.0005257523884847,13.950506756756758,13.918561797890998,0.0005542778998321,0.9796666666666668,18.587,84.712,195.92,
SUBA,2020-01-01,15.680184410484078,11.346686303387331,14.277353363942831,16.358387096774194,83.1324193548387,1.3029032258064517,,26.29,0.8480645161290322,0.9126344086021504,0.8393817204301075,0.9314516129032258,1.0,1.0,1.0,0.0,1.0,1000184.3919040436,1018467.8222482742,-0.3477003222816375,0.0001341322984469,0.0001747614043313,,,,,,,,
SUBA,2020-02-01,21.60626457104231,14.391433021806852,15.784512417407154,16.581379310344825,80.82448275862069,1.2646551724137929,,123.1,4.244827586206896,0.9224137931034484,0.951867816091954,0.9475574712643676,1.0,1.0,1.0,0.0,1.0,1000184.3919040436,1018467.8222482742,-3.608940682621963,0.0002197218269139,0.0002778723448989,15.680184410484078,-0.3477003222816375,0.0001747614043313,1.3029032258064517,16.358387096774194,83.1324193548387,26.29,
SUBA,2020-03-01,31.505099329545544,11.891210374639767,26.48117743043628,16.88483870967742,83.02112903225806,0.9353225806451612,,113.815,3.671451612903226,0.9327956989247312,0.918010752688172,0.9509408602150538,1.0,1.0,1.0,0.0,1.0,1000184.3919040436,1018467.8222482742,5.647350040028947,0.0002530676319502,0.0002366998705934,21.60626457104231,-3.608940682621963,0.0002778723448989,1.2646551724137929,16.581379310344825,80.82448275862069,123.1,
SUBA,2020-04-01,15.285531617928456,9.34191419141914,19.872996763062268,17.145,83.34516666666667,0.8963333333333332,,169.60500000000002,5.6535,0.8416666666666667,0.8743055555555557,0.9256944444444444,1.0,1.0,1.0,0.0,1.0,1000184.3919040436,1018467.8222482742,-3.819335853413728,0.0002010024416829,0.0001801651885617,31.505099329545544,5.647350040028947,0.0002366998705934,0.9353225806451612,16.88483870967742,83.02112903225806,113.815,
SUBA,2020-05-01,7.583818292189397,7.855374592833876,12.45033312955993,16.933064516129033,83.34241935483871,1.1374193548387097,,171.33499999999998,5.526935483870967,0.8252688172043011,0.9509408602150538,0.9448924731182796,1.0,1.0,1.0,0.0,1.0,1000184.3919040436,1018467.8222482742,-1.0356889219147778,0.0001182147431159,0.0001344597368473,15.285531617928456,-3.819335853413728,0.0001801651885617,0.8963333333333332,17.145,83.34516666666667,169.60500000000002,
SUBA,2020-06-01,8.964446892239625,7.853323485967503,10.400077788007431,15.864333333333333,83.60033333333334,1.2376666666666667,,363.86,12.128666666666668,0.9402777777777778,0.9513888888888888,0.91875,1.0,1.0,1.0,0.0,1.0,1000184.3919040436,1018467.8222482742,-1.3383805095414385,0.0001346349592935,0.0001666332012856,7.583818292189397,-1.0356889219147778,0.0001344597368473,1.1374193548387097,16.933064516129033,83.34241935483871,171.33499999999998,
SUBA,2020-07-01,7.130403904036827,8.605120910384068,10.707078961018231,15.570967741935483,82.87774193548387,1.1588709677419358,,240.545,7.759516129032258,0.9448924731182796,0.9516129032258064,0.9045698924731184,1.0,1.0,1.0,0.0,1.0,1000184.3919040436,1018467.8222482742,-2.461112302452096,9.642167143274829e-05,0.0001117402756845,8.964446892239625,-1.3383805095414385,0.0001666332012856,1.2376666666666667,15.864333333333333,83.60033333333334,363.86,
SUBA,2020-08-01,8.799716696853611,8.577675840978593,12.766885780978004,16.105806451612903,82.11290322580645,1.0829032258064517,,135.495,4.370806451612904,0.8790322580645161,0.9556451612903226,0.9495967741935484,1.0,1.0,1.0,0.0,1.0,1000184.3919040436,1018467.8222482742,-0.0887761586456168,5.823579487978072e-05,6.306373013271738e-05,7.130403904036827,-2.461112302452096,0.0001117402756845,1.1588709677419358,15.570967741935483,82.87774193548387,240.545,
SUBA,2020-09-01,11.07511278195489,11.030338733431517,12.688284178391864,16.24583333333333,80.5945,1.056,,142.87,4.762333333333334,0.9430555555555556,0.9479166666666669,0.9305555555555556,1.0,1.0,1.0,0.0,1.0,1000184.3919040436,1018467.8222482742,-2.3664828585603352,0.0001042243726071,0.0001100609374731,8.799716696853611,-0.0887761586456168,6.306373013271738e-05,1.0829032258064517,16.105806451612903,82.11290322580645,135.495,
SUBA,2020-10-01,10.62061589188309,11.42470930232558,14.966160209781126,16.352096774193548,78.0666129032258,1.1324193548387096,,55.995,1.806290322580645,0.7331989247311828,0.9435483870967742,0.9422043010752688,1.0,1.0,1.0,0.0,1.0,1000184.3919040436,1018467.8222482742,-4.091963276215045,0.0002088256604411,0.0002364782196705,11.07511278195489,-2.3664828585603352,0.0001100609374731,1.056,16.24583333333333,80.5945,142.87,
SUBA,2020-11-01,15.6628369519614,12.549045521292216,12.008224163027656,16.488833333333332,84.29916666666668,0.6458333333333333,,60.455,2.0151666666666666,0.84375,0.9541666666666668,0.9395833333333332,1.0,1.0,1.0,0.0,1.0,1000184.3919040436,1018467.8222482742,-0.0060047974935706,0.0002294113507236,0.0001481614973423,10.62061589188309,-4.091963276215045,0.0002364782196705,1.1324193548387096,16.352096774193548,78.0666129032258,55.995,
SUBA,2020-12-01,14.432321544602246,8.741903171953254,12.445847851335657,16.75790322580645,80.2425806451613,0.802258064516129,,100.7,3.2483870967741937,0.771505376344086,0.8333333333333333,0.8279569892473118,1.0,1.0,1.0,0.0,1.0,1000184.3919040436,1018467.8222482742,-5.895762159158436,0.0004483294209408,0.0003596758935096,15.6628369519614,-0.0060047974935706,0.0001481614973423,0.6458333333333333,16.488833333333332,84.29916666666668,60.455,
SUBA,2021-01-01,13.708853768953857,11.008709677419354,14.28238993710692,16.999677419354843,77.15193548387097,1.0325806451612902,,100.72333333333334,3.249139784946237,0.6200716845878137,0.7963709677419355,0.7087813620071685,1.0,1.0,1.0,0.0,1.0,1000184.3919040436,1018467.8222482742,-3.935511717379879,0.0004664931705237,0.0004816918189827,14.432321544602246,-5.895762159158436,0.0003596758935096,0.802258064516129,16.75790322580645,80.2425806451613,100.7,
SUBA,2021-02-01,15.723123034591197,11.539279431478962,13.227888827048492,17.765000000000004,78.28178571428572,0.9721428571428572,,97.6,3.4857142857142858,0.8621031746031745,0.9419642857142856,0.8650793650793651,1.0,1.0,1.0,0.0,1.0,1000184.3919040436,1018467.8222482742,-7.495677934929589,0.0004694087366972,0.0004563323504607,13.708853768953857,-3.935511717379879,0.0004816918189827,1.0325806451612902,16.999677419354843,77.15193548387097,100.72333333333334,
SUBA,2021-03-01,16.463987768148527,11.951807228915662,13.711433372296902,17.08451612903226,81.76677419354839,0.8765591397849463,,124.16333333333334,4.005268817204302,0.7558243727598567,0.9435483870967742,0.8561827956989246,1.0,1.0,1.0,0.0,1.0,1000184.3919040436,1018467.8222482742,0.6241692150640894,7.643746249168968e-05,6.700195636905961e-05,15.723123034591197,-7.495677934929589,0.0004563323504607,0.9721428571428572,17.765000000000004,78.28178571428572,97.6,
SUBA,2021-04-01,11.010338918713735,8.267603406326035,13.421884919950314,17.53011111111111,81.69455555555555,0.9633333333333334,,166.69333333333333,5.556444444444445,0.7314814814814815,0.9458333333333334,0.7509259259259259,1.0,1.0,1.0,0.0,1.0,1000184.3919040436,1018467.8222482742,-0.4875076504986104,5.851678705340546e-05,5.637117152811393e-05,16.463987768148527,0.6241692150640894,6.700195636905961e-05,0.8765591397849463,17.08451612903226,81.76677419354839,124.16333333333334,
SUBA,2021-05-01,8.602502649532353,8.263161544930862,9.612450759342767,17.497311827956988,81.02559139784947,1.159569892473118,,36.626666666666665,1.181505376344086,0.9117383512544804,0.8118279569892474,0.8046594982078853,1.0,1.0,1.0,0.0,1.0,1000184.3919040436,1018467.8222482742,-0.8463870015402346,4.869785493556668e-05,5.646856641130656e-05,11.010338918713735,-0.4875076504986104,5.637117152811393e-05,0.9633333333333334,17.53011111111111,81.69455555555555,166.69333333333333,
SUBA,2021-06-01,8.33395923112573,11.27829430472356,7.544937621832358,16.740444444444442,81.12055555555555,1.1427777777777777,,157.27333333333334,5.242444444444445,0.8888888888888888,0.8930555555555556,0.8888888888888888,1.0,1.0,1.0,0.0,1.0,1000184.3919040436,1018467.8222482742,2.8409521720155286,0.0001751132498287,0.0002001155304986,8.602502649532353,-0.8463870015402346,5.646856641130656e-05,1.159569892473118,17.497311827956988,81.02559139784947,36.626666666666665,
SUBA,2021-07-01,5.152718976682095,13.082858741242694,8.466012908833378,16.96172043010753,77.61086021505376,1.6253763440860218,,43.406666666666666,1.400215053763441,0.9453405017921148,0.9480286738351252,0.9363799283154124,1.0,1.0,1.0,0.0,1.0,1000184.3919040436,1018467.8222482742,2.734473689752239,0.0001603078583385,0.0002605606007144,8.33395923112573,2.8409521720155286,0.0002001155304986,1.1427777777777777,16.740444444444442,81.12055555555555,157.27333333333334,
SUBA,2021-08-01,7.472493271579324,17.588542210902123,10.941757480417218,17.549999999999997,75.26838709677419,1.2626881720430108,,52.376666666666665,1.6895698924731188,0.942652329749104,0.94668458781362,0.949820788530466,1.0,1.0,1.0,0.0,1.0,1000184.3919040436,1018467.8222482742,5.918197121944797,0.0003578525625041,0.0004518561980093,5.152718976682095,2.734473689752239,0.0002605606007144,1.6253763440860218,16.96172043010753,77.61086021505376,43.406666666666666,
SUBA,2021-09-01,9.347251691390492,17.883356730741337,12.339457354333662,17.520444444444447,74.31777777777778,1.2785555555555554,,120.02,4.000666666666667,0.9430555555555556,0.9481481481481482,0.9162037037037036,1.0,1.0,1.0,0.0,1.0,1000184.3919040436,1018467.8222482742,2.464150000934011,0.0002632137655355,0.0003365334222241,7.472493271579324,5.918197121944797,0.0004518561980093,1.2626881720430108,17.549999999999997,75.26838709677419,52.376666666666665,
SUBA,2021-10-01,12.567847533656524,19.07559424027509,13.3768902098994,18.08956989247312,78.64311827956989,0.8520430107526882,,89.42999999999999,2.88483870967742,0.8776881720430106,0.8270609318996415,0.9094982078853048,1.0,1.0,1.0,0.0,1.0,1000184.3919040436,1018467.8222482742,3.8278510386735807,0.0001706694812371,0.0001454177386368,9.347251691390492,2.464150000934011,0.0003365334222241,1.2785555555555554,17.520444444444447,74.31777777777778,120.02,
SUBA,2021-11-01,16.762902802612146,14.004862934940226,11.406421230701572,17.787888888888887,79.32488888888889,0.8530000000000001,,77.11666666666667,2.5705555555555555,0.8990740740740741,0.8814814814814814,0.8111111111111112,1.0,1.0,1.0,0.0,1.0,1000184.3919040436,1018467.8222482742,2.3939978739857395,0.0001144175793966,9.75981952253766e-05,12.567847533656524,3.8278510386735807,0.0001454177386368,0.8520430107526882,18.08956989247312,78.64311827956989,89.42999999999999,
SUBA,2021-12-01,16.504390693536497,11.523804128746022,11.156385616717897,18.12741935483871,78.89709677419354,0.9611827956989246,,59.57666666666668,1.9218279569892476,0.8418458781362007,0.8637992831541218,0.907258064516129,1.0,1.0,1.0,0.0,1.0,1000184.3919040436,1018467.8222482742,1.5320891643923795,0.0002799183427915,0.0002690526952918,16.762902802612146,2.3939978739857395,9.75981952253766e-05,0.8530000000000001,17.787888888888887,79.32488888888889,77.11666666666667,
SUBA,2022-01-01,14.612521740852994,10.950509455138029,13.796942637621113,17.818602150537632,73.88591397849463,1.07752688172043,,50.21666666666667,1.6198924731182796,0.8736559139784946,0.9345878136200716,0.732078853046595,1.0,1.0,1.0,0.0,1.0,1000184.3919040436,1018467.8222482742,5.888703428696168,0.0003342716832765,0.0003601867245284,16.504390693536497,1.5320891643923795,0.0002690526952918,0.9611827956989246,18.12741935483871,78.89709677419354,59.57666666666668,
SUBA,2022-02-01,19.212665988099328,16.255848796012728,14.171580987630096,17.62595238095238,77.3872619047619,0.8692857142857142,,124.98666666666666,4.463809523809524,0.5927579365079364,0.9459325396825397,0.914186507936508,1.0,1.0,1.0,0.0,1.0,1000184.3919040436,1018467.8222482742,5.483190205479907,0.0002118527254118,0.000184160547733,14.612521740852994,5.888703428696168,0.0003601867245284,1.07752688172043,17.818602150537632,73.88591397849463,50.21666666666667,
SUBA,2022-03-01,17.54589335913795,13.029164548436537,11.110939940618,17.320430107526878,83.22935483870968,0.8543010752688173,,190.81,6.155161290322581,0.9260752688172044,0.931899641577061,0.8875448028673835,1.0,1.0,1.0,0.0,1.0,1000184.3919040436,1018467.8222482742,1.616449398898208,0.0001333501324121,0.0001139211615069,19.212665988099328,5.483190205479907,0.000184160547733,0.8692857142857142,17.62595238095238,77.3872619047619,124.98666666666666,
SUBA,2022-04-01,14.636614275456262,12.193837676121907,8.864646079689487,17.241555555555554,83.17977777777777,0.9687777777777778,,266.3233333333333,8.877444444444444,0.8986111111111111,0.9310185185185186,0.8759259259259258,1.0,1.0,1.0,0.0,1.0,1000184.3919040436,1018467.8222482742,2.271274460427668,0.0001027553764365,9.954712523891456e-05,17.54589335913795,1.616449398898208,0.0001139211615069,0.8543010752688173,17.320430107526878,83.22935483870968,190.81,
SUBA,2022-05-01,10.536718419887348,10.50960999974848,7.038750966065134,17.01,83.40849462365591,1.004301075268817,,350.8966666666667,11.319247311827958,0.939516129032258,0.8637992831541218,0.8615591397849461,1.0,1.0,1.0,0.0,1.0,1000184.3919040436,1018467.8222482742,-1.2159069183366462,0.0002048518812808,0.0002057329646411,14.636614275456262,2.271274460427668,9.954712523891456e-05,0.9687777777777778,17.241555555555554,83.17977777777777,266.3233333333333,
SUBA,2022-06-01,10.716030506104664,11.665062654508532,8.565178571428572,16.301,84.08622222222222,0.911,,226.10666666666663,7.536888888888889,0.9263888888888888,0.5458333333333333,0.9115740740740742,1.0,1.0,1.0,0.0,1.0,1000184.3919040436,1018467.8222482742,4.151646012918663,0.0002390230047111,0.0002177499572918,10.536718419887348,-1.2159069183366462,0.0002057329646411,1.004301075268817,17.01,83.40849462365591,350.8966666666667,
SUBA,2022-07-01,8.92274184492418,9.458275047656429,6.392683686732803,16.42989247311828,82.31279569892473,1.1551612903225807,,252.72333333333336,8.152365591397851,0.879032258064516,0.9359318996415772,0.8974014336917563,1.0,1.0,1.0,0.0,1.0,1000184.3919040436,1018467.8222482742,-0.7263222546120165,0.0001786150791096,0.0002063292252553,10.716030506104664,4.151646012918663,0.0002177499572918,0.911,16.301,84.08622222222222,226.10666666666663,
SUBA,2022-08-01,11.443339642334372,12.762390512537769,8.188305574472366,16.30279569892473,80.7810752688172,1.1998924731182796,,178.99333333333334,5.773978494623656,0.9215949820788532,0.9126344086021504,0.8906810035842293,1.0,1.0,1.0,0.0,1.0,1000184.3919040436,1018467.8222482742,-2.6618782156507894,0.0002575517377557,0.0003090343915716,8.92274184492418,-0.7263222546120165,0.0002063292252553,1.1551612903225807,16.42989247311828,82.31279569892473,252.72333333333336,
SUBA,2022-09-01,15.82586876488873,16.941684183248004,8.704953691034081,16.900222222222222,80.57522222222222,0.9978888888888888,,150.32333333333335,5.010777777777778,0.9333333333333332,0.9180555555555556,0.9337962962962963,1.0,1.0,1.0,0.0,1.0,1000184.3919040436,1018467.8222482742,-1.2211447820960242,0.0002267075191486,0.000226228914386,11.443339642334372,-2.6618782156507894,0.0003090343915716,1.1998924731182796,16.30279569892473,80.7810752688172,178.99333333333334,
SUBA,2022-10-01,12.627004402383369,17.430046270094227,9.106694951678069,16.80258064516129,84.60849462365591,0.9561290322580644,,252.63666666666663,8.149569892473119,0.8060035842293907,0.6043906810035843,0.849910394265233,1.0,1.0,1.0,0.0,1.0,1000184.3919040436,1018467.8222482742,2.874689038037811,0.0002279686081083,0.0002179674046558,15.82586876488873,-1.2211447820960242,0.000226228914386,0.9978888888888888,16.900222222222222,80.57522222222222,150.32333333333335,
SUBA,2022-11-01,13.538746815218538,15.903889603417886,6.961010709161713,16.64488888888889,88.00544444444444,0.8282222222222222,,181.45666666666668,6.048555555555556,0.9069444444444444,0.7111111111111111,0.9314814814814816,1.0,1.0,1.0,0.0,1.0,1000184.3919040436,1018467.8222482742,5.5103614344326175,0.0002183168563151,0.0001808148718859,12.627004402383369,2.874689038037811,0.0002179674046558,0.9561290322580644,16.80258064516129,84.60849462365591,252.63666666666663,
SUBA,2022-12-01,15.620905321040714,15.287390753671652,10.27655816400423,16.43537634408602,83.79860215053763,0.8782795698924732,,72.64999999999999,2.3435483870967744,0.878584229390681,0.8982974910394265,0.8745519713261648,1.0,1.0,1.0,0.0,1.0,1000184.3919040436,1018467.8222482742,4.223874535786003,0.000279455061929,0.0002454396715953,13.538746815218538,5.5103614344326175,0.0001808148718859,0.8282222222222222,16.64488888888889,88.00544444444444,181.45666666666668,
SUBA,2023-01-01,14.818040289860022,14.031661347499687,10.759258230107571,15.96516129032258,83.9505376344086,0.913978494623656,,186.5,6.016129032258064,0.9439964157706092,0.8906810035842293,0.949820788530466,1.0,1.0,1.0,0.0,1.0,1000184.3919040436,1018467.8222482742,1.889423395535788,0.0002561161766478,0.0002340846775813,15.620905321040714,4.223874535786003,0.0002454396715953,0.8782795698924732,16.43537634408602,83.79860215053763,72.64999999999999,
SUBA,2023-02-01,18.532752238607245,15.355843785010634,10.82541321704202,16.90952380952381,80.72416666666665,1.0198809523809522,,49.54333333333333,1.7694047619047617,0.9191468253968256,0.8472222222222223,0.9260912698412698,1.0,1.0,1.0,0.0,1.0,1000184.3919040436,1018467.8222482742,3.2883183281365014,0.000351328109031,0.0003583128464367,14.818040289860022,1.889423395535788,0.0002340846775813,0.913978494623656,15.96516129032258,83.9505376344086,186.5,
SUBA,2023-03-01,18.69976855002176,16.744797579422954,13.50426752560158,17.007956989247315,85.51924731182795,0.8191397849462366,,156.92999999999998,5.062258064516128,0.9090501792114696,0.9005376344086022,0.9475806451612904,1.0,1.0,1.0,0.0,1.0,1000184.3919040436,1018467.8222482742,0.0357265909956261,0.0002150634434495,0.000176167022817,18.532752238607245,3.2883183281365014,0.0003583128464367,1.0198809523809522,16.90952380952381,80.72416666666665,49.54333333333333,
SUBA,2023-04-01,14.642281768959991,14.96354875282084,10.722693997071742,17.136333333333333,85.46033333333332,0.8695555555555555,,225.1133333333333,7.503777777777777,0.9212962962962964,0.7407407407407408,0.937037037037037,1.0,1.0,1.0,0.0,1.0,1000184.3919040436,1018467.8222482742,0.6673516978501954,0.0003658204509422,0.0003181012054526,18.69976855002176,0.0357265909956261,0.000176167022817,0.8191397849462366,17.007956989247315,85.51924731182795,156.92999999999998,
SUBA,2023-05-01,10.365401281034323,13.444624903258722,5.95878541366278,17.621935483870967,83.74795698924731,1.1010752688172043,,244.49666666666667,7.886989247311828,0.928763440860215,0.943548387096774,0.942652329749104,1.0,1.0,1.0,0.0,1.0,1000184.3919040436,1018467.8222482742,-3.422885589639601,0.0002900611146374,0.0003193791197728,14.642281768959991,0.6673516978501954,0.0003181012054526,0.8695555555555555,17.136333333333333,85.46033333333332,225.1133333333333,
SUBA,2023-06-01,6.868295641505326,9.639926547848772,6.727533669003127,16.643,82.24211111111111,1.5762222222222222,,176.92,5.897333333333333,0.8527777777777777,0.8513888888888889,0.837037037037037,1.0,1.0,1.0,0.0,1.0,1000184.3919040436,1018467.8222482742,-4.100471219822431,0.0002587207692132,0.0004078014257843,10.365401281034323,-3.422885589639601,0.0003193791197728,1.1010752688172043,17.621935483870967,83.74795698924731,244.49666666666667,
SUBA,2023-07-01,7.080800555796099,10.856856714081369,7.389808021521155,16.99021505376344,81.73440860215054,1.6870967741935483,,171.98666666666668,5.547956989247312,0.9448924731182796,0.8754480286738352,0.9502688172043012,1.0,1.0,1.0,0.0,1.0,1000184.3919040436,1018467.8222482742,-0.6632953406649733,0.0001453804365703,0.0002452708655686,6.868295641505326,-4.100471219822431,0.0004078014257843,1.5762222222222222,16.643,82.24211111111111,176.92,
SUBA,2023-08-01,9.638561197532953,12.894587208735876,10.624960931759707,17.041935483870972,79.55978494623656,1.5174193548387098,,144.53333333333333,4.66236559139785,0.9426523297491038,0.9399641577060932,0.9422043010752688,1.0,1.0,1.0,0.0,1.0,1000184.3919040436,1018467.8222482742,-0.8698434229255527,0.0002247619252142,0.0003410580955509,7.080800555796099,-0.6632953406649733,0.0002452708655686,1.6870967741935483,16.99021505376344,81.73440860215054,171.98666666666668,
SUBA,2023-09-01,12.495433050821015,15.020640663479634,11.76086994819193,17.767444444444447,78.703,1.3694444444444445,,150.69333333333336,5.023111111111112,0.910648148148148,0.9212962962962964,0.9324074074074076,1.0,1.0,1.0,0.0,1.0,1000184.3919040436,1018467.8222482742,-3.574351942356886,0.0002722002500638,0.0003727631202262,9.638561197532953,-0.8698434229255527,0.0003410580955509,1.5174193548387098,17.041935483870972,79.55978494623656,144.53333333333333,
SUBA,2023-10-01,12.929948569417304,15.657204416328293,11.638080626774872,17.663010752688173,82.2058064516129,0.8653763440860214,,210.45333333333332,6.788817204301076,0.9121863799283152,0.8982974910394265,0.9404121863799284,1.0,1.0,1.0,0.0,1.0,1000184.3919040436,1018467.8222482742,3.4793013076773,0.0003192084695942,0.0002762354584187,12.495433050821015,-3.574351942356886,0.0003727631202262,1.3694444444444445,17.767444444444447,78.703,150.69333333333336,
SUBA,2023-11-01,11.910773725044644,15.851230909669471,10.02123316144668,17.529555555555557,83.32133333333333,0.96,,171.8733333333333,5.72911111111111,0.875,0.9361111111111112,0.947222222222222,1.0,1.0,1.0,0.0,1.0,1000184.3919040436,1018467.8222482742,-1.1696882110847984,0.0002944871308185,0.0002827076455858,12.929948569417304,3.4793013076773,0.0002762354584187,0.8653763440860214,17.663010752688173,82.2058064516129,210.45333333333332,
SUBA,2023-12-01,15.463766795218,15.98164568361932,8.892815025220386,17.918602150537634,83.40720430107525,0.96752688172043,,142.51666666666665,4.597311827956989,0.8776881720430106,0.9135304659498208,0.8870967741935484,1.0,1.0,1.0,0.0,1.0,1000184.3919040436,1018467.8222482742,-1.1806853268583488,0.000347825377326,0.0003365304027075,11.910773725044644,-1.1696882110847984,0.0002827076455858,0.96,17.529555555555557,83.32133333333333,171.8733333333333,
SUBA,2024-01-01,19.281842058297844,16.456144917193175,11.607504953421053,18.046021505376345,75.65763440860215,1.3188172043010755,,15.126666666666663,0.4879569892473118,0.9368279569892474,0.9493727598566308,0.9511648745519712,1.0,1.0,1.0,0.0,1.0,1000184.3919040436,1018467.8222482742,-5.098136365668788,0.0002775632890996,0.000366055240947,15.463766795218,-1.1806853268583488,0.0003365304027075,0.96752688172043,17.918602150537634,83.40720430107525,142.51666666666665,
SUBA,2024-02-01,17.848794321478028,16.139061619877623,10.578397178019316,18.87563218390805,77.84367816091954,1.1496551724137931,,62.55,2.156896551724138,0.8979885057471265,0.903256704980843,0.9377394636015328,1.0,1.0,1.0,0.0,1.0,1000184.3919040436,1018467.8222482742,-2.0036565968551727,0.0001803528602348,0.0002073435986286,19.281842058297844,-5.098136365668788,0.000366055240947,1.3188172043010755,18.046021505376345,75.65763440860215,15.126666666666663,
SUBA,2024-03-01,28.071441181007625,16.08661928305568,12.256534954407297,19.50559139784946,75.96924731182796,1.1235483870967744,,84.13,2.713870967741935,0.903673835125448,0.8543906810035842,0.949820788530466,1.0,1.0,1.0,0.0,1.0,1000184.3919040436,1018467.8222482742,-3.386378072318884,0.0002649475929525,0.000297681440727,17.848794321478028,-2.0036565968551727,0.0002073435986286,1.1496551724137931,18.87563218390805,77.84367816091954,62.55,
SUBA,2024-04-01,22.505703533803104,17.69618202976695,12.455458820158285,18.736444444444444,79.23422222222223,0.9877777777777776,,213.4333333333333,7.114444444444444,0.9092592592592592,0.9273148148148148,0.9467592592592592,1.0,1.0,1.0,0.0,1.0,1000184.3919040436,1018467.8222482742,-4.6036581400425405,0.0003662680524605,0.0003617914429304,28.071441181007625,-3.386378072318884,0.000297681440727,1.1235483870967744,19.50559139784946,75.96924731182796,84.13,
SUBA,2024-05-01,8.46260924764746,11.930332045131404,5.860803863828058,18.09182795698925,84.56021505376344,1.008817204301075,,378.76,12.218064516129033,0.8620071684587813,0.8991935483870969,0.939068100358423,1.0,1.0,1.0,0.0,1.0,1000184.3919040436,1018467.8222482742,-3.752571440932893,0.0002256161971383,0.0002276055012421,22.505703533803104,-4.6036581400425405,0.0003617914429304,0.9877777777777776,18.736444444444444,79.23422222222223,213.4333333333333,
SUBA,2024-06-01,7.757658321945692,12.384527898909925,7.216330885952031,17.296777777777777,83.93222222222222,1.1386666666666665,,249.93666666666664,8.331222222222223,0.9231481481481482,0.8203703703703703,0.8967592592592593,1.0,1.0,1.0,0.0,1.0,1000184.3919040436,1018467.8222482742,-2.655000646378574,0.0001767730703018,0.000201285602717,8.46260924764746,-3.752571440932893,0.0002276055012421,1.008817204301075,18.09182795698925,84.56021505376344,378.76,
SUBA,2024-07-01,5.9001928140315485,10.340617684354273,10.336425906761974,16.949354838709677,82.96139784946236,1.4815053763440862,,138.79,4.477096774193549,0.9417562724014336,0.9516129032258064,0.9184587813620072,1.0,1.0,1.0,0.0,1.0,1000184.3919040436,1018467.8222482742,-3.4117751358071864,0.0001551332289914,0.0002298307128004,7.757658321945692,-2.655000646378574,0.000201285602717,1.1386666666666665,17.296777777777777,83.93222222222222,249.93666666666664,
SUBA,2024-08-01,11.49109933786294,12.912473073457924,15.226815213451715,17.174086021505378,79.02301075268818,1.4202150537634413,,67.70333333333333,2.183978494623656,0.9489247311827956,0.946236559139785,0.9543010752688174,1.0,1.0,1.0,0.0,1.0,1000184.3919040436,1018467.8222482742,-7.588347240030457,0.0003388331063839,0.0004812158783999,5.9001928140315485,-3.4117751358071864,0.0002298307128004,1.4815053763440862,16.949354838709677,82.96139784946236,138.79,
SUBA,2024-09-01,13.550835171374263,14.778535294181072,16.0203345255628,17.868111111111112,77.04055555555554,1.396111111111111,,90.19,3.0063333333333326,0.7847222222222222,0.7861111111111111,0.737037037037037,1.0,1.0,1.0,0.0,1.0,1000184.3919040436,1018467.8222482742,-5.621373890556319,0.0002597798236728,0.0003626814982721,11.49109933786294,-7.588347240030457,0.0004812158783999,1.4202150537634413,17.174086021505378,79.02301075268818,67.70333333333333,
SUBA,2024-10-01,11.423464694878504,16.44497841673305,14.583869824313402,17.716774193548385,80.6083870967742,1.1083870967741936,,192.49666666666667,6.209569892473119,0.7809139784946236,0.7195340501792115,0.9014336917562724,1.0,1.0,1.0,0.0,1.0,1000184.3919040436,1018467.8222482742,-0.8839219752999821,0.0003544788596526,0.0003928997941181,13.550835171374263,-5.621373890556319,0.0003626814982721,1.396111111111111,17.868111111111112,77.04055555555554,90.19,
SUBA,2024-11-01,13.195873505823736,16.26122343283931,9.656568227441564,17.113444444444443,86.18711111111111,0.8814444444444446,,207.0333333333333,6.901111111111111,0.8888888888888888,0.8953703703703703,0.9449074074074074,1.0,1.0,1.0,0.0,1.0,1000184.3919040436,1018467.8222482742,-0.9329610046327924,0.0002980405878848,0.00026270622041,11.423464694878504,-0.8839219752999821,0.0003928997941181,1.1083870967741936,17.716774193548385,80.6083870967742,192.49666666666667,
SUBA,2024-12-01,15.14830930607929,14.3441463757567,14.633333333333336,17.621935483870967,84.1837634408602,0.8579569892473119,,155.79333333333332,5.025591397849463,0.8525985663082437,0.7370071684587813,0.8942652329749103,1.0,1.0,1.0,0.0,1.0,1000184.3919040436,1018467.8222482742,-0.3393942946789448,0.0002169690951128,0.0001861501516026,13.195873505823736,-0.9329610046327924,0.00026270622041,0.8814444444444446,17.113444444444443,86.18711111111111,207.0333333333333,
TEUSAQUILLO,2020-01-01,13.396892655367232,,,18.848064516129032,79.68354838709678,1.5032258064516129,,23.51,0.7583870967741935,,0.6478494623655914,0.9516129032258064,1.0,1.0,1.0,0.0,1.0,999083.3876167,1004973.201652838,8.041161526752136,0.0004397303431691,0.0006610139997317,,,,,,,,
TEUSAQUILLO,2020-02-01,17.134153846153847,,20.80537634408602,19.266896551724138,76.77137931034483,1.3617241379310343,,132.39,4.565172413793103,,0.9353448275862069,0.9339080459770116,1.0,1.0,1.0,0.0,1.0,999083.3876167,1004973.201652838,22.421996894544264,0.0015356599045841,0.0020911451597251,13.396892655367232,8.041161526752136,0.0006610139997317,1.5032258064516129,18.848064516129032,79.68354838709678,23.51,
TEUSAQUILLO,2020-03-01,29.034045584045582,,21.688210227272727,19.381612903225808,80.22322580645161,1.0503225806451613,,106.01,3.419677419354839,,0.946236559139785,0.9435483870967742,1.0,1.0,1.0,0.0,1.0,999083.3876167,1004973.201652838,20.306235841581596,0.0014292350071279,0.0015011578010349,17.134153846153847,22.421996894544264,0.0020911451597251,1.3617241379310343,19.266896551724138,76.77137931034483,132.39,
TEUSAQUILLO,2020-04-01,12.78972099853157,,19.193026706231453,19.68166666666667,79.98333333333333,0.8903333333333333,,156.11,5.203666666666667,,0.9361111111111112,0.9458333333333332,1.0,1.0,1.0,0.0,1.0,999083.3876167,1004973.201652838,12.743146040848968,0.0008665322980671,0.0007715025893791,29.034045584045582,20.306235841581596,0.0015011578010349,1.0503225806451613,19.381612903225808,80.22322580645161,106.01,
TEUSAQUILLO,2020-05-01,6.799002849002848,,12.266666666666667,19.64967741935484,78.75709677419356,1.1441935483870966,,140.88,4.5445161290322575,,0.9475806451612904,0.9435483870967742,1.0,1.0,1.0,0.0,1.0,999083.3876167,1004973.201652838,10.080533058032993,0.0007882490092267,0.0009019094308797,12.78972099853157,12.743146040848968,0.0007715025893791,0.8903333333333333,19.68166666666667,79.98333333333333,156.11,
TEUSAQUILLO,2020-06-01,8.803235294117647,,11.118703976435937,18.52533333333333,79.155,1.244,,312.54,10.418,,0.9430555555555556,0.9444444444444444,1.0,1.0,1.0,0.0,1.0,999083.3876167,1004973.201652838,10.469055347548483,0.0009182524984568,0.0011423061080803,6.799002849002848,10.080533058032993,0.0009019094308797,1.1441935483870966,19.64967741935484,78.75709677419356,140.88,
TEUSAQUILLO,2020-07-01,6.376757532281205,,11.078285714285714,18.291935483870965,78.14645161290322,1.1312903225806452,,205.21,6.619677419354839,,0.9408602150537636,0.9368279569892471,1.0,1.0,1.0,0.0,1.0,999083.3876167,1004973.201652838,6.096413196779471,0.0008874435717899,0.0010039563246023,8.803235294117647,10.469055347548483,0.0011423061080803,1.244,18.52533333333333,79.155,312.54,
TEUSAQUILLO,2020-08-01,7.771549295774648,,7.355539971949509,18.786129032258064,77.94483870967741,1.1151612903225807,,121.34,3.914193548387097,,0.9583333333333334,0.9543010752688172,1.0,1.0,1.0,0.0,1.0,999083.3876167,1004973.201652838,13.99097552109717,0.00094441015285,0.0010531696446459,6.376757532281205,6.096413196779471,0.0010039563246023,1.1312903225806452,18.291935483870965,78.14645161290322,205.21,
TEUSAQUILLO,2020-09-01,9.237164179104475,,8.67311046511628,18.94533333333333,76.04299999999999,1.134,,119.27,3.975666666666667,,0.9555555555555556,0.9305555555555556,1.0,1.0,1.0,0.0,1.0,999083.3876167,1004973.201652838,19.14649215969665,0.0013288543874458,0.0015069208753635,7.771549295774648,13.99097552109717,0.0010531696446459,1.1151612903225807,18.786129032258064,77.94483870967741,121.34,
TEUSAQUILLO,2020-10-01,9.68206599713056,,18.67074829931973,19.17096774193548,72.35612903225807,1.274516129032258,,60.73,1.959032258064516,,0.7903225806451613,0.9368279569892471,1.0,1.0,1.0,0.0,1.0,999083.3876167,1004973.201652838,16.981940752906795,0.0011498125735136,0.0014654546703071,9.237164179104475,19.14649215969665,0.0015069208753635,1.134,18.94533333333333,76.04299999999999,119.27,
TEUSAQUILLO,2020-11-01,17.16442166910688,,,18.61133333333333,81.52933333333334,0.8076666666666666,,71.11,2.3703333333333334,,0.6791666666666667,0.9486111111111112,1.0,1.0,1.0,0.0,1.0,999083.3876167,1004973.201652838,14.43348530712682,0.0010842565171082,0.0008757178469844,9.68206599713056,16.981940752906795,0.0014654546703071,1.274516129032258,19.17096774193548,72.35612903225807,60.73,
TEUSAQUILLO,2020-12-01,13.86360856269113,,,19.31935483870968,74.79225806451613,0.8703225806451613,,113.99,3.677096774193549,,0.6612903225806451,0.8790322580645161,1.0,1.0,1.0,0.0,1.0,999083.3876167,1004973.201652838,19.80608716825668,0.0013894021132113,0.0012092280327239,17.16442166910688,14.43348530712682,0.0008757178469844,0.8076666666666666,18.61133333333333,81.52933333333334,71.11,
TEUSAQUILLO,2021-01-01,12.148710601719197,,20.76741573033708,18.83806451612904,73.38612903225807,1.0696774193548386,,105.14,3.3916129032258064,,0.8373655913978495,0.9381720430107529,1.0,1.0,1.0,0.0,1.0,999083.3876167,1004973.201652838,17.949094946593647,0.0012706255388541,0.0013591594473678,13.86360856269113,19.80608716825668,0.0012092280327239,0.8703225806451613,19.31935483870968,74.79225806451613,113.99,
TEUSAQUILLO,2021-02-01,15.862677165354327,,13.814104595879558,19.62071428571429,74.44678571428572,1.0442857142857145,,98.38,3.5135714285714283,,0.9389880952380952,0.9449404761904762,1.0,1.0,1.0,0.0,1.0,999083.3876167,1004973.201652838,11.33090087616582,0.0010181393195139,0.0010632283465209,12.148710601719197,17.949094946593647,0.0013591594473678,1.0696774193548386,18.83806451612904,73.38612903225807,105.14,
TEUSAQUILLO,2021-03-01,16.084861717612807,,13.709155937052934,18.69483870967742,79.48903225806451,0.9319354838709678,,132.12,4.261935483870968,,0.939516129032258,0.9233870967741936,1.0,1.0,1.0,0.0,1.0,999083.3876167,1004973.201652838,16.489679427116396,0.0011796847987024,0.0010993901236939,15.862677165354327,11.33090087616582,0.0010632283465209,1.0442857142857145,19.62071428571429,74.44678571428572,98.38,
TEUSAQUILLO,2021-04-01,9.863676470588237,,13.414787701317715,19.200333333333333,79.31633333333333,0.9443333333333334,,176.72,5.890666666666666,,0.9486111111111112,0.9444444444444444,1.0,1.0,1.0,0.0,1.0,999083.3876167,1004973.201652838,13.75351491774882,0.0009924531481112,0.000937206589533,16.084861717612807,16.489679427116396,0.0010993901236939,0.9319354838709678,18.69483870967742,79.48903225806451,132.12,
TEUSAQUILLO,2021-05-01,9.324737631184409,,10.492220650636492,19.156774193548387,78.49290322580646,1.1796774193548387,,53.85,1.7370967741935484,,0.9502688172043012,0.896505376344086,1.0,1.0,1.0,0.0,1.0,999083.3876167,1004973.201652838,9.442990563893582,0.0008620279528869,0.0010169149108733,9.863676470588237,13.75351491774882,0.000937206589533,0.9443333333333334,19.200333333333333,79.31633333333333,176.72,
TEUSAQUILLO,2021-06-01,8.971322436849926,11.05204081632653,10.281077147016012,18.355666666666664,79.12733333333334,1.1006666666666665,,196.89,6.563,0.9527777777777776,0.9541666666666668,0.9347222222222222,1.0,1.0,1.0,0.0,1.0,999083.3876167,1004973.201652838,12.522261453694922,0.000992779604569,0.0010927194180956,9.324737631184409,9.442990563893582,0.0010169149108733,1.1796774193548387,19.156774193548387,78.49290322580646,53.85,
TEUSAQUILLO,2021-07-01,6.538928067700988,8.568688293370945,11.879014084507045,18.631612903225808,75.01322580645162,1.6390322580645162,,57.61,1.8583870967741936,0.952956989247312,0.9543010752688172,0.952956989247312,1.0,1.0,1.0,0.0,1.0,999083.3876167,1004973.201652838,11.733247231805962,0.0008684023825906,0.0014233395180461,8.971322436849926,12.522261453694922,0.0010927194180956,1.1006666666666665,18.355666666666664,79.12733333333334,196.89,
TEUSAQUILLO,2021-08-01,8.052482269503546,,13.44858757062147,19.18290322580645,73.33967741935484,1.2638709677419355,,71.11,2.293870967741936,0.0672043010752688,0.9516129032258064,0.9475806451612904,1.0,1.0,1.0,0.0,1.0,999083.3876167,1004973.201652838,11.909952334572615,0.000980847618114,0.0012396648283131,6.538928067700988,11.733247231805962,0.0014233395180461,1.6390322580645162,18.631612903225808,75.01322580645162,57.61,
TEUSAQUILLO,2021-09-01,8.314766081871346,,16.865198237885462,19.143,72.27333333333333,1.2813333333333332,,145.0,4.833333333333333,,0.9458333333333332,0.95,1.0,1.0,1.0,0.0,1.0,999083.3876167,1004973.201652838,22.59827909853864,0.0015221481007411,0.0019503790997496,8.052482269503546,11.909952334572615,0.0012396648283131,1.2638709677419355,19.18290322580645,73.33967741935484,71.11,
TEUSAQUILLO,2021-10-01,13.504249291784705,17.930491329479768,13.61534090909091,19.622903225806454,76.90709677419355,0.8551612903225807,,96.44,3.110967741935484,0.9301075268817204,0.946236559139785,0.9489247311827956,1.0,1.0,1.0,0.0,1.0,999083.3876167,1004973.201652838,16.206847007926207,0.0011439602008597,0.0009782704814448,8.314766081871346,22.59827909853864,0.0019503790997496,1.2813333333333332,19.143,72.27333333333333,145.0,
TEUSAQUILLO,2021-11-01,16.81929012345679,17.987408491947292,13.055912408759124,19.259666666666664,77.90433333333334,0.9016666666666668,,86.48,2.8826666666666667,0.9486111111111112,0.9513888888888888,0.9,1.0,1.0,1.0,0.0,1.0,999083.3876167,1004973.201652838,9.853988363360926,0.0006520151553459,0.0005879003317369,13.504249291784705,16.206847007926207,0.0009782704814448,0.8551612903225807,19.622903225806454,76.90709677419355,96.44,
TEUSAQUILLO,2021-12-01,17.893430656934306,16.520553935860057,13.053284671532849,19.739032258064515,76.7441935483871,1.0374193548387096,,65.48,2.112258064516129,0.922043010752688,0.9206989247311828,0.9206989247311828,1.0,1.0,1.0,0.0,1.0,999083.3876167,1004973.201652838,9.00309317969802,0.0005415922593187,0.000561858292248,16.81929012345679,9.853988363360926,0.0005879003317369,0.9016666666666668,19.259666666666664,77.90433333333334,86.48,
TEUSAQUILLO,2022-01-01,18.3876404494382,15.409859154929578,17.31755617977528,19.448709677419355,71.82548387096774,1.1783870967741936,,57.49,1.854516129032258,0.9543010752688172,0.956989247311828,0.956989247311828,1.0,1.0,1.0,0.0,1.0,999083.3876167,1004973.201652838,3.3402314807050466,0.0004656637479314,0.0005487321519978,17.893430656934306,9.00309317969802,0.000561858292248,1.0374193548387096,19.739032258064515,76.7441935483871,65.48,
TEUSAQUILLO,2022-02-01,23.712050078247263,19.89525316455696,15.50706436420722,19.290714285714284,75.20714285714287,0.8960714285714285,,131.69,4.703214285714286,0.9404761904761904,0.9479166666666666,0.9508928571428572,1.0,1.0,1.0,0.0,1.0,999083.3876167,1004973.201652838,0.788065947796099,0.000511860556177,0.0004586636198029,18.3876404494382,3.3402314807050466,0.0005487321519978,1.1783870967741936,19.448709677419355,71.82548387096774,57.49,
TEUSAQUILLO,2022-03-01,18.873980309423345,17.468705547652917,13.901709401709402,18.86483870967741,81.53903225806452,0.8858064516129033,,199.88,6.447741935483871,0.9448924731182796,0.9435483870967742,0.9556451612903226,1.0,1.0,1.0,0.0,1.0,999083.3876167,1004973.201652838,6.304552329259639,0.0006430461358379,0.00056961441581,23.712050078247263,0.788065947796099,0.0004586636198029,0.8960714285714285,19.290714285714284,75.20714285714287,131.69,
TEUSAQUILLO,2022-04-01,16.84061135371179,14.52,12.345481481481482,18.88,81.47,0.995,,260.12,8.670666666666667,0.9444444444444444,0.9375,0.9541666666666668,1.0,1.0,1.0,0.0,1.0,999083.3876167,1004973.201652838,2.769040933310544,0.0004553563838742,0.0004530796019548,18.873980309423345,6.304552329259639,0.00056961441581,0.8858064516129033,18.86483870967741,81.53903225806452,199.88,
TEUSAQUILLO,2022-05-01,12.295774647887324,12.307659574468085,8.152789699570816,18.71741935483871,80.96806451612903,0.9874193548387096,,319.0,10.290322580645162,0.9475806451612904,0.939516129032258,0.8588709677419355,1.0,1.0,1.0,0.0,1.0,999083.3876167,1004973.201652838,2.098636300719855,0.0003766964606875,0.000371957376182,16.84061135371179,2.769040933310544,0.0004530796019548,0.995,18.88,81.47,260.12,
TEUSAQUILLO,2022-06-01,11.997076023391813,14.761799410029498,8.608308605341247,17.939666666666668,81.945,0.9073333333333332,,207.29,6.909666666666666,0.9416666666666668,0.9361111111111112,0.95,1.0,1.0,1.0,0.0,1.0,999083.3876167,1004973.201652838,9.355730979699912,0.000592092025381,0.000537224831029,12.295774647887324,2.098636300719855,0.000371957376182,0.9874193548387096,18.71741935483871,80.96806451612903,319.0,
TEUSAQUILLO,2022-07-01,8.257425742574258,10.145337159253948,11.40245398773006,18.19483870967742,79.52129032258064,1.1383870967741936,,228.31,7.36483870967742,0.9368279569892471,0.8763440860215054,0.9502688172043012,1.0,1.0,1.0,0.0,1.0,999083.3876167,1004973.201652838,10.913423031376407,0.0006351383057892,0.0007230332519774,11.997076023391813,9.355730979699912,0.000537224831029,0.9073333333333332,17.939666666666668,81.945,207.29,
TEUSAQUILLO,2022-08-01,9.582025677603424,11.599435825105784,13.842756680731366,18.116774193548387,77.78548387096774,1.2158064516129032,,162.59,5.24483870967742,0.952956989247312,0.9556451612903226,0.9422043010752688,1.0,1.0,1.0,0.0,1.0,999083.3876167,1004973.201652838,11.571322883655895,0.0006475621691367,0.0007873102630569,8.257425742574258,10.913423031376407,0.0007230332519774,1.1383870967741936,18.19483870967742,79.52129032258064,228.31,
TEUSAQUILLO,2022-09-01,15.215552325581394,16.943446244477173,11.672023809523813,18.666,78.09733333333334,1.0056666666666667,,135.09,4.503,0.9430555555555556,0.9333333333333332,0.9555555555555556,1.0,1.0,1.0,0.0,1.0,999083.3876167,1004973.201652838,10.568452125237348,0.0006306180022937,0.0006341915043067,9.582025677603424,11.571322883655895,0.0007873102630569,1.2158064516129032,18.116774193548387,77.78548387096774,162.59,
TEUSAQUILLO,2022-10-01,13.9070796460177,12.5645056726094,10.748994252873564,18.324193548387097,83.24870967741936,1.0612903225806452,,252.6,8.148387096774194,0.8293010752688172,0.935483870967742,0.9112903225806452,1.0,1.0,1.0,0.0,1.0,999083.3876167,1004973.201652838,6.525079006533517,0.0003938119808826,0.000417948844227,15.215552325581394,10.568452125237348,0.0006341915043067,1.0056666666666667,18.666,78.09733333333334,135.09,
TEUSAQUILLO,2022-11-01,16.241799709724237,17.31542288557214,,17.981333333333332,87.00733333333332,0.9713333333333334,,179.19,5.973,0.8375,0.5152777777777777,0.9569444444444444,1.0,1.0,1.0,0.0,1.0,999083.3876167,1004973.201652838,4.979080733717957,0.0002925889178544,0.0002842013688759,13.9070796460177,6.525079006533517,0.000417948844227,1.0612903225806452,18.324193548387097,83.24870967741936,252.6,
TEUSAQUILLO,2022-12-01,18.40377906976744,17.308479532163744,,18.003548387096775,82.19999999999999,0.9396774193548388,,70.75,2.282258064516129,0.9193548387096774,,0.9247311827956988,1.0,1.0,1.0,0.0,1.0,999083.3876167,1004973.201652838,4.809257165695495,0.0002752650395546,0.0002586603420073,16.241799709724237,4.979080733717957,0.0002842013688759,0.9713333333333334,17.981333333333332,87.00733333333332,179.19,
TEUSAQUILLO,2023-01-01,14.902118644067798,18.74926900584796,,17.54,82.15516129032258,0.9661290322580643,,181.32,5.849032258064516,0.9193548387096774,,0.9516129032258064,1.0,1.0,1.0,0.0,1.0,999083.3876167,1004973.201652838,6.06167940346762,0.0003977651068759,0.000384292417772,18.40377906976744,4.809257165695495,0.0002586603420073,0.9396774193548388,18.003548387096775,82.19999999999999,70.75,
TEUSAQUILLO,2023-02-01,17.790015600624024,21.476971608832805,,18.75321428571429,78.37249999999999,0.9896428571428572,,54.03,1.9296428571428568,0.9434523809523808,,0.9538690476190476,1.0,1.0,1.0,0.0,1.0,999083.3876167,1004973.201652838,16.47191420409546,0.00111455278793,0.0011030092054836,14.902118644067798,6.06167940346762,0.000384292417772,0.9661290322580643,17.54,82.15516129032258,181.32,
TEUSAQUILLO,2023-03-01,18.987323943661973,20.97917847025496,,18.51451612903226,84.31870967741936,0.8709677419354839,,165.16,5.32774193548387,0.9489247311827956,,0.9543010752688172,1.0,1.0,1.0,0.0,1.0,999083.3876167,1004973.201652838,4.855069064351511,0.0002884855208879,0.0002512615827088,17.790015600624024,16.47191420409546,0.0011030092054836,0.9896428571428572,18.75321428571429,78.37249999999999,54.03,
TEUSAQUILLO,2023-04-01,15.074235807860262,18.38424153166421,,18.597666666666665,83.93033333333332,0.8996666666666666,,218.01,7.266999999999999,0.9430555555555556,,0.9541666666666668,1.0,1.0,1.0,0.0,1.0,999083.3876167,1004973.201652838,7.362250564686796,0.0004671813847289,0.0004203075191278,18.987323943661973,4.855069064351511,0.0002512615827088,0.8709677419354839,18.51451612903226,84.31870967741936,165.16,
TEUSAQUILLO,2023-05-01,9.814084507042253,12.663920454545456,,19.260322580645163,81.58612903225807,1.115483870967742,,220.91,7.126129032258064,0.946236559139785,,0.9543010752688172,1.0,1.0,1.0,0.0,1.0,999083.3876167,1004973.201652838,8.433168788023467,0.000474416623595,0.0005292040917392,15.074235807860262,7.362250564686796,0.0004203075191278,0.8996666666666666,18.597666666666665,83.93033333333332,218.01,
TEUSAQUILLO,2023-06-01,5.135922330097087,7.839212328767124,,18.427666666666667,79.40100000000001,1.6053333333333333,,151.78,5.059333333333333,0.8111111111111111,,0.8583333333333333,1.0,1.0,1.0,0.0,1.0,999083.3876167,1004973.201652838,7.125451032918133,0.0003475134972654,0.0005578750009434,9.814084507042253,8.433168788023467,0.0005292040917392,1.115483870967742,19.260322580645163,81.58612903225807,220.91,
TEUSAQUILLO,2023-07-01,6.24438202247191,9.332900432900432,,18.774193548387096,78.48967741935483,1.717741935483871,,151.41,4.884193548387096,0.9314516129032258,,0.956989247311828,1.0,1.0,1.0,0.0,1.0,999083.3876167,1004973.201652838,10.447886363655346,0.0005887503522865,0.0010113211696534,5.135922330097087,7.125451032918133,0.0005578750009434,1.6053333333333333,18.427666666666667,79.40100000000001,151.78,
TEUSAQUILLO,2023-08-01,9.389518413597736,11.690084985835696,,18.86903225806452,76.52032258064517,1.5912903225806452,,131.76,4.250322580645161,0.9489247311827956,,0.9489247311827956,1.0,1.0,1.0,0.0,1.0,999083.3876167,1004973.201652838,9.367228979171903,0.0004968494497633,0.0007906317211879,6.24438202247191,10.447886363655346,0.0010113211696534,1.717741935483871,18.774193548387096,78.48967741935483,151.41,
TEUSAQUILLO,2023-09-01,11.155297532656023,13.493538913362702,,19.59466666666667,75.409,1.4340000000000002,,139.46,4.648666666666667,0.9458333333333332,,0.9569444444444444,1.0,1.0,1.0,0.0,1.0,999083.3876167,1004973.201652838,13.4707421067038,0.000726290835057,0.0010415010574717,9.389518413597736,9.367228979171903,0.0007906317211879,1.5912903225806452,18.86903225806452,76.52032258064517,131.76,
TEUSAQUILLO,2023-10-01,15.374120956399436,18.696561604584527,,19.38935483870968,80.40064516129033,0.9116129032258063,,200.76,6.476129032258064,0.9381720430107529,,0.9556451612903226,1.0,1.0,1.0,0.0,1.0,999083.3876167,1004973.201652838,4.120615031378497,0.0002572708877571,0.0002345314609037,11.155297532656023,13.4707421067038,0.0010415010574717,1.4340000000000002,19.59466666666667,75.409,139.46,
TEUSAQUILLO,2023-11-01,14.569767441860463,16.856632653061226,,19.18,81.34533333333334,0.989,,170.2,5.673333333333333,0.8166666666666667,,0.9555555555555556,1.0,1.0,1.0,0.0,1.0,999083.3876167,1004973.201652838,-0.1798532221574529,0.0007684861296092,0.0007600327821835,15.374120956399436,4.120615031378497,0.0002345314609037,0.9116129032258063,19.38935483870968,80.40064516129033,200.76,
TEUSAQUILLO,2023-12-01,19.098981077147016,16.81119515885023,,19.54258064516129,80.67806451612903,1.0270967741935484,,133.78,4.315483870967742,0.8884408602150538,0.532258064516129,0.9233870967741936,1.0,1.0,1.0,0.0,1.0,999083.3876167,1004973.201652838,-1.4395889573878993,0.0008849743314893,0.0009089542811168,14.569767441860463,-0.1798532221574529,0.0007600327821835,0.989,19.18,81.34533333333334,170.2,
TEUSAQUILLO,2024-01-01,20.07475317348378,15.072946175637394,18.70056657223796,20.018387096774195,71.83064516129032,1.3596774193548389,,19.18,0.6187096774193548,0.9489247311827956,0.9489247311827956,0.952956989247312,1.0,1.0,1.0,0.0,1.0,999083.3876167,1004973.201652838,1.7129350174480606,0.0006811816795856,0.0009261873482108,19.098981077147016,-1.4395889573878993,0.0009089542811168,1.0270967741935484,19.54258064516129,80.67806451612903,133.78,
TEUSAQUILLO,2024-02-01,20.02556390977444,18.531722054380666,13.501978691019788,20.71896551724138,74.39793103448275,1.2134482758620688,,67.75,2.336206896551724,0.9511494252873564,0.9439655172413792,0.9554597701149424,1.0,1.0,1.0,0.0,1.0,999083.3876167,1004973.201652838,2.541046928250811,0.0006219443061021,0.0007546972459219,20.07475317348378,1.7129350174480606,0.0009261873482108,1.3596774193548389,20.018387096774195,71.83064516129032,19.18,
TEUSAQUILLO,2024-03-01,29.323488045007032,15.681934566145092,18.39316239316239,21.388387096774192,71.98322580645161,1.1596774193548387,,80.08,2.5832258064516127,0.9448924731182796,0.9435483870967742,0.9556451612903226,1.0,1.0,1.0,0.0,1.0,999083.3876167,1004973.201652838,1.483213982146765,0.0006518025451481,0.0007558806934862,20.02556390977444,2.541046928250811,0.0007546972459219,1.2134482758620688,20.71896551724138,74.39793103448275,67.75,
TEUSAQUILLO,2024-04-01,24.8577648766328,19.174631268436578,16.185777777777776,20.540666666666667,76.39433333333334,0.9806666666666666,,223.34,7.444666666666666,0.9416666666666668,0.9375,0.9569444444444444,1.0,1.0,1.0,0.0,1.0,999083.3876167,1004973.201652838,-3.5940692387871813,0.000681269559511,0.0006680983480272,29.323488045007032,1.483213982146765,0.0007558806934862,1.1596774193548387,21.388387096774192,71.98322580645161,80.08,
TEUSAQUILLO,2024-05-01,11.268635724331928,12.021194879089617,7.793009985734664,19.726774193548387,82.56838709677419,0.9661290322580643,,371.83,11.994516129032258,0.9448924731182796,0.9422043010752688,0.9556451612903226,1.0,1.0,1.0,0.0,1.0,999083.3876167,1004973.201652838,-0.7894009620174085,0.0007208720331475,0.0006964553997667,24.8577648766328,-3.5940692387871813,0.0006680983480272,0.9806666666666666,20.540666666666667,76.39433333333334,223.34,
TEUSAQUILLO,2024-06-01,10.546666666666669,12.427753303964757,7.370501474926254,19.017666666666667,81.55966666666667,1.1303333333333332,,247.96,8.265333333333334,0.9458333333333332,0.9416666666666668,0.9375,1.0,1.0,1.0,0.0,1.0,999083.3876167,1004973.201652838,-2.5755357762736306,0.0006956056690736,0.0007862662746095,11.268635724331928,-0.7894009620174085,0.0006964553997667,0.9661290322580643,19.726774193548387,82.56838709677419,371.83,
TEUSAQUILLO,2024-07-01,6.650771388499299,8.081779661016949,11.188276836158192,18.71451612903226,80.19419354838709,1.4970967741935486,,128.74,4.152903225806452,0.9516129032258064,0.9516129032258064,0.9583333333333334,1.0,1.0,1.0,0.0,1.0,999083.3876167,1004973.201652838,0.9234388647771254,0.0005156562920815,0.0007719873714679,10.546666666666669,-2.5755357762736306,0.0007862662746095,1.1303333333333332,19.017666666666667,81.55966666666667,247.96,
TEUSAQUILLO,2024-08-01,10.533236994219653,10.616973125884016,18.214427157001413,18.966451612903228,75.88193548387098,1.470967741935484,,59.62,1.9232258064516128,0.9502688172043012,0.9502688172043012,0.9301075268817204,1.0,1.0,1.0,0.0,1.0,999083.3876167,1004973.201652838,9.545855357200258,0.0007237940340858,0.0010646776759456,6.650771388499299,0.9234388647771254,0.0007719873714679,1.4970967741935486,18.71451612903226,80.19419354838709,128.74,
TEUSAQUILLO,2024-09-01,,12.837591776798824,19.01260997067449,19.767666666666667,73.34766666666665,1.438,,85.99,2.866333333333333,0.9458333333333332,0.9472222222222222,0.6944444444444444,1.0,1.0,1.0,0.0,1.0,999083.3876167,1004973.201652838,,,,10.533236994219653,9.545855357200258,0.0010646776759456,1.470967741935484,18.966451612903228,75.88193548387098,59.62,
TEUSAQUILLO,2024-10-01,11.18758815232722,15.644729344729344,18.047652916073968,19.448709677419355,77.96000000000001,1.1380645161290324,,178.05,5.743548387096775,0.9435483870967742,0.9448924731182796,0.952956989247312,1.0,1.0,1.0,0.0,1.0,999083.3876167,1004973.201652838,9.737482454837531,0.0008810623234595,0.0010027057668275,,,,1.438,19.767666666666667,73.34766666666665,85.99,
TEUSAQUILLO,2024-11-01,13.79421768707483,19.929513888888888,,18.587,84.712,0.9796666666666668,,195.92,6.530666666666667,0.8,0.7486111111111111,0.8166666666666667,1.0,1.0,1.0,0.0,1.0,999083.3876167,1004973.201652838,2.7386584526344606,0.0004667729775577,0.000457281927014,11.18758815232722,9.737482454837531,0.0010027057668275,1.1380645161290324,19.448709677419355,77.96000000000001,178.05,
TEUSAQUILLO,2024-12-01,15.547169811320757,18.14,14.414492753623188,19.18322580645161,82.05612903225806,0.9064516129032258,,157.62,5.0845161290322585,0.913978494623656,0.8346774193548387,0.9260752688172044,1.0,1.0,1.0,0.0,1.0,999083.3876167,1004973.201652838,6.53197156498304,0.0004127574432304,0.000374144650154,13.79421768707483,2.7386584526344606,0.000457281927014,0.9796666666666668,18.587,84.712,195.92,
TUNJUELITO,2020-01-01,22.68788454855788,8.552272599781224,,18.848064516129032,79.68354838709678,1.5032258064516129,,23.51,0.7583870967741935,0.9495967741935484,0.3655913978494624,0.9401881720430108,1.0,1.0,1.0,0.0,1.0,993510.4897483994,997638.3325117284,-17.507167941090763,0.0009677129425907,0.0014546910685396,,,,,,,,
TUNJUELITO,2020-02-01,30.33079387907856,10.43319769243388,15.170481927710844,19.266896551724138,76.77137931034483,1.3617241379310343,,132.39,4.565172413793103,0.951867816091954,0.9540229885057472,0.9554597701149424,1.0,1.0,1.0,0.0,1.0,993510.4897483994,997638.3325117284,-17.399367936861115,0.0007889716790426,0.0010743617794963,22.68788454855788,-17.507167941090763,0.0014546910685396,1.5032258064516129,18.848064516129032,79.68354838709678,23.51,
TUNJUELITO,2020-03-01,37.8552185222478,9.212833669151722,20.310098176718093,19.381612903225808,80.22322580645161,1.0503225806451613,,106.01,3.419677419354839,0.9469086021505376,0.9583333333333334,0.9509408602150538,1.0,1.0,1.0,0.0,1.0,993510.4897483994,997638.3325117284,-9.007431027334466,0.0004473580464352,0.0004698702578042,30.33079387907856,-17.399367936861115,0.0010743617794963,1.3617241379310343,19.266896551724138,76.77137931034483,132.39,
TUNJUELITO,2020-04-01,16.300933046576297,6.028063629777726,16.74963715529753,19.68166666666667,79.98333333333333,0.8903333333333333,,156.11,5.203666666666667,0.9416666666666668,0.9569444444444444,0.942361111111111,1.0,1.0,1.0,0.0,1.0,993510.4897483994,997638.3325117284,1.2292389433785136,0.0004389412391306,0.0003908040165726,37.8552185222478,-9.007431027334466,0.0004698702578042,1.0503225806451613,19.381612903225808,80.22322580645161,106.01,
TUNJUELITO,2020-05-01,13.124915973111396,7.556143565510203,10.535470085470084,19.64967741935484,78.75709677419356,1.1441935483870966,,140.88,4.5445161290322575,0.948252688172043,0.9435483870967742,0.9502688172043012,1.0,1.0,1.0,0.0,1.0,993510.4897483994,997638.3325117284,-0.801679158210014,7.199618429737628e-05,8.237756958154633e-05,16.300933046576297,1.2292389433785136,0.0003908040165726,0.8903333333333333,19.68166666666667,79.98333333333333,156.11,
TUNJUELITO,2020-06-01,10.127407407407407,7.817791537667698,9.794027303754266,18.52533333333333,79.155,1.244,,312.54,10.418,0.9472222222222222,0.8138888888888889,0.80625,1.0,1.0,1.0,0.0,1.0,993510.4897483994,997638.3325117284,6.967022024199046,0.0007082748639527,0.0008810939307571,13.124915973111396,-0.801679158210014,8.237756958154633e-05,1.1441935483870966,19.64967741935484,78.75709677419356,140.88,
TUNJUELITO,2020-07-01,14.95680922585984,8.178028676339796,,18.291935483870965,78.14645161290322,1.1312903225806452,,205.21,6.619677419354839,0.9240591397849462,0.6653225806451613,0.9381720430107529,1.0,1.0,1.0,0.0,1.0,993510.4897483994,997638.3325117284,-11.31386977490523,0.0006412156301572,0.0007254010370843,10.127407407407407,6.967022024199046,0.0008810939307571,1.244,18.52533333333333,79.155,312.54,
TUNJUELITO,2020-08-01,17.338732394366197,4.471549295774648,,18.786129032258064,77.94483870967741,1.1151612903225807,,121.34,3.914193548387097,0.5087365591397849,0.696236559139785,0.9543010752688172,1.0,1.0,1.0,0.0,1.0,993510.4897483994,997638.3325117284,-14.767980510855832,0.0006552180116186,0.0007306737632792,14.95680922585984,-11.31386977490523,0.0007254010370843,1.1312903225806452,18.291935483870965,78.14645161290322,205.21,
TUNJUELITO,2020-09-01,11.342028985507246,5.005255474452555,12.73827751196172,18.94533333333333,76.04299999999999,1.134,,119.27,3.975666666666667,0.8173611111111111,0.8708333333333333,0.8006944444444445,1.0,1.0,1.0,0.0,1.0,993510.4897483994,997638.3325117284,10.62665490945542,0.0010801970489023,0.0012249434534552,17.338732394366197,-14.767980510855832,0.0007306737632792,1.1151612903225807,18.786129032258064,77.94483870967741,121.34,
TUNJUELITO,2020-10-01,20.11965895046728,11.038436261864003,16.73679775280899,19.17096774193548,72.35612903225807,1.274516129032258,,60.73,1.959032258064516,0.948252688172043,0.956989247311828,0.9543010752688172,1.0,1.0,1.0,0.0,1.0,993510.4897483994,997638.3325117284,-13.16016034127754,0.0005885871301852,0.0007501637907619,11.342028985507246,10.62665490945542,0.0012249434534552,1.134,18.94533333333333,76.04299999999999,119.27,
TUNJUELITO,2020-11-01,26.061518424883168,13.26086175333921,10.03035439137134,18.61133333333333,81.52933333333334,0.8076666666666666,,71.11,2.3703333333333334,0.9541666666666666,0.9013888888888888,0.9520833333333334,1.0,1.0,1.0,0.0,1.0,993510.4897483994,997638.3325117284,-9.594582235905964,0.0005960044824516,0.0004813729536601,20.11965895046728,-13.16016034127754,0.0007501637907619,1.274516129032258,19.17096774193548,72.35612903225807,60.73,
TUNJUELITO,2020-12-01,25.85714285714286,11.06947463768116,12.759649122807016,19.31935483870968,74.79225806451613,0.8703225806451613,,113.99,3.677096774193549,0.9153225806451613,0.842741935483871,0.9032258064516128,1.0,1.0,1.0,0.0,1.0,993510.4897483994,997638.3325117284,-13.32601497928566,0.000577873272744,0.0005029361580204,26.061518424883168,-9.594582235905964,0.0004813729536601,0.8076666666666666,18.61133333333333,81.52933333333334,71.11,
TUNJUELITO,2021-01-01,14.544034090909092,15.215655853314528,14.885674157303372,18.83806451612904,73.38612903225807,1.0696774193548386,,105.14,3.3916129032258064,0.952956989247312,0.956989247311828,0.8454301075268817,1.0,1.0,1.0,0.0,1.0,993510.4897483994,997638.3325117284,11.402241791426231,0.0010160427745888,0.0010868380130763,25.85714285714286,-13.32601497928566,0.0005029361580204,0.8703225806451613,19.31935483870968,74.79225806451613,113.99,
TUNJUELITO,2021-02-01,27.019713261648747,,14.030365659777424,19.62071428571429,74.44678571428572,1.0442857142857145,,98.38,3.5135714285714283,0.3616071428571428,0.9360119047619048,0.9300595238095236,1.0,1.0,1.0,0.0,1.0,993510.4897483994,997638.3325117284,-17.253276288997075,0.0007826167181562,0.0008172754585317,14.544034090909092,11.402241791426231,0.0010868380130763,1.0696774193548386,18.83806451612904,73.38612903225807,105.14,
TUNJUELITO,2021-03-01,31.35020542463669,,13.76323943661972,18.69483870967742,79.48903225806451,0.9319354838709678,,132.12,4.261935483870968,0.4099462365591398,0.9543010752688172,0.95497311827957,1.0,1.0,1.0,0.0,1.0,993510.4897483994,997638.3325117284,-25.60633143442328,0.0011975035659776,0.0011159960651966,27.019713261648747,-17.253276288997075,0.0008172754585317,1.0442857142857145,19.62071428571429,74.44678571428572,98.38,
TUNJUELITO,2021-04-01,9.270967741935484,11.67985401459854,13.761236802413274,19.200333333333333,79.31633333333333,0.9443333333333334,,176.72,5.890666666666666,0.9513888888888888,0.9208333333333332,0.6659722222222222,1.0,1.0,1.0,0.0,1.0,993510.4897483994,997638.3325117284,19.43942743022109,0.0011666292397444,0.001101686878732,31.35020542463669,-25.60633143442328,0.0011159960651966,0.9319354838709678,18.69483870967742,79.48903225806451,132.12,
TUNJUELITO,2021-05-01,17.10273492286115,11.122475106685634,9.649929478138224,19.156774193548387,78.49290322580646,1.1796774193548387,,53.85,1.7370967741935484,0.9448924731182796,0.952956989247312,0.9563172043010753,1.0,1.0,1.0,0.0,1.0,993510.4897483994,997638.3325117284,-12.98888901680075,0.0005596100681502,0.0006601593610404,9.270967741935484,19.43942743022109,0.001101686878732,0.9443333333333334,19.200333333333333,79.31633333333333,176.72,
TUNJUELITO,2021-06-01,29.903790087463555,10.008680555555555,9.21856725146199,18.355666666666664,79.12733333333334,1.1006666666666665,,196.89,6.563,0.8,0.95,0.7770833333333332,1.0,1.0,1.0,0.0,1.0,993510.4897483994,997638.3325117284,-33.88453828290383,0.0024417357719095,0.0026875371729484,17.10273492286115,-12.98888901680075,0.0006601593610404,1.1796774193548387,19.156774193548387,78.49290322580646,53.85,
TUNJUELITO,2021-07-01,16.181750013271756,11.888418079096043,10.598288159771752,18.631612903225808,75.01322580645162,1.6390322580645162,,57.61,1.8583870967741936,0.9516129032258064,0.9422043010752688,0.9045698924731184,1.0,1.0,1.0,0.0,1.0,993510.4897483994,997638.3325117284,-20.846081634826614,0.0009812904528485,0.0016083667067494,29.903790087463555,-33.88453828290383,0.0026875371729484,1.1006666666666665,18.355666666666664,79.12733333333334,196.89,
TUNJUELITO,2021-08-01,19.24425188485057,13.707608695652176,,19.18290322580645,73.33967741935484,1.2638709677419355,,71.11,2.293870967741936,0.8655913978494624,0.6895161290322581,0.9475806451612904,1.0,1.0,1.0,0.0,1.0,993510.4897483994,997638.3325117284,-10.11902612304039,0.0006150632752776,0.0007773606169477,16.181750013271756,-20.846081634826614,0.0016083667067494,1.6390322580645162,18.631612903225808,75.01322580645162,57.61,
TUNJUELITO,2021-09-01,24.52813646147741,20.574816983894586,16.514934114202052,19.143,72.27333333333333,1.2813333333333332,,145.0,4.833333333333333,0.9486111111111112,0.9486111111111112,0.8972222222222221,1.0,1.0,1.0,0.0,1.0,993510.4897483994,997638.3325117284,-27.074383032567443,0.0012780381154511,0.0016375928385981,19.24425188485057,-10.11902612304039,0.0007773606169477,1.2638709677419355,19.18290322580645,73.33967741935484,71.11,
TUNJUELITO,2021-10-01,29.748838357672504,20.444202898550724,16.17701317715959,19.622903225806454,76.90709677419355,0.8551612903225807,,96.44,3.110967741935484,0.9274193548387096,0.918010752688172,0.9448924731182796,1.0,1.0,1.0,0.0,1.0,993510.4897483994,997638.3325117284,-30.85316971383881,0.0014779016951508,0.0012638443205951,24.52813646147741,-27.074383032567443,0.0016375928385981,1.2813333333333332,19.143,72.27333333333333,145.0,
TUNJUELITO,2021-11-01,30.81632838178171,17.344560357675114,16.00542521994135,19.259666666666664,77.90433333333334,0.9016666666666668,,86.48,2.8826666666666667,0.9319444444444444,0.9472222222222222,0.9506944444444444,1.0,1.0,1.0,0.0,1.0,993510.4897483994,997638.3325117284,-28.953628802777807,0.0014650659150934,0.0013210011001092,29.748838357672504,-30.85316971383881,0.0012638443205951,0.8551612903225807,19.622903225806454,76.90709677419355,96.44,
TUNJUELITO,2021-12-01,17.822840409956076,13.868,12.268817204301076,19.739032258064515,76.7441935483871,1.0374193548387096,,65.48,2.112258064516129,0.907258064516129,0.875,0.553763440860215,1.0,1.0,1.0,0.0,1.0,993510.4897483994,997638.3325117284,13.403285308722944,0.0007156071548826,0.0007423847129362,30.81632838178171,-28.953628802777807,0.0013210011001092,0.9016666666666668,19.259666666666664,77.90433333333334,86.48,
TUNJUELITO,2022-01-01,16.35734463276836,12.006017191977078,16.478805120910383,19.448709677419355,71.82548387096774,1.1783870967741936,,57.49,1.854516129032258,0.9381720430107529,0.9448924731182796,0.9516129032258064,1.0,1.0,1.0,0.0,1.0,993510.4897483994,997638.3325117284,12.599463207026147,0.0006211161199812,0.0007319152213843,17.822840409956076,13.403285308722944,0.0007423847129362,1.0374193548387096,19.739032258064515,76.7441935483871,65.48,
TUNJUELITO,2022-02-01,21.19092331768388,17.668454258675077,16.57055118110236,19.290714285714284,75.20714285714287,0.8960714285714285,,131.69,4.703214285714286,0.9434523809523808,0.9449404761904762,0.9508928571428572,1.0,1.0,1.0,0.0,1.0,993510.4897483994,997638.3325117284,7.744072627360641,0.0004115223518953,0.0003687534217519,16.35734463276836,12.599463207026147,0.0007319152213843,1.1783870967741936,19.448709677419355,71.82548387096774,57.49,
TUNJUELITO,2022-03-01,19.967741935483872,16.065395480225988,12.79345930232558,18.86483870967741,81.53903225806452,0.8858064516129033,,199.88,6.447741935483871,0.9516129032258064,0.9247311827956988,0.9583333333333334,1.0,1.0,1.0,0.0,1.0,993510.4897483994,997638.3325117284,5.924138373862586,0.0003651323365467,0.0003234365794055,21.19092331768388,7.744072627360641,0.0003687534217519,0.8960714285714285,19.290714285714284,75.20714285714287,131.69,
TUNJUELITO,2022-04-01,17.479032258064517,11.251351351351351,12.662940275650842,18.88,81.47,0.995,,260.12,8.670666666666667,0.8736111111111111,0.9069444444444444,0.8611111111111112,1.0,1.0,1.0,0.0,1.0,993510.4897483994,997638.3325117284,1.1017065715494052,0.0002890731523148,0.0002876277865532,19.967741935483872,5.924138373862586,0.0003234365794055,0.8858064516129033,18.86483870967741,81.53903225806452,199.88,
TUNJUELITO,2022-05-01,25.383683560523384,9.89496183206107,8.30822695035461,18.71741935483871,80.96806451612903,0.9874193548387096,,319.0,10.290322580645162,0.8803763440860215,0.9475806451612904,0.885752688172043,1.0,1.0,1.0,0.0,1.0,993510.4897483994,997638.3325117284,-37.43354902161256,0.0018972417862222,0.0018733732605245,17.479032258064517,1.1017065715494052,0.0002876277865532,0.995,18.88,81.47,260.12,
TUNJUELITO,2022-06-01,26.83309037900875,,8.753216374269005,17.939666666666668,81.945,0.9073333333333332,,207.29,6.909666666666666,0.6111111111111112,0.95,0.9527777777777776,1.0,1.0,1.0,0.0,1.0,993510.4897483994,997638.3325117284,-37.02376448484764,0.0018679523006675,0.0016948553874723,25.383683560523384,-37.43354902161256,0.0018733732605245,0.9874193548387096,18.71741935483871,80.96806451612903,319.0,
TUNJUELITO,2022-07-01,15.37,,11.847714285714286,18.19483870967742,79.52129032258064,1.1383870967741936,,228.31,7.36483870967742,0.168010752688172,0.9408602150537636,0.674731182795699,1.0,1.0,1.0,0.0,1.0,993510.4897483994,997638.3325117284,-13.495848235480295,0.0006639961836049,0.0007558846877231,26.83309037900875,-37.02376448484764,0.0016948553874723,0.9073333333333332,17.939666666666668,81.945,207.29,
TUNJUELITO,2022-08-01,16.91235632183908,11.7419881305638,15.26235294117647,18.116774193548387,77.78548387096774,1.2158064516129032,,162.59,5.24483870967742,0.9059139784946236,0.913978494623656,0.5349462365591398,1.0,1.0,1.0,0.0,1.0,993510.4897483994,997638.3325117284,-14.214685086339363,0.0010324966885852,0.0012553161352508,15.37,-13.495848235480295,0.0007558846877231,1.1383870967741936,18.19483870967742,79.52129032258064,228.31,
TUNJUELITO,2022-09-01,23.28341384863124,17.64448051948052,16.654619124797406,18.666,78.09733333333334,1.0056666666666667,,135.09,4.503,0.8555555555555555,0.8569444444444444,0.8625,1.0,1.0,1.0,0.0,1.0,993510.4897483994,997638.3325117284,-15.735572977906832,0.0011279606549177,0.0011343524319622,16.91235632183908,-14.214685086339363,0.0012553161352508,1.2158064516129032,18.116774193548387,77.78548387096774,162.59,
TUNJUELITO,2022-10-01,22.70521861777151,16.43905325443787,14.5671388101983,18.324193548387097,83.24870967741936,1.0612903225806452,,252.6,8.148387096774194,0.9086021505376344,0.9489247311827956,0.952956989247312,1.0,1.0,1.0,0.0,1.0,993510.4897483994,997638.3325117284,-20.024344892389124,0.0010274398301366,0.0010904119487579,23.28341384863124,-15.735572977906832,0.0011343524319622,1.0056666666666667,18.666,78.09733333333334,135.09,
TUNJUELITO,2022-11-01,24.37254901960784,15.89775112443778,11.661988304093567,17.981333333333332,87.00733333333332,0.9713333333333334,,179.19,5.973,0.9263888888888888,0.95,0.9208333333333332,1.0,1.0,1.0,0.0,1.0,993510.4897483994,997638.3325117284,-19.267010627739428,0.0009773148677285,0.0009492985081869,22.70521861777151,-20.024344892389124,0.0010904119487579,1.0612903225806452,18.324193548387097,83.24870967741936,252.6,
TUNJUELITO,2022-12-01,24.80205278592376,14.388005997001498,15.36529411764706,18.003548387096775,82.19999999999999,0.9396774193548388,,70.75,2.282258064516129,0.896505376344086,0.913978494623656,0.9166666666666666,1.0,1.0,1.0,0.0,1.0,993510.4897483994,997638.3325117284,-7.682338736231511,0.000875983238737,0.0008231416691745,24.37254901960784,-19.267010627739428,0.0009492985081869,0.9713333333333334,17.981333333333332,87.00733333333332,179.19,
TUNJUELITO,2023-01-01,23.427762039660056,14.201490312965724,15.46916548797737,17.54,82.15516129032258,0.9661290322580643,,181.32,5.849032258064516,0.9018817204301076,0.9502688172043012,0.9489247311827956,1.0,1.0,1.0,0.0,1.0,993510.4897483994,997638.3325117284,-14.049542089755937,0.0008522894905154,0.0008234216206754,24.80205278592376,-7.682338736231511,0.0008231416691745,0.9396774193548388,18.003548387096775,82.19999999999999,70.75,
TUNJUELITO,2023-02-01,25.1244094488189,14.01309148264984,16.780125195618155,18.75321428571429,78.37249999999999,0.9896428571428572,,54.03,1.9296428571428568,0.9434523809523808,0.9508928571428572,0.9449404761904762,1.0,1.0,1.0,0.0,1.0,993510.4897483994,997638.3325117284,-2.958032171914727,0.0008604522299799,0.0008515404033123,23.427762039660056,-14.049542089755937,0.0008234216206754,0.9661290322580643,17.54,82.15516129032258,181.32,
TUNJUELITO,2023-03-01,27.661931818181817,12.66735598227474,15.85272206303725,18.51451612903226,84.31870967741936,0.8709677419354839,,165.16,5.32774193548387,0.9099462365591398,0.9381720430107529,0.946236559139785,1.0,1.0,1.0,0.0,1.0,993510.4897483994,997638.3325117284,-13.6237409266334,0.0011213281645653,0.0009766406594601,25.1244094488189,-2.958032171914727,0.0008515404033123,0.9896428571428572,18.75321428571429,78.37249999999999,54.03,
TUNJUELITO,2023-04-01,22.373692077727952,14.306317411402157,12.874963396778917,18.597666666666665,83.93033333333332,0.8996666666666666,,218.01,7.266999999999999,0.9013888888888888,0.9486111111111112,0.9291666666666668,1.0,1.0,1.0,0.0,1.0,993510.4897483994,997638.3325117284,-15.868356253884674,0.0007846261979624,0.0007059020361002,27.661931818181817,-13.6237409266334,0.0009766406594601,0.8709677419354839,18.51451612903226,84.31870967741936,165.16,
TUNJUELITO,2023-05-01,15.893767705382436,11.757001647446458,8.654515050167223,19.260322580645163,81.58612903225807,1.115483870967742,,220.91,7.126129032258064,0.8158602150537635,0.803763440860215,0.9489247311827956,1.0,1.0,1.0,0.0,1.0,993510.4897483994,997638.3325117284,-10.722191184894138,0.0008430118285673,0.0009403660978018,22.373692077727952,-15.868356253884674,0.0007059020361002,0.8996666666666666,18.597666666666665,83.93033333333332,218.01,
TUNJUELITO,2023-06-01,11.39611360239163,7.495483870967742,9.168778280542986,18.427666666666667,79.40100000000001,1.6053333333333333,,151.78,5.059333333333333,0.8611111111111112,0.9208333333333332,0.9291666666666668,1.0,1.0,1.0,0.0,1.0,993510.4897483994,997638.3325117284,-6.524864578945746,0.0010363965523969,0.0016637619321145,15.893767705382436,-10.722191184894138,0.0009403660978018,1.115483870967742,19.260322580645163,81.58612903225807,220.91,
TUNJUELITO,2023-07-01,9.036334913112164,10.648206599713056,11.442291371994342,18.774193548387096,78.48967741935483,1.717741935483871,,151.41,4.884193548387096,0.9368279569892471,0.9502688172043012,0.4872311827956989,1.0,1.0,1.0,0.0,1.0,993510.4897483994,997638.3325117284,-1.9510263144440565,0.0005023217873453,0.0008628591992303,11.39611360239163,-6.524864578945746,0.0016637619321145,1.6053333333333333,18.427666666666667,79.40100000000001,151.78,
TUNJUELITO,2023-08-01,20.664784748139876,14.18929088277858,16.705940594059406,18.86903225806452,76.52032258064517,1.5912903225806452,,131.76,4.250322580645161,0.928763440860215,0.9502688172043012,0.95497311827957,1.0,1.0,1.0,0.0,1.0,993510.4897483994,997638.3325117284,-31.51553751354455,0.001603527081061,0.0025516771260883,9.036334913112164,-1.9510263144440565,0.0008628591992303,1.717741935483871,18.774193548387096,78.48967741935483,151.41,
TUNJUELITO,2023-09-01,14.83655589123867,11.641540785498488,19.506140350877192,19.59466666666667,75.409,1.4340000000000002,,139.46,4.648666666666667,0.9194444444444444,0.95,0.7888888888888889,1.0,1.0,1.0,0.0,1.0,993510.4897483994,997638.3325117284,-9.708497187120152,0.0006750013162016,0.0009679518874331,20.664784748139876,-31.51553751354455,0.0025516771260883,1.5912903225806452,18.86903225806452,76.52032258064517,131.76,
TUNJUELITO,2023-10-01,27.792946851290584,16.311158192090396,13.563096960926195,19.38935483870968,80.40064516129033,0.9116129032258063,,200.76,6.476129032258064,0.9516129032258064,0.928763440860215,0.95497311827957,1.0,1.0,1.0,0.0,1.0,993510.4897483994,997638.3325117284,-32.97600140002174,0.0016656334459773,0.0015184129413974,14.83655589123867,-9.708497187120152,0.0009679518874331,1.4340000000000002,19.59466666666667,75.409,139.46,
TUNJUELITO,2023-11-01,25.772317202888757,13.820117474302496,,19.18,81.34533333333334,0.989,,170.2,5.673333333333333,0.9458333333333332,0.45,0.9465277777777776,1.0,1.0,1.0,0.0,1.0,993510.4897483994,997638.3325117284,-34.35661416418863,0.0017492799866872,0.0017300379068336,27.792946851290584,-32.97600140002174,0.0015184129413974,0.9116129032258063,19.38935483870968,80.40064516129033,200.76,
TUNJUELITO,2023-12-01,28.84749420013525,14.074743024963288,,19.54258064516129,80.67806451612903,1.0270967741935484,,133.78,4.315483870967742,0.9153225806451613,0.1384408602150537,0.8783602150537634,1.0,1.0,1.0,0.0,1.0,993510.4897483994,997638.3325117284,-28.33616994814328,0.0014477913139109,0.0014870217882233,25.772317202888757,-34.35661416418863,0.0017300379068336,0.989,19.18,81.34533333333334,170.2,
TUNJUELITO,2024-01-01,28.73724636135211,11.895056497175142,18.725671641791045,20.018387096774195,71.83064516129032,1.3596774193548389,,19.18,0.6187096774193548,0.9516129032258064,0.9005376344086021,0.9563172043010753,1.0,1.0,1.0,0.0,1.0,993510.4897483994,997638.3325117284,-29.575498403876956,0.0015013679738156,0.0020413761321397,28.84749420013525,-28.33616994814328,0.0014870217882233,1.0270967741935484,19.54258064516129,80.67806451612903,133.78,
TUNJUELITO,2024-02-01,28.18306799950636,13.910599078341011,17.902137404580152,20.71896551724138,74.39793103448275,1.2134482758620688,,67.75,2.336206896551724,0.9353448275862069,0.9410919540229884,0.9504310344827588,1.0,1.0,1.0,0.0,1.0,993510.4897483994,997638.3325117284,-28.776051459977747,0.0014621512784269,0.0017742449478567,28.73724636135211,-29.575498403876956,0.0020413761321397,1.3596774193548389,20.018387096774195,71.83064516129032,19.18,
TUNJUELITO,2024-03-01,39.112737949405975,13.132386363636364,23.46591230551627,21.388387096774192,71.98322580645161,1.1596774193548387,,80.08,2.5832258064516127,0.946236559139785,0.9502688172043012,0.9153225806451613,1.0,1.0,1.0,0.0,1.0,993510.4897483994,997638.3325117284,-35.07745972223108,0.0017822049387099,0.0020667828240846,28.18306799950636,-28.776051459977747,0.0017742449478567,1.2134482758620688,20.71896551724138,74.39793103448275,67.75,
TUNJUELITO,2024-04-01,32.08260609031977,15.269277108433734,19.506015037593983,20.540666666666667,76.39433333333334,0.9806666666666666,,223.34,7.444666666666666,0.9222222222222224,0.9236111111111112,0.9027777777777776,1.0,1.0,1.0,0.0,1.0,993510.4897483994,997638.3325117284,-29.62864348757093,0.0014900090217871,0.0014612021806992,39.112737949405975,-35.07745972223108,0.0020667828240846,1.1596774193548387,21.388387096774192,71.98322580645161,80.08,
TUNJUELITO,2024-05-01,18.673184960678277,7.492582025677604,9.4140625,19.726774193548387,82.56838709677419,0.9661290322580643,,371.83,11.994516129032258,0.9422043010752688,0.946236559139785,0.95497311827957,1.0,1.0,1.0,0.0,1.0,993510.4897483994,997638.3325117284,-28.289747717243884,0.0014293043103253,0.0013808923901368,32.08260609031977,-29.62864348757093,0.0014612021806992,0.9806666666666666,20.540666666666667,76.39433333333334,223.34,
TUNJUELITO,2024-06-01,17.4385206062038,,8.883691756272402,19.017666666666667,81.55966666666667,1.1303333333333332,,247.96,8.265333333333334,0.7138888888888889,0.775,0.8666666666666667,1.0,1.0,1.0,0.0,1.0,993510.4897483994,997638.3325117284,-26.759915512308133,0.0013533212429672,0.001529704111634,18.673184960678277,-28.289747717243884,0.0013808923901368,0.9661290322580643,19.726774193548387,82.56838709677419,371.83,
TUNJUELITO,2024-07-01,16.225094114244204,9.355650684931506,12.157861635220126,18.71451612903226,80.19419354838709,1.4970967741935486,,128.74,4.152903225806452,0.7849462365591398,0.8548387096774194,0.9059139784946236,1.0,1.0,1.0,0.0,1.0,993510.4897483994,997638.3325117284,-30.311299943599764,0.0015517161819861,0.0023230692905154,17.4385206062038,-26.759915512308133,0.001529704111634,1.1303333333333332,19.017666666666667,81.55966666666667,247.96,
TUNJUELITO,2024-08-01,22.21478446817812,,17.39127988748242,18.966451612903228,75.88193548387098,1.470967741935484,,59.62,1.9232258064516128,,0.9556451612903226,0.9556451612903228,1.0,1.0,1.0,0.0,1.0,993510.4897483994,997638.3325117284,-24.463613529423657,0.0018053645953213,0.0026556330821501,16.225094114244204,-30.311299943599764,0.0023230692905154,1.4970967741935486,18.71451612903226,80.19419354838709,128.74,
TUNJUELITO,2024-09-01,,,18.708321167883213,19.767666666666667,73.34766666666665,1.438,,85.99,2.866333333333333,0.3597222222222222,0.9513888888888888,0.7201388888888889,1.0,1.0,1.0,0.0,1.0,993510.4897483994,997638.3325117284,,,,22.21478446817812,-24.463613529423657,0.0026556330821501,1.470967741935484,18.966451612903228,75.88193548387098,59.62,
TUNJUELITO,2024-10-01,23.67483574557227,10.859715639810426,16.524891461649784,19.448709677419355,77.96000000000001,1.1380645161290324,,178.05,5.743548387096775,0.8508064516129032,0.928763440860215,0.875,1.0,1.0,1.0,0.0,1.0,993510.4897483994,997638.3325117284,-25.27001514189591,0.0012488236453605,0.0014212418776877,,,,1.438,19.767666666666667,73.34766666666665,85.99,
TUNJUELITO,2024-11-01,26.203005164831,13.358686131386865,10.354372019077902,18.587,84.712,0.9796666666666668,,195.92,6.530666666666667,0.9513888888888888,0.8736111111111111,0.9305555555555556,1.0,1.0,1.0,0.0,1.0,993510.4897483994,997638.3325117284,-25.51600142763915,0.0012942686772241,0.0012679518807872,23.67483574557227,-25.27001514189591,0.0014212418776877,1.1380645161290324,19.448709677419355,77.96000000000001,178.05,
TUNJUELITO,2024-12-01,29.263432540523738,10.681632653061223,12.937026239067054,19.18322580645161,82.05612903225806,0.9064516129032258,,157.62,5.0845161290322585,0.922043010752688,0.922043010752688,0.8770161290322581,1.0,1.0,1.0,0.0,1.0,993510.4897483994,997638.3325117284,-26.20778866196128,0.0013384515940668,0.0012132416062347,26.203005164831,-25.51600142763915,0.0012679518807872,0.9796666666666668,18.587,84.712,195.92,
USAQUEN,2020-01-01,15.714893617021277,,17.75249169435216,18.848064516129032,79.68354838709678,1.5032258064516129,,23.51,0.7583870967741935,,0.8091397849462365,0.9475806451612904,1.0,1.0,1.0,0.0,1.0,1005505.5080440022,1016114.784772832,-0.4865371484304344,0.0001244106037124,0.0001870172300968,,,,,,,,
USAQUEN,2020-02-01,22.500758725341427,,,19.266896551724138,76.77137931034483,1.3617241379310343,,132.39,4.565172413793103,,0.2140804597701149,0.9468390804597702,1.0,1.0,1.0,0.0,1.0,1005505.5080440022,1016114.784772832,-7.1869172998184325,0.0002611357031074,0.000355594790197,15.714893617021277,-0.4865371484304344,0.0001870172300968,1.5032258064516129,18.848064516129032,79.68354838709678,23.51,
USAQUEN,2020-03-01,33.31040787623066,,,19.381612903225808,80.22322580645161,1.0503225806451613,,106.01,3.419677419354839,,0.5618279569892473,0.9556451612903226,1.0,1.0,1.0,0.0,1.0,1005505.5080440022,1016114.784772832,-1.573884146711528,0.0001597915275646,0.0001678326495969,22.500758725341427,-7.1869172998184325,0.000355594790197,1.3617241379310343,19.266896551724138,76.77137931034483,132.39,
USAQUEN,2020-04-01,15.872913616398243,,23.92107843137255,19.68166666666667,79.98333333333333,0.8903333333333333,,156.11,5.203666666666667,,0.85,0.9486111111111112,1.0,1.0,1.0,0.0,1.0,1005505.5080440022,1016114.784772832,-6.168863847292871,0.0002188434836857,0.0001948436483082,33.31040787623066,-1.573884146711528,0.0001678326495969,1.0503225806451613,19.381612903225808,80.22322580645161,106.01,
USAQUEN,2020-05-01,8.09212730318258,,12.311458333333333,19.64967741935484,78.75709677419356,1.1441935483870966,,140.88,4.5445161290322575,,0.9032258064516128,0.8024193548387096,1.0,1.0,1.0,0.0,1.0,1005505.5080440022,1016114.784772832,-2.560615954894324,0.0001520303533759,0.0001739521494917,15.872913616398243,-6.168863847292871,0.0001948436483082,0.8903333333333333,19.68166666666667,79.98333333333333,156.11,
USAQUEN,2020-06-01,9.904692082111437,,11.055108359133127,18.52533333333333,79.155,1.244,,312.54,10.418,,0.8972222222222223,0.9472222222222222,1.0,1.0,1.0,0.0,1.0,1005505.5080440022,1016114.784772832,-5.099361269028685,0.0001943559627443,0.0002417788176539,8.09212730318258,-2.560615954894324,0.0001739521494917,1.1441935483870966,19.64967741935484,78.75709677419356,140.88,
USAQUEN,2020-07-01,6.790070921985816,,11.262605752961084,18.291935483870965,78.14645161290322,1.1312903225806452,,205.21,6.619677419354839,,0.7943548387096774,0.9475806451612904,1.0,1.0,1.0,0.0,1.0,1005505.5080440022,1016114.784772832,-1.0997803742480503,6.81988143714404e-05,7.715265870988435e-05,9.904692082111437,-5.099361269028685,0.0002417788176539,1.244,18.52533333333333,79.155,312.54,
USAQUEN,2020-08-01,9.40197461212976,,,18.786129032258064,77.94483870967741,1.1151612903225807,,121.34,3.914193548387097,,0.3844086021505376,0.952956989247312,1.0,1.0,1.0,0.0,1.0,1005505.5080440022,1016114.784772832,-2.497807819750209,9.862887416078412e-05,0.0001099871025722,6.790070921985816,-1.0997803742480503,7.715265870988435e-05,1.1312903225806452,18.291935483870965,78.14645161290322,205.21,
USAQUEN,2020-09-01,10.210526315789474,,18.90377643504532,18.94533333333333,76.04299999999999,1.134,,119.27,3.975666666666667,,0.9194444444444444,0.95,1.0,1.0,1.0,0.0,1.0,1005505.5080440022,1016114.784772832,1.091863006101324,5.68945744255418e-05,6.451844739856438e-05,9.40197461212976,-2.497807819750209,0.0001099871025722,1.1151612903225807,18.786129032258064,77.94483870967741,121.34,
USAQUEN,2020-10-01,7.9871387283237,,21.85768688293371,19.17096774193548,72.35612903225807,1.274516129032258,,60.73,1.959032258064516,0.571236559139785,0.952956989247312,0.9301075268817204,1.0,1.0,1.0,0.0,1.0,1005505.5080440022,1016114.784772832,6.441945378022519,0.0002799468989432,0.0003567968379756,10.210526315789474,1.091863006101324,6.451844739856438e-05,1.134,18.94533333333333,76.04299999999999,119.27,
USAQUEN,2020-11-01,13.164814814814816,16.8636496350365,12.908516886930984,18.61133333333333,81.52933333333334,0.8076666666666666,,71.11,2.3703333333333334,0.9513888888888888,0.9458333333333332,0.9,1.0,1.0,1.0,0.0,1.0,1005505.5080440022,1016114.784772832,9.986083751092767,0.0003959519435516,0.0003197971864085,7.9871387283237,6.441945378022519,0.0003567968379756,1.274516129032258,19.17096774193548,72.35612903225807,60.73,
USAQUEN,2020-12-01,7.656568778979907,10.561280931586609,15.972634643377004,19.31935483870968,74.79225806451613,0.8703225806451613,,113.99,3.677096774193549,0.9233870967741936,0.9233870967741936,0.8696236559139785,1.0,1.0,1.0,0.0,1.0,1005505.5080440022,1016114.784772832,21.20724890333092,0.0008689816598342,0.0007562943607202,13.164814814814816,9.986083751092767,0.0003197971864085,0.8076666666666666,18.61133333333333,81.52933333333334,71.11,
USAQUEN,2021-01-01,7.496084337349397,9.64858757062147,16.004384724186703,18.83806451612904,73.38612903225807,1.0696774193548386,,105.14,3.3916129032258064,0.9516129032258064,0.9502688172043012,0.8924731182795699,1.0,1.0,1.0,0.0,1.0,1005505.5080440022,1016114.784772832,20.915566009037956,0.0008437910218146,0.0009025842026894,7.656568778979907,21.20724890333092,0.0007562943607202,0.8703225806451613,19.31935483870968,74.79225806451613,113.99,
USAQUEN,2021-02-01,8.627526132404181,,15.483255086071988,19.62071428571429,74.44678571428572,1.0442857142857145,,98.38,3.5135714285714283,0.7366071428571429,0.9508928571428572,0.8541666666666666,1.0,1.0,1.0,0.0,1.0,1005505.5080440022,1016114.784772832,20.886709673818466,0.0008654526761499,0.0009037798660937,7.496084337349397,20.915566009037956,0.0009025842026894,1.0696774193548386,18.83806451612904,73.38612903225807,105.14,
USAQUEN,2021-03-01,,12.529394812680115,15.333476394849786,18.69483870967742,79.48903225806451,0.9319354838709678,,132.12,4.261935483870968,0.9327956989247312,0.939516129032258,,1.0,1.0,1.0,0.0,1.0,1005505.5080440022,1016114.784772832,,,,8.627526132404181,20.886709673818466,0.0009037798660937,1.0442857142857145,19.62071428571429,74.44678571428572,98.38,
USAQUEN,2021-04-01,,6.75932944606414,18.718221574344025,19.200333333333333,79.31633333333333,0.9443333333333334,,176.72,5.890666666666666,0.9527777777777776,0.9527777777777776,,1.0,1.0,1.0,0.0,1.0,1005505.5080440022,1016114.784772832,,,,,,,0.9319354838709678,18.69483870967742,79.48903225806451,132.12,
USAQUEN,2021-05-01,,7.429320113314448,13.38960113960114,19.156774193548387,78.49290322580646,1.1796774193548387,,53.85,1.7370967741935484,0.9489247311827956,0.9435483870967742,,1.0,1.0,1.0,0.0,1.0,1005505.5080440022,1016114.784772832,,,,,,,0.9443333333333334,19.200333333333333,79.31633333333333,176.72,
USAQUEN,2021-06-01,,7.532944606413995,13.170717423133237,18.355666666666664,79.12733333333334,1.1006666666666665,,196.89,6.563,0.9527777777777776,0.9486111111111112,,1.0,1.0,1.0,0.0,1.0,1005505.5080440022,1016114.784772832,,,,,,,1.1796774193548387,19.156774193548387,78.49290322580646,53.85,
USAQUEN,2021-07-01,,4.777053824362606,15.988951841359777,18.631612903225808,75.01322580645162,1.6390322580645162,,57.61,1.8583870967741936,0.9489247311827956,0.9489247311827956,0.0712365591397849,1.0,1.0,1.0,0.0,1.0,1005505.5080440022,1016114.784772832,,,,,,,1.1006666666666665,18.355666666666664,79.12733333333334,196.89,
USAQUEN,2021-08-01,6.0855704697986575,8.132531824611032,18.800710227272727,19.18290322580645,73.33967741935484,1.2638709677419355,,71.11,2.293870967741936,0.9502688172043012,0.946236559139785,0.8010752688172043,1.0,1.0,1.0,0.0,1.0,1005505.5080440022,1016114.784772832,11.465888329067464,0.0004137827734232,0.0005229680342813,,,,1.6390322580645162,18.631612903225808,75.01322580645162,57.61,
USAQUEN,2021-09-01,7.659133126934985,8.803216374269006,22.66793557833089,19.143,72.27333333333333,1.2813333333333332,,145.0,4.833333333333333,0.95,0.9486111111111112,0.8972222222222223,1.0,1.0,1.0,0.0,1.0,1005505.5080440022,1016114.784772832,9.216624258756038,0.0003440294262932,0.000440816371557,6.0855704697986575,11.465888329067464,0.0005229680342813,1.2638709677419355,19.18290322580645,73.33967741935484,71.11,
USAQUEN,2021-10-01,12.286118980169972,13.066619115549216,18.541463414634144,19.622903225806454,76.90709677419355,0.8551612903225807,,96.44,3.110967741935484,0.9422043010752688,0.9368279569892471,0.9489247311827956,1.0,1.0,1.0,0.0,1.0,1005505.5080440022,1016114.784772832,4.954765252619788,0.0001715798611196,0.0001467284554284,7.659133126934985,9.216624258756038,0.000440816371557,1.2813333333333332,19.143,72.27333333333333,145.0,
USAQUEN,2021-11-01,16.523391812865498,15.497360703812316,16.462573099415206,19.259666666666664,77.90433333333334,0.9016666666666668,,86.48,2.8826666666666667,0.9472222222222222,0.95,0.95,1.0,1.0,1.0,0.0,1.0,1005505.5080440022,1016114.784772832,3.3520418329723327,0.0001166762023443,0.0001052030424472,12.286118980169972,4.954765252619788,0.0001467284554284,0.8551612903225807,19.622903225806454,76.90709677419355,96.44,
USAQUEN,2021-12-01,14.184593023255816,12.40174672489083,16.472714078374455,19.739032258064515,76.7441935483871,1.0374193548387096,,65.48,2.112258064516129,0.9233870967741936,0.9260752688172044,0.9247311827956988,1.0,1.0,1.0,0.0,1.0,1005505.5080440022,1016114.784772832,10.8112798455151,0.000415520009491,0.0004310685001687,16.523391812865498,3.3520418329723327,0.0001052030424472,0.9016666666666668,19.259666666666664,77.90433333333334,86.48,
USAQUEN,2022-01-01,,11.186816269284712,23.12384291725105,19.448709677419355,71.82548387096774,1.1783870967741936,,57.49,1.854516129032258,0.9583333333333334,0.9583333333333334,0.3494623655913978,1.0,1.0,1.0,0.0,1.0,1005505.5080440022,1016114.784772832,,,,14.184593023255816,10.8112798455151,0.0004310685001687,1.0374193548387096,19.739032258064515,76.7441935483871,65.48,
USAQUEN,2022-02-01,19.428571428571427,13.833229813664596,24.56055900621118,19.290714285714284,75.20714285714287,0.8960714285714285,,131.69,4.703214285714286,0.9583333333333334,0.9583333333333334,0.9583333333333334,1.0,1.0,1.0,0.0,1.0,1005505.5080440022,1016114.784772832,4.619568443591511,0.0001724298568075,0.0001545094681179,,,,1.1783870967741936,19.448709677419355,71.82548387096774,57.49,
USAQUEN,2022-03-01,18.139170506912443,11.760056657223796,20.43456614509246,18.86483870967741,81.53903225806452,0.8858064516129033,,199.88,6.447741935483871,0.9489247311827956,0.9448924731182796,0.875,1.0,1.0,1.0,0.0,1.0,1005505.5080440022,1016114.784772832,-0.7566591921997663,0.0001201504913043,0.0001064300803618,19.428571428571427,4.619568443591511,0.0001545094681179,0.8960714285714285,19.290714285714284,75.20714285714287,131.69,
USAQUEN,2022-04-01,15.168359941944848,9.800442477876103,18.749926362297497,18.88,81.47,0.995,,260.12,8.670666666666667,0.9416666666666668,0.9430555555555556,0.9569444444444444,1.0,1.0,1.0,0.0,1.0,1005505.5080440022,1016114.784772832,0.1442917944733235,8.739888201411885e-05,8.696188760404825e-05,18.139170506912443,-0.7566591921997663,0.0001064300803618,0.8858064516129033,18.86483870967741,81.53903225806452,199.88,
USAQUEN,2022-05-01,8.02716468590832,7.614571428571428,12.952624113475178,18.71741935483871,80.96806451612903,0.9874193548387096,,319.0,10.290322580645162,0.9408602150537636,0.9475806451612904,0.7916666666666666,1.0,1.0,1.0,0.0,1.0,1005505.5080440022,1016114.784772832,8.82230801757947,0.0003526795925308,0.0003482426557216,15.168359941944848,0.1442917944733235,8.696188760404825e-05,0.995,18.88,81.47,260.12,
USAQUEN,2022-06-01,9.796783625730994,11.079558823529412,12.064940828402367,17.939666666666668,81.945,0.9073333333333332,,207.29,6.909666666666666,0.9444444444444444,0.9388888888888888,0.95,1.0,1.0,1.0,0.0,1.0,1005505.5080440022,1016114.784772832,7.828633534413344,0.0002843209827628,0.0002579739050267,8.02716468590832,8.82230801757947,0.0003482426557216,0.9874193548387096,18.71741935483871,80.96806451612903,319.0,
USAQUEN,2022-07-01,6.779184247538678,5.659000000000001,16.415328467153284,18.19483870967742,79.52129032258064,1.1383870967741936,,228.31,7.36483870967742,0.9408602150537636,0.9206989247311828,0.9556451612903226,1.0,1.0,1.0,0.0,1.0,1005505.5080440022,1016114.784772832,7.847908134929993,0.000312586436022,0.0003558443653941,9.796783625730994,7.828633534413344,0.0002579739050267,0.9073333333333332,17.939666666666668,81.945,207.29,
USAQUEN,2022-08-01,8.582510578279267,7.569219858156028,,18.116774193548387,77.78548387096774,1.2158064516129032,,162.59,5.24483870967742,0.9475806451612904,0.6505376344086021,0.952956989247312,1.0,1.0,1.0,0.0,1.0,1005505.5080440022,1016114.784772832,8.78143804056963,0.0003579303529491,0.0004351740323436,6.779184247538678,7.847908134929993,0.0003558443653941,1.1383870967741936,18.19483870967742,79.52129032258064,228.31,
USAQUEN,2022-09-01,13.001453488372093,14.046902654867257,,18.666,78.09733333333334,1.0056666666666667,,135.09,4.503,0.9416666666666668,0.3263888888888889,0.9555555555555556,1.0,1.0,1.0,0.0,1.0,1005505.5080440022,1016114.784772832,10.076516323970525,0.0004026285476227,0.0004049101093925,8.582510578279267,8.78143804056963,0.0004351740323436,1.2158064516129032,18.116774193548387,77.78548387096774,162.59,
USAQUEN,2022-10-01,11.338959212376936,14.664488636363636,,18.324193548387097,83.24870967741936,1.0612903225806452,,252.6,8.148387096774194,0.946236559139785,0.7432795698924731,0.9556451612903226,1.0,1.0,1.0,0.0,1.0,1005505.5080440022,1016114.784772832,8.026869798063533,0.000299263958403,0.0003176059429503,13.001453488372093,10.076516323970525,0.0004049101093925,1.0056666666666667,18.666,78.09733333333334,135.09,
USAQUEN,2022-11-01,13.378457059679768,16.20367107195301,12.29633431085044,17.981333333333332,87.00733333333332,0.9713333333333334,,179.19,5.973,0.9458333333333332,0.9472222222222222,0.9541666666666668,1.0,1.0,1.0,0.0,1.0,1005505.5080440022,1016114.784772832,6.151520456587697,0.0002098474559538,0.0002038318288831,11.338959212376936,8.026869798063533,0.0003176059429503,1.0612903225806452,18.324193548387097,83.24870967741936,252.6,
USAQUEN,2022-12-01,14.250655021834062,14.186892488954344,17.537611940298508,18.003548387096775,82.19999999999999,0.9396774193548388,,70.75,2.282258064516129,0.9126344086021504,0.9005376344086021,0.9233870967741936,1.0,1.0,1.0,0.0,1.0,1005505.5080440022,1016114.784772832,9.704875732612614,0.0003596004376954,0.0003379084112924,13.378457059679768,6.151520456587697,0.0002038318288831,0.9713333333333334,17.981333333333332,87.00733333333332,179.19,
USAQUEN,2023-01-01,12.81949152542373,12.46237623762376,20.91748942172073,17.54,82.15516129032258,0.9661290322580643,,181.32,5.849032258064516,0.9502688172043012,0.952956989247312,0.9516129032258064,1.0,1.0,1.0,0.0,1.0,1005505.5080440022,1016114.784772832,9.883618453280954,0.0003792414879247,0.0003663962117208,14.250655021834062,9.704875732612614,0.0003379084112924,0.9396774193548388,18.003548387096775,82.19999999999999,70.75,
USAQUEN,2023-02-01,16.031104199066874,10.84442700156986,,18.75321428571429,78.37249999999999,0.9896428571428572,,54.03,1.9296428571428568,0.9479166666666666,0.21875,0.956845238095238,1.0,1.0,1.0,0.0,1.0,1005505.5080440022,1016114.784772832,13.294910486297985,0.0005068312624705,0.0005015819386806,12.81949152542373,9.883618453280954,0.0003663962117208,0.9661290322580643,17.54,82.15516129032258,181.32,
USAQUEN,2023-03-01,16.43392330383481,12.703506097560975,20.3301824212272,18.51451612903226,84.31870967741936,0.8709677419354839,,165.16,5.32774193548387,0.8817204301075269,0.8104838709677419,0.9112903225806452,1.0,1.0,1.0,0.0,1.0,1005505.5080440022,1016114.784772832,9.09910757574342,0.0003585526423609,0.000312287785282,16.031104199066874,13.294910486297985,0.0005015819386806,0.9896428571428572,18.75321428571429,78.37249999999999,54.03,
USAQUEN,2023-04-01,11.03941605839416,10.26948148148148,18.22258543833581,18.597666666666665,83.93033333333332,0.8996666666666666,,218.01,7.266999999999999,0.9375,0.9347222222222222,0.9513888888888888,1.0,1.0,1.0,0.0,1.0,1005505.5080440022,1016114.784772832,15.07881454011352,0.0005900905602564,0.0005308848073773,16.43392330383481,9.09910757574342,0.000312287785282,0.8709677419354839,18.51451612903226,84.31870967741936,165.16,
USAQUEN,2023-05-01,5.978014184397163,6.916232771822359,12.964469453376203,19.260322580645163,81.58612903225807,1.115483870967742,,220.91,7.126129032258064,0.8776881720430108,0.8360215053763441,0.9475806451612904,1.0,1.0,1.0,0.0,1.0,1005505.5080440022,1016114.784772832,14.126662796909043,0.0005764348695991,0.0006430037997012,11.03941605839416,15.07881454011352,0.0005308848073773,0.8996666666666666,18.597666666666665,83.93033333333332,218.01,
USAQUEN,2023-06-01,3.565640194489465,4.745552147239263,12.242214532871971,18.427666666666667,79.40100000000001,1.6053333333333333,,151.78,5.059333333333333,0.9055555555555556,0.8027777777777778,0.8569444444444444,1.0,1.0,1.0,0.0,1.0,1005505.5080440022,1016114.784772832,9.110150568241012,0.0003803526619137,0.0006105928065922,5.978014184397163,14.126662796909043,0.0006430037997012,1.115483870967742,19.260322580645163,81.58612903225807,220.91,
USAQUEN,2023-07-01,5.266666666666667,5.207132667617689,15.436869565217393,18.774193548387096,78.48967741935483,1.717741935483871,,151.41,4.884193548387096,0.9422043010752688,0.7728494623655914,0.9475806451612904,1.0,1.0,1.0,0.0,1.0,1005505.5080440022,1016114.784772832,6.593240215852756,0.0002643669541158,0.0004541142034408,3.565640194489465,9.110150568241012,0.0006105928065922,1.6053333333333333,18.427666666666667,79.40100000000001,151.78,
USAQUEN,2023-08-01,6.953257790368272,6.859036144578313,20.13095577746077,18.86903225806452,76.52032258064517,1.5912903225806452,,131.76,4.250322580645161,0.8924731182795699,0.9422043010752688,0.9489247311827956,1.0,1.0,1.0,0.0,1.0,1005505.5080440022,1016114.784772832,9.871370205733172,0.0003930991618318,0.0006255348920376,5.266666666666667,6.593240215852756,0.0004541142034408,1.717741935483871,18.774193548387096,78.48967741935483,151.41,
USAQUEN,2023-09-01,8.236842105263158,8.760059171597634,22.25147492625369,19.59466666666667,75.409,1.4340000000000002,,139.46,4.648666666666667,0.9388888888888888,0.9416666666666668,0.95,1.0,1.0,1.0,0.0,1.0,1005505.5080440022,1016114.784772832,13.460011839874545,0.0005510941059734,0.0007902689479659,6.953257790368272,9.871370205733172,0.0006255348920376,1.5912903225806452,18.86903225806452,76.52032258064517,131.76,
USAQUEN,2023-10-01,10.927966101694915,13.994263565891472,19.441117478510023,19.38935483870968,80.40064516129033,0.9116129032258063,,200.76,6.476129032258064,0.8669354838709677,0.9381720430107529,0.9516129032258064,1.0,1.0,1.0,0.0,1.0,1005505.5080440022,1016114.784772832,11.487231178566857,0.0004315349660845,0.0003933928432757,8.236842105263158,13.460011839874545,0.0007902689479659,1.4340000000000002,19.59466666666667,75.409,139.46,
USAQUEN,2023-11-01,8.893118594436311,11.088626292466763,15.8925,19.18,81.34533333333334,0.989,,170.2,5.673333333333333,0.9402777777777778,0.9444444444444444,0.9486111111111112,1.0,1.0,1.0,0.0,1.0,1005505.5080440022,1016114.784772832,10.900932311348532,0.0004317207733622,0.0004269718448552,10.927966101694915,11.487231178566857,0.0003933928432757,0.9116129032258063,19.38935483870968,80.40064516129033,200.76,
USAQUEN,2023-12-01,11.7798833819242,13.224447717231222,18.35338235294117,19.54258064516129,80.67806451612903,1.0270967741935484,,133.78,4.315483870967742,0.9126344086021504,0.913978494623656,0.922043010752688,1.0,1.0,1.0,0.0,1.0,1005505.5080440022,1016114.784772832,13.554848326316854,0.0005359081703396,0.0005504295530198,8.893118594436311,10.900932311348532,0.0004269718448552,0.989,19.18,81.34533333333334,170.2,
USAQUEN,2024-01-01,15.413258110014104,11.276803394625176,23.606638418079097,20.018387096774195,71.83064516129032,1.3596774193548389,,19.18,0.6187096774193548,0.9502688172043012,0.9516129032258064,0.952956989247312,1.0,1.0,1.0,0.0,1.0,1005505.5080440022,1016114.784772832,10.376199427466174,0.0004367586275645,0.0005938508436079,11.7798833819242,13.554848326316854,0.0005504295530198,1.0270967741935484,19.54258064516129,80.67806451612903,133.78,
USAQUEN,2024-02-01,15.784313725490197,13.533533834586464,23.31979010494753,20.71896551724138,74.39793103448275,1.2134482758620688,,67.75,2.336206896551724,0.9554597701149424,0.9583333333333334,0.9525862068965516,1.0,1.0,1.0,0.0,1.0,1005505.5080440022,1016114.784772832,4.189785191108321,0.000289617963998,0.000351436419072,15.413258110014104,10.376199427466174,0.0005938508436079,1.3596774193548389,20.018387096774195,71.83064516129032,19.18,
USAQUEN,2024-03-01,25.185593220338983,,29.4736170212766,21.388387096774192,71.98322580645161,1.1596774193548387,,80.08,2.5832258064516127,0.4448924731182795,0.9475806451612904,0.9516129032258064,1.0,1.0,1.0,0.0,1.0,1005505.5080440022,1016114.784772832,8.157013770355682,0.0003371846324123,0.000391025404362,15.784313725490197,4.189785191108321,0.000351436419072,1.2134482758620688,20.71896551724138,74.39793103448275,67.75,
USAQUEN,2024-04-01,18.21229629629629,,26.0531914893617,20.540666666666667,76.39433333333334,0.9806666666666666,,223.34,7.444666666666666,0.6125,0.9138888888888888,0.9375,1.0,1.0,1.0,0.0,1.0,1005505.5080440022,1016114.784772832,12.56997080998471,0.0005175766067838,0.0005075701257194,25.185593220338983,8.157013770355682,0.000391025404362,1.1596774193548387,21.388387096774192,71.98322580645161,80.08,
USAQUEN,2024-05-01,4.8608757062146895,6.378172588832487,13.524573863636364,19.726774193548387,82.56838709677419,0.9661290322580643,,371.83,11.994516129032258,0.7943548387096774,0.946236559139785,0.9516129032258064,1.0,1.0,1.0,0.0,1.0,1005505.5080440022,1016114.784772832,10.65436272479819,0.0004416498632971,0.0004266907550241,18.21229629629629,12.56997080998471,0.0005075701257194,0.9806666666666666,20.540666666666667,76.39433333333334,223.34,
USAQUEN,2024-06-01,5.313676470588236,7.447761194029851,,19.017666666666667,81.55966666666667,1.1303333333333332,,247.96,8.265333333333334,0.9305555555555556,0.6694444444444444,0.9444444444444444,1.0,1.0,1.0,0.0,1.0,1005505.5080440022,1016114.784772832,7.120926759051248,0.0002949290101083,0.0003333680910924,4.8608757062146895,10.65436272479819,0.0004266907550241,0.9661290322580643,19.726774193548387,82.56838709677419,371.83,
USAQUEN,2024-07-01,4.321518987341772,3.724039829302987,17.387146892655366,18.71451612903226,80.19419354838709,1.4970967741935486,,128.74,4.152903225806452,0.9448924731182796,0.9516129032258064,0.8494623655913979,1.0,1.0,1.0,0.0,1.0,1005505.5080440022,1016114.784772832,2.9029201709519192,0.0001337449674968,0.0002002291594042,5.313676470588236,7.120926759051248,0.0003333680910924,1.1303333333333332,19.017666666666667,81.55966666666667,247.96,
USAQUEN,2024-08-01,8.539662447257383,6.19493670886076,22.017440225035163,18.966451612903228,75.88193548387098,1.470967741935484,,59.62,1.9232258064516128,0.9556451612903226,0.9556451612903226,0.9556451612903226,1.0,1.0,1.0,0.0,1.0,1005505.5080440022,1016114.784772832,4.217400322391777,0.0002110411127069,0.0003104346690141,4.321518987341772,2.9029201709519192,0.0002002291594042,1.4970967741935486,18.71451612903226,80.19419354838709,128.74,
USAQUEN,2024-09-01,10.637573964497042,9.074231332357249,20.56202346041056,19.767666666666667,73.34766666666665,1.438,,85.99,2.866333333333333,0.9486111111111112,0.9472222222222222,0.9388888888888888,1.0,1.0,1.0,0.0,1.0,1005505.5080440022,1016114.784772832,6.031670936952574,0.0002688208564262,0.0003865643915409,8.539662447257383,4.217400322391777,0.0003104346690141,1.470967741935484,18.966451612903228,75.88193548387098,59.62,
USAQUEN,2024-10-01,8.661428571428571,12.989389534883722,23.03758967001435,19.448709677419355,77.96000000000001,1.1380645161290324,,178.05,5.743548387096775,0.9247311827956988,0.9368279569892471,0.9408602150537636,1.0,1.0,1.0,0.0,1.0,1005505.5080440022,1016114.784772832,7.402186395049817,0.0004586486802622,0.0005219717883758,10.637573964497042,6.031670936952574,0.0003865643915409,1.438,19.767666666666667,73.34766666666665,85.99,
USAQUEN,2024-11-01,10.728951255539144,15.8628125,14.523372781065088,18.587,84.712,0.9796666666666668,,195.92,6.530666666666667,0.8888888888888888,0.9388888888888888,0.9402777777777778,1.0,1.0,1.0,0.0,1.0,1005505.5080440022,1016114.784772832,8.934727996505574,0.0003510707851676,0.0003439323458692,8.661428571428571,7.402186395049817,0.0005219717883758,1.1380645161290324,19.448709677419355,77.96000000000001,178.05,
USAQUEN,2024-12-01,12.791150442477877,,,19.18322580645161,82.05612903225806,0.9064516129032258,,157.62,5.0845161290322585,0.5134408602150538,0.5080645161290323,0.7594086021505376,1.0,1.0,1.0,0.0,1.0,1005505.5080440022,1016114.784772832,9.089241159726706,0.0003578082773536,0.0003243358901173,10.728951255539144,8.934727996505574,0.0003439323458692,0.9796666666666668,18.587,84.712,195.92,
