Localidad_norm,fecha,PM25,NO2,O3,Temp_media,HR,Vel_viento,Presión,Precipitación,Precipitación_media,Cobertura_NO2,Cobertura_O3,Cobertura_PM25,Cobertura_Temp,Cobertura_HR,Cobertura_Viento,Cobertura_Presion,Cobertura_Precip,cx,cy,diff_O3,grad_O3,adv_proxy_O3
BARRIOS UNIDOS,2020-01-01,13.672937771345875,13.822457627118643,17.690691114245418,18.848064516129032,79.68354838709678,1.5032258064516129,,23.51,0.7583870967741935,0.9516129032258064,0.952956989247312,0.928763440860215,1.0,1.0,1.0,0.0,1.0,1000438.9545418106,1008112.973077683,-13.489509466495134,0.0010473491345428824,0.001574402247409623
ENGATIVA,2020-01-01,17.305021520803443,16.37294617563739,11.864830508474576,18.848064516129032,79.68354838709678,1.5032258064516129,,23.51,0.7583870967741935,0.9489247311827956,0.9516129032258064,0.9368279569892471,1.0,1.0,1.0,0.0,1.0,996041.4771692234,1011602.8590215645,9.041624998146125,0.0009287786160510129,0.0013961639841282968
FONTIBON,2020-01-01,19.646153846153847,16.69630681818182,15.080594900849858,18.848064516129032,79.68354838709678,1.5032258064516129,,23.51,0.7583870967741935,0.946236559139785,0.9489247311827956,0.9435483870967742,1.0,1.0,1.0,0.0,1.0,993049.7034200324,1009066.0409648584,2.8803356220291008,0.0009672413213533507,0.0014539821153247143
KENNEDY,2020-01-01,23.64844192634561,17.867042253521127,21.17669491525424,18.848064516129032,79.68354838709678,1.5032258064516129,,23.51,0.7583870967741935,0.9543010752688172,0.9516129032258064,0.9489247311827956,1.0,1.0,1.0,0.0,1.0,991660.3857957564,1003776.4359295673,-17.2457526761375,0.0017143317790984046,0.0025770277711608274
PUENTE ARANDA,2020-01-01,14.912747875354109,16.92293447293447,10.027042253521126,18.848064516129032,79.68354838709678,1.5032258064516129,,23.51,0.7583870967741935,0.9435483870967742,0.9543010752688172,0.9489247311827956,1.0,1.0,1.0,0.0,1.0,996219.2899711643,1002216.689767894,11.149652661733116,0.0023140021369501013,0.0034784677284475716
SAN CRISTOBAL,2020-01-01,11.995295902883155,,13.524825174825176,18.848064516129032,79.68354838709678,1.5032258064516129,,23.51,0.7583870967741935,,0.7688172043010753,0.885752688172043,1.0,1.0,1.0,0.0,1.0,1001269.0128432276,994752.74948143,-3.4977829213040508,0.00038813947585191323,0.0005834612766031985
SUBA,2020-01-01,15.680184410484078,11.346686303387331,14.277353363942833,16.358387096774194,83.1324193548387,1.3029032258064517,,26.29,0.8480645161290322,0.9126344086021504,0.8393817204301075,0.9314516129032258,1.0,1.0,1.0,0.0,1.0,1000184.3919040437,1018467.8222482742,4.475953225243654,0.00040923635291826156,0.0005331953643344705
TEUSAQUILLO,2020-01-01,13.396892655367232,,,18.848064516129032,79.68354838709678,1.5032258064516129,,23.51,0.7583870967741935,,0.6478494623655914,0.9516129032258064,1.0,1.0,1.0,0.0,1.0,999083.3876167,1004973.201652838,,,
TUNJUELITO,2020-01-01,22.68788454855788,8.552272599781224,,18.848064516129032,79.68354838709678,1.5032258064516129,,23.51,0.7583870967741935,0.9495967741935485,0.3655913978494624,0.9401881720430108,1.0,1.0,1.0,0.0,1.0,993510.4897483994,997638.3325117284,,,
USAQUEN,2020-01-01,15.714893617021277,,17.75249169435216,18.848064516129032,79.68354838709678,1.5032258064516129,,23.51,0.7583870967741935,,0.8091397849462365,0.9475806451612904,1.0,1.0,1.0,0.0,1.0,1005505.5080440022,1016114.784772832,-9.42460009639365,0.00038845775873216996,0.0005839397276425522
BARRIOS UNIDOS,2020-02-01,19.610410094637224,17.65530726256983,18.91921921921922,19.266896551724138,76.77137931034483,1.3617241379310343,,132.39,4.565172413793103,0.771551724137931,0.956896551724138,0.9109195402298852,1.0,1.0,1.0,0.0,1.0,1000438.9545418106,1008112.973077683,-13.334555404549173,0.0009703474702265064,0.0013213455723877494
ENGATIVA,2020-02-01,19.098684210526315,22.198305084745765,12.445343511450382,19.266896551724138,76.77137931034483,1.3617241379310343,,132.39,4.565172413793103,0.932471264367816,0.9410919540229884,0.8735632183908046,1.0,1.0,1.0,0.0,1.0,996041.4771692234,1011602.8590215645,19.353656492368728,0.0011505129557268417,0.0015666812628156196
FONTIBON,2020-02-01,27.05271903323263,22.02844175491679,16.965091463414634,19.266896551724138,76.77137931034483,1.3617241379310343,,132.39,4.565172413793103,0.9497126436781608,0.942528735632184,0.9511494252873564,1.0,1.0,1.0,0.0,1.0,993049.7034200324,1009066.0409648584,2.7458069110756327,0.0007684289703177597,0.0010463882771671836
KENNEDY,2020-02-01,28.85090361445783,22.743543543543545,20.39036144578313,19.266896551724138,76.77137931034483,1.3617241379310343,,132.39,4.565172413793103,0.956896551724138,0.9540229885057472,0.9540229885057472,1.0,1.0,1.0,0.0,1.0,991660.3857957564,1003776.4359295673,-18.863128548651837,0.0011870569609633826,0.0016164441168428955
PUENTE ARANDA,2020-02-01,27.16132930513595,23.97155824508321,10.17238239757208,19.266896551724138,76.77137931034483,1.3617241379310343,,132.39,4.565172413793103,0.9497126436781608,0.9468390804597702,0.9511494252873564,1.0,1.0,1.0,0.0,1.0,996219.2899711643,1002216.689767894,25.849072524863754,0.0019116974148295175,0.0026032045141937115
SAN CRISTOBAL,2020-02-01,17.58078078078078,,13.280150375939847,19.266896551724138,76.77137931034483,1.3617241379310343,,132.39,4.565172413793103,,0.9554597701149424,0.956896551724138,1.0,1.0,1.0,0.0,1.0,1001269.0128432276,994752.74948143,6.307789541549404,0.0004310782788123897,0.0005870096975965954
SUBA,2020-02-01,21.60626457104231,14.391433021806852,15.784512417407154,16.581379310344825,80.82448275862069,1.2646551724137929,,123.1,4.244827586206896,0.9224137931034484,0.951867816091954,0.9475574712643677,1.0,1.0,1.0,0.0,1.0,1000184.3919040437,1018467.8222482742,-0.20446210414470656,0.00035954293244747646,0.000454697829224524
TEUSAQUILLO,2020-02-01,17.134153846153847,,20.80537634408602,19.266896551724138,76.77137931034483,1.3617241379310343,,132.39,4.565172413793103,,0.9353448275862069,0.9339080459770116,1.0,1.0,1.0,0.0,1.0,999083.3876167,1004973.201652838,-16.35943595205213,0.0012510499520708325,0.0017035849174923162
TUNJUELITO,2020-02-01,30.33079387907856,10.43319769243388,15.170481927710844,19.266896551724138,76.77137931034483,1.3617241379310343,,132.39,4.565172413793103,0.951867816091954,0.9540229885057472,0.9554597701149425,1.0,1.0,1.0,0.0,1.0,993510.4897483994,997638.3325117284,-1.6685515638374717,0.000660712058809564,0.0008997075587030924
USAQUEN,2020-02-01,22.500758725341427,,,19.266896551724138,76.77137931034483,1.3617241379310343,,132.39,4.565172413793103,,0.2140804597701149,0.9468390804597702,1.0,1.0,1.0,0.0,1.0,1005505.5080440022,1016114.784772832,,,
BARRIOS UNIDOS,2020-03-01,32.57886904761905,,30.935177304964537,19.381612903225808,80.22322580645161,1.0503225806451613,,106.01,3.419677419354839,0.6895161290322581,0.9475806451612904,0.9032258064516128,1.0,1.0,1.0,0.0,1.0,1000438.9545418106,1008112.973077683,-33.358619755104684,0.002138151290952703,0.002245748581723226
ENGATIVA,2020-03-01,34.273371104815865,19.19559659090909,21.35643564356436,19.381612903225808,80.22322580645161,1.0503225806451613,,106.01,3.419677419354839,0.946236559139785,0.9502688172043012,0.9489247311827956,1.0,1.0,1.0,0.0,1.0,996041.4771692234,1011602.8590215645,15.784564932028513,0.0010830749954222456,0.0011375781242241392
FONTIBON,2020-03-01,37.47248226950354,17.485714285714284,27.23048433048433,19.381612903225808,80.22322580645161,1.0503225806451613,,106.01,3.419677419354839,0.9502688172043012,0.9435483870967742,0.9475806451612904,1.0,1.0,1.0,0.0,1.0,993049.7034200324,1009066.0409648584,-9.383440783982241,0.0008764651903413658,0.0009205711805649958
KENNEDY,2020-03-01,38.65169971671388,18.68236953455571,29.263366336633663,19.381612903225808,80.22322580645161,1.0503225806451613,,106.01,3.419677419354839,0.952956989247312,0.9502688172043012,0.9489247311827956,1.0,1.0,1.0,0.0,1.0,991660.3857957564,1003776.4359295673,-23.847250213746722,0.0014791608367155922,0.0015535960272083768
PUENTE ARANDA,2020-03-01,37.35702127659575,17.987659574468083,16.402266288951843,19.381612903225808,80.22322580645161,1.0503225806451613,,106.01,3.419677419354839,0.9475806451612904,0.9489247311827956,0.9475806451612904,1.0,1.0,1.0,0.0,1.0,996219.2899711643,1002216.689767894,22.054875873768953,0.0015778533560858359,0.0016572550088437038
SAN CRISTOBAL,2020-03-01,28.54950354609929,,19.14794908062235,19.381612903225808,80.22322580645161,1.0503225806451613,,106.01,3.419677419354839,,0.9502688172043012,0.9475806451612904,1.0,1.0,1.0,0.0,1.0,1001269.0128432276,994752.74948143,0.9567274510756114,0.00022937554358350168,0.00024091831287351015
SUBA,2020-03-01,31.505099329545544,11.891210374639767,26.481177430436276,16.88483870967742,83.02112903225806,0.9353225806451613,,113.815,3.671451612903226,0.9327956989247312,0.918010752688172,0.9509408602150538,1.0,1.0,1.0,0.0,1.0,1000184.3919040437,1018467.8222482742,-0.6707419123436544,0.0005345728636997491,0.0004999980704185233
TEUSAQUILLO,2020-03-01,29.034045584045582,,21.688210227272727,19.381612903225808,80.22322580645161,1.0503225806451613,,106.01,3.419677419354839,,0.946236559139785,0.9435483870967742,1.0,1.0,1.0,0.0,1.0,999083.3876167,1004973.201652838,9.50329724258253,0.0015979335309839438,0.0016783456699624906
TUNJUELITO,2020-03-01,37.855218522247796,9.212833669151722,20.310098176718093,19.381612903225808,80.22322580645161,1.0503225806451613,,106.01,3.419677419354839,0.9469086021505377,0.9583333333333334,0.9509408602150538,1.0,1.0,1.0,0.0,1.0,993510.4897483994,997638.3325117284,3.883287176053578,0.0007571902960036265,0.0007952940657380025
USAQUEN,2020-03-01,33.31040787623066,,,19.381612903225808,80.22322580645161,1.0503225806451613,,106.01,3.419677419354839,,0.5618279569892473,0.9556451612903226,1.0,1.0,1.0,0.0,1.0,1005505.5080440022,1016114.784772832,,,
BARRIOS UNIDOS,2020-04-01,13.598102189781024,8.422238586156112,27.08525547445256,19.68166666666667,79.98333333333333,0.8903333333333333,,156.11,5.203666666666667,0.9430555555555556,0.9513888888888888,0.9513888888888888,1.0,1.0,1.0,0.0,1.0,1000438.9545418106,1008112.973077683,-29.530220367281025,0.0018639529184448958,0.0016595394150554388
ENGATIVA,2020-04-01,12.566243194192378,9.25550527903469,19.62796052631579,19.68166666666667,79.98333333333333,0.8903333333333333,,156.11,5.203666666666667,0.9208333333333332,0.8444444444444444,0.7652777777777777,1.0,1.0,1.0,0.0,1.0,996041.4771692234,1011602.8590215645,9.267274502029899,0.0006534259879357714,0.0005817669379254818
FONTIBON,2020-04-01,18.376392961876835,10.848613138686131,21.872873900293254,19.68166666666667,79.98333333333333,0.8903333333333333,,156.11,5.203666666666667,0.9513888888888888,0.9472222222222222,0.9472222222222222,1.0,1.0,1.0,0.0,1.0,993049.7034200324,1009066.0409648584,-4.9178968590030685,0.0003137105485743492,0.0002793069584140289
KENNEDY,2020-04-01,18.430088495575223,15.013642960812772,21.87973760932945,19.68166666666667,79.98333333333333,0.8903333333333333,,156.11,5.203666666666667,0.9569444444444444,0.9527777777777776,0.9416666666666668,1.0,1.0,1.0,0.0,1.0,991660.3857957564,1003776.4359295673,-14.112142948868152,0.0008880619453514167,0.0007906711520112113
PUENTE ARANDA,2020-04-01,19.137813884785817,10.513421828908555,12.904558823529412,19.68166666666667,79.98333333333333,0.8903333333333333,,156.11,5.203666666666667,0.9416666666666668,0.9444444444444444,0.9402777777777778,1.0,1.0,1.0,0.0,1.0,996219.2899711643,1002216.689767894,19.108725000270198,0.0013891597795951964,0.00123681525709959
SAN CRISTOBAL,2020-04-01,12.564135702746364,,20.322318840579708,19.68166666666667,79.98333333333333,0.8903333333333333,,156.11,5.203666666666667,,0.9583333333333334,0.8597222222222223,1.0,1.0,1.0,0.0,1.0,1001269.0128432276,994752.74948143,-12.119733836680728,0.00045425974367094057,0.0004044425917816941
SUBA,2020-04-01,15.285531617928457,9.34191419141914,19.872996763062268,17.145,83.34516666666667,0.8963333333333332,,169.60500000000002,5.6535,0.8416666666666667,0.8743055555555557,0.9256944444444444,1.0,1.0,1.0,0.0,1.0,1000184.3919040437,1018467.8222482742,11.015304142954093,0.0004742085880873233,0.00042504896445560406
TEUSAQUILLO,2020-04-01,12.78972099853157,,19.193026706231453,19.68166666666667,79.98333333333333,0.8903333333333333,,156.11,5.203666666666667,,0.9361111111111112,0.9458333333333332,1.0,1.0,1.0,0.0,1.0,999083.3876167,1004973.201652838,4.283608079580864,0.001419087723293855,0.001263461102972629
TUNJUELITO,2020-04-01,16.300933046576297,6.028063629777726,16.74963715529753,19.68166666666667,79.98333333333333,0.8903333333333333,,156.11,5.203666666666667,0.9416666666666667,0.9569444444444444,0.942361111111111,1.0,1.0,1.0,0.0,1.0,993510.4897483994,997638.3325117284,4.857703807545976,0.000651540964900583,0.0005800886390831524
USAQUEN,2020-04-01,15.872913616398243,,23.92107843137255,19.68166666666667,79.98333333333333,0.8903333333333333,,156.11,5.203666666666667,,0.85,0.9486111111111112,1.0,1.0,1.0,0.0,1.0,1005505.5080440022,1016114.784772832,-5.177022530287033,0.00047977677410758024,0.0004271612545471156
BARRIOS UNIDOS,2020-05-01,6.039820359281437,8.322881355932203,15.335502121640737,19.64967741935484,78.75709677419356,1.1441935483870966,,140.88,4.5445161290322575,0.9516129032258064,0.9502688172043012,0.8978494623655914,1.0,1.0,1.0,0.0,1.0,1000438.9545418106,1008112.973077683,-15.08922637291342,0.0008953125175024403,0.0010244108063165018
ENGATIVA,2020-05-01,,,12.083521126760562,19.64967741935484,78.75709677419356,1.1441935483870966,,140.88,4.5445161290322575,0.7258064516129032,0.9543010752688172,0.7298387096774194,1.0,1.0,1.0,0.0,1.0,996041.4771692234,1011602.8590215645,3.4154982147958126,0.0002031246708462819,0.00023241393790056833
FONTIBON,2020-05-01,11.90482269503546,12.647265077138847,12.063892806770095,19.64967741935484,78.75709677419356,1.1441935483870966,,140.88,4.5445161290322575,0.9583333333333334,0.952956989247312,0.9475806451612904,1.0,1.0,1.0,0.0,1.0,993049.7034200324,1009066.0409648584,-0.3921948522351677,4.8398024664368556e-05,5.537670757565008e-05
KENNEDY,2020-05-01,12.915254237288137,17.10646976090014,11.449295774647888,19.64967741935484,78.75709677419356,1.1441935483870966,,140.88,4.5445161290322575,0.9556451612903226,0.9543010752688172,0.9516129032258064,1.0,1.0,1.0,0.0,1.0,991660.3857957564,1003776.4359295673,-5.1814322331219245,0.0004227250713764175,0.00048367929941037186
PUENTE ARANDA,2020-05-01,12.53289855072464,11.830624092888243,6.567092198581561,19.64967741935484,78.75709677419356,1.1441935483870966,,140.88,4.5445161290322575,0.9260752688172044,0.9475806451612904,0.9274193548387096,1.0,1.0,1.0,0.0,1.0,996219.2899711643,1002216.689767894,14.550155931039958,0.0010643515024995956,0.00121782412237615
SAN CRISTOBAL,2020-05-01,,,13.59929873772791,19.64967741935484,78.75709677419356,1.1441935483870966,,140.88,4.5445161290322575,,0.9583333333333334,0.7002688172043011,1.0,1.0,1.0,0.0,1.0,1001269.0128432276,994752.74948143,-11.428667262465417,0.00042599286244658364,0.0004874182848703329
SUBA,2020-05-01,7.583818292189397,7.855374592833876,12.45033312955993,16.933064516129033,83.34241935483871,1.1374193548387095,,171.33499999999998,5.526935483870967,0.8252688172043011,0.9509408602150538,0.9448924731182796,1.0,1.0,1.0,0.0,1.0,1000184.3919040437,1018467.8222482742,2.3794821930548427,0.00011605406797428443,0.00013200214312171832
TEUSAQUILLO,2020-05-01,6.799002849002848,,12.266666666666667,19.64967741935484,78.75709677419356,1.1441935483870966,,140.88,4.5445161290322575,,0.9475806451612904,0.9435483870967742,1.0,1.0,1.0,0.0,1.0,999083.3876167,1004973.201652838,-2.83351287300761,0.0007863258867849128,0.0008997090065890598
TUNJUELITO,2020-05-01,13.124915973111396,7.556143565510203,10.535470085470084,19.64967741935484,78.75709677419356,1.1441935483870966,,140.88,4.5445161290322575,0.948252688172043,0.9435483870967742,0.9502688172043011,1.0,1.0,1.0,0.0,1.0,993510.4897483994,997638.3325117284,0.009276454547105573,0.00041955074232959117,0.0004800472525945354
USAQUEN,2020-05-01,8.09212730318258,,12.311458333333333,19.64967741935484,78.75709677419356,1.1441935483870966,,140.88,4.5445161290322575,,0.9032258064516128,0.8024193548387096,1.0,1.0,1.0,0.0,1.0,1005505.5080440022,1016114.784772832,2.934981377961231,0.0001216353906889507,0.00013917442928184132
BARRIOS UNIDOS,2020-06-01,7.477812995245642,8.904405286343613,12.14361233480176,18.52533333333333,79.155,1.244,,312.54,10.418,0.9458333333333332,0.9458333333333332,0.8763888888888889,1.0,1.0,1.0,0.0,1.0,1000438.9545418106,1008112.973077683,-9.340644258399681,0.0005090277646782124,0.0006332305392596962
ENGATIVA,2020-06-01,8.172455089820359,11.077352941176471,10.141554559043348,18.52533333333333,79.155,1.244,,312.54,10.418,0.9444444444444444,0.9291666666666668,0.9277777777777778,1.0,1.0,1.0,0.0,1.0,996041.4771692234,1011602.8590215645,2.96870219678987,0.00016441949478121224,0.00020453785150782803
FONTIBON,2020-06-01,14.04669603524229,13.158200290275762,10.131049562682216,18.52533333333333,79.155,1.244,,312.54,10.418,0.9569444444444444,0.9527777777777776,0.9458333333333332,1.0,1.0,1.0,0.0,1.0,993049.7034200324,1009066.0409648584,0.9981594101148517,6.90714048132466e-05,8.592482758767877e-05
KENNEDY,2020-06-01,15.013762811127378,16.472992700729925,,18.52533333333333,79.155,1.244,,312.54,10.418,0.9513888888888888,0.6111111111111112,0.9486111111111112,1.0,1.0,1.0,0.0,1.0,991660.3857957564,1003776.4359295673,,,
PUENTE ARANDA,2020-06-01,15.35425219941349,11.729742765273311,5.829934210526315,18.52533333333333,79.155,1.244,,312.54,10.418,0.8638888888888889,0.8444444444444444,0.9472222222222222,1.0,1.0,1.0,0.0,1.0,996219.2899711643,1002216.689767894,9.252862859137572,0.001037825293391567,0.0012910546649791094
SAN CRISTOBAL,2020-06-01,6.981229235880399,,10.476350364963505,18.52533333333333,79.155,1.244,,312.54,10.418,,0.9513888888888888,0.8361111111111111,1.0,1.0,1.0,0.0,1.0,1001269.0128432276,994752.74948143,-4.686385604173997,0.00021982963034629466,0.00027346806015079056
SUBA,2020-06-01,8.964446892239625,7.853323485967503,10.400077788007433,15.864333333333333,83.60033333333334,1.2376666666666667,,363.86,12.128666666666668,0.9402777777777778,0.9513888888888888,0.91875,1.0,1.0,1.0,0.0,1.0,1000184.3919040437,1018467.8222482742,2.1400418889559365,0.00010438448059130026,0.00012919319214516596
TEUSAQUILLO,2020-06-01,8.803235294117647,,11.118703976435937,18.52533333333333,79.155,1.244,,312.54,10.418,,0.9430555555555556,0.9444444444444444,1.0,1.0,1.0,0.0,1.0,999083.3876167,1004973.201652838,-5.2515158212975175,0.0005885430198730691,0.0007321475167220979
TUNJUELITO,2020-06-01,10.127407407407407,7.8177915376676985,9.794027303754266,18.52533333333333,79.155,1.244,,312.54,10.418,0.9472222222222222,0.8138888888888889,0.80625,1.0,1.0,1.0,0.0,1.0,993510.4897483994,997638.3325117284,-3.281770032018712,0.00041380207011108047,0.0005147697752181841
USAQUEN,2020-06-01,9.904692082111437,,11.055108359133127,18.52533333333333,79.155,1.244,,312.54,10.418,,0.8972222222222223,0.9472222222222222,1.0,1.0,1.0,0.0,1.0,1005505.5080440022,1016114.784772832,-0.4800803955468407,0.0001048826513025406,0.00013047401822036052
BARRIOS UNIDOS,2020-07-01,5.93328530259366,9.933962264150944,12.1621387283237,18.291935483870965,78.14645161290322,1.1312903225806452,,205.21,6.619677419354839,0.8548387096774194,0.9301075268817204,0.9327956989247312,1.0,1.0,1.0,0.0,1.0,1000438.9545418106,1008112.973077683,-8.610382781348651,0.0004726459854939324,0.0005346998293958777
ENGATIVA,2020-07-01,6.20674318507891,11.143081312410844,10.596191819464034,18.291935483870965,78.14645161290322,1.1312903225806452,,205.21,6.619677419354839,0.9422043010752688,0.952956989247312,0.9368279569892471,1.0,1.0,1.0,0.0,1.0,996041.4771692234,1011602.8590215645,3.0109918413601697,0.00019684039179705248,0.00022268363033298808
FONTIBON,2020-07-01,,13.93497191011236,11.559142857142856,18.291935483870965,78.14645161290322,1.1312903225806452,,205.21,6.619677419354839,0.956989247311828,0.9408602150537636,0.375,1.0,1.0,1.0,0.0,1.0,993049.7034200324,1009066.0409648584,0.5811666093800039,0.00022723652436813262,0.0002570704809545294
KENNEDY,2020-07-01,16.473541963015645,16.820956399437414,13.584117647058823,18.291935483870965,78.14645161290322,1.1312903225806452,,205.21,6.619677419354839,0.9556451612903226,0.913978494623656,0.9448924731182796,1.0,1.0,1.0,0.0,1.0,991660.3857957564,1003776.4359295673,-9.407536567102088,0.0009512210846536185,0.0010761072077033033
PUENTE ARANDA,2020-07-01,12.916642958748222,14.450175438596492,6.201555869872702,18.291935483870965,78.14645161290322,1.1312903225806452,,205.21,6.619677419354839,0.7661290322580645,0.9502688172043012,0.9448924731182796,1.0,1.0,1.0,0.0,1.0,996219.2899711643,1002216.689767894,12.259291621599134,0.0013794993430151616,0.0015606142567594103
SAN CRISTOBAL,2020-07-01,4.166372980910426,,10.560623229461756,18.291935483870965,78.14645161290322,1.1312903225806452,,205.21,6.619677419354839,,0.9489247311827956,0.9153225806451613,1.0,1.0,1.0,0.0,1.0,1001269.0128432276,994752.74948143,-3.8414048747650957,0.00026662183635569226,0.0003016267032578751
SUBA,2020-07-01,7.130403904036827,8.605120910384068,10.707078961018233,15.570967741935483,82.87774193548387,1.1588709677419358,,240.54500000000002,7.759516129032258,0.9448924731182796,0.9516129032258065,0.9045698924731183,1.0,1.0,1.0,0.0,1.0,1000184.3919040437,1018467.8222482742,1.8996994176941193,8.326268688432733e-05,9.64907105264342e-05
TEUSAQUILLO,2020-07-01,6.376757532281205,,11.078285714285714,18.291935483870965,78.14645161290322,1.1312903225806452,,205.21,6.619677419354839,,0.9408602150537636,0.9368279569892471,1.0,1.0,1.0,0.0,1.0,999083.3876167,1004973.201652838,-3.3120196875178847,0.0005365660961517307,0.000607012032001329
TUNJUELITO,2020-07-01,14.95680922585984,8.178028676339796,,18.291935483870965,78.14645161290322,1.1312903225806452,,205.21,6.619677419354839,0.9240591397849462,0.6653225806451613,0.9381720430107527,1.0,1.0,1.0,0.0,1.0,993510.4897483994,997638.3325117284,,,
USAQUEN,2020-07-01,6.790070921985816,,11.262605752961084,18.291935483870965,78.14645161290322,1.1312903225806452,,205.21,6.619677419354839,,0.7943548387096774,0.9475806451612904,1.0,1.0,1.0,0.0,1.0,1005505.5080440022,1016114.784772832,-0.3224077500772857,8.467371512873912e-05,9.579055450209294e-05
BARRIOS UNIDOS,2020-08-01,8.267663817663816,10.403404255319147,,18.786129032258064,77.94483870967741,1.1151612903225807,,121.34,3.914193548387097,0.9475806451612904,0.521505376344086,0.9435483870967742,1.0,1.0,1.0,0.0,1.0,1000438.9545418106,1008112.973077683,,,
ENGATIVA,2020-08-01,8.640735502121641,11.565915492957746,11.557243319268636,18.786129032258064,77.94483870967741,1.1151612903225807,,121.34,3.914193548387097,0.9543010752688172,0.9556451612903226,0.9502688172043012,1.0,1.0,1.0,0.0,1.0,996041.4771692234,1011602.8590215645,0.48597464957819003,0.0008855502552079864,0.0009875313652432287
FONTIBON,2020-08-01,13.948433048433047,12.591845493562232,16.244921316165954,18.786129032258064,77.94483870967741,1.1151612903225807,,121.34,3.914193548387097,0.939516129032258,0.939516129032258,0.9435483870967742,1.0,1.0,1.0,0.0,1.0,993049.7034200324,1009066.0409648584,-13.342796409741037,0.000819050802983077,0.0009133737502943541
KENNEDY,2020-08-01,16.47157001414427,16.175386779184247,16.47918424753868,18.786129032258064,77.94483870967741,1.1151612903225807,,121.34,3.914193548387097,0.9556451612903226,0.9556451612903226,0.9502688172043012,1.0,1.0,1.0,0.0,1.0,991660.3857957564,1003776.4359295673,-10.34784024249522,0.0010709046669674948,0.001194231430227945
PUENTE ARANDA,2020-08-01,15.089526542324249,14.96237623762376,6.365606936416185,18.786129032258064,77.94483870967741,1.1151612903225807,,121.34,3.914193548387097,0.9502688172043012,0.9301075268817204,0.9368279569892471,1.0,1.0,1.0,0.0,1.0,996219.2899711643,1002216.689767894,11.103510346655817,0.0011740041530017456,0.001309203986105495
SAN CRISTOBAL,2020-08-01,5.68712011577424,,11.342194092827004,18.786129032258064,77.94483870967741,1.1151612903225807,,121.34,3.914193548387097,,0.9556451612903226,0.928763440860215,1.0,1.0,1.0,0.0,1.0,1001269.0128432276,994752.74948143,-8.963241277288315,0.0004668401554809324,0.0005206020701605108
SUBA,2020-08-01,8.799716696853611,8.577675840978593,12.766885780978003,16.105806451612903,82.11290322580645,1.0829032258064517,,135.495,4.3708064516129035,0.8790322580645161,0.9556451612903226,0.9495967741935484,1.0,1.0,1.0,0.0,1.0,1000184.3919040437,1018467.8222482742,-1.2096424617093664,0.00015086217697250821,0.00016336913809571294
TEUSAQUILLO,2020-08-01,7.771549295774648,,7.355539971949509,18.786129032258064,77.94483870967741,1.1151612903225807,,121.34,3.914193548387097,,0.9583333333333334,0.9543010752688172,1.0,1.0,1.0,0.0,1.0,999083.3876167,1004973.201652838,7.899448308683122,0.000734141569175296,0.0008186862595609672
TUNJUELITO,2020-08-01,17.338732394366197,4.471549295774648,,18.786129032258064,77.94483870967741,1.1151612903225807,,121.34,3.914193548387097,0.5087365591397849,0.696236559139785,0.9543010752688172,1.0,1.0,1.0,0.0,1.0,993510.4897483994,997638.3325117284,,,
USAQUEN,2020-08-01,9.40197461212976,,,18.786129032258064,77.94483870967741,1.1151612903225807,,121.34,3.914193548387097,,0.3844086021505376,0.952956989247312,1.0,1.0,1.0,0.0,1.0,1005505.5080440022,1016114.784772832,,,
BARRIOS UNIDOS,2020-09-01,10.250224215246636,14.25478645066274,12.95,18.94533333333333,76.04299999999999,1.134,,119.27,3.975666666666667,0.9430555555555556,0.9388888888888888,0.9291666666666668,1.0,1.0,1.0,0.0,1.0,1000438.9545418106,1008112.973077683,-11.865049490069786,0.0007994318066116942,0.0009065556686976611
ENGATIVA,2020-09-01,10.398104956268222,15.964212076583213,10.434110787172012,18.94533333333333,76.04299999999999,1.134,,119.27,3.975666666666667,0.9430555555555556,0.9527777777777776,0.9527777777777776,1.0,1.0,1.0,0.0,1.0,996041.4771692234,1011602.8590215645,7.131792596353868,0.0007717618015136847,0.0008751778829165183
FONTIBON,2020-09-01,16.853914327917284,16.54246376811594,16.811014492753625,18.94533333333333,76.04299999999999,1.134,,119.27,3.975666666666667,0.9583333333333334,0.9583333333333334,0.9402777777777778,1.0,1.0,1.0,0.0,1.0,993049.7034200324,1009066.0409648584,-12.200055354806938,0.0010550478005465628,0.0011964242058198021
KENNEDY,2020-09-01,18.303571428571427,19.423460410557183,19.125766871165645,18.94533333333333,76.04299999999999,1.134,,119.27,3.975666666666667,0.9472222222222222,0.9055555555555556,0.9333333333333332,1.0,1.0,1.0,0.0,1.0,991660.3857957564,1003776.4359295673,-19.95027935113967,0.0012513410412808472,0.0014190207408124806
PUENTE ARANDA,2020-09-01,19.753846153846155,19.54743024963289,7.877729257641922,18.94533333333333,76.04299999999999,1.134,,119.27,3.975666666666667,0.9458333333333332,0.9541666666666668,0.9388888888888888,1.0,1.0,1.0,0.0,1.0,996219.2899711643,1002216.689767894,16.90396707531788,0.0011494014694038573,0.001303421266303974
SAN CRISTOBAL,2020-09-01,6.595324283559577,,12.337246376811596,18.94533333333333,76.04299999999999,1.134,,119.27,3.975666666666667,,0.9583333333333334,0.9208333333333332,1.0,1.0,1.0,0.0,1.0,1001269.0128432276,994752.74948143,-7.722621895714867,0.00029796361127792134,0.0003378907351891628
SUBA,2020-09-01,11.07511278195489,11.030338733431517,12.688284178391864,16.24583333333333,80.5945,1.056,,142.87,4.762333333333334,0.9430555555555556,0.9479166666666667,0.9305555555555556,1.0,1.0,1.0,0.0,1.0,1000184.3919040437,1018467.8222482742,4.2230346870417375,0.0004582299517385112,0.00048389082903586785
TEUSAQUILLO,2020-09-01,9.237164179104475,,8.67311046511628,18.94533333333333,76.04299999999999,1.134,,119.27,3.975666666666667,,0.9555555555555556,0.9305555555555556,1.0,1.0,1.0,0.0,1.0,999083.3876167,1004973.201652838,11.619412355046709,0.0008556193015873022,0.0009702722880000006
TUNJUELITO,2020-09-01,11.342028985507246,5.005255474452555,12.73827751196172,18.94533333333333,76.04299999999999,1.134,,119.27,3.975666666666667,0.8173611111111111,0.8708333333333333,0.8006944444444445,1.0,1.0,1.0,0.0,1.0,993510.4897483994,997638.3325117284,1.1259099697340043,0.0006528309995612815,0.0007403103535024931
USAQUEN,2020-09-01,10.210526315789474,,18.90377643504532,18.94533333333333,76.04299999999999,1.134,,119.27,3.975666666666667,,0.9194444444444444,0.95,1.0,1.0,1.0,0.0,1.0,1005505.5080440022,1016114.784772832,-20.63893433957208,0.0008349170003063411,0.0009467958783473908
BARRIOS UNIDOS,2020-10-01,10.33487031700288,14.10394366197183,15.534045801526716,19.17096774193548,72.35612903225807,1.274516129032258,,60.73,1.959032258064516,0.9543010752688172,0.8803763440860215,0.9327956989247312,1.0,1.0,1.0,0.0,1.0,1000438.9545418106,1008112.973077683,-3.4900700161740286,0.0006352534508331605,0.0008096407691102636
ENGATIVA,2020-10-01,9.447875354107648,16.913661971830987,13.678340365682136,19.17096774193548,72.35612903225807,1.274516129032258,,60.73,1.959032258064516,0.7217741935483871,0.9556451612903226,0.7204301075268816,1.0,1.0,1.0,0.0,1.0,996041.4771692234,1011602.8590215645,11.698846037507906,0.0007505399890606525,0.0009565753215414961
FONTIBON,2020-10-01,17.105516265912307,16.58637640449438,18.529073033707867,19.17096774193548,72.35612903225807,1.274516129032258,,60.73,1.959032258064516,0.956989247311828,0.956989247311828,0.9502688172043012,1.0,1.0,1.0,0.0,1.0,993049.7034200324,1009066.0409648584,-3.0676057447637106,0.0005187352065071034,0.0006611363873901824
KENNEDY,2020-10-01,18.043661971830986,18.06332863187588,20.170524691358025,19.17096774193548,72.35612903225807,1.274516129032258,,60.73,1.959032258064516,0.952956989247312,0.8709677419354839,0.9543010752688172,1.0,1.0,1.0,0.0,1.0,991660.3857957564,1003776.4359295673,-14.482724564152965,0.0009293973086182996,0.0011845318601131942
PUENTE ARANDA,2020-10-01,18.587752161383285,19.111988716502115,10.762978723404254,19.17096774193548,72.35612903225807,1.274516129032258,,60.73,1.959032258064516,0.952956989247312,0.9475806451612904,0.9327956989247312,1.0,1.0,1.0,0.0,1.0,996219.2899711643,1002216.689767894,23.289134573273984,0.0016882459590585829,0.002151696704593697
SAN CRISTOBAL,2020-10-01,10.567402376910016,,15.3328190743338,19.17096774193548,72.35612903225807,1.274516129032258,,60.73,1.959032258064516,0.5631720430107527,0.9583333333333334,0.7916666666666666,1.0,1.0,1.0,0.0,1.0,1001269.0128432276,994752.74948143,0.1720675525315727,0.00033202782791781415,0.00042317482196880114
SUBA,2020-10-01,10.62061589188309,11.42470930232558,14.966160209781126,16.352096774193548,78.0666129032258,1.1324193548387096,,55.995,1.806290322580645,0.7331989247311828,0.9435483870967742,0.9422043010752688,1.0,1.0,1.0,0.0,1.0,1000184.3919040437,1018467.8222482742,6.171592420799183,0.0004666407788603848,0.0005284330497385099
TEUSAQUILLO,2020-10-01,9.68206599713056,,18.67074829931973,19.17096774193548,72.35612903225807,1.274516129032258,,60.73,1.959032258064516,,0.7903225806451613,0.9368279569892471,1.0,1.0,1.0,0.0,1.0,999083.3876167,1004973.201652838,-11.186147339320351,0.000975316388348269,0.0012430564678593582
TUNJUELITO,2020-10-01,20.119658950467276,11.038436261864005,16.73679775280899,19.17096774193548,72.35612903225807,1.274516129032258,,60.73,1.959032258064516,0.948252688172043,0.956989247311828,0.9543010752688172,1.0,1.0,1.0,0.0,1.0,993510.4897483994,997638.3325117284,-3.9440707693308887,0.0006093952530744217,0.0007766840789990451
USAQUEN,2020-10-01,7.9871387283237,,21.85768688293371,19.17096774193548,72.35612903225807,1.274516129032258,,60.73,1.959032258064516,0.571236559139785,0.952956989247312,0.9301075268817204,1.0,1.0,1.0,0.0,1.0,1005505.5080440022,1016114.784772832,-21.39451427181115,0.0008774356689090369,0.0011183059122127756
BARRIOS UNIDOS,2020-11-01,17.50541727672035,18.59384164222874,11.12606149341142,18.61133333333333,81.52933333333334,0.8076666666666666,,71.11,2.3703333333333334,0.9472222222222222,0.9486111111111112,0.9486111111111112,1.0,1.0,1.0,0.0,1.0,1000438.9545418106,1008112.973077683,-3.9492746150683304,0.00028204766921084115,0.0002278005008326227
ENGATIVA,2020-11-01,16.312273966855464,19.532837330828755,10.643168604651162,18.61133333333333,81.52933333333334,0.8076666666666666,,71.11,2.3703333333333334,0.88125,0.9555555555555556,0.9104166666666667,1.0,1.0,1.0,0.0,1.0,996041.4771692234,1011602.8590215645,8.057260515993153,0.0010085057046325767,0.0008145364407749111
FONTIBON,2020-11-01,20.59190404797601,17.179259259259258,18.217536231884058,18.61133333333333,81.52933333333334,0.8076666666666666,,71.11,2.3703333333333334,0.9375,0.9583333333333334,0.9263888888888888,1.0,1.0,1.0,0.0,1.0,993049.7034200324,1009066.0409648584,-8.127763917425991,0.0010160916472580842,0.0008206633537687793
KENNEDY,2020-11-01,23.7014598540146,18.027007299270075,17.664139941690962,18.61133333333333,81.52933333333334,0.8076666666666666,,71.11,2.3703333333333334,0.9513888888888888,0.9527777777777776,0.9513888888888888,1.0,1.0,1.0,0.0,1.0,991660.3857957564,1003776.4359295673,-17.08484943471414,0.0011227578319340176,0.0009068140755920416
PUENTE ARANDA,2020-11-01,27.829428989751097,23.55423976608187,7.659679767103348,18.61133333333333,81.52933333333334,0.8076666666666666,,71.11,2.3703333333333334,0.95,0.9541666666666668,0.9486111111111112,1.0,1.0,1.0,0.0,1.0,996219.2899711643,1002216.689767894,12.375134798855605,0.0012609856100978276,0.0010184560444223454
SAN CRISTOBAL,2020-11-01,17.059084194977842,18.37481590574374,8.413828238719068,18.61133333333333,81.52933333333334,0.8076666666666666,,71.11,2.3703333333333334,0.9430555555555556,0.9541666666666668,0.9402777777777778,1.0,1.0,1.0,0.0,1.0,1001269.0128432276,994752.74948143,0.8623776810365511,0.0001394856622620859,0.00011265791988701137
SUBA,2020-11-01,15.6628369519614,12.549045521292216,12.008224163027657,16.488833333333332,84.29916666666668,0.6458333333333333,,60.455,2.0151666666666666,0.84375,0.9541666666666668,0.9395833333333332,1.0,1.0,1.0,0.0,1.0,1000184.3919040437,1018467.8222482742,-1.3469255040894055,0.00013671680250908902,8.829626828711999e-05
TEUSAQUILLO,2020-11-01,17.16442166910688,,,18.61133333333333,81.52933333333334,0.8076666666666666,,71.11,2.3703333333333334,,0.6791666666666667,0.9486111111111112,1.0,1.0,1.0,0.0,1.0,999083.3876167,1004973.201652838,,,
TUNJUELITO,2020-11-01,26.061518424883168,13.26086175333921,10.03035439137134,18.61133333333333,81.52933333333334,0.8076666666666666,,71.11,2.3703333333333334,0.9541666666666666,0.9013888888888888,0.9520833333333334,1.0,1.0,1.0,0.0,1.0,993510.4897483994,997638.3325117284,3.6465847733993586,0.0006105618520391073,0.0004931304558302523
USAQUEN,2020-11-01,13.164814814814816,16.8636496350365,12.908516886930984,18.61133333333333,81.52933333333334,0.8076666666666666,,71.11,2.3703333333333334,0.9513888888888888,0.9458333333333332,0.9,1.0,1.0,1.0,0.0,1.0,1005505.5080440022,1016114.784772832,-4.948096399702713,0.00018633544901084674,0.0001504969309844272
BARRIOS UNIDOS,2020-12-01,14.112998522895126,17.019590643274853,12.225693430656936,19.31935483870968,74.79225806451613,0.8703225806451613,,113.99,3.677096774193549,0.9193548387096774,0.9206989247311828,0.9099462365591398,1.0,1.0,1.0,0.0,1.0,1000438.9545418106,1008112.973077683,-4.634486672666986,0.00032683107284848454,0.00028444846275651976
ENGATIVA,2020-12-01,15.631635172773269,18.5175,11.865588235294116,19.31935483870968,74.79225806451613,0.8703225806451613,,113.99,3.677096774193549,0.808467741935484,0.913978494623656,0.8286290322580645,1.0,1.0,1.0,0.0,1.0,996041.4771692234,1011602.8590215645,7.1532978018684155,0.0008979941961528089,0.0007815446262000898
FONTIBON,2020-12-01,21.070424597364568,18.91654571843251,18.65878084179971,19.31935483870968,74.79225806451613,0.8703225806451613,,113.99,3.677096774193549,0.9260752688172044,0.9260752688172044,0.918010752688172,1.0,1.0,1.0,0.0,1.0,993049.7034200324,1009066.0409648584,-3.8610377757906846,0.0011339919236174958,0.0009869387773935496
KENNEDY,2020-12-01,25.46696035242291,18.723364485981307,21.59093567251462,19.31935483870968,74.79225806451613,0.8703225806451613,,113.99,3.677096774193549,0.8629032258064516,0.9193548387096774,0.9153225806451613,1.0,1.0,1.0,0.0,1.0,991660.3857957564,1003776.4359295673,-25.403065099584367,0.001581486902389898,0.0013764037621444983
PUENTE ARANDA,2020-12-01,26.21348973607038,,7.95131195335277,19.31935483870968,74.79225806451613,0.8703225806451613,,113.99,3.677096774193549,0.7083333333333334,0.922043010752688,0.9166666666666666,1.0,1.0,1.0,0.0,1.0,996219.2899711643,1002216.689767894,18.447960888616098,0.0018673246287346725,0.0016251747897826278
SAN CRISTOBAL,2020-12-01,12.564963503649636,14.63536231884058,12.298318042813456,19.31935483870968,74.79225806451613,0.8703225806451613,,113.99,3.677096774193549,0.9274193548387096,0.8790322580645161,0.9206989247311828,1.0,1.0,1.0,0.0,1.0,1001269.0128432276,994752.74948143,-3.8856750094671266,0.00026905343658094745,0.00023416328125657943
SUBA,2020-12-01,14.432321544602246,8.741903171953254,12.445847851335657,16.75790322580645,80.2425806451613,0.802258064516129,,100.69999999999999,3.2483870967741937,0.771505376344086,0.8333333333333333,0.8279569892473118,1.0,1.0,1.0,0.0,1.0,1000184.3919040437,1018467.8222482742,2.7263727553210853,0.0002332634989977686,0.00018713752322820984
TEUSAQUILLO,2020-12-01,13.86360856269113,,,19.31935483870968,74.79225806451613,0.8703225806451613,,113.99,3.677096774193549,,0.6612903225806451,0.8790322580645161,1.0,1.0,1.0,0.0,1.0,999083.3876167,1004973.201652838,,,
TUNJUELITO,2020-12-01,25.85714285714286,11.069474637681159,12.759649122807016,19.31935483870968,74.79225806451613,0.8703225806451613,,113.99,3.677096774193549,0.9153225806451613,0.842741935483871,0.9032258064516128,1.0,1.0,1.0,0.0,1.0,993510.4897483994,997638.3325117284,3.5616183002598003,0.0007790529984881088,0.0006780274161035219
USAQUEN,2020-12-01,7.656568778979907,10.561280931586609,15.972634643377004,19.31935483870968,74.79225806451613,0.8703225806451613,,113.99,3.677096774193549,0.9233870967741936,0.9233870967741936,0.8696236559139785,1.0,1.0,1.0,0.0,1.0,1005505.5080440022,1016114.784772832,-11.380774412844305,0.000464505673522134,0.00040426977650410246
BARRIOS UNIDOS,2021-01-01,13.493515850144092,13.118945868945868,14.209738372093025,18.83806451612904,73.38612903225807,1.0696774193548386,,105.14,3.3916129032258064,0.9435483870967742,0.9247311827956988,0.9327956989247312,1.0,1.0,1.0,0.0,1.0,1000438.9545418106,1008112.973077683,0.18978199791942174,0.0009404849715330235,0.0010060155372914534
ENGATIVA,2021-01-01,16.201449401988196,17.663702553485162,13.570622286541244,18.83806451612904,73.38612903225807,1.0696774193548386,,105.14,3.3916129032258064,0.8870967741935484,0.928763440860215,0.8655913978494624,1.0,1.0,1.0,0.0,1.0,996041.4771692234,1011602.8590215645,11.744645040971509,0.0006989910198884928,0.0007476949103065296
FONTIBON,2021-01-01,18.7778603268945,,17.479357798165136,18.83806451612904,73.38612903225807,1.0696774193548386,,105.14,3.3916129032258064,0.2163978494623656,0.8790322580645161,0.9045698924731184,1.0,1.0,1.0,0.0,1.0,993049.7034200324,1009066.0409648584,3.3116025534174014,0.0007221600316870235,0.0007724782790561837
KENNEDY,2021-01-01,22.07692307692308,18.709014084507043,21.411637931034484,18.83806451612904,73.38612903225807,1.0696774193548386,,105.14,3.3916129032258064,0.9543010752688172,0.935483870967742,0.9435483870967742,1.0,1.0,1.0,0.0,1.0,991660.3857957564,1003776.4359295673,-23.388922740314776,0.0014735336992507241,0.0015762057247469036
PUENTE ARANDA,2021-01-01,22.123850574712645,17.94732394366197,8.48095909732017,18.83806451612904,73.38612903225807,1.0696774193548386,,105.14,3.3916129032258064,0.9543010752688172,0.952956989247312,0.935483870967742,1.0,1.0,1.0,0.0,1.0,996219.2899711643,1002216.689767894,31.621850526714425,0.0023261531129133255,0.0024882334588453505
SAN CRISTOBAL,2021-01-01,10.833570412517782,13.398286604361372,15.676544943820224,18.83806451612904,73.38612903225807,1.0696774193548386,,105.14,3.3916129032258064,0.8629032258064516,0.956989247311828,0.9448924731182796,1.0,1.0,1.0,0.0,1.0,1001269.0128432276,994752.74948143,-2.8955858465000475,0.0004603697941160791,0.0004924471733190059
SUBA,2021-01-01,13.708853768953855,11.008709677419354,14.28238993710692,16.999677419354843,77.15193548387097,1.0325806451612902,,100.72333333333334,3.249139784946237,0.6200716845878137,0.7963709677419355,0.7087813620071685,1.0,1.0,1.0,0.0,1.0,1000184.3919040437,1018467.8222482742,0.9375755715002114,0.00013058391730692547,0.00013483842558047367
TEUSAQUILLO,2021-01-01,12.148710601719197,,20.76741573033708,18.83806451612904,73.38612903225807,1.0696774193548386,,105.14,3.3916129032258064,,0.8373655913978495,0.9381720430107529,1.0,1.0,1.0,0.0,1.0,999083.3876167,1004973.201652838,-22.132191923432913,0.0018197811783945052,0.0019465788346955417
TUNJUELITO,2021-01-01,14.544034090909092,15.215655853314528,14.885674157303372,18.83806451612904,73.38612903225807,1.0696774193548386,,105.14,3.3916129032258064,0.952956989247312,0.956989247311828,0.8454301075268817,1.0,1.0,1.0,0.0,1.0,993510.4897483994,997638.3325117284,0.9121195002647617,0.000772487461280937,0.0008263123940669636
USAQUEN,2021-01-01,7.496084337349397,9.64858757062147,16.004384724186703,18.83806451612904,73.38612903225807,1.0696774193548386,,105.14,3.3916129032258064,0.9516129032258064,0.9502688172043012,0.8924731182795699,1.0,1.0,1.0,0.0,1.0,1005505.5080440022,1016114.784772832,-5.950403576818921,0.00023919568810293175,0.0002558622263707489
BARRIOS UNIDOS,2021-02-01,14.644918032786885,13.92780487804878,13.082026143790848,19.62071428571429,74.44678571428572,1.0442857142857145,,98.38,3.5135714285714283,0.9151785714285714,0.9107142857142856,0.9077380952380952,1.0,1.0,1.0,0.0,1.0,1000438.9545418106,1008112.973077683,-3.3418187400935118,0.0003572962402390649,0.00037311935944965216
ENGATIVA,2021-02-01,16.40124700365293,17.744904292266497,14.01846635367762,19.62071428571429,74.44678571428572,1.0442857142857145,,98.38,3.5135714285714283,0.9144345238095237,0.9508928571428572,0.9427083333333333,1.0,1.0,1.0,0.0,1.0,996041.4771692234,1011602.8590215645,-1.140801967684835,9.741055655560206e-05,0.00010172445263163588
FONTIBON,2021-02-01,19.87007874015748,,,19.62071428571429,74.44678571428572,1.0442857142857145,,98.38,3.5135714285714283,0.6220238095238095,0.6651785714285714,0.9449404761904762,1.0,1.0,1.0,0.0,1.0,993049.7034200324,1009066.0409648584,,,
KENNEDY,2021-02-01,24.52280701754385,19.522115384615383,21.708038585209003,19.62071428571429,74.44678571428572,1.0442857142857145,,98.38,3.5135714285714283,0.9285714285714286,0.925595238095238,0.9330357142857144,1.0,1.0,1.0,0.0,1.0,991660.3857957564,1003776.4359295673,-21.314022768918726,0.0020138475730417226,0.002103032251276428
PUENTE ARANDA,2021-02-01,24.403935599284434,21.504973357015984,8.071688741721855,19.62071428571429,74.44678571428572,1.0442857142857145,,98.38,3.5135714285714283,0.8377976190476191,0.8988095238095238,0.8318452380952381,1.0,1.0,1.0,0.0,1.0,996219.2899711643,1002216.689767894,25.337442615700418,0.0017982697104395016,0.0018779073690446799
SAN CRISTOBAL,2021-02-01,14.87912087912088,14.44587869362364,14.260403726708075,19.62071428571429,74.44678571428572,1.0442857142857145,,98.38,3.5135714285714283,0.956845238095238,0.9583333333333334,0.9479166666666666,1.0,1.0,1.0,0.0,1.0,1001269.0128432276,994752.74948143,-6.865052182745389,0.0002524121929707414,0.0002635904472308743
SUBA,2021-02-01,15.723123034591195,11.539279431478962,13.227888827048492,17.765000000000004,78.28178571428572,0.9721428571428573,,97.60000000000001,3.4857142857142858,0.8621031746031745,0.9419642857142857,0.8650793650793651,1.0,1.0,1.0,0.0,1.0,1000184.3919040437,1018467.8222482742,2.9000811023949815,0.0001667740609222405,0.00016212821208226382
TEUSAQUILLO,2021-02-01,15.862677165354327,,13.814104595879558,19.62071428571429,74.44678571428572,1.0442857142857145,,98.38,3.5135714285714283,,0.9389880952380952,0.9449404761904762,1.0,1.0,1.0,0.0,1.0,999083.3876167,1004973.201652838,-6.474494306246411,0.0008293305426878318,0.0008660580381497217
TUNJUELITO,2021-02-01,27.019713261648747,,14.030365659777424,19.62071428571429,74.44678571428572,1.0442857142857145,,98.38,3.5135714285714283,0.3616071428571428,0.9360119047619048,0.9300595238095237,1.0,1.0,1.0,0.0,1.0,993510.4897483994,997638.3325117284,1.9490340743066632,0.000781837769197366,0.000816462013261821
USAQUEN,2021-02-01,8.627526132404181,,15.483255086071988,19.62071428571429,74.44678571428572,1.0442857142857145,,98.38,3.5135714285714283,0.7366071428571429,0.9508928571428572,0.8541666666666666,1.0,1.0,1.0,0.0,1.0,1005505.5080440022,1016114.784772832,-6.121383933699004,0.0002602959234848089,0.00027182331438199334
BARRIOS UNIDOS,2021-03-01,16.124881141045957,16.9851904090268,12.660028248587569,18.69483870967742,79.48903225806451,0.9319354838709678,,132.12,4.261935483870968,0.952956989247312,0.9516129032258064,0.8481182795698925,1.0,1.0,1.0,0.0,1.0,1000438.9545418106,1008112.973077683,-2.4449286529930214,0.0004424074503216368,0.0004122952012836158
ENGATIVA,2021-03-01,17.427263610315187,20.555887921204345,14.364073550212163,18.69483870967742,79.48903225806451,0.9319354838709678,,132.12,4.261935483870968,0.9536290322580645,0.9502688172043012,0.946236559139785,1.0,1.0,1.0,0.0,1.0,996041.4771692234,1011602.8590215645,-1.0592004474264414,0.0002415598070131794,0.00022511815563260493
FONTIBON,2021-03-01,21.42385185185185,17.371742313323573,15.663836017569546,20.80209677419355,77.71564516129033,0.915483870967742,,133.64,4.310967741935484,0.918010752688172,0.918010752688172,0.5504032258064516,1.0,1.0,1.0,0.0,1.0,993049.7034200324,1009066.0409648584,0.7518513046863298,0.0004440010142737583,0.0004064757672609439
KENNEDY,2021-03-01,25.095778748180493,21.6704802259887,19.67012987012987,18.69483870967742,79.48903225806451,0.9319354838709678,,132.12,4.261935483870968,0.9516129032258064,0.9314516129032258,0.9233870967741936,1.0,1.0,1.0,0.0,1.0,991660.3857957564,1003776.4359295673,-22.121387550695758,0.0013958751091148892,0.0013008655452364242
PUENTE ARANDA,2021-03-01,27.19553158705701,23.301679389312977,7.461926605504588,18.69483870967742,79.48903225806451,0.9319354838709678,,132.12,4.261935483870968,0.8803763440860215,0.8790322580645161,0.8723118279569892,1.0,1.0,1.0,0.0,1.0,996219.2899711643,1002216.689767894,24.756745427288763,0.0017632714266368002,0.0016432552101786181
SAN CRISTOBAL,2021-03-01,16.152974504249293,16.94098591549296,13.17830985915493,18.69483870967742,79.48903225806451,0.9319354838709678,,132.12,4.261935483870968,0.9543010752688172,0.9543010752688172,0.9489247311827956,1.0,1.0,1.0,0.0,1.0,1001269.0128432276,994752.74948143,-4.60060759828755,0.0002519285138802453,0.00023478112148388026
SUBA,2021-03-01,16.463987768148527,11.951807228915662,13.711433372296902,17.08451612903226,81.76677419354839,0.8765591397849463,,124.16333333333334,4.005268817204302,0.7558243727598567,0.9435483870967742,0.8561827956989246,1.0,1.0,1.0,0.0,1.0,1000184.3919040437,1018467.8222482742,1.2232780767588114,0.0001538970206372243,0.00013489984002523146
TEUSAQUILLO,2021-03-01,16.084861717612807,,13.709155937052934,18.69483870967742,79.48903225806451,0.9319354838709678,,132.12,4.261935483870968,,0.939516129032258,0.9233870967741936,1.0,1.0,1.0,0.0,1.0,999083.3876167,1004973.201652838,-5.341676939497099,0.0007154873722256676,0.0006667880704386948
TUNJUELITO,2021-03-01,31.35020542463669,,13.76323943661972,18.69483870967742,79.48903225806451,0.9319354838709678,,132.12,4.261935483870968,0.4099462365591398,0.9543010752688172,0.95497311827957,1.0,1.0,1.0,0.0,1.0,993510.4897483994,997638.3325117284,-0.9793519750697728,0.0007255265210521742,0.0006761439094579778
USAQUEN,2021-03-01,,12.529394812680115,15.333476394849786,18.69483870967742,79.48903225806451,0.9319354838709678,,132.12,4.261935483870968,0.9327956989247312,0.939516129032258,,1.0,1.0,1.0,0.0,1.0,1005505.5080440022,1016114.784772832,-5.264894013452723,0.00021784278787188003,0.0002030154239231811
BARRIOS UNIDOS,2021-04-01,10.206607929515418,11.887554904831624,12.646041055718475,19.200333333333333,79.31633333333333,0.9443333333333334,,176.72,5.890666666666666,0.9486111111111112,0.9472222222222222,0.9458333333333332,1.0,1.0,1.0,0.0,1.0,1000438.9545418106,1008112.973077683,-2.099218688949443,0.0004547474828802796,0.00042943320633327735
ENGATIVA,2021-04-01,11.326562257413443,16.06710508878876,14.999852071005916,19.200333333333333,79.31633333333333,0.9443333333333334,,176.72,5.890666666666666,0.9041666666666666,0.9388888888888888,0.9458333333333333,1.0,1.0,1.0,0.0,1.0,996041.4771692234,1011602.8590215645,-4.869074805158888,0.00029124070742249717,0.00027502830804264486
FONTIBON,2021-04-01,14.203958944281526,12.92925045703839,14.06965265082267,20.902833333333334,79.28016666666667,1.1191666666666666,,191.43,6.381,0.7597222222222222,0.7597222222222222,0.8354166666666667,1.0,1.0,1.0,0.0,1.0,993049.7034200324,1009066.0409648584,0.27533447067829186,0.00016348166499541747,0.00018296323007403804
KENNEDY,2021-04-01,19.619823788546256,17.520262390670553,,19.200333333333333,79.31633333333333,0.9443333333333334,,176.72,5.890666666666666,0.9527777777777776,0.6722222222222223,0.9458333333333332,1.0,1.0,1.0,0.0,1.0,991660.3857957564,1003776.4359295673,,,
PUENTE ARANDA,2021-04-01,18.933977455716587,16.671723122238586,7.424264705882352,19.200333333333333,79.31633333333333,0.9443333333333334,,176.72,5.890666666666666,0.9430555555555556,0.9444444444444444,0.8625,1.0,1.0,1.0,0.0,1.0,996219.2899711643,1002216.689767894,12.327495091966286,0.0013491224612478146,0.0012740213109050196
SAN CRISTOBAL,2021-04-01,8.698529411764707,9.719420289855073,13.839130434782607,19.200333333333333,79.31633333333333,0.9443333333333334,,176.72,5.890666666666666,0.9583333333333334,0.9583333333333334,0.9444444444444444,1.0,1.0,1.0,0.0,1.0,1001269.0128432276,994752.74948143,-6.917102094734481,0.0002539504072186598,0.00023981383455015442
SUBA,2021-04-01,11.010338918713735,8.267603406326035,13.421884919950314,17.53011111111111,81.69455555555555,0.9633333333333334,,166.69333333333333,5.556444444444445,0.7314814814814815,0.9458333333333334,0.7509259259259259,1.0,1.0,1.0,0.0,1.0,1000184.3919040437,1018467.8222482742,6.098459941217476,0.00039400385152869665,0.0003795570436393111
TEUSAQUILLO,2021-04-01,9.863676470588237,,13.414787701317715,19.200333333333333,79.31633333333333,0.9443333333333334,,176.72,5.890666666666666,,0.9486111111111112,0.9444444444444444,1.0,1.0,1.0,0.0,1.0,999083.3876167,1004973.201652838,-6.104404691529649,0.0006072061254625845,0.0005734049844785007
TUNJUELITO,2021-04-01,9.270967741935484,11.67985401459854,13.761236802413274,19.200333333333333,79.31633333333333,0.9443333333333334,,176.72,5.890666666666666,0.9513888888888888,0.9208333333333332,0.6659722222222222,1.0,1.0,1.0,0.0,1.0,993510.4897483994,997638.3325117284,-6.259078464161589,0.0006003213434152759,0.0005669034552984923
USAQUEN,2021-04-01,,6.75932944606414,18.718221574344025,19.200333333333333,79.31633333333333,0.9443333333333334,,176.72,5.890666666666666,0.9527777777777776,0.9527777777777776,,1.0,1.0,1.0,0.0,1.0,1005505.5080440022,1016114.784772832,-15.086886676357368,0.0006353668105673761,0.0005999980581124589
BARRIOS UNIDOS,2021-05-01,8.312765957446809,10.2375533428165,10.133898305084744,19.156774193548387,78.49290322580646,1.1796774193548387,,53.85,1.7370967741935484,0.9448924731182796,0.9516129032258064,0.9475806451612904,1.0,1.0,1.0,0.0,1.0,1000438.9545418106,1008112.973077683,-4.733881595460713,0.00027341299472578845,0.00032253913603619625
ENGATIVA,2021-05-01,8.045852340077662,14.045549981419548,9.806789250353606,19.156774193548387,78.49290322580646,1.1796774193548387,,53.85,1.7370967741935484,0.8891129032258065,0.9502688172043012,0.9401881720430108,1.0,1.0,1.0,0.0,1.0,996041.4771692234,1011602.8590215645,1.0125404550140225,7.611786735593973e-05,8.97945293292489e-05
FONTIBON,2021-05-01,12.296,,,20.941129032258065,77.95629032258066,1.3043548387096773,,77.845,2.5111290322580646,0.6384408602150538,0.6397849462365591,0.7190860215053764,1.0,1.0,1.0,0.0,1.0,993049.7034200324,1009066.0409648584,,,
KENNEDY,2021-05-01,14.54644012944984,16.324473257698543,13.524306688417616,19.156774193548387,78.49290322580646,1.1796774193548387,,53.85,1.7370967741935484,0.8293010752688172,0.8239247311827957,0.8306451612903226,1.0,1.0,1.0,0.0,1.0,991660.3857957564,1003776.4359295673,-12.029880479893588,0.0011484704573696864,0.0013548246653551429
PUENTE ARANDA,2021-05-01,16.8084375,14.103267045454546,5.368803418803419,19.156774193548387,78.49290322580646,1.1796774193548387,,53.85,1.7370967741935484,0.946236559139785,0.9435483870967742,0.8602150537634409,1.0,1.0,1.0,0.0,1.0,996219.2899711643,1002216.689767894,17.560046560782077,0.0012620817666837269,0.0014888493615362547
SAN CRISTOBAL,2021-05-01,6.964438122332859,11.144880785413743,9.540084388185656,19.156774193548387,78.49290322580646,1.1796774193548387,,53.85,1.7370967741935484,0.9583333333333334,0.9556451612903226,0.9448924731182796,1.0,1.0,1.0,0.0,1.0,1001269.0128432276,994752.74948143,-3.1092996169788334,0.00018908192149554135,0.00022305567319651443
SUBA,2021-05-01,8.602502649532353,8.263161544930862,9.612450759342767,17.497311827956988,81.02559139784947,1.1595698924731181,,36.626666666666665,1.181505376344086,0.9117383512544803,0.8118279569892474,0.8046594982078853,1.0,1.0,1.0,0.0,1.0,1000184.3919040437,1018467.8222482742,4.4929364170111885,0.00024125973605601967,0.0002797575261965716
TEUSAQUILLO,2021-05-01,9.324737631184409,,10.492220650636492,19.156774193548387,78.49290322580646,1.1796774193548387,,53.85,1.7370967741935484,,0.9502688172043012,0.896505376344086,1.0,1.0,1.0,0.0,1.0,999083.3876167,1004973.201652838,-5.481739577384821,0.0006968267430446718,0.0008220307739723757
TUNJUELITO,2021-05-01,17.10273492286115,11.122475106685634,9.649929478138224,19.156774193548387,78.49290322580646,1.1796774193548387,,53.85,1.7370967741935484,0.9448924731182796,0.952956989247312,0.9563172043010753,1.0,1.0,1.0,0.0,1.0,993510.4897483994,997638.3325117284,-0.5165939390079819,0.0004741290860303131,0.0005593193766493081
USAQUEN,2021-05-01,,7.429320113314448,13.38960113960114,19.156774193548387,78.49290322580646,1.1796774193548387,,53.85,1.7370967741935484,0.9489247311827956,0.9435483870967742,,1.0,1.0,1.0,0.0,1.0,1005505.5080440022,1016114.784772832,-10.615665104022304,0.0004448932382700092,0.0005248305072107818
BARRIOS UNIDOS,2021-06-01,8.479017857142857,12.363450292397662,9.027086383601755,18.355666666666664,79.12733333333334,1.1006666666666665,,196.89,6.563,0.95,0.9486111111111112,0.9333333333333332,1.0,1.0,1.0,0.0,1.0,1000438.9545418106,1008112.973077683,-2.6437119647466476,0.0003588905790202686,0.0003950188973083089
ENGATIVA,2021-06-01,11.029852777124132,16.285425480874082,9.57267441860465,18.355666666666664,79.12733333333334,1.1006666666666665,,196.89,6.563,0.8937499999999999,0.9555555555555556,0.9409722222222221,1.0,1.0,1.0,0.0,1.0,996041.4771692234,1011602.8590215645,3.248861205036375,0.0003270176350197126,0.00035993741027836364
FONTIBON,2021-06-01,12.814032496307238,14.546355685131196,12.65872093023256,19.922666666666665,80.156,1.2965,,200.82,6.694,0.5881944444444444,0.9555555555555556,0.83125,1.0,1.0,1.0,0.0,1.0,993049.7034200324,1009066.0409648584,-5.463690294844458,0.0005564319981140992,0.0007214140855549297
KENNEDY,2021-06-01,,18.06495867768595,,18.355666666666664,79.12733333333334,1.1006666666666665,,196.89,6.563,0.8402777777777778,0.7041666666666667,0.6958333333333333,1.0,1.0,1.0,0.0,1.0,991660.3857957564,1003776.4359295673,,,
PUENTE ARANDA,2021-06-01,18.143178410794604,13.575581395348838,4.583795620437956,18.355666666666664,79.12733333333334,1.1006666666666665,,196.89,6.563,0.9555555555555556,0.9513888888888888,0.9263888888888888,1.0,1.0,1.0,0.0,1.0,996219.2899711643,1002216.689767894,10.332053157602088,0.0011522466741889408,0.001268239506057294
SAN CRISTOBAL,2021-06-01,7.779863481228669,11.030377906976744,9.450218340611354,18.355666666666664,79.12733333333334,1.1006666666666665,,196.89,6.563,0.9555555555555556,0.9541666666666668,0.8138888888888889,1.0,1.0,1.0,0.0,1.0,1001269.0128432276,994752.74948143,-4.267215002918104,0.00021583160646308511,0.00023755865484703564
SUBA,2021-06-01,8.33395923112573,11.278294304723559,7.544937621832358,16.740444444444442,81.12055555555555,1.1427777777777777,,157.27333333333334,5.242444444444445,0.8888888888888888,0.8930555555555556,0.8888888888888888,1.0,1.0,1.0,0.0,1.0,1000184.3919040437,1018467.8222482742,9.13566535984257,0.00045430594174164057,0.0005191707345347526
TEUSAQUILLO,2021-06-01,8.971322436849926,11.05204081632653,10.281077147016012,18.355666666666664,79.12733333333334,1.1006666666666665,,196.89,6.563,0.9527777777777776,0.9541666666666668,0.9347222222222222,1.0,1.0,1.0,0.0,1.0,999083.3876167,1004973.201652838,-4.573628506775763,0.000708676658053972,0.0007800167749647383
TUNJUELITO,2021-06-01,29.903790087463555,10.008680555555555,9.21856725146199,18.355666666666664,79.12733333333334,1.1006666666666665,,196.89,6.563,0.8,0.95,0.7770833333333332,1.0,1.0,1.0,0.0,1.0,993510.4897483994,997638.3325117284,-4.403120541874668,0.0004496177417183518,0.0004948792610513325
USAQUEN,2021-06-01,,7.532944606413995,13.170717423133237,18.355666666666664,79.12733333333334,1.1006666666666665,,196.89,6.563,0.9527777777777776,0.9486111111111112,,1.0,1.0,1.0,0.0,1.0,1005505.5080440022,1016114.784772832,-13.367453845360947,0.0005825397443008007,0.0006411820785604145
BARRIOS UNIDOS,2021-07-01,5.877464788732395,9.043767705382436,11.381161473087818,18.631612903225808,75.01322580645162,1.6390322580645162,,57.61,1.8583870967741936,0.9489247311827956,0.9489247311827956,0.9543010752688172,1.0,1.0,1.0,0.0,1.0,1000438.9545418106,1008112.973077683,-3.8262782896926293,0.0003701792683564861,0.000606735762103002
ENGATIVA,2021-07-01,7.162446854384035,13.502984756422556,12.547398843930637,18.631612903225808,75.01322580645162,1.6390322580645162,,57.61,1.8583870967741936,0.9032258064516129,0.9301075268817204,0.9469086021505377,1.0,1.0,1.0,0.0,1.0,996041.4771692234,1011602.8590215645,-2.8735072656833385,0.0001880735456387287,0.00030825860819044533
FONTIBON,2021-07-01,12.712418498028384,15.897628825382538,11.508513708513709,20.30483870967742,74.79322580645162,1.7764516129032262,,59.14,1.907741935483871,0.9482526881720431,0.9314516129032258,0.821236559139785,1.0,1.0,1.0,0.0,1.0,993049.7034200324,1009066.0409648584,1.4093855114102638,0.00015783430061243588,0.0002803849978944144
KENNEDY,2021-07-01,10.61890694239291,16.456592592592592,,18.631612903225808,75.01322580645162,1.6390322580645162,,57.61,1.8583870967741936,0.907258064516129,0.6612903225806451,0.9099462365591398,1.0,1.0,1.0,0.0,1.0,991660.3857957564,1003776.4359295673,,,
PUENTE ARANDA,2021-07-01,12.760148148148147,12.654651162790698,5.890793201133144,18.631612903225808,75.01322580645162,1.6390322580645162,,57.61,1.8583870967741936,0.9247311827956988,0.9489247311827956,0.907258064516129,1.0,1.0,1.0,0.0,1.0,996219.2899711643,1002216.689767894,10.695715842012508,0.0011956772224398181,0.001959753537811844
SAN CRISTOBAL,2021-07-01,4.3201133144475925,8.666151685393258,11.213521126760565,18.631612903225808,75.01322580645162,1.6390322580645162,,57.61,1.8583870967741936,0.956989247311828,0.9543010752688172,0.9489247311827956,1.0,1.0,1.0,0.0,1.0,1001269.0128432276,994752.74948143,-5.272467934869754,0.00024288215837765237,0.000398091692489307
SUBA,2021-07-01,5.152718976682095,13.082858741242694,8.466012908833378,16.96172043010753,77.61086021505376,1.6253763440860218,,43.406666666666666,1.400215053763441,0.9453405017921147,0.9480286738351253,0.9363799283154123,1.0,1.0,1.0,0.0,1.0,1000184.3919040437,1018467.8222482742,14.5194734318781,0.000694487984081798,0.001128804340578544
TEUSAQUILLO,2021-07-01,6.538928067700988,8.568688293370945,11.879014084507045,18.631612903225808,75.01322580645162,1.6390322580645162,,57.61,1.8583870967741936,0.952956989247312,0.9543010752688172,0.952956989247312,1.0,1.0,1.0,0.0,1.0,999083.3876167,1004973.201652838,-6.8565738707864625,0.0005676084364443823,0.0009303285372819054
TUNJUELITO,2021-07-01,16.181750013271756,11.888418079096043,10.598288159771752,18.631612903225808,75.01322580645162,1.6390322580645162,,57.61,1.8583870967741936,0.9516129032258064,0.9422043010752688,0.9045698924731183,1.0,1.0,1.0,0.0,1.0,993510.4897483994,997638.3325117284,-4.092261991649794,0.00047962248887960436,0.0007861167309668613
USAQUEN,2021-07-01,,4.777053824362606,15.988951841359777,18.631612903225808,75.01322580645162,1.6390322580645162,,57.61,1.8583870967741936,0.9489247311827956,0.9489247311827956,0.0712365591397849,1.0,1.0,1.0,0.0,1.0,1005505.5080440022,1016114.784772832,-15.572282298227497,0.0007025924114745214,0.0011515716266780785
BARRIOS UNIDOS,2021-08-01,10.16619718309859,14.291513437057992,12.61723163841808,19.18290322580645,73.33967741935484,1.2638709677419355,,71.11,2.293870967741936,0.9502688172043012,0.9516129032258064,0.9543010752688172,1.0,1.0,1.0,0.0,1.0,1000438.9545418106,1008112.973077683,-8.296183641173341,0.0005743745269032046,0.0007259352891634696
ENGATIVA,2021-08-01,12.083909283785522,20.10750229590551,7.116439832491686,19.18290322580645,73.33967741935484,1.2638709677419355,,71.11,2.293870967741936,0.9086021505376345,0.9536290322580645,0.9482526881720431,1.0,1.0,1.0,0.0,1.0,996041.4771692234,1011602.8590215645,20.68062308818787,0.00136785030097537,0.0017287862836198385
FONTIBON,2021-08-01,17.84871969048112,20.009795313342224,15.964123376623377,21.20306451612903,71.47596774193548,1.4167741935483873,,70.325,2.2685483870967746,0.944220430107527,0.8279569892473119,0.8924731182795699,1.0,1.0,1.0,0.0,1.0,993049.7034200324,1009066.0409648584,-13.851449869614118,0.0010185357013350277,0.0014430350968591748
KENNEDY,2021-08-01,19.025633802816905,20.51237553342817,13.475892857142856,19.18290322580645,73.33967741935484,1.2638709677419355,,71.11,2.293870967741936,0.9448924731182796,0.9032258064516128,0.9543010752688172,1.0,1.0,1.0,0.0,1.0,991660.3857957564,1003776.4359295673,-1.997178466694594,0.0006929358781187818,0.0008757815388610926
PUENTE ARANDA,2021-08-01,,16.555929203539822,8.990483870967742,19.18290322580645,73.33967741935484,1.2638709677419355,,71.11,2.293870967741936,0.7594086021505376,0.8333333333333334,0.668010752688172,1.0,1.0,1.0,0.0,1.0,996219.2899711643,1002216.689767894,8.943512685828843,0.0010262053155461305,0.0012969911052612064
SAN CRISTOBAL,2021-08-01,9.343843843843844,12.296165191740412,12.511782032400587,19.18290322580645,73.33967741935484,1.2638709677419355,,71.11,2.293870967741936,0.9112903225806452,0.9126344086021504,0.8951612903225806,1.0,1.0,1.0,0.0,1.0,1001269.0128432276,994752.74948143,-2.584492623211963,0.0002401910941296547,0.000303570550580641
SUBA,2021-08-01,7.472493271579324,17.588542210902123,10.941757480417218,17.549999999999997,75.26838709677419,1.2626881720430108,,52.376666666666665,1.6895698924731188,0.942652329749104,0.94668458781362,0.949820788530466,1.0,1.0,1.0,0.0,1.0,1000184.3919040437,1018467.8222482742,5.709109256930839,0.000663199175223882,0.0008374137542638759
TEUSAQUILLO,2021-08-01,8.052482269503546,,13.44858757062147,19.18290322580645,73.33967741935484,1.2638709677419355,,71.11,2.293870967741936,0.0672043010752688,0.9516129032258064,0.9475806451612904,1.0,1.0,1.0,0.0,1.0,999083.3876167,1004973.201652838,-2.7739238258552117,0.0005698756316484199,0.0007202492660640353
TUNJUELITO,2021-08-01,19.24425188485057,13.707608695652176,,19.18290322580645,73.33967741935484,1.2638709677419355,,71.11,2.293870967741936,0.8655913978494624,0.6895161290322581,0.9475806451612903,1.0,1.0,1.0,0.0,1.0,993510.4897483994,997638.3325117284,,,
USAQUEN,2021-08-01,6.0855704697986575,8.132531824611032,18.800710227272727,19.18290322580645,73.33967741935484,1.2638709677419355,,71.11,2.293870967741936,0.9502688172043012,0.946236559139785,0.8010752688172043,1.0,1.0,1.0,0.0,1.0,1005505.5080440022,1016114.784772832,-25.7267017304912,0.0010393598090510999,0.001313616687697487
BARRIOS UNIDOS,2021-09-01,9.998973607038124,15.290602055800294,14.939619883040937,19.143,72.27333333333333,1.2813333333333332,,145.0,4.833333333333333,0.9458333333333332,0.95,0.9472222222222222,1.0,1.0,1.0,0.0,1.0,1000438.9545418106,1008112.973077683,-9.534004785360363,0.0007951449330508226,0.0010188457075491206
ENGATIVA,2021-09-01,12.847798341132377,21.29712670565302,8.92346894259253,19.143,72.27333333333333,1.2813333333333332,,145.0,4.833333333333333,0.9041666666666667,0.9520833333333334,0.9326388888888889,1.0,1.0,1.0,0.0,1.0,996041.4771692234,1011602.8590215645,21.9275043862419,0.0013973880835246976,0.0017905199310229792
FONTIBON,2021-09-01,18.692518595211382,21.950313595236395,16.893093093093093,21.279333333333334,70.01966666666667,1.4666666666666666,,131.505,4.3835,0.9291666666666667,0.925,0.9437499999999999,1.0,1.0,1.0,0.0,1.0,993049.7034200324,1009066.0409648584,-10.004415329344607,0.0008008484243605201,0.001174577689062096
KENNEDY,2021-09-01,19.35422740524781,23.80439238653001,14.88619676945668,19.143,72.27333333333333,1.2813333333333332,,145.0,4.833333333333333,0.9486111111111112,0.9458333333333332,0.9527777777777776,1.0,1.0,1.0,0.0,1.0,991660.3857957564,1003776.4359295673,-1.7543754177904383,0.0005798868238125219,0.000743028316911778
PUENTE ARANDA,2021-09-01,18.85108514190317,17.216886930983847,9.496187683284456,19.143,72.27333333333333,1.2813333333333332,,145.0,4.833333333333333,0.9458333333333332,0.9472222222222222,0.8319444444444445,1.0,1.0,1.0,0.0,1.0,996219.2899711643,1002216.689767894,19.777766071690827,0.0014306101715721182,0.001833088499841074
SAN CRISTOBAL,2021-09-01,8.304713804713804,10.998998330550918,15.248160535117057,19.143,72.27333333333333,1.2813333333333332,,145.0,4.833333333333333,0.8319444444444445,0.8305555555555556,0.825,1.0,1.0,1.0,0.0,1.0,1001269.0128432276,994752.74948143,-2.8681615699792005,0.000315343983025936,0.0004040607569172326
SUBA,2021-09-01,9.347251691390492,17.883356730741337,12.339457354333662,17.520444444444447,74.31777777777778,1.2785555555555554,,120.02,4.000666666666667,0.9430555555555555,0.9481481481481482,0.9162037037037036,1.0,1.0,1.0,0.0,1.0,1000184.3919040437,1018467.8222482742,9.51265234096337,0.0008174237819384423,0.0010451217176406283
TEUSAQUILLO,2021-09-01,8.314766081871346,,16.865198237885462,19.143,72.27333333333333,1.2813333333333332,,145.0,4.833333333333333,,0.9458333333333332,0.95,1.0,1.0,1.0,0.0,1.0,999083.3876167,1004973.201652838,-9.2666940542379,0.0008068899091055906,0.0010338949368672967
TUNJUELITO,2021-09-01,24.52813646147741,20.574816983894586,16.514934114202052,19.143,72.27333333333333,1.2813333333333332,,145.0,4.833333333333333,0.9486111111111112,0.9486111111111112,0.8972222222222221,1.0,1.0,1.0,0.0,1.0,993510.4897483994,997638.3325117284,-9.914257354747965,0.0005754952906960106,0.0007374012991451549
USAQUEN,2021-09-01,7.659133126934985,8.803216374269006,22.66793557833089,19.143,72.27333333333333,1.2813333333333332,,145.0,4.833333333333333,0.95,0.9486111111111112,0.8972222222222223,1.0,1.0,1.0,0.0,1.0,1005505.5080440022,1016114.784772832,-31.801260555025543,0.0013007140258139485,0.0016666482384096058
BARRIOS UNIDOS,2021-10-01,14.30520393811533,18.347175141242936,13.153682719546742,19.622903225806454,76.90709677419355,0.8551612903225807,,96.44,3.110967741935484,0.9516129032258064,0.9489247311827956,0.9556451612903226,1.0,1.0,1.0,0.0,1.0,1000438.9545418106,1008112.973077683,-9.168945092857129,0.0005489941504727579,0.00046947854609783265
ENGATIVA,2021-10-01,14.94007072135785,19.59886201991465,8.583609517605167,19.622903225806454,76.90709677419355,0.8551612903225807,,96.44,3.110967741935484,0.6942204301075269,0.9260752688172044,0.9455645161290325,1.0,1.0,1.0,0.0,1.0,996041.4771692234,1011602.8590215645,17.806863631062946,0.0011985519584460753,0.0010249552393034019
FONTIBON,2021-10-01,19.429731031995672,21.486931818181816,16.788668555240793,21.865483870967747,73.87774193548387,0.950967741935484,,84.555,2.7275806451612903,0.946236559139785,0.9489247311827956,0.9495967741935485,1.0,1.0,1.0,0.0,1.0,993049.7034200324,1009066.0409648584,-13.524116579967814,0.0009731244370853827,0.0009254099485573252
KENNEDY,2021-10-01,22.58333333333333,24.56443812233286,14.642938659058489,19.622903225806454,76.90709677419355,0.8551612903225807,,96.44,3.110967741935484,0.9448924731182796,0.9422043010752688,0.9516129032258064,1.0,1.0,1.0,0.0,1.0,991660.3857957564,1003776.4359295673,-2.8699816056880625,0.0006636601314522296,0.0005675364543483421
PUENTE ARANDA,2021-10-01,22.98465991316932,26.83719599427754,8.09315263908702,19.622903225806454,76.90709677419355,0.8551612903225807,,96.44,3.110967741935484,0.939516129032258,0.9422043010752688,0.928763440860215,1.0,1.0,1.0,0.0,1.0,996219.2899711643,1002216.689767894,20.15583482804793,0.0014227182567462277,0.0012166535802045967
SAN CRISTOBAL,2021-10-01,12.825352112676056,15.662780898876404,12.575,19.622903225806454,76.90709677419355,0.8551612903225807,,96.44,3.110967741935484,0.956989247311828,0.956989247311828,0.9543010752688172,1.0,1.0,1.0,0.0,1.0,1001269.0128432276,994752.74948143,0.1605067253375232,0.0003440071851472631,0.0002941816283307724
SUBA,2021-10-01,12.567847533656524,19.07559424027509,13.3768902098994,18.08956989247312,78.64311827956989,0.8520430107526882,,89.42999999999999,2.8848387096774197,0.8776881720430106,0.8270609318996415,0.9094982078853047,1.0,1.0,1.0,0.0,1.0,1000184.3919040437,1018467.8222482742,0.14808502208785157,0.0005023376953171045,0.0004280133223325523
TEUSAQUILLO,2021-10-01,13.504249291784705,17.930491329479768,13.61534090909091,19.622903225806454,76.90709677419355,0.8551612903225807,,96.44,3.110967741935484,0.9301075268817204,0.946236559139785,0.9489247311827956,1.0,1.0,1.0,0.0,1.0,999083.3876167,1004973.201652838,-2.8105188133981773,0.0006531446608356841,0.000558544030927548
TUNJUELITO,2021-10-01,29.748838357672504,20.444202898550724,16.17701317715959,19.622903225806454,76.90709677419355,0.8551612903225807,,96.44,3.110967741935484,0.9274193548387096,0.918010752688172,0.9448924731182796,1.0,1.0,1.0,0.0,1.0,993510.4897483994,997638.3325117284,-13.219948233333264,0.0007313505514495469,0.0006254226812557255
USAQUEN,2021-10-01,12.286118980169972,13.066619115549216,18.541463414634144,19.622903225806454,76.90709677419355,0.8551612903225807,,96.44,3.110967741935484,0.9422043010752688,0.9368279569892471,0.9489247311827956,1.0,1.0,1.0,0.0,1.0,1005505.5080440022,1016114.784772832,-20.510207796851123,0.0008021013147542303,0.000685925995294666
BARRIOS UNIDOS,2021-11-01,17.698389458272327,16.734264705882353,13.60795847750865,19.259666666666664,77.90433333333334,0.9016666666666668,,86.48,2.8826666666666667,0.9444444444444444,0.8027777777777778,0.9486111111111112,1.0,1.0,1.0,0.0,1.0,1000438.9545418106,1008112.973077683,-9.575091552634204,0.0005292202117570547,0.00047718022426761106
ENGATIVA,2021-11-01,18.460925010684353,19.999636320825395,9.086584921425017,19.259666666666664,77.90433333333334,0.9016666666666668,,86.48,2.8826666666666667,0.9493055555555555,0.9319444444444445,0.9548611111111109,1.0,1.0,1.0,0.0,1.0,996041.4771692234,1011602.8590215645,15.753461100158662,0.0010670343322322945,0.0009621092895627858
FONTIBON,2021-11-01,21.70343792749658,19.497393960299085,16.349344978165938,21.352666666666664,75.71633333333334,0.9481666666666668,,97.4,3.2466666666666666,0.93125,0.9541666666666668,0.95,1.0,1.0,1.0,0.0,1.0,993049.7034200324,1009066.0409648584,-13.507873370737034,0.0009476617907854378,0.0008985413212963928
KENNEDY,2021-11-01,24.22235123367199,20.95491923641704,13.39766423357664,19.259666666666664,77.90433333333334,0.9016666666666668,,86.48,2.8826666666666667,0.9458333333333332,0.9513888888888888,0.9569444444444444,1.0,1.0,1.0,0.0,1.0,991660.3857957564,1003776.4359295673,1.2680640470849749,0.0006123718587317312,0.0005521552926231111
PUENTE ARANDA,2021-11-01,20.910031347962384,24.649484536082475,9.106286549707605,19.259666666666664,77.90433333333334,0.9016666666666668,,86.48,2.8826666666666667,0.9430555555555556,0.95,0.8861111111111111,1.0,1.0,1.0,0.0,1.0,996219.2899711643,1002216.689767894,15.1401422131543,0.001060378364100296,0.0009561078249637671
SAN CRISTOBAL,2021-11-01,18.362973760932945,17.053654970760235,12.065300146412884,19.259666666666664,77.90433333333334,0.9016666666666668,,86.48,2.8826666666666667,0.95,0.9486111111111112,0.9527777777777776,1.0,1.0,1.0,0.0,1.0,1001269.0128432276,994752.74948143,1.971723739169427,0.0002997082119315052,0.00027023690442490723
SUBA,2021-11-01,16.762902802612146,14.004862934940226,11.406421230701573,17.787888888888887,79.32488888888889,0.8530000000000001,,77.11666666666667,2.5705555555555555,0.8990740740740741,0.8814814814814814,0.8111111111111112,1.0,1.0,1.0,0.0,1.0,1000184.3919040437,1018467.8222482742,4.937852806244152,0.00045696498298230555,0.0003897911304839067
TEUSAQUILLO,2021-11-01,16.81929012345679,17.987408491947292,13.055912408759124,19.259666666666664,77.90433333333334,0.9016666666666668,,86.48,2.8826666666666667,0.9486111111111112,0.9513888888888888,0.9,1.0,1.0,1.0,0.0,1.0,999083.3876167,1004973.201652838,-0.1041472208951788,0.0005355779924739191,0.0004829128232139838
TUNJUELITO,2021-11-01,30.81632838178171,17.344560357675114,16.00542521994135,19.259666666666664,77.90433333333334,0.9016666666666668,,86.48,2.8826666666666667,0.9319444444444444,0.9472222222222222,0.9506944444444444,1.0,1.0,1.0,0.0,1.0,993510.4897483994,997638.3325117284,-13.447024730126925,0.0007265570063576954,0.0006551122340658555
USAQUEN,2021-11-01,16.523391812865498,15.497360703812316,16.462573099415206,19.259666666666664,77.90433333333334,0.9016666666666668,,86.48,2.8826666666666667,0.9472222222222222,0.95,0.95,1.0,1.0,1.0,0.0,1.0,1005505.5080440022,1016114.784772832,-15.286754668610378,0.0006246491058819987,0.0005632252771369356
BARRIOS UNIDOS,2021-12-01,17.901306240928882,14.613702623906706,12.42272047832586,19.739032258064515,76.7441935483871,1.0374193548387096,,65.48,2.112258064516129,0.922043010752688,0.8991935483870968,0.9260752688172044,1.0,1.0,1.0,0.0,1.0,1000438.9545418106,1008112.973077683,-5.683998467387335,0.00039352842559857204,0.00040825400539516374
ENGATIVA,2021-12-01,18.95936198081717,17.774778877901962,9.306168993731816,19.739032258064515,76.7441935483871,1.0374193548387096,,65.48,2.112258064516129,0.9173387096774193,0.924731182795699,0.9247311827956988,1.0,1.0,1.0,0.0,1.0,996041.4771692234,1011602.8590215645,13.403921526327492,0.0009120698449513941,0.0009461989101173171
FONTIBON,2021-12-01,23.49109053747903,18.499888206480378,15.846423357664232,21.65774193548387,75.90532258064516,1.030483870967742,,88.355,2.850161290322581,0.918010752688172,0.9206989247311828,0.9206989247311828,1.0,1.0,1.0,0.0,1.0,993049.7034200324,1009066.0409648584,-12.825497227640184,0.0008963290872684597,0.0009236526675093853
KENNEDY,2021-12-01,26.19855072463768,19.824415204678363,12.354319180087847,19.739032258064515,76.7441935483871,1.0374193548387096,,65.48,2.112258064516129,0.9193548387096774,0.918010752688172,0.9274193548387096,1.0,1.0,1.0,0.0,1.0,991660.3857957564,1003776.4359295673,0.27699232402734886,0.0004337941442698145,0.0004500264412812011
PUENTE ARANDA,2021-12-01,21.290988372093025,17.338081395348837,9.224709302325582,19.739032258064515,76.7441935483871,1.0374193548387096,,65.48,2.112258064516129,0.9247311827956988,0.9247311827956988,0.9247311827956988,1.0,1.0,1.0,0.0,1.0,996219.2899711643,1002216.689767894,10.002293148945025,0.0007282984358900597,0.0007555508934911071
SAN CRISTOBAL,2021-12-01,19.382267441860463,15.226928675400291,11.941048034934498,19.739032258064515,76.7441935483871,1.0374193548387096,,65.48,2.112258064516129,0.9233870967741936,0.9233870967741936,0.9247311827956988,1.0,1.0,1.0,0.0,1.0,1001269.0128432276,994752.74948143,-1.2763329266439882,0.0001491465319632917,0.00015472749896578905
SUBA,2021-12-01,16.504390693536497,11.523804128746022,11.156385616717897,18.12741935483871,78.89709677419354,0.9611827956989246,,59.576666666666675,1.9218279569892474,0.8418458781362007,0.8637992831541218,0.907258064516129,1.0,1.0,1.0,0.0,1.0,1000184.3919040437,1018467.8222482742,4.732446700278443,0.0004222518488423709,0.0004058612125593498
TEUSAQUILLO,2021-12-01,17.893430656934306,16.520553935860057,13.053284671532849,19.739032258064515,76.7441935483871,1.0374193548387096,,65.48,2.112258064516129,0.922043010752688,0.9206989247311828,0.9206989247311828,1.0,1.0,1.0,0.0,1.0,999083.3876167,1004973.201652838,-1.6660008762828706,0.0005102072206631588,0.0005292988456944254
TUNJUELITO,2021-12-01,17.822840409956076,13.868,12.268817204301076,19.739032258064515,76.7441935483871,1.0374193548387096,,65.48,2.112258064516129,0.907258064516129,0.875,0.553763440860215,1.0,1.0,1.0,0.0,1.0,993510.4897483994,997638.3325117284,-3.2863750955553,0.0002083896620143586,0.00021618746872199265
USAQUEN,2021-12-01,14.184593023255816,12.40174672489083,16.472714078374455,19.739032258064515,76.7441935483871,1.0374193548387096,,65.48,2.112258064516129,0.9233870967741936,0.9260752688172044,0.9247311827956988,1.0,1.0,1.0,0.0,1.0,1005505.5080440022,1016114.784772832,-16.53286714634779,0.0006749680562045729,0.0007002249254044858
BARRIOS UNIDOS,2022-01-01,16.950773558368496,13.811965811965813,14.472893258426968,19.448709677419355,71.82548387096774,1.1783870967741936,,57.49,1.854516129032258,0.9435483870967742,0.956989247311828,0.9556451612903226,1.0,1.0,1.0,0.0,1.0,1000438.9545418106,1008112.973077683,-1.1442228485745343,0.00048324116401036473,0.0005694451522999557
ENGATIVA,2022-01-01,18.16297335203366,16.939046598927295,12.787014383294725,19.448709677419355,71.82548387096774,1.1783870967741936,,57.49,1.854516129032258,0.956989247311828,0.9556451612903227,0.9583333333333334,1.0,1.0,1.0,0.0,1.0,996041.4771692234,1011602.8590215645,11.897485384363275,0.0007899111110114017,0.0009308210608144034
FONTIBON,2022-01-01,23.99212646166239,19.011433752629223,18.4680790960452,21.322903225806453,72.23887096774195,1.141774193548387,,78.78,2.541290322580645,0.8877688172043011,0.9516129032258064,0.9166666666666667,1.0,1.0,1.0,0.0,1.0,993049.7034200324,1009066.0409648584,-11.107074132473008,0.0007959630803366034,0.0009088101041456152
KENNEDY,2022-01-01,23.76096181046676,19.47496443812233,14.192592592592591,19.448709677419355,71.82548387096774,1.1783870967741936,,57.49,1.854516129032258,0.9448924731182796,0.9435483870967742,0.9502688172043012,1.0,1.0,1.0,0.0,1.0,991660.3857957564,1003776.4359295673,4.538992802814175,0.0005193912213700642,0.0006120439134402725
PUENTE ARANDA,2022-01-01,17.560252808988764,15.924039829302988,12.169886363636364,19.448709677419355,71.82548387096774,1.1783870967741936,,57.49,1.854516129032258,0.9448924731182796,0.946236559139785,0.956989247311828,1.0,1.0,1.0,0.0,1.0,996219.2899711643,1002216.689767894,11.479294802369164,0.0008415894884980976,0.0009917181940269518
SAN CRISTOBAL,2022-01-01,20.350282485875702,13.38396624472574,16.70056338028169,19.448709677419355,71.82548387096774,1.1783870967741936,,57.49,1.854516129032258,0.9556451612903226,0.9543010752688172,0.9516129032258064,1.0,1.0,1.0,0.0,1.0,1001269.0128432276,994752.74948143,-4.135442476523041,0.00019619342696332298,0.00023119180280548998
SUBA,2022-01-01,14.612521740852994,10.950509455138027,13.796942637621113,17.818602150537632,73.88591397849463,1.07752688172043,,50.21666666666667,1.6198924731182796,0.8736559139784946,0.9345878136200717,0.732078853046595,1.0,1.0,1.0,0.0,1.0,1000184.3919040437,1018467.8222482742,8.992922646109404,0.0005980928914193839,0.0006444611682702845
TEUSAQUILLO,2022-01-01,18.3876404494382,15.409859154929578,17.31755617977528,19.448709677419355,71.82548387096774,1.1783870967741936,,57.49,1.854516129032258,0.9543010752688172,0.956989247311828,0.956989247311828,1.0,1.0,1.0,0.0,1.0,999083.3876167,1004973.201652838,-6.841809821217309,0.0007615263731153313,0.0008973728519323566
TUNJUELITO,2022-01-01,16.35734463276836,12.006017191977078,16.478805120910383,19.448709677419355,71.82548387096774,1.1783870967741936,,57.49,1.854516129032258,0.9381720430107529,0.9448924731182796,0.9516129032258064,1.0,1.0,1.0,0.0,1.0,993510.4897483994,997638.3325117284,-6.373373026220506,0.0003978004553316934,0.00046876292365376644
USAQUEN,2022-01-01,,11.186816269284712,23.12384291725105,19.448709677419355,71.82548387096774,1.1783870967741936,,57.49,1.854516129032258,0.9583333333333334,0.9583333333333334,0.3494623655913978,1.0,1.0,1.0,0.0,1.0,1005505.5080440022,1016114.784772832,-28.314678472410346,0.0011674655999277526,0.0013757263988826065
BARRIOS UNIDOS,2022-02-01,21.288,18.2124394184168,16.097798742138366,19.290714285714284,75.20714285714287,0.8960714285714285,,131.69,4.703214285714286,0.9211309523809524,0.9464285714285714,0.9300595238095238,1.0,1.0,1.0,0.0,1.0,1000438.9545418106,1008112.973077683,-6.680559745865311,0.0003795662151303355,0.0003401184406292899
ENGATIVA,2022-02-01,22.404616741206464,18.90466635644983,12.962460014431738,19.290714285714284,75.20714285714287,0.8960714285714285,,131.69,4.703214285714286,0.9099702380952379,0.8831845238095238,0.9055059523809523,1.0,1.0,1.0,0.0,1.0,996041.4771692234,1011602.8590215645,5.679943077482111,0.0004536685307764336,0.00040651940847073997
FONTIBON,2022-02-01,27.917691849727838,24.225471698113207,,21.138035714285714,75.53464285714287,0.87625,,161.98000000000002,5.785,0.8288690476190477,0.3258928571428571,0.9546130952380952,1.0,1.0,1.0,0.0,1.0,993049.7034200324,1009066.0409648584,,,
KENNEDY,2022-02-01,26.77433070866142,18.884458398744112,15.50235849056604,19.290714285714284,75.20714285714287,0.8960714285714285,,131.69,4.703214285714286,0.9479166666666666,0.9464285714285714,0.9449404761904762,1.0,1.0,1.0,0.0,1.0,991660.3857957564,1003776.4359295673,-1.2908536981188927,0.00032810969680705453,0.0002940097247460356
PUENTE ARANDA,2022-02-01,22.71852433281005,25.84019138755981,13.143312101910828,19.290714285714284,75.20714285714287,0.8960714285714285,,131.69,4.703214285714286,0.9330357142857144,0.9345238095238096,0.9479166666666666,1.0,1.0,1.0,0.0,1.0,996219.2899711643,1002216.689767894,8.150037730143136,0.0005761646979790194,0.0005162847240104856
SAN CRISTOBAL,2022-02-01,21.82398753894081,16.334272300469483,15.287031250000002,19.290714285714284,75.20714285714287,0.8960714285714285,,131.69,4.703214285714286,0.9508928571428572,0.9523809523809524,0.9553571428571428,1.0,1.0,1.0,0.0,1.0,1001269.0128432276,994752.74948143,-0.6401661027795971,0.00013799729299808388,0.00012365543147578302
SUBA,2022-02-01,19.212665988099328,16.255848796012728,14.171580987630096,17.62595238095238,77.3872619047619,0.8692857142857142,,124.98666666666666,4.463809523809524,0.5927579365079364,0.9459325396825397,0.9141865079365079,1.0,1.0,1.0,0.0,1.0,1000184.3919040437,1018467.8222482742,11.106074799890996,0.0007074573556930646,0.0006149825727703283
TEUSAQUILLO,2022-02-01,23.712050078247263,19.89525316455696,15.50706436420722,19.290714285714284,75.20714285714287,0.8960714285714285,,131.69,4.703214285714286,0.9404761904761904,0.9479166666666666,0.9508928571428572,1.0,1.0,1.0,0.0,1.0,999083.3876167,1004973.201652838,-1.773017884365247,0.0003836870764437069,0.00034381102671330737
TUNJUELITO,2022-02-01,21.19092331768388,17.668454258675077,16.57055118110236,19.290714285714284,75.20714285714287,0.8960714285714285,,131.69,4.703214285714286,0.9434523809523808,0.9449404761904762,0.9508928571428572,1.0,1.0,1.0,0.0,1.0,993510.4897483994,997638.3325117284,-5.778951700830209,0.00032197859955041257,0.0002885158236685661
USAQUEN,2022-02-01,19.428571428571427,13.833229813664596,24.56055900621118,19.290714285714284,75.20714285714287,0.8960714285714285,,131.69,4.703214285714286,0.9583333333333334,0.9583333333333334,0.9583333333333334,1.0,1.0,1.0,0.0,1.0,1005505.5080440022,1016114.784772832,-30.44983727443334,0.0012617899895814551,0.0011306539585213824
BARRIOS UNIDOS,2022-03-01,16.77542372881356,15.84434628975265,12.905390070921984,18.86483870967741,81.53903225806452,0.8858064516129033,,199.88,6.447741935483871,0.760752688172043,0.9475806451612904,0.9516129032258064,1.0,1.0,1.0,0.0,1.0,1000438.9545418106,1008112.973077683,-4.365396244195269,0.000374746335922471,0.00033195272207842114
ENGATIVA,2022-03-01,19.339535240586052,18.677879310902796,10.581729323308272,18.86483870967741,81.53903225806452,0.8858064516129033,,199.88,6.447741935483871,0.9153225806451613,0.8938172043010753,0.9025537634408602,1.0,1.0,1.0,0.0,1.0,996041.4771692234,1011602.8590215645,5.643640826014842,0.0004345281853568115,0.0003849078699967111
FONTIBON,2022-03-01,25.85276444397035,22.174104912153453,,20.740483870967736,80.84096774193549,0.9201612903225806,,229.48499999999999,7.402741935483871,0.9469086021505377,0.0120967741935483,0.9563172043010753,1.0,1.0,1.0,0.0,1.0,993049.7034200324,1009066.0409648584,,,
KENNEDY,2022-03-01,26.14205344585092,18.25593705293276,11.888793103448275,18.86483870967741,81.53903225806452,0.8858064516129033,,199.88,6.447741935483871,0.939516129032258,0.935483870967742,0.9556451612903226,1.0,1.0,1.0,0.0,1.0,991660.3857957564,1003776.4359295673,-1.1167916610179631,0.00028032423214368045,0.00024831301337630533
PUENTE ARANDA,2022-03-01,20.298305084745763,25.22608069164265,9.867335243553008,18.86483870967741,81.53903225806452,0.8858064516129033,,199.88,6.447741935483871,0.9327956989247312,0.9381720430107529,0.9516129032258064,1.0,1.0,1.0,0.0,1.0,996219.2899711643,1002216.689767894,8.981956076824234,0.0006615007807237219,0.0005859616593120452
SAN CRISTOBAL,2022-03-01,19.38700564971752,13.991549295774648,14.062005649717513,18.86483870967741,81.53903225806452,0.8858064516129033,,199.88,6.447741935483871,0.9543010752688172,0.9516129032258064,0.9516129032258064,1.0,1.0,1.0,0.0,1.0,1001269.0128432276,994752.74948143,-5.6235130015645485,0.00021135195747384145,0.00018721692749134472
SUBA,2022-03-01,17.54589335913795,13.029164548436535,11.110939940618001,17.320430107526878,83.22935483870968,0.8543010752688173,,190.80999999999997,6.155161290322581,0.9260752688172044,0.931899641577061,0.8875448028673835,1.0,1.0,1.0,0.0,1.0,1000184.3919040437,1018467.8222482742,10.588865717468712,0.0006139156498318568,0.0005244687997757099
TEUSAQUILLO,2022-03-01,18.873980309423345,17.468705547652917,13.901709401709402,18.86483870967741,81.53903225806452,0.8858064516129033,,199.88,6.447741935483871,0.9448924731182796,0.9435483870967742,0.9556451612903226,1.0,1.0,1.0,0.0,1.0,999083.3876167,1004973.201652838,-5.030693488943813,0.0006531207084991342,0.0005785385372705235
TUNJUELITO,2022-03-01,19.967741935483872,16.065395480225988,12.79345930232558,18.86483870967741,81.53903225806452,0.8858064516129033,,199.88,6.447741935483871,0.9516129032258064,0.9247311827956988,0.9583333333333334,1.0,1.0,1.0,0.0,1.0,993510.4897483994,997638.3325117284,-2.562243910257944,0.0002814729695042881,0.0002493305723415404
USAQUEN,2022-03-01,18.139170506912443,11.760056657223796,20.43456614509246,18.86483870967741,81.53903225806452,0.8858064516129033,,199.88,6.447741935483871,0.9489247311827956,0.9448924731182796,0.875,1.0,1.0,1.0,0.0,1.0,1005505.5080440022,1016114.784772832,-26.705639100429124,0.0011124093413857462,0.0009853793714339545
BARRIOS UNIDOS,2022-04-01,14.639296187683284,13.723865300146413,11.48389458272328,18.88,81.47,0.995,,260.12,8.670666666666667,0.9486111111111112,0.9486111111111112,0.9472222222222222,1.0,1.0,1.0,0.0,1.0,1000438.9545418106,1008112.973077683,-4.726056782892643,0.0003690455844925793,0.0003672003565701164
ENGATIVA,2022-04-01,16.37346115716832,17.365204247732734,9.380729425401556,18.88,81.47,0.995,,260.12,8.670666666666667,0.9333333333333333,0.8659722222222221,0.8958333333333334,1.0,1.0,1.0,0.0,1.0,996041.4771692234,1011602.8590215645,11.52176304880486,0.0008088041224976044,0.0008047601018851164
FONTIBON,2022-04-01,21.91558461227787,21.62154416030705,15.834575260804767,20.738,80.98783333333333,1.1161666666666665,,270.43,9.014333333333333,0.9298611111111111,0.9319444444444444,0.9076388888888889,1.0,1.0,1.0,0.0,1.0,993049.7034200324,1009066.0409648584,-9.942939614726496,0.0010619444839083452,0.0011853070347890313
KENNEDY,2022-04-01,20.91266375545852,17.13967551622419,,18.88,81.47,0.995,,260.12,8.670666666666667,0.9416666666666668,0.5319444444444444,0.9541666666666668,1.0,1.0,1.0,0.0,1.0,991660.3857957564,1003776.4359295673,,,
PUENTE ARANDA,2022-04-01,16.73599419448476,23.230882352941176,7.999416058394161,18.88,81.47,0.995,,260.12,8.670666666666667,0.9444444444444444,0.9513888888888888,0.9569444444444444,1.0,1.0,1.0,0.0,1.0,996219.2899711643,1002216.689767894,9.009589640344002,0.0009849890982484865,0.000980064152757244
SAN CRISTOBAL,2022-04-01,15.890145395799676,12.295912408759126,12.832942898975109,18.88,81.47,0.995,,260.12,8.670666666666667,0.9513888888888888,0.9486111111111112,0.8597222222222223,1.0,1.0,1.0,0.0,1.0,1001269.0128432276,994752.74948143,-5.490990881398842,0.00020118026786871099,0.00020017436652936744
SUBA,2022-04-01,14.636614275456262,12.193837676121909,8.864646079689487,17.241555555555554,83.17977777777777,0.9687777777777778,,266.3233333333333,8.877444444444444,0.8986111111111111,0.9310185185185186,0.8759259259259258,1.0,1.0,1.0,0.0,1.0,1000184.3919040437,1018467.8222482742,13.020612131353872,0.0006720911992184929,0.0006511070184428933
TEUSAQUILLO,2022-04-01,16.84061135371179,14.52,12.345481481481482,18.88,81.47,0.995,,260.12,8.670666666666667,0.9444444444444444,0.9375,0.9541666666666668,1.0,1.0,1.0,0.0,1.0,999083.3876167,1004973.201652838,-1.7185585425222367,0.0006079376105735646,0.0006048979225206967
TUNJUELITO,2022-04-01,17.479032258064517,11.251351351351351,12.662940275650842,18.88,81.47,0.995,,260.12,8.670666666666667,0.8736111111111111,0.9069444444444444,0.8611111111111112,1.0,1.0,1.0,0.0,1.0,993510.4897483994,997638.3325117284,-4.493521593932414,0.00044859647505538896,0.000446353492680112
USAQUEN,2022-04-01,15.168359941944848,9.800442477876103,18.749926362297497,18.88,81.47,0.995,,260.12,8.670666666666667,0.9416666666666668,0.9430555555555556,0.9569444444444444,1.0,1.0,1.0,0.0,1.0,1005505.5080440022,1016114.784772832,-26.520508999078167,0.0011199497707445585,0.0011143500218908358
BARRIOS UNIDOS,2022-05-01,10.437802907915994,11.725282485875706,7.77683615819209,18.71741935483871,80.96806451612903,0.9874193548387096,,319.0,10.290322580645162,0.9516129032258064,0.9516129032258064,0.831989247311828,1.0,1.0,1.0,0.0,1.0,1000438.9545418106,1008112.973077683,-4.573246336515521,0.0002949874541298122,0.0002912763216423726
ENGATIVA,2022-05-01,11.929280747501085,15.734193071441773,5.477653608247422,18.71741935483871,80.96806451612903,0.9874193548387096,,319.0,10.290322580645162,0.8911290322580645,0.8763440860215053,0.8951612903225806,1.0,1.0,1.0,0.0,1.0,996041.4771692234,1011602.8590215645,11.327312515035027,0.0007986374060133432,0.0007885900321957559
FONTIBON,2022-05-01,15.866686332222553,18.206471494607086,11.830647482014388,20.414354838709677,81.29483870967742,1.167741935483871,,265.89,8.57709677419355,0.9489247311827957,0.9341397849462364,0.9146505376344085,1.0,1.0,1.0,0.0,1.0,993049.7034200324,1009066.0409648584,-10.030851656210539,0.0010620342192791674,0.0012401818947711568
KENNEDY,2022-05-01,16.393777134587555,18.140793201133143,,18.71741935483871,80.96806451612903,0.9874193548387096,,319.0,10.290322580645162,0.9489247311827956,0.4462365591397849,0.928763440860215,1.0,1.0,1.0,0.0,1.0,991660.3857957564,1003776.4359295673,,,
PUENTE ARANDA,2022-05-01,12.68147100424328,19.74224751066856,5.12681883024251,18.71741935483871,80.96806451612903,0.9874193548387096,,319.0,10.290322580645162,0.9448924731182796,0.9422043010752688,0.9502688172043012,1.0,1.0,1.0,0.0,1.0,996219.2899711643,1002216.689767894,6.2073789894404054,0.0006796385027158324,0.0006710882118752138
SAN CRISTOBAL,2022-05-01,9.64225352112676,10.123163841807909,7.778359264497879,18.71741935483871,80.96806451612903,0.9874193548387096,,319.0,10.290322580645162,0.9516129032258064,0.9502688172043012,0.9543010752688172,1.0,1.0,1.0,0.0,1.0,1001269.0128432276,994752.74948143,-1.7472423133256996,0.0001313568868703856,0.0001297043324871775
SUBA,2022-05-01,10.536718419887348,10.509609999748479,7.038750966065134,17.01,83.40849462365591,1.004301075268817,,350.8966666666667,11.319247311827958,0.939516129032258,0.8637992831541218,0.8615591397849461,1.0,1.0,1.0,0.0,1.0,1000184.3919040437,1018467.8222482742,5.090860981719288,0.00042746720249485005,0.00042930577110773105
TEUSAQUILLO,2022-05-01,12.295774647887324,12.307659574468085,8.152789699570816,18.71741935483871,80.96806451612903,0.9874193548387096,,319.0,10.290322580645162,0.9475806451612904,0.939516129032258,0.8588709677419355,1.0,1.0,1.0,0.0,1.0,999083.3876167,1004973.201652838,0.2759333717365413,0.0004585367322455602,0.00045276804432376117
TUNJUELITO,2022-05-01,25.383683560523384,9.89496183206107,8.30822695035461,18.71741935483871,80.96806451612903,0.9874193548387096,,319.0,10.290322580645162,0.8803763440860215,0.9475806451612904,0.885752688172043,1.0,1.0,1.0,0.0,1.0,993510.4897483994,997638.3325117284,-3.7112758059688318,0.00033102823699201973,0.0003268636882040556
USAQUEN,2022-05-01,8.02716468590832,7.614571428571428,12.952624113475178,18.71741935483871,80.96806451612903,0.9874193548387096,,319.0,10.290322580645162,0.9408602150537636,0.9475806451612904,0.7916666666666666,1.0,1.0,1.0,0.0,1.0,1005505.5080440022,1016114.784772832,-18.564631607920887,0.0007586309127756161,0.0007490868464536002
BARRIOS UNIDOS,2022-06-01,13.319648093841645,14.938,7.404239766081871,17.939666666666668,81.945,0.9073333333333332,,207.29,6.909666666666666,0.8333333333333334,0.95,0.9472222222222222,1.0,1.0,1.0,0.0,1.0,1000438.9545418106,1008112.973077683,-2.4735478239806854,0.0003161975023836053,0.0002868965338293912
ENGATIVA,2022-06-01,13.183305811660016,17.85435121251004,5.183163482420614,17.939666666666668,81.945,0.9073333333333332,,207.29,6.909666666666666,0.9145833333333333,0.8881944444444445,0.9173611111111111,1.0,1.0,1.0,0.0,1.0,996041.4771692234,1011602.8590215645,12.988788918313322,0.0009123673513015204,0.0008278213100809127
FONTIBON,2022-06-01,17.515236652628133,19.84322533136966,12.525730994152047,19.691166666666668,81.93599999999999,1.0764999999999998,,192.51999999999998,6.417333333333334,0.9430555555555556,0.95,0.9465277777777779,1.0,1.0,1.0,0.0,1.0,993049.7034200324,1009066.0409648584,-11.259989900542234,0.0012046033845614765,0.0012967555434804292
KENNEDY,2022-06-01,18.20581039755352,19.91955882352941,,17.939666666666668,81.945,0.9073333333333332,,207.29,6.909666666666666,0.9444444444444444,,0.9083333333333332,1.0,1.0,1.0,0.0,1.0,991660.3857957564,1003776.4359295673,,,
PUENTE ARANDA,2022-06-01,14.512074303405573,21.94616564417177,5.947699386503068,17.939666666666668,81.945,0.9073333333333332,,207.29,6.909666666666666,0.9055555555555556,0.9055555555555556,0.8972222222222223,1.0,1.0,1.0,0.0,1.0,996219.2899711643,1002216.689767894,5.466126206604116,0.0005983519435107263,0.0005429046634120656
SAN CRISTOBAL,2022-06-01,10.757621951219512,12.340762463343108,6.660672514619883,17.939666666666668,81.945,0.9073333333333332,,207.29,6.909666666666666,0.9472222222222222,0.95,0.9111111111111112,1.0,1.0,1.0,0.0,1.0,1001269.0128432276,994752.74948143,3.3272068222536717,0.00017275237212277455,0.00015674398563939742
SUBA,2022-06-01,10.716030506104664,11.665062654508532,8.565178571428572,16.301,84.08622222222222,0.9109999999999999,,226.10666666666665,7.536888888888889,0.9263888888888889,0.5458333333333333,0.9115740740740742,1.0,1.0,1.0,0.0,1.0,1000184.3919040437,1018467.8222482742,-1.043191637380862,0.000378465785129156,0.00034478233025266107
TEUSAQUILLO,2022-06-01,11.997076023391813,14.761799410029498,8.608308605341247,17.939666666666668,81.945,0.9073333333333332,,207.29,6.909666666666666,0.9416666666666668,0.9361111111111112,0.95,1.0,1.0,1.0,0.0,1.0,999083.3876167,1004973.201652838,0.05274433071324669,0.0005195672519029656,0.0004714206865599574
TUNJUELITO,2022-06-01,26.83309037900875,,8.753216374269005,17.939666666666668,81.945,0.9073333333333332,,207.29,6.909666666666666,0.6111111111111112,0.95,0.9527777777777776,1.0,1.0,1.0,0.0,1.0,993510.4897483994,997638.3325117284,-4.89806084741506,0.0003900880386905882,0.0003539398804385936
USAQUEN,2022-06-01,9.796783625730994,11.079558823529412,12.064940828402367,17.939666666666668,81.945,0.9073333333333332,,207.29,6.909666666666666,0.9444444444444444,0.9388888888888888,0.95,1.0,1.0,1.0,0.0,1.0,1005505.5080440022,1016114.784772832,-15.042240665276044,0.000583334144172276,0.0005292785134789784
BARRIOS UNIDOS,2022-07-01,9.25399129172714,11.142528735632183,,18.19483870967742,79.52129032258064,1.1383870967741936,,228.31,7.36483870967742,0.935483870967742,0.3575268817204301,0.9260752688172044,1.0,1.0,1.0,0.0,1.0,1000438.9545418106,1008112.973077683,,,
ENGATIVA,2022-07-01,10.008727740894708,13.847000656526971,7.179440777567228,18.19483870967742,79.52129032258064,1.1383870967741936,,228.31,7.36483870967742,0.9092741935483871,0.9213709677419355,0.9348118279569892,1.0,1.0,1.0,0.0,1.0,996041.4771692234,1011602.8590215645,10.736159641897931,0.0011197018209745625,0.00127465410523201
FONTIBON,2022-07-01,15.955585371866425,17.604099236799968,13.692587209302326,19.991451612903226,79.69016129032258,1.2641935483870967,,209.14,6.7464516129032255,0.9321236559139785,0.9247311827956988,0.9455645161290325,1.0,1.0,1.0,0.0,1.0,993049.7034200324,1009066.0409648584,-8.803279653307364,0.0009872799735873411,0.0012481129730608999
KENNEDY,2022-07-01,15.488732394366195,19.37049645390071,,18.19483870967742,79.52129032258064,1.1383870967741936,,228.31,7.36483870967742,0.9475806451612904,0.592741935483871,0.9543010752688172,1.0,1.0,1.0,0.0,1.0,991660.3857957564,1003776.4359295673,,,
PUENTE ARANDA,2022-07-01,10.476123595505618,15.090496453900707,6.405233380480905,18.19483870967742,79.52129032258064,1.1383870967741936,,228.31,7.36483870967742,0.9475806451612904,0.9502688172043012,0.956989247311828,1.0,1.0,1.0,0.0,1.0,996219.2899711643,1002216.689767894,10.439701512482536,0.0011401080407527572,0.0012978842825214453
SAN CRISTOBAL,2022-07-01,6.649295774647888,9.087411598302689,8.930070921985815,18.19483870967742,79.52129032258064,1.1383870967741936,,228.31,7.36483870967742,0.9502688172043012,0.9475806451612904,0.9543010752688172,1.0,1.0,1.0,0.0,1.0,1001269.0128432276,994752.74948143,2.8651888879678085,0.0002897330428110884,0.0003298283574452681
SUBA,2022-07-01,8.92274184492418,9.458275047656427,6.392683686732803,16.42989247311828,82.31279569892473,1.1551612903225807,,252.72333333333336,8.152365591397851,0.879032258064516,0.9359318996415772,0.8974014336917563,1.0,1.0,1.0,0.0,1.0,1000184.3919040437,1018467.8222482742,10.809401871254906,0.0009103840231525801,0.0010516403828739966
TEUSAQUILLO,2022-07-01,8.257425742574258,10.145337159253948,11.40245398773006,18.19483870967742,79.52129032258064,1.1383870967741936,,228.31,7.36483870967742,0.9368279569892471,0.8763440860215054,0.9502688172043012,1.0,1.0,1.0,0.0,1.0,999083.3876167,1004973.201652838,-2.70708738567689,0.000785620556698945,0.0008943403047066377
TUNJUELITO,2022-07-01,15.37,,11.847714285714286,18.19483870967742,79.52129032258064,1.1383870967741936,,228.31,7.36483870967742,0.168010752688172,0.9408602150537636,0.674731182795699,1.0,1.0,1.0,0.0,1.0,993510.4897483994,997638.3325117284,-8.360124268961851,0.0006877764301661451,0.0007829558135665568
USAQUEN,2022-07-01,6.779184247538678,5.659000000000001,16.415328467153284,18.19483870967742,79.52129032258064,1.1383870967741936,,228.31,7.36483870967742,0.9408602150537636,0.9206989247311828,0.9556451612903226,1.0,1.0,1.0,0.0,1.0,1005505.5080440022,1016114.784772832,-19.258532470006536,0.0013017764317601545,0.0014819254928005114
BARRIOS UNIDOS,2022-08-01,10.285714285714286,12.414884393063584,,18.116774193548387,77.78548387096774,1.2158064516129032,,162.59,5.24483870967742,0.9301075268817204,,0.9502688172043012,1.0,1.0,1.0,0.0,1.0,1000438.9545418106,1008112.973077683,,,
ENGATIVA,2022-08-01,12.799915847358774,15.383267343247942,8.202418306244654,18.116774193548387,77.78548387096774,1.2158064516129032,,162.59,5.24483870967742,0.907258064516129,0.9193548387096775,0.9314516129032258,1.0,1.0,1.0,0.0,1.0,996041.4771692234,1011602.8590215645,16.508989250631995,0.0017720481307769047,0.0021544675499671467
FONTIBON,2022-08-01,18.296482264692973,20.23119331500109,19.071069182389937,19.961129032258064,77.4908064516129,1.3156451612903226,,148.11,4.777741935483871,0.924731182795699,0.8548387096774194,0.9516129032258065,1.0,1.0,1.0,0.0,1.0,993049.7034200324,1009066.0409648584,-16.096963377803853,0.0017439695972412067,0.0022944451620478265
KENNEDY,2022-08-01,,,,18.116774193548387,77.78548387096774,1.2158064516129032,,162.59,5.24483870967742,0.4690860215053763,0.4690860215053763,0.4731182795698925,1.0,1.0,1.0,0.0,1.0,991660.3857957564,1003776.4359295673,,,
PUENTE ARANDA,2022-08-01,11.735203366058908,16.554468085106382,8.98147100424328,18.116774193548387,77.78548387096774,1.2158064516129032,,162.59,5.24483870967742,0.9475806451612904,0.9502688172043012,0.9583333333333334,1.0,1.0,1.0,0.0,1.0,996219.2899711643,1002216.689767894,11.142167613421275,0.0012018116209011145,0.0014611703223149357
SAN CRISTOBAL,2022-08-01,7.874824191279887,9.85449275362319,11.37001414427157,18.116774193548387,77.78548387096774,1.2158064516129032,,162.59,5.24483870967742,0.9274193548387096,0.9502688172043012,0.9556451612903226,1.0,1.0,1.0,0.0,1.0,1001269.0128432276,994752.74948143,3.976538193336406,0.000323952677359512,0.00039386375515096795
SUBA,2022-08-01,11.443339642334372,12.762390512537769,8.188305574472366,16.30279569892473,80.7810752688172,1.1998924731182796,,178.99333333333334,5.773978494623656,0.9215949820788532,0.9126344086021505,0.8906810035842293,1.0,1.0,1.0,0.0,1.0,1000184.3919040437,1018467.8222482742,0.014112731772288,1.7600882125019124e-06,2.1119165982052517e-06
TEUSAQUILLO,2022-08-01,9.582025677603424,11.599435825105784,13.842756680731366,18.116774193548387,77.78548387096774,1.2158064516129032,,162.59,5.24483870967742,0.952956989247312,0.9556451612903226,0.9422043010752688,1.0,1.0,1.0,0.0,1.0,999083.3876167,1004973.201652838,0.3670268251704858,0.0009700196176151526,0.0011793561092875839
TUNJUELITO,2022-08-01,16.91235632183908,11.7419881305638,15.26235294117647,18.116774193548387,77.78548387096774,1.2158064516129032,,162.59,5.24483870967742,0.9059139784946236,0.913978494623656,0.5349462365591398,1.0,1.0,1.0,0.0,1.0,993510.4897483994,997638.3325117284,-10.17322073383809,0.0008254526820096552,0.0010035906962885131
USAQUEN,2022-08-01,8.582510578279267,7.569219858156028,,18.116774193548387,77.78548387096774,1.2158064516129032,,162.59,5.24483870967742,0.9475806451612904,0.6505376344086021,0.952956989247312,1.0,1.0,1.0,0.0,1.0,1005505.5080440022,1016114.784772832,,,
BARRIOS UNIDOS,2022-09-01,16.013254786450663,,,18.666,78.09733333333334,1.0056666666666667,,135.09,4.503,0.7402777777777778,,0.9430555555555556,1.0,1.0,1.0,0.0,1.0,1000438.9545418106,1008112.973077683,,,
ENGATIVA,2022-09-01,17.24175323774741,23.429806259314457,9.680358777464075,18.666,78.09733333333334,1.0056666666666667,,135.09,4.503,0.7993055555555555,0.9486111111111113,0.9361111111111112,1.0,1.0,1.0,0.0,1.0,996041.4771692234,1011602.8590215645,1.9916650320597373,0.0002730471978097704,0.0002745944652640258
FONTIBON,2022-09-01,22.202716384496384,24.102835157318744,,20.801333333333332,76.13,1.0803333333333334,,128.60500000000002,4.286833333333334,0.9201388888888888,0.2555555555555555,0.9402777777777778,1.0,1.0,1.0,0.0,1.0,993049.7034200324,1009066.0409648584,,,
KENNEDY,2022-09-01,,,,18.666,78.09733333333334,1.0056666666666667,,135.09,4.503,0.2666666666666666,0.2680555555555555,0.2680555555555555,1.0,1.0,1.0,0.0,1.0,991660.3857957564,1003776.4359295673,,,
PUENTE ARANDA,2022-09-01,17.999137931034483,22.24,9.53284457478006,18.666,78.09733333333334,1.0056666666666667,,135.09,4.503,0.9444444444444444,0.9472222222222222,0.8055555555555556,1.0,1.0,1.0,0.0,1.0,996219.2899711643,1002216.689767894,9.260953784761098,0.000938452906293226,0.0009437708060955544
SAN CRISTOBAL,2022-09-01,12.832116788321168,14.483527696793004,11.70381679389313,18.666,78.09733333333334,1.0056666666666667,,135.09,4.503,0.9527777777777776,0.9097222222222222,0.9513888888888888,1.0,1.0,1.0,0.0,1.0,1001269.0128432276,994752.74948143,2.748037127421888,0.00028067793412004017,0.0002822684424133871
SUBA,2022-09-01,15.82586876488873,16.941684183248004,8.704953691034081,16.900222222222222,80.57522222222222,0.9978888888888888,,150.32333333333335,5.010777777777778,0.9333333333333332,0.9180555555555555,0.9337962962962963,1.0,1.0,1.0,0.0,1.0,1000184.3919040437,1018467.8222482742,0.9754050864299941,0.00012164894952591513,0.00012139213507691597
TEUSAQUILLO,2022-09-01,15.215552325581394,16.943446244477173,11.672023809523813,18.666,78.09733333333334,1.0056666666666667,,135.09,4.503,0.9430555555555556,0.9333333333333332,0.9555555555555556,1.0,1.0,1.0,0.0,1.0,999083.3876167,1004973.201652838,-2.139179234743752,0.0005381448775669708,0.000541194365206517
TUNJUELITO,2022-09-01,23.28341384863124,17.64448051948052,16.654619124797406,18.666,78.09733333333334,1.0056666666666667,,135.09,4.503,0.8555555555555555,0.8569444444444444,0.8625,1.0,1.0,1.0,0.0,1.0,993510.4897483994,997638.3325117284,-12.072576880921622,0.0009684229498294456,0.0009739106798784792
USAQUEN,2022-09-01,13.001453488372093,14.046902654867257,,18.666,78.09733333333334,1.0056666666666667,,135.09,4.503,0.9416666666666668,0.3263888888888889,0.9555555555555556,1.0,1.0,1.0,0.0,1.0,1005505.5080440022,1016114.784772832,,,
BARRIOS UNIDOS,2022-10-01,14.637429378531072,,,18.324193548387097,83.24870967741936,1.0612903225806452,,252.6,8.148387096774194,0.353494623655914,,0.9516129032258064,1.0,1.0,1.0,0.0,1.0,1000438.9545418106,1008112.973077683,,,
ENGATIVA,2022-10-01,14.779313654279903,16.83984375,12.905225988700565,18.324193548387097,83.24870967741936,1.0612903225806452,,252.6,8.148387096774194,0.8602150537634409,0.5866935483870968,0.9475806451612904,1.0,1.0,1.0,0.0,1.0,996041.4771692234,1011602.8590215645,5.326095316490823,0.0011015697668155162,0.0011690853331687253
FONTIBON,2022-10-01,18.188944745830824,21.70300773774857,20.38755304101839,20.19661290322581,82.00935483870967,1.1224193548387096,,265.915,8.577903225806452,0.8521505376344087,0.9502688172043012,0.9482526881720431,1.0,1.0,1.0,0.0,1.0,993049.7034200324,1009066.0409648584,-21.582339590700897,0.0013484351628095137,0.0015135097254824848
KENNEDY,2022-10-01,17.76280400572246,23.774857954545453,15.926099290780142,18.324193548387097,83.24870967741936,1.0612903225806452,,252.6,8.148387096774194,0.946236559139785,0.9475806451612904,0.939516129032258,1.0,1.0,1.0,0.0,1.0,991660.3857957564,1003776.4359295673,-4.333591755788502,0.0008570113610691766,0.0009095378638443841
PUENTE ARANDA,2022-10-01,15.419943820224718,25.142836041358937,8.490014265335235,18.324193548387097,83.24870967741936,1.0612903225806452,,252.6,8.148387096774194,0.9099462365591398,0.9422043010752688,0.956989247311828,1.0,1.0,1.0,0.0,1.0,996219.2899711643,1002216.689767894,15.7721895578463,0.0010846520374463242,0.0011511307107091634
SAN CRISTOBAL,2022-10-01,14.908563134978229,15.852609308885755,9.165808297567954,18.324193548387097,83.24870967741936,1.0612903225806452,,252.6,8.148387096774194,0.952956989247312,0.939516129032258,0.9260752688172044,1.0,1.0,1.0,0.0,1.0,1001269.0128432276,994752.74948143,6.308722435703235,0.0002929937121709324,0.00031095139130398955
SUBA,2022-10-01,12.627004402383367,17.430046270094227,9.106694951678067,16.80258064516129,84.60849462365591,0.9561290322580644,,252.63666666666666,8.149569892473119,0.8060035842293907,0.6043906810035843,0.849910394265233,1.0,1.0,1.0,0.0,1.0,1000184.3919040437,1018467.8222482742,3.7985310370224976,0.00047373887713321493,0.0004529554941364029
TEUSAQUILLO,2022-10-01,13.9070796460177,12.5645056726094,10.748994252873564,18.324193548387097,83.24870967741936,1.0612903225806452,,252.6,8.148387096774194,0.8293010752688172,0.935483870967742,0.9112903225806452,1.0,1.0,1.0,0.0,1.0,999083.3876167,1004973.201652838,7.379578800606497,0.0009451439683692546,0.0010030721470757574
TUNJUELITO,2022-10-01,22.70521861777151,16.43905325443787,14.5671388101983,18.324193548387097,83.24870967741936,1.0612903225806452,,252.6,8.148387096774194,0.9086021505376344,0.9489247311827956,0.952956989247312,1.0,1.0,1.0,0.0,1.0,993510.4897483994,997638.3325117284,-10.119494576911567,0.0006689584019494845,0.0007099590781980014
USAQUEN,2022-10-01,11.338959212376936,14.664488636363636,,18.324193548387097,83.24870967741936,1.0612903225806452,,252.6,8.148387096774194,0.946236559139785,0.7432795698924731,0.9556451612903226,1.0,1.0,1.0,0.0,1.0,1005505.5080440022,1016114.784772832,,,
BARRIOS UNIDOS,2022-11-01,16.372093023255815,12.094729136163984,,17.981333333333332,87.00733333333332,0.9713333333333334,,179.19,5.973,0.9486111111111112,,0.9555555555555556,1.0,1.0,1.0,0.0,1.0,1000438.9545418106,1008112.973077683,,,
ENGATIVA,2022-11-01,16.37605179715265,18.98290854572714,7.382033549944257,17.981333333333332,87.00733333333332,0.9713333333333334,,179.19,5.973,0.9263888888888888,0.9055555555555554,0.9520833333333332,1.0,1.0,1.0,0.0,1.0,996041.4771692234,1011602.8590215645,11.262281318860406,0.0028711858521557696,0.0027888785243939712
FONTIBON,2022-11-01,19.564311037885584,21.59238731045904,18.644314868804663,19.816666666666666,85.37566666666666,1.0228333333333333,,211.82,7.060666666666666,0.867361111111111,0.9527777777777776,0.9458333333333334,1.0,1.0,1.0,0.0,1.0,993049.7034200324,1009066.0409648584,-14.298104240373705,0.0017131404305767894,0.0017522571370749594
KENNEDY,2022-11-01,19.80396825396825,20.997510980966325,15.608491947291364,17.981333333333332,87.00733333333332,0.9713333333333334,,179.19,5.973,0.9486111111111112,0.9486111111111112,0.875,1.0,1.0,1.0,0.0,1.0,991660.3857957564,1003776.4359295673,-9.767564481841358,0.0010029504292686532,0.0009741991836296186
PUENTE ARANDA,2022-11-01,17.76807580174927,22.05157894736842,6.751608187134504,17.981333333333332,87.00733333333332,0.9713333333333334,,179.19,5.973,0.9236111111111112,0.95,0.9527777777777776,1.0,1.0,1.0,0.0,1.0,996219.2899711643,1002216.689767894,13.767263877115923,0.0013806100983303714,0.0013410326088449007
SAN CRISTOBAL,2022-11-01,16.278592375366568,16.62485465116279,6.549923896499239,17.981333333333332,87.00733333333332,0.9713333333333334,,179.19,5.973,0.9555555555555556,0.9125,0.9472222222222222,1.0,1.0,1.0,0.0,1.0,1001269.0128432276,994752.74948143,5.313748698229594,0.00031997334759834375,0.0003108007783005246
SUBA,2022-11-01,13.538746815218538,15.903889603417886,6.961010709161713,16.64488888888889,88.00544444444444,0.8282222222222222,,181.45666666666668,6.048555555555556,0.9069444444444444,0.7111111111111111,0.9314814814814815,1.0,1.0,1.0,0.0,1.0,1000184.3919040437,1018467.8222482742,5.756346442471271,0.00048475978624888156,0.0004014888274110181
TEUSAQUILLO,2022-11-01,16.241799709724237,17.31542288557214,,17.981333333333332,87.00733333333332,0.9713333333333334,,179.19,5.973,0.8375,0.5152777777777777,0.9569444444444444,1.0,1.0,1.0,0.0,1.0,999083.3876167,1004973.201652838,,,
TUNJUELITO,2022-11-01,24.37254901960784,15.89775112443778,11.661988304093567,17.981333333333332,87.00733333333332,0.9713333333333334,,179.19,5.973,0.9263888888888888,0.95,0.9208333333333332,1.0,1.0,1.0,0.0,1.0,993510.4897483994,997638.3325117284,-6.075940881355594,0.0007187407933105587,0.0006981368905689893
USAQUEN,2022-11-01,13.378457059679768,16.20367107195301,12.29633431085044,17.981333333333332,87.00733333333332,0.9713333333333334,,179.19,5.973,0.9458333333333332,0.9472222222222222,0.9541666666666668,1.0,1.0,1.0,0.0,1.0,1005505.5080440022,1016114.784772832,-10.249624362594911,0.0006928652006879831,0.0006730030649349277
BARRIOS UNIDOS,2022-12-01,18.98682284040996,11.726365054602184,,18.003548387096775,82.19999999999999,0.9396774193548388,,70.75,2.282258064516129,0.8615591397849462,0.303763440860215,0.918010752688172,1.0,1.0,1.0,0.0,1.0,1000438.9545418106,1008112.973077683,,,
ENGATIVA,2022-12-01,17.849112636664124,15.161976047904192,10.239202323786659,18.003548387096775,82.19999999999999,0.9396774193548388,,70.75,2.282258064516129,0.8978494623655914,0.918010752688172,0.9233870967741935,1.0,1.0,1.0,0.0,1.0,996041.4771692234,1011602.8590215645,14.362847456594016,0.0036616386366574087,0.003440759144704204
FONTIBON,2022-12-01,21.968756957328385,21.406398454873262,24.602049780380675,19.83967741935484,81.73758064516127,0.9579032258064516,,91.575,2.954032258064516,0.9032258064516129,0.918010752688172,0.9045698924731183,1.0,1.0,1.0,0.0,1.0,993049.7034200324,1009066.0409648584,-20.011107149511133,0.002347206612008352,0.002248396785277033
KENNEDY,2022-12-01,29.551090342679128,21.994598540145983,18.95379008746356,18.003548387096775,82.19999999999999,0.9396774193548388,,70.75,2.282258064516129,0.9206989247311828,0.922043010752688,0.8629032258064516,1.0,1.0,1.0,0.0,1.0,991660.3857957564,1003776.4359295673,-7.880906830835247,0.0012185388003333817,0.0011450333952810134
PUENTE ARANDA,2022-12-01,19.065014577259475,22.577860326894506,9.013119533527696,18.003548387096775,82.19999999999999,0.9396774193548388,,70.75,2.282258064516129,0.9045698924731184,0.922043010752688,0.922043010752688,1.0,1.0,1.0,0.0,1.0,996219.2899711643,1002216.689767894,16.292845138055227,0.001628590060013539,0.0015303493047804644
SAN CRISTOBAL,2022-12-01,18.107714701601164,15.651884057971014,8.474041811846691,18.003548387096775,82.19999999999999,0.9396774193548388,,70.75,2.282258064516129,0.9274193548387096,0.771505376344086,0.9233870967741936,1.0,1.0,1.0,0.0,1.0,1001269.0128432276,994752.74948143,7.430330027481375,0.00044616115220450425,0.00041924756011991
SUBA,2022-12-01,15.620905321040714,15.287390753671652,10.27655816400423,16.43537634408602,83.79860215053763,0.8782795698924732,,72.64999999999999,2.3435483870967744,0.878584229390681,0.8982974910394265,0.8745519713261648,1.0,1.0,1.0,0.0,1.0,1000184.3919040437,1018467.8222482742,7.2236979360767055,0.0006263278851264692,0.0005500909855605377
TEUSAQUILLO,2022-12-01,18.40377906976744,17.308479532163744,,18.003548387096775,82.19999999999999,0.9396774193548388,,70.75,2.282258064516129,0.9193548387096774,,0.9247311827956988,1.0,1.0,1.0,0.0,1.0,999083.3876167,1004973.201652838,,,
TUNJUELITO,2022-12-01,24.80205278592376,14.388005997001498,15.36529411764706,18.003548387096775,82.19999999999999,0.9396774193548388,,70.75,2.282258064516129,0.896505376344086,0.913978494623656,0.9166666666666666,1.0,1.0,1.0,0.0,1.0,993510.4897483994,997638.3325117284,-9.654930920103235,0.0008621149883775875,0.0008101099874657784
USAQUEN,2022-12-01,14.250655021834062,14.186892488954344,17.537611940298508,18.003548387096775,82.19999999999999,0.9396774193548388,,70.75,2.282258064516129,0.9126344086021504,0.9005376344086021,0.9233870967741936,1.0,1.0,1.0,0.0,1.0,1005505.5080440022,1016114.784772832,-14.559463392806126,0.000972054584746576,0.000913417743666702
BARRIOS UNIDOS,2023-01-01,16.94943820224719,12.562553191489362,16.91565585331453,17.54,82.15516129032258,0.9661290322580643,,181.32,5.849032258064516,0.9475806451612904,0.952956989247312,0.956989247311828,1.0,1.0,1.0,0.0,1.0,1000438.9545418106,1008112.973077683,-10.692000336698268,0.0007837821862502121,0.0007572347251030274
CIUDAD BOLIVAR,2023-01-01,20.056276445698167,,,17.54,82.15516129032258,0.9661290322580643,,181.32,5.849032258064516,,,0.952956989247312,1.0,1.0,1.0,0.0,1.0,990627.3993600724,987422.5313793835,,,
ENGATIVA,2023-01-01,16.574614537444933,15.66814701378254,14.604231311706627,17.54,82.15516129032258,0.9661290322580643,,181.32,5.849032258064516,0.8776881720430108,0.8360215053763442,0.9361559139784946,1.0,1.0,1.0,0.0,1.0,996041.4771692234,1011602.8590215645,7.702228690894184,0.0008930231418930902,0.0008627755838612274
FONTIBON,2023-01-01,18.53149568414846,20.27087545068246,19.99503546099291,19.343387096774194,81.63354838709678,0.9753225806451612,,199.325,6.429838709677419,0.9475806451612903,0.9475806451612904,0.939516129032258,1.0,1.0,1.0,0.0,1.0,993049.7034200324,1009066.0409648584,-7.603466728923259,0.000889451759946189,0.0008675023858700974
KENNEDY,2023-01-01,24.55767511177348,20.186206896551724,17.782372881355933,17.54,82.15516129032258,0.9661290322580643,,181.32,5.849032258064516,0.896505376344086,0.793010752688172,0.9018817204301076,1.0,1.0,1.0,0.0,1.0,991660.3857957564,1003776.4359295673,-9.347837636873354,0.0008948644801839734,0.000864554554242258
PUENTE ARANDA,2023-01-01,15.287101449275363,23.63888888888889,8.535080058224164,17.54,82.15516129032258,0.9661290322580643,,181.32,5.849032258064516,0.9193548387096774,0.9233870967741936,0.9274193548387096,1.0,1.0,1.0,0.0,1.0,996219.2899711643,1002216.689767894,16.181378252884976,0.0016113323515746037,0.0015567549654728829
SAN CRISTOBAL,2023-01-01,16.388967468175387,13.693389592123768,6.7147385103011095,17.54,82.15516129032258,0.9661290322580643,,181.32,5.849032258064516,0.9556451612903226,0.8481182795698925,0.9502688172043012,1.0,1.0,1.0,0.0,1.0,1001269.0128432276,994752.74948143,10.574768525599314,0.0006297913635887421,0.0006084597206284781
SUBA,2023-01-01,14.818040289860022,14.031661347499687,10.759258230107571,15.965161290322579,83.9505376344086,0.9139784946236559,,186.5,6.016129032258064,0.9439964157706093,0.8906810035842293,0.949820788530466,1.0,1.0,1.0,0.0,1.0,1000184.3919040437,1018467.8222482742,20.159601896419176,0.0009399481367078549,0.0008590923830125555
TEUSAQUILLO,2023-01-01,14.902118644067798,18.74926900584796,,17.54,82.15516129032258,0.9661290322580643,,181.32,5.849032258064516,0.9193548387096774,,0.9516129032258064,1.0,1.0,1.0,0.0,1.0,999083.3876167,1004973.201652838,,,
TUNJUELITO,2023-01-01,23.427762039660056,14.201490312965724,15.46916548797737,17.54,82.15516129032258,0.9661290322580643,,181.32,5.849032258064516,0.9018817204301076,0.9502688172043012,0.9489247311827956,1.0,1.0,1.0,0.0,1.0,993510.4897483994,997638.3325117284,-13.375305014050905,0.0009072964349544494,0.000876565426673734
USAQUEN,2023-01-01,12.81949152542373,12.46237623762376,20.91748942172073,17.54,82.15516129032258,0.9661290322580643,,181.32,5.849032258064516,0.9502688172043012,0.952956989247312,0.9516129032258064,1.0,1.0,1.0,0.0,1.0,1005505.5080440022,1016114.784772832,-20.473322870033464,0.0009235460053175272,0.0008922646083632237
BARRIOS UNIDOS,2023-02-01,22.01456310679612,14.824959216965745,14.21414944356121,18.75321428571429,78.37249999999999,0.9896428571428572,,54.03,1.9296428571428568,0.9122023809523808,0.9360119047619048,0.9196428571428572,1.0,1.0,1.0,0.0,1.0,1000438.9545418106,1008112.973077683,-7.46702524323983,0.0005513425107288327,0.0005456321775819984
CIUDAD BOLIVAR,2023-02-01,23.110518053375195,,,18.75321428571429,78.37249999999999,0.9896428571428572,,54.03,1.9296428571428568,,,0.9479166666666666,1.0,1.0,1.0,0.0,1.0,990627.3993600724,987422.5313793835,,,
ENGATIVA,2023-02-01,20.84090773809524,12.694771241830065,12.402496214415505,18.75321428571429,78.37249999999999,0.9896428571428572,,54.03,1.9296428571428568,0.9107142857142856,0.9367559523809523,0.9449404761904763,1.0,1.0,1.0,0.0,1.0,996041.4771692234,1011602.8590215645,14.563474126190167,0.0017868142832068107,0.0017683079924164546
FONTIBON,2023-02-01,26.29157235400007,22.98892514106583,25.154317111459967,20.487500000000004,79.1705357142857,0.9660714285714286,,66.155,2.3626785714285714,0.9397321428571429,0.9479166666666666,0.9508928571428571,1.0,1.0,1.0,0.0,1.0,993049.7034200324,1009066.0409648584,-19.013965484542766,0.00219797439695606,0.0021234002656307653
KENNEDY,2023-02-01,32.28846153846154,21.23817891373801,18.892172523961666,18.75321428571429,78.37249999999999,0.9896428571428572,,54.03,1.9296428571428568,0.9315476190476192,0.9315476190476192,0.9285714285714286,1.0,1.0,1.0,0.0,1.0,991660.3857957564,1003776.4359295673,-6.18329783533979,0.0012063554215132923,0.0011938610260761903
PUENTE ARANDA,2023-02-01,21.53582554517134,24.5978021978022,8.558777429467085,18.75321428571429,78.37249999999999,0.9896428571428572,,54.03,1.9296428571428568,0.9479166666666666,0.949404761904762,0.9553571428571428,1.0,1.0,1.0,0.0,1.0,996219.2899711643,1002216.689767894,18.55474286064565,0.0018450280098951943,0.0018259187912212798
SAN CRISTOBAL,2023-02-01,18.59090909090909,12.532087227414332,9.309930313588849,18.75321428571429,78.37249999999999,0.9896428571428572,,54.03,1.9296428571428568,0.9553571428571428,0.8541666666666666,0.9166666666666666,1.0,1.0,1.0,0.0,1.0,1001269.0128432276,994752.74948143,6.719041997907542,0.0004928976260179255,0.0004877926148913113
SUBA,2023-02-01,18.532752238607245,15.355843785010634,10.825413217042021,16.90952380952381,80.72416666666665,1.0198809523809522,,49.54333333333333,1.7694047619047615,0.9191468253968255,0.8472222222222223,0.9260912698412698,1.0,1.0,1.0,0.0,1.0,1000184.3919040437,1018467.8222482742,4.965819223892673,0.0002619249833593058,0.00026713230148085385
TEUSAQUILLO,2023-02-01,17.790015600624024,21.476971608832805,,18.75321428571429,78.37249999999999,0.9896428571428572,,54.03,1.9296428571428568,0.9434523809523808,,0.9538690476190476,1.0,1.0,1.0,0.0,1.0,999083.3876167,1004973.201652838,,,
TUNJUELITO,2023-02-01,25.1244094488189,14.01309148264984,16.780125195618155,18.75321428571429,78.37249999999999,0.9896428571428572,,54.03,1.9296428571428568,0.9434523809523808,0.9508928571428572,0.9449404761904762,1.0,1.0,1.0,0.0,1.0,993510.4897483994,997638.3325117284,-13.579495319836864,0.0009257833808666939,0.0009161949101362889
USAQUEN,2023-02-01,16.031104199066874,10.84442700156986,,18.75321428571429,78.37249999999999,0.9896428571428572,,54.03,1.9296428571428568,0.9479166666666666,0.21875,0.956845238095238,1.0,1.0,1.0,0.0,1.0,1005505.5080440022,1016114.784772832,,,
BARRIOS UNIDOS,2023-03-01,19.81065918653577,15.037906647807636,13.61238670694864,18.51451612903226,84.31870967741936,0.8709677419354839,,165.16,5.32774193548387,0.9502688172043012,0.8897849462365591,0.9583333333333334,1.0,1.0,1.0,0.0,1.0,1000438.9545418106,1008112.973077683,-7.223968208887689,0.0005303236241148072,0.00046189476939031596
CIUDAD BOLIVAR,2023-03-01,22.16295774647888,,,18.51451612903226,84.31870967741936,0.8709677419354839,,165.16,5.32774193548387,,,0.9543010752688172,1.0,1.0,1.0,0.0,1.0,990627.3993600724,987422.5313793835,,,
ENGATIVA,2023-03-01,19.890449750690323,16.57837837837838,12.012528368851402,18.51451612903226,84.31870967741936,0.8709677419354839,,165.16,5.32774193548387,0.9448924731182796,0.9475806451612903,0.9536290322580646,1.0,1.0,1.0,0.0,1.0,996041.4771692234,1011602.8590215645,20.067979686759955,0.002496602922862717,0.0021744606102352695
FONTIBON,2023-03-01,23.203568769279862,21.061267665228062,30.48064971751412,20.439032258064515,82.9551612903226,0.8837096774193548,,201.53,6.500967741935484,0.9469086021505377,0.9516129032258064,0.8776881720430108,1.0,1.0,1.0,0.0,1.0,993049.7034200324,1009066.0409648584,-28.813459922906212,0.0032999286075559987,0.002916178845290212
KENNEDY,2023-03-01,31.71929824561404,19.20225988700565,20.135311143270624,18.51451612903226,84.31870967741936,0.8709677419354839,,165.16,5.32774193548387,0.9516129032258064,0.928763440860215,0.9193548387096774,1.0,1.0,1.0,0.0,1.0,991660.3857957564,1003776.4359295673,-6.084284813102311,0.0016935489389215332,0.0014750264951897225
PUENTE ARANDA,2023-03-01,18.8028129395218,23.440793201133147,7.988276836158191,18.51451612903226,84.31870967741936,0.8709677419354839,,165.16,5.32774193548387,0.9489247311827956,0.9516129032258064,0.9556451612903226,1.0,1.0,1.0,0.0,1.0,996219.2899711643,1002216.689767894,20.01147953399149,0.0019996840990626577,0.0017416603443448954
SAN CRISTOBAL,2023-03-01,18.83994334277621,13.235724331926864,,18.51451612903226,84.31870967741936,0.8709677419354839,,165.16,5.32774193548387,0.9556451612903226,0.5497311827956989,0.9489247311827956,1.0,1.0,1.0,0.0,1.0,1001269.0128432276,994752.74948143,,,
SUBA,2023-03-01,18.69976855002176,16.744797579422954,13.504267525601579,17.007956989247315,85.51924731182795,0.8191397849462366,,156.92999999999998,5.062258064516128,0.9090501792114695,0.9005376344086022,0.9475806451612904,1.0,1.0,1.0,0.0,1.0,1000184.3919040437,1018467.8222482742,5.442294920222507,0.00045656323035831353,0.00037398910633006804
TEUSAQUILLO,2023-03-01,18.987323943661973,20.97917847025496,,18.51451612903226,84.31870967741936,0.8709677419354839,,165.16,5.32774193548387,0.9489247311827956,,0.9543010752688172,1.0,1.0,1.0,0.0,1.0,999083.3876167,1004973.201652838,,,
TUNJUELITO,2023-03-01,27.661931818181817,12.66735598227474,15.85272206303725,18.51451612903226,84.31870967741936,0.8709677419354839,,165.16,5.32774193548387,0.9099462365591398,0.9381720430107529,0.946236559139785,1.0,1.0,1.0,0.0,1.0,993510.4897483994,997638.3325117284,-3.581856146645686,0.0010731947972544072,0.0009347180492215804
USAQUEN,2023-03-01,16.43392330383481,12.703506097560975,20.3301824212272,18.51451612903226,84.31870967741936,0.8709677419354839,,165.16,5.32774193548387,0.8817204301075269,0.8104838709677419,0.9112903225806452,1.0,1.0,1.0,0.0,1.0,1005505.5080440022,1016114.784772832,-21.861364662279975,0.0008919462479788704,0.000776856409529984
BARRIOS UNIDOS,2023-04-01,16.571428571428573,14.608479532163743,11.196148148148149,18.597666666666665,83.93033333333332,0.8996666666666666,,218.01,7.266999999999999,0.95,0.9375,0.9527777777777776,1.0,1.0,1.0,0.0,1.0,1000438.9545418106,1008112.973077683,-7.137429921706203,0.0005194189124501428,0.00046730388156764513
CIUDAD BOLIVAR,2023-04-01,18.904824561403508,,,18.597666666666665,83.93033333333332,0.8996666666666666,,218.01,7.266999999999999,,,0.95,1.0,1.0,1.0,0.0,1.0,990627.3993600724,987422.5313793835,,,
ENGATIVA,2023-04-01,16.983352374907437,16.17134328358209,9.841873673860167,18.597666666666665,83.93033333333332,0.8996666666666666,,218.01,7.266999999999999,0.9305555555555556,0.9458333333333333,0.9548611111111112,1.0,1.0,1.0,0.0,1.0,996041.4771692234,1011602.8590215645,1.3542744742879815,0.0002412312077755239,0.00021702767659537967
FONTIBON,2023-04-01,19.54676599158502,20.637778925131922,,20.387166666666666,83.339,1.026333333333333,,214.26,7.1419999999999995,0.9479166666666667,0.6611111111111111,0.9458333333333333,1.0,1.0,1.0,0.0,1.0,993049.7034200324,1009066.0409648584,,,
KENNEDY,2023-04-01,21.234131736526944,23.041002949852505,16.24948905109489,18.597666666666665,83.93033333333332,0.8996666666666666,,218.01,7.266999999999999,0.9416666666666668,0.9513888888888888,0.9277777777777778,1.0,1.0,1.0,0.0,1.0,991660.3857957564,1003776.4359295673,-14.211022004680938,0.0013876927806292301,0.0012484609383060974
PUENTE ARANDA,2023-04-01,16.46676342525399,18.88097345132743,5.412992700729927,18.597666666666665,83.93033333333332,0.8996666666666666,,218.01,7.266999999999999,0.9416666666666668,0.9513888888888888,0.9569444444444444,1.0,1.0,1.0,0.0,1.0,996219.2899711643,1002216.689767894,18.298467046413954,0.001825860529043694,0.0016426658559629765
SAN CRISTOBAL,2023-04-01,13.551824817518249,12.656768558951969,6.217708333333333,18.597666666666665,83.93033333333332,0.8996666666666666,,218.01,7.266999999999999,0.9541666666666668,0.9333333333333332,0.9513888888888888,1.0,1.0,1.0,0.0,1.0,1001269.0128432276,994752.74948143,5.852539430842177,0.0004467656149885242,0.0004019401316180089
SUBA,2023-04-01,14.642281768959991,14.96354875282084,10.722693997071742,17.136333333333333,85.46033333333332,0.8695555555555555,,225.11333333333332,7.503777777777777,0.9212962962962963,0.7407407407407408,0.937037037037037,1.0,1.0,1.0,0.0,1.0,1000184.3919040437,1018467.8222482742,7.092525269128899,0.00048153634402320306,0.00041872260314728744
TEUSAQUILLO,2023-04-01,15.074235807860262,18.38424153166421,,18.597666666666665,83.93033333333332,0.8996666666666666,,218.01,7.266999999999999,0.9430555555555556,,0.9541666666666668,1.0,1.0,1.0,0.0,1.0,999083.3876167,1004973.201652838,,,
TUNJUELITO,2023-04-01,22.373692077727952,14.306317411402157,12.874963396778917,18.597666666666665,83.93033333333332,0.8996666666666666,,218.01,7.266999999999999,0.9013888888888888,0.9486111111111112,0.9291666666666668,1.0,1.0,1.0,0.0,1.0,993510.4897483994,997638.3325117284,-10.744700105178598,0.0009111071896389916,0.000819692768278546
USAQUEN,2023-04-01,11.03941605839416,10.26948148148148,18.22258543833581,18.597666666666665,83.93033333333332,0.8996666666666666,,218.01,7.266999999999999,0.9375,0.9347222222222222,0.9513888888888888,1.0,1.0,1.0,0.0,1.0,1005505.5080440022,1016114.784772832,-22.90704049592737,0.0009434271171236044,0.0008487699297055361
BARRIOS UNIDOS,2023-05-01,10.514124293785311,10.250991501416433,8.697185185185186,19.260322580645163,81.58612903225807,1.115483870967742,,220.91,7.126129032258064,0.9489247311827956,0.907258064516129,0.9516129032258064,1.0,1.0,1.0,0.0,1.0,1000438.9545418106,1008112.973077683,-1.934401681668767,0.0003459555955959954,0.0003859078869583716
CIUDAD BOLIVAR,2023-05-01,14.492482269503547,,,19.260322580645163,81.58612903225807,1.115483870967742,,220.91,7.126129032258064,,,0.9475806451612904,1.0,1.0,1.0,0.0,1.0,990627.3993600724,987422.5313793835,,,
ENGATIVA,2023-05-01,11.1811797752809,11.284615384615384,10.042313117066293,19.260322580645163,81.58612903225807,1.115483870967742,,220.91,7.126129032258064,0.8911290322580645,0.6323924731182796,0.6344086021505376,1.0,1.0,1.0,0.0,1.0,996041.4771692234,1011602.8590215645,-1.3451279318811071,0.0002396019727026703,0.0002672721360018819
FONTIBON,2023-05-01,16.16712187900128,19.093691646663878,,20.915,81.98193548387097,1.2701612903225805,,186.25,6.008064516129032,0.92002688172043,0.5349462365591398,0.9502688172043011,1.0,1.0,1.0,0.0,1.0,993049.7034200324,1009066.0409648584,,,
KENNEDY,2023-05-01,19.21048034934498,12.737240356083085,10.919298245614035,19.260322580645163,81.58612903225807,1.115483870967742,,220.91,7.126129032258064,0.9059139784946236,0.9193548387096774,0.9233870967741936,1.0,1.0,1.0,0.0,1.0,991660.3857957564,1003776.4359295673,-7.766425869425536,0.0007475425574504519,0.0008338716656979558
PUENTE ARANDA,2023-05-01,11.194176136363636,17.14874074074074,5.417655571635311,19.260322580645163,81.58612903225807,1.115483870967742,,220.91,7.126129032258064,0.907258064516129,0.928763440860215,0.946236559139785,1.0,1.0,1.0,0.0,1.0,996219.2899711643,1002216.689767894,8.738502152510636,0.0008751408948272175,0.000976205553004038
SAN CRISTOBAL,2023-05-01,6.554455445544554,9.376933895921235,4.541830985915492,19.260322580645163,81.58612903225807,1.115483870967742,,220.91,7.126129032258064,0.9556451612903226,0.9543010752688172,0.9502688172043012,1.0,1.0,1.0,0.0,1.0,1001269.0128432276,994752.74948143,4.98850864997155,0.0002970117037187462,0.0003313117649869111
SUBA,2023-05-01,10.365401281034325,13.444624903258722,5.95878541366278,17.621935483870967,83.74795698924731,1.1010752688172043,,244.49666666666667,7.886989247311828,0.928763440860215,0.9435483870967741,0.942652329749104,1.0,1.0,1.0,0.0,1.0,1000184.3919040437,1018467.8222482742,13.82761151463934,0.0006592545410225289,0.0007258888709753437
TEUSAQUILLO,2023-05-01,9.814084507042253,12.663920454545456,,19.260322580645163,81.58612903225807,1.115483870967742,,220.91,7.126129032258064,0.946236559139785,,0.9543010752688172,1.0,1.0,1.0,0.0,1.0,999083.3876167,1004973.201652838,,,
TUNJUELITO,2023-05-01,15.893767705382436,11.757001647446458,8.654515050167223,19.260322580645163,81.58612903225807,1.115483870967742,,220.91,7.126129032258064,0.8158602150537635,0.803763440860215,0.9489247311827956,1.0,1.0,1.0,0.0,1.0,993510.4897483994,997638.3325117284,-5.084760347336831,0.0004861924709525657,0.0005423398595335395
USAQUEN,2023-05-01,5.978014184397163,6.916232771822359,12.964469453376203,19.260322580645163,81.58612903225807,1.115483870967742,,220.91,7.126129032258064,0.8776881720430108,0.8360215053763441,0.9475806451612904,1.0,1.0,1.0,0.0,1.0,1005505.5080440022,1016114.784772832,-14.195124644214353,0.0006444606007167006,0.0007188854055736615
BARRIOS UNIDOS,2023-06-01,5.476190476190476,7.183234421364985,8.10576070901034,18.427666666666667,79.40100000000001,1.6053333333333333,,151.78,5.059333333333333,0.9361111111111112,0.9402777777777778,0.8166666666666667,1.0,1.0,1.0,0.0,1.0,1000438.9545418106,1008112.973077683,1.5500229467672568,0.00027780698178978105,0.0004459728080998618
CIUDAD BOLIVAR,2023-06-01,10.736671575846833,,,18.427666666666667,79.40100000000001,1.6053333333333333,,151.78,5.059333333333333,,,0.9430555555555556,1.0,1.0,1.0,0.0,1.0,990627.3993600724,987422.5313793835,,,
ENGATIVA,2023-06-01,7.462585034013605,7.912392426850259,10.540199335548172,18.427666666666667,79.40100000000001,1.6053333333333333,,151.78,5.059333333333333,0.8069444444444445,0.8361111111111111,0.8166666666666667,1.0,1.0,1.0,0.0,1.0,996041.4771692234,1011602.8590215645,-2.4344386265378315,0.00043363629846443475,0.0006961308044682392
FONTIBON,2023-06-01,11.953009689876062,14.87608625,,20.131166666666665,79.69266666666667,1.7506666666666666,,123.13,4.104333333333333,0.8784722222222222,0.1416666666666666,0.8513888888888889,1.0,1.0,1.0,0.0,1.0,993049.7034200324,1009066.0409648584,,,
KENNEDY,2023-06-01,18.25426356589148,13.452095808383234,7.166006097560975,18.427666666666667,79.40100000000001,1.6053333333333333,,151.78,5.059333333333333,0.9277777777777778,0.9111111111111112,0.8958333333333334,1.0,1.0,1.0,0.0,1.0,991660.3857957564,1003776.4359295673,2.058111114660802,0.00016194391395382948,0.0002599739632005476
PUENTE ARANDA,2023-06-01,5.104017857142857,15.270441176470587,7.221345029239766,18.427666666666667,79.40100000000001,1.6053333333333333,,151.78,5.059333333333333,0.9444444444444444,0.95,0.9333333333333332,1.0,1.0,1.0,0.0,1.0,996219.2899711643,1002216.689767894,1.8920943196244293,0.00018878311398603788,0.0003030598256522528
SAN CRISTOBAL,2023-06-01,4.305194805194805,6.783257918552036,5.302905198776759,18.427666666666667,79.40100000000001,1.6053333333333333,,151.78,5.059333333333333,0.9208333333333332,0.9083333333333332,0.8555555555555555,1.0,1.0,1.0,0.0,1.0,1001269.0128432276,994752.74948143,5.784312912229234,0.000339951713101204,0.0005457358167651328
SUBA,2023-06-01,6.868295641505326,9.639926547848772,6.727533669003127,16.643,82.24211111111111,1.5762222222222222,,176.92,5.897333333333333,0.8527777777777777,0.8513888888888889,0.837037037037037,1.0,1.0,1.0,0.0,1.0,1000184.3919040437,1018467.8222482742,10.705573570421102,0.0005187998077515225,0.0008177437858625664
TEUSAQUILLO,2023-06-01,5.135922330097087,7.839212328767124,,18.427666666666667,79.40100000000001,1.6053333333333333,,151.78,5.059333333333333,0.8111111111111111,,0.8583333333333333,1.0,1.0,1.0,0.0,1.0,999083.3876167,1004973.201652838,,,
TUNJUELITO,2023-06-01,11.39611360239163,7.495483870967742,9.168778280542986,18.427666666666667,79.40100000000001,1.6053333333333333,,151.78,5.059333333333333,0.8611111111111112,0.9208333333333332,0.9291666666666668,1.0,1.0,1.0,0.0,1.0,993510.4897483994,997638.3325117284,-7.8160785160514585,0.00038183443534893475,0.0006129715468801565
USAQUEN,2023-06-01,3.565640194489465,4.745552147239263,12.242214532871971,18.427666666666667,79.40100000000001,1.6053333333333333,,151.78,5.059333333333333,0.9055555555555556,0.8027777777777778,0.8569444444444444,1.0,1.0,1.0,0.0,1.0,1005505.5080440022,1016114.784772832,-11.353149885054275,0.0005156419040163148,0.0008277771365808573
BARRIOS UNIDOS,2023-07-01,7.762039660056657,8.269195751138087,11.603181818181818,18.774193548387096,78.48967741935483,1.717741935483871,,151.41,4.884193548387096,0.885752688172043,0.8870967741935484,0.9489247311827956,1.0,1.0,1.0,0.0,1.0,1000438.9545418106,1008112.973077683,-5.227102340961859,0.00036829800340680417,0.0006326409252068491
CIUDAD BOLIVAR,2023-07-01,10.472881355932204,,,18.774193548387096,78.48967741935483,1.717741935483871,,151.41,4.884193548387096,,,0.9516129032258064,1.0,1.0,1.0,0.0,1.0,990627.3993600724,987422.5313793835,,,
ENGATIVA,2023-07-01,7.5504,9.973430656934308,11.21320754716981,18.774193548387096,78.48967741935483,1.717741935483871,,151.41,4.884193548387096,0.9206989247311828,0.7426075268817205,0.7170698924731183,1.0,1.0,1.0,0.0,1.0,996041.4771692234,1011602.8590215645,0.389974271012008,6.946447428765587e-05,0.00011932204051024759
FONTIBON,2023-07-01,14.321291621589133,16.955473182624115,,20.71483870967742,77.74854838709678,1.6716129032258065,,130.345,4.204677419354839,0.9469086021505377,0.075268817204301,0.9495967741935484,1.0,1.0,1.0,0.0,1.0,993049.7034200324,1009066.0409648584,,,
KENNEDY,2023-07-01,13.158730158730158,15.608203677510607,7.843262411347518,18.774193548387096,78.48967741935483,1.717741935483871,,151.41,4.884193548387096,0.9502688172043012,0.9475806451612904,0.9314516129032258,1.0,1.0,1.0,0.0,1.0,991660.3857957564,1003776.4359295673,2.5218202975312733,0.0003924796803397376,0.0006741788057448719
PUENTE ARANDA,2023-07-01,7.097701149425287,17.05997171145686,6.766053748231967,18.774193548387096,78.48967741935483,1.717741935483871,,151.41,4.884193548387096,0.9502688172043012,0.9502688172043012,0.935483870967742,1.0,1.0,1.0,0.0,1.0,996219.2899711643,1002216.689767894,5.753446286877925,0.0005513048756044249,0.0009469995040624395
SAN CRISTOBAL,2023-07-01,4.90154711673699,8.098140200286123,,18.774193548387096,78.48967741935483,1.717741935483871,,151.41,4.884193548387096,0.939516129032258,,0.9556451612903226,1.0,1.0,1.0,0.0,1.0,1001269.0128432276,994752.74948143,,,
SUBA,2023-07-01,7.080800555796099,10.856856714081369,7.389808021521155,16.99021505376344,81.73440860215054,1.6870967741935485,,171.98666666666668,5.547956989247312,0.9448924731182795,0.8754480286738352,0.9502688172043011,1.0,1.0,1.0,0.0,1.0,1000184.3919040437,1018467.8222482742,16.083834866005557,0.0007555694743025097,0.0012747188227748795
TEUSAQUILLO,2023-07-01,6.24438202247191,9.332900432900432,,18.774193548387096,78.48967741935483,1.717741935483871,,151.41,4.884193548387096,0.9314516129032258,,0.956989247311828,1.0,1.0,1.0,0.0,1.0,999083.3876167,1004973.201652838,,,
TUNJUELITO,2023-07-01,9.036334913112164,10.648206599713056,11.442291371994342,18.774193548387096,78.48967741935483,1.717741935483871,,151.41,4.884193548387096,0.9368279569892471,0.9502688172043012,0.48723118279569894,1.0,1.0,1.0,0.0,1.0,993510.4897483994,997638.3325117284,-8.275266584409199,0.0007202203585637677,0.0012371527126942138
USAQUEN,2023-07-01,5.266666666666667,5.207132667617689,15.436869565217393,18.774193548387096,78.48967741935483,1.717741935483871,,151.41,4.884193548387096,0.9422043010752688,0.7728494623655914,0.9475806451612904,1.0,1.0,1.0,0.0,1.0,1005505.5080440022,1016114.784772832,-16.104411308779394,0.0007302410447181327,0.0012543656655238892
BARRIOS UNIDOS,2023-08-01,10.123769338959212,9.81909476661952,15.690921985815605,18.86903225806452,76.52032258064517,1.5912903225806452,,131.76,4.250322580645161,0.9502688172043012,0.9475806451612904,0.9556451612903226,1.0,1.0,1.0,0.0,1.0,1000438.9545418106,1008112.973077683,-6.549528137259729,0.0004944713308244922,0.000786847443534587
CIUDAD BOLIVAR,2023-08-01,11.502133712660028,,,18.86903225806452,76.52032258064517,1.5912903225806452,,131.76,4.250322580645161,,,0.9448924731182796,1.0,1.0,1.0,0.0,1.0,990627.3993600724,987422.5313793835,,,
ENGATIVA,2023-08-01,10.968813040345822,14.177003484320558,13.560968316640984,18.86903225806452,76.52032258064517,1.5912903225806452,,131.76,4.250322580645161,0.771505376344086,0.8696236559139785,0.9395161290322581,1.0,1.0,1.0,0.0,1.0,996041.4771692234,1011602.8590215645,2.12995366917462,0.00037939967552813976,0.0006037350320581657
FONTIBON,2023-08-01,18.258569030091696,19.739986202601973,,21.24467741935484,73.75096774193548,1.5380645161290323,,121.66999999999999,3.9248387096774193,0.9422043010752688,,0.946236559139785,1.0,1.0,1.0,0.0,1.0,993049.7034200324,1009066.0409648584,,,
KENNEDY,2023-08-01,14.125652173913045,19.365957446808512,10.9977304964539,18.86903225806452,76.52032258064517,1.5912903225806452,,131.76,4.250322580645161,0.9475806451612904,0.9475806451612904,0.9274193548387096,1.0,1.0,1.0,0.0,1.0,991660.3857957564,1003776.4359295673,5.9818271188821,0.00047359135418391054,0.0007536213387707196
PUENTE ARANDA,2023-08-01,9.153445850914206,18.086495726495727,11.271347517730495,18.86903225806452,76.52032258064517,1.5912903225806452,,131.76,4.250322580645161,0.7862903225806451,0.9475806451612904,0.9556451612903226,1.0,1.0,1.0,0.0,1.0,996219.2899711643,1002216.689767894,5.160976055052316,0.0005391944031339481,0.0008580148356966987
SAN CRISTOBAL,2023-08-01,7.19971870604782,9.494676258992806,,18.86903225806452,76.52032258064517,1.5912903225806452,,131.76,4.250322580645161,0.9341397849462364,,0.9556451612903226,1.0,1.0,1.0,0.0,1.0,1001269.0128432276,994752.74948143,,,
SUBA,2023-08-01,9.638561197532953,12.894587208735876,10.624960931759707,17.041935483870972,79.55978494623656,1.5174193548387098,,144.53333333333333,4.66236559139785,0.9426523297491038,0.9399641577060933,0.9422043010752689,1.0,1.0,1.0,0.0,1.0,1000184.3919040437,1018467.8222482742,17.507963284638237,0.0008297010259923236,0.0012590043955702872
TEUSAQUILLO,2023-08-01,9.389518413597736,11.690084985835696,,18.86903225806452,76.52032258064517,1.5912903225806452,,131.76,4.250322580645161,0.9489247311827956,,0.9489247311827956,1.0,1.0,1.0,0.0,1.0,999083.3876167,1004973.201652838,,,
TUNJUELITO,2023-08-01,20.664784748139873,14.18929088277858,16.705940594059406,18.86903225806452,76.52032258064517,1.5912903225806452,,131.76,4.250322580645161,0.928763440860215,0.9502688172043012,0.9549731182795699,1.0,1.0,1.0,0.0,1.0,993510.4897483994,997638.3325117284,-11.142803173934416,0.0009559992016152756,0.0015212722779252112
USAQUEN,2023-08-01,6.953257790368272,6.859036144578313,20.13095577746077,18.86903225806452,76.52032258064517,1.5912903225806452,,131.76,4.250322580645161,0.8924731182795699,0.9422043010752688,0.9489247311827956,1.0,1.0,1.0,0.0,1.0,1005505.5080440022,1016114.784772832,-20.516016098166013,0.0009097629662887238,0.0014476970040975079
BARRIOS UNIDOS,2023-09-01,12.519650655021834,11.664852941176472,17.116129032258065,19.59466666666667,75.409,1.4340000000000002,,139.46,4.648666666666667,0.9444444444444444,0.9472222222222222,0.9541666666666668,1.0,1.0,1.0,0.0,1.0,1000438.9545418106,1008112.973077683,-7.2038506387102785,0.0005540291326446143,0.000794477776212377
CIUDAD BOLIVAR,2023-09-01,19.44306784660767,,,19.59466666666667,75.409,1.4340000000000002,,139.46,4.648666666666667,,,0.9416666666666668,1.0,1.0,1.0,0.0,1.0,990627.3993600724,987422.5313793835,,,
ENGATIVA,2023-09-01,13.155454449821168,14.680606060606062,14.268085317460319,19.59466666666667,75.409,1.4340000000000002,,139.46,4.648666666666667,0.9166666666666666,0.9041666666666666,0.9479166666666666,1.0,1.0,1.0,0.0,1.0,996041.4771692234,1011602.8590215645,2.848043714797747,0.0005073100306932716,0.0007274825840141515
FONTIBON,2023-09-01,22.217708687331196,23.67943471237858,,22.045833333333334,71.80866666666667,1.4053333333333333,,118.595,3.953166666666667,0.945138888888889,,0.9291666666666666,1.0,1.0,1.0,0.0,1.0,993049.7034200324,1009066.0409648584,,,
KENNEDY,2023-09-01,,25.115036496350363,13.074198988195617,19.59466666666667,75.409,1.4340000000000002,,139.46,4.648666666666667,0.9513888888888888,0.8236111111111111,0.6069444444444444,1.0,1.0,1.0,0.0,1.0,991660.3857957564,1003776.4359295673,6.1180644828314925,0.0005342147996507012,0.0007660640226991056
PUENTE ARANDA,2023-09-01,12.19927536231884,22.109691629955947,12.760322108345534,19.59466666666667,75.409,1.4340000000000002,,139.46,4.648666666666667,0.9458333333333332,0.9486111111111112,0.9583333333333334,1.0,1.0,1.0,0.0,1.0,996219.2899711643,1002216.689767894,7.059695122381742,0.0006666151258799235,0.0009559260905118105
SAN CRISTOBAL,2023-09-01,7.765339233038348,9.184720121028745,,19.59466666666667,75.409,1.4340000000000002,,139.46,4.648666666666667,0.9180555555555556,,0.9416666666666668,1.0,1.0,1.0,0.0,1.0,1001269.0128432276,994752.74948143,,,
SUBA,2023-09-01,12.495433050821015,15.020640663479634,11.76086994819193,17.767444444444447,78.703,1.3694444444444445,,150.69333333333336,5.0231111111111115,0.9106481481481481,0.9212962962962963,0.9324074074074075,1.0,1.0,1.0,0.0,1.0,1000184.3919040437,1018467.8222482742,18.35307943139628,0.0008775953300952724,0.001201818049269359
TEUSAQUILLO,2023-09-01,11.155297532656023,13.493538913362702,,19.59466666666667,75.409,1.4340000000000002,,139.46,4.648666666666667,0.9458333333333332,,0.9569444444444444,1.0,1.0,1.0,0.0,1.0,999083.3876167,1004973.201652838,,,
TUNJUELITO,2023-09-01,14.83655589123867,11.641540785498488,19.506140350877192,19.59466666666667,75.409,1.4340000000000002,,139.46,4.648666666666667,0.9194444444444444,0.95,0.7888888888888889,1.0,1.0,1.0,0.0,1.0,993510.4897483994,997638.3325117284,-13.177759605213234,0.001135687827139963,0.0016285763441187073
USAQUEN,2023-09-01,8.236842105263158,8.760059171597634,22.25147492625369,19.59466666666667,75.409,1.4340000000000002,,139.46,4.648666666666667,0.9388888888888888,0.9416666666666668,0.95,1.0,1.0,1.0,0.0,1.0,1005505.5080440022,1016114.784772832,-23.609340480850754,0.001035580927527989,0.0014850230500751363
BARRIOS UNIDOS,2023-10-01,15.417201166180758,14.864164305949007,14.62177068214804,19.38935483870968,80.40064516129033,0.9116129032258063,,200.76,6.476129032258064,0.9489247311827956,0.9260752688172044,0.922043010752688,1.0,1.0,1.0,0.0,1.0,1000438.9545418106,1008112.973077683,-7.2471425476977025,0.0005646456047670382,0.0005147382190553709
CIUDAD BOLIVAR,2023-10-01,23.082496413199426,,,19.38935483870968,80.40064516129033,0.9116129032258063,,200.76,6.476129032258064,,,0.9368279569892471,1.0,1.0,1.0,0.0,1.0,990627.3993600724,987422.5313793835,,,
ENGATIVA,2023-10-01,15.923979748053538,19.08452722063037,11.394135733147177,19.38935483870968,80.40064516129033,0.9116129032258063,,200.76,6.476129032258064,0.9381720430107529,0.9448924731182795,0.9099462365591398,1.0,1.0,1.0,0.0,1.0,996041.4771692234,1011602.8590215645,3.227634949000864,0.0005749250183684715,0.0005241090651320323
FONTIBON,2023-10-01,19.966029188813998,24.733666561298136,,21.59193548387097,78.065,0.9483870967741934,,197.22,6.361935483870967,0.944220430107527,0.6223118279569892,0.9435483870967742,1.0,1.0,1.0,0.0,1.0,993049.7034200324,1009066.0409648584,,,
KENNEDY,2023-10-01,23.687835926449782,23.8736170212766,,19.38935483870968,80.40064516129033,0.9116129032258063,,200.76,6.476129032258064,0.9475806451612904,0.5564516129032258,0.9502688172043012,1.0,1.0,1.0,0.0,1.0,991660.3857957564,1003776.4359295673,,,
PUENTE ARANDA,2023-10-01,14.859747545582048,25.99375,10.602263083451202,19.38935483870968,80.40064516129033,0.9116129032258063,,200.76,6.476129032258064,0.7956989247311828,0.9502688172043012,0.9583333333333334,1.0,1.0,1.0,0.0,1.0,996219.2899711643,1002216.689767894,2.960833877474993,0.0005565816079134551,0.0005073869754720722
SAN CRISTOBAL,2023-10-01,11.855255681818182,12.465853658536586,,19.38935483870968,80.40064516129033,0.9116129032258063,,200.76,6.476129032258064,0.9368279569892471,,0.946236559139785,1.0,1.0,1.0,0.0,1.0,1001269.0128432276,994752.74948143,,,
SUBA,2023-10-01,12.929948569417304,15.657204416328293,11.638080626774872,17.663010752688173,82.2058064516129,0.8653763440860214,,210.45333333333335,6.7888172043010755,0.9121863799283153,0.8982974910394265,0.9404121863799283,1.0,1.0,1.0,0.0,1.0,1000184.3919040437,1018467.8222482742,10.542782013480624,0.000553210527851724,0.000478735304102223
TEUSAQUILLO,2023-10-01,15.374120956399436,18.696561604584527,,19.38935483870968,80.40064516129033,0.9116129032258063,,200.76,6.476129032258064,0.9381720430107529,,0.9556451612903226,1.0,1.0,1.0,0.0,1.0,999083.3876167,1004973.201652838,,,
TUNJUELITO,2023-10-01,27.792946851290584,16.311158192090396,13.563096960926195,19.38935483870968,80.40064516129033,0.9116129032258063,,200.76,6.476129032258064,0.9516129032258064,0.928763440860215,0.95497311827957,1.0,1.0,1.0,0.0,1.0,993510.4897483994,997638.3325117284,-2.960833877474993,0.0005565816079134551,0.0005073869754720722
USAQUEN,2023-10-01,10.927966101694915,13.994263565891472,19.441117478510023,19.38935483870968,80.40064516129033,0.9116129032258063,,200.76,6.476129032258064,0.8669354838709677,0.9381720430107529,0.9516129032258064,1.0,1.0,1.0,0.0,1.0,1005505.5080440022,1016114.784772832,-20.669365393459977,0.000872505351016255,0.0007953871361199795
BARRIOS UNIDOS,2023-11-01,11.30366568914956,12.227165932452277,12.69297709923664,19.18,81.34533333333334,0.989,,170.2,5.673333333333333,0.9458333333333332,0.9097222222222222,0.9472222222222222,1.0,1.0,1.0,0.0,1.0,1000438.9545418106,1008112.973077683,-7.675927345362833,0.0006048193595179377,0.0005981663465632404
CIUDAD BOLIVAR,2023-11-01,15.82274052478134,,,19.18,81.34533333333334,0.989,,170.2,5.673333333333333,,,0.9527777777777776,1.0,1.0,1.0,0.0,1.0,990627.3993600724,987422.5313793835,,,
ENGATIVA,2023-11-01,14.365848680463262,16.313752122241084,8.937820970757503,19.18,81.34533333333334,0.989,,170.2,5.673333333333333,0.8180555555555555,0.9055555555555557,0.95625,1.0,1.0,1.0,0.0,1.0,996041.4771692234,1011602.8590215645,9.24756771586117,0.0010345578643627448,0.0010231777278547547
FONTIBON,2023-11-01,20.041067257069137,22.210061627102128,14.430232558139537,21.15983333333333,79.9895,1.0395,,180.135,6.0045,0.9458333333333334,0.8958333333333334,0.9409722222222222,1.0,1.0,1.0,0.0,1.0,993049.7034200324,1009066.0409648584,-10.200879439639216,0.0011305804237233671,0.0011752383504604403
KENNEDY,2023-11-01,20.524669603524227,20.643906020558003,9.721764705882354,19.18,81.34533333333334,0.989,,170.2,5.673333333333333,0.9458333333333332,0.9444444444444444,0.9458333333333332,1.0,1.0,1.0,0.0,1.0,991660.3857957564,1003776.4359295673,3.7589090287277713,0.0005290034877946707,0.0005231844494289293
PUENTE ARANDA,2023-11-01,12.18471615720524,,8.772205882352942,19.18,81.34533333333334,0.989,,170.2,5.673333333333333,,0.9444444444444444,0.9541666666666668,1.0,1.0,1.0,0.0,1.0,996219.2899711643,1002216.689767894,0.9495588235294115,0.0001970717127671791,0.00019490392392674012
SAN CRISTOBAL,2023-11-01,10.25095168374817,11.798956780923994,,19.18,81.34533333333334,0.989,,170.2,5.673333333333333,0.9319444444444444,,0.9486111111111112,1.0,1.0,1.0,0.0,1.0,1001269.0128432276,994752.74948143,,,
SUBA,2023-11-01,11.910773725044644,15.851230909669473,10.021233161446679,17.529555555555557,83.32133333333333,0.96,,171.87333333333333,5.72911111111111,0.875,0.9361111111111112,0.9472222222222221,1.0,1.0,1.0,0.0,1.0,1000184.3919040437,1018467.8222482742,7.459598585654106,0.00046739550716771967,0.0004486996868810109
TEUSAQUILLO,2023-11-01,14.569767441860463,16.856632653061226,,19.18,81.34533333333334,0.989,,170.2,5.673333333333333,0.8166666666666667,,0.9555555555555556,1.0,1.0,1.0,0.0,1.0,999083.3876167,1004973.201652838,,,
TUNJUELITO,2023-11-01,25.772317202888754,13.820117474302496,,19.18,81.34533333333334,0.989,,170.2,5.673333333333333,0.9458333333333332,0.45,0.9465277777777776,1.0,1.0,1.0,0.0,1.0,993510.4897483994,997638.3325117284,,,
USAQUEN,2023-11-01,8.893118594436311,11.088626292466763,15.8925,19.18,81.34533333333334,0.989,,170.2,5.673333333333333,0.9402777777777778,0.9444444444444444,0.9486111111111112,1.0,1.0,1.0,0.0,1.0,1005505.5080440022,1016114.784772832,-16.02546876855918,0.0006700930551168856,0.0006627220315105999
BARRIOS UNIDOS,2023-12-01,15.020319303338171,12.866666666666664,13.17349926793558,19.54258064516129,80.67806451612903,1.0270967741935484,,133.78,4.315483870967742,0.9193548387096774,0.918010752688172,0.9260752688172044,1.0,1.0,1.0,0.0,1.0,1000438.9545418106,1008112.973077683,-7.8564107285033575,0.0006191449615081335,0.0006359217927231925
CIUDAD BOLIVAR,2023-12-01,21.84698972099853,,,19.54258064516129,80.67806451612903,1.0270967741935484,,133.78,4.315483870967742,,,0.9153225806451613,1.0,1.0,1.0,0.0,1.0,990627.3993600724,987422.5313793835,,,
ENGATIVA,2023-12-01,18.410412373533283,18.21622807017544,9.324848422301917,19.54258064516129,80.67806451612903,1.0270967741935484,,133.78,4.315483870967742,0.9193548387096774,0.9166666666666666,0.9240591397849462,1.0,1.0,1.0,0.0,1.0,996041.4771692234,1011602.8590215645,8.679914352639548,0.0009586088200055331,0.000984584026741167
FONTIBON,2023-12-01,24.5686676237762,22.537227034120736,14.156111929307803,21.518709677419356,78.97112903225806,0.9980645161290322,,125.095,4.035322580645161,0.8299731182795699,0.9126344086021504,0.8541666666666667,1.0,1.0,1.0,0.0,1.0,993049.7034200324,1009066.0409648584,-8.011171056751646,0.000906557155821597,0.0009048025290683939
KENNEDY,2023-12-01,26.71010273972603,20.36579330422125,10.976204379562043,19.54258064516129,80.67806451612903,1.0270967741935484,,133.78,4.315483870967742,0.9233870967741936,0.9206989247311828,0.7849462365591398,1.0,1.0,1.0,0.0,1.0,991660.3857957564,1003776.4359295673,1.3694425552496003,0.0004785925321410278,0.0004915608459151718
PUENTE ARANDA,2023-12-01,16.268367346938778,,9.165739385065883,19.54258064516129,80.67806451612903,1.0270967741935484,,133.78,4.315483870967742,0.4583333333333333,0.918010752688172,0.922043010752688,1.0,1.0,1.0,0.0,1.0,996219.2899711643,1002216.689767894,1.8104649944961597,0.0003757444283906741,0.0003859258903212601
SAN CRISTOBAL,2023-12-01,15.227842565597667,13.887334315169367,,19.54258064516129,80.67806451612903,1.0270967741935484,,133.78,4.315483870967742,0.9126344086021504,,0.922043010752688,1.0,1.0,1.0,0.0,1.0,1001269.0128432276,994752.74948143,,,
SUBA,2023-12-01,15.463766795218001,15.98164568361932,8.892815025220386,17.918602150537634,83.40720430107525,0.96752688172043,,142.51666666666665,4.597311827956989,0.8776881720430106,0.9135304659498207,0.8870967741935484,1.0,1.0,1.0,0.0,1.0,1000184.3919040437,1018467.8222482742,14.173284967517509,0.0006977316734949474,0.0006750741503341436
TEUSAQUILLO,2023-12-01,19.098981077147016,16.81119515885023,,19.54258064516129,80.67806451612903,1.0270967741935484,,133.78,4.315483870967742,0.8884408602150538,0.532258064516129,0.9233870967741936,1.0,1.0,1.0,0.0,1.0,999083.3876167,1004973.201652838,,,
TUNJUELITO,2023-12-01,28.84749420013525,14.074743024963288,,19.54258064516129,80.67806451612903,1.0270967741935484,,133.78,4.315483870967742,0.9153225806451613,0.1384408602150537,0.8783602150537634,1.0,1.0,1.0,0.0,1.0,993510.4897483994,997638.3325117284,,,
USAQUEN,2023-12-01,11.7798833819242,13.224447717231222,18.35338235294117,19.54258064516129,80.67806451612903,1.0270967741935484,,133.78,4.315483870967742,0.9126344086021504,0.913978494623656,0.922043010752688,1.0,1.0,1.0,0.0,1.0,1005505.5080440022,1016114.784772832,-23.66898434336563,0.0010113638436232493,0.0010387685413214276
BARRIOS UNIDOS,2024-01-01,17.83051724137931,12.119129082426127,18.97507788161994,20.018387096774195,71.83064516129032,1.3596774193548389,,19.18,0.6187096774193548,0.864247311827957,0.8629032258064516,0.7795698924731183,1.0,1.0,1.0,0.0,1.0,1000438.9545418106,1008112.973077683,-12.398321079963791,0.000666808822962103,0.0009066448996081499
ENGATIVA,2024-01-01,19.50361445783133,17.451223241590213,12.80561256529558,20.018387096774195,71.83064516129032,1.3596774193548389,,19.18,0.6187096774193548,0.8790322580645161,0.8716397849462365,0.7298387096774194,1.0,1.0,1.0,0.0,1.0,996041.4771692234,1011602.8590215645,17.955426476281012,0.001136317353541439,0.0015450250468313437
FONTIBON,2024-01-01,26.204568862785152,22.42997424128327,18.69661971830985,22.37225806451613,69.49645161290323,1.1646774193548388,,26.465,0.8537096774193548,0.9522849462365591,0.9543010752688172,0.9220430107526882,1.0,1.0,1.0,0.0,1.0,993049.7034200324,1009066.0409648584,-10.91355199463641,0.0008071565147132765,0.0009400769665717049
KENNEDY,2024-01-01,22.95666131621188,21.567957746478875,13.670128022759602,20.018387096774195,71.83064516129032,1.3596774193548389,,19.18,0.6187096774193548,0.7634408602150538,0.9448924731182796,0.8373655913978495,1.0,1.0,1.0,0.0,1.0,991660.3857957564,1003776.4359295673,9.432640719184574,0.0006141502587437547,0.0008350462389048149
PUENTE ARANDA,2024-01-01,17.90210843373494,19.174537695590328,13.020733427362485,20.018387096774195,71.83064516129032,1.3596774193548389,,19.18,0.6187096774193548,0.9448924731182796,0.952956989247312,0.8924731182795699,1.0,1.0,1.0,0.0,1.0,996219.2899711643,1002216.689767894,12.034165954701153,0.0008786836167170442,0.001194726272407207
SAN CRISTOBAL,2024-01-01,15.777470930232557,10.764356435643563,15.083028286189684,20.018387096774195,71.83064516129032,1.3596774193548389,,19.18,0.6187096774193548,0.9502688172043012,0.8077956989247311,0.9247311827956988,1.0,1.0,1.0,0.0,1.0,1001269.0128432276,994752.74948143,5.197886782822438,0.00033834141904928814,0.0004600351875137902
SUBA,2024-01-01,19.281842058297844,16.456144917193175,11.607504953421051,18.046021505376345,75.65763440860215,1.3188172043010755,,15.126666666666665,0.48795698924731185,0.9368279569892474,0.9493727598566308,0.9511648745519713,1.0,1.0,1.0,0.0,1.0,1000184.3919040437,1018467.8222482742,20.56481400473146,0.000974358196269627,0.0012850003523921481
TEUSAQUILLO,2024-01-01,20.07475317348378,15.072946175637394,18.70056657223796,20.018387096774195,71.83064516129032,1.3596774193548389,,19.18,0.6187096774193548,0.9489247311827956,0.9489247311827956,0.952956989247312,1.0,1.0,1.0,0.0,1.0,999083.3876167,1004973.201652838,-5.409268689421607,0.0005032211090514092,0.0006842183789199
TUNJUELITO,2024-01-01,28.73724636135211,11.895056497175142,18.725671641791045,20.018387096774195,71.83064516129032,1.3596774193548389,,19.18,0.6187096774193548,0.9516129032258064,0.9005376344086021,0.9563172043010753,1.0,1.0,1.0,0.0,1.0,993510.4897483994,997638.3325117284,-14.403125189061365,0.0007670213026957644,0.0010429015454395637
USAQUEN,2024-01-01,15.413258110014104,11.276803394625176,23.606638418079097,20.018387096774195,71.83064516129032,1.3596774193548389,,19.18,0.6187096774193548,0.9502688172043012,0.9516129032258064,0.952956989247312,1.0,1.0,1.0,0.0,1.0,1005505.5080440022,1016114.784772832,-27.431719853900724,0.0011938571307470048,0.0016232605826124599
BARRIOS UNIDOS,2024-02-01,17.909618320610686,13.241232227488153,17.010091743119265,20.71896551724138,74.39793103448275,1.2134482758620688,,67.75,2.336206896551724,0.9094827586206896,0.9396551724137931,0.9410919540229884,1.0,1.0,1.0,0.0,1.0,1000438.9545418106,1008112.973077683,-14.872240883130363,0.0009564202717667524,0.001160566529774897
ENGATIVA,2024-02-01,,16.385551948051948,10.142137349610064,20.71896551724138,74.39793103448275,1.2134482758620688,,67.75,2.336206896551724,0.8850574712643678,0.9181034482758621,0.5201149425287356,1.0,1.0,1.0,0.0,1.0,996041.4771692234,1011602.8590215645,14.39699069771315,0.0009156213799341355,0.001111059184823525
FONTIBON,2024-02-01,26.247609826452926,21.562178331916044,14.311332312404287,22.743620689655174,73.05413793103448,1.2101724137931034,,90.89500000000001,3.134310344827586,0.9245689655172413,0.9382183908045976,0.9346264367816093,1.0,1.0,1.0,0.0,1.0,993049.7034200324,1009066.0409648584,-5.043539433168377,0.00039525995956867974,0.0004783326993469936
KENNEDY,2024-02-01,20.876992481203008,15.52308868501529,14.246341463414634,20.71896551724138,74.39793103448275,1.2134482758620688,,67.75,2.336206896551724,0.9396551724137931,0.942528735632184,0.9554597701149424,1.0,1.0,1.0,0.0,1.0,991660.3857957564,1003776.4359295673,1.9883636323381175,0.00031389367963473655,0.00038089374435677163
PUENTE ARANDA,2024-02-01,18.46051051051052,18.3910094637224,12.51391830559758,20.71896551724138,74.39793103448275,1.2134482758620688,,67.75,2.336206896551724,0.9109195402298852,0.9497126436781608,0.956896551724138,1.0,1.0,1.0,0.0,1.0,996219.2899711643,1002216.689767894,8.108702642221836,0.0005403316204974197,0.0006556644732863517
SAN CRISTOBAL,2024-02-01,16.435649546827793,12.885407066052228,8.909259259259258,20.71896551724138,74.39793103448275,1.2134482758620688,,67.75,2.336206896551724,0.9353448275862069,0.9310344827586208,0.9511494252873564,1.0,1.0,1.0,0.0,1.0,1001269.0128432276,994752.74948143,17.190256623419746,0.0006419399832505538,0.0007789609658823099
SUBA,2024-02-01,17.848794321478028,16.139061619877623,10.578397178019316,18.875632183908046,77.84367816091954,1.1496551724137931,,62.550000000000004,2.156896551724138,0.8979885057471265,0.903256704980843,0.9377394636015327,1.0,1.0,1.0,0.0,1.0,1000184.3919040437,1018467.8222482742,18.73682766361891,0.0009550941723835627,0.001098028955423034
TEUSAQUILLO,2024-02-01,20.02556390977444,18.531722054380666,13.501978691019788,20.71896551724138,74.39793103448275,1.2134482758620688,,67.75,2.336206896551724,0.9511494252873564,0.9439655172413792,0.9554597701149424,1.0,1.0,1.0,0.0,1.0,999083.3876167,1004973.201652838,3.329406288061767,0.0004617884510948116,0.0005603563997940144
TUNJUELITO,2024-02-01,28.183067999506356,13.910599078341011,17.902137404580152,20.71896551724138,74.39793103448275,1.2134482758620688,,67.75,2.336206896551724,0.9353448275862069,0.9410919540229884,0.9504310344827587,1.0,1.0,1.0,0.0,1.0,993510.4897483994,997638.3325117284,-18.036893185468983,0.0008898417987442224,0.0010797769964761787
USAQUEN,2024-02-01,15.784313725490197,13.533533834586464,23.31979010494753,20.71896551724138,74.39793103448275,1.2134482758620688,,67.75,2.336206896551724,0.9554597701149424,0.9583333333333334,0.9525862068965516,1.0,1.0,1.0,0.0,1.0,1005505.5080440022,1016114.784772832,-32.22874404409394,0.001371004943063779,0.0016636435843591165
BARRIOS UNIDOS,2024-03-01,26.43870056497175,13.08406827880512,21.721448863636365,21.388387096774192,71.98322580645161,1.1596774193548387,,80.08,2.5832258064516127,0.9448924731182796,0.946236559139785,0.9516129032258064,1.0,1.0,1.0,0.0,1.0,1000438.9545418106,1008112.973077683,-17.435819760696294,0.001075129865135971,0.0012468038274721987
ENGATIVA,2024-03-01,29.203651685393258,15.127643504531722,14.09880682680859,21.388387096774192,71.98322580645161,1.1596774193548387,,80.08,2.5832258064516127,0.8897849462365591,0.9509408602150538,0.956989247311828,1.0,1.0,1.0,0.0,1.0,996041.4771692234,1011602.8590215645,18.896711402262035,0.001241973095569681,0.0014402881543783882
FONTIBON,2024-03-01,35.01060519676593,24.321233277812226,21.07852062588905,23.543064516129032,70.11258064516129,1.136290322580645,,79.965,2.5795161290322577,0.944220430107527,0.9448924731182796,0.9536290322580646,1.0,1.0,1.0,0.0,1.0,993049.7034200324,1009066.0409648584,-14.187864227710309,0.0009915662831009376,0.0011267071716848556
KENNEDY,2024-03-01,28.79858956276446,18.94836415362732,16.555728429985855,21.388387096774192,71.98322580645161,1.1596774193548387,,80.08,2.5832258064516127,0.9448924731182796,0.9502688172043012,0.952956989247312,1.0,1.0,1.0,0.0,1.0,991660.3857957564,1003776.4359295673,10.113805251689572,0.0007262173747582005,0.0008421778910502357
PUENTE ARANDA,2024-03-01,28.00437235543018,20.519686162624826,15.23655761024182,21.388387096774192,71.98322580645161,1.1596774193548387,,80.08,2.5832258064516127,0.9422043010752688,0.9448924731182796,0.952956989247312,1.0,1.0,1.0,0.0,1.0,996219.2899711643,1002216.689767894,12.705130297939059,0.0008716136894993948,0.0010107907141130078
SAN CRISTOBAL,2024-03-01,25.45779220779221,12.314163090128757,9.974090247452692,21.388387096774192,71.98322580645161,1.1596774193548387,,80.08,2.5832258064516127,0.939516129032258,0.9233870967741936,0.8279569892473119,1.0,1.0,1.0,0.0,1.0,1001269.0128432276,994752.74948143,27.173361566562406,0.0010064615655428237,0.0011671707510085326
SUBA,2024-03-01,28.071441181007625,16.08661928305568,12.256534954407295,19.50559139784946,75.96924731182796,1.1235483870967744,,84.13,2.713870967741935,0.903673835125448,0.8543906810035842,0.949820788530466,1.0,1.0,1.0,0.0,1.0,1000184.3919040437,1018467.8222482742,28.52426784849967,0.0013675784086495816,0.0015365405152666107
TEUSAQUILLO,2024-03-01,29.323488045007032,15.681934566145092,18.39316239316239,21.388387096774192,71.98322580645161,1.1596774193548387,,80.08,2.5832258064516127,0.9448924731182796,0.9435483870967742,0.9556451612903226,1.0,1.0,1.0,0.0,1.0,999083.3876167,1004973.201652838,2.857039920280057,0.0007118747087691926,0.0008255450251694346
TUNJUELITO,2024-03-01,39.112737949405975,13.132386363636364,23.46591230551627,21.388387096774192,71.98322580645161,1.1596774193548387,,80.08,2.5832258064516127,0.946236559139785,0.9502688172043012,0.9153225806451613,1.0,1.0,1.0,0.0,1.0,993510.4897483994,997638.3325117284,-28.631360628868443,0.0014182467126454656,0.001644708687729177
USAQUEN,2024-03-01,25.185593220338983,,29.4736170212766,21.388387096774192,71.98322580645161,1.1596774193548387,,80.08,2.5832258064516127,0.4448924731182795,0.9475806451612904,0.9516129032258064,1.0,1.0,1.0,0.0,1.0,1005505.5080440022,1016114.784772832,-40.34406041897755,0.001748047459657109,0.0020271711669249378
BARRIOS UNIDOS,2024-04-01,20.69983844911147,15.20352422907489,17.15066079295154,20.540666666666667,76.39433333333334,0.9806666666666666,,223.34,7.444666666666666,0.9458333333333332,0.9458333333333332,0.8597222222222223,1.0,1.0,1.0,0.0,1.0,1000438.9545418106,1008112.973077683,-11.146724107851348,0.0006355389196128369,0.0006232518338336553
ENGATIVA,2024-04-01,24.001317715959008,20.967627118644067,11.673722917467924,20.540666666666667,76.39433333333334,0.9806666666666666,,223.34,7.444666666666666,0.8194444444444444,0.8868055555555555,0.70625,1.0,1.0,1.0,0.0,1.0,996041.4771692234,1011602.8590215645,16.83752457674429,0.0011133720734118886,0.001091846879992592
FONTIBON,2024-04-01,27.352730315493723,26.875638809519202,18.522254758418743,22.408166666666666,76.00800000000001,0.966,,245.18,8.172666666666666,0.9472222222222222,0.9486111111111112,0.9548611111111112,1.0,1.0,1.0,0.0,1.0,993049.7034200324,1009066.0409648584,-13.646413140127832,0.0009607263465608622,0.0009280616507777929
KENNEDY,2024-04-01,24.246745562130176,21.99868035190616,14.060850439882698,20.540666666666667,76.39433333333334,0.9806666666666666,,223.34,7.444666666666666,0.9472222222222222,0.9472222222222222,0.9388888888888888,1.0,1.0,1.0,0.0,1.0,991660.3857957564,1003776.4359295673,8.291476052122208,0.0006667739713626161,0.0006538830079162721
PUENTE ARANDA,2024-04-01,22.926656626506023,25.16834319526627,12.445757575757575,20.540666666666667,76.39433333333334,0.9806666666666666,,223.34,7.444666666666666,0.9388888888888888,0.9166666666666666,0.9222222222222224,1.0,1.0,1.0,0.0,1.0,996219.2899711643,1002216.689767894,12.41537052798173,0.0008677519434297883,0.0008509754058568124
SAN CRISTOBAL,2024-04-01,19.445772594752185,14.42589285714286,,20.540666666666667,76.39433333333334,0.9806666666666666,,223.34,7.444666666666666,0.9333333333333332,0.6888888888888889,0.9527777777777776,1.0,1.0,1.0,0.0,1.0,1001269.0128432276,994752.74948143,,,
SUBA,2024-04-01,22.505703533803104,17.69618202976695,12.455458820158285,18.736444444444444,79.23422222222223,0.9877777777777776,,213.4333333333333,7.114444444444444,0.9092592592592593,0.9273148148148148,0.9467592592592592,1.0,1.0,1.0,0.0,1.0,1000184.3919040437,1018467.8222482742,17.511198739306312,0.000962634989044044,0.0009508694502890612
TEUSAQUILLO,2024-04-01,24.8577648766328,19.174631268436578,16.185777777777776,20.540666666666667,76.39433333333334,0.9806666666666666,,223.34,7.444666666666666,0.9416666666666668,0.9375,0.9569444444444444,1.0,1.0,1.0,0.0,1.0,999083.3876167,1004973.201652838,-0.4386602062054692,0.0005144887492669748,0.0005045419667811465
TUNJUELITO,2024-04-01,32.08260609031977,15.269277108433734,19.506015037593983,20.540666666666667,76.39433333333334,0.9806666666666666,,223.34,7.444666666666666,0.9222222222222224,0.9236111111111112,0.9027777777777777,1.0,1.0,1.0,0.0,1.0,993510.4897483994,997638.3325117284,-12.505422059547692,0.0010882809113873944,0.001067240813767238
USAQUEN,2024-04-01,18.21229629629629,,26.0531914893617,20.540666666666667,76.39433333333334,0.9806666666666666,,223.34,7.444666666666666,0.6125,0.9138888888888888,0.9375,1.0,1.0,1.0,0.0,1.0,1005505.5080440022,1016114.784772832,-36.87973193750736,0.0015495309754136168,0.00151957337655562
BARRIOS UNIDOS,2024-05-01,8.1163610719323,9.72135785007072,8.284582743988684,19.726774193548387,82.56838709677419,0.9661290322580643,,371.83,11.994516129032258,0.9502688172043012,0.9502688172043012,0.952956989247312,1.0,1.0,1.0,0.0,1.0,1000438.9545418106,1008112.973077683,-5.499400476111351,0.000307246414860566,0.0002968396814539984
ENGATIVA,2024-05-01,8.6580195238625,13.164113475177306,6.112661299531803,19.726774193548387,82.56838709677419,0.9661290322580643,,371.83,11.994516129032258,0.726478494623656,0.8904569892473118,0.9536290322580646,1.0,1.0,1.0,0.0,1.0,996041.4771692234,1011602.8590215645,5.408535384800256,0.0003379980001747063,0.00032654968081395006
FONTIBON,2024-05-01,15.989955910516235,19.608771548602057,7.668926553672317,21.394354838709674,83.19677419354838,1.159516129032258,,360.305,11.622741935483871,0.9475806451612903,0.9516129032258064,0.926747311827957,1.0,1.0,1.0,0.0,1.0,993049.7034200324,1009066.0409648584,-3.602817777459885,0.00027022252349171626,0.00031332737441644323
KENNEDY,2024-05-01,12.575458392101552,18.381985815602835,5.498290598290598,19.726774193548387,82.56838709677419,0.9661290322580643,,371.83,11.994516129032258,0.9475806451612904,0.9435483870967742,0.952956989247312,1.0,1.0,1.0,0.0,1.0,991660.3857957564,1003776.4359295673,6.036793729388757,0.0003393321181897329,0.0003278386109607258
PUENTE ARANDA,2024-05-01,8.91018922852984,17.776888888888887,5.448676470588235,19.726774193548387,82.56838709677419,0.9661290322580643,,371.83,11.994516129032258,0.907258064516129,0.913978494623656,0.9233870967741936,1.0,1.0,1.0,0.0,1.0,996219.2899711643,1002216.689767894,6.359333672260558,0.00044849011935273636,0.00043329932498756296
SAN CRISTOBAL,2024-05-01,6.244159544159544,8.64354136429608,2.95687134502924,19.726774193548387,82.56838709677419,0.9661290322580643,,371.83,11.994516129032258,0.9260752688172044,0.9193548387096774,0.9435483870967742,1.0,1.0,1.0,0.0,1.0,1001269.0128432276,994752.74948143,13.78513492123518,0.000506431500323784,0.0004892781753128171
SUBA,2024-05-01,8.46260924764746,11.930332045131403,5.860803863828058,18.091827956989246,84.56021505376344,1.008817204301075,,378.76,12.218064516129033,0.8620071684587813,0.8991935483870969,0.939068100358423,1.0,1.0,1.0,0.0,1.0,1000184.3919040437,1018467.8222482742,10.33940631567268,0.0005275419407319888,0.0005321933858008083
TEUSAQUILLO,2024-05-01,11.268635724331928,12.021194879089617,7.793009985734664,19.726774193548387,82.56838709677419,0.9661290322580643,,371.83,11.994516129032258,0.9448924731182796,0.9422043010752688,0.9556451612903226,1.0,1.0,1.0,0.0,1.0,999083.3876167,1004973.201652838,-1.9768441889547566,0.00025017087584071714,0.00024169734617514443
TUNJUELITO,2024-05-01,18.673184960678274,7.492582025677604,9.4140625,19.726774193548387,82.56838709677419,0.9661290322580643,,371.83,11.994516129032258,0.9422043010752688,0.946236559139785,0.95497311827957,1.0,1.0,1.0,0.0,1.0,993510.4897483994,997638.3325117284,-14.338349086091927,0.0007120954437357104,0.0006879760819317589
USAQUEN,2024-05-01,4.8608757062146895,6.378172588832487,13.524573863636364,19.726774193548387,82.56838709677419,0.9661290322580643,,371.83,11.994516129032258,0.7943548387096774,0.946236559139785,0.9516129032258064,1.0,1.0,1.0,0.0,1.0,1005505.5080440022,1016114.784772832,-20.315673683560547,0.0008591405408987,0.000830040619352131
BARRIOS UNIDOS,2024-06-01,7.140393343419063,9.262865497076024,8.336988304093568,19.017666666666667,81.55966666666667,1.1303333333333332,,247.96,8.265333333333334,0.95,0.95,0.9180555555555556,1.0,1.0,1.0,0.0,1.0,1000438.9545418106,1008112.973077683,-6.158021788077072,0.0003639663460543276,0.00041140329315674163
ENGATIVA,2024-06-01,8.163904505451201,14.131119908727408,6.0169497256356745,19.017666666666667,81.55966666666667,1.1303333333333332,,247.96,8.265333333333334,0.9493055555555556,0.9479166666666665,0.9388888888888889,1.0,1.0,1.0,0.0,1.0,996041.4771692234,1011602.8590215645,5.592950997427586,0.00036271405699848724,0.0004099877890939567
FONTIBON,2024-06-01,13.890394409719077,19.38824224989949,7.936310395314788,20.70883333333333,82.4705,1.2726666666666666,,265.92,8.864,0.9472222222222222,0.9486111111111112,0.8784722222222222,1.0,1.0,1.0,0.0,1.0,993049.7034200324,1009066.0409648584,-4.959659133693742,0.0003397932496418792,0.00043244354237756486
KENNEDY,2024-06-01,11.883090379008747,19.318235294117645,5.461820851688693,19.017666666666667,81.55966666666667,1.1303333333333332,,247.96,8.265333333333334,0.9444444444444444,0.9458333333333332,0.9527777777777776,1.0,1.0,1.0,0.0,1.0,991660.3857957564,1003776.4359295673,5.9000315201628135,0.0003289930642694523,0.00037187182697923755
PUENTE ARANDA,2024-06-01,8.033676470588235,18.357886904761905,5.465491923641704,19.017666666666667,81.55966666666667,1.1303333333333332,,247.96,8.265333333333334,0.9333333333333332,0.9458333333333332,0.9444444444444444,1.0,1.0,1.0,0.0,1.0,996219.2899711643,1002216.689767894,5.319538311962238,0.0003741851721518531,0.00042295397292231124
SAN CRISTOBAL,2024-06-01,5.638879456706282,9.179294478527607,4.0132275132275135,19.017666666666667,81.55966666666667,1.1303333333333332,,247.96,8.265333333333334,0.9055555555555556,0.7875,0.8180555555555555,1.0,1.0,1.0,0.0,1.0,1001269.0128432276,994752.74948143,9.680002615157818,0.00035691884500226246,0.0004034372678008906
SUBA,2024-06-01,7.757658321945692,12.384527898909923,7.216330885952031,17.296777777777777,83.93222222222222,1.1386666666666665,,249.93666666666664,8.331222222222223,0.9231481481481482,0.8203703703703703,0.8967592592592593,1.0,1.0,1.0,0.0,1.0,1000184.3919040437,1018467.8222482742,-0.07872374217481948,0.00012888755464057604,0.00014675996221740257
TEUSAQUILLO,2024-06-01,10.546666666666669,12.427753303964757,7.370501474926254,19.017666666666667,81.55966666666667,1.1303333333333332,,247.96,8.265333333333334,0.9458333333333332,0.9416666666666668,0.9375,1.0,1.0,1.0,0.0,1.0,999083.3876167,1004973.201652838,-0.37271380172870217,0.00027981585682591186,0.0003162851901655557
TUNJUELITO,2024-06-01,17.4385206062038,,8.883691756272402,19.017666666666667,81.55966666666667,1.1303333333333332,,247.96,8.265333333333334,0.7138888888888889,0.775,0.8666666666666667,1.0,1.0,1.0,0.0,1.0,993510.4897483994,997638.3325117284,-11.710534980259295,0.0005882328960258326,0.0006648992501411994
USAQUEN,2024-06-01,5.313676470588236,7.447761194029851,,19.017666666666667,81.55966666666667,1.1303333333333332,,247.96,8.265333333333334,0.9305555555555556,0.6694444444444444,0.9444444444444444,1.0,1.0,1.0,0.0,1.0,1005505.5080440022,1016114.784772832,,,
BARRIOS UNIDOS,2024-07-01,4.673699015471168,6.943705799151344,11.93932107496464,18.71451612903226,80.19419354838709,1.4970967741935486,,128.74,4.152903225806452,0.9502688172043012,0.9502688172043012,0.9556451612903226,1.0,1.0,1.0,0.0,1.0,1000438.9545418106,1008112.973077683,-6.607570876370249,0.0003664914181210608,0.0005486731198386591
ENGATIVA,2024-07-01,5.293585303474519,12.121719796377295,10.145138111235537,18.71451612903226,80.19419354838709,1.4970967741935486,,128.74,4.152903225806452,0.8595430107526882,0.8568548387096775,0.8548387096774193,1.0,1.0,1.0,0.0,1.0,996041.4771692234,1011602.8590215645,1.9616751028399495,0.00022861168965387406,0.0003422538231237515
FONTIBON,2024-07-01,11.020274961719206,18.302078675321553,9.26949152542373,20.301290322580645,80.58467741935483,1.7080645161290327,,117.03,3.775161290322581,0.9495967741935484,0.9516129032258064,0.907258064516129,1.0,1.0,1.0,0.0,1.0,993049.7034200324,1009066.0409648584,-0.028742348424201758,0.0003342083518697167,0.0005708494268226291
KENNEDY,2024-07-01,9.075212464589235,18.147375886524824,6.4463172804532585,18.71451612903226,80.19419354838709,1.4970967741935486,,128.74,4.152903225806452,0.9475806451612904,0.9489247311827956,0.9489247311827956,1.0,1.0,1.0,0.0,1.0,991660.3857957564,1003776.4359295673,9.965378720414023,0.0005680161420040186,0.0008503751338840809
PUENTE ARANDA,2024-07-01,5.181779053084648,14.612375533428166,7.876977401129943,18.71451612903226,80.19419354838709,1.4970967741935486,,128.74,4.152903225806452,0.9448924731182796,0.9516129032258064,0.9368279569892471,1.0,1.0,1.0,0.0,1.0,996219.2899711643,1002216.689767894,6.161523548441748,0.0006448855425384229,0.0009654560654583295
SAN CRISTOBAL,2024-07-01,4.106990881458967,6.882324058919804,,18.71451612903226,80.19419354838709,1.4970967741935486,,128.74,4.152903225806452,0.821236559139785,0.7231182795698925,0.8844086021505376,1.0,1.0,1.0,0.0,1.0,1001269.0128432276,994752.74948143,,,
SUBA,2024-07-01,5.9001928140315485,10.340617684354273,10.336425906761974,16.949354838709677,82.96139784946236,1.4815053763440862,,138.79,4.477096774193549,0.9417562724014337,0.9516129032258065,0.9184587813620072,1.0,1.0,1.0,0.0,1.0,1000184.3919040437,1018467.8222482742,8.462328358569621,0.0004634841247341711,0.0006866542226438076
TEUSAQUILLO,2024-07-01,6.650771388499299,8.081779661016949,11.188276836158192,18.71451612903226,80.19419354838709,1.4970967741935486,,128.74,4.152903225806452,0.9516129032258064,0.9516129032258064,0.9583333333333334,1.0,1.0,1.0,0.0,1.0,999083.3876167,1004973.201652838,-4.479040506956262,0.00043859905059301856,0.0006566252238071612
TUNJUELITO,2024-07-01,16.225094114244204,9.355650684931506,12.157861635220126,18.71451612903226,80.19419354838709,1.4970967741935486,,128.74,4.152903225806452,0.7849462365591398,0.8548387096774194,0.9059139784946237,1.0,1.0,1.0,0.0,1.0,993510.4897483994,997638.3325117284,-9.99242858885705,0.0008478213647262233,0.0012692706302240009
USAQUEN,2024-07-01,4.321518987341772,3.724039829302987,17.387146892655366,18.71451612903226,80.19419354838709,1.4970967741935486,,128.74,4.152903225806452,0.9448924731182796,0.9516129032258064,0.8494623655913979,1.0,1.0,1.0,0.0,1.0,1005505.5080440022,1016114.784772832,-19.740555585003946,0.0008259309303441164,0.0012364985315248531
BARRIOS UNIDOS,2024-08-01,9.039099859353025,9.964033850493651,17.345133991537377,18.966451612903228,75.88193548387098,1.470967741935484,,59.62,1.9232258064516128,0.952956989247312,0.952956989247312,0.9556451612903226,1.0,1.0,1.0,0.0,1.0,1000438.9545418106,1008112.973077683,-13.229706366473003,0.0008585609721618367,0.001262915494534831
ENGATIVA,2024-08-01,9.30618846694796,17.19243937232525,7.969186875891583,18.966451612903228,75.88193548387098,1.470967741935484,,59.62,1.9232258064516128,0.7755376344086021,0.7762096774193548,0.758736559139785,1.0,1.0,1.0,0.0,1.0,996041.4771692234,1011602.8590215645,27.05594418283587,0.0016566907208418757,0.0024369386087222432
FONTIBON,2024-08-01,19.647978606041143,24.013437375666427,15.40394366197183,21.011612903225807,74.62741935483871,1.4606451612903228,,62.30499999999999,2.0098387096774193,0.9529569892473118,0.9543010752688172,0.9516129032258066,1.0,1.0,1.0,0.0,1.0,993049.7034200324,1009066.0409648584,-4.624273291050664,0.001140441917397742,0.00166578096837967
KENNEDY,2024-08-01,,,,18.966451612903228,75.88193548387098,1.470967741935484,,59.62,1.9232258064516128,0.6263440860215054,0.6263440860215054,0.6223118279569892,1.0,1.0,1.0,0.0,1.0,991660.3857957564,1003776.4359295673,,,
PUENTE ARANDA,2024-08-01,12.45848787446505,19.660057061340943,12.622081575246131,18.966451612903228,75.88193548387098,1.470967741935484,,59.62,1.9232258064516128,0.9422043010752688,0.9556451612903226,0.9422043010752688,1.0,1.0,1.0,0.0,1.0,996219.2899711643,1002216.689767894,10.36154389399157,0.0011516823692734582,0.001694087614157087
SAN CRISTOBAL,2024-08-01,7.507467532467533,8.158581560283688,21.28276353276353,18.966451612903228,75.88193548387098,1.470967741935484,,59.62,1.9232258064516128,0.9475806451612904,0.9435483870967742,0.8279569892473119,1.0,1.0,1.0,0.0,1.0,1001269.0128432276,994752.74948143,-15.620501978560622,0.0005749143980739124,0.000845680533940981
SUBA,2024-08-01,11.491099337862941,12.912473073457924,15.226815213451715,17.174086021505378,79.02301075268818,1.4202150537634413,,67.70333333333333,2.183978494623656,0.9489247311827956,0.946236559139785,0.9543010752688174,1.0,1.0,1.0,0.0,1.0,1000184.3919040437,1018467.8222482742,1.6513154521089772,0.0007589324657224166,0.0010778473126087829
TEUSAQUILLO,2024-08-01,10.533236994219653,10.616973125884016,18.214427157001413,18.966451612903228,75.88193548387098,1.470967741935484,,59.62,1.9232258064516128,0.9502688172043012,0.9502688172043012,0.9301075268817204,1.0,1.0,1.0,0.0,1.0,999083.3876167,1004973.201652838,-9.272122242248901,0.0006821703852949466,0.0010034506312725667
TUNJUELITO,2024-08-01,22.21478446817812,,17.39127988748242,18.966451612903228,75.88193548387098,1.470967741935484,,59.62,1.9232258064516128,,0.9556451612903226,0.9556451612903227,1.0,1.0,1.0,0.0,1.0,993510.4897483994,997638.3325117284,-0.8777146669551783,0.0006833168492240562,0.0010051370427295796
USAQUEN,2024-08-01,8.539662447257383,6.19493670886076,22.017440225035163,18.966451612903228,75.88193548387098,1.470967741935484,,59.62,1.9232258064516128,0.9556451612903226,0.9556451612903226,0.9556451612903226,1.0,1.0,1.0,0.0,1.0,1005505.5080440022,1016114.784772832,-25.51118459422481,0.0010001249765086405,0.001471151578348194
BARRIOS UNIDOS,2024-09-01,11.45216718266254,12.307458143074582,18.70559210526316,19.767666666666667,73.34766666666665,1.438,,85.99,2.866333333333333,0.9125,0.8444444444444444,0.8972222222222223,1.0,1.0,1.0,0.0,1.0,1000438.9545418106,1008112.973077683,-5.888386315740686,0.0003365913694742706,0.0004840183893040011
ENGATIVA,2024-09-01,12.941390476406895,16.15300060523078,17.07560407629513,19.767666666666667,73.34766666666665,1.438,,85.99,2.866333333333333,0.8840277777777776,0.8909722222222223,0.825,1.0,1.0,1.0,0.0,1.0,996041.4771692234,1011602.8590215645,4.077959190117959,0.00022872039319747885,0.0003288999254179746
FONTIBON,2024-09-01,19.38701763938517,23.015919230700867,17.586569343065694,22.100166666666667,70.57166666666666,1.3843333333333334,,85.955,2.865166666666666,0.9319444444444444,0.9513888888888888,0.9222222222222223,1.0,1.0,1.0,0.0,1.0,993049.7034200324,1009066.0409648584,0.9150753608382303,0.0001629287116883847,0.0002255476465472872
KENNEDY,2024-09-01,,,,19.767666666666667,73.34766666666665,1.438,,85.99,2.866333333333333,0.6416666666666667,0.5375,0.6333333333333333,1.0,1.0,1.0,0.0,1.0,991660.3857957564,1003776.4359295673,,,
PUENTE ARANDA,2024-09-01,12.746131386861316,19.17083946980854,14.14017595307918,19.767666666666667,73.34766666666665,1.438,,85.99,2.866333333333333,0.9430555555555556,0.9472222222222222,0.9513888888888888,1.0,1.0,1.0,0.0,1.0,996219.2899711643,1002216.689767894,9.440579232399344,0.0010422325954579004,0.0014987304722684607
SAN CRISTOBAL,2024-09-01,10.661374045801526,9.865401459854017,16.013333333333332,19.767666666666667,73.34766666666665,1.438,,85.99,2.866333333333333,0.9513888888888888,0.9166666666666666,0.9097222222222222,1.0,1.0,1.0,0.0,1.0,1001269.0128432276,994752.74948143,3.821107091636886,0.0002734663097892315,0.0003932445534769149
SUBA,2024-09-01,13.550835171374265,14.778535294181072,16.0203345255628,17.868111111111112,77.04055555555554,1.396111111111111,,90.19,3.0063333333333326,0.7847222222222222,0.7861111111111111,0.737037037037037,1.0,1.0,1.0,0.0,1.0,1000184.3919040437,1018467.8222482742,8.282216065280455,0.0003904865113392153,0.0005451625572196933
TEUSAQUILLO,2024-09-01,,12.837591776798824,19.01260997067449,19.767666666666667,73.34766666666665,1.438,,85.99,2.866333333333333,0.9458333333333332,0.9472222222222222,0.6944444444444444,1.0,1.0,1.0,0.0,1.0,999083.3876167,1004973.201652838,-6.605492510615434,0.0005037019132399464,0.0007243233512390429
TUNJUELITO,2024-09-01,,,18.708321167883213,19.767666666666667,73.34766666666665,1.438,,85.99,2.866333333333333,0.3597222222222222,0.9513888888888888,0.7201388888888889,1.0,1.0,1.0,0.0,1.0,993510.4897483994,997638.3325117284,-7.263133049353915,0.000592147995247002,0.0008515088171651889
USAQUEN,2024-09-01,10.637573964497042,9.074231332357249,20.56202346041056,19.767666666666667,73.34766666666665,1.438,,85.99,2.866333333333333,0.9486111111111112,0.9472222222222222,0.9388888888888888,1.0,1.0,1.0,0.0,1.0,1005505.5080440022,1016114.784772832,-9.884539674110595,0.0004363826232346416,0.0006275182122114145
BARRIOS UNIDOS,2024-10-01,,,,19.448709677419355,77.96000000000001,1.1380645161290324,,178.05,5.743548387096775,0.6290322580645161,0.6303763440860215,0.6290322580645161,1.0,1.0,1.0,0.0,1.0,1000438.9545418106,1008112.973077683,,,
ENGATIVA,2024-10-01,13.301578843028455,17.262642045454545,8.024220963172805,19.448709677419355,77.96000000000001,1.1380645161290324,,178.05,5.743548387096775,0.7668010752688172,0.7681451612903225,0.935483870967742,1.0,1.0,1.0,0.0,1.0,996041.4771692234,1011602.8590215645,19.58611239817906,0.0019060272233767462,0.0021691819497010197
FONTIBON,2024-10-01,17.196739130434782,21.595703703703705,17.586901408450704,21.48548387096774,76.80596774193549,1.0862903225806453,,169.78,5.476774193548387,0.790994623655914,0.9543010752688172,0.7829301075268817,1.0,1.0,1.0,0.0,1.0,993049.7034200324,1009066.0409648584,-8.337180181088836,0.0008803071297485083,0.000956269115944549
KENNEDY,2024-10-01,20.680945347119646,22.54589928057554,18.3516501650165,19.448709677419355,77.96000000000001,1.1380645161290324,,178.05,5.743548387096775,0.9341397849462364,0.8145161290322581,0.9099462365591398,1.0,1.0,1.0,0.0,1.0,991660.3857957564,1003776.4359295673,-9.203034168158892,0.0005989794794055043,0.0006816772914008449
PUENTE ARANDA,2024-10-01,14.915919629057187,,11.740123456790124,19.448709677419355,77.96000000000001,1.1380645161290324,,178.05,5.743548387096775,0.3346774193548387,0.8709677419354839,0.8696236559139785,1.0,1.0,1.0,0.0,1.0,996219.2899711643,1002216.689767894,17.703824172369877,0.0012861219002417762,0.0014636896980816086
SAN CRISTOBAL,2024-10-01,10.157627118644069,13.242368045649073,14.656348074179745,19.448709677419355,77.96000000000001,1.1380645161290324,,178.05,5.743548387096775,0.9422043010752688,0.9422043010752688,0.9516129032258064,1.0,1.0,1.0,0.0,1.0,1001269.0128432276,994752.74948143,2.3436236119746425,0.00029127174897632325,0.0003314860420607963
SUBA,2024-10-01,11.423464694878504,16.44497841673305,14.583869824313402,17.716774193548385,80.6083870967742,1.1083870967741936,,192.49666666666667,6.209569892473119,0.7809139784946236,0.7195340501792115,0.9014336917562723,1.0,1.0,1.0,0.0,1.0,1000184.3919040437,1018467.8222482742,1.8940709845603507,0.0011355411413221121,0.0012586191488976701
TEUSAQUILLO,2024-10-01,11.18758815232722,15.644729344729344,18.047652916073968,19.448709677419355,77.96000000000001,1.1380645161290324,,178.05,5.743548387096775,0.9435483870967742,0.9448924731182796,0.952956989247312,1.0,1.0,1.0,0.0,1.0,999083.3876167,1004973.201652838,-6.768280966907108,0.0008249780194478596,0.0009388782105200158
TUNJUELITO,2024-10-01,23.67483574557227,10.859715639810426,16.524891461649784,19.448709677419355,77.96000000000001,1.1380645161290324,,178.05,5.743548387096775,0.8508064516129032,0.928763440860215,0.875,1.0,1.0,1.0,0.0,1.0,993510.4897483994,997638.3325117284,-4.82655268896298,0.0004700417151233389,0.0005349377970823031
USAQUEN,2024-10-01,8.661428571428571,12.989389534883722,23.03758967001435,19.448709677419355,77.96000000000001,1.1380645161290324,,178.05,5.743548387096775,0.9247311827956988,0.9368279569892471,0.9408602150537636,1.0,1.0,1.0,0.0,1.0,1005505.5080440022,1016114.784772832,-23.467088552542492,0.0014424706932347976,0.0016416247115265698
BARRIOS UNIDOS,2024-11-01,11.93578125,15.761538461538462,11.51160409556314,18.587,84.712,0.9796666666666668,,195.92,6.530666666666667,0.8125,0.8138888888888889,0.8888888888888888,1.0,1.0,1.0,0.0,1.0,1000438.9545418106,1008112.973077683,-5.952877706845013,0.00043442647150042954,0.0004255931332465875
ENGATIVA,2024-11-01,15.98992700729927,22.97521994134897,10.32179675994109,18.587,84.712,0.9796666666666668,,195.92,6.530666666666667,0.6243055555555556,0.5979166666666667,0.6006944444444444,1.0,1.0,1.0,0.0,1.0,996041.4771692234,1011602.8590215645,1.9614316283125373,0.0002043259429616441,0.00020017131545475736
FONTIBON,2024-11-01,16.41267104760351,24.495468837619164,11.093421052631578,20.635666666666665,82.92283333333333,0.9970000000000001,,192.665,6.422166666666667,0.9312499999999999,0.95,0.9479166666666667,1.0,1.0,1.0,0.0,1.0,993049.7034200324,1009066.0409648584,-0.3423250980268584,0.00013760656874423492,0.00013719374903800222
KENNEDY,2024-11-01,23.369648093841644,18.54992272024729,11.522720247295208,18.587,84.712,0.9796666666666668,,195.92,6.530666666666667,0.8986111111111111,0.8986111111111111,0.9472222222222222,1.0,1.0,1.0,0.0,1.0,991660.3857957564,1003776.4359295673,-6.371833945835967,0.00041719255837425144,0.0004087096430206417
PUENTE ARANDA,2024-11-01,15.772859216255442,26.21240657698057,6.748533724340176,18.587,84.712,0.9796666666666668,,195.92,6.530666666666667,0.9291666666666668,0.9472222222222222,0.9569444444444444,1.0,1.0,1.0,0.0,1.0,996219.2899711643,1002216.689767894,8.380024817692757,0.0008343332365171909,0.000817368460708008
SAN CRISTOBAL,2024-11-01,13.950506756756758,17.442143906020558,8.146833578792341,18.587,84.712,0.9796666666666668,,195.92,6.530666666666667,0.9458333333333332,0.9430555555555556,0.8222222222222222,1.0,1.0,1.0,0.0,1.0,1001269.0128432276,994752.74948143,0.8092385858333957,0.00021092434346910735,0.00020663554848523552
SUBA,2024-11-01,13.195873505823736,16.26122343283931,9.656568227441563,17.113444444444443,86.18711111111111,0.8814444444444446,,207.0333333333333,6.901111111111111,0.8888888888888888,0.8953703703703703,0.9449074074074074,1.0,1.0,1.0,0.0,1.0,1000184.3919040437,1018467.8222482742,7.387068954244631,0.0003661805212999913,0.00032276778616364797
TEUSAQUILLO,2024-11-01,13.79421768707483,19.929513888888888,,18.587,84.712,0.9796666666666668,,195.92,6.530666666666667,0.8,0.7486111111111111,0.8166666666666667,1.0,1.0,1.0,0.0,1.0,999083.3876167,1004973.201652838,,,
TUNJUELITO,2024-11-01,26.203005164830998,13.358686131386865,10.354372019077902,18.587,84.712,0.9796666666666668,,195.92,6.530666666666667,0.9513888888888888,0.8736111111111111,0.9305555555555556,1.0,1.0,1.0,0.0,1.0,993510.4897483994,997638.3325117284,-4.645028506805979,0.0003755861909334074,0.0003679492717177615
USAQUEN,2024-11-01,10.728951255539144,15.8628125,14.523372781065088,18.587,84.712,0.9796666666666668,,195.92,6.530666666666667,0.8888888888888888,0.9388888888888888,0.9402777777777778,1.0,1.0,1.0,0.0,1.0,1005505.5080440022,1016114.784772832,-12.080149260249472,0.0005184084533037298,0.0005078674814198873
BARRIOS UNIDOS,2024-12-01,15.356976744186047,13.855994152046785,15.074122807017543,19.18322580645161,82.05612903225806,0.9064516129032258,,157.62,5.0845161290322585,0.9193548387096774,0.9193548387096774,0.9247311827956988,1.0,1.0,1.0,0.0,1.0,1000438.9545418106,1008112.973077683,-2.7137238328357025,0.0002793834562625825,0.00025324758454769574
ENGATIVA,2024-12-01,16.957406436895,21.163860667634253,13.020029027576197,19.18322580645161,82.05612903225806,0.9064516129032258,,157.62,5.0845161290322585,0.823252688172043,0.8185483870967742,0.9059139784946235,1.0,1.0,1.0,0.0,1.0,996041.4771692234,1011602.8590215645,5.484117601779209,0.00035866768102449674,0.0003251148979609148
FONTIBON,2024-12-01,19.99099700838245,22.48754673494968,15.055589123867067,21.102096774193548,81.01419354838708,0.9287096774193548,,171.2,5.522580645161291,0.9166666666666666,0.8897849462365591,0.9240591397849462,1.0,1.0,1.0,0.0,1.0,993049.7034200324,1009066.0409648584,-2.692112920418399,0.00020323323963082968,0.00018874467641843826
KENNEDY,2024-12-01,26.96224188790561,16.655555555555555,15.040132669983418,19.18322580645161,82.05612903225806,0.9064516129032258,,157.62,5.0845161290322585,0.9193548387096774,0.8104838709677419,0.9112903225806452,1.0,1.0,1.0,0.0,1.0,991660.3857957564,1003776.4359295673,-2.087649977032715,0.00016543980566738543,0.00014996317868559776
PUENTE ARANDA,2024-12-01,17.825507246376812,,,19.18322580645161,82.05612903225806,0.9064516129032258,,157.62,5.0845161290322585,0.7123655913978495,0.7365591397849462,0.9274193548387096,1.0,1.0,1.0,0.0,1.0,996219.2899711643,1002216.689767894,,,
SAN CRISTOBAL,2024-12-01,16.79475982532751,,,19.18322580645161,82.05612903225806,0.9064516129032258,,157.62,5.0845161290322585,0.7338709677419355,0.7338709677419355,0.9233870967741936,1.0,1.0,1.0,0.0,1.0,1001269.0128432276,994752.74948143,,,
SUBA,2024-12-01,15.14830930607929,14.3441463757567,14.633333333333336,17.621935483870967,84.1837634408602,0.8579569892473119,,155.79333333333332,5.025591397849463,0.8525985663082437,0.7370071684587813,0.8942652329749103,1.0,1.0,1.0,0.0,1.0,1000184.3919040437,1018467.8222482742,-1.1725148320729328,0.00012188047836901853,0.00010456820826950526
TEUSAQUILLO,2024-12-01,15.547169811320757,18.14,14.414492753623188,19.18322580645161,82.05612903225806,0.9064516129032258,,157.62,5.0845161290322585,0.913978494623656,0.8346774193548387,0.9260752688172044,1.0,1.0,1.0,0.0,1.0,999083.3876167,1004973.201652838,1.3007264236382348,0.000140405661480433,0.00012727093830968282
TUNJUELITO,2024-12-01,29.263432540523738,10.681632653061223,12.937026239067054,19.18322580645161,82.05612903225806,0.9064516129032258,,157.62,5.0845161290322585,0.922043010752688,0.922043010752688,0.8770161290322581,1.0,1.0,1.0,0.0,1.0,993510.4897483994,997638.3325117284,2.1031064309163643,0.0003280534252793136,0.0002973645564628617
USAQUEN,2024-12-01,12.791150442477877,,,19.18322580645161,82.05612903225806,0.9064516129032258,,157.62,5.0845161290322585,0.5134408602150538,0.5080645161290323,0.7594086021505376,1.0,1.0,1.0,0.0,1.0,1005505.5080440022,1016114.784772832,,,
