Año,Mes,Estacion,NO2,O3,PM25,Cobertura_NO2,Cobertura_O3,Cobertura_PM25
2020,1,Carvajal - Sevillana,3.2910891089108913,,29.81159420289855,0.9502688172043011,,0.9274193548387096
2020,1,Centro de Alto Rendimiento,13.822457627118643,17.690691114245418,13.672937771345875,0.9516129032258065,0.9529569892473119,0.928763440860215
2020,1,Fontibon,16.69630681818182,15.080594900849858,19.646153846153847,0.946236559139785,0.9489247311827957,0.9435483870967742
2020,1,Guaymaral,11.346686303387333,13.813509544787077,14.772133526850508,0.9126344086021505,0.9153225806451613,0.9260752688172043
2020,1,Kennedy,17.867042253521127,21.176694915254238,23.64844192634561,0.9543010752688172,0.9516129032258065,0.9489247311827957
2020,1,Las Ferias,16.37294617563739,11.864830508474576,17.305021520803443,0.9489247311827957,0.9516129032258065,0.9368279569892473
2020,1,MinAmbiente,,9.765975103734439,13.396892655367232,,0.6478494623655914,0.9516129032258065
2020,1,Puente Aranda,16.92293447293447,10.027042253521126,14.912747875354107,0.9435483870967742,0.9543010752688172,0.9489247311827957
2020,1,San Cristobal,,13.524825174825175,11.995295902883155,,0.7688172043010753,0.885752688172043
2020,1,Suba,,14.741197183098592,16.58823529411765,,0.7634408602150538,0.9368279569892473
2020,1,Tunal,13.813456090651558,9.860294117647058,15.564174894217206,0.9489247311827957,0.3655913978494624,0.9529569892473119
2020,1,Usaquen,,17.75249169435216,15.714893617021277,,0.8091397849462365,0.9475806451612904
2020,2,Carvajal - Sevillana,4.304216867469879,,39.31975867269985,0.9540229885057471,,0.9525862068965517
2020,2,Centro de Alto Rendimiento,17.65530726256983,18.91921921921922,19.610410094637224,0.771551724137931,0.9568965517241379,0.9109195402298851
2020,2,Fontibon,22.02844175491679,16.965091463414634,27.05271903323263,0.9497126436781609,0.9425287356321839,0.9511494252873564
2020,2,Guaymaral,14.391433021806852,15.26030303030303,20.49392097264438,0.9224137931034483,0.9482758620689655,0.9454022988505747
2020,2,Kennedy,22.743543543543545,20.390361445783135,28.85090361445783,0.9568965517241379,0.9540229885057471,0.9540229885057471
2020,2,Las Ferias,22.198305084745765,12.445343511450382,19.098684210526315,0.9324712643678161,0.9410919540229885,0.8735632183908046
2020,2,MinAmbiente,,20.80537634408602,17.134153846153847,,0.9353448275862069,0.9339080459770115
2020,2,Puente Aranda,23.97155824508321,10.172382397572079,27.16132930513595,0.9497126436781609,0.9468390804597702,0.9511494252873564
2020,2,San Cristobal,,13.280150375939849,17.58078078078078,,0.9554597701149425,0.9568965517241379
2020,2,Suba,,16.308721804511276,22.71860816944024,,0.9554597701149425,0.9497126436781609
2020,2,Tunal,16.562178517397882,15.170481927710844,21.34182908545727,0.9497126436781609,0.9540229885057471,0.9583333333333334
2020,2,Usaquen,,16.833557046979866,22.500758725341427,,0.21408045977011494,0.9468390804597702
2020,3,Carvajal - Sevillana,2.8480959097320167,,43.73153409090909,0.9529569892473119,,0.946236559139785
2020,3,Centro de Alto Rendimiento,16.48187134502924,30.935177304964537,32.57886904761905,0.6895161290322581,0.9475806451612904,0.9032258064516129
2020,3,Fontibon,17.485714285714284,27.23048433048433,37.472482269503544,0.9502688172043011,0.9435483870967742,0.9475806451612904
2020,3,Guaymaral,11.891210374639769,26.14207317073171,29.78954802259887,0.9327956989247311,0.8817204301075269,0.9516129032258065
2020,3,Kennedy,18.68236953455571,29.263366336633663,38.65169971671388,0.9529569892473119,0.9502688172043011,0.9489247311827957
2020,3,Las Ferias,19.19559659090909,21.356435643564357,34.273371104815865,0.946236559139785,0.9502688172043011,0.9489247311827957
2020,3,MinAmbiente,,21.688210227272727,29.034045584045586,,0.946236559139785,0.9435483870967742
2020,3,Puente Aranda,17.987659574468083,16.402266288951843,37.357021276595745,0.9475806451612904,0.9489247311827957,0.9475806451612904
2020,3,San Cristobal,,19.14794908062235,28.54950354609929,,0.9502688172043011,0.9475806451612904
2020,3,Suba,,26.820281690140845,33.22065063649222,,0.9543010752688172,0.9502688172043011
2020,3,Tunal,15.577571428571428,20.310098176718093,31.9789029535865,0.9408602150537635,0.9583333333333334,0.9556451612903226
2020,3,Usaquen,,30.190430622009572,33.31040787623066,,0.5618279569892473,0.9556451612903226
2020,4,Carvajal - Sevillana,2.2534918276374443,,19.867559523809526,0.9347222222222222,,0.9333333333333333
2020,4,Centro de Alto Rendimiento,8.422238586156112,27.085255474452556,13.598102189781024,0.9430555555555555,0.9513888888888888,0.9513888888888888
2020,4,Fontibon,10.848613138686131,21.872873900293254,18.376392961876835,0.9513888888888888,0.9472222222222222,0.9472222222222222
2020,4,Guaymaral,9.341914191419141,18.862587412587413,14.48358208955224,0.8416666666666667,0.7944444444444444,0.9305555555555556
2020,4,Kennedy,15.013642960812772,21.879737609329446,18.430088495575223,0.9569444444444445,0.9527777777777777,0.9416666666666667
2020,4,Las Ferias,9.25550527903469,19.62796052631579,12.566243194192378,0.9208333333333333,0.8444444444444444,0.7652777777777777
2020,4,MinAmbiente,,19.193026706231453,12.78972099853157,,0.9361111111111111,0.9458333333333333
2020,4,Puente Aranda,10.513421828908555,12.904558823529412,19.137813884785817,0.9416666666666667,0.9444444444444444,0.9402777777777778
2020,4,San Cristobal,,20.322318840579708,12.564135702746364,,0.9583333333333334,0.8597222222222223
2020,4,Suba,,20.883406113537117,16.087481146304675,,0.9541666666666667,0.9208333333333333
2020,4,Tunal,9.80263543191801,16.74963715529753,12.734306569343065,0.9486111111111111,0.9569444444444445,0.9513888888888888
2020,4,Usaquen,,23.92107843137255,15.872913616398245,,0.85,0.9486111111111111
2020,5,Carvajal - Sevillana,3.812429378531073,,18.519718309859154,0.9516129032258065,,0.9543010752688172
2020,5,Centro de Alto Rendimiento,8.322881355932203,15.335502121640737,6.039820359281437,0.9516129032258065,0.9502688172043011,0.8978494623655914
2020,5,Fontibon,12.647265077138849,12.063892806770097,11.90482269503546,0.9583333333333334,0.9529569892473119,0.9475806451612904
2020,5,Guaymaral,7.855374592833876,11.828954802259886,6.808571428571429,0.8252688172043011,0.9516129032258065,0.9408602150537635
2020,5,Kennedy,17.10646976090014,11.449295774647887,12.915254237288135,0.9556451612903226,0.9543010752688172,0.9516129032258065
2020,5,Las Ferias,8.375925925925927,12.083521126760562,6.978453038674034,0.7258064516129032,0.9543010752688172,0.7298387096774194
2020,5,MinAmbiente,,12.266666666666667,6.799002849002848,,0.9475806451612904,0.9435483870967742
2020,5,Puente Aranda,11.830624092888245,6.567092198581561,12.532898550724639,0.9260752688172043,0.9475806451612904,0.9274193548387096
2020,5,San Cristobal,,13.59929873772791,6.137236084452975,,0.9583333333333334,0.7002688172043011
2020,5,Suba,,13.071711456859973,8.359065155807366,,0.9502688172043011,0.9489247311827957
2020,5,Tunal,11.299857752489332,10.535470085470084,7.730113636363637,0.9448924731182796,0.9435483870967742,0.946236559139785
2020,5,Usaquen,,12.311458333333333,8.09212730318258,,0.9032258064516129,0.8024193548387096
2020,6,Carvajal - Sevillana,4.284705882352941,,24.106995884773664,0.9444444444444444,,0.675
2020,6,Centro de Alto Rendimiento,8.904405286343613,12.14361233480176,7.477812995245642,0.9458333333333333,0.9458333333333333,0.8763888888888889
2020,6,Fontibon,13.158200290275762,10.131049562682215,14.04669603524229,0.9569444444444445,0.9527777777777777,0.9458333333333333
2020,6,Guaymaral,7.853323485967503,9.853362573099416,8.72768532526475,0.9402777777777778,0.95,0.9180555555555555
2020,6,Kennedy,16.472992700729925,9.723636363636363,15.013762811127378,0.9513888888888888,0.6111111111111112,0.9486111111111111
2020,6,Las Ferias,11.077352941176471,10.141554559043348,8.172455089820359,0.9444444444444444,0.9291666666666667,0.9277777777777778
2020,6,MinAmbiente,,11.118703976435937,8.803235294117647,,0.9430555555555555,0.9444444444444444
2020,6,Puente Aranda,11.729742765273311,5.829934210526315,15.35425219941349,0.8638888888888889,0.8444444444444444,0.9472222222222222
2020,6,San Cristobal,,10.476350364963505,6.981229235880399,,0.9513888888888888,0.8361111111111111
2020,6,Suba,,10.946793002915452,9.2012084592145,,0.9527777777777777,0.9194444444444444
2020,6,Tunal,11.350877192982455,9.794027303754266,10.127407407407407,0.95,0.8138888888888889,0.9375
2020,6,Usaquen,,11.055108359133127,9.904692082111437,,0.8972222222222223,0.9472222222222222
2020,7,Carvajal - Sevillana,3.0758474576271184,,22.566619915848527,0.9516129032258065,,0.9583333333333334
2020,7,Centro de Alto Rendimiento,9.933962264150944,12.1621387283237,5.93328530259366,0.8548387096774194,0.9301075268817204,0.9327956989247311
2020,7,Fontibon,13.93497191011236,11.559142857142856,13.46415770609319,0.956989247311828,0.9408602150537635,0.375
2020,7,Guaymaral,8.605120910384068,10.013031161473087,6.590651558073654,0.9448924731182796,0.9489247311827957,0.9489247311827957
2020,7,Kennedy,16.820956399437414,13.584117647058825,16.473541963015645,0.9556451612903226,0.9139784946236559,0.9448924731182796
2020,7,Las Ferias,11.143081312410843,10.596191819464034,6.20674318507891,0.9422043010752689,0.9529569892473119,0.9368279569892473
2020,7,MinAmbiente,,11.078285714285714,6.376757532281205,,0.9408602150537635,0.9368279569892473
2020,7,Puente Aranda,14.450175438596492,6.201555869872702,12.916642958748222,0.7661290322580645,0.9502688172043011,0.9448924731182796
2020,7,San Cristobal,,10.560623229461756,4.166372980910426,,0.9489247311827957,0.9153225806451613
2020,7,Suba,,11.40112676056338,7.67015625,,0.9543010752688172,0.8602150537634409
2020,7,Tunal,13.280209895052474,9.67050505050505,7.3469985358711565,0.896505376344086,0.6653225806451613,0.918010752688172
2020,7,Usaquen,,11.262605752961083,6.790070921985816,,0.7943548387096774,0.9475806451612904
2020,8,Carvajal - Sevillana,4.471549295774648,,25.56338028169014,0.9543010752688172,,0.9543010752688172
2020,8,Centro de Alto Rendimiento,10.403404255319149,15.898453608247424,8.267663817663816,0.9475806451612904,0.521505376344086,0.9435483870967742
2020,8,Fontibon,12.591845493562232,16.244921316165954,13.948433048433047,0.9395161290322581,0.9395161290322581,0.9435483870967742
2020,8,Guaymaral,8.577675840978593,11.961095505617976,8.77247191011236,0.8790322580645161,0.956989247311828,0.956989247311828
2020,8,Kennedy,16.175386779184247,16.47918424753868,16.47157001414427,0.9556451612903226,0.9556451612903226,0.9502688172043011
2020,8,Las Ferias,11.565915492957746,11.557243319268636,8.640735502121641,0.9543010752688172,0.9556451612903226,0.9502688172043011
2020,8,MinAmbiente,,7.355539971949509,7.771549295774648,,0.9583333333333334,0.9543010752688172
2020,8,Puente Aranda,14.962376237623761,6.365606936416185,15.089526542324247,0.9502688172043011,0.9301075268817204,0.9368279569892473
2020,8,San Cristobal,,11.342194092827004,5.68712011577424,,0.9556451612903226,0.928763440860215
2020,8,Suba,,13.572676056338029,8.826961483594864,,0.9543010752688172,0.9422043010752689
2020,8,Tunal,6.468085106382978,10.39073359073359,9.114084507042254,0.06317204301075269,0.696236559139785,0.9543010752688172
2020,8,Usaquen,,18.36853146853147,9.40197461212976,,0.3844086021505376,0.9529569892473119
2020,9,Carvajal - Sevillana,5.005255474452555,,29.475161987041037,0.9513888888888888,,0.6430555555555556
2020,9,Centro de Alto Rendimiento,14.25478645066274,12.950000000000001,10.250224215246636,0.9430555555555555,0.9388888888888889,0.9291666666666667
2020,9,Fontibon,16.54246376811594,16.811014492753625,16.853914327917284,0.9583333333333334,0.9583333333333334,0.9402777777777778
2020,9,Guaymaral,11.030338733431517,11.596187683284459,11.08,0.9430555555555555,0.9472222222222222,0.9375
2020,9,Kennedy,19.423460410557183,19.125766871165645,18.303571428571427,0.9472222222222222,0.9055555555555556,0.9333333333333333
2020,9,Las Ferias,15.964212076583213,10.434110787172012,10.398104956268222,0.9430555555555555,0.9527777777777777,0.9527777777777777
2020,9,MinAmbiente,,8.67311046511628,9.237164179104477,,0.9555555555555556,0.9305555555555556
2020,9,Puente Aranda,19.547430249632892,7.877729257641922,19.753846153846155,0.9458333333333333,0.9541666666666667,0.9388888888888889
2020,9,San Cristobal,,12.337246376811596,6.595324283559577,,0.9583333333333334,0.9208333333333333
2020,9,Suba,,13.780380673499268,11.070225563909775,,0.9486111111111111,0.9236111111111112
2020,9,Tunal,17.055081300813008,12.738277511961721,11.342028985507246,0.6833333333333333,0.8708333333333333,0.9583333333333334
2020,9,Usaquen,,18.903776435045316,10.210526315789474,,0.9194444444444444,0.95
2020,10,Bolivia,14.387362637362637,,16.01311475409836,0.489247311827957,,0.49193548387096775
2020,10,Carvajal - Sevillana,6.711723163841808,,28.46704067321178,0.9516129032258065,,0.9583333333333334
2020,10,Centro de Alto Rendimiento,14.10394366197183,15.534045801526716,10.334870317002881,0.9543010752688172,0.8803763440860215,0.9327956989247311
2020,10,Fontibon,16.58637640449438,18.529073033707867,17.105516265912307,0.956989247311828,0.956989247311828,0.9502688172043011
2020,10,Guaymaral,11.424709302325581,14.415606936416186,10.570809248554914,0.9247311827956989,0.9301075268817204,0.9301075268817204
2020,10,Kennedy,18.06332863187588,20.170524691358025,18.043661971830986,0.9529569892473119,0.8709677419354839,0.9543010752688172
2020,10,Las Ferias,16.913661971830987,13.678340365682137,9.447875354107648,0.9543010752688172,0.9556451612903226,0.9489247311827957
2020,10,MinAmbiente,,18.670748299319726,9.68206599713056,,0.7903225806451613,0.9368279569892473
2020,10,Puente Aranda,19.111988716502115,10.762978723404254,18.587752161383285,0.9529569892473119,0.9475806451612904,0.9327956989247311
2020,10,San Cristobal,11.901909307875894,15.3328190743338,10.567402376910017,0.5631720430107527,0.9583333333333334,0.7916666666666666
2020,10,Suba,11.379900744416874,15.516713483146066,10.670422535211268,0.5416666666666666,0.956989247311828,0.9543010752688172
2020,10,Tunal,15.365149359886203,16.73679775280899,11.772277227722773,0.9448924731182796,0.956989247311828,0.9502688172043011
2020,10,Usaquen,11.565411764705884,21.85768688293371,7.9871387283237,0.571236559139785,0.9529569892473119,0.9301075268817204
2020,11,Bolivia,16.40936967632027,,18.255238095238095,0.8152777777777778,,0.875
2020,11,Carvajal - Sevillana,3.9988372093023252,,31.50877192982456,0.9555555555555556,,0.95
2020,11,Centro de Alto Rendimiento,18.59384164222874,11.12606149341142,17.50541727672035,0.9472222222222222,0.9486111111111111,0.9486111111111111
2020,11,Fontibon,17.179259259259258,18.217536231884058,20.591904047976012,0.9375,0.9583333333333334,0.9263888888888889
2020,11,Guaymaral,13.104868913857677,11.227365356622999,15.66079295154185,0.7416666666666667,0.9541666666666667,0.9458333333333333
2020,11,Kennedy,18.027007299270075,17.664139941690962,23.701459854014598,0.9513888888888888,0.9527777777777777,0.9513888888888888
2020,11,Las Ferias,22.656304985337243,10.643168604651162,14.369309838472834,0.9472222222222222,0.9555555555555556,0.9458333333333333
2020,11,MinAmbiente,,10.450306748466257,17.16442166910688,,0.6791666666666667,0.9486111111111111
2020,11,Puente Aranda,23.55423976608187,7.659679767103348,27.829428989751097,0.95,0.9541666666666667,0.9486111111111111
2020,11,San Cristobal,18.37481590574374,8.413828238719068,17.059084194977842,0.9430555555555555,0.9541666666666667,0.9402777777777778
2020,11,Suba,12.549045521292216,12.789082969432314,15.664880952380951,0.9458333333333333,0.9541666666666667,0.9333333333333333
2020,11,Tunal,22.522886297376093,10.03035439137134,20.614264919941775,0.9527777777777777,0.9013888888888889,0.9541666666666667
2020,11,Usaquen,16.8636496350365,12.908516886930984,13.164814814814815,0.9513888888888888,0.9458333333333333,0.9
2020,12,Bolivia,17.643594646271513,,17.52107765451664,0.7029569892473119,,0.8481182795698925
2020,12,Carvajal - Sevillana,4.551449275362319,,36.936011904761905,0.9274193548387096,,0.9032258064516129
2020,12,Centro de Alto Rendimiento,17.019590643274853,12.225693430656936,14.112998522895126,0.9193548387096774,0.9206989247311828,0.9099462365591398
2020,12,Fontibon,18.91654571843251,18.65878084179971,21.070424597364568,0.9260752688172043,0.9260752688172043,0.918010752688172
2020,12,Guaymaral,8.741903171953254,11.133333333333333,14.058646616541353,0.8051075268817204,0.8951612903225806,0.8938172043010753
2020,12,Kennedy,18.723364485981307,21.59093567251462,25.46696035242291,0.8629032258064516,0.9193548387096774,0.9153225806451613
2020,12,Las Ferias,18.5175,11.865588235294117,13.7421926910299,0.9139784946236559,0.9139784946236559,0.8091397849462365
2020,12,MinAmbiente,,15.634552845528455,13.86360856269113,,0.6612903225806451,0.8790322580645161
2020,12,Puente Aranda,19.07438330170778,7.9513119533527705,26.21348973607038,0.7083333333333334,0.9220430107526881,0.9166666666666666
2020,12,San Cristobal,14.63536231884058,12.298318042813456,12.564963503649635,0.9274193548387096,0.8790322580645161,0.9206989247311828
2020,12,Suba,10.83551912568306,13.758362369337979,14.80599647266314,0.7379032258064516,0.771505376344086,0.7620967741935484
2020,12,Tunal,17.5875,12.759649122807017,14.77827380952381,0.9032258064516129,0.842741935483871,0.9032258064516129
2020,12,Usaquen,10.561280931586609,15.972634643377003,7.656568778979907,0.9233870967741935,0.9233870967741935,0.8696236559139785
2021,1,Bolivia,20.30015873015873,,17.50272988505747,0.8467741935483871,,0.9354838709677419
2021,1,Carvajal - Sevillana,,,34.604693140794225,,,0.7446236559139785
2021,1,Centro de Alto Rendimiento,13.118945868945868,14.209738372093023,13.493515850144092,0.9435483870967742,0.9247311827956989,0.9327956989247311
2021,1,Colina,10.706910569105691,,9.044444444444444,0.33064516129032256,,0.3387096774193548
2021,1,Fontibon,13.695652173913043,17.479357798165136,18.7778603268945,0.2163978494623656,0.8790322580645161,0.9045698924731183
2021,1,Guaymaral,8.089189189189188,12.559380692167577,13.29634831460674,0.696236559139785,0.7379032258064516,0.956989247311828
2021,1,Kennedy,18.709014084507043,21.411637931034484,22.076923076923077,0.9543010752688172,0.9354838709677419,0.9435483870967742
2021,1,Las Ferias,15.027246376811593,13.570622286541244,14.900168918918919,0.9274193548387096,0.928763440860215,0.7956989247311828
2021,1,MinAmbiente,,20.767415730337078,12.148710601719197,,0.8373655913978495,0.9381720430107527
2021,1,Puente Aranda,17.94732394366197,8.48095909732017,22.123850574712645,0.9543010752688172,0.9529569892473119,0.9354838709677419
2021,1,San Cristobal,13.398286604361372,15.676544943820225,10.833570412517782,0.8629032258064516,0.956989247311828,0.9448924731182796
2021,1,Suba,11.008709677419354,14.282389937106919,14.12135922330097,0.8333333333333334,0.8548387096774194,0.8306451612903226
2021,1,Tunal,15.215655853314527,14.885674157303372,14.544034090909092,0.9529569892473119,0.956989247311828,0.946236559139785
2021,1,Usaquen,9.64858757062147,16.004384724186703,7.496084337349397,0.9516129032258065,0.9502688172043011,0.8924731182795699
2021,2,Bolivia,18.825084175084175,,17.981200631911534,0.8839285714285714,,0.9419642857142857
2021,2,Carvajal - Sevillana,,,36.28387096774193,,,0.9226190476190477
2021,2,Centro de Alto Rendimiento,13.92780487804878,13.082026143790848,14.644918032786885,0.9151785714285714,0.9107142857142857,0.9077380952380952
2021,2,Colina,12.119745222929936,,8.16602564102564,0.7008928571428571,,0.6964285714285714
2021,2,Fontibon,13.623444976076556,18.03668903803132,19.87007874015748,0.6220238095238095,0.6651785714285714,0.9449404761904762
2021,2,Guaymaral,10.77223974763407,12.96629570747218,15.296875,0.9434523809523809,0.9360119047619048,0.9523809523809523
2021,2,Kennedy,19.522115384615383,21.708038585209003,24.522807017543858,0.9285714285714286,0.9255952380952381,0.9330357142857143
2021,2,Las Ferias,16.66472440944882,14.01846635367762,14.821293375394323,0.9449404761904762,0.9508928571428571,0.9434523809523809
2021,2,MinAmbiente,,13.814104595879558,15.862677165354329,,0.9389880952380952,0.9449404761904762
2021,2,Puente Aranda,21.504973357015984,8.071688741721855,24.403935599284434,0.8377976190476191,0.8988095238095238,0.8318452380952381
2021,2,San Cristobal,14.44587869362364,14.260403726708075,14.87912087912088,0.9568452380952381,0.9583333333333334,0.9479166666666666
2021,2,Suba,12.306319115323854,13.489481946624803,16.14937106918239,0.9419642857142857,0.9479166666666666,0.9464285714285714
2021,2,Tunal,13.975308641975309,14.030365659777425,17.755555555555556,0.36160714285714285,0.9360119047619048,0.9375
2021,2,Usaquen,8.736565656565658,15.483255086071987,8.627526132404181,0.7366071428571429,0.9508928571428571,0.8541666666666666
2021,3,Bolivia,20.19803646563815,,17.82,0.9583333333333334,,0.9543010752688172
2021,3,Carvajal - Sevillana,,,42.13623595505618,,,0.956989247311828
2021,3,Centro de Alto Rendimiento,16.9851904090268,12.660028248587569,16.124881141045957,0.9529569892473119,0.9516129032258065,0.8481182795698925
2021,3,Colina,8.969908256880734,,9.90811320754717,0.7325268817204301,,0.7123655913978495
2021,3,Fontibon,17.371742313323573,15.663836017569546,21.423851851851854,0.918010752688172,0.918010752688172,0.907258064516129
2021,3,Guaymaral,11.709623430962342,12.907471264367816,16.586357039187227,0.6424731182795699,0.9354838709677419,0.9260752688172043
2021,3,Kennedy,21.6704802259887,19.67012987012987,25.095778748180493,0.9516129032258065,0.9314516129032258,0.9233870967741935
2021,3,Las Ferias,20.91373937677054,14.364073550212163,17.034527220630373,0.9489247311827957,0.9502688172043011,0.9381720430107527
2021,3,MinAmbiente,,13.709155937052934,16.084861717612807,,0.9395161290322581,0.9233870967741935
2021,3,Movil Fontibon,,,19.8375,,,0.1935483870967742
2021,3,Puente Aranda,23.301679389312977,7.461926605504588,27.195531587057012,0.8803763440860215,0.8790322580645161,0.8723118279569892
2021,3,San Cristobal,16.94098591549296,13.17830985915493,16.152974504249293,0.9543010752688172,0.9543010752688172,0.9489247311827957
2021,3,Suba,11.951807228915662,14.515395480225989,16.341618497109828,0.8924731182795699,0.9516129032258065,0.9301075268817204
2021,3,Tunal,17.85737704918033,13.763239436619719,20.564174894217206,0.4099462365591398,0.9543010752688172,0.9529569892473119
2021,3,Usaquen,12.529394812680115,15.333476394849786,,0.9327956989247311,0.9395161290322581,
2021,4,Bolivia,18.918950437317783,,12.180263157894736,0.9527777777777777,,0.95
2021,4,Carvajal - Sevillana,,,32.147492625368734,,,0.4708333333333333
2021,4,Centro de Alto Rendimiento,11.887554904831624,12.646041055718475,10.206607929515418,0.9486111111111111,0.9472222222222222,0.9458333333333333
2021,4,Colina,8.510188679245282,,4.209848484848485,0.3680555555555556,,0.36666666666666664
2021,4,Fontibon,12.92925045703839,14.06965265082267,13.331094049904031,0.7597222222222222,0.7597222222222222,0.7236111111111111
2021,4,Guaymaral,6.716666666666667,13.022403560830861,10.89037037037037,0.875,0.9361111111111111,0.9375
2021,4,Kennedy,17.520262390670553,15.436363636363636,19.619823788546256,0.9527777777777777,0.6722222222222223,0.9458333333333333
2021,4,Las Ferias,13.215259740259741,14.999852071005916,10.472861356932153,0.8555555555555555,0.9388888888888889,0.9416666666666667
2021,4,MinAmbiente,,13.414787701317715,9.863676470588235,,0.9486111111111111,0.9444444444444444
2021,4,Movil Fontibon,,,14.203958944281526,,,0.9472222222222222
2021,4,Puente Aranda,16.671723122238586,7.4242647058823525,18.933977455716587,0.9430555555555555,0.9444444444444444,0.8625
2021,4,San Cristobal,9.719420289855073,13.839130434782609,8.698529411764707,0.9583333333333334,0.9583333333333334,0.9444444444444444
2021,4,Suba,9.818540145985402,13.821366279069768,11.1303074670571,0.9513888888888888,0.9555555555555556,0.9486111111111111
2021,4,Tunal,11.67985401459854,13.761236802413274,9.270967741935484,0.9513888888888888,0.9208333333333333,0.8611111111111112
2021,4,Usaquen,6.7593294460641395,18.718221574344025,,0.9527777777777777,0.9527777777777777,
2021,5,Bolivia,17.742307692307694,,9.693276108726753,0.9435483870967742,,0.9395161290322581
2021,5,Carvajal - Sevillana,,,26.5,,,0.9543010752688172
2021,5,Centro de Alto Rendimiento,10.2375533428165,10.133898305084745,8.312765957446809,0.9448924731182796,0.9516129032258065,0.9475806451612904
2021,5,Colina,10.876453900709219,5.168888888888889,5.391989664082687,0.9475806451612904,0.6048387096774194,0.5201612903225806
2021,5,Fontibon,11.288210526315789,13.721008403361344,9.792857142857143,0.6384408602150538,0.6397849462365591,0.5645161290322581
2021,5,Guaymaral,5.090271132376396,9.672782874617736,8.787749287749287,0.842741935483871,0.8790322580645161,0.9435483870967742
2021,5,Kennedy,16.324473257698543,13.524306688417617,14.54644012944984,0.8293010752688172,0.8239247311827957,0.8306451612903226
2021,5,Las Ferias,10.348792270531401,9.806789250353606,6.398428571428571,0.8346774193548387,0.9502688172043011,0.9408602150537635
2021,5,MinAmbiente,,10.492220650636492,9.324737631184409,,0.9502688172043011,0.896505376344086
2021,5,Movil Fontibon,,,12.296,,,0.8736559139784946
2021,5,Puente Aranda,14.103267045454546,5.368803418803419,16.8084375,0.946236559139785,0.9435483870967742,0.8602150537634409
2021,5,San Cristobal,11.144880785413745,9.540084388185655,6.964438122332859,0.9583333333333334,0.9556451612903226,0.9448924731182796
2021,5,Suba,8.82275960170697,9.552118644067797,8.417256011315418,0.9448924731182796,0.9516129032258065,0.9502688172043011
2021,5,Tunal,11.122475106685634,9.649929478138223,7.7054698457223,0.9448924731182796,0.9529569892473119,0.9583333333333334
2021,5,Usaquen,7.429320113314448,13.38960113960114,,0.9489247311827957,0.9435483870967742,
2021,6,Bolivia,19.800660066006603,,11.91827485380117,0.8416666666666667,,0.95
2021,6,Carvajal - Sevillana,,,29.903790087463555,,,0.9527777777777777
2021,6,Centro de Alto Rendimiento,12.363450292397662,9.027086383601757,8.479017857142857,0.95,0.9486111111111111,0.9333333333333333
2021,6,Colina,16.26374269005848,5.451900584795322,4.933284671532847,0.95,0.95,0.9513888888888888
2021,6,Fontibon,14.546355685131195,12.65872093023256,12.814032496307238,0.9527777777777777,0.9555555555555556,0.9402777777777778
2021,6,Guaymaral,7.110407239819004,8.248,9.76876876876877,0.9208333333333333,0.9375,0.925
2021,6,Kennedy,18.06495867768595,13.313412228796844,17.062674650698604,0.8402777777777778,0.7041666666666667,0.6958333333333333
2021,6,Las Ferias,12.770190895741557,9.57267441860465,10.141430700447094,0.9458333333333333,0.9555555555555556,0.9319444444444445
2021,6,MinAmbiente,11.05204081632653,10.281077147016012,8.971322436849926,0.9527777777777777,0.9541666666666667,0.9347222222222222
2021,6,Movil Fontibon,20.431055900621118,,15.109615384615385,0.22361111111111112,,0.7222222222222222
2021,6,Puente Aranda,13.575581395348838,4.583795620437956,18.143178410794604,0.9555555555555556,0.9513888888888888,0.9263888888888889
2021,6,San Cristobal,11.030377906976744,9.450218340611354,7.779863481228669,0.9555555555555556,0.9541666666666667,0.8138888888888889
2021,6,Suba,10.460732984293193,8.934912280701754,10.299824253075572,0.7958333333333333,0.7916666666666666,0.7902777777777777
2021,6,Tunal,10.008680555555555,9.21856725146199,11.27944572748268,0.8,0.95,0.6013888888888889
2021,6,Usaquen,7.532944606413995,13.170717423133237,,0.9527777777777777,0.9486111111111111,
2021,7,Bolivia,16.619811320754717,,7.332630098452883,0.8548387096774194,,0.9556451612903226
2021,7,Carvajal - Sevillana,,,26.175465838509318,,,0.8655913978494624
2021,7,Centro de Alto Rendimiento,9.043767705382436,11.381161473087818,5.877464788732395,0.9489247311827957,0.9489247311827957,0.9543010752688172
2021,7,Colina,20.48725212464589,7.007670454545454,2.7026874115983026,0.9489247311827957,0.946236559139785,0.9502688172043011
2021,7,Fontibon,14.182386363636363,11.508513708513709,10.98607198748044,0.946236559139785,0.9314516129032258,0.8588709677419355
2021,7,Guaymaral,9.755903271692745,9.39773371104816,6.112676056338028,0.9448924731182796,0.9489247311827957,0.9543010752688172
2021,7,Kennedy,16.456592592592592,10.486585365853658,10.61890694239291,0.907258064516129,0.6612903225806451,0.9099462365591398
2021,7,Las Ferias,10.386158192090395,12.547398843930635,6.992263610315187,0.9516129032258065,0.9301075268817204,0.9381720430107527
2021,7,MinAmbiente,8.568688293370945,11.879014084507043,6.538928067700988,0.9529569892473119,0.9543010752688172,0.9529569892473119
2021,7,Movil Fontibon,17.612871287128712,,14.438765008576327,0.9502688172043011,,0.7836021505376344
2021,7,Puente Aranda,12.654651162790698,5.890793201133144,12.760148148148149,0.9247311827956989,0.9489247311827957,0.907258064516129
2021,7,San Cristobal,8.666151685393258,11.213521126760563,4.3201133144475925,0.956989247311828,0.9543010752688172,0.9489247311827957
2021,7,Suba,9.005420827389443,8.992634560906517,6.642793462109956,0.9422043010752689,0.9489247311827957,0.9045698924731183
2021,7,Tunal,11.888418079096045,10.598288159771753,6.188034188034188,0.9516129032258065,0.9422043010752689,0.9435483870967742
2021,7,Usaquen,4.777053824362606,15.988951841359775,3.339622641509434,0.9489247311827957,0.9489247311827957,0.07123655913978495
2021,8,Bolivia,22.72126348228043,4.6695652173913045,12.15190947666195,0.8723118279569892,0.9583333333333334,0.9502688172043011
2021,8,Carvajal - Sevillana,,,29.69384835479256,,,0.9395161290322581
2021,8,Centro de Alto Rendimiento,14.291513437057992,12.61723163841808,10.16619718309859,0.9502688172043011,0.9516129032258065,0.9543010752688172
2021,8,Colina,29.000852272727272,7.8821022727272725,4.632531824611032,0.946236559139785,0.946236559139785,0.9502688172043011
2021,8,Fontibon,18.261174785100284,15.964123376623377,16.806122448979593,0.9381720430107527,0.8279569892473119,0.8561827956989247
2021,8,Guaymaral,12.364630681818182,11.991101694915255,8.719322990126939,0.946236559139785,0.9516129032258065,0.9529569892473119
2021,8,Kennedy,20.512375533428166,13.475892857142856,19.025633802816902,0.9448924731182796,0.9032258064516129,0.9543010752688172
2021,8,Las Ferias,17.493741109530585,9.563314447592068,12.015909090909092,0.9448924731182796,0.9489247311827957,0.946236559139785
2021,8,MinAmbiente,5.25,13.44858757062147,8.052482269503546,0.06720430107526881,0.9516129032258065,0.9475806451612904
2021,8,Movil Fontibon,21.75841584158416,,18.891316931982633,0.9502688172043011,,0.928763440860215
2021,8,Puente Aranda,16.555929203539822,8.990483870967742,19.785110663983904,0.7594086021505376,0.8333333333333334,0.668010752688172
2021,8,San Cristobal,12.296165191740412,12.511782032400589,9.343843843843844,0.9112903225806451,0.9126344086021505,0.8951612903225806
2021,8,Suba,11.40014367816092,12.95206847360913,9.065624999999999,0.9354838709677419,0.9422043010752689,0.946236559139785
2021,8,Tunal,13.707608695652175,12.978557504873294,8.79465541490858,0.8655913978494624,0.6895161290322581,0.9556451612903226
2021,8,Usaquen,8.132531824611032,18.800710227272727,6.0855704697986575,0.9502688172043011,0.946236559139785,0.8010752688172043
2021,9,Bolivia,23.20877192982456,3.4082848837209303,13.545522388059702,0.8708333333333333,0.9555555555555556,0.9305555555555556
2021,9,Carvajal - Sevillana,,,38.90444810543657,,,0.8430555555555556
2021,9,Centro de Alto Rendimiento,15.290602055800294,14.939619883040937,9.998973607038124,0.9458333333333333,0.95,0.9472222222222222
2021,9,Colina,27.0794682422452,8.887794117647058,6.630718954248366,0.9402777777777778,0.9444444444444444,0.85
2021,9,Fontibon,19.499560117302053,16.893093093093093,17.23615160349854,0.9472222222222222,0.925,0.9527777777777777
2021,9,Guaymaral,14.277744807121662,13.534508076358296,10.574155653450807,0.9361111111111111,0.9458333333333333,0.9458333333333333
2021,9,Kennedy,23.804392386530015,14.886196769456681,19.354227405247812,0.9486111111111111,0.9458333333333333,0.9527777777777777
2021,9,Las Ferias,19.38548148148148,14.438653001464129,12.150074294205051,0.9375,0.9486111111111111,0.9347222222222222
2021,9,MinAmbiente,,16.865198237885462,8.314766081871346,,0.9458333333333333,0.95
2021,9,Movil Fontibon,24.401067073170733,,20.14888558692422,0.9111111111111111,,0.9347222222222222
2021,9,Puente Aranda,17.216886930983847,9.496187683284457,18.85108514190317,0.9458333333333333,0.9472222222222222,0.8319444444444445
2021,9,San Cristobal,10.998998330550918,15.248160535117057,8.304713804713804,0.8319444444444445,0.8305555555555556,0.825
2021,9,Suba,12.292857142857143,14.596069868995633,10.836880466472303,0.9527777777777777,0.9541666666666667,0.9527777777777777
2021,9,Tunal,20.574816983894582,16.514934114202052,10.151824817518248,0.9486111111111111,0.9486111111111111,0.9513888888888888
2021,9,Usaquen,8.803216374269006,22.667935578330894,7.659133126934985,0.95,0.9486111111111111,0.8972222222222223
2021,10,Bolivia,21.493333333333332,4.226457399103139,14.028712871287128,0.4435483870967742,0.8991935483870968,0.9502688172043011
2021,10,Carvajal - Sevillana,,,42.18587896253602,,,0.9327956989247311
2021,10,Centro de Alto Rendimiento,18.347175141242936,13.153682719546742,14.30520393811533,0.9516129032258065,0.9489247311827957,0.9556451612903226
2021,10,Colina,27.244964539007093,6.905148514851485,10.794227994227994,0.9475806451612904,0.678763440860215,0.9314516129032258
2021,10,Fontibon,20.4375,16.788668555240793,18.02830985915493,0.946236559139785,0.9489247311827957,0.9543010752688172
2021,10,Guaymaral,16.875757575757575,13.0051968503937,13.936,0.7540322580645161,0.853494623655914,0.8400537634408602
2021,10,Kennedy,24.56443812233286,14.642938659058489,22.583333333333332,0.9448924731182796,0.9422043010752689,0.9516129032258065
2021,10,Las Ferias,19.59886201991465,12.940761636107194,15.851428571428572,0.9448924731182796,0.9529569892473119,0.9408602150537635
2021,10,MinAmbiente,17.930491329479768,13.61534090909091,13.504249291784703,0.9301075268817204,0.946236559139785,0.9489247311827957
2021,10,Movil Fontibon,22.536363636363635,,20.831152204836414,0.946236559139785,,0.9448924731182796
2021,10,Puente Aranda,26.83719599427754,8.09315263908702,22.98465991316932,0.9395161290322581,0.9422043010752689,0.928763440860215
2021,10,San Cristobal,15.662780898876404,12.575,12.825352112676056,0.956989247311828,0.956989247311828,0.9543010752688172
2021,10,Suba,13.106060606060606,13.748583569405099,12.973314606741573,0.9314516129032258,0.9489247311827957,0.956989247311828
2021,10,Tunal,20.444202898550724,16.17701317715959,17.31179775280899,0.9274193548387096,0.918010752688172,0.956989247311828
2021,10,Usaquen,13.066619115549216,18.541463414634144,12.286118980169972,0.9422043010752689,0.9368279569892473,0.9489247311827957
2021,11,Bolivia,19.10058651026393,5.319817073170732,17.418221574344024,0.9472222222222222,0.9111111111111111,0.9527777777777777
2021,11,Carvajal - Sevillana,,,41.369883040935676,,,0.95
2021,11,Centro de Alto Rendimiento,16.734264705882353,13.60795847750865,17.698389458272327,0.9444444444444444,0.8027777777777778,0.9486111111111111
2021,11,Colina,18.37972972972973,7.5101426307448484,13.492719486081372,0.925,0.8763888888888889,0.6486111111111111
2021,11,Fontibon,19.314452554744523,16.349344978165938,20.478052325581395,0.9513888888888888,0.9541666666666667,0.9555555555555556
2021,11,Guaymaral,11.664094955489615,12.862686567164179,16.700147710487446,0.9361111111111111,0.9305555555555556,0.9402777777777778
2021,11,Kennedy,20.954919236417034,13.397664233576641,24.22235123367199,0.9458333333333333,0.9513888888888888,0.9569444444444445
2021,11,Las Ferias,20.89868613138686,12.853352769679299,19.503628447024674,0.9513888888888888,0.9527777777777777,0.9569444444444445
2021,11,MinAmbiente,17.987408491947292,13.055912408759124,16.81929012345679,0.9486111111111111,0.9513888888888888,0.9
2021,11,Movil Fontibon,19.680335365853658,,22.928823529411765,0.9111111111111111,,0.9444444444444444
2021,11,Puente Aranda,24.649484536082475,9.106286549707603,20.910031347962384,0.9430555555555555,0.95,0.8861111111111111
2021,11,San Cristobal,17.053654970760235,12.065300146412884,18.362973760932945,0.95,0.9486111111111111,0.9527777777777777
2021,11,Suba,11.970764119601329,13.846434494195687,16.825657894736842,0.8361111111111111,0.8375,0.8444444444444444
2021,11,Tunal,17.344560357675114,16.00542521994135,20.26277372262774,0.9319444444444445,0.9472222222222222,0.9513888888888888
2021,11,Usaquen,15.497360703812317,16.462573099415206,16.523391812865498,0.9472222222222222,0.95,0.95
2021,12,Bolivia,18.347947214076246,6.811901306240928,19.138840579710145,0.9166666666666666,0.9260752688172043,0.9274193548387096
2021,12,Carvajal - Sevillana,,,44.312056737588655,,,0.18951612903225806
2021,12,Centro de Alto Rendimiento,14.613702623906706,12.422720478325859,17.901306240928882,0.9220430107526881,0.8991935483870968,0.9260752688172043
2021,12,Colina,16.60716374269006,6.435285505124451,13.60349344978166,0.9193548387096774,0.918010752688172,0.9233870967741935
2021,12,Fontibon,18.06306569343066,15.846423357664232,22.716835994194483,0.9206989247311828,0.9206989247311828,0.9260752688172043
2021,12,Guaymaral,6.492592592592593,13.91298245614035,17.769005847953217,0.7620967741935484,0.7661290322580645,0.9193548387096774
2021,12,Kennedy,19.824415204678363,12.354319180087847,26.19855072463768,0.9193548387096774,0.918010752688172,0.9274193548387096
2021,12,Las Ferias,17.201610541727675,11.800436681222706,18.779883381924197,0.918010752688172,0.9233870967741935,0.9220430107526881
2021,12,MinAmbiente,16.520553935860057,13.053284671532847,17.893430656934306,0.9220430107526881,0.9206989247311828,0.9206989247311828
2021,12,Movil Fontibon,18.9367107195301,,24.265345080763584,0.9153225806451613,,0.9153225806451613
2021,12,Puente Aranda,17.338081395348837,9.224709302325582,21.290988372093025,0.9247311827956989,0.9247311827956989,0.9247311827956989
2021,12,San Cristobal,15.226928675400291,11.941048034934498,19.382267441860463,0.9233870967741935,0.9233870967741935,0.9247311827956989
2021,12,Suba,11.471656050955414,13.120888888888889,18.140672782874617,0.8440860215053764,0.907258064516129,0.8790322580645161
2021,12,Tunal,13.868,12.268817204301076,17.822840409956076,0.907258064516129,0.875,0.918010752688172
2021,12,Usaquen,12.40174672489083,16.472714078374455,14.184593023255815,0.9233870967741935,0.9260752688172043,0.9247311827956989
2022,1,Bolivia,17.637868162692847,10.078401122019635,18.22468443197756,0.9583333333333334,0.9583333333333334,0.9583333333333334
2022,1,Centro de Alto Rendimiento,13.811965811965813,14.472893258426968,16.950773558368496,0.9435483870967742,0.956989247311828,0.9556451612903226
2022,1,Colina,15.39225352112676,8.200140845070424,12.805915492957748,0.9543010752688172,0.9543010752688172,0.9543010752688172
2022,1,Fontibon,18.837891737891738,18.468079096045198,23.02039381153305,0.9435483870967742,0.9516129032258065,0.9556451612903226
2022,1,Guaymaral,5.613251155624037,17.327489481065918,16.41912798874824,0.8723118279569892,0.9583333333333334,0.9556451612903226
2022,1,Kennedy,19.47496443812233,14.192592592592593,23.76096181046676,0.9448924731182796,0.9435483870967742,0.9502688172043011
2022,1,Las Ferias,16.240225035161743,15.495627644569817,18.101262272089762,0.9556451612903226,0.9529569892473119,0.9583333333333334
2022,1,MinAmbiente,15.409859154929578,17.31755617977528,18.3876404494382,0.9543010752688172,0.956989247311828,0.956989247311828
2022,1,Movil Fontibon,19.18497576736672,,24.96385911179173,0.831989247311828,,0.8776881720430108
2022,1,Puente Aranda,15.924039829302988,12.169886363636364,17.560252808988764,0.9448924731182796,0.946236559139785,0.956989247311828
2022,1,San Cristobal,13.38396624472574,16.70056338028169,20.350282485875706,0.9556451612903226,0.9543010752688172,0.9516129032258065
2022,1,Suba,11.846023688663282,15.863197586726997,20.685446009389672,0.7943548387096774,0.8911290322580645,0.2862903225806452
2022,1,Tunal,12.006017191977078,16.478805120910383,16.35734463276836,0.9381720430107527,0.9448924731182796,0.9516129032258065
2022,1,Usaquen,11.186816269284712,23.12384291725105,16.192307692307693,0.9583333333333334,0.9583333333333334,0.34946236559139787
2022,2,Bolivia,20.211620294599015,9.586332179930794,21.323190789473685,0.9092261904761905,0.8601190476190477,0.9047619047619048
2022,2,Centro de Alto Rendimiento,18.2124394184168,16.097798742138366,21.288,0.9211309523809523,0.9464285714285714,0.9300595238095238
2022,2,Colina,18.54065934065934,8.282731554160126,16.04294770206022,0.9479166666666666,0.9479166666666666,0.9389880952380952
2022,2,Fontibon,21.52092050209205,17.175342465753424,28.051477449455675,0.7113095238095238,0.32589285714285715,0.9568452380952381
2022,2,Guaymaral,8.722222222222221,18.62873015873016,19.8328125,0.013392857142857142,0.9375,0.9523809523809523
2022,2,Kennedy,18.884458398744112,15.502358490566039,26.77433070866142,0.9479166666666666,0.9464285714285714,0.9449404761904762
2022,2,Las Ferias,17.597712418300652,16.33858784893268,23.486042692939243,0.9107142857142857,0.90625,0.90625
2022,2,MinAmbiente,19.895253164556962,15.50706436420722,23.712050078247263,0.9404761904761905,0.9479166666666666,0.9508928571428571
2022,2,Movil Fontibon,24.225471698113207,,27.78390625,0.9464285714285714,,0.9523809523809523
2022,2,Puente Aranda,25.84019138755981,13.143312101910828,22.71852433281005,0.9330357142857143,0.9345238095238095,0.9479166666666666
2022,2,San Cristobal,16.334272300469483,15.287031250000002,21.82398753894081,0.9508928571428571,0.9523809523809523,0.9553571428571429
2022,2,Suba,13.97103825136612,15.60328125,21.762237762237763,0.8169642857142857,0.9523809523809523,0.8511904761904762
2022,2,Tunal,17.668454258675077,16.57055118110236,21.190923317683882,0.9434523809523809,0.9449404761904762,0.9508928571428571
2022,2,Usaquen,13.833229813664596,24.56055900621118,19.428571428571427,0.9583333333333334,0.9583333333333334,0.9583333333333334
2022,3,Bolivia,18.878766140602583,7.766165413533835,18.57057991513437,0.9368279569892473,0.8938172043010753,0.9502688172043011
2022,3,Centro de Alto Rendimiento,15.84434628975265,12.905390070921985,16.77542372881356,0.760752688172043,0.9475806451612904,0.9516129032258065
2022,3,Colina,17.19212376933896,6.935966149506347,14.129802259887006,0.9556451612903226,0.9529569892473119,0.9516129032258065
2022,3,Fontibon,21.487926136363637,14.133333333333333,25.068960674157303,0.946236559139785,0.012096774193548387,0.956989247311828
2022,3,Guaymaral,8.32804314329738,15.044699140401146,18.092957746478874,0.8723118279569892,0.9381720430107527,0.9543010752688172
2022,3,Kennedy,18.25593705293276,11.888793103448277,26.142053445850916,0.9395161290322581,0.9354838709677419,0.9556451612903226
2022,3,Las Ferias,18.47699248120301,13.397293233082708,20.108490566037737,0.8938172043010753,0.8938172043010753,0.8548387096774194
2022,3,MinAmbiente,17.468705547652917,13.901709401709402,18.873980309423345,0.9448924731182796,0.9435483870967742,0.9556451612903226
2022,3,Movil Fontibon,22.860283687943262,,26.636568213783402,0.9475806451612904,,0.9556451612903226
2022,3,Puente Aranda,25.226080691642654,9.867335243553008,20.298305084745763,0.9327956989247311,0.9381720430107527,0.9516129032258065
2022,3,San Cristobal,13.991549295774648,14.062005649717513,19.387005649717516,0.9543010752688172,0.9516129032258065,0.9516129032258065
2022,3,Suba,13.567326732673267,11.352154531946509,20.41492007104796,0.9502688172043011,0.9045698924731183,0.7567204301075269
2022,3,Tunal,16.065395480225988,12.79345930232558,19.967741935483872,0.9516129032258065,0.9247311827956989,0.9583333333333334
2022,3,Usaquen,11.760056657223796,20.43456614509246,18.139170506912443,0.9489247311827957,0.9448924731182796,0.875
2022,4,Bolivia,18.07702503681885,6.627777777777777,16.763396778916544,0.9430555555555555,0.8,0.9486111111111111
2022,4,Centro de Alto Rendimiento,13.723865300146413,11.483894582723279,14.639296187683284,0.9486111111111111,0.9486111111111111,0.9472222222222222
2022,4,Colina,15.14751461988304,5.052631578947368,11.870116618075802,0.95,0.95,0.9527777777777777
2022,4,Fontibon,20.324300441826217,15.834575260804769,21.449919224555735,0.9430555555555555,0.9319444444444445,0.8597222222222223
2022,4,Guaymaral,9.151926040061634,12.510751104565536,15.249185667752442,0.9013888888888889,0.9430555555555555,0.8527777777777777
2022,4,Kennedy,17.13967551622419,7.373629242819843,20.912663755458514,0.9416666666666667,0.5319444444444444,0.9541666666666667
2022,4,Las Ferias,16.653383458646616,12.133681073025334,15.9835255354201,0.9236111111111112,0.9319444444444445,0.8430555555555556
2022,4,MinAmbiente,14.520000000000001,12.345481481481482,16.84061135371179,0.9444444444444444,0.9375,0.9541666666666667
2022,4,Movil Fontibon,22.918787878787878,,22.381249999999998,0.9166666666666666,,0.9555555555555556
2022,4,Puente Aranda,23.230882352941176,7.999416058394161,16.73599419448476,0.9444444444444444,0.9513888888888888,0.9569444444444445
2022,4,San Cristobal,12.295912408759126,12.832942898975109,15.890145395799676,0.9513888888888888,0.9486111111111111,0.8597222222222223
2022,4,Suba,12.282072368421053,9.030555555555555,16.79054054054054,0.8444444444444444,0.9,0.8222222222222222
2022,4,Tunal,11.251351351351351,12.662940275650842,17.479032258064517,0.8736111111111111,0.9069444444444444,0.8611111111111112
2022,4,Usaquen,9.800442477876105,18.749926362297497,15.168359941944848,0.9416666666666667,0.9430555555555555,0.9569444444444445
2022,5,Bolivia,17.296137339055793,3.796907216494845,12.489971751412428,0.9395161290322581,0.9126344086021505,0.9516129032258065
2022,5,Carvajal - Sevillana,,,34.034596375617795,,,0.8158602150537635
2022,5,Centro de Alto Rendimiento,11.725282485875706,7.77683615819209,10.437802907915994,0.9516129032258065,0.9516129032258065,0.831989247311828
2022,5,Colina,14.002130681818182,3.1526923076923077,7.451942446043166,0.946236559139785,0.6989247311827957,0.9341397849462365
2022,5,Fontibon,17.572033898305083,11.830647482014388,13.659656652360516,0.9516129032258065,0.9341397849462365,0.9395161290322581
2022,5,Guaymaral,6.798389458272328,7.5645624103299856,11.31719532554257,0.918010752688172,0.9368279569892473,0.8051075268817204
2022,5,Kennedy,18.140793201133143,4.83012048192771,16.393777134587555,0.9489247311827957,0.44623655913978494,0.928763440860215
2022,5,Las Ferias,14.17224880382775,7.1584,11.368589743589743,0.842741935483871,0.8400537634408602,0.8387096774193549
2022,5,MinAmbiente,12.307659574468085,8.152789699570816,12.295774647887324,0.9475806451612904,0.9395161290322581,0.8588709677419355
2022,5,Movil Fontibon,18.84090909090909,,18.073716012084592,0.946236559139785,,0.8897849462365591
2022,5,Puente Aranda,19.742247510668562,5.12681883024251,12.68147100424328,0.9448924731182796,0.9422043010752689,0.9502688172043011
2022,5,San Cristobal,10.123163841807909,7.778359264497879,9.64225352112676,0.9516129032258065,0.9502688172043011,0.9543010752688172
2022,5,Suba,10.72830985915493,6.5129395218002815,12.84101748807631,0.9543010752688172,0.9556451612903226,0.8454301075268817
2022,5,Tunal,9.89496183206107,8.30822695035461,16.732770745428972,0.8803763440860215,0.9475806451612904,0.9556451612903226
2022,5,Usaquen,7.614571428571428,12.952624113475178,8.02716468590832,0.9408602150537635,0.9475806451612904,0.7916666666666666
2022,6,Bolivia,17.880621301775147,3.0223454833597465,13.430177514792899,0.9388888888888889,0.8763888888888889,0.9388888888888889
2022,6,Carvajal - Sevillana,,,34.40233236151604,,,0.9527777777777777
2022,6,Centro de Alto Rendimiento,14.937999999999999,7.404239766081871,13.319648093841643,0.8333333333333334,0.95,0.9472222222222222
2022,6,Colina,14.749926793557835,3.5938181818181816,9.030389221556886,0.9486111111111111,0.3819444444444444,0.9277777777777778
2022,6,Fontibon,19.032695139911635,12.525730994152047,15.48172514619883,0.9430555555555555,0.95,0.95
2022,6,Guaymaral,7.329692307692308,8.565178571428572,11.941791044776119,0.9027777777777778,0.9333333333333333,0.9305555555555556
2022,6,Kennedy,19.91955882352941,,18.205810397553517,0.9444444444444444,,0.9083333333333333
2022,6,Las Ferias,17.828081123244928,7.343981481481481,12.936434108527132,0.8902777777777777,0.9,0.8958333333333334
2022,6,MinAmbiente,14.761799410029498,8.608308605341247,11.997076023391813,0.9416666666666667,0.9361111111111111,0.95
2022,6,Movil Fontibon,20.653755522827687,,19.54874815905744,0.9430555555555555,,0.9430555555555555
2022,6,Puente Aranda,21.946165644171778,5.947699386503068,14.512074303405571,0.9055555555555556,0.9055555555555556,0.8972222222222223
2022,6,San Cristobal,12.340762463343108,6.660672514619883,10.757621951219512,0.9472222222222222,0.95,0.9111111111111111
2022,6,Suba,12.91556886227545,7.719827586206897,11.175911251980983,0.9277777777777778,0.32222222222222224,0.8763888888888889
2022,6,Tunal,12.16659090909091,8.753216374269005,19.26384839650146,0.6111111111111112,0.95,0.9527777777777777
2022,6,Usaquen,11.079558823529412,12.064940828402367,9.796783625730994,0.9444444444444444,0.9388888888888889,0.95
2022,7,Bolivia,16.615078236130866,4.111269614835948,10.828028169014084,0.9448924731182796,0.9422043010752689,0.9543010752688172
2022,7,Carvajal - Sevillana,,,31.75986842105263,,,0.40860215053763443
2022,7,Centro de Alto Rendimiento,11.142528735632183,8.778571428571428,9.253991291727141,0.9354838709677419,0.3575268817204301,0.9260752688172043
2022,7,Colina,13.08119533527697,2.8555882352941175,6.1459183673469395,0.9220430107526881,0.9139784946236559,0.9220430107526881
2022,7,Fontibon,16.11082621082621,13.692587209302326,13.1638928067701,0.9435483870967742,0.9247311827956989,0.9529569892473119
2022,7,Guaymaral,7.044055944055944,9.669571428571428,9.823432343234323,0.7688172043010753,0.9408602150537635,0.8145161290322581
2022,7,Kennedy,19.37049645390071,12.457369614512471,15.488732394366197,0.9475806451612904,0.592741935483871,0.9543010752688172
2022,7,Las Ferias,11.078923076923077,10.247611940298507,9.189427312775331,0.8736559139784946,0.9005376344086021,0.9153225806451613
2022,7,MinAmbiente,10.145337159253947,11.40245398773006,8.257425742574258,0.9368279569892473,0.8763440860215054,0.9502688172043011
2022,7,Movil Fontibon,19.097372262773725,,18.74727793696275,0.9206989247311828,,0.9381720430107527
2022,7,Puente Aranda,15.090496453900709,6.405233380480905,10.476123595505618,0.9475806451612904,0.9502688172043011,0.956989247311828
2022,7,San Cristobal,9.087411598302687,8.930070921985815,6.649295774647888,0.9502688172043011,0.9475806451612904,0.9543010752688172
2022,7,Suba,8.249573863636364,6.652891396332863,10.79887482419128,0.946236559139785,0.9529569892473119,0.9556451612903226
2022,7,Tunal,12.0824,11.847714285714286,15.37,0.16801075268817203,0.9408602150537635,0.9408602150537635
2022,7,Usaquen,5.659000000000001,16.415328467153284,6.779184247538678,0.9408602150537635,0.9206989247311828,0.9556451612903226
2022,8,Bolivia,16.288724035608308,3.9995508982035926,13.47235294117647,0.9059139784946236,0.8978494623655914,0.9139784946236559
2022,8,Carvajal - Sevillana,,,30.17,,,0.13440860215053763
2022,8,Centro de Alto Rendimiento,12.414884393063584,,10.285714285714286,0.9301075268817204,,0.9502688172043011
2022,8,Colina,20.066458658346335,4.3187207488299535,8.302839116719243,0.8615591397849462,0.8615591397849462,0.8521505376344086
2022,8,Fontibon,19.137126600284496,19.071069182389937,16.666760563380283,0.9448924731182796,0.8548387096774194,0.9543010752688172
2022,8,Guaymaral,7.842715700141443,13.034184397163122,12.707865168539326,0.9502688172043011,0.9475806451612904,0.956989247311828
2022,8,Kennedy,19.98997134670487,10.598567335243553,15.497159090909092,0.46908602150537637,0.46908602150537637,0.4731182795698925
2022,8,Las Ferias,14.477810650887575,12.405285714285716,12.127478753541077,0.9086021505376344,0.9408602150537635,0.9489247311827957
2022,8,MinAmbiente,11.599435825105783,13.842756680731366,9.582025677603424,0.9529569892473119,0.9556451612903226,0.9422043010752689
2022,8,Movil Fontibon,21.325260029717683,,19.926203966005666,0.9045698924731183,,0.9489247311827957
2022,8,Puente Aranda,16.554468085106382,8.98147100424328,11.735203366058908,0.9475806451612904,0.9502688172043011,0.9583333333333334
2022,8,San Cristobal,9.85449275362319,11.37001414427157,7.874824191279887,0.9274193548387096,0.9502688172043011,0.9556451612903226
2022,8,Suba,10.37799717912553,7.212011577424023,13.319314641744548,0.9529569892473119,0.928763440860215,0.8629032258064516
2022,8,Tunal,11.741988130563799,15.26235294117647,16.91235632183908,0.9059139784946236,0.9139784946236559,0.9354838709677419
2022,8,Usaquen,7.569219858156028,17.49173553719008,8.582510578279267,0.9475806451612904,0.6505376344086021,0.9529569892473119
2022,9,Bolivia,11.88875,5.201620029455081,18.223416789396172,0.6666666666666666,0.9430555555555555,0.9430555555555555
2022,9,Centro de Alto Rendimiento,15.353846153846154,,16.013254786450663,0.7402777777777778,,0.9430555555555555
2022,9,Colina,27.121851289833078,4.640791476407915,12.784474885844748,0.9152777777777777,0.9125,0.9125
2022,9,Fontibon,22.49264705882353,22.610326086956523,20.812884333821376,0.9444444444444444,0.25555555555555554,0.9486111111111111
2022,9,Guaymaral,10.969037037037037,14.525697503671072,17.394468704512374,0.9375,0.9458333333333333,0.9541666666666667
2022,9,Kennedy,25.618229166666666,19.181865284974094,27.78082901554404,0.26666666666666666,0.26805555555555555,0.26805555555555555
2022,9,Las Ferias,23.429806259314457,14.15909752547307,16.260089686098656,0.9319444444444445,0.9541666666666667,0.9291666666666667
2022,9,MinAmbiente,16.943446244477173,11.672023809523811,15.215552325581394,0.9430555555555555,0.9333333333333333,0.9555555555555556
2022,9,Movil Fontibon,25.713023255813955,,23.592548435171388,0.8958333333333334,,0.9319444444444445
2022,9,Puente Aranda,22.240000000000002,9.532844574780059,17.999137931034483,0.9444444444444444,0.9472222222222222,0.8055555555555556
2022,9,San Cristobal,14.483527696793004,11.70381679389313,12.832116788321168,0.9527777777777777,0.9097222222222222,0.9513888888888888
2022,9,Suba,12.7341642228739,6.948372093023256,17.298662704309063,0.9472222222222222,0.8958333333333334,0.9347222222222222
2022,9,Tunal,17.64448051948052,16.654619124797406,23.28341384863124,0.8555555555555555,0.8569444444444444,0.8625
2022,9,Usaquen,14.046902654867255,15.11276595744681,13.001453488372093,0.9416666666666667,0.3263888888888889,0.9555555555555556
2022,10,Bolivia,,4.462424242424242,15.358345221112698,,0.2217741935483871,0.9422043010752689
2022,10,Centro de Alto Rendimiento,13.407604562737642,,14.637429378531072,0.353494623655914,,0.9516129032258065
2022,10,Colina,23.997175141242938,5.157520661157025,9.852005943536403,0.9516129032258065,0.8131720430107527,0.9045698924731183
2022,10,Fontibon,19.870721357850073,20.38755304101839,16.5070323488045,0.9502688172043011,0.9502688172043011,0.9556451612903226
2022,10,Guaymaral,10.862917398945518,13.055869242199108,15.40200286123033,0.7647849462365591,0.9045698924731183,0.9395161290322581
2022,10,Kennedy,23.774857954545453,15.926099290780142,17.76280400572246,0.946236559139785,0.9475806451612904,0.9395161290322581
2022,10,Las Ferias,16.83984375,12.905225988700565,14.200282087447109,0.8602150537634409,0.9516129032258065,0.9529569892473119
2022,10,MinAmbiente,12.5645056726094,10.748994252873564,13.9070796460177,0.8293010752688172,0.9354838709677419,0.9112903225806451
2022,10,Movil Fontibon,23.53529411764706,,19.870857142857144,0.7540322580645161,,0.9408602150537635
2022,10,Puente Aranda,25.142836041358937,8.490014265335235,15.419943820224718,0.9099462365591398,0.9422043010752689,0.956989247311828
2022,10,San Cristobal,15.852609308885755,9.165808297567954,14.908563134978229,0.9529569892473119,0.9395161290322581,0.9260752688172043
2022,10,Suba,12.79712643678161,7.857746478873239,15.73904761904762,0.7016129032258065,0.09543010752688172,0.7056451612903226
2022,10,Tunal,16.43905325443787,14.5671388101983,22.70521861777151,0.9086021505376344,0.9489247311827957,0.9529569892473119
2022,10,Usaquen,14.664488636363636,15.094032549728752,11.338959212376935,0.946236559139785,0.7432795698924731,0.9556451612903226
2022,11,Bolivia,,5.088443017656501,16.443065693430658,,0.8652777777777778,0.9513888888888888
2022,11,Centro de Alto Rendimiento,12.094729136163984,,16.372093023255815,0.9486111111111111,,0.9555555555555556
2022,11,Colina,26.068676470588237,3.1986764705882353,11.339580209895052,0.9444444444444444,0.9444444444444444,0.9263888888888889
2022,11,Fontibon,19.553801169590642,18.644314868804663,17.836337209302325,0.95,0.9527777777777777,0.9555555555555556
2022,11,Guaymaral,9.726744186046512,10.72334494773519,15.682148040638607,0.8361111111111111,0.7972222222222223,0.9569444444444445
2022,11,Kennedy,20.997510980966325,15.608491947291363,19.803968253968254,0.9486111111111111,0.9486111111111111,0.875
2022,11,Las Ferias,18.98290854572714,9.675624082232012,16.309037900874635,0.9263888888888889,0.9458333333333333,0.9527777777777777
2022,11,MinAmbiente,17.31542288557214,9.446361185983827,16.241799709724237,0.8375,0.5152777777777777,0.9569444444444445
2022,11,Movil Fontibon,23.630973451327435,,21.292284866468844,0.7847222222222222,,0.9361111111111111
2022,11,Puente Aranda,22.05157894736842,6.7516081871345035,17.76807580174927,0.9236111111111112,0.95,0.9527777777777777
2022,11,San Cristobal,16.62485465116279,6.549923896499239,16.278592375366568,0.9555555555555556,0.9125,0.9472222222222222
2022,11,Suba,11.916248153618907,16.145035460992908,13.59451219512195,0.9402777777777778,0.39166666666666666,0.9111111111111111
2022,11,Tunal,15.89775112443778,11.661988304093567,24.372549019607842,0.9263888888888889,0.95,0.9208333333333333
2022,11,Usaquen,16.20367107195301,12.29633431085044,13.378457059679768,0.9458333333333333,0.9472222222222222,0.9541666666666667
2022,12,Bolivia,,6.964264705882353,18.335652173913044,,0.9139784946236559,0.9274193548387096
2022,12,Centro de Alto Rendimiento,11.726365054602185,19.77300884955752,18.986822840409957,0.8615591397849462,0.30376344086021506,0.918010752688172
2022,12,Colina,25.502954209748893,3.880678466076696,12.81441176470588,0.9099462365591398,0.9112903225806451,0.9139784946236559
2022,12,Fontibon,19.266422287390032,24.602049780380675,20.043877551020408,0.9166666666666666,0.918010752688172,0.9220430107526881
2022,12,Guaymaral,9.199833887043189,13.678571428571429,17.81786941580756,0.8091397849462365,0.8655913978494624,0.782258064516129
2022,12,Kennedy,21.994598540145983,18.953790087463556,29.551090342679128,0.9206989247311828,0.9220430107526881,0.8629032258064516
2022,12,Las Ferias,15.161976047904192,13.514139941690964,17.362573099415204,0.8978494623655914,0.9220430107526881,0.9193548387096774
2022,12,MinAmbiente,17.308479532163744,,18.40377906976744,0.9193548387096774,,0.9247311827956989
2022,12,Movil Fontibon,23.546374622356495,,23.89363636363636,0.8897849462365591,,0.8870967741935484
2022,12,Puente Aranda,22.577860326894502,9.013119533527696,19.065014577259475,0.9045698924731183,0.9220430107526881,0.9220430107526881
2022,12,San Cristobal,15.651884057971014,8.474041811846691,18.107714701601164,0.9274193548387096,0.771505376344086,0.9233870967741935
2022,12,Suba,11.159384164222873,13.270424597364569,16.230434782608697,0.9166666666666666,0.918010752688172,0.9274193548387096
2022,12,Tunal,14.388005997001498,15.365294117647059,24.802052785923753,0.896505376344086,0.9139784946236559,0.9166666666666666
2022,12,Usaquen,14.186892488954344,17.537611940298508,14.250655021834062,0.9126344086021505,0.9005376344086021,0.9233870967741935
2023,1,Bolivia,,6.877009345794392,17.024229074889867,,0.7190860215053764,0.9153225806451613
2023,1,Centro de Alto Rendimiento,12.562553191489362,16.91565585331453,16.94943820224719,0.9475806451612904,0.9529569892473119,0.956989247311828
2023,1,Ciudad Bolivar,,,20.056276445698167,,,0.9529569892473119
2023,1,Colina,22.938297872340424,5.629655172413793,12.179512893982807,0.9475806451612904,0.7795698924731183,0.9381720430107527
2023,1,Fontibon,18.00368271954674,19.99503546099291,17.972612359550563,0.9489247311827957,0.9475806451612904,0.956989247311828
2023,1,Guaymaral,7.9730935251798565,13.47167381974249,16.075736325385694,0.9341397849462365,0.9395161290322581,0.9583333333333334
2023,1,Kennedy,20.186206896551724,17.782372881355933,24.557675111773474,0.896505376344086,0.793010752688172,0.9018817204301075
2023,1,Las Ferias,15.66814701378254,14.604231311706629,16.125,0.8776881720430108,0.9529569892473119,0.956989247311828
2023,1,MinAmbiente,18.749269005847953,,14.902118644067798,0.9193548387096774,,0.9516129032258065
2023,1,Movil Fontibon,22.53806818181818,,19.090379008746357,0.946236559139785,,0.9220430107526881
2023,1,Puente Aranda,23.63888888888889,8.535080058224164,15.287101449275363,0.9193548387096774,0.9233870967741935,0.9274193548387096
2023,1,San Cristobal,13.693389592123768,6.7147385103011095,16.388967468175387,0.9556451612903226,0.8481182795698925,0.9502688172043011
2023,1,Suba,11.183592644978784,13.176445698166432,16.198871650211565,0.9502688172043011,0.9529569892473119,0.9529569892473119
2023,1,Tunal,14.201490312965724,15.46916548797737,23.427762039660056,0.9018817204301075,0.9502688172043011,0.9489247311827957
2023,1,Usaquen,12.462376237623761,20.917489421720735,12.81949152542373,0.9502688172043011,0.9529569892473119,0.9516129032258065
2023,2,Bolivia,,8.533653846153847,21.61619047619048,,0.9285714285714286,0.9375
2023,2,Centro de Alto Rendimiento,14.824959216965743,14.21414944356121,22.014563106796118,0.9122023809523809,0.9360119047619048,0.9196428571428571
2023,2,Ciudad Bolivar,,,23.110518053375195,,,0.9479166666666666
2023,2,Colina,24.89731861198738,5.721575984990619,14.015297906602255,0.9434523809523809,0.7931547619047619,0.9241071428571429
2023,2,Fontibon,21.06489028213166,25.154317111459967,24.550388802488335,0.9494047619047619,0.9479166666666666,0.9568452380952381
2023,2,Guaymaral,10.674750830564784,14.141340782122905,18.39240506329114,0.8958333333333334,0.7991071428571429,0.9404761904761905
2023,2,Kennedy,21.238178913738018,18.892172523961662,32.28846153846154,0.9315476190476191,0.9315476190476191,0.9285714285714286
2023,2,Las Ferias,12.694771241830065,16.271338582677163,20.065625,0.9107142857142857,0.9449404761904762,0.9523809523809523
2023,2,MinAmbiente,21.476971608832805,,17.790015600624024,0.9434523809523809,,0.9538690476190477
2023,2,Movil Fontibon,24.91296,,28.03275590551181,0.9300595238095238,,0.9449404761904762
2023,2,Puente Aranda,24.597802197802196,8.558777429467085,21.53582554517134,0.9479166666666666,0.9494047619047619,0.9553571428571429
2023,2,San Cristobal,12.532087227414332,9.309930313588849,18.59090909090909,0.9553571428571429,0.8541666666666666,0.9166666666666666
2023,2,Suba,10.49546191247974,12.61332288401254,23.190553745928337,0.9181547619047619,0.9494047619047619,0.9136904761904762
2023,2,Tunal,14.013091482649841,16.780125195618155,25.1244094488189,0.9434523809523809,0.9508928571428571,0.9449404761904762
2023,2,Usaquen,10.844427001569859,26.38843537414966,16.031104199066874,0.9479166666666666,0.21875,0.9568452380952381
2023,3,Bolivia,,8.39502840909091,20.34225352112676,,0.946236559139785,0.9543010752688172
2023,3,Centro de Alto Rendimiento,15.037906647807636,13.612386706948639,19.810659186535766,0.9502688172043011,0.8897849462365591,0.9583333333333334
2023,3,Ciudad Bolivar,,,22.162957746478874,,,0.9543010752688172
2023,3,Colina,26.6199146514936,,16.120600858369098,0.9448924731182796,,0.9395161290322581
2023,3,Fontibon,19.296039603960395,30.480649717514122,21.69873417721519,0.9502688172043011,0.9516129032258065,0.9556451612903226
2023,3,Guaymaral,11.962783171521036,14.539652448657188,18.277856135401976,0.8306451612903226,0.8508064516129032,0.9529569892473119
2023,3,Kennedy,19.20225988700565,20.135311143270624,31.719298245614034,0.9516129032258065,0.928763440860215,0.9193548387096774
2023,3,Las Ferias,16.57837837837838,15.630028328611896,19.438645980253877,0.9448924731182796,0.9489247311827957,0.9529569892473119
2023,3,MinAmbiente,20.979178470254958,,18.987323943661973,0.9489247311827957,,0.9543010752688172
2023,3,Movil Fontibon,22.82649572649573,,24.708403361344537,0.9435483870967742,,0.7997311827956989
2023,3,Puente Aranda,23.440793201133147,7.9882768361581915,18.8028129395218,0.9489247311827957,0.9516129032258065,0.9556451612903226
2023,3,San Cristobal,13.235724331926864,7.743276283618582,18.839943342776206,0.9556451612903226,0.5497311827956989,0.9489247311827957
2023,3,Suba,11.651694915254236,12.46888260254597,21.700848656294202,0.9516129032258065,0.9502688172043011,0.9502688172043011
2023,3,Tunal,12.66735598227474,15.85272206303725,27.661931818181817,0.9099462365591398,0.9381720430107527,0.946236559139785
2023,3,Usaquen,12.703506097560975,20.3301824212272,16.43392330383481,0.8817204301075269,0.8104838709677419,0.9112903225806451
2023,4,Bolivia,,6.497197640117995,18.265255474452555,,0.9416666666666667,0.9513888888888888
2023,4,Centro de Alto Rendimiento,14.608479532163743,11.196148148148147,16.571428571428573,0.95,0.9375,0.9527777777777777
2023,4,Ciudad Bolivar,,,18.904824561403508,,,0.95
2023,4,Colina,24.045213549337262,5.506378132118451,12.859523809523811,0.9430555555555555,0.6097222222222223,0.9333333333333333
2023,4,Fontibon,19.669546120058563,22.53046218487395,19.022060957910014,0.9486111111111111,0.6611111111111111,0.9569444444444445
2023,4,Guaymaral,9.38849840255591,11.188702928870292,14.502994011976048,0.8694444444444445,0.6638888888888889,0.9277777777777778
2023,4,Kennedy,23.041002949852505,16.24948905109489,21.234131736526944,0.9416666666666667,0.9513888888888888,0.9277777777777778
2023,4,Las Ferias,16.17134328358209,13.18654970760234,15.701449275362318,0.9305555555555556,0.95,0.9583333333333334
2023,4,MinAmbiente,18.384241531664212,,15.074235807860262,0.9430555555555555,,0.9541666666666667
2023,4,Movil Fontibon,21.606011730205278,,20.07147102526003,0.9472222222222222,,0.9347222222222222
2023,4,Puente Aranda,18.88097345132743,5.412992700729927,16.46676342525399,0.9416666666666667,0.9513888888888888,0.9569444444444445
2023,4,San Cristobal,12.656768558951967,6.217708333333333,13.551824817518249,0.9541666666666667,0.9333333333333333,0.9513888888888888
2023,4,Suba,11.456934306569343,10.722693997071742,16.564327485380115,0.9513888888888888,0.9486111111111111,0.95
2023,4,Tunal,14.306317411402157,12.874963396778917,22.373692077727952,0.9013888888888889,0.9486111111111111,0.9291666666666667
2023,4,Usaquen,10.269481481481481,18.22258543833581,11.03941605839416,0.9375,0.9347222222222222,0.9513888888888888
2023,5,Bolivia,,5.994827586206896,12.077155172413793,,0.3118279569892473,0.3118279569892473
2023,5,Centro de Alto Rendimiento,10.250991501416431,8.697185185185186,10.514124293785311,0.9489247311827957,0.907258064516129,0.9516129032258065
2023,5,Ciudad Bolivar,,,14.492482269503547,,,0.9475806451612904
2023,5,Colina,20.873541963015647,4.1753209700427965,8.041260744985674,0.9448924731182796,0.9422043010752689,0.9381720430107527
2023,5,Fontibon,18.71077844311377,15.393467336683418,13.848732394366198,0.8978494623655914,0.5349462365591398,0.9543010752688172
2023,5,Guaymaral,8.825864661654135,6.790128755364807,11.564971751412429,0.8938172043010753,0.9395161290322581,0.9516129032258065
2023,5,Kennedy,12.737240356083085,10.919298245614035,19.21048034934498,0.9059139784946236,0.9193548387096774,0.9233870967741935
2023,5,Las Ferias,11.284615384615384,10.042313117066291,11.1811797752809,0.8911290322580645,0.9529569892473119,0.956989247311828
2023,5,MinAmbiente,12.663920454545455,,9.814084507042253,0.946236559139785,,0.9543010752688172
2023,5,Movil Fontibon,19.47660485021398,,18.485511363636363,0.9422043010752689,,0.946236559139785
2023,5,Puente Aranda,17.14874074074074,5.417655571635311,11.194176136363636,0.907258064516129,0.928763440860215,0.946236559139785
2023,5,San Cristobal,9.376933895921237,4.541830985915492,6.554455445544554,0.9556451612903226,0.9543010752688172,0.9502688172043011
2023,5,Suba,10.634468085106382,6.910906515580737,11.489971346704872,0.9475806451612904,0.9489247311827957,0.9381720430107527
2023,5,Tunal,11.757001647446458,8.654515050167223,15.893767705382436,0.8158602150537635,0.803763440860215,0.9489247311827957
2023,5,Usaquen,6.916232771822359,12.964469453376205,5.978014184397163,0.8776881720430108,0.8360215053763441,0.9475806451612904
2023,6,Centro de Alto Rendimiento,7.183234421364985,8.10576070901034,5.476190476190476,0.9361111111111111,0.9402777777777778,0.8166666666666667
2023,6,Ciudad Bolivar,,,10.736671575846833,,,0.9430555555555555
2023,6,Colina,15.207553366174055,6.464473684210526,4.997044334975369,0.8458333333333333,0.8444444444444444,0.8458333333333333
2023,6,Fontibon,15.092812499999999,9.751960784313725,8.539244663382593,0.8888888888888888,0.14166666666666666,0.8458333333333333
2023,6,Guaymaral,5.629744525547445,6.946886446886447,7.935943060498221,0.7611111111111111,0.7583333333333333,0.7805555555555556
2023,6,Kennedy,13.452095808383234,7.166006097560975,18.254263565891474,0.9277777777777778,0.9111111111111111,0.8958333333333334
2023,6,Las Ferias,7.912392426850259,10.540199335548172,7.462585034013605,0.8069444444444445,0.8361111111111111,0.8166666666666667
2023,6,MinAmbiente,7.839212328767124,,5.135922330097087,0.8111111111111111,,0.8583333333333333
2023,6,Movil Fontibon,14.659360000000001,,15.366774716369529,0.8680555555555556,,0.8569444444444444
2023,6,Puente Aranda,15.270441176470587,7.221345029239766,5.104017857142857,0.9444444444444444,0.95,0.9333333333333333
2023,6,San Cristobal,6.783257918552036,5.302905198776759,4.305194805194805,0.9208333333333333,0.9083333333333333,0.8555555555555555
2023,6,Suba,8.082481751824817,6.771240875912409,7.671899529042387,0.9513888888888888,0.9513888888888888,0.8847222222222222
2023,6,Tunal,7.495483870967742,9.168778280542986,11.39611360239163,0.8611111111111112,0.9208333333333333,0.9291666666666667
2023,6,Usaquen,4.745552147239263,12.242214532871973,3.565640194489465,0.9055555555555556,0.8027777777777778,0.8569444444444444
2023,7,Bolivia,,6.9401442307692305,8.047737556561085,,0.5591397849462365,0.5940860215053764
2023,7,Carvajal - Sevillana,,,24.26086956521739,,,0.12365591397849462
2023,7,Centro de Alto Rendimiento,8.269195751138087,11.603181818181818,7.762039660056657,0.885752688172043,0.8870967741935484,0.9489247311827957
2023,7,Ciudad Bolivar,,,10.472881355932204,,,0.9516129032258065
2023,7,Colina,15.007082152974505,7.1980108499095845,5.166244725738396,0.9489247311827957,0.7432795698924731,0.9556451612903226
2023,7,Fontibon,16.29375886524823,8.233928571428573,12.392937853107346,0.9475806451612904,0.07526881720430108,0.9516129032258065
2023,7,Guaymaral,6.99611510791367,7.481034482758621,7.9071428571428575,0.9341397849462365,0.9354838709677419,0.9408602150537635
2023,7,Kennedy,15.608203677510609,7.843262411347518,13.158730158730158,0.9502688172043011,0.9475806451612904,0.9314516129032258
2023,7,Las Ferias,9.973430656934307,11.21320754716981,7.5504,0.9206989247311828,0.9260752688172043,0.8400537634408602
2023,7,MinAmbiente,9.332900432900432,,6.24438202247191,0.9314516129032258,,0.956989247311828
2023,7,Movil Fontibon,17.6171875,,16.24964539007092,0.946236559139785,,0.9475806451612904
2023,7,Puente Aranda,17.05997171145686,6.7660537482319665,7.097701149425287,0.9502688172043011,0.9502688172043011,0.9354838709677419
2023,7,San Cristobal,8.098140200286123,,4.90154711673699,0.9395161290322581,,0.9556451612903226
2023,7,Suba,10.567372881355931,7.298581560283688,8.169014084507042,0.9516129032258065,0.9475806451612904,0.9543010752688172
2023,7,Tunal,10.648206599713056,11.442291371994342,9.036334913112164,0.9368279569892473,0.9502688172043011,0.8508064516129032
2023,7,Usaquen,5.207132667617689,15.436869565217393,5.266666666666667,0.9422043010752689,0.7728494623655914,0.9475806451612904
2023,8,Bolivia,,10.86278409090909,11.718876080691642,,0.946236559139785,0.9327956989247311
2023,8,Carvajal - Sevillana,,,29.53295932678822,,,0.9583333333333334
2023,8,Centro de Alto Rendimiento,9.81909476661952,15.690921985815603,10.123769338959212,0.9502688172043011,0.9475806451612904,0.9556451612903226
2023,8,Ciudad Bolivar,,,11.502133712660028,,,0.9448924731182796
2023,8,Colina,16.863195435092724,10.013323782234957,7.064756446991404,0.9422043010752689,0.9381720430107527,0.9381720430107527
2023,8,Fontibon,18.274822190611665,,15.504494382022473,0.9448924731182796,,0.956989247311828
2023,8,Guaymaral,8.912374100719425,11.287301587301588,10.307042253521127,0.9341397849462365,0.9314516129032258,0.9543010752688172
2023,8,Kennedy,19.365957446808512,10.9977304964539,14.125652173913045,0.9475806451612904,0.9475806451612904,0.9274193548387096
2023,8,Las Ferias,14.177003484320558,16.25915254237288,10.21875,0.771505376344086,0.793010752688172,0.946236559139785
2023,8,MinAmbiente,11.690084985835695,,9.389518413597735,0.9489247311827957,,0.9489247311827957
2023,8,Movil Fontibon,21.205150214592273,,21.01264367816092,0.9395161290322581,,0.9354838709677419
2023,8,Puente Aranda,18.086495726495727,11.271347517730497,9.153445850914206,0.7862903225806451,0.9475806451612904,0.9556451612903226
2023,8,San Cristobal,9.494676258992806,,7.19971870604782,0.9341397849462365,,0.9556451612903226
2023,8,Suba,12.908192090395481,10.574257425742575,11.54388489208633,0.9516129032258065,0.9502688172043011,0.9341397849462365
2023,8,Tunal,14.18929088277858,16.705940594059406,11.796610169491526,0.928763440860215,0.9502688172043011,0.9516129032258065
2023,8,Usaquen,6.859036144578313,20.13095577746077,6.953257790368272,0.8924731182795699,0.9422043010752689,0.9489247311827957
2023,9,Bolivia,,11.045396825396827,13.91326530612245,,0.875,0.9527777777777777
2023,9,Carvajal - Sevillana,,,35.40928270042194,,,0.6583333333333333
2023,9,Centro de Alto Rendimiento,11.664852941176472,17.116129032258065,12.519650655021834,0.9444444444444444,0.9472222222222222,0.9541666666666667
2023,9,Ciudad Bolivar,,,19.44306784660767,,,0.9416666666666667
2023,9,Colina,18.802163833075735,11.362383900928792,9.508763693270737,0.8986111111111111,0.8972222222222223,0.8875
2023,9,Fontibon,22.18156342182891,,19.36165644171779,0.9416666666666667,,0.9055555555555556
2023,9,Guaymaral,10.95226917057903,12.05560606060606,13.43313953488372,0.8875,0.9166666666666666,0.9555555555555556
2023,9,Kennedy,25.115036496350363,13.074198988195615,17.809382151029748,0.9513888888888888,0.8236111111111111,0.6069444444444444
2023,9,Las Ferias,14.680606060606062,17.49077380952381,12.397643593519883,0.9166666666666666,0.9333333333333333,0.9430555555555555
2023,9,MinAmbiente,13.493538913362702,,11.155297532656023,0.9458333333333333,,0.9569444444444445
2023,9,Movil Fontibon,25.177306002928255,,25.073760932944605,0.9486111111111111,,0.9527777777777777
2023,9,Puente Aranda,22.109691629955947,12.760322108345534,12.19927536231884,0.9458333333333333,0.9486111111111111,0.9583333333333334
2023,9,San Cristobal,9.184720121028745,,7.765339233038348,0.9180555555555555,,0.9416666666666667
2023,9,Suba,15.30748898678414,11.864619883040936,14.544395924308589,0.9458333333333333,0.95,0.9541666666666667
2023,9,Tunal,11.641540785498488,19.506140350877192,14.83655589123867,0.9194444444444444,0.95,0.9194444444444444
2023,9,Usaquen,8.760059171597634,22.25147492625369,8.236842105263158,0.9388888888888889,0.9416666666666667,0.95
2023,10,Bolivia,,8.680425531914894,15.650776397515529,,0.9475806451612904,0.8655913978494624
2023,10,Carvajal - Sevillana,,,37.27042253521127,,,0.9543010752688172
2023,10,Centro de Alto Rendimiento,14.864164305949009,14.62177068214804,15.417201166180758,0.9489247311827957,0.9260752688172043,0.9220430107526881
2023,10,Ciudad Bolivar,,,23.082496413199426,,,0.9368279569892473
2023,10,Colina,20.834433285509327,11.170480928689884,10.877460770328103,0.9368279569892473,0.8104838709677419,0.9422043010752689
2023,10,Fontibon,23.432147937411095,17.319438444924405,20.882419127988747,0.9448924731182796,0.6223118279569892,0.9556451612903226
2023,10,Guaymaral,11.087816455696203,11.861582733812948,14.11938202247191,0.8494623655913979,0.9341397849462365,0.956989247311828
2023,10,Kennedy,23.873617021276598,15.329951690821257,23.687835926449786,0.9475806451612904,0.5564516129032258,0.9502688172043011
2023,10,Las Ferias,19.084527220630374,14.107845934379458,16.197183098591548,0.9381720430107527,0.9422043010752689,0.9543010752688172
2023,10,MinAmbiente,18.696561604584527,,15.374120956399437,0.9381720430107527,,0.9556451612903226
2023,10,Movil Fontibon,26.035185185185185,,19.04963924963925,0.9435483870967742,,0.9314516129032258
2023,10,Puente Aranda,25.99375,10.602263083451202,14.859747545582048,0.7956989247311828,0.9502688172043011,0.9583333333333334
2023,10,San Cristobal,12.465853658536586,,11.855255681818182,0.9368279569892473,,0.946236559139785
2023,10,Suba,15.049363507779349,11.882178217821783,13.793002915451895,0.9502688172043011,0.9502688172043011,0.9220430107526881
2023,10,Tunal,16.311158192090396,13.563096960926195,18.3154711673699,0.9516129032258065,0.928763440860215,0.9556451612903226
2023,10,Usaquen,13.994263565891472,19.441117478510026,10.927966101694915,0.8669354838709677,0.9381720430107527,0.9516129032258065
2023,11,Bolivia,,6.210102489019033,14.941304347826087,,0.9486111111111111,0.9583333333333334
2023,11,Carvajal - Sevillana,,,34.16472303206997,,,0.9527777777777777
2023,11,Centro de Alto Rendimiento,12.227165932452277,12.692977099236641,11.303665689149561,0.9458333333333333,0.9097222222222222,0.9472222222222222
2023,11,Ciudad Bolivar,,,15.82274052478134,,,0.9527777777777777
2023,11,Colina,21.73160237388724,11.837075332348597,9.648676470588235,0.9361111111111111,0.9402777777777778,0.9444444444444444
2023,11,Fontibon,20.409077598828695,14.430232558139535,19.067441860465117,0.9486111111111111,0.8958333333333334,0.9555555555555556
2023,11,Guaymaral,11.327591973244147,8.591616766467066,13.50948905109489,0.8305555555555556,0.9277777777777778,0.9513888888888888
2023,11,Kennedy,20.643906020558003,9.721764705882354,20.524669603524227,0.9458333333333333,0.9444444444444444,0.9458333333333333
2023,11,Las Ferias,16.313752122241084,11.665539452495974,13.790393013100436,0.8180555555555555,0.8625,0.9541666666666667
2023,11,MinAmbiente,16.856632653061226,,14.569767441860465,0.8166666666666667,,0.9555555555555556
2023,11,Movil Fontibon,24.011045655375554,,21.014692653673162,0.9430555555555555,,0.9263888888888889
2023,11,Puente Aranda,,8.772205882352942,12.184716157205239,,0.9444444444444444,0.9541666666666667
2023,11,San Cristobal,11.798956780923994,,10.25095168374817,0.9319444444444445,,0.9486111111111111
2023,11,Suba,14.494498381877023,9.635007385524371,12.574155653450807,0.8583333333333333,0.9402777777777778,0.9458333333333333
2023,11,Tunal,13.820117474302496,10.718827160493827,17.379911373707536,0.9458333333333333,0.45,0.9402777777777778
2023,11,Usaquen,11.088626292466765,15.8925,8.893118594436311,0.9402777777777778,0.9444444444444444,0.9486111111111111
2023,12,Bolivia,,6.911504424778761,19.54941690962099,,0.9112903225806451,0.9220430107526881
2023,12,Carvajal - Sevillana,,,36.134087237479804,,,0.831989247311828
2023,12,Centro de Alto Rendimiento,12.866666666666665,13.17349926793558,15.020319303338171,0.9193548387096774,0.918010752688172,0.9260752688172043
2023,12,Ciudad Bolivar,,,21.84698972099853,,,0.9153225806451613
2023,12,Colina,21.87725258493353,8.254881656804734,13.858949096880131,0.9099462365591398,0.9086021505376344,0.8185483870967742
2023,12,Fontibon,21.000787401574804,14.156111929307805,23.375691411935954,0.853494623655914,0.9126344086021505,0.9233870967741935
2023,12,Guaymaral,12.235906040268457,8.363475699558174,14.880813953488373,0.8010752688172043,0.9126344086021505,0.9247311827956989
2023,12,Kennedy,20.36579330422125,10.976204379562043,26.71010273972603,0.9233870967741935,0.9206989247311828,0.7849462365591398
2023,12,Las Ferias,18.21622807017544,11.738192419825072,17.271407837445572,0.9193548387096774,0.9220430107526881,0.9260752688172043
2023,12,MinAmbiente,16.81119515885023,12.301262626262627,19.098981077147016,0.8884408602150538,0.532258064516129,0.9233870967741935
2023,12,Movil Fontibon,24.073666666666668,,25.761643835616436,0.8064516129032258,,0.7849462365591398
2023,12,Puente Aranda,23.474780058651024,9.165739385065885,16.268367346938778,0.4583333333333333,0.918010752688172,0.9220430107526881
2023,12,San Cristobal,13.887334315169367,,15.227842565597667,0.9126344086021505,,0.9220430107526881
2023,12,Suba,13.831778425655978,10.060087719298247,17.651537335285504,0.9220430107526881,0.9193548387096774,0.918010752688172
2023,12,Tunal,14.074743024963288,12.709708737864077,21.560901162790696,0.9153225806451613,0.13844086021505375,0.9247311827956989
2023,12,Usaquen,13.224447717231222,18.353382352941175,11.779883381924199,0.9126344086021505,0.9139784946236559,0.9220430107526881
2024,1,Bolivia,,8.936792452830188,21.322748815165877,,0.8548387096774194,0.5672043010752689
2024,1,Carvajal - Sevillana,,,37.438818565400844,,,0.9556451612903226
2024,1,Centro de Alto Rendimiento,12.119129082426127,18.97507788161994,17.83051724137931,0.864247311827957,0.8629032258064516,0.7795698924731183
2024,1,Colina,20.854788732394365,11.388169014084507,16.195762711864408,0.9543010752688172,0.9543010752688172,0.9516129032258065
2024,1,Fontibon,21.155274261603374,18.696619718309858,25.591713483146066,0.9556451612903226,0.9543010752688172,0.956989247311828
2024,1,Guaymaral,14.474068554396423,10.435050071530759,19.032531824611034,0.9018817204301075,0.9395161290322581,0.9502688172043011
2024,1,Kennedy,21.567957746478875,13.670128022759602,22.95666131621188,0.7634408602150538,0.9448924731182796,0.8373655913978495
2024,1,Las Ferias,17.451223241590213,16.67443267776097,19.503614457831326,0.8790322580645161,0.8884408602150538,0.8924731182795699
2024,1,MinAmbiente,15.072946175637394,18.70056657223796,20.07475317348378,0.9489247311827957,0.9489247311827957,0.9529569892473119
2024,1,Movil Fontibon,23.704674220963174,,26.81742424242424,0.9489247311827957,,0.8870967741935484
2024,1,Puente Aranda,19.174537695590328,13.020733427362483,17.90210843373494,0.9448924731182796,0.9529569892473119,0.8924731182795699
2024,1,San Cristobal,10.764356435643563,15.083028286189684,15.777470930232557,0.9502688172043011,0.8077956989247311,0.9247311827956989
2024,1,Suba,14.039577464788733,12.999295774647887,22.61723163841808,0.9543010752688172,0.9543010752688172,0.9516129032258065
2024,1,Tunal,11.895056497175142,18.725671641791045,20.03567415730337,0.9516129032258065,0.9005376344086021,0.956989247311828
2024,1,Usaquen,11.276803394625176,23.606638418079097,15.413258110014104,0.9502688172043011,0.9516129032258065,0.9529569892473119
2024,2,Bolivia,,6.5172468354430375,,,0.9080459770114943,
2024,2,Carvajal - Sevillana,,,34.9054054054054,,,0.9568965517241379
2024,2,Centro de Alto Rendimiento,13.241232227488153,17.010091743119265,17.909618320610686,0.9094827586206896,0.9396551724137931,0.9410919540229885
2024,2,Colina,22.752845528455286,9.840852575488453,15.889776357827476,0.8836206896551724,0.8089080459770115,0.8994252873563219
2024,2,Fontibon,20.74923780487805,14.311332312404287,24.663458646616544,0.9425287356321839,0.9382183908045977,0.9554597701149425
2024,2,Guaymaral,12.085328836424958,9.111280487804878,18.133633633633632,0.8520114942528736,0.9425287356321839,0.9568965517241379
2024,2,Kennedy,15.52308868501529,14.246341463414634,20.876992481203008,0.9396551724137931,0.9425287356321839,0.9554597701149425
2024,2,Las Ferias,16.385551948051948,13.76702786377709,22.892265193370164,0.8850574712643678,0.9281609195402298,0.5201149425287356
2024,2,MinAmbiente,18.531722054380666,13.501978691019787,20.025563909774437,0.9511494252873564,0.9439655172413793,0.9554597701149425
2024,2,Movil Fontibon,22.375118858954043,,27.83176100628931,0.9066091954022989,,0.9137931034482759
2024,2,Puente Aranda,18.391009463722398,12.513918305597581,18.460510510510513,0.9109195402298851,0.9497126436781609,0.9568965517241379
2024,2,San Cristobal,12.885407066052228,8.909259259259258,16.435649546827793,0.9353448275862069,0.9310344827586207,0.9511494252873564
2024,2,Suba,13.579010494752625,12.783058470764617,19.522972972972973,0.9583333333333334,0.9583333333333334,0.9568965517241379
2024,2,Tunal,13.910599078341013,17.902137404580152,21.460730593607305,0.9353448275862069,0.9410919540229885,0.9439655172413793
2024,2,Usaquen,13.533533834586464,23.319790104947526,15.784313725490197,0.9554597701149425,0.9583333333333334,0.9525862068965517
2024,3,Bolivia,,7.987146892655367,,,0.9516129032258065,
2024,3,Carvajal - Sevillana,,,48.27188940092166,,,0.875
2024,3,Centro de Alto Rendimiento,13.084068278805121,21.721448863636365,26.43870056497175,0.9448924731182796,0.946236559139785,0.9516129032258065
2024,3,Colina,20.635277382645803,13.9,24.987714285714286,0.9448924731182796,0.9395161290322581,0.9408602150537635
2024,3,Fontibon,22.58847795163585,21.07852062588905,33.759379407616365,0.9448924731182796,0.9448924731182796,0.9529569892473119
2024,3,Guaymaral,13.336303630363037,10.61306990881459,28.91701828410689,0.8145161290322581,0.8844086021505376,0.9556451612903226
2024,3,Kennedy,18.948364153627313,16.555728429985855,28.79858956276446,0.9448924731182796,0.9502688172043011,0.9529569892473119
2024,3,Las Ferias,15.127643504531722,20.21046676096181,29.203651685393258,0.8897849462365591,0.9502688172043011,0.956989247311828
2024,3,MinAmbiente,15.681934566145092,18.39316239316239,29.323488045007032,0.9448924731182796,0.9435483870967742,0.9556451612903226
2024,3,Movil Fontibon,26.053988603988607,,36.261830985915495,0.9435483870967742,,0.9543010752688172
2024,3,Puente Aranda,20.519686162624822,15.23655761024182,28.00437235543018,0.9422043010752689,0.9448924731182796,0.9529569892473119
2024,3,San Cristobal,12.314163090128757,9.974090247452693,25.457792207792206,0.9395161290322581,0.9233870967741935,0.8279569892473119
2024,3,Suba,14.288276836158193,18.562545454545454,30.309590973201693,0.9516129032258065,0.739247311827957,0.9529569892473119
2024,3,Tunal,13.132386363636364,23.46591230551627,29.953586497890296,0.946236559139785,0.9502688172043011,0.9556451612903226
2024,3,Usaquen,8.950755287009063,29.4736170212766,25.185593220338983,0.44489247311827956,0.9475806451612904,0.9516129032258065
2024,4,Bolivia,,5.843567251461988,16.20808383233533,,0.95,0.4638888888888889
2024,4,Carvajal - Sevillana,,,39.04107424960505,,,0.8791666666666667
2024,4,Centro de Alto Rendimiento,15.20352422907489,17.15066079295154,20.69983844911147,0.9458333333333333,0.9458333333333333,0.8597222222222223
2024,4,Colina,23.33343701399689,11.697670807453417,19.56967455621302,0.8930555555555556,0.8944444444444445,0.9388888888888889
2024,4,Fontibon,25.339970717423135,18.522254758418743,27.056914119359533,0.9486111111111111,0.9486111111111111,0.9541666666666667
2024,4,Guaymaral,14.280877742946709,7.82162962962963,22.36972343522562,0.8861111111111111,0.9375,0.9541666666666667
2024,4,Kennedy,21.99868035190616,14.060850439882698,24.246745562130176,0.9472222222222222,0.9472222222222222,0.9388888888888889
2024,4,Las Ferias,20.967627118644067,17.50387858347386,24.001317715959008,0.8194444444444444,0.8236111111111111,0.9486111111111111
2024,4,MinAmbiente,19.174631268436578,16.185777777777776,24.8577648766328,0.9416666666666667,0.9375,0.9569444444444445
2024,4,Movil Fontibon,28.41130690161527,,27.64854651162791,0.9458333333333333,,0.9555555555555556
2024,4,Puente Aranda,25.16834319526627,12.445757575757577,22.926656626506023,0.9388888888888889,0.9166666666666666,0.9222222222222223
2024,4,San Cristobal,14.425892857142859,6.106451612903226,19.445772594752185,0.9333333333333333,0.6888888888888889,0.9527777777777777
2024,4,Suba,15.474231332357247,17.84707602339181,25.577712609970675,0.9486111111111111,0.95,0.9472222222222222
2024,4,Tunal,15.269277108433734,19.506015037593986,25.124137931034483,0.9222222222222223,0.9236111111111112,0.9263888888888889
2024,4,Usaquen,15.491836734693877,26.0531914893617,18.212296296296294,0.6125,0.9138888888888889,0.9375
2024,5,Bolivia,12.407180851063831,3.8646031746031744,7.812078651685393,0.5053763440860215,0.8467741935483871,0.956989247311828
2024,5,Carvajal - Sevillana,,,26.46901408450704,,,0.9543010752688172
2024,5,Centro de Alto Rendimiento,9.72135785007072,8.284582743988684,8.1163610719323,0.9502688172043011,0.9502688172043011,0.9529569892473119
2024,5,Colina,18.623172628304822,5.6961136023916294,6.539703703703704,0.864247311827957,0.8991935483870968,0.907258064516129
2024,5,Fontibon,19.11412429378531,7.668926553672317,14.58836879432624,0.9516129032258065,0.9516129032258065,0.9475806451612904
2024,5,Guaymaral,7.623693379790941,3.573851030110935,7.526685393258427,0.771505376344086,0.8481182795698925,0.956989247311828
2024,5,Kennedy,18.381985815602835,5.498290598290598,12.575458392101552,0.9475806451612904,0.9435483870967742,0.9529569892473119
2024,5,Las Ferias,13.164113475177306,8.36071942446043,9.503960396039604,0.9475806451612904,0.9341397849462365,0.9502688172043011
2024,5,MinAmbiente,12.021194879089615,7.793009985734664,11.268635724331928,0.9448924731182796,0.9422043010752689,0.9556451612903226
2024,5,Movil Fontibon,20.103418803418805,,17.39154302670623,0.9435483870967742,,0.9059139784946236
2024,5,Puente Aranda,17.776888888888887,5.448676470588235,8.91018922852984,0.907258064516129,0.9139784946236559,0.9233870967741935
2024,5,San Cristobal,8.64354136429608,2.95687134502924,6.244159544159544,0.9260752688172043,0.9193548387096774,0.9435483870967742
2024,5,Suba,9.544130127298445,8.312446958981612,11.321438645980253,0.9502688172043011,0.9502688172043011,0.9529569892473119
2024,5,Tunal,7.492582025677604,9.4140625,10.877355836849508,0.9422043010752689,0.946236559139785,0.9556451612903226
2024,5,Usaquen,6.378172588832487,13.524573863636363,4.8608757062146895,0.7943548387096774,0.946236559139785,0.9516129032258065
2024,6,Bolivia,14.672035139092241,3.1048245614035084,7.246086956521739,0.9486111111111111,0.95,0.9583333333333334
2024,6,Carvajal - Sevillana,,,25.22641509433962,,,0.9569444444444445
2024,6,Centro de Alto Rendimiento,9.262865497076024,8.336988304093568,7.1403933434190625,0.95,0.95,0.9180555555555555
2024,6,Colina,18.25762962962963,5.573777777777778,6.14875,0.9375,0.9375,0.8888888888888888
2024,6,Fontibon,18.007027818448023,7.936310395314788,14.679239766081873,0.9486111111111111,0.9486111111111111,0.95
2024,6,Guaymaral,9.545642540620383,9.187740384615385,7.792332268370607,0.9402777777777778,0.5777777777777777,0.8694444444444445
2024,6,Kennedy,19.318235294117645,5.461820851688693,11.883090379008747,0.9444444444444444,0.9458333333333333,0.9527777777777777
2024,6,Las Ferias,13.590204678362575,8.929074889867842,9.081722054380664,0.95,0.9458333333333333,0.9194444444444444
2024,6,MinAmbiente,12.427753303964757,7.370501474926254,10.546666666666667,0.9458333333333333,0.9416666666666667,0.9375
2024,6,Movil Fontibon,20.769456681350956,,13.101549053356282,0.9458333333333333,,0.8069444444444445
2024,6,Puente Aranda,18.357886904761905,5.465491923641704,8.033676470588235,0.9333333333333333,0.9458333333333333,0.9444444444444444
2024,6,San Cristobal,9.179294478527607,4.0132275132275135,5.638879456706282,0.9055555555555556,0.7875,0.8180555555555555
2024,6,Suba,9.35031152647975,8.858883994126284,9.331892697466468,0.8916666666666667,0.9458333333333333,0.9319444444444445
2024,6,Tunal,10.379182879377431,8.883691756272402,9.650626118067978,0.7138888888888889,0.775,0.7763888888888889
2024,6,Usaquen,7.447761194029851,12.632780082987551,5.313676470588236,0.9305555555555556,0.6694444444444444,0.9444444444444444
2024,7,Bolivia,14.739432624113475,4.726241134751773,4.576040172166428,0.9475806451612904,0.9475806451612904,0.9368279569892473
2024,7,Carvajal - Sevillana,,,25.251758087201125,,,0.9556451612903226
2024,7,Centro de Alto Rendimiento,6.943705799151344,11.93932107496464,4.6736990154711675,0.9502688172043011,0.9502688172043011,0.9556451612903226
2024,7,Colina,14.732904148783977,8.692634560906516,4.827349228611501,0.9395161290322581,0.9489247311827957,0.9583333333333334
2024,7,Fontibon,16.18968926553672,9.26949152542373,11.610747663551402,0.9516129032258065,0.9516129032258065,0.8629032258064516
2024,7,Guaymaral,8.184943181818182,10.573201692524682,5.8016,0.946236559139785,0.9529569892473119,0.8400537634408602
2024,7,Kennedy,18.147375886524824,6.4463172804532585,9.075212464589235,0.9475806451612904,0.9489247311827957,0.9489247311827957
2024,7,Las Ferias,9.504006968641116,15.564035087719299,6.011130434782609,0.771505376344086,0.7661290322580645,0.7728494623655914
2024,7,MinAmbiente,8.081779661016949,11.188276836158192,6.650771388499299,0.9516129032258065,0.9516129032258065,0.9583333333333334
2024,7,Movil Fontibon,20.414468085106385,,10.429802259887007,0.9475806451612904,,0.9516129032258065
2024,7,Puente Aranda,14.612375533428166,7.876977401129943,5.181779053084648,0.9448924731182796,0.9516129032258065,0.9368279569892473
2024,7,San Cristobal,6.882324058919804,15.457620817843868,4.106990881458967,0.821236559139785,0.7231182795698925,0.8844086021505376
2024,7,Suba,8.104005722460657,11.743441466854726,7.071629213483146,0.9395161290322581,0.9529569892473119,0.956989247311828
2024,7,Tunal,9.355650684931506,12.157861635220126,7.198430141287283,0.7849462365591398,0.8548387096774194,0.8561827956989247
2024,7,Usaquen,3.724039829302987,17.387146892655366,4.321518987341772,0.9448924731182796,0.9516129032258065,0.8494623655913979
2024,8,Bolivia,17.19243937232525,7.969186875891583,9.30618846694796,0.9422043010752689,0.9422043010752689,0.9556451612903226
2024,8,Carvajal - Sevillana,,,32.05890603085554,,,0.9583333333333334
2024,8,Centro de Alto Rendimiento,9.964033850493653,17.345133991537377,9.039099859353025,0.9529569892473119,0.9529569892473119,0.9556451612903226
2024,8,Colina,16.64245014245014,12.56312769010043,8.944647887323944,0.9435483870967742,0.9368279569892473,0.9543010752688172
2024,8,Fontibon,20.886338028169014,15.40394366197183,18.379125528913963,0.9543010752688172,0.9543010752688172,0.9529569892473119
2024,8,Guaymaral,11.03201133144476,15.77914893617021,12.59353023909986,0.9489247311827957,0.9475806451612904,0.9556451612903226
2024,8,Kennedy,21.84635193133047,9.998068669527898,12.368250539956803,0.6263440860215054,0.6263440860215054,0.6223118279569892
2024,8,Las Ferias,16.35121412803532,21.127312775330395,12.367464114832536,0.6088709677419355,0.6102150537634409,0.5618279569892473
2024,8,MinAmbiente,10.616973125884016,18.214427157001413,10.533236994219653,0.9502688172043011,0.9502688172043011,0.9301075268817204
2024,8,Movil Fontibon,27.14053672316384,,20.91683168316832,0.9516129032258065,,0.9502688172043011
2024,8,Puente Aranda,19.660057061340943,12.622081575246131,12.45848787446505,0.9422043010752689,0.9556451612903226,0.9422043010752689
2024,8,San Cristobal,8.158581560283688,21.282763532763532,7.507467532467533,0.9475806451612904,0.9435483870967742,0.8279569892473119
2024,8,Suba,11.062957746478872,17.338169014084507,12.93511988716502,0.9543010752688172,0.9543010752688172,0.9529569892473119
2024,8,Tunal,,17.39127988748242,12.370662905500705,,0.9556451612903226,0.9529569892473119
2024,8,Usaquen,6.19493670886076,22.017440225035163,8.539662447257383,0.9556451612903226,0.9556451612903226,0.9556451612903226
2024,9,Bolivia,17.221879588839943,8.762023460410557,12.39903536977492,0.9458333333333333,0.9472222222222222,0.8638888888888889
2024,9,Carvajal - Sevillana,,,31.360687022900763,,,0.7277777777777777
2024,9,Centro de Alto Rendimiento,12.307458143074582,18.705592105263158,11.452167182662539,0.9125,0.8444444444444444,0.8972222222222223
2024,9,Colina,17.611669128508126,12.914138438880707,11.407001522070015,0.9402777777777778,0.9430555555555555,0.9125
2024,9,Fontibon,20.43654970760234,17.586569343065694,21.63062787136294,0.95,0.9513888888888888,0.9069444444444444
2024,9,Guaymaral,12.027927927927928,19.621921921921924,17.25,0.4625,0.4625,0.4388888888888889
2024,9,Kennedy,23.21948051948052,14.01937984496124,17.336622807017545,0.6416666666666667,0.5375,0.6333333333333333
2024,9,Las Ferias,15.08412162162162,25.3891846921797,13.48374558303887,0.8222222222222222,0.8347222222222223,0.7861111111111111
2024,9,MinAmbiente,12.837591776798824,19.012609970674486,14.452,0.9458333333333333,0.9472222222222222,0.6944444444444444
2024,9,Movil Fontibon,25.595288753799394,,17.143407407407405,0.9138888888888889,,0.9375
2024,9,Puente Aranda,19.17083946980854,14.14017595307918,12.746131386861315,0.9430555555555555,0.9472222222222222,0.9513888888888888
2024,9,San Cristobal,9.865401459854015,16.013333333333332,10.661374045801526,0.9513888888888888,0.9166666666666666,0.9097222222222222
2024,9,Suba,11.945401459854015,19.126530612244895,15.694668820678514,0.9513888888888888,0.9527777777777777,0.8597222222222223
2024,9,Tunal,14.118146718146718,18.708321167883213,12.313450292397661,0.3597222222222222,0.9513888888888888,0.7125
2024,9,Usaquen,9.074231332357247,20.562023460410558,10.637573964497042,0.9486111111111111,0.9472222222222222,0.9388888888888889
2024,10,Bolivia,17.262642045454545,8.024220963172805,12.8901269393512,0.946236559139785,0.9489247311827957,0.9529569892473119
2024,10,Carvajal - Sevillana,,,32.85814606741573,,,0.956989247311828
2024,10,Centro de Alto Rendimiento,18.415811965811965,17.33773987206823,11.067521367521369,0.6290322580645161,0.6303763440860215,0.6290322580645161
2024,10,Colina,19.632467532467533,11.21344165435746,8.702508361204014,0.8279569892473119,0.9099462365591398,0.803763440860215
2024,10,Fontibon,21.595703703703705,17.586901408450704,17.196739130434782,0.907258064516129,0.9543010752688172,0.8655913978494624
2024,10,Guaymaral,14.612910798122067,12.744155844155845,11.866477272727273,0.5725806451612904,0.31048387096774194,0.946236559139785
2024,10,Kennedy,22.54589928057554,18.3516501650165,20.680945347119646,0.9341397849462365,0.8145161290322581,0.9099462365591398
2024,10,Las Ferias,17.797254004576658,19.205263157894738,13.71303074670571,0.5873655913978495,0.5873655913978495,0.918010752688172
2024,10,MinAmbiente,15.644729344729345,18.047652916073968,11.187588152327221,0.9435483870967742,0.9448924731182796,0.9529569892473119
2024,10,Movil Fontibon,29.149601593625498,,15.276775431861804,0.6747311827956989,,0.7002688172043011
2024,10,Puente Aranda,25.593975903614457,11.740123456790124,14.915919629057187,0.3346774193548387,0.8709677419354839,0.8696236559139785
2024,10,San Cristobal,13.242368045649073,14.656348074179745,10.157627118644069,0.9422043010752689,0.9422043010752689,0.9516129032258065
2024,10,Suba,13.257489300998573,17.954297994269343,13.701408450704225,0.9422043010752689,0.9381720430107527,0.9543010752688172
2024,10,Tunal,10.859715639810426,16.524891461649784,14.491525423728813,0.8508064516129032,0.928763440860215,0.793010752688172
2024,10,Usaquen,12.989389534883722,23.03758967001435,8.661428571428571,0.9247311827956989,0.9368279569892473,0.9408602150537635
2024,11,Bolivia,17.303225806451614,4.40934065934066,12.554444444444446,0.3013888888888889,0.25277777777777777,0.25
2024,11,Carvajal - Sevillana,,,32.206738131699844,,,0.9069444444444444
2024,11,Centro de Alto Rendimiento,15.761538461538462,11.51160409556314,11.93578125,0.8125,0.8138888888888889,0.8888888888888888
2024,11,Colina,23.22081447963801,6.769329073482429,12.046716417910448,0.9208333333333333,0.8694444444444445,0.9305555555555556
2024,11,Fontibon,21.683479532163744,11.093421052631578,17.00865102639296,0.95,0.95,0.9472222222222222
2024,11,Guaymaral,12.457692307692307,10.00875796178344,13.3125,0.9388888888888889,0.8722222222222222,0.9555555555555556
2024,11,Kennedy,18.549922720247295,11.522720247295208,23.369648093841644,0.8986111111111111,0.8986111111111111,0.9472222222222222
2024,11,Las Ferias,22.975219941348975,10.32179675994109,15.98992700729927,0.9472222222222222,0.9430555555555555,0.9513888888888888
2024,11,MinAmbiente,19.929513888888888,9.932096474953617,13.79421768707483,0.8,0.7486111111111111,0.8166666666666667
2024,11,Movil Fontibon,27.30745814307458,,15.816691068814055,0.9125,,0.9486111111111111
2024,11,Puente Aranda,26.212406576980566,6.7485337243401755,15.772859216255442,0.9291666666666667,0.9472222222222222,0.9569444444444445
2024,11,San Cristobal,17.442143906020558,8.146833578792341,13.950506756756758,0.9458333333333333,0.9430555555555555,0.8222222222222222
2024,11,Suba,13.105163511187609,12.191617647058823,14.22840409956076,0.8069444444444445,0.9444444444444444,0.9486111111111111
2024,11,Tunal,13.358686131386863,10.354372019077902,20.199272197962152,0.9513888888888888,0.8736111111111111,0.9541666666666667
2024,11,Usaquen,15.8628125,14.523372781065088,10.728951255539144,0.8888888888888888,0.9388888888888889,0.9402777777777778
2024,12,Bolivia,17.163059701492536,6.299054820415878,16.252567975830818,0.7204301075268817,0.7110215053763441,0.8897849462365591
2024,12,Carvajal - Sevillana,,,38.202265372168284,,,0.8306451612903226
2024,12,Centro de Alto Rendimiento,13.855994152046783,15.074122807017545,15.356976744186047,0.9193548387096774,0.9193548387096774,0.9247311827956989
2024,12,Colina,19.13002915451895,9.644052044609666,12.397842835130971,0.9220430107526881,0.7231182795698925,0.8723118279569892
2024,12,Fontibon,19.480673499267933,15.055589123867069,21.29795918367347,0.918010752688172,0.8897849462365591,0.9220430107526881
2024,12,Guaymaral,12.11638846737481,14.633333333333335,15.634294385432474,0.885752688172043,0.8225806451612904,0.885752688172043
2024,12,Kennedy,16.655555555555555,15.040132669983418,26.962241887905606,0.9193548387096774,0.8104838709677419,0.9112903225806451
2024,12,Las Ferias,21.163860667634253,13.020029027576197,17.662244897959184,0.9260752688172043,0.9260752688172043,0.9220430107526881
2024,12,MinAmbiente,18.14,14.414492753623188,15.547169811320755,0.9139784946236559,0.8346774193548387,0.9260752688172043
2024,12,Movil Fontibon,25.494419970631427,,18.684034833091435,0.9153225806451613,,0.9260752688172043
2024,12,Puente Aranda,24.19735849056604,9.571715328467153,17.825507246376812,0.7123655913978495,0.7365591397849462,0.9274193548387096
2024,12,San Cristobal,13.938644688644688,14.333150183150183,16.79475982532751,0.7338709677419355,0.7338709677419355,0.9233870967741935
2024,12,Suba,11.786021505376345,16.95878787878788,17.412790697674417,0.75,0.6653225806451613,0.9247311827956989
2024,12,Tunal,10.681632653061225,12.937026239067054,20.324599708879184,0.9220430107526881,0.9220430107526881,0.9233870967741935
2024,12,Usaquen,13.693193717277488,19.544973544973544,12.791150442477877,0.5134408602150538,0.5080645161290323,0.7594086021505376
