run_id,pollutant,beta_scenario,beta_reference,endpoint_group,endpoint,cell_id,delta_concentration,population_target,incidence_target,beta_value,rr,af_avoided,baseline_cases,avoided_cases,economic_method,valuation_value_used_usd_2015,economic_value_usd_2015,economic_value_cop_2015
NO2_ASTHMA,NO2,Escenario beta central,beta_base_corrida_principal,Hospital Admissions,Asthma,0,1.423131547373103,66007,0.0001667347,0.003324,1.0047416956914652,0.0047193181210638535,11.0056573429,0.05193919813256743,UNIT_VALUE_ASTHMA_HA,11232.0,583.3810734249973,1617966.5704690902
NO2_ASTHMA,NO2,Escenario beta central,beta_base_corrida_principal,Hospital Admissions,Asthma,1,1.4547154562062676,35848,0.0001667347,0.003324,1.0048471839481767,0.004823802092106755,5.9771055256,0.028832374139132123,UNIT_VALUE_ASTHMA_HA,11232.0,323.84522633073203,898162.0660624421
NO2_ASTHMA,NO2,Escenario beta central,beta_base_corrida_principal,Hospital Admissions,Asthma,2,1.399911638556702,682,0.0001667347,0.003324,1.004664149729023,0.004642496430554366,0.11371306540000001,0.0005279125002268952,UNIT_VALUE_ASTHMA_HA,11232.0,5.929513202548487,16445.08980134405
NO2_ASTHMA,NO2,Escenario beta central,beta_base_corrida_principal,Hospital Admissions,Asthma,41,1.443690933941216,53333,0.0001667347,0.003324,1.0048103614833235,0.004787332682579248,8.8924617551,0.04257117278877625,UNIT_VALUE_ASTHMA_HA,11232.0,478.1594127635348,1326141.6601407703
NO2_ASTHMA,NO2,Escenario beta central,beta_base_corrida_principal,Hospital Admissions,Asthma,42,1.3634198928372854,88375,0.0001667347,0.003324,1.0045422928022774,0.004521753673114359,14.735179112500001,0.06662885027594487,UNIT_VALUE_ASTHMA_HA,11232.0,748.3752462994128,2075566.3593441802
NO2_ASTHMA,NO2,Escenario beta central,beta_base_corrida_principal,Hospital Admissions,Asthma,43,1.4465433051011125,64336,0.0001667347,0.003324,1.004819888418615,0.004796768529532813,10.7270436592,0.05145514543937507,UNIT_VALUE_ASTHMA_HA,11232.0,577.9441935750608,1602887.7647868807
NO2_ASTHMA,NO2,Escenario beta central,beta_base_corrida_principal,Hospital Admissions,Asthma,44,1.4231405806193376,8855,0.0001667347,0.003324,1.0047417258603526,0.004719348005869151,1.4764357685,0.006967814199864362,UNIT_VALUE_ASTHMA_HA,11232.0,78.26248909287652,217055.5351248565
NO2_ASTHMA,NO2,Escenario beta central,beta_base_corrida_principal,Hospital Admissions,Asthma,82,1.404676787451594,6180,0.0001667347,0.003324,1.004680063087101,0.004658262126472801,1.030420446,0.004799968537945011,UNIT_VALUE_ASTHMA_HA,11232.0,53.913246618198365,149524.61556830988
NO2_ASTHMA,NO2,Escenario beta central,beta_base_corrida_principal,Hospital Admissions,Asthma,83,1.4249579367891396,38621,0.0001667347,0.003324,1.0047477954148472,0.004725360370546383,6.4394608487000005,0.030428773102131962,UNIT_VALUE_ASTHMA_HA,11232.0,341.7759794831462,947891.7547779422
NO2_ASTHMA,NO2,Escenario beta central,beta_base_corrida_principal,Hospital Admissions,Asthma,84,1.4293178804590203,86400,0.0001667347,0.003324,1.0047623567803212,0.004739784236724276,14.40587808,0.06828075383975578,UNIT_VALUE_ASTHMA_HA,11232.0,766.9294271281369,2127025.0810799887
NO2_ASTHMA,NO2,Escenario beta central,beta_base_corrida_principal,Hospital Admissions,Asthma,85,1.4249657614430935,86293,0.0001667347,0.003324,1.0047478215474834,0.004725386256793196,14.3880374671,0.06798903450925993,UNIT_VALUE_ASTHMA_HA,11232.0,763.6528356080075,2117937.6838603164
NO2_ASTHMA,NO2,Escenario beta central,beta_base_corrida_principal,Hospital Admissions,Asthma,86,1.373465701232968,66266,0.0001667347,0.003324,1.0045758373068996,0.004554994393620504,11.0488416302,0.05032741168156183,UNIT_VALUE_ASTHMA_HA,11232.0,565.2774880073025,1567757.5435640928
NO2_ASTHMA,NO2,Escenario beta central,beta_base_corrida_principal,Hospital Admissions,Asthma,87,1.3960250388059272,22233,0.0001667347,0.003324,1.0046511704988723,0.004629637266597486,3.7070125851,0.017162123611724846,UNIT_VALUE_ASTHMA_HA,11232.0,192.76497240689346,534620.1574224505
NO2_ASTHMA,NO2,Escenario beta central,beta_base_corrida_principal,Hospital Admissions,Asthma,91,1.422130167356583,5057,0.0001667347,0.003324,1.0047383513267087,0.00471600523703708,0.8431773779,0.003976428929927593,UNIT_VALUE_ASTHMA_HA,11232.0,44.663249740946725,123870.39672903386
NO2_ASTHMA,NO2,Escenario beta central,beta_base_corrida_principal,Hospital Admissions,Asthma,125,1.4597197944543492,35539,0.0001667347,0.003324,1.004863899137632,0.004840356133608004,5.9255845033,0.02868193929576069,UNIT_VALUE_ASTHMA_HA,11232.0,322.1555421699841,893475.8453204989
NO2_ASTHMA,NO2,Escenario beta central,beta_base_corrida_principal,Hospital Admissions,Asthma,126,1.4532173770060552,87860,0.0001667347,0.003324,1.0048421802082625,0.004818846485185269,14.649310742,0.0705927795794735,UNIT_VALUE_ASTHMA_HA,11232.0,792.8981002366464,2199047.378139322
NO2_ASTHMA,NO2,Escenario beta central,beta_base_corrida_principal,Hospital Admissions,Asthma,127,1.4281589690345289,88375,0.0001667347,0.003324,1.0047584862205479,0.004735950266463673,14.735179112500001,0.06978507544423433,UNIT_VALUE_ASTHMA_HA,11232.0,783.82596738964,2173886.452737449
NO2_ASTHMA,NO2,Escenario beta central,beta_base_corrida_principal,Hospital Admissions,Asthma,128,1.4312834533694687,88366,0.0001667347,0.003324,1.0047689214812856,0.004746286812150724,14.7336785002,0.06993026395996792,UNIT_VALUE_ASTHMA_HA,11232.0,785.4567247983597,2178409.2442575144
NO2_ASTHMA,NO2,Escenario beta central,beta_base_corrida_principal,Hospital Admissions,Asthma,129,1.4252301142954753,69107,0.0001667347,0.003324,1.0047487044287056,0.004726260813051386,11.5225349129,0.054458505225855734,UNIT_VALUE_ASTHMA_HA,11232.0,611.6779306968116,1696445.9233324581
NO2_ASTHMA,NO2,Escenario beta central,beta_base_corrida_principal,Hospital Admissions,Asthma,130,1.421879661454664,48901,0.0001667347,0.003324,1.0047375146999011,0.0047151764820049236,8.1534935647,0.03844516110245193,UNIT_VALUE_ASTHMA_HA,11232.0,431.81604950274004,1197611.5861723842
NO2_ASTHMA,NO2,Escenario beta central,beta_base_corrida_principal,Hospital Admissions,Asthma,131,1.4361403614644157,49015,0.0001667347,0.003324,1.0047851429659327,0.004762354419182491,8.1725013205,0.038920347779457916,UNIT_VALUE_ASTHMA_HA,11232.0,437.1533462588713,1212414.2051147413
NO2_ASTHMA,NO2,Escenario beta central,beta_base_corrida_principal,Hospital Admissions,Asthma,132,1.4457375794375444,82710,0.0001667347,0.003324,1.0048171972813331,0.004794103140717265,13.790627037,0.06611368839054213,UNIT_VALUE_ASTHMA_HA,11232.0,742.5889480025692,2059518.4660587653
NO2_ASTHMA,NO2,Escenario beta central,beta_base_corrida_principal,Hospital Admissions,Asthma,133,1.41301936690739,71305,0.0001667347,0.003324,1.0047079239890968,0.004685863300853188,11.8890177835,0.055710312114893565,UNIT_VALUE_ASTHMA_HA,11232.0,625.7382256744845,1735441.1672323854
NO2_ASTHMA,NO2,Escenario beta central,beta_base_corrida_principal,Hospital Admissions,Asthma,134,1.4070428166810238,65679,0.0001667347,0.003324,1.004687964606535,0.00466609014110253,10.9509683613,0.051098205506187655,UNIT_VALUE_ASTHMA_HA,11232.0,573.9350442454997,1591768.6697617962
NO2_ASTHMA,NO2,Escenario beta central,beta_base_corrida_principal,Hospital Admissions,Asthma,135,1.419682829062921,27480,0.0001667347,0.003324,1.004730177861203,0.004707908616094714,4.581869556,0.02157102316051446,UNIT_VALUE_ASTHMA_HA,11232.0,242.28573213889842,671962.518085985
NO2_ASTHMA,NO2,Escenario beta central,beta_base_corrida_principal,Hospital Admissions,Asthma,136,1.4324131223793408,5922,0.0001667347,0.003324,1.0047726944155526,0.004750024002522002,0.9874028934,0.004690187443809673,UNIT_VALUE_ASTHMA_HA,11232.0,52.68018536887025,146104.8065075858
NO2_ASTHMA,NO2,Escenario beta central,beta_base_corrida_principal,Hospital Admissions,Asthma,166,1.3977551193715634,56,0.0001667347,0.003324,1.0046569480511798,0.004635361413876993,0.0093371432,4.3281033305123946e-05,UNIT_VALUE_ASTHMA_HA,11232.0,0.48613256608315214,1348.2546427519965
NO2_ASTHMA,NO2,Escenario beta central,beta_base_corrida_principal,Hospital Admissions,Asthma,167,1.4349619690570812,60657,0.0001667347,0.003324,1.004781207253987,0.004758456089215435,10.113626697900001,0.04812524854467405,UNIT_VALUE_ASTHMA_HA,11232.0,540.542791653779,1499157.59465634
NO2_ASTHMA,NO2,Escenario beta central,beta_base_corrida_principal,Hospital Admissions,Asthma,168,1.4424199541828262,88376,0.0001667347,0.003324,1.0048061164330628,0.004783128162201056,14.7353458472,0.0704810477015147,UNIT_VALUE_ASTHMA_HA,11232.0,791.6431277834131,2195566.7998883515
NO2_ASTHMA,NO2,Escenario beta central,beta_base_corrida_principal,Hospital Admissions,Asthma,169,1.4332202526463114,87552,0.0001667347,0.003324,1.0047753901248428,0.004752694156103354,14.5979564544,0.06937962233187812,UNIT_VALUE_ASTHMA_HA,11232.0,779.2719180316551,2161256.115626533
NO2_ASTHMA,NO2,Escenario beta central,beta_base_corrida_principal,Hospital Admissions,Asthma,170,1.4045750810539095,88376,0.0001667347,0.003324,1.004679723432894,0.004657925629178217,14.7353458472,0.06863614507647768,UNIT_VALUE_ASTHMA_HA,11232.0,770.9211814989973,2138095.932404764
NO2_ASTHMA,NO2,Escenario beta central,beta_base_corrida_principal,Hospital Admissions,Asthma,171,1.4451037530910469,88376,0.0001667347,0.003324,1.0048150802957294,0.004792006400135218,14.7353458472,0.0706118716079883,UNIT_VALUE_ASTHMA_HA,11232.0,793.1125419009246,2199642.117084281
NO2_ASTHMA,NO2,Escenario beta central,beta_base_corrida_principal,Hospital Admissions,Asthma,172,1.450632920374364,88376,0.0001667347,0.003324,1.0048335479136163,0.004810297112046502,14.7353458472,0.07088139157379257,UNIT_VALUE_ASTHMA_HA,11232.0,796.1397901568381,2208037.9782146793
NO2_ASTHMA,NO2,Escenario beta central,beta_base_corrida_principal,Hospital Admissions,Asthma,173,1.4474983700569997,88377,0.0001667347,0.003324,1.0048230783609828,0.004799927932437553,14.7355125819,0.07072939844064682,UNIT_VALUE_ASTHMA_HA,11232.0,794.4326032853451,2203303.2149296743
NO2_ASTHMA,NO2,Escenario beta central,beta_base_corrida_principal,Hospital Admissions,Asthma,174,1.451779915844627,88377,0.0001667347,0.003324,1.00483737896231,0.004814091377955632,14.7355125819,0.07093810407028152,UNIT_VALUE_ASTHMA_HA,11232.0,796.776784917402,2209804.63859347
NO2_ASTHMA,NO2,Escenario beta central,beta_base_corrida_principal,Hospital Admissions,Asthma,175,1.4419176779218592,88377,0.0001667347,0.003324,1.0048044388440418,0.00478146658027212,14.7355125819,0.07045736095353419,UNIT_VALUE_ASTHMA_HA,11232.0,791.377078230096,2194828.930075695
NO2_ASTHMA,NO2,Escenario beta central,beta_base_corrida_principal,Hospital Admissions,Asthma,176,1.443721399831798,88377,0.0001667347,0.003324,1.0048104632390875,0.00478743346638788,14.7355125819,0.07054528607896775,UNIT_VALUE_ASTHMA_HA,11232.0,792.3646532389657,2197567.9002325446
NO2_ASTHMA,NO2,Escenario beta central,beta_base_corrida_principal,Hospital Admissions,Asthma,177,1.4358521540396207,84182,0.0001667347,0.003324,1.0047841803807398,0.004761400979588326,14.0360605154,0.06683131228758658,UNIT_VALUE_ASTHMA_HA,11232.0,750.6492996141725,2081873.2870289343
NO2_ASTHMA,NO2,Escenario beta central,beta_base_corrida_principal,Hospital Admissions,Asthma,178,1.399211260903174,32375,0.0001667347,0.003324,1.0046618108180265,0.0046401791805252834,5.3980359125,0.0250478538569103,UNIT_VALUE_ASTHMA_HA,11232.0,281.3374945208165,780269.8474288681
NO2_ASTHMA,NO2,Escenario beta central,beta_base_corrida_principal,Hospital Admissions,Asthma,208,1.4440477852469993,46725,0.0001667347,0.003324,1.0048115533636952,0.004788513177011233,7.7906788575,0.03730576836700157,UNIT_VALUE_ASTHMA_HA,11232.0,419.01839029816165,1162118.1742046303
NO2_ASTHMA,NO2,Escenario beta central,beta_base_corrida_principal,Hospital Admissions,Asthma,209,1.4144741839769337,21680,0.0001667347,0.003324,1.0047127825794187,0.004690676441200914,3.614808296,0.01695589611350482,UNIT_VALUE_ASTHMA_HA,11232.0,190.44862514688614,528195.9304411284
NO2_ASTHMA,NO2,Escenario beta central,beta_base_corrida_principal,Hospital Admissions,Asthma,210,1.4323973755005976,27561,0.0001667347,0.003324,1.0047726418231138,0.004749971908524442,4.5953750667,0.021827902475958633,UNIT_VALUE_ASTHMA_HA,11232.0,245.17100060996736,679964.6082217017
NO2_ASTHMA,NO2,Escenario beta central,beta_base_corrida_principal,Hospital Admissions,Asthma,211,1.4252714830649946,88377,0.0001667347,0.003324,1.0047488425914983,0.004726397672924709,14.7355125819,0.06964589237644493,UNIT_VALUE_ASTHMA_HA,11232.0,782.2626631722295,2169550.737921756
NO2_ASTHMA,NO2,Escenario beta central,beta_base_corrida_principal,Hospital Admissions,Asthma,212,1.4700195192945529,88377,0.0001667347,0.003324,1.0048983025337586,0.004874426119944708,14.7355125819,0.07182716741998725,UNIT_VALUE_ASTHMA_HA,11232.0,806.7627444612968,2237499.9983712942
NO2_ASTHMA,NO2,Escenario beta central,beta_base_corrida_principal,Hospital Admissions,Asthma,213,1.4313176861298036,88376,0.0001667347,0.003324,1.0047690358136416,0.00474640006176108,14.7353458472,0.06993984643922095,UNIT_VALUE_ASTHMA_HA,11232.0,785.5643552053298,2178707.7496571178
NO2_ASTHMA,NO2,Escenario beta central,beta_base_corrida_principal,Hospital Admissions,Asthma,214,1.4003332790688443,88377,0.0001667347,0.003324,1.004665557800032,0.0046438914560269495,14.7355125819,0.06843012097926303,UNIT_VALUE_ASTHMA_HA,11232.0,768.6071188390823,2131678.041601876
NO2_ASTHMA,NO2,Escenario beta central,beta_base_corrida_principal,Hospital Admissions,Asthma,215,1.47446135542193,88376,0.0001667347,0.003324,1.0049131396283657,0.0048891187055059016,14.7353458472,0.07204285501364423,UNIT_VALUE_ASTHMA_HA,11232.0,809.1853475132519,2244218.918353678
NO2_ASTHMA,NO2,Escenario beta central,beta_base_corrida_principal,Hospital Admissions,Asthma,216,1.460394596920267,88376,0.0001667347,0.003324,1.0048661530934935,0.004842588317372387,14.7353458472,0.07135721365209244,UNIT_VALUE_ASTHMA_HA,11232.0,801.4842237403022,2222860.3906480665
NO2_ASTHMA,NO2,Escenario beta central,beta_base_corrida_principal,Hospital Admissions,Asthma,217,1.428766927407661,88377,0.0001667347,0.003324,1.004760516692436,0.00473796154740147,14.7355125819,0.06981629199429276,UNIT_VALUE_ASTHMA_HA,11232.0,784.1765916798963,2174858.884662775
NO2_ASTHMA,NO2,Escenario beta central,beta_base_corrida_principal,Hospital Admissions,Asthma,218,1.432137367490899,76565,0.0001667347,0.003324,1.0047717734320296,0.004749111746770729,12.766042305500001,0.06062736147282213,UNIT_VALUE_ASTHMA_HA,11232.0,680.9665240627382,1888612.98683132
NO2_ASTHMA,NO2,Escenario beta central,beta_base_corrida_principal,Hospital Admissions,Asthma,219,1.4496806018633883,5064,0.0001667347,0.003324,1.004830367111292,0.004807146827357833,0.8443445208,0.00405888808436069,UNIT_VALUE_ASTHMA_HA,11232.0,45.58943096353927,126439.09551720871
NO2_ASTHMA,NO2,Escenario beta central,beta_base_corrida_principal,Hospital Admissions,Asthma,251,1.427768436450462,80,0.0001667347,0.003324,1.0047571819139498,0.0047346582831963024,0.013338776,6.315454627610004e-05,UNIT_VALUE_ASTHMA_HA,11232.0,0.7093518637731556,1967.3377395443829
NO2_ASTHMA,NO2,Escenario beta central,beta_base_corrida_principal,Hospital Admissions,Asthma,252,1.4343817057023198,28607,0.0001667347,0.003324,1.0047792692384943,0.0047565364700610235,4.7697795629,0.02268763044508558,UNIT_VALUE_ASTHMA_HA,11232.0,254.82746515920124,706746.1366964835
NO2_ASTHMA,NO2,Escenario beta central,beta_base_corrida_principal,Hospital Admissions,Asthma,253,1.4095382427716334,77148,0.0001667347,0.003324,1.004696298323135,0.004674346198919155,12.8632486356,0.06012727736556887,UNIT_VALUE_ASTHMA_HA,11232.0,675.3495793700695,1873034.7839123316
NO2_ASTHMA,NO2,Escenario beta central,beta_base_corrida_principal,Hospital Admissions,Asthma,254,1.3786390966650437,88376,0.0001667347,0.003324,1.0045931125096257,0.004572112283500962,14.7353458472,0.06737165574961801,UNIT_VALUE_ASTHMA_HA,11232.0,756.7184373797095,2098705.6157820076
NO2_ASTHMA,NO2,Escenario beta central,beta_base_corrida_principal,Hospital Admissions,Asthma,255,1.3851712063738937,88376,0.0001667347,0.003324,1.0046149252081278,0.004593725508479474,14.7353458472,0.06769013409454971,UNIT_VALUE_ASTHMA_HA,11232.0,760.2955861499823,2108626.5874959454
NO2_ASTHMA,NO2,Escenario beta central,beta_base_corrida_principal,Hospital Admissions,Asthma,256,1.403988122474587,88376,0.0001667347,0.003324,1.0046777632541124,0.004655983664813457,14.7353458472,0.06860752955994,UNIT_VALUE_ASTHMA_HA,11232.0,770.5997720172461,2137204.5257057906
NO2_ASTHMA,NO2,Escenario beta central,beta_base_corrida_principal,Hospital Admissions,Asthma,257,1.3946329554999384,88377,0.0001667347,0.003324,1.0046465217024279,0.004625031393682755,14.7355125819,0.06815220829329473,UNIT_VALUE_ASTHMA_HA,11232.0,765.4856035502863,2123020.7374544707
NO2_ASTHMA,NO2,Escenario beta central,beta_base_corrida_principal,Hospital Admissions,Asthma,258,1.429773683180121,88376,0.0001667347,0.003324,1.0047638790851103,0.0047412921426355226,14.7353458472,0.06986457948434634,UNIT_VALUE_ASTHMA_HA,11232.0,784.718956768178,2176363.096269568
NO2_ASTHMA,NO2,Escenario beta central,beta_base_corrida_principal,Hospital Admissions,Asthma,259,1.4140810381882858,45742,0.0001667347,0.003324,1.0047114696049326,0.0046893757536033975,7.6267786474,0.03576483086721768,UNIT_VALUE_ASTHMA_HA,11232.0,401.71058030058896,1114116.1747230624
NO2_ASTHMA,NO2,Escenario beta central,beta_base_corrida_principal,Hospital Admissions,Asthma,294,1.4174367438154398,10391,0.0001667347,0.003324,1.0047226765863946,0.0047004777501789,1.7325402677,0.008143766979612844,UNIT_VALUE_ASTHMA_HA,11232.0,91.47079071501146,253687.83509273423
NO2_ASTHMA,NO2,Escenario beta central,beta_base_corrida_principal,Hospital Admissions,Asthma,295,1.454877495201531,58101,0.0001667347,0.003324,1.0048477251767216,0.00482433811139793,9.6874528047,0.046735547768082975,UNIT_VALUE_ASTHMA_HA,11232.0,524.933672531108,1455866.7954079506
NO2_ASTHMA,NO2,Escenario beta central,beta_base_corrida_principal,Hospital Admissions,Asthma,296,1.435318020582402,88049,0.0001667347,0.003324,1.0047823964285927,0.0047596339720831216,14.6808236003,0.06987534674614752,UNIT_VALUE_ASTHMA_HA,11232.0,784.839894652729,2176698.509026718
NO2_ASTHMA,NO2,Escenario beta central,beta_base_corrida_principal,Hospital Admissions,Asthma,297,1.438365324314935,88376,0.0001667347,0.003324,1.0047925741597756,0.004769714947170267,14.7353458472,0.07028339933911316,UNIT_VALUE_ASTHMA_HA,11232.0,789.423141376919,2189409.8229889884
NO2_ASTHMA,NO2,Escenario beta central,beta_base_corrida_principal,Hospital Admissions,Asthma,298,1.4837714844045244,88375,0.0001667347,0.003324,1.004944239024603,0.00491991379482104,14.735179112500001,0.07249581098474761,UNIT_VALUE_ASTHMA_HA,11232.0,814.2729489806852,2258329.0248915018
NO2_ASTHMA,NO2,Escenario beta central,beta_base_corrida_principal,Hospital Admissions,Asthma,299,1.4200896034253727,88375,0.0001667347,0.003324,1.0047315363758609,0.00470925436751779,14.735179112500001,0.06939170659169754,UNIT_VALUE_ASTHMA_HA,11232.0,779.4076484379467,2161632.5544072543
NO2_ASTHMA,NO2,Escenario beta central,beta_base_corrida_principal,Hospital Admissions,Asthma,300,1.4221396826032695,65052,0.0001667347,0.003324,1.004738383105257,0.004716036716555516,10.8464257044,0.05115214186534193,UNIT_VALUE_ASTHMA_HA,11232.0,574.5408574315205,1593448.850226302
NO2_ASTHMA,NO2,Escenario beta central,beta_base_corrida_principal,Hospital Admissions,Asthma,301,1.4148079284739945,35569,0.0001667347,0.003324,1.0047138971749492,0.004691780603616413,5.9305865443,0.027825010916615232,UNIT_VALUE_ASTHMA_HA,11232.0,312.5305226154223,866781.5273372906
NO2_ASTHMA,NO2,Escenario beta central,beta_base_corrida_principal,Hospital Admissions,Asthma,302,1.4114863759259997,32382,0.0001667347,0.003324,1.0047028043501294,0.00468079150348466,5.3992030554,0.025272543787304737,UNIT_VALUE_ASTHMA_HA,11232.0,283.8612118190068,787269.200695188
NO2_ASTHMA,NO2,Escenario beta central,beta_base_corrida_principal,Hospital Admissions,Asthma,303,1.4401087461552784,24978,0.0001667347,0.003324,1.0047983970844556,0.004775482423517663,4.1646993366,0.019888448481168972,UNIT_VALUE_ASTHMA_HA,11232.0,223.3870533404899,619548.3553461148
NO2_ASTHMA,NO2,Escenario beta central,beta_base_corrida_principal,Hospital Admissions,Asthma,304,1.4270502007909958,8201,0.0001667347,0.003324,1.0047547831441122,0.004732282168623647,1.3673912747,0.00647088134679437,UNIT_VALUE_ASTHMA_HA,11232.0,72.68093928719436,201575.49744728344
NO2_ASTHMA,NO2,Escenario beta central,beta_base_corrida_principal,Hospital Admissions,Asthma,337,1.4451706260400012,12381,0.0001667347,0.003324,1.00481530365176,0.004792227620598499,2.0643423207000002,0.009892798287628946,UNIT_VALUE_ASTHMA_HA,11232.0,111.11591036664832,308172.19928817346
NO2_ASTHMA,NO2,Escenario beta central,beta_base_corrida_principal,Hospital Admissions,Asthma,338,1.4242271269520437,74381,0.0001667347,0.003324,1.004745354672512,0.0047229426346129255,12.4018937207,0.058573432603432354,UNIT_VALUE_ASTHMA_HA,11232.0,657.8967950017523,1824630.7081617096
NO2_ASTHMA,NO2,Escenario beta central,beta_base_corrida_principal,Hospital Admissions,Asthma,339,1.4273825371531892,88375,0.0001667347,0.003324,1.0047558930833358,0.0047333816263981365,14.735179112500001,0.0697472260727931,UNIT_VALUE_ASTHMA_HA,11232.0,783.4008432496121,2172707.4006937714
NO2_ASTHMA,NO2,Escenario beta central,beta_base_corrida_principal,Hospital Admissions,Asthma,340,1.4441067006662518,88377,0.0001667347,0.003324,1.0048117501408378,0.004788708074087933,14.7355125819,0.07056406807676885,UNIT_VALUE_ASTHMA_HA,11232.0,792.5756126382677,2198152.9813593505
NO2_ASTHMA,NO2,Escenario beta central,beta_base_corrida_principal,Hospital Admissions,Asthma,341,1.4532952910120525,88375,0.0001667347,0.003324,1.00484244044851,0.004819104223293347,14.735179112500001,0.07101036389203266,UNIT_VALUE_ASTHMA_HA,11232.0,797.5884072353109,2212055.6162786284
NO2_ASTHMA,NO2,Escenario beta central,beta_base_corrida_principal,Hospital Admissions,Asthma,342,1.4225167481564842,88375,0.0001667347,0.003324,1.004739642410873,0.004717284170753011,14.735179112500001,0.06951002718060666,UNIT_VALUE_ASTHMA_HA,11232.0,780.736625292574,2165318.3786851834
NO2_ASTHMA,NO2,Escenario beta central,beta_base_corrida_principal,Hospital Admissions,Asthma,343,1.435470836616389,88375,0.0001667347,0.003324,1.0047829068184877,0.004760139514745632,14.735179112500001,0.07014150835026572,UNIT_VALUE_ASTHMA_HA,11232.0,787.8294217901846,2184989.7532755514
NO2_ASTHMA,NO2,Escenario beta central,beta_base_corrida_principal,Hospital Admissions,Asthma,344,1.4114186227090215,88377,0.0001667347,0.003324,1.004702578079335,0.004680567345935138,14.7355125819,0.06897055901645752,UNIT_VALUE_ASTHMA_HA,11232.0,774.6773188728508,2148513.3164815307
NO2_ASTHMA,NO2,Escenario beta central,beta_base_corrida_principal,Hospital Admissions,Asthma,345,1.4220569657611346,86300,0.0001667347,0.003324,1.0047381068516896,0.0047157630624126146,14.38920461,0.0678560795973353,UNIT_VALUE_ASTHMA_HA,11232.0,762.1594860372702,2113795.983360346
NO2_ASTHMA,NO2,Escenario beta central,beta_base_corrida_principal,Hospital Admissions,Asthma,346,1.4390398925612915,33933,0.0001667347,0.003324,1.0047948271733729,0.004771946514555037,5.6578085751,0.026998759909968043,UNIT_VALUE_ASTHMA_HA,11232.0,303.25007130876105,841042.8452698571
NO2_ASTHMA,NO2,Escenario beta central,beta_base_corrida_principal,Hospital Admissions,Asthma,347,1.4471987616908706,2135,0.0001667347,0.003324,1.004822077659977,0.004798936813974586,0.35597858450000003,0.001708318734143613,UNIT_VALUE_ASTHMA_HA,11232.0,19.18783602190106,53216.12005822105
NO2_ASTHMA,NO2,Escenario beta central,beta_base_corrida_principal,Hospital Admissions,Asthma,348,1.4335810752945155,32334,0.0001667347,0.003324,1.0047765952275292,0.0047538878296100595,5.3911997898,0.02562915906772653,UNIT_VALUE_ASTHMA_HA,11232.0,287.8667146487044,798378.1824081561
NO2_ASTHMA,NO2,Escenario beta central,beta_base_corrida_principal,Hospital Admissions,Asthma,349,1.433424941440478,30021,0.0001667347,0.003324,1.0047760737597338,0.0047533713077604345,5.0055424287,0.02379320176036006,UNIT_VALUE_ASTHMA_HA,11232.0,267.2452421723642,741185.9719981
NO2_ASTHMA,NO2,Escenario beta central,beta_base_corrida_principal,Hospital Admissions,Asthma,350,1.4605591911106952,41325,0.0001667347,0.003324,1.0048667028670593,0.0048431327788786005,6.8903114775,0.033370693373363694,UNIT_VALUE_ASTHMA_HA,11232.0,374.819627969621,1039536.000799786
NO2_ASTHMA,NO2,Escenario beta central,beta_base_corrida_principal,Hospital Admissions,Asthma,351,1.403059273434648,31973,0.0001667347,0.003324,1.0046746613221254,0.004652910541183108,5.3310085631,0.024804705938385407,UNIT_VALUE_ASTHMA_HA,11232.0,278.6064570999449,772695.5063147002
NO2_ASTHMA,NO2,Escenario beta central,beta_base_corrida_principal,Hospital Admissions,Asthma,352,1.4554681198482091,11823,0.0001667347,0.003324,1.0048496979322137,0.0048262918744897965,1.9713043581,0.009514090205644353,UNIT_VALUE_ASTHMA_HA,11232.0,106.86226118979738,296375.0010516197
NO2_ASTHMA,NO2,Escenario beta central,beta_base_corrida_principal,Hospital Admissions,Asthma,353,1.4477699845815035,30,0.0001667347,0.003324,1.004823985562572,0.004800826445112372,0.0050020410000000005,2.4013930712336334e-05,UNIT_VALUE_ASTHMA_HA,11232.0,0.2697244697609617,748.061936169144
NO2_ASTHMA,NO2,Escenario beta central,beta_base_corrida_principal,Hospital Admissions,Asthma,360,1.4111210004962835,26038,0.0001667347,0.003324,1.0047015841313487,0.004679582679680605,4.3414381186,0.020316118624705712,UNIT_VALUE_ASTHMA_HA,11232.0,228.19064439269457,632870.7788780308
NO2_ASTHMA,NO2,Escenario beta central,beta_base_corrida_principal,Hospital Admissions,Asthma,361,1.4149935992056886,20956,0.0001667347,0.003324,1.0047145172539265,0.004692394877315098,3.4940923732,0.016395661152869435,UNIT_VALUE_ASTHMA_HA,11232.0,184.1560660690295,510743.9583178284
NO2_ASTHMA,NO2,Escenario beta central,beta_base_corrida_principal,Hospital Admissions,Asthma,379,1.4042352764251618,54999,0.0001667347,0.003324,1.0046785886371516,0.004656801379133713,9.1702417653,0.04270399449963861,UNIT_VALUE_ASTHMA_HA,11232.0,479.65126621994085,1330279.2112723705
NO2_ASTHMA,NO2,Escenario beta central,beta_base_corrida_principal,Hospital Admissions,Asthma,380,1.4428223250971026,88376,0.0001667347,0.003324,1.0048074603429695,0.00478445924488724,14.7353458472,0.07050066166524684,UNIT_VALUE_ASTHMA_HA,11232.0,791.8634318240524,2196177.797723782
NO2_ASTHMA,NO2,Escenario beta central,beta_base_corrida_principal,Hospital Admissions,Asthma,381,1.44203602781222,88376,0.0001667347,0.003324,1.0048048341291975,0.0047818580942253774,14.7353458472,0.07046233281064362,UNIT_VALUE_ASTHMA_HA,11232.0,791.4329221291492,2194983.809220646
NO2_ASTHMA,NO2,Escenario beta central,beta_base_corrida_principal,Hospital Admissions,Asthma,382,1.4108278417463644,88375,0.0001667347,0.003324,1.0047006050906369,0.004678612779587921,14.735179112500001,0.06894019730525949,UNIT_VALUE_ASTHMA_HA,11232.0,774.3362961326746,2147567.513783244
NO2_ASTHMA,NO2,Escenario beta central,beta_base_corrida_principal,Hospital Admissions,Asthma,383,1.423561881441529,88376,0.0001667347,0.003324,1.0047431329056022,0.004720741799832728,14.7353458472,0.06956176307586864,UNIT_VALUE_ASTHMA_HA,11232.0,781.3177228681566,2166930.012134231
NO2_ASTHMA,NO2,Escenario beta central,beta_base_corrida_principal,Hospital Admissions,Asthma,384,1.418009909558286,88377,0.0001667347,0.003324,1.0047245907888045,0.00470237399593787,14.7355125819,0.06929189118194186,UNIT_VALUE_ASTHMA_HA,11232.0,778.2865217555709,2158523.188032553
NO2_ASTHMA,NO2,Escenario beta central,beta_base_corrida_principal,Hospital Admissions,Asthma,385,1.413843435926255,88376,0.0001667347,0.003324,1.004710676094256,0.004688589666995702,14.7353458472,0.06908799027878994,UNIT_VALUE_ASTHMA_HA,11232.0,775.9963068113685,2152171.437199854
NO2_ASTHMA,NO2,Escenario beta central,beta_base_corrida_principal,Hospital Admissions,Asthma,386,1.4121708219430733,88376,0.0001667347,0.003324,1.0047050901506336,0.00468305595020746,14.7353458472,0.06900644904809473,UNIT_VALUE_ASTHMA_HA,11232.0,775.0804357082001,2149631.3328061933
NO2_ASTHMA,NO2,Escenario beta central,beta_base_corrida_principal,Hospital Admissions,Asthma,387,1.404734489022621,88291,0.0001667347,0.003324,1.0046802557847776,0.004658453033021703,14.7211733977,0.06857789486415397,UNIT_VALUE_ASTHMA_HA,11232.0,770.2669151141774,2136281.370385113
NO2_ASTHMA,NO2,Escenario beta central,beta_base_corrida_principal,Hospital Admissions,Asthma,388,1.4227033999383831,86731,0.0001667347,0.003324,1.0047402657822082,0.004717901674337388,14.4610672657,0.06822589346555162,UNIT_VALUE_ASTHMA_HA,11232.0,766.3132354050758,2125316.116469499
NO2_ASTHMA,NO2,Escenario beta central,beta_base_corrida_principal,Hospital Admissions,Asthma,389,1.409207638562604,88377,0.0001667347,0.003324,1.004695194234455,0.0046732524066991354,14.7355125819,0.06886276963730957,UNIT_VALUE_ASTHMA_HA,11232.0,773.4666285662611,2145155.551664525
NO2_ASTHMA,NO2,Escenario beta central,beta_base_corrida_principal,Hospital Admissions,Asthma,390,1.4167711164576478,88377,0.0001667347,0.003324,1.0047204535943806,0.004698275602425639,14.7355125819,0.0692314992527768,UNIT_VALUE_ASTHMA_HA,11232.0,777.608199607189,2156641.909036566
NO2_ASTHMA,NO2,Escenario beta central,beta_base_corrida_principal,Hospital Admissions,Asthma,391,1.407198203122352,88376,0.0001667347,0.003324,1.004688483532555,0.004666604235444072,14.7353458472,0.06876402734127673,UNIT_VALUE_ASTHMA_HA,11232.0,772.3575550972203,2142079.6140332837
NO2_ASTHMA,NO2,Escenario beta central,beta_base_corrida_principal,Hospital Admissions,Asthma,392,1.4228580854888655,88377,0.0001667347,0.003324,1.0047407823944359,0.004718413423149714,14.7355125819,0.06952824036342846,UNIT_VALUE_ASTHMA_HA,11232.0,780.9411957620284,2165885.7405622825
NO2_ASTHMA,NO2,Escenario beta central,beta_base_corrida_principal,Hospital Admissions,Asthma,393,1.4344992564145027,88376,0.0001667347,0.003324,1.004779661844583,0.004756925349990171,14.7353458472,0.07009494020141807,UNIT_VALUE_ASTHMA_HA,11232.0,787.3063683423278,2183539.101151662
NO2_ASTHMA,NO2,Escenario beta central,beta_base_corrida_principal,Hospital Admissions,Asthma,394,1.4149501601560353,65713,0.0001667347,0.003324,1.0047143721818002,0.004692251163445071,10.9566373411,0.05141129431122219,UNIT_VALUE_ASTHMA_HA,11232.0,577.4516577036476,1601521.7510250271
NO2_ASTHMA,NO2,Escenario beta central,beta_base_corrida_principal,Hospital Admissions,Asthma,395,1.4499191998787868,29100,0.0001667347,0.003324,1.0048311640423742,0.004807936114300748,4.85197977,0.023328008762039637,UNIT_VALUE_ASTHMA_HA,11232.0,262.0201944152292,726694.667797029
NO2_ASTHMA,NO2,Escenario beta central,beta_base_corrida_principal,Hospital Admissions,Asthma,396,1.422900229015271,7120,0.0001667347,0.003324,1.0047409231436404,0.004718552847242319,1.187151064,0.005601635033143948,UNIT_VALUE_ASTHMA_HA,11232.0,62.917564692272826,174497.4614444902
NO2_ASTHMA,NO2,Escenario beta central,beta_base_corrida_principal,Hospital Admissions,Asthma,397,1.4548967586668198,2535,0.0001667347,0.003324,1.0048477895188905,0.004824401834243597,0.4226724645,0.0020391418130180617,UNIT_VALUE_ASTHMA_HA,11232.0,22.90364084381887,63521.64462547257
NO2_ASTHMA,NO2,Escenario beta central,beta_base_corrida_principal,Hospital Admissions,Asthma,398,1.4014041685877316,10141,0.0001667347,0.003324,1.004669134050849,0.0046474345559148755,1.6908565927,0.007858145358010464,UNIT_VALUE_ASTHMA_HA,11232.0,88.26268866117353,244790.3886135585
NO2_ASTHMA,NO2,Escenario beta central,beta_base_corrida_principal,Hospital Admissions,Asthma,400,1.3770568933837133,7025,0.0001667347,0.003324,1.0045878291235137,0.004566877071879971,1.1713112675,0.005349234571580417,UNIT_VALUE_ASTHMA_HA,11232.0,60.08260270799124,166634.89282842414
NO2_ASTHMA,NO2,Escenario beta central,beta_base_corrida_principal,Hospital Admissions,Asthma,401,1.3649462118853002,87066,0.0001667347,0.003324,1.0045473893449737,0.004526804203770718,14.5169233902,0.06571526982857483,UNIT_VALUE_ASTHMA_HA,11232.0,738.1139107145525,2047107.2633930612
NO2_ASTHMA,NO2,Escenario beta central,beta_base_corrida_principal,Hospital Admissions,Asthma,402,1.4244093754882794,76970,0.0001667347,0.003324,1.004745963341539,0.004723545567433818,12.833569859,0.0606199520218317,UNIT_VALUE_ASTHMA_HA,11232.0,680.8833011092137,1888382.1737953264
NO2_ASTHMA,NO2,Escenario beta central,beta_base_corrida_principal,Hospital Admissions,Asthma,403,1.4490479723453795,682,0.0001667347,0.003324,1.0048282540954074,0.004805054073398818,0.11371306540000001,0.0005463974280989362,UNIT_VALUE_ASTHMA_HA,11232.0,6.137135912407251,17020.916853547642
NO2_ASTHMA,NO2,Escenario beta central,beta_base_corrida_principal,Hospital Admissions,Asthma,420,1.4138928569771387,45834,0.0001667347,0.003324,1.0047108411436916,0.0046887531723346365,7.6421182398,0.03583200614021864,UNIT_VALUE_ASTHMA_HA,11232.0,402.4650929669358,1116208.7627872888
NO2_ASTHMA,NO2,Escenario beta central,beta_base_corrida_principal,Hospital Admissions,Asthma,421,1.412003626973222,88376,0.0001667347,0.003324,1.0047045317798267,0.004682502796610755,14.7353458472,0.06899829813854066,UNIT_VALUE_ASTHMA_HA,11232.0,774.9888846920887,2149377.4224715796
NO2_ASTHMA,NO2,Escenario beta central,beta_base_corrida_principal,Hospital Admissions,Asthma,422,1.4613684485198437,88378,0.0001667347,0.003324,1.0048694059336154,0.004845809719016492,14.7356793166,0.07140629804869057,UNIT_VALUE_ASTHMA_HA,11232.0,802.0355396828925,2224389.4268227243
NO2_ASTHMA,NO2,Escenario beta central,beta_base_corrida_principal,Hospital Admissions,Asthma,423,1.4272892498516612,88378,0.0001667347,0.003324,1.0047555815216533,0.004733073007120003,14.7356793166,0.069745046014976,UNIT_VALUE_ASTHMA_HA,11232.0,783.3763568402104,2172639.4893513448
NO2_ASTHMA,NO2,Escenario beta central,beta_base_corrida_principal,Hospital Admissions,Asthma,424,1.4179378364808972,88378,0.0001667347,0.003324,1.0047243500860497,0.004702135551552078,14.7356793166,0.06928916159085549,UNIT_VALUE_ASTHMA_HA,11232.0,778.2558629884888,2158438.1580881644
NO2_ASTHMA,NO2,Escenario beta central,beta_base_corrida_principal,Hospital Admissions,Asthma,425,1.4203667480338051,88377,0.0001667347,0.003324,1.0047324619637927,0.00471017125747375,14.7355125819,0.06940678782740818,UNIT_VALUE_ASTHMA_HA,11232.0,779.5770408774487,2162102.352480742
NO2_ASTHMA,NO2,Escenario beta central,beta_base_corrida_principal,Hospital Admissions,Asthma,426,1.4179311139534665,88377,0.0001667347,0.003324,1.0047243276348,0.004702113310943057,14.7355125819,0.06928804985492089,UNIT_VALUE_ASTHMA_HA,11232.0,778.2433759704714,2158403.5262177843
NO2_ASTHMA,NO2,Escenario beta central,beta_base_corrida_principal,Hospital Admissions,Asthma,427,1.443617539872724,88377,0.0001667347,0.003324,1.0048101163479248,0.004787089888592666,14.7355125819,0.0705402232840435,UNIT_VALUE_ASTHMA_HA,11232.0,792.3077879263766,2197410.1882686503
NO2_ASTHMA,NO2,Escenario beta central,beta_base_corrida_principal,Hospital Admissions,Asthma,428,1.4521839300588244,88377,0.0001667347,0.003324,1.0048387284027895,0.004815427855254684,14.7355125819,0.07095779774833712,UNIT_VALUE_ASTHMA_HA,11232.0,796.9979843093225,2210418.1196230045
NO2_ASTHMA,NO2,Escenario beta central,beta_base_corrida_principal,Hospital Admissions,Asthma,429,1.387522245255029,88376,0.0001667347,0.003324,1.0046227761570088,0.004601504432034109,14.7353458472,0.0678047592234462,UNIT_VALUE_ASTHMA_HA,11232.0,761.5830555977477,2112197.2938864613
NO2_ASTHMA,NO2,Escenario beta central,beta_base_corrida_principal,Hospital Admissions,Asthma,430,1.4325375506975142,88378,0.0001667347,0.003324,1.0047731099893533,0.004750435637557837,14.7356793166,0.07000089616920056,UNIT_VALUE_ASTHMA_HA,11232.0,786.2500657724607,2180609.519915316
NO2_ASTHMA,NO2,Escenario beta central,beta_base_corrida_principal,Hospital Admissions,Asthma,431,1.382914694520684,88377,0.0001667347,0.003324,1.0046073899760697,0.004586259290984773,14.7355125819,0.0675808814861619,UNIT_VALUE_ASTHMA_HA,11232.0,759.0684608525704,2105223.241382344
NO2_ASTHMA,NO2,Escenario beta central,beta_base_corrida_principal,Hospital Admissions,Asthma,432,1.430310735840651,88377,0.0001667347,0.003324,1.0047656727540557,0.004743068840113773,14.7355125819,0.06989155057031435,UNIT_VALUE_ASTHMA_HA,11232.0,785.0218960057707,2177203.2770392844
NO2_ASTHMA,NO2,Escenario beta central,beta_base_corrida_principal,Hospital Admissions,Asthma,433,1.409109502288235,88376,0.0001667347,0.003324,1.004694866497937,0.004672927726108278,14.7353458472,0.06885720616317535,UNIT_VALUE_ASTHMA_HA,11232.0,773.4041396247856,2144982.2429595687
NO2_ASTHMA,NO2,Escenario beta central,beta_base_corrida_principal,Hospital Admissions,Asthma,434,1.3876326046438656,88374,0.0001667347,0.003324,1.0046231446874792,0.00460186957858455,14.7350123778,0.06780860520146462,UNIT_VALUE_ASTHMA_HA,11232.0,761.6262536228505,2112317.1005852222
NO2_ASTHMA,NO2,Escenario beta central,beta_base_corrida_principal,Hospital Admissions,Asthma,435,1.4362656543291583,88373,0.0001667347,0.003324,1.0047855614323875,0.004762768909184256,14.7348456431,0.07017866471058577,UNIT_VALUE_ASTHMA_HA,11232.0,788.2467620292994,2186147.2172149196
NO2_ASTHMA,NO2,Escenario beta central,beta_base_corrida_principal,Hospital Admissions,Asthma,436,1.4491355521257852,88373,0.0001667347,0.003324,1.0048285466162181,0.004805343789722527,14.7348456431,0.07080599900359062,UNIT_VALUE_ASTHMA_HA,11232.0,795.2929808083298,2205689.411763246
NO2_ASTHMA,NO2,Escenario beta central,beta_base_corrida_principal,Hospital Admissions,Asthma,437,1.4857156289296505,87523,0.0001667347,0.003324,1.0049507333333245,0.004926344316306341,14.5931211481,0.0718907394251123,UNIT_VALUE_ASTHMA_HA,11232.0,807.4767852228614,2239480.34044064
NO2_ASTHMA,NO2,Escenario beta central,beta_base_corrida_principal,Hospital Admissions,Asthma,438,1.437660632623274,83412,0.0001667347,0.003324,1.0047902205412464,0.004767383721814178,13.9076747964,0.06630322243264267,UNIT_VALUE_ASTHMA_HA,11232.0,744.7177943634424,2065422.672421402
NO2_ASTHMA,NO2,Escenario beta central,beta_base_corrida_principal,Hospital Admissions,Asthma,439,1.4409311423759483,83452,0.0001667347,0.003324,1.0048011438503617,0.004778203010362803,13.9143441844,0.06648556126912424,UNIT_VALUE_ASTHMA_HA,11232.0,746.7658241748034,2071102.7397411247
NO2_ASTHMA,NO2,Escenario beta central,beta_base_corrida_principal,Hospital Admissions,Asthma,440,1.4477001699474703,77384,0.0001667347,0.003324,1.004823752379283,0.004800595495340287,12.9025980248,0.06194015395604137,UNIT_VALUE_ASTHMA_HA,11232.0,695.7118092342566,1929508.0030845643
NO2_ASTHMA,NO2,Escenario beta central,beta_base_corrida_principal,Hospital Admissions,Asthma,441,1.3522744227386685,85838,0.0001667347,0.003324,1.0045050776682523,0.004484872967202791,14.3121731786,0.06418827859062798,UNIT_VALUE_ASTHMA_HA,11232.0,720.9627451299334,1999539.7062257112
NO2_ASTHMA,NO2,Escenario beta central,beta_base_corrida_principal,Hospital Admissions,Asthma,442,1.9228234976011187,88372,0.0001667347,0.003324,1.0064119343061362,0.006371083338312045,14.7346789084,0.09387586728868515,UNIT_VALUE_ASTHMA_HA,11232.0,1054.4137413865117,2924342.702773593
NO2_ASTHMA,NO2,Escenario beta central,beta_base_corrida_principal,Hospital Admissions,Asthma,443,1.4162907664285953,88316,0.0001667347,0.003324,1.0047188493750943,0.004696686419319418,14.7253417652,0.06916031268845187,UNIT_VALUE_ASTHMA_HA,11232.0,776.8086321166913,2154424.3645713953
NO2_ASTHMA,NO2,Escenario beta central,beta_base_corrida_principal,Hospital Admissions,Asthma,444,1.3874553240808591,45597,0.0001667347,0.003324,1.0046225526827328,0.004601283009612711,7.6026021159,0.034981723944736316,UNIT_VALUE_ASTHMA_HA,11232.0,392.9147233472783,1089721.481173042
NO2_ASTHMA,NO2,Escenario beta central,beta_base_corrida_principal,Hospital Admissions,Asthma,445,1.4363493467567243,57394,0.0001667347,0.003324,1.0047858409573682,0.0047630457778030655,9.5695713718,0.04558030651783708,UNIT_VALUE_ASTHMA_HA,11232.0,511.95800280834607,1419879.6837287513
NO2_ASTHMA,NO2,Escenario beta central,beta_base_corrida_principal,Hospital Admissions,Asthma,446,1.3843987490139753,8084,0.0001667347,0.003324,1.0046123457136704,0.004591169652005123,1.3478833148,0.006188360969353827,UNIT_VALUE_ASTHMA_HA,11232.0,69.50767040778219,192774.65833905534
NO2_ASTHMA,NO2,Escenario beta central,beta_base_corrida_principal,Hospital Admissions,Asthma,461,1.4422140304950517,22921,0.0001667347,0.003324,1.0048054286532198,0.0047824469456347884,3.8217260587,0.018277202116482694,UNIT_VALUE_ASTHMA_HA,11232.0,205.28953417233362,569356.1527595752
NO2_ASTHMA,NO2,Escenario beta central,beta_base_corrida_principal,Hospital Admissions,Asthma,462,1.4434973522912102,74661,0.0001667347,0.003324,1.0048097149228257,0.004786692297451545,12.4485794367,0.05958751930386558,UNIT_VALUE_ASTHMA_HA,11232.0,669.2870168210181,1856220.6910619163
NO2_ASTHMA,NO2,Escenario beta central,beta_base_corrida_principal,Hospital Admissions,Asthma,463,1.4202574057906023,80098,0.0001667347,0.003324,1.0047320967902122,0.004709809515720309,13.3551160006,0.06290005242317444,UNIT_VALUE_ASTHMA_HA,11232.0,706.4933888170953,1959409.9593469964
NO2_ASTHMA,NO2,Escenario beta central,beta_base_corrida_principal,Hospital Admissions,Asthma,464,1.4327973301496346,82755,0.0001667347,0.003324,1.00477397761824,0.00475129504205174,13.7981300985,0.06555898712658793,UNIT_VALUE_ASTHMA_HA,11232.0,736.3585434058357,2042238.8750380469
NO2_ASTHMA,NO2,Escenario beta central,beta_base_corrida_principal,Hospital Admissions,Asthma,465,1.3842929710317229,88371,0.0001667347,0.003324,1.0046119924859909,0.004590819660213463,14.7345121737,0.06764348817067657,UNIT_VALUE_ASTHMA_HA,11232.0,759.7716591330393,2107173.512589345
NO2_ASTHMA,NO2,Escenario beta central,beta_base_corrida_principal,Hospital Admissions,Asthma,466,1.4229958708402322,88371,0.0001667347,0.003324,1.0047412425643203,0.004718869260526892,14.7345121737,0.06953023656533222,UNIT_VALUE_ASTHMA_HA,11232.0,780.9636171018115,2165947.924578677
NO2_ASTHMA,NO2,Escenario beta central,beta_base_corrida_principal,Hospital Admissions,Asthma,467,1.4228188764847527,88369,0.0001667347,0.003324,1.004740651445845,0.004718283707365822,14.7341787043,0.06952003532191516,UNIT_VALUE_ASTHMA_HA,11232.0,780.849036735751,2165630.143954034
NO2_ASTHMA,NO2,Escenario beta central,beta_base_corrida_principal,Hospital Admissions,Asthma,468,1.3768361133884175,60568,0.0001667347,0.003324,1.0045870918841975,0.004566146550413985,10.0987873096,0.046112542837094574,UNIT_VALUE_ASTHMA_HA,11232.0,517.9360811462462,1436459.4655334337
NO2_ASTHMA,NO2,Escenario beta central,beta_base_corrida_principal,Hospital Admissions,Asthma,469,1.423272664295986,37663,0.0001667347,0.003324,1.004742166988427,0.004719784979902886,6.2797290061,0.029638970640851258,UNIT_VALUE_ASTHMA_HA,11232.0,332.9049182380413,923288.4873889309
NO2_ASTHMA,NO2,Escenario beta central,beta_base_corrida_principal,Hospital Admissions,Asthma,470,1.4566705360942436,14834,0.0001667347,0.003324,1.0048537141552676,0.004830269408266918,2.4733425398,0.011946910806161143,UNIT_VALUE_ASTHMA_HA,11232.0,134.18770217480196,372160.198842661
NO2_ASTHMA,NO2,Escenario beta central,beta_base_corrida_principal,Hospital Admissions,Asthma,471,1.4095358597743193,56261,0.0001667347,0.003324,1.004696290364852,0.00467433831486197,9.3806609567,0.04384838292863255,UNIT_VALUE_ASTHMA_HA,11232.0,492.5050370544008,1365928.2449177867
NO2_ASTHMA,NO2,Escenario beta central,beta_base_corrida_principal,Hospital Admissions,Asthma,472,1.4016620529432462,87172,0.0001667347,0.003324,1.004669995261233,0.004648287779330684,14.5345972684,0.06756099086019687,UNIT_VALUE_ASTHMA_HA,11232.0,758.8450493417313,2104603.6251958376
NO2_ASTHMA,NO2,Escenario beta central,beta_base_corrida_principal,Hospital Admissions,Asthma,473,1.4554144497661134,88375,0.0001667347,0.003324,1.0048495186676938,0.004826114336128451,14.735179112500001,0.07111365916025676,UNIT_VALUE_ASTHMA_HA,11232.0,798.7486196880039,2215273.3843013006
NO2_ASTHMA,NO2,Escenario beta central,beta_base_corrida_principal,Hospital Admissions,Asthma,474,1.3971596915256157,88372,0.0001667347,0.003324,1.004654959633946,0.004633391384084806,14.7346789084,0.06827153430143668,UNIT_VALUE_ASTHMA_HA,11232.0,766.8258732737368,2126737.8817135794
NO2_ASTHMA,NO2,Escenario beta central,beta_base_corrida_principal,Hospital Admissions,Asthma,475,1.4068183745118343,88373,0.0001667347,0.003324,1.004687215063608,0.004665347576171985,14.7348456431,0.06874317640630492,UNIT_VALUE_ASTHMA_HA,11232.0,772.123357395617,2141430.0831017257
NO2_ASTHMA,NO2,Escenario beta central,beta_base_corrida_principal,Hospital Admissions,Asthma,476,1.4610206702590798,88372,0.0001667347,0.003324,1.0048682442902421,0.004844659305241139,14.7346789084,0.07138449928332041,UNIT_VALUE_ASTHMA_HA,11232.0,801.7906959502549,2223710.369869315
NO2_ASTHMA,NO2,Escenario beta central,beta_base_corrida_principal,Hospital Admissions,Asthma,477,1.510547166714835,88373,0.0001667347,0.003324,1.0050336854219952,0.005008474337734881,14.7348456431,0.07379909627395097,UNIT_VALUE_ASTHMA_HA,11232.0,828.9114493490173,2298927.880968045
NO2_ASTHMA,NO2,Escenario beta central,beta_base_corrida_principal,Hospital Admissions,Asthma,478,1.4375177047176653,88371,0.0001667347,0.003324,1.0047897431732042,0.004766910894291154,14.7345121737,0.07023810660287617,UNIT_VALUE_ASTHMA_HA,11232.0,788.9144133635052,2187998.9014547463
NO2_ASTHMA,NO2,Escenario beta central,beta_base_corrida_principal,Hospital Admissions,Asthma,479,1.4695064034831056,88373,0.0001667347,0.003324,1.004896588583733,0.004872728835346396,14.7348456431,0.07179890724951157,UNIT_VALUE_ASTHMA_HA,11232.0,806.445326226514,2236619.6611164007
NO2_ASTHMA,NO2,Escenario beta central,beta_base_corrida_principal,Hospital Admissions,Asthma,480,1.4522677784217048,88373,0.0001667347,0.003324,1.0048390084633982,0.004815705225056921,14.7348456431,0.07095867315388388,UNIT_VALUE_ASTHMA_HA,11232.0,797.0078168644237,2210445.3895262987
NO2_ASTHMA,NO2,Escenario beta central,beta_base_corrida_principal,Hospital Admissions,Asthma,481,1.3361298340698422,88374,0.0001667347,0.003324,1.0044511727386753,0.004431447599925642,14.7350123778,0.06529743523647644,UNIT_VALUE_ASTHMA_HA,11232.0,733.4207925761033,2034091.228754342
NO2_ASTHMA,NO2,Escenario beta central,beta_base_corrida_principal,Hospital Admissions,Asthma,482,1.105156050536026,88374,0.0001667347,0.003324,1.003680294425241,0.0036667995233965467,14.7350123778,0.05403033636415926,UNIT_VALUE_ASTHMA_HA,11232.0,606.8687380422367,1683107.9641484804
NO2_ASTHMA,NO2,Escenario beta central,beta_base_corrida_principal,Hospital Admissions,Asthma,483,1.5266676435963902,88373,0.0001667347,0.003324,1.0050875410573905,0.005061788998038996,14.7348456431,0.07458467956404642,UNIT_VALUE_ASTHMA_HA,11232.0,837.7351208633694,2323399.7162560946
NO2_ASTHMA,NO2,Escenario beta central,beta_base_corrida_principal,Hospital Admissions,Asthma,484,1.5079329114090214,88373,0.0001667347,0.003324,1.0050249519336625,0.0049998280380945115,14.7348456431,0.07367169438336613,UNIT_VALUE_ASTHMA_HA,11232.0,827.4804713139683,2294959.163556299
NO2_ASTHMA,NO2,Escenario beta central,beta_base_corrida_principal,Hospital Admissions,Asthma,485,1.9577644492160928,88373,0.0001667347,0.003324,1.006528829523419,0.006486480398688821,14.7348456431,0.09557728744167353,UNIT_VALUE_ASTHMA_HA,11232.0,1073.524092544877,2977343.923986738
NO2_ASTHMA,NO2,Escenario beta central,beta_base_corrida_principal,Hospital Admissions,Asthma,486,1.512686241518287,88372,0.0001667347,0.003324,1.0050408315229835,0.00501554898555201,14.7346789084,0.07390250385146022,UNIT_VALUE_ASTHMA_HA,11232.0,830.0729232596011,2302149.1475558756
NO2_ASTHMA,NO2,Escenario beta central,beta_base_corrida_principal,Hospital Admissions,Asthma,487,1.4469943562972605,66848,0.0001667347,0.003324,1.004821394940351,0.004798260630823115,11.1458812256,0.053480843080626964,UNIT_VALUE_ASTHMA_HA,11232.0,600.6968294816021,1665990.6077891595
NO2_ASTHMA,NO2,Escenario beta central,beta_base_corrida_principal,Hospital Admissions,Asthma,488,1.848937370873664,6168,0.0001667347,0.003324,1.0061647924159087,0.006127020605746214,1.0284196296,0.00630114826191309,UNIT_VALUE_ASTHMA_HA,11232.0,70.77449727780782,196288.11398519055
NO2_ASTHMA,NO2,Escenario beta central,beta_base_corrida_principal,Hospital Admissions,Asthma,503,1.4165680835818524,110,0.0001667347,0.003324,1.0047197755275843,0.004697603891698043,0.018340817,8.615789331612163e-05,UNIT_VALUE_ASTHMA_HA,11232.0,0.9677254577266782,2683.918816222901
NO2_ASTHMA,NO2,Escenario beta central,beta_base_corrida_principal,Hospital Admissions,Asthma,504,1.433103092874168,585,0.0001667347,0.003324,1.004774998826113,0.004752306567830211,0.0975397995,0.0004635390297886919,UNIT_VALUE_ASTHMA_HA,11232.0,5.206470382586588,14439.781153177119
NO2_ASTHMA,NO2,Escenario beta central,beta_base_corrida_principal,Hospital Admissions,Asthma,505,1.45046217749708,30061,0.0001667347,0.003324,1.0048329776211773,0.004809732292643032,5.0122118167,0.024107397032348987,UNIT_VALUE_ASTHMA_HA,11232.0,270.7742834673438,750973.5209968353
NO2_ASTHMA,NO2,Escenario beta central,beta_base_corrida_principal,Hospital Admissions,Asthma,506,1.427595806190439,71500,0.0001667347,0.003324,1.0047566053613506,0.004734087176903823,11.92153105,0.05643756727286577,UNIT_VALUE_ASTHMA_HA,11232.0,633.9067556088283,1758096.0132081928
NO2_ASTHMA,NO2,Escenario beta central,beta_base_corrida_principal,Hospital Admissions,Asthma,507,1.45694927414943,36518,0.0001667347,0.003324,1.0048546451780833,0.004831191457768447,6.0888177746,0.029416244420556202,UNIT_VALUE_ASTHMA_HA,11232.0,330.40325733168726,916350.3059814214
NO2_ASTHMA,NO2,Escenario beta central,beta_base_corrida_principal,Hospital Admissions,Asthma,508,1.427807081215919,32087,0.0001667347,0.003324,1.0047573109802432,0.004734786130196955,5.3500163189,0.02533118306305509,UNIT_VALUE_ASTHMA_HA,11232.0,284.51984816423476,789095.8824941335
NO2_ASTHMA,NO2,Escenario beta central,beta_base_corrida_principal,Hospital Admissions,Asthma,509,1.4505022905858134,423,0.0001667347,0.003324,1.0048331116015026,0.004809864987231127,0.0705287781,0.0003392339003753835,UNIT_VALUE_ASTHMA_HA,11232.0,3.8102751690163075,10567.531462004898
NO2_ASTHMA,NO2,Escenario beta central,beta_base_corrida_principal,Hospital Admissions,Asthma,513,1.4279714806470327,29744,0.0001667347,0.003324,1.0047578600438,0.00473533000636861,4.9593569168,0.023484191620414752,UNIT_VALUE_ASTHMA_HA,11232.0,263.7744402804985,731559.9459071428
NO2_ASTHMA,NO2,Escenario beta central,beta_base_corrida_principal,Hospital Admissions,Asthma,514,1.449703256237692,78902,0.0001667347,0.003324,1.0048304427781767,0.004807221768501901,13.1557012994,0.06324237366638444,UNIT_VALUE_ASTHMA_HA,11232.0,710.3383410208301,1970073.6651374006
NO2_ASTHMA,NO2,Escenario beta central,beta_base_corrida_principal,Hospital Admissions,Asthma,515,1.4223574149547975,84667,0.0001667347,0.003324,1.0047391102772252,0.004716757045435949,14.1169268449,0.06658611415558595,UNIT_VALUE_ASTHMA_HA,11232.0,747.8952341955413,2074235.0793749401
NO2_ASTHMA,NO2,Escenario beta central,beta_base_corrida_principal,Hospital Admissions,Asthma,516,1.458137929685483,40091,0.0001667347,0.003324,1.0048586154580734,0.004835123452525347,6.6845608577,0.03232067697289822,UNIT_VALUE_ASTHMA_HA,11232.0,363.0258437595928,1006826.7658581674
NO2_ASTHMA,NO2,Escenario beta central,beta_base_corrida_principal,Hospital Admissions,Asthma,517,1.4852213091441229,41250,0.0001667347,0.003324,1.0049490820810703,0.004924709290565765,6.8778063750000005,0.03387119695367495,UNIT_VALUE_ASTHMA_HA,11232.0,380.44128418367706,1055127.2707935353
NO2_ASTHMA,NO2,Escenario beta central,beta_base_corrida_principal,Hospital Admissions,Asthma,518,1.4197008398134372,71036,0.0001667347,0.003324,1.0047302380121246,0.004707968201975832,11.8441661492,0.05576195760935213,UNIT_VALUE_ASTHMA_HA,11232.0,626.3183078682431,1737049.9845910214
NO2_ASTHMA,NO2,Escenario beta central,beta_base_corrida_principal,Hospital Admissions,Asthma,519,1.42585951225362,88373,0.0001667347,0.003324,1.0047508064845712,0.004728343041786931,14.7348456431,0.06967140486835637,UNIT_VALUE_ASTHMA_HA,11232.0,782.5492194813787,2170345.48178624
NO2_ASTHMA,NO2,Escenario beta central,beta_base_corrida_principal,Hospital Admissions,Asthma,520,1.4338776093573866,88373,0.0001667347,0.003324,1.004777585615433,0.004754868822543168,14.7348456431,0.07006225815336223,UNIT_VALUE_ASTHMA_HA,11232.0,786.9392835785645,2182521.017255298
NO2_ASTHMA,NO2,Escenario beta central,beta_base_corrida_principal,Hospital Admissions,Asthma,521,1.4902638780072817,88375,0.0001667347,0.003324,1.0049659266751751,0.004941388104176214,14.735179112500001,0.07281223877941333,UNIT_VALUE_ASTHMA_HA,11232.0,817.8270659703705,2268186.1195742046
NO2_ASTHMA,NO2,Escenario beta central,beta_base_corrida_principal,Hospital Admissions,Asthma,522,1.421839190149493,88374,0.0001667347,0.003324,1.00473737953597,0.0047150425896942405,14.7350123778,0.0694762109209988,UNIT_VALUE_ASTHMA_HA,11232.0,780.3568010646585,2164264.962776756
NO2_ASTHMA,NO2,Escenario beta central,beta_base_corrida_principal,Hospital Admissions,Asthma,523,1.5081215980674507,88374,0.0001667347,0.003324,1.0050255822799348,0.005000452096487029,14.7350123778,0.07368172353633233,UNIT_VALUE_ASTHMA_HA,11232.0,827.5931187600847,2295271.5833627814
NO2_ASTHMA,NO2,Escenario beta central,beta_base_corrida_principal,Hospital Admissions,Asthma,524,1.5787402661315806,88375,0.0001667347,0.003324,1.0052615261111624,0.0052339873500546474,14.735179112500001,0.07712374107561447,UNIT_VALUE_ASTHMA_HA,11232.0,866.2538597613017,2402494.442277787
NO2_ASTHMA,NO2,Escenario beta central,beta_base_corrida_principal,Hospital Admissions,Asthma,525,1.9501343811173195,88374,0.0001667347,0.003324,1.0065033019143443,0.006461282245150302,14.7350123778,0.09520707385874908,UNIT_VALUE_ASTHMA_HA,11232.0,1069.3658535814695,2965811.339298455
NO2_ASTHMA,NO2,Escenario beta central,beta_base_corrida_principal,Hospital Admissions,Asthma,526,1.3476969861157126,88375,0.0001667347,0.003324,1.004489793838637,0.004469725691765625,14.735179112500001,0.06586220865190945,UNIT_VALUE_ASTHMA_HA,11232.0,739.7643275782469,2051684.5790353373
NO2_ASTHMA,NO2,Escenario beta central,beta_base_corrida_principal,Hospital Admissions,Asthma,527,1.4113674280277468,88375,0.0001667347,0.003324,1.004702407107986,0.004680397971297601,14.735179112500001,0.06896650242485179,UNIT_VALUE_ASTHMA_HA,11232.0,774.6317552359353,2148386.948924
NO2_ASTHMA,NO2,Escenario beta central,beta_base_corrida_principal,Hospital Admissions,Asthma,528,1.4107382869493783,88375,0.0001667347,0.003324,1.0047003060112594,0.004678316492128798,14.735179112500001,0.06893583145648054,UNIT_VALUE_ASTHMA_HA,11232.0,774.2872589191894,2147431.5125042475
NO2_ASTHMA,NO2,Escenario beta central,beta_base_corrida_principal,Hospital Admissions,Asthma,529,1.4431419953733435,82303,0.0001667347,0.003324,1.0048085280358656,0.0047855167444338376,13.7227660141,0.06567052654042314,UNIT_VALUE_ASTHMA_HA,11232.0,737.6113541020328,2045713.4578072007
NO2_ASTHMA,NO2,Escenario beta central,beta_base_corrida_principal,Hospital Admissions,Asthma,530,1.4406850341503787,53223,0.0001667347,0.003324,1.0048003218593144,0.004777388855162545,8.8741209381,0.04239512646904354,UNIT_VALUE_ASTHMA_HA,11232.0,476.18206050029704,1320657.6120533387
NO2_ASTHMA,NO2,Escenario beta central,beta_base_corrida_principal,Hospital Admissions,Asthma,531,1.4595845004488197,8740,0.0001667347,0.003324,1.0048634472330797,0.004839908593024744,1.457261278,0.007053011381674421,UNIT_VALUE_ASTHMA_HA,11232.0,79.21942383896709,219709.52665770648
NO2_ASTHMA,NO2,Escenario beta central,beta_base_corrida_principal,Hospital Admissions,Asthma,546,1.417933355156837,33,0.0001667347,0.003324,1.004724335119755,0.004702120725673442,0.0055022451,2.587222072244514e-05,UNIT_VALUE_ASTHMA_HA,11232.0,0.29059678315450377,805.9498363041953
NO2_ASTHMA,NO2,Escenario beta central,beta_base_corrida_principal,Hospital Admissions,Asthma,547,1.4137151806864967,5126,0.0001667347,0.003324,1.0047102477656726,0.004688165345329787,0.8546820722,0.004006890872162691,UNIT_VALUE_ASTHMA_HA,11232.0,45.005398276131345,124819.32174097095
NO2_ASTHMA,NO2,Escenario beta central,beta_base_corrida_principal,Hospital Admissions,Asthma,555,1.3985906202445886,815,0.0001667347,0.003324,1.0046597381932552,0.0046381257415919475,0.1358887805,0.0006302692508305879,UNIT_VALUE_ASTHMA_HA,11232.0,7.079184225329163,19633.62190605466
NO2_ASTHMA,NO2,Escenario beta central,beta_base_corrida_principal,Hospital Admissions,Asthma,556,1.4316537752626068,6555,0.0001667347,0.003324,1.0047701583023234,0.00474751191892786,1.0929459585,0.005188773964722785,UNIT_VALUE_ASTHMA_HA,11232.0,58.28030917176632,161636.35786625184
NO2_ASTHMA,NO2,Escenario beta central,beta_base_corrida_principal,Hospital Admissions,Asthma,559,1.467996283190942,15036,0.0001667347,0.003324,1.004891544377431,0.004867733642302086,2.5070229492,0.012203519951844233,UNIT_VALUE_ASTHMA_HA,11232.0,137.06993609911441,380153.8728753669
NO2_ASTHMA,NO2,Escenario beta central,beta_base_corrida_principal,Hospital Admissions,Asthma,560,1.4440943307559788,77991,0.0001667347,0.003324,1.0048117088254094,0.004788667153405424,13.0038059877,0.06227089860255576,UNIT_VALUE_ASTHMA_HA,11232.0,699.4267331039063,1939811.0843923667
NO2_ASTHMA,NO2,Escenario beta central,beta_base_corrida_principal,Hospital Admissions,Asthma,561,1.4140769163481153,88372,0.0001667347,0.003324,1.0047114558393841,0.0046893621168556665,14.7346789084,0.06909624507708316,UNIT_VALUE_ASTHMA_HA,11232.0,776.089024705798,2152428.583789801
NO2_ASTHMA,NO2,Escenario beta central,beta_base_corrida_principal,Hospital Admissions,Asthma,562,1.4136693200888537,88372,0.0001667347,0.003324,1.0047100946070247,0.004688013619358555,14.7346789084,0.06907637539945445,UNIT_VALUE_ASTHMA_HA,11232.0,775.8658484866723,2151809.6201683916
NO2_ASTHMA,NO2,Escenario beta central,beta_base_corrida_principal,Hospital Admissions,Asthma,563,1.3359140998915289,88372,0.0001667347,0.003324,1.004450452446587,0.004430733677053822,14.7346789084,0.06528543806002253,UNIT_VALUE_ASTHMA_HA,11232.0,733.2860402901731,2033717.5027219746
NO2_ASTHMA,NO2,Escenario beta central,beta_base_corrida_principal,Hospital Admissions,Asthma,564,1.1977859961417003,88371,0.0001667347,0.003324,1.0039893771153625,0.003973525224763574,14.7345121737,0.058547955796782916,UNIT_VALUE_ASTHMA_HA,11232.0,657.6106395094657,1823837.0759347375
NO2_ASTHMA,NO2,Escenario beta central,beta_base_corrida_principal,Hospital Admissions,Asthma,565,1.5067728037163235,88373,0.0001667347,0.003324,1.005021076365955,0.004995991113052822,14.7348456431,0.0736151578851327,UNIT_VALUE_ASTHMA_HA,11232.0,826.8454533658105,2293197.9857283398
NO2_ASTHMA,NO2,Escenario beta central,beta_base_corrida_principal,Hospital Admissions,Asthma,566,1.3264775673525175,88372,0.0001667347,0.003324,1.0044189463090631,0.004399505132097858,14.7346789084,0.06482529547731987,UNIT_VALUE_ASTHMA_HA,11232.0,728.1177188012567,2019383.5248549692
NO2_ASTHMA,NO2,Escenario beta central,beta_base_corrida_principal,Hospital Admissions,Asthma,567,1.2905364194543232,88371,0.0001667347,0.003324,1.004298957176708,0.004280555252982987,14.7345121737,0.06307189348527331,UNIT_VALUE_ASTHMA_HA,11232.0,708.4235076265899,1964763.0087568131
NO2_ASTHMA,NO2,Escenario beta central,beta_base_corrida_principal,Hospital Admissions,Asthma,568,1.5637722316980742,88372,0.0001667347,0.003324,1.0052115118282787,0.005184492782817407,14.7346789084,0.07639183645773166,UNIT_VALUE_ASTHMA_HA,11232.0,858.033107093242,2379694.76020561
NO2_ASTHMA,NO2,Escenario beta central,beta_base_corrida_principal,Hospital Admissions,Asthma,569,1.5300713900597884,88373,0.0001667347,0.003324,1.0050989127356749,0.0050730457182533994,14.7348456431,0.07475054559885322,UNIT_VALUE_ASTHMA_HA,11232.0,839.5981281663194,2328566.636600315
NO2_ASTHMA,NO2,Escenario beta central,beta_base_corrida_principal,Hospital Admissions,Asthma,570,1.132080573307622,88374,0.0001667347,0.003324,1.003770124934388,0.003755964479052909,14.7350123778,0.055344183089421746,UNIT_VALUE_ASTHMA_HA,11232.0,621.6258644603851,1724035.8212703657
NO2_ASTHMA,NO2,Escenario beta central,beta_base_corrida_principal,Hospital Admissions,Asthma,571,1.479195159219815,88373,0.0001667347,0.003324,1.0049289522256535,0.0049047768150545235,14.7348456431,0.07227112928368404,UNIT_VALUE_ASTHMA_HA,11232.0,811.7493241143391,2251329.9279784313
NO2_ASTHMA,NO2,Escenario beta central,beta_base_corrida_principal,Hospital Admissions,Asthma,572,1.4519649479539982,53982,0.0001667347,0.003324,1.0048379969844456,0.0048147034636077946,9.0006725754,0.043335569423578066,UNIT_VALUE_ASTHMA_HA,11232.0,486.74511576562884,1349953.506417868
NO2_ASTHMA,NO2,Escenario beta central,beta_base_corrida_principal,Hospital Admissions,Asthma,573,1.4992593907095009,26916,0.0001667347,0.003324,1.004995976695251,0.004971140990712497,4.4878311852,0.02230964156414557,UNIT_VALUE_ASTHMA_HA,11232.0,250.58189404848304,694971.3424108842
NO2_ASTHMA,NO2,Escenario beta central,beta_base_corrida_principal,Hospital Admissions,Asthma,601,1.4238419552038302,3938,0.0001667347,0.003324,1.0047440682869153,0.004721668369740972,0.6566012486,0.003100253347047049,UNIT_VALUE_ASTHMA_HA,11232.0,34.82204559403245,96576.50591185741
NO2_ASTHMA,NO2,Escenario beta central,beta_base_corrida_principal,Hospital Admissions,Asthma,602,1.4090763990008508,54996,0.0001667347,0.003324,1.0046947559460147,0.004672818204962126,9.1697415612,0.04284853530197319,UNIT_VALUE_ASTHMA_HA,11232.0,481.2747485117629,1334781.8257649785
NO2_ASTHMA,NO2,Escenario beta central,beta_base_corrida_principal,Hospital Admissions,Asthma,603,1.4938668296929496,88373,0.0001667347,0.003324,1.0049779624316373,0.0049533050651107136,14.7348456431,0.07298618555759176,UNIT_VALUE_ASTHMA_HA,11232.0,819.7808361828706,2273604.764494659
NO2_ASTHMA,NO2,Escenario beta central,beta_base_corrida_principal,Hospital Admissions,Asthma,604,1.3996724615178913,88373,0.0001667347,0.003324,1.0046633509967502,0.004641705096661064,14.7348456431,0.06839480812009134,UNIT_VALUE_ASTHMA_HA,11232.0,768.2104848048659,2130578.0048723593
NO2_ASTHMA,NO2,Escenario beta central,beta_base_corrida_principal,Hospital Admissions,Asthma,605,1.3760055991017612,88373,0.0001667347,0.003324,1.0045843185952754,0.004563398522570816,14.7348456431,0.06724097283803157,UNIT_VALUE_ASTHMA_HA,11232.0,755.2506069167706,2094634.690741179
NO2_ASTHMA,NO2,Escenario beta central,beta_base_corrida_principal,Hospital Admissions,Asthma,606,1.4070024415554787,88374,0.0001667347,0.003324,1.0046878297704693,0.00466595656039781,14.7350123778,0.06875292767173885,UNIT_VALUE_ASTHMA_HA,11232.0,772.2328836089707,2141733.8463876275
NO2_ASTHMA,NO2,Escenario beta central,beta_base_corrida_principal,Hospital Admissions,Asthma,607,1.4375955456058964,88373,0.0001667347,0.003324,1.0047900031556636,0.004767168403964961,14.7348456431,0.07024349058708708,UNIT_VALUE_ASTHMA_HA,11232.0,788.974886274162,2188166.618839349
NO2_ASTHMA,NO2,Escenario beta central,beta_base_corrida_principal,Hospital Admissions,Asthma,608,1.3916942739721172,88374,0.0001667347,0.003324,1.0046367081849112,0.0046153083469232525,14.7350123778,0.06800662561927778,UNIT_VALUE_ASTHMA_HA,11232.0,763.8504189557281,2118485.6674443847
NO2_ASTHMA,NO2,Escenario beta central,beta_base_corrida_principal,Hospital Admissions,Asthma,609,1.4521903147554165,88374,0.0001667347,0.003324,1.0048387497282123,0.004815448975789338,14.7350123778,0.07095570026292024,UNIT_VALUE_ASTHMA_HA,11232.0,796.9744253531201,2210352.7805071035
NO2_ASTHMA,NO2,Escenario beta central,beta_base_corrida_principal,Hospital Admissions,Asthma,610,1.5466442670480696,88373,0.0001667347,0.003324,1.0051542833940506,0.005127852986554715,14.7348456431,0.07555812223739307,UNIT_VALUE_ASTHMA_HA,11232.0,848.668828970399,2353723.5903313733
NO2_ASTHMA,NO2,Escenario beta central,beta_base_corrida_principal,Hospital Admissions,Asthma,611,1.8561481375249969,88374,0.0001667347,0.003324,1.0061889090546492,0.006150842052576211,14.7350123778,0.09063273377860323,UNIT_VALUE_ASTHMA_HA,11232.0,1017.9868658012715,2823315.3132192204
NO2_ASTHMA,NO2,Escenario beta central,beta_base_corrida_principal,Hospital Admissions,Asthma,612,1.3522962234882634,88373,0.0001667347,0.003324,1.0045051504604101,0.004484945107892435,14.7348456431,0.06608497388257151,UNIT_VALUE_ASTHMA_HA,11232.0,742.2664266490432,2058623.9756612557
NO2_ASTHMA,NO2,Escenario beta central,beta_base_corrida_principal,Hospital Admissions,Asthma,613,1.373147320452901,88373,0.0001667347,0.003324,1.0045747741671511,0.004553940915890342,14.7348456431,0.06710161646344164,UNIT_VALUE_ASTHMA_HA,11232.0,753.6853561173765,2090293.5772166154
NO2_ASTHMA,NO2,Escenario beta central,beta_base_corrida_principal,Hospital Admissions,Asthma,614,1.490835792643864,47718,0.0001667347,0.003324,1.0049678371616895,0.004943279752832708,7.9562464146,0.03932995180984,UNIT_VALUE_ASTHMA_HA,11232.0,441.7540187281229,1225173.848161138
NO2_ASTHMA,NO2,Escenario beta central,beta_base_corrida_principal,Hospital Admissions,Asthma,643,1.4196213062255172,2346,0.0001667347,0.003324,1.0047299723919823,0.004707705076938629,0.3911596062,0.0018414640640010548,UNIT_VALUE_ASTHMA_HA,11232.0,20.683324366859846,57363.7522987801
NO2_ASTHMA,NO2,Escenario beta central,beta_base_corrida_principal,Hospital Admissions,Asthma,644,1.4226870106582812,26746,0.0001667347,0.003324,1.0047402110460024,0.0047178474533905446,4.4594862862,0.021039176018778725,UNIT_VALUE_ASTHMA_HA,11232.0,236.31202504292264,655394.8596147929
NO2_ASTHMA,NO2,Escenario beta central,beta_base_corrida_principal,Hospital Admissions,Asthma,645,1.4062877613754663,69888,0.0001667347,0.003324,1.004685443039992,0.004663592045102916,11.6527547136,0.05434369418588046,UNIT_VALUE_ASTHMA_HA,11232.0,610.3883730958094,1692869.4255951105
NO2_ASTHMA,NO2,Escenario beta central,beta_base_corrida_principal,Hospital Admissions,Asthma,646,1.4523839764912196,88373,0.0001667347,0.003324,1.0048393965748863,0.00481608960733626,14.7348456431,0.07096433696743788,UNIT_VALUE_ASTHMA_HA,11232.0,797.0714328182623,2210621.8239211533
NO2_ASTHMA,NO2,Escenario beta central,beta_base_corrida_principal,Hospital Admissions,Asthma,647,1.4771769778554802,88374,0.0001667347,0.003324,1.004922210747856,0.004898101261183951,14.7350123778,0.07217358271126331,UNIT_VALUE_ASTHMA_HA,11232.0,810.6536810129095,2248291.2385316333
NO2_ASTHMA,NO2,Escenario beta central,beta_base_corrida_principal,Hospital Admissions,Asthma,648,1.3974598381086825,72285,0.0001667347,0.003324,1.004655961965882,0.004634384448156115,12.0524177895,0.055855537566338896,UNIT_VALUE_ASTHMA_HA,11232.0,627.3693979451185,1739965.10934293
NO2_ASTHMA,NO2,Escenario beta central,beta_base_corrida_principal,Hospital Admissions,Asthma,649,1.3940058530307002,78707,0.0001667347,0.003324,1.0046444275303812,0.004622956543737788,13.1231880329,0.06066792799139649,UNIT_VALUE_ASTHMA_HA,11232.0,681.4221671993654,1889876.6811757358
NO2_ASTHMA,NO2,Escenario beta central,beta_base_corrida_principal,Hospital Admissions,Asthma,650,1.4447010702645215,88375,0.0001667347,0.003324,1.004813735333844,0.0047906742957137816,14.735179112500001,0.07059144381699237,UNIT_VALUE_ASTHMA_HA,11232.0,792.8830969524582,2199005.767580856
NO2_ASTHMA,NO2,Escenario beta central,beta_base_corrida_principal,Hospital Admissions,Asthma,651,0.9526364032890892,88374,0.0001667347,0.003324,1.0031715822625429,0.003161555130369309,14.7350123778,0.04658555397908886,UNIT_VALUE_ASTHMA_HA,11232.0,523.2489422931261,1451194.3140240246
NO2_ASTHMA,NO2,Escenario beta central,beta_base_corrida_principal,Hospital Admissions,Asthma,652,1.4779748793712475,88374,0.0001667347,0.003324,1.0049248760308374,0.004900740491457611,14.7350123778,0.07221247180201357,UNIT_VALUE_ASTHMA_HA,11232.0,811.0904832802164,2249502.6790438504
NO2_ASTHMA,NO2,Escenario beta central,beta_base_corrida_principal,Hospital Admissions,Asthma,653,1.000187096851139,88170,0.0001667347,0.003324,1.0033301545950182,0.003319101473993169,14.700998499,0.048794105787202266,UNIT_VALUE_ASTHMA_HA,11232.0,548.0553962018558,1519993.277488113
NO2_ASTHMA,NO2,Escenario beta central,beta_base_corrida_principal,Hospital Admissions,Asthma,654,1.3879534899867156,88374,0.0001667347,0.003324,1.0046242162420822,0.004602931292438495,14.7350123778,0.06782424956824418,UNIT_VALUE_ASTHMA_HA,11232.0,761.8019711505186,2112804.4408479827
NO2_ASTHMA,NO2,Escenario beta central,beta_base_corrida_principal,Hospital Admissions,Asthma,655,1.4882447831053316,28007,0.0001667347,0.003324,1.0049591818976797,0.004934709774296664,4.6697387429,0.023043805418000447,UNIT_VALUE_ASTHMA_HA,11232.0,258.828022454981,717841.4023173179
NO2_ASTHMA,NO2,Escenario beta central,beta_base_corrida_principal,Hospital Admissions,Asthma,686,1.4374283414758595,17050,0.0001667347,0.003324,1.0047894447070713,0.004766615266810992,2.842826635,0.01355066083928792,UNIT_VALUE_ASTHMA_HA,11232.0,152.20102254688192,422118.8819621987
NO2_ASTHMA,NO2,Escenario beta central,beta_base_corrida_principal,Hospital Admissions,Asthma,687,1.4458812646995651,50211,0.0001667347,0.003324,1.0048176771919994,0.00479457846070408,8.3719160217,0.04013980823246621,UNIT_VALUE_ASTHMA_HA,11232.0,450.8503260670605,1250401.8198241675
NO2_ASTHMA,NO2,Escenario beta central,beta_base_corrida_principal,Hospital Admissions,Asthma,688,1.4761856692201842,78804,0.0001667347,0.003324,1.0049188994241824,0.004894822285659961,13.1393612988,0.06431483850470425,UNIT_VALUE_ASTHMA_HA,11232.0,722.3842660848381,2003482.1950876724
NO2_ASTHMA,NO2,Escenario beta central,beta_base_corrida_principal,Hospital Admissions,Asthma,689,1.4061245180496922,15395,0.0001667347,0.003324,1.004684897876906,0.004663051954703623,2.5668807065,0.011969498095935843,UNIT_VALUE_ASTHMA_HA,11232.0,134.4414026135514,372863.8192505018
NO2_ASTHMA,NO2,Escenario beta central,beta_base_corrida_principal,Hospital Admissions,Asthma,690,1.4151228603738597,26719,0.0001667347,0.003324,1.004714948943801,0.0046928225251924305,4.4549844493,0.020906451373057036,UNIT_VALUE_ASTHMA_HA,11232.0,234.82126182217664,651260.3321754793
NO2_ASTHMA,NO2,Escenario beta central,beta_base_corrida_principal,Hospital Admissions,Asthma,691,1.4286874670311356,18381,0.0001667347,0.003324,1.0047602513088019,0.004737698672495405,3.0647505207,0.014519864473449991,UNIT_VALUE_ASTHMA_HA,11232.0,163.0871177657903,452310.7050251758
NO2_ASTHMA,NO2,Escenario beta central,beta_base_corrida_principal,Hospital Admissions,Asthma,692,1.4622011085947992,28949,0.0001667347,0.003324,1.0048721871769106,0.004848564065245475,4.8268028303,0.023403062753017734,UNIT_VALUE_ASTHMA_HA,11232.0,262.8632008418952,729032.6871109374
NO2_ASTHMA,NO2,Escenario beta central,beta_base_corrida_principal,Hospital Admissions,Asthma,693,1.51666468718307,26275,0.0001667347,0.003324,1.0050541226259935,0.005028706924546711,4.3809542425,0.02203053493538204,UNIT_VALUE_ASTHMA_HA,11232.0,247.44696839421107,686276.8455535568
NO2_ASTHMA,NO2,Escenario beta central,beta_base_corrida_principal,Hospital Admissions,Asthma,694,1.4188053584484663,3451,0.0001667347,0.003324,1.0047272473565863,0.004705005631153725,0.5754014497,0.0027072670610125164,UNIT_VALUE_ASTHMA_HA,11232.0,30.408023629292583,84334.52497418893
NO2_ASTHMA,NO2,Escenario beta central,beta_base_corrida_principal,Hospital Admissions,Asthma,695,1.4975861476546477,34687,0.0001667347,0.003324,1.0049903870639585,0.004965606764197772,5.7835265389,0.02871871850247917,UNIT_VALUE_ASTHMA_HA,11232.0,322.568646219846,894621.5604855075
NO2_ASTHMA,NO2,Escenario beta central,beta_base_corrida_principal,Hospital Admissions,Asthma,696,1.5479930837714768,8351,0.0001667347,0.003324,1.00515878998,0.005132313452785642,1.3924014797,0.007146240845942943,UNIT_VALUE_ASTHMA_HA,11232.0,80.26657718163113,222613.73315285123
NO2_ASTHMA,NO2,Escenario beta central,beta_base_corrida_principal,Hospital Admissions,Asthma,729,1.435545124944177,456,0.0001667347,0.003324,1.004783154933984,0.004760385273674617,0.0760310232,0.00036193696318369316,UNIT_VALUE_ASTHMA_HA,11232.0,4.065275970479242,11274.758334806242
NO2_ASTHMA,NO2,Escenario beta central,beta_base_corrida_principal,Hospital Admissions,Asthma,730,1.4212959977469009,1632,0.0001667347,0.003324,1.0047355654123837,0.004713245529872401,0.2721110304,0.001282526097661773,UNIT_VALUE_ASTHMA_HA,11232.0,14.405333128937034,39952.183059787836
NO2_CLD,NO2,Escenario beta central,beta_base_corrida_principal,Hospital Admissions,Chronic Lung Disease,0,1.423131547373103,7006,0.0020967572,0.00185,1.0026362622066674,0.00262933060177295,14.6898809432,0.038624553500357046,UNIT_VALUE_CLD_HA,15375.0,593.8525100679896,1647008.366997864
NO2_CLD,NO2,Escenario beta central,beta_base_corrida_principal,Hospital Admissions,Chronic Lung Disease,1,1.4547154562062676,3805,0.0020967572,0.00185,1.0026948481869988,0.0026876054981945785,7.978161146,0.02144214976147196,UNIT_VALUE_CLD_HA,15375.0,329.6730525826314,914325.1342242473
NO2_CLD,NO2,Escenario beta central,beta_base_corrida_principal,Hospital Admissions,Chronic Lung Disease,2,1.399911638556702,73,0.0020967572,0.00185,1.0025931930549499,0.002586485797941851,0.1530632756,0.0003958959885258594,UNIT_VALUE_CLD_HA,15375.0,6.086900823585089,16881.593351155592
NO2_CLD,NO2,Escenario beta central,beta_base_corrida_principal,Hospital Admissions,Chronic Lung Disease,41,1.443690933941216,5661,0.0020967572,0.00185,1.0026743980669373,0.0026672647392745885,11.8697425092,0.03165974565905784,UNIT_VALUE_CLD_HA,15375.0,486.76858950801426,1350018.609199212
NO2_CLD,NO2,Escenario beta central,beta_base_corrida_principal,Hospital Admissions,Chronic Lung Disease,42,1.3634198928372854,9380,0.0020967572,0.00185,1.0025255105442465,0.0025191484083787463,19.667582536,0.04954555924222203,UNIT_VALUE_CLD_HA,15375.0,761.7629733491638,2112696.283175771
NO2_CLD,NO2,Escenario beta central,beta_base_corrida_principal,Hospital Admissions,Chronic Lung Disease,43,1.4465433051011125,6828,0.0020967572,0.00185,1.0026796890800387,0.0026725275371811685,14.3166581616,0.03826166317728552,UNIT_VALUE_CLD_HA,15375.0,588.2730713507649,1631534.1842763517
NO2_CLD,NO2,Escenario beta central,beta_base_corrida_principal,Hospital Admissions,Chronic Lung Disease,44,1.4231405806193376,939,0.0020967572,0.00185,1.0026362789622287,0.002629347269338278,1.9688550108,0.0051768035463699656,UNIT_VALUE_CLD_HA,15375.0,79.59335452543822,220746.5972414861
NO2_CLD,NO2,Escenario beta central,beta_base_corrida_principal,Hospital Admissions,Chronic Lung Disease,82,1.404676787451594,656,0.0020967572,0.00185,1.0026020314797224,0.002595278483409791,1.3754727232,0.003569734763038031,UNIT_VALUE_CLD_HA,15375.0,54.88467198170972,152218.7958142332
NO2_CLD,NO2,Escenario beta central,beta_base_corrida_principal,Hospital Admissions,Chronic Lung Disease,83,1.4249579367891396,4099,0.0020967572,0.00185,1.0026396499402668,0.00263270053246345,8.594607762799999,0.02262702843343806,UNIT_VALUE_CLD_HA,15375.0,347.8905621641102,964850.121822808
NO2_CLD,NO2,Escenario beta central,beta_base_corrida_principal,Hospital Admissions,Chronic Lung Disease,84,1.4293178804590203,9171,0.0020967572,0.00185,1.0026477371598126,0.002640745160720992,19.229360281199998,0.05077984010633935,UNIT_VALUE_CLD_HA,15375.0,780.7400416349675,2165327.8536716676
NO2_CLD,NO2,Escenario beta central,beta_base_corrida_principal,Hospital Admissions,Chronic Lung Disease,85,1.4249657614430935,9159,0.0020967572,0.00185,1.0026396644540871,0.0026327149699633123,19.2041991948,0.050559182706307354,UNIT_VALUE_CLD_HA,15375.0,777.3474341094756,2155918.6941822427
NO2_CLD,NO2,Escenario beta central,beta_base_corrida_principal,Hospital Admissions,Chronic Lung Disease,86,1.373465701232968,7033,0.0020967572,0.00185,1.002544142398883,0.0025376861639183623,14.7464933876,0.03742197223602614,UNIT_VALUE_CLD_HA,15375.0,575.3628231289019,1595728.5145503904
NO2_CLD,NO2,Escenario beta central,beta_base_corrida_principal,Hospital Admissions,Chronic Lung Disease,87,1.3960250388059272,2360,0.0020967572,0.00185,1.0025859842257259,0.0025793141599950165,4.948346992,0.012763341465034347,UNIT_VALUE_CLD_HA,15375.0,196.23637502490308,544247.849585317
NO2_CLD,NO2,Escenario beta central,beta_base_corrida_principal,Hospital Admissions,Chronic Lung Disease,91,1.422130167356583,537,0.0020967572,0.00185,1.0026344047715416,0.002627482918005297,1.1259586164,0.002958437030971879,UNIT_VALUE_CLD_HA,15375.0,45.485969351192644,126152.15197767821
NO2_CLD,NO2,Escenario beta central,beta_base_corrida_principal,Hospital Admissions,Chronic Lung Disease,125,1.4597197944543492,3772,0.0020967572,0.00185,1.0027041312047027,0.0026968385992923727,7.9089681584,0.02132921061014743,UNIT_VALUE_CLD_HA,15375.0,327.9366131310167,909509.2409559556
NO2_CLD,NO2,Escenario beta central,beta_base_corrida_principal,Hospital Admissions,Chronic Lung Disease,126,1.4532173770060552,9325,0.0020967572,0.00185,1.0026920692757015,0.0026848414963989153,19.55226089,0.052494721385889585,UNIT_VALUE_CLD_HA,15375.0,807.1063413080524,2238452.9401739915
NO2_CLD,NO2,Escenario beta central,beta_base_corrida_principal,Hospital Admissions,Chronic Lung Disease,127,1.4281589690345289,9380,0.0020967572,0.00185,1.00264558749927,0.002638606834014512,19.667582536,0.05189501768803407,UNIT_VALUE_CLD_HA,15375.0,797.8858969535238,2212880.683187811
NO2_CLD,NO2,Escenario beta central,beta_base_corrida_principal,Hospital Admissions,Chronic Lung Disease,128,1.4312834533694687,9379,0.0020967572,0.00185,1.0026513831043187,0.0026443718614437284,19.6654857788,0.052002857235080524,UNIT_VALUE_CLD_HA,15375.0,799.543929989363,2217479.121750399
NO2_CLD,NO2,Escenario beta central,beta_base_corrida_principal,Hospital Admissions,Chronic Lung Disease,129,1.4252301142954753,7335,0.0020967572,0.00185,1.0026401547979193,0.0026332027350843834,15.379714062,0.04049790513287415,UNIT_VALUE_CLD_HA,15375.0,622.65529141794,1726890.8648772573
NO2_CLD,NO2,Escenario beta central,beta_base_corrida_principal,Hospital Admissions,Chronic Lung Disease,130,1.421879661454664,5190,0.0020967572,0.00185,1.002633940114853,0.002627020699649596,10.882169868,0.028587685500339112,UNIT_VALUE_CLD_HA,15375.0,439.53566456771387,1219021.3981820345
NO2_CLD,NO2,Escenario beta central,beta_base_corrida_principal,Hospital Admissions,Chronic Lung Disease,131,1.4361403614644157,5202,0.0020967572,0.00185,1.0026603922481887,0.0026533333407370296,10.907330954399999,0.028940784879762562,UNIT_VALUE_CLD_HA,15375.0,444.9645675263494,1234078.0805146033
NO2_CLD,NO2,Escenario beta central,beta_base_corrida_principal,Hospital Admissions,Chronic Lung Disease,132,1.4457375794375444,8779,0.0020967572,0.00185,1.0026781944943506,0.0026710409272450164,18.407431458799998,0.04916700279191223,UNIT_VALUE_CLD_HA,15375.0,755.9426679256505,2096554.0735050368
NO2_CLD,NO2,Escenario beta central,beta_base_corrida_principal,Hospital Admissions,Chronic Lung Disease,133,1.41301936690739,7568,0.0020967572,0.00185,1.0026175055302873,0.002610672081675758,15.868258489599999,0.041426819423613044,UNIT_VALUE_CLD_HA,15375.0,636.9373486380506,1766501.1508332286
NO2_CLD,NO2,Escenario beta central,beta_base_corrida_principal,Hospital Admissions,Chronic Lung Disease,134,1.4070428166810238,6970,0.0020967572,0.00185,1.0026064200328941,0.0025996442679956377,14.614397684,0.037992235169419325,UNIT_VALUE_CLD_HA,15375.0,584.1306157298221,1620045.3735835606
NO2_CLD,NO2,Escenario beta central,beta_base_corrida_principal,Hospital Admissions,Chronic Lung Disease,135,1.419682829062921,2916,0.0020967572,0.00185,1.0026298652785075,0.002622967228067652,6.1141439952,0.016037199327096224,UNIT_VALUE_CLD_HA,15375.0,246.57193965410443,683850.0145948828
NO2_CLD,NO2,Escenario beta central,beta_base_corrida_principal,Hospital Admissions,Chronic Lung Disease,136,1.4324131223793408,629,0.0020967572,0.00185,1.0026534785352694,0.0026464562204937536,1.3188602788,0.003490305988792386,UNIT_VALUE_CLD_HA,15375.0,53.663454577682934,148831.83482938318
NO2_CLD,NO2,Escenario beta central,beta_base_corrida_principal,Hospital Admissions,Chronic Lung Disease,166,1.3977551193715634,6,0.0020967572,0.00185,1.0025891931567357,0.002582506548453156,0.012580543199999999,3.248933519709782e-05,UNIT_VALUE_CLD_HA,15375.0,0.499523528655379,1385.3935400786877
NO2_CLD,NO2,Escenario beta central,beta_base_corrida_principal,Hospital Admissions,Chronic Lung Disease,167,1.4349619690570812,6438,0.0020967572,0.00185,1.0026582064248935,0.0026511590967490672,13.4989228536,0.035787792119635516,UNIT_VALUE_CLD_HA,15375.0,550.2373038393961,1526044.6455872962
NO2_CLD,NO2,Escenario beta central,beta_base_corrida_principal,Hospital Admissions,Chronic Lung Disease,168,1.4424199541828262,9380,0.0020967572,0.00185,1.0026720404688103,0.0026649196955377263,19.667582536,0.05241252806380023,UNIT_VALUE_CLD_HA,15375.0,805.8426189809285,2234948.0947602764
NO2_CLD,NO2,Escenario beta central,beta_base_corrida_principal,Hospital Admissions,Chronic Lung Disease,169,1.4332202526463114,9293,0.0020967572,0.00185,1.0026549756895313,0.002647945458711276,19.4851646596,0.051595653272629265,UNIT_VALUE_CLD_HA,15375.0,793.283169066675,2200115.339584588
NO2_CLD,NO2,Escenario beta central,beta_base_corrida_principal,Hospital Admissions,Chronic Lung Disease,170,1.4045750810539095,9380,0.0020967572,0.00185,1.0026018428333143,0.0025950908148758556,19.667582536,0.05103916278998639,UNIT_VALUE_CLD_HA,15375.0,784.7271278960407,2176385.7583207157
NO2_CLD,NO2,Escenario beta central,beta_base_corrida_principal,Hospital Admissions,Chronic Lung Disease,171,1.4451037530910469,9380,0.0020967572,0.00185,1.0026770187759049,0.002669871479824115,19.667582536,0.05250991768995325,UNIT_VALUE_CLD_HA,15375.0,807.3399844830312,2239100.933164773
NO2_CLD,NO2,Escenario beta central,beta_base_corrida_principal,Hospital Admissions,Chronic Lung Disease,172,1.450632920374364,9380,0.0020967572,0.00185,1.0026872751709517,0.0026800730771151526,19.667582536,0.05271055844667376,UNIT_VALUE_CLD_HA,15375.0,810.4248361176091,2247656.5532336603
NO2_CLD,NO2,Escenario beta central,beta_base_corrida_principal,Hospital Admissions,Chronic Lung Disease,173,1.4474983700569997,9380,0.0020967572,0.00185,1.0026814606864347,0.0026742896837835817,19.667582536,0.05259681308098694,UNIT_VALUE_CLD_HA,15375.0,808.6760011201742,2242806.2817867245
NO2_CLD,NO2,Escenario beta central,beta_base_corrida_principal,Hospital Admissions,Chronic Lung Disease,174,1.451779915844627,9380,0.0020967572,0.00185,1.00268940281707,0.002682189329531237,19.667582536,0.05275218001573411,UNIT_VALUE_CLD_HA,15375.0,811.064767741912,2249431.358798451
NO2_CLD,NO2,Escenario beta central,beta_base_corrida_principal,Hospital Admissions,Chronic Lung Disease,175,1.4419176779218592,9380,0.0020967572,0.00185,1.0026711087752707,0.00266399296029729,19.667582536,0.05239430142196993,UNIT_VALUE_CLD_HA,15375.0,805.5623843627876,2234170.883663286
NO2_CLD,NO2,Escenario beta central,beta_base_corrida_principal,Hospital Admissions,Chronic Lung Disease,176,1.443721399831798,9380,0.0020967572,0.00185,1.0026744545795707,0.0026673209508385476,19.667582536,0.052459754950619136,UNIT_VALUE_CLD_HA,15375.0,806.5687323657692,2236961.919405195
NO2_CLD,NO2,Escenario beta central,beta_base_corrida_principal,Hospital Admissions,Chronic Lung Disease,177,1.4358521540396207,8935,0.0020967572,0.00185,1.0026598576461174,0.0026528015715736597,18.734525582,0.04969897890661653,UNIT_VALUE_CLD_HA,15375.0,764.1218006892292,2119238.3256855286
NO2_CLD,NO2,Escenario beta central,beta_base_corrida_principal,Hospital Admissions,Chronic Lung Disease,178,1.399211260903174,3436,0.0020967572,0.00185,1.0025918939971357,0.0025851934497517215,7.2044577391999995,0.018624916956392935,UNIT_VALUE_CLD_HA,15375.0,286.35809820454136,794194.1403034211
NO2_CLD,NO2,Escenario beta central,beta_base_corrida_principal,Hospital Admissions,Chronic Lung Disease,208,1.4440477852469993,4959,0.0020967572,0.00185,1.002675060007642,0.0026679231531117065,10.3978189548,0.027740581931374683,UNIT_VALUE_CLD_HA,15375.0,426.51144719488576,1182899.6429937119
NO2_CLD,NO2,Escenario beta central,beta_base_corrida_principal,Hospital Admissions,Chronic Lung Disease,209,1.4144741839769337,2301,0.0020967572,0.00185,1.002620203990282,0.002613356463248895,4.8246383172,0.01260849972909289,UNIT_VALUE_CLD_HA,15375.0,193.8556833348032,537645.1678312431
NO2_CLD,NO2,Escenario beta central,beta_base_corrida_principal,Hospital Admissions,Chronic Lung Disease,210,1.4323973755005976,2925,0.0020967572,0.00185,1.0026534493262438,0.0026464271658634964,6.13301481,0.01623057700182715,UNIT_VALUE_CLD_HA,15375.0,249.54512140309242,692095.9260529786
NO2_CLD,NO2,Escenario beta central,beta_base_corrida_principal,Hospital Admissions,Chronic Lung Disease,211,1.4252714830649946,9380,0.0020967572,0.00185,1.0026402315322027,0.0026332790657801475,19.667582536,0.05179023336655203,UNIT_VALUE_CLD_HA,15375.0,796.2748380107374,2208412.5239841193
NO2_CLD,NO2,Escenario beta central,beta_base_corrida_principal,Hospital Admissions,Chronic Lung Disease,212,1.4700195192945529,9380,0.0020967572,0.00185,1.0027232374035295,0.0027158415223139665,19.667582536,0.05341403729480582,UNIT_VALUE_CLD_HA,15375.0,821.2408234076395,2277653.9368634494
NO2_CLD,NO2,Escenario beta central,beta_base_corrida_principal,Hospital Admissions,Chronic Lung Disease,213,1.4313176861298036,9380,0.0020967572,0.00185,1.0026514466028411,0.002644435024578673,19.667582536,0.052009644106990244,UNIT_VALUE_CLD_HA,15375.0,799.648278144975,2217768.524055618
NO2_CLD,NO2,Escenario beta central,beta_base_corrida_principal,Hospital Admissions,Chronic Lung Disease,214,1.4003332790688443,9380,0.0020967572,0.00185,1.0025939751129835,0.002587263815036489,19.667582536,0.05088522462463639,UNIT_VALUE_CLD_HA,15375.0,782.3603286037845,2169821.606159594
NO2_CLD,NO2,Escenario beta central,beta_base_corrida_principal,Hospital Admissions,Chronic Lung Disease,215,1.47446135542193,9380,0.0020967572,0.00185,1.0027314772121425,0.0027240365683310896,19.667582536,0.053575214038733915,UNIT_VALUE_CLD_HA,15375.0,823.718915845534,2284526.752773479
NO2_CLD,NO2,Escenario beta central,beta_base_corrida_principal,Hospital Admissions,Chronic Lung Disease,216,1.460394596920267,9380,0.0020967572,0.00185,1.0027053829658417,0.0026980836163854605,19.667582536,0.05306478221429041,UNIT_VALUE_CLD_HA,15375.0,815.871026544715,2262761.181149909
NO2_CLD,NO2,Escenario beta central,beta_base_corrida_principal,Hospital Admissions,Chronic Lung Disease,217,1.428766927407661,9380,0.0020967572,0.00185,1.0026467151984475,0.002639728588672119,19.667582536,0.051917079890347696,UNIT_VALUE_CLD_HA,15375.0,798.2251033140958,2213821.4482844127
NO2_CLD,NO2,Escenario beta central,beta_base_corrida_principal,Hospital Admissions,Chronic Lung Disease,218,1.432137367490899,8126,0.0020967572,0.00185,1.0026529670351934,0.002645947423900896,17.0382490072,0.04508231106838285,UNIT_VALUE_CLD_HA,15375.0,693.1405326763863,1922376.74754067
NO2_CLD,NO2,Escenario beta central,beta_base_corrida_principal,Hospital Admissions,Chronic Lung Disease,219,1.4496806018633883,537,0.0020967572,0.00185,1.00268550864885,0.002678316008046022,1.1259586164,0.00301567298670147,UNIT_VALUE_CLD_HA,15375.0,46.3659721705351,128592.77819692716
NO2_CLD,NO2,Escenario beta central,beta_base_corrida_principal,Hospital Admissions,Chronic Lung Disease,251,1.427768436450462,8,0.0020967572,0.00185,1.002644863102853,0.0026378862548281923,0.0167740576,4.424805598073638e-05,UNIT_VALUE_CLD_HA,15375.0,0.6803138607038218,1886.8028706918005
NO2_CLD,NO2,Escenario beta central,beta_base_corrida_principal,Hospital Admissions,Chronic Lung Disease,252,1.4343817057023198,3036,0.0020967572,0.00185,1.0026571300847142,0.002650088454953514,6.3657548592,0.016869813459430155,UNIT_VALUE_CLD_HA,15375.0,259.37338193873865,719353.9186703559
NO2_CLD,NO2,Escenario beta central,beta_base_corrida_principal,Hospital Admissions,Chronic Lung Disease,253,1.4095382427716334,8188,0.0020967572,0.00185,1.0026110486144837,0.002604248794277564,17.168247953599998,0.04471038903302105,UNIT_VALUE_CLD_HA,15375.0,687.4222313826986,1906517.4391837176
NO2_CLD,NO2,Escenario beta central,beta_base_corrida_principal,Hospital Admissions,Chronic Lung Disease,254,1.3786390966650437,9380,0.0020967572,0.00185,1.00255373757578,0.00254723261214429,19.667582536,0.050097907637738706,UNIT_VALUE_CLD_HA,15375.0,770.2553299302326,2136249.239688405
NO2_CLD,NO2,Escenario beta central,beta_base_corrida_principal,Hospital Admissions,Chronic Lung Disease,255,1.3851712063738937,9380,0.0020967572,0.00185,1.0025658529123387,0.0025592861604901707,19.667582536,0.05033497179468298,UNIT_VALUE_CLD_HA,15375.0,773.9001913432508,2146358.007677112
NO2_CLD,NO2,Escenario beta central,beta_base_corrida_principal,Hospital Admissions,Chronic Lung Disease,256,1.403988122474587,9380,0.0020967572,0.00185,1.002600754135262,0.0025940077588560984,19.667582536,0.0510178616963267,UNIT_VALUE_CLD_HA,15375.0,784.3996235810231,2175477.4480283167
NO2_CLD,NO2,Escenario beta central,beta_base_corrida_principal,Hospital Admissions,Chronic Lung Disease,257,1.3946329554999384,9380,0.0020967572,0.00185,1.0025834022151094,0.0025767454452185756,19.667582536,0.0506783537180984,UNIT_VALUE_CLD_HA,15375.0,779.1796884157629,2161000.3232429293
NO2_CLD,NO2,Escenario beta central,beta_base_corrida_principal,Hospital Admissions,Chronic Lung Disease,258,1.429773683180121,9380,0.0020967572,0.00185,1.002648582627868,0.0026415861686316378,19.667582536,0.05195361399751875,UNIT_VALUE_CLD_HA,15375.0,798.7868152118508,2215379.316913003
NO2_CLD,NO2,Escenario beta central,beta_base_corrida_principal,Hospital Admissions,Chronic Lung Disease,259,1.4140810381882858,4854,0.0020967572,0.00185,1.0026194747651123,0.0026126310440217626,10.1776594488,0.026590469031416302,UNIT_VALUE_CLD_HA,15375.0,408.82846135802566,1133857.119584189
NO2_CLD,NO2,Escenario beta central,beta_base_corrida_principal,Hospital Admissions,Chronic Lung Disease,294,1.4174367438154398,1103,0.0020967572,0.00185,1.0026256991016873,0.002618822860854131,2.3127231916,0.006056612364989608,UNIT_VALUE_CLD_HA,15375.0,93.12041511171523,258262.95288328436
NO2_CLD,NO2,Escenario beta central,beta_base_corrida_principal,Hospital Admissions,Chronic Lung Disease,295,1.454877495201531,6166,0.0020967572,0.00185,1.0026951487670255,0.0026879044646217487,12.9286048952,0.03475085481913867,UNIT_VALUE_CLD_HA,15375.0,534.2943928442571,1481828.097946048
NO2_CLD,NO2,Escenario beta central,beta_base_corrida_principal,Hospital Admissions,Chronic Lung Disease,296,1.435318020582402,9345,0.0020967572,0.00185,1.002658866871381,0.0026518160455484274,19.594196034,0.05196020344258256,UNIT_VALUE_CLD_HA,15375.0,798.8881279297068,2215660.3006440867
NO2_CLD,NO2,Escenario beta central,beta_base_corrida_principal,Hospital Admissions,Chronic Lung Disease,297,1.438365324314935,9380,0.0020967572,0.00185,1.0026645193886128,0.002657438591960548,19.667582536,0.05226539284173571,UNIT_VALUE_CLD_HA,15375.0,803.5804149416865,2228674.0302117215
NO2_CLD,NO2,Escenario beta central,beta_base_corrida_principal,Hospital Admissions,Chronic Lung Disease,298,1.4837714844045244,9380,0.0020967572,0.00185,1.0027487481457444,0.0027412132409313505,19.667582536,0.05391303766479339,UNIT_VALUE_CLD_HA,15375.0,828.9129540961984,2298932.0542790196
NO2_CLD,NO2,Escenario beta central,beta_base_corrida_principal,Hospital Admissions,Chronic Lung Disease,299,1.4200896034253727,9380,0.0020967572,0.00185,1.0026306197904211,0.0026237177864875116,19.667582536,0.05160218611691436,UNIT_VALUE_CLD_HA,15375.0,793.3836115475583,2200393.9097743444
NO2_CLD,NO2,Escenario beta central,beta_base_corrida_principal,Hospital Admissions,Chronic Lung Disease,300,1.4221396826032695,6904,0.0020967572,0.00185,1.002634422421122,0.00262750047495941,14.4760117088,0.03803572764038998,UNIT_VALUE_CLD_HA,15375.0,584.799312470996,1621899.9571864344
NO2_CLD,NO2,Escenario beta central,beta_base_corrida_principal,Hospital Admissions,Chronic Lung Disease,301,1.4148079284739945,3775,0.0020967572,0.00185,1.0026208230355782,0.0026139722768206974,7.91525843,0.02069026609989132,UNIT_VALUE_CLD_HA,15375.0,318.11284128582906,882263.6974073568
NO2_CLD,NO2,Escenario beta central,beta_base_corrida_principal,Hospital Admissions,Chronic Lung Disease,302,1.4114863759259997,3437,0.0020967572,0.00185,1.0026146620776708,0.0026078434483021162,7.2065544964,0.018793565928268897,UNIT_VALUE_CLD_HA,15375.0,288.9510761471343,801385.5831187466
NO2_CLD,NO2,Escenario beta central,beta_base_corrida_principal,Hospital Admissions,Chronic Lung Disease,303,1.4401087461552784,2651,0.0020967572,0.00185,1.0026677533181882,0.0026606553460600812,5.5585033371999995,0.01478926162021398,UNIT_VALUE_CLD_HA,15375.0,227.38489741078996,630636.0960260072
NO2_CLD,NO2,Escenario beta central,beta_base_corrida_principal,Hospital Admissions,Chronic Lung Disease,304,1.4270502007909958,870,0.0020967572,0.00185,1.0026435308534436,0.0026365610230321135,1.824178764,0.004809558628205296,UNIT_VALUE_CLD_HA,15375.0,73.94696390865643,205086.72811318497
NO2_CLD,NO2,Escenario beta central,beta_base_corrida_principal,Hospital Admissions,Chronic Lung Disease,337,1.4451706260400012,1314,0.0020967572,0.00185,1.0026771428220553,0.0026699948644690608,2.7551389608,0.007356206876234625,UNIT_VALUE_CLD_HA,15375.0,113.10168072210736,313679.5943651142
NO2_CLD,NO2,Escenario beta central,beta_base_corrida_principal,Hospital Admissions,Chronic Lung Disease,338,1.4242271269520437,7894,0.0020967572,0.00185,1.0026382943741825,0.0026313520927596645,16.5518013368,0.043553617086530896,UNIT_VALUE_CLD_HA,15375.0,669.6368627054126,1857190.9641330722
NO2_CLD,NO2,Escenario beta central,beta_base_corrida_principal,Hospital Admissions,Chronic Lung Disease,339,1.4273825371531892,9380,0.0020967572,0.00185,1.0026441473012047,0.0026371742240972607,19.667582536,0.05186684171424464,UNIT_VALUE_CLD_HA,15375.0,797.4526913565113,2211679.217788889
NO2_CLD,NO2,Escenario beta central,beta_base_corrida_principal,Hospital Admissions,Chronic Lung Disease,340,1.4441067006662518,9380,0.0020967572,0.00185,1.0026751692927378,0.0026680318558450766,19.667582536,0.0524737367335103,UNIT_VALUE_CLD_HA,15375.0,806.7837022777209,2237558.123408099
NO2_CLD,NO2,Escenario beta central,beta_base_corrida_principal,Hospital Admissions,Chronic Lung Disease,341,1.4532952910120525,9380,0.0020967572,0.00185,1.0026922138046603,0.0026849852503041394,19.667582536,0.05280716901829929,UNIT_VALUE_CLD_HA,15375.0,811.9102236563515,2251776.171595235
NO2_CLD,NO2,Escenario beta central,beta_base_corrida_principal,Hospital Admissions,Chronic Lung Disease,342,1.4225167481564842,9380,0.0020967572,0.00185,1.0026351218303369,0.00262819621312127,19.667582536,0.05169026594236523,UNIT_VALUE_CLD_HA,15375.0,794.7378388638654,2204149.76444021
NO2_CLD,NO2,Escenario beta central,beta_base_corrida_principal,Hospital Admissions,Chronic Lung Disease,343,1.435470836616389,9380,0.0020967572,0.00185,1.0026591503327713,0.002652098005477499,19.667582536,0.052160356416289695,UNIT_VALUE_CLD_HA,15375.0,801.965479900454,2224195.1209203163
NO2_CLD,NO2,Escenario beta central,beta_base_corrida_principal,Hospital Admissions,Chronic Lung Disease,344,1.4114186227090215,9380,0.0020967572,0.00185,1.0026145364064967,0.0026077184317190305,19.667582536,0.05128751748648252,UNIT_VALUE_CLD_HA,15375.0,788.5455813546687,2186975.971696479
NO2_CLD,NO2,Escenario beta central,beta_base_corrida_principal,Hospital Admissions,Chronic Lung Disease,345,1.4220569657611346,9159,0.0020967572,0.00185,1.0026342689918404,0.0026273478508660464,19.2041991948,0.05045611148206124,UNIT_VALUE_CLD_HA,15375.0,775.7627140366916,2151523.5839907816
NO2_CLD,NO2,Escenario beta central,beta_base_corrida_principal,Hospital Admissions,Chronic Lung Disease,346,1.4390398925612915,3601,0.0020967572,0.00185,1.0026657706658397,0.0026586832260858673,7.550422677199999,0.020074182121729987,UNIT_VALUE_CLD_HA,15375.0,308.64055012159855,855992.9609237451
NO2_CLD,NO2,Escenario beta central,beta_base_corrida_principal,Hospital Admissions,Chronic Lung Disease,347,1.4471987616908706,227,0.0020967572,0.00185,1.0026809049248435,0.0026737368904462544,0.4759638844,0.0012726021962403764,UNIT_VALUE_CLD_HA,15375.0,19.566258767195787,54265.64905270381
NO2_CLD,NO2,Escenario beta central,beta_base_corrida_principal,Hospital Admissions,Chronic Lung Disease,348,1.4335810752945155,3432,0.0020967572,0.00185,1.0026556449839084,0.002648611212826668,7.1960707104,0.019059593571859008,UNIT_VALUE_CLD_HA,15375.0,293.04125116733223,812729.3972250142
NO2_CLD,NO2,Escenario beta central,beta_base_corrida_principal,Hospital Admissions,Chronic Lung Disease,349,1.433424941440478,3186,0.0020967572,0.00185,1.0026553553692434,0.0026483231302001364,6.6802684392,0.017691509423479322,UNIT_VALUE_CLD_HA,15375.0,272.00695738599455,754392.2558230389
NO2_CLD,NO2,Escenario beta central,beta_base_corrida_principal,Hospital Admissions,Chronic Lung Disease,350,1.4605591911106952,4386,0.0020967572,0.00185,1.0027056882889276,0.0026983872940271603,9.1963770792,0.024815387061595886,UNIT_VALUE_CLD_HA,15375.0,381.5365760720367,1058164.9861754687
NO2_CLD,NO2,Escenario beta central,beta_base_corrida_principal,Hospital Admissions,Chronic Lung Disease,351,1.403059273434648,3394,0.0020967572,0.00185,1.0025990312969584,0.0025922938441266252,7.1163939368,0.01844778419474668,UNIT_VALUE_CLD_HA,15375.0,283.63468199423016,786640.9360832577
NO2_CLD,NO2,Escenario beta central,beta_base_corrida_principal,Hospital Admissions,Chronic Lung Disease,352,1.4554681198482091,1255,0.0020967572,0.00185,1.0026962443680898,0.00268899418266888,2.631430286,0.007075900731152707,UNIT_VALUE_CLD_HA,15375.0,108.79197374147287,301726.9237338131
NO2_CLD,NO2,Escenario beta central,beta_base_corrida_principal,Hospital Admissions,Chronic Lung Disease,353,1.4477699845815035,3,0.0020967572,0.00185,1.0026819645208305,0.0026747908267326093,0.006290271599999999,1.6825160773336653e-05,UNIT_VALUE_CLD_HA,15375.0,0.25868684689005106,717.4498617702743
NO2_CLD,NO2,Escenario beta central,beta_base_corrida_principal,Hospital Admissions,Chronic Lung Disease,360,1.4111210004962835,2764,0.0020967572,0.00185,1.0026139843659885,0.0026071692662869017,5.7954369007999995,0.01510968497247077,UNIT_VALUE_CLD_HA,15375.0,232.3114064517381,644299.423995444
NO2_CLD,NO2,Escenario beta central,beta_base_corrida_principal,Hospital Admissions,Chronic Lung Disease,361,1.4149935992056886,2224,0.0020967572,0.00185,1.0026211674267198,0.002614314869739953,4.6631880128,0.012191041762256143,UNIT_VALUE_CLD_HA,15375.0,187.4372670946882,519844.139678421
NO2_CLD,NO2,Escenario beta central,beta_base_corrida_principal,Hospital Admissions,Chronic Lung Disease,379,1.4042352764251618,5837,0.0020967572,0.00185,1.0026012125593304,0.002594463807489733,12.2387717764,0.03175305042199663,UNIT_VALUE_CLD_HA,15375.0,488.2031502381982,1353997.262965126
NO2_CLD,NO2,Escenario beta central,beta_base_corrida_principal,Hospital Admissions,Chronic Lung Disease,380,1.4428223250971026,9380,0.0020967572,0.00185,1.0026727868443095,0.0026656620977233425,19.667582536,0.05242712932006074,UNIT_VALUE_CLD_HA,15375.0,806.0671132959338,2235570.7140283417
NO2_CLD,NO2,Escenario beta central,beta_base_corrida_principal,Hospital Admissions,Chronic Lung Disease,381,1.44203602781222,9380,0.0020967572,0.00185,1.002671328307424,0.002664211324296506,19.667582536,0.0523985961139474,UNIT_VALUE_CLD_HA,15375.0,805.6284152519413,2234354.0157121914
NO2_CLD,NO2,Escenario beta central,beta_base_corrida_principal,Hospital Admissions,Chronic Lung Disease,382,1.4108278417463644,9380,0.0020967572,0.00185,1.0026134406047706,0.0026066283364346576,19.667582536,0.051266077947505005,UNIT_VALUE_CLD_HA,15375.0,788.2159484428895,2186061.7578899628
NO2_CLD,NO2,Escenario beta central,beta_base_corrida_principal,Hospital Admissions,Chronic Lung Disease,383,1.423561881441529,9380,0.0020967572,0.00185,1.0026370604237875,0.002630124626226027,19.667582536,0.05172819316626654,UNIT_VALUE_CLD_HA,15375.0,795.320969931348,2205767.037636698
NO2_CLD,NO2,Escenario beta central,beta_base_corrida_principal,Hospital Admissions,Chronic Lung Disease,384,1.418009909558286,9380,0.0020967572,0.00185,1.0026267622430527,0.0026198804400315856,19.667582536,0.051526714788773215,UNIT_VALUE_CLD_HA,15375.0,792.2232398773882,2197175.7001731447
NO2_CLD,NO2,Escenario beta central,beta_base_corrida_principal,Hospital Admissions,Chronic Lung Disease,385,1.413843435926255,9380,0.0020967572,0.00185,1.002619034049597,0.002612192628159704,19.667582536,0.05137551411426174,UNIT_VALUE_CLD_HA,15375.0,789.8985295067743,2190728.2786899726
NO2_CLD,NO2,Escenario beta central,beta_base_corrida_principal,Hospital Admissions,Chronic Lung Disease,386,1.4121708219430733,9380,0.0020967572,0.00185,1.002615931614357,0.0026091063705172557,19.667582536,0.051314814887351526,UNIT_VALUE_CLD_HA,15375.0,788.9652788930297,2188139.973440295
NO2_CLD,NO2,Escenario beta central,beta_base_corrida_principal,Hospital Admissions,Chronic Lung Disease,387,1.404734489022621,9371,0.0020967572,0.00185,1.0026021385053958,0.0025953849542700302,19.648711721199998,0.05099597077199167,UNIT_VALUE_CLD_HA,15375.0,784.0630506193719,2174543.9864792842
NO2_CLD,NO2,Escenario beta central,beta_base_corrida_principal,Hospital Admissions,Chronic Lung Disease,388,1.4227033999383831,9205,0.0020967572,0.00185,1.002635468046116,0.0026285406113270016,19.300650026,0.05073254241835055,UNIT_VALUE_CLD_HA,15375.0,780.0128396821397,2163311.0099596363
NO2_CLD,NO2,Escenario beta central,beta_base_corrida_principal,Hospital Admissions,Chronic Lung Disease,389,1.409207638562604,9380,0.0020967572,0.00185,1.0026104353999206,0.0026036387691091845,19.667582536,0.051207280385384336,UNIT_VALUE_CLD_HA,15375.0,787.3119359252842,2183554.5424532606
NO2_CLD,NO2,Escenario beta central,beta_base_corrida_principal,Hospital Admissions,Chronic Lung Disease,390,1.4167711164576478,9380,0.0020967572,0.00185,1.0026244644585218,0.002617594674332313,19.667582536,0.05148175930322481,UNIT_VALUE_CLD_HA,15375.0,791.5320492870815,2195258.7314542704
NO2_CLD,NO2,Escenario beta central,beta_base_corrida_principal,Hospital Admissions,Chronic Lung Disease,391,1.407198203122352,9380,0.0020967572,0.00185,1.0026067082471064,0.002599930985564325,19.667582536,0.05113435724649019,UNIT_VALUE_CLD_HA,15375.0,786.1907426647866,2180444.991428799
NO2_CLD,NO2,Escenario beta central,beta_base_corrida_principal,Hospital Admissions,Chronic Lung Disease,392,1.4228580854888655,9380,0.0020967572,0.00185,1.002635754968613,0.0026288260273495956,19.667582536,0.051702652865683166,UNIT_VALUE_CLD_HA,15375.0,794.9282878098787,2204677.961260552
NO2_CLD,NO2,Escenario beta central,beta_base_corrida_principal,Hospital Admissions,Chronic Lung Disease,393,1.4344992564145027,9380,0.0020967572,0.00185,1.0026573481313985,0.002650305347435822,19.667582536,0.052125099166296186,UNIT_VALUE_CLD_HA,15375.0,801.4233996818039,2222691.699379505
NO2_CLD,NO2,Escenario beta central,beta_base_corrida_principal,Hospital Admissions,Chronic Lung Disease,394,1.4149501601560353,6975,0.0020967572,0.00185,1.002621086853838,0.0026142347175870384,14.62488147,0.03823287287946936,UNIT_VALUE_CLD_HA,15375.0,587.8304205218413,1630306.5231878904
NO2_CLD,NO2,Escenario beta central,beta_base_corrida_principal,Hospital Admissions,Chronic Lung Disease,395,1.4499191998787868,3089,0.0020967572,0.00185,1.0026859512406767,0.0026787562320517155,6.4768829908,0.017349990675875254,UNIT_VALUE_CLD_HA,15375.0,266.75610664158205,739829.3888429629
NO2_CLD,NO2,Escenario beta central,beta_base_corrida_principal,Hospital Admissions,Chronic Lung Disease,396,1.422900229015271,756,0.0020967572,0.00185,1.0026358331396377,0.0026289037879126953,1.5851484432,0.004167202746732392,UNIT_VALUE_CLD_HA,15375.0,64.07074223101053,177695.71862575153
NO2_CLD,NO2,Escenario beta central,beta_base_corrida_principal,Hospital Admissions,Chronic Lung Disease,397,1.4548967586668198,269,0.0020967572,0.00185,1.002695184500485,0.002687940006241951,0.5640276868,0.0015160725839778253,UNIT_VALUE_CLD_HA,15375.0,23.309615978659064,64647.58824369241
NO2_CLD,NO2,Escenario beta central,beta_base_corrida_principal,Hospital Admissions,Chronic Lung Disease,398,1.4014041685877316,1076,0.0020967572,0.00185,1.0025959613996034,0.0025892398329426802,2.2561107472,0.0058416118141803135,UNIT_VALUE_CLD_HA,15375.0,89.81478164302231,249095.00985220735
NO2_CLD,NO2,Escenario beta central,beta_base_corrida_principal,Hospital Admissions,Chronic Lung Disease,400,1.3770568933837133,746,0.0020967572,0.00185,1.0025508030290204,0.0025443129877444903,1.5641808712,0.003979765705775652,UNIT_VALUE_CLD_HA,15375.0,61.18889772630065,169703.124621054
NO2_CLD,NO2,Escenario beta central,beta_base_corrida_principal,Hospital Admissions,Chronic Lung Disease,401,1.3649462118853002,9240,0.0020967572,0.00185,1.0025283413697417,0.0025219649813462697,19.374036527999998,0.04886064167093946,UNIT_VALUE_CLD_HA,15375.0,751.2323656906942,2083490.379977542
NO2_CLD,NO2,Escenario beta central,beta_base_corrida_principal,Hospital Admissions,Chronic Lung Disease,402,1.4244093754882794,8169,0.0020967572,0.00185,1.0026386324235583,0.002631688365308915,17.1284095668,0.04507663617319347,UNIT_VALUE_CLD_HA,15375.0,693.0532811628495,1922134.7615754816
NO2_CLD,NO2,Escenario beta central,beta_base_corrida_principal,Hospital Admissions,Chronic Lung Disease,403,1.4490479723453795,73,0.0020967572,0.00185,1.0026843351419041,0.002677148777360916,0.1530632756,0.0004097731611313969,UNIT_VALUE_CLD_HA,15375.0,6.300262352395228,17473.336616003497
NO2_CLD,NO2,Escenario beta central,beta_base_corrida_principal,Hospital Admissions,Chronic Lung Disease,420,1.4138928569771387,4864,0.0020967572,0.00185,1.0026191257180008,0.0026122838182697228,10.1986270208,0.02664170833500419,UNIT_VALUE_CLD_HA,15375.0,409.61626565068946,1136042.0396435915
NO2_CLD,NO2,Escenario beta central,beta_base_corrida_principal,Hospital Admissions,Chronic Lung Disease,421,1.412003626973222,9380,0.0020967572,0.00185,1.0026156214945752,0.0026087978667997946,19.667582536,0.0513087473650257,UNIT_VALUE_CLD_HA,15375.0,788.8719907372702,2187881.245270467
NO2_CLD,NO2,Escenario beta central,beta_base_corrida_principal,Hospital Admissions,Chronic Lung Disease,422,1.4613684485198437,9380,0.0020967572,0.00185,1.002707189467015,0.0026998803792900317,19.667582536,0.053100120197013684,UNIT_VALUE_CLD_HA,15375.0,816.4143480290854,2264268.0452543064
NO2_CLD,NO2,Escenario beta central,beta_base_corrida_principal,Hospital Admissions,Chronic Lung Disease,423,1.4272892498516612,9380,0.0020967572,0.00185,1.0026439742633808,0.0026370020977021236,19.667582536,0.05186345640416166,UNIT_VALUE_CLD_HA,15375.0,797.4006422139855,2211534.863135534
NO2_CLD,NO2,Escenario beta central,beta_base_corrida_principal,Hospital Admissions,Chronic Lung Disease,424,1.4179378364808972,9380,0.0020967572,0.00185,1.0026266285576286,0.002619747454151833,19.667582536,0.05152409927800705,UNIT_VALUE_CLD_HA,15375.0,792.1830263993584,2197064.1709067724
NO2_CLD,NO2,Escenario beta central,beta_base_corrida_principal,Hospital Admissions,Chronic Lung Disease,425,1.4203667480338051,9380,0.0020967572,0.00185,1.0026311338568434,0.0026242291586558997,19.667582536,0.05161224357124275,UNIT_VALUE_CLD_HA,15375.0,793.5382449078572,2200822.7745747985
NO2_CLD,NO2,Escenario beta central,beta_base_corrida_principal,Hospital Admissions,Chronic Lung Disease,426,1.4179311139534665,9380,0.0020967572,0.00185,1.0026266160882864,0.0026197350500568595,19.667582536,0.05152385531944538,UNIT_VALUE_CLD_HA,15375.0,792.1792755364727,2197053.7681511194
NO2_CLD,NO2,Escenario beta central,beta_base_corrida_principal,Hospital Admissions,Chronic Lung Disease,427,1.443617539872724,9380,0.0020967572,0.00185,1.0026742619247928,0.0026671293223973214,19.667582536,0.052455986082435076,UNIT_VALUE_CLD_HA,15375.0,806.5107860174393,2236801.2092643464
NO2_CLD,NO2,Escenario beta central,beta_base_corrida_principal,Hospital Admissions,Chronic Lung Disease,428,1.4521839300588244,9380,0.0020967572,0.00185,1.0026901522537768,0.002682934750810162,19.667582536,0.05276684065026146,UNIT_VALUE_CLD_HA,15375.0,811.2901749977699,2250056.510044065
NO2_CLD,NO2,Escenario beta central,beta_base_corrida_principal,Hospital Admissions,Chronic Lung Disease,429,1.387522245255029,9380,0.0020967572,0.00185,1.0025702135037287,0.0025636244415704335,19.667582536,0.05042029529589341,UNIT_VALUE_CLD_HA,15375.0,775.2120401743612,2149996.3285807786
NO2_CLD,NO2,Escenario beta central,beta_base_corrida_principal,Hospital Admissions,Chronic Lung Disease,430,1.4325375506975142,9380,0.0020967572,0.00185,1.002653709338495,0.0026466858036618968,19.667582536,0.05205391149037985,UNIT_VALUE_CLD_HA,15375.0,800.3288891645902,2219656.151075749
NO2_CLD,NO2,Escenario beta central,beta_base_corrida_principal,Hospital Admissions,Chronic Lung Disease,431,1.382914694520684,9380,0.0020967572,0.00185,1.0025616676628726,0.0025551222887307823,19.667582536,0.05025307850318589,UNIT_VALUE_CLD_HA,15375.0,772.6410819864831,2142865.9560137717
NO2_CLD,NO2,Escenario beta central,beta_base_corrida_principal,Hospital Admissions,Chronic Lung Disease,432,1.430310735840651,9380,0.0020967572,0.00185,1.0026495788072771,0.002642577091020226,19.667582536,0.051973103045383086,UNIT_VALUE_CLD_HA,15375.0,799.086459322765,2216210.358879536
NO2_CLD,NO2,Escenario beta central,beta_base_corrida_principal,Hospital Admissions,Chronic Lung Disease,433,1.409109502288235,9380,0.0020967572,0.00185,1.0026102533738996,0.0026034576896812878,19.667582536,0.051203718990790605,UNIT_VALUE_CLD_HA,15375.0,787.2571794834056,2183402.6792946616
NO2_CLD,NO2,Escenario beta central,beta_base_corrida_principal,Hospital Admissions,Chronic Lung Disease,434,1.3876326046438656,9380,0.0020967572,0.00185,1.0025704181933661,0.002563828083016917,19.667582536,0.050424300430849875,UNIT_VALUE_CLD_HA,15375.0,775.2736191243168,2150167.113487954
NO2_CLD,NO2,Escenario beta central,beta_base_corrida_principal,Hospital Admissions,Chronic Lung Disease,435,1.4362656543291583,9379,0.0020967572,0.00185,1.0026606246566725,0.0026535645174891043,19.6654857788,0.05218363528181027,UNIT_VALUE_CLD_HA,15375.0,802.3233924578328,2225187.766344327
NO2_CLD,NO2,Escenario beta central,beta_base_corrida_principal,Hospital Admissions,Chronic Lung Disease,436,1.4491355521257852,9379,0.0020967572,0.00185,1.002684497599434,0.0026773103661830167,19.6654857788,0.05265060893160594,UNIT_VALUE_CLD_HA,15375.0,809.5031123234413,2245100.2168112015
NO2_CLD,NO2,Escenario beta central,beta_base_corrida_principal,Hospital Admissions,Chronic Lung Disease,437,1.4857156289296505,9289,0.0020967572,0.00185,1.0027523547059345,0.0027448000426203434,19.4767776308,0.05345986007112679,UNIT_VALUE_CLD_HA,15375.0,821.9453485935744,2279607.888149877
NO2_CLD,NO2,Escenario beta central,beta_base_corrida_principal,Hospital Admissions,Chronic Lung Disease,438,1.437660632623274,8853,0.0020967572,0.00185,1.0026632122361556,0.002656138375932038,18.5625914916,0.04930481161758828,UNIT_VALUE_CLD_HA,15375.0,758.0614786204198,2102430.446650231
NO2_CLD,NO2,Escenario beta central,beta_base_corrida_principal,Hospital Admissions,Chronic Lung Disease,439,1.4409311423759483,8857,0.0020967572,0.00185,1.0026692788111649,0.00266217272990521,18.5709785204,0.04943915258466429,UNIT_VALUE_CLD_HA,15375.0,760.1269709892134,2108158.9451506143
NO2_CLD,NO2,Escenario beta central,beta_base_corrida_principal,Hospital Admissions,Chronic Lung Disease,440,1.4477001699474703,8213,0.0020967572,0.00185,1.0026818350173712,0.0026746620151194556,17.2206668836,0.04605946358859045,UNIT_VALUE_CLD_HA,15375.0,708.1642526745782,1964043.983295255
NO2_CLD,NO2,Escenario beta central,beta_base_corrida_principal,Hospital Admissions,Chronic Lung Disease,441,1.3522744227386685,9110,0.0020967572,0.00185,1.0025048395638694,0.0024985810192789115,19.101458091999998,0.04772654062922277,UNIT_VALUE_CLD_HA,15375.0,733.7955621743,2035130.6260010689
NO2_CLD,NO2,Escenario beta central,beta_base_corrida_principal,Hospital Admissions,Chronic Lung Disease,442,1.9228234976011187,9379,0.0020967572,0.00185,1.003563557898737,0.0035509040465740993,19.6654857788,0.06983025302978632,UNIT_VALUE_CLD_HA,15375.0,1073.6401403329646,2977665.774403654
NO2_CLD,NO2,Escenario beta central,beta_base_corrida_principal,Hospital Admissions,Chronic Lung Disease,443,1.4162907664285953,9374,0.0020967572,0.00185,1.0026235734791402,0.002616708352503827,19.6550019928,0.051431407883039126,UNIT_VALUE_CLD_HA,15375.0,790.7578962017266,2193111.672062754
NO2_CLD,NO2,Escenario beta central,beta_base_corrida_principal,Hospital Admissions,Chronic Lung Disease,444,1.3874553240808591,4839,0.0020967572,0.00185,1.002570089381361,0.0025635009547779752,10.1462080908,0.026009814128141816,UNIT_VALUE_CLD_HA,15375.0,399.9008922201804,1109097.1315102149
NO2_CLD,NO2,Escenario beta central,beta_base_corrida_principal,Hospital Admissions,Chronic Lung Disease,445,1.4363493467567243,6092,0.0020967572,0.00185,1.0026607798996225,0.0026537189376141246,12.7734448624,0.03389713252992073,UNIT_VALUE_CLD_HA,15375.0,521.1684126475312,1445424.1106890424
NO2_CLD,NO2,Escenario beta central,beta_base_corrida_principal,Hospital Admissions,Chronic Lung Disease,446,1.3843987490139753,858,0.0020967572,0.00185,1.0025644202005244,0.002557860770693865,1.7990176776,0.004601636743317823,UNIT_VALUE_CLD_HA,15375.0,70.75016492851154,196220.62991768174
NO2_CLD,NO2,Escenario beta central,beta_base_corrida_principal,Hospital Admissions,Chronic Lung Disease,461,1.4422140304950517,2433,0.0020967572,0.00185,1.0026716584921234,0.002664539751867645,5.1014102675999995,0.01359291044860596,UNIT_VALUE_CLD_HA,15375.0,208.99099814731662,579621.9039917123
NO2_CLD,NO2,Escenario beta central,beta_base_corrida_principal,Hospital Admissions,Chronic Lung Disease,462,1.4434973522912102,7924,0.0020967572,0.00185,1.0026740389831774,0.0026669075683751764,16.6147040528,0.04430987998472604,UNIT_VALUE_CLD_HA,15375.0,681.2644047651629,1889439.1381078456
NO2_CLD,NO2,Escenario beta central,beta_base_corrida_principal,Hospital Admissions,Chronic Lung Disease,463,1.4202574057906023,8501,0.0020967572,0.00185,1.0026309310414798,0.0026240274063229485,17.8245329572,0.046772062984599426,UNIT_VALUE_CLD_HA,15375.0,719.1204683882162,1994430.2806419302
NO2_CLD,NO2,Escenario beta central,beta_base_corrida_principal,Hospital Admissions,Chronic Lung Disease,464,1.4327973301496346,8783,0.0020967572,0.00185,1.0026541912059488,0.002647165123557227,18.4158184876,0.04874971242213511,UNIT_VALUE_CLD_HA,15375.0,749.5268284903274,2078760.1919399286
NO2_CLD,NO2,Escenario beta central,beta_base_corrida_principal,Hospital Admissions,Chronic Lung Disease,465,1.3842929710317229,9379,0.0020967572,0.00185,1.0025642240094468,0.002557665581953472,19.6654857788,0.05029773612883223,UNIT_VALUE_CLD_HA,15375.0,773.3276929807955,2144770.223543728
NO2_CLD,NO2,Escenario beta central,beta_base_corrida_principal,Hospital Admissions,Chronic Lung Disease,466,1.4229958708402322,9379,0.0020967572,0.00185,1.0026360105434071,0.0026290802601218743,19.6654857788,0.05170214046675053,UNIT_VALUE_CLD_HA,15375.0,794.9204096762894,2204656.1118085114
NO2_CLD,NO2,Escenario beta central,beta_base_corrida_principal,Hospital Admissions,Chronic Lung Disease,467,1.4228188764847527,9379,0.0020967572,0.00185,1.002635682240769,0.0026287536813756063,19.6654857788,0.051695718137060136,UNIT_VALUE_CLD_HA,15375.0,794.8216663572996,2204382.2541253255
NO2_CLD,NO2,Escenario beta central,beta_base_corrida_principal,Hospital Admissions,Chronic Lung Disease,468,1.3768361133884175,6428,0.0020967572,0.00185,1.002550393544255,0.0025439055838767377,13.4779552816,0.03428664570010321,UNIT_VALUE_CLD_HA,15375.0,527.1571776390869,1462033.5311795725
NO2_CLD,NO2,Escenario beta central,beta_base_corrida_principal,Hospital Admissions,Chronic Lung Disease,469,1.423272664295986,3998,0.0020967572,0.00185,1.002636523961248,0.0026295909816166363,8.3828352856,0.02204342806739148,UNIT_VALUE_CLD_HA,15375.0,338.917706536144,939964.5348385378
NO2_CLD,NO2,Escenario beta central,beta_base_corrida_principal,Hospital Admissions,Chronic Lung Disease,470,1.4566705360942436,1575,0.0020967572,0.00185,1.0026984748383405,0.0026912126686695625,3.3023925899999997,0.008887440775128487,UNIT_VALUE_CLD_HA,15375.0,136.6444019176005,378973.68361033074
NO2_CLD,NO2,Escenario beta central,beta_base_corrida_principal,Hospital Admissions,Chronic Lung Disease,471,1.4095358597743193,5971,0.0020967572,0.00185,1.0026110441944276,0.0026042443972134066,12.5197372412,0.03260445556497913,UNIT_VALUE_CLD_HA,15375.0,501.2935043115541,1390302.4436627934
NO2_CLD,NO2,Escenario beta central,beta_base_corrida_principal,Hospital Admissions,Chronic Lung Disease,472,1.4016620529432462,9252,0.0020967572,0.00185,1.0025964397242721,0.0025897156835966717,19.3991976144,0.05023840631120281,UNIT_VALUE_CLD_HA,15375.0,772.4154970347432,2142240.3119410677
NO2_CLD,NO2,Escenario beta central,beta_base_corrida_principal,Hospital Admissions,Chronic Lung Disease,473,1.4554144497661134,9380,0.0020967572,0.00185,1.0026961448107337,0.00268889516000137,19.667582536,0.05288406748997787,UNIT_VALUE_CLD_HA,15375.0,813.0925376584098,2255055.2367179636
NO2_CLD,NO2,Escenario beta central,beta_base_corrida_principal,Hospital Admissions,Chronic Lung Disease,474,1.3971596915256157,9379,0.0020967572,0.00185,1.002588088763725,0.0025814078510711935,19.6654857788,0.050764639384523226,UNIT_VALUE_CLD_HA,15375.0,780.5063305370446,2164679.6723013557
NO2_CLD,NO2,Escenario beta central,beta_base_corrida_principal,Hospital Admissions,Chronic Lung Disease,475,1.4068183745118343,9380,0.0020967572,0.00185,1.0026060037327351,0.0025992301293157327,19.667582536,0.05112057309837513,UNIT_VALUE_CLD_HA,15375.0,785.9788113875176,2179857.2148664827
NO2_CLD,NO2,Escenario beta central,beta_base_corrida_principal,Hospital Admissions,Chronic Lung Disease,476,1.4610206702590798,9380,0.0020967572,0.00185,1.0027065443356622,0.0026992387263766737,19.667582536,0.053087500435380755,UNIT_VALUE_CLD_HA,15375.0,816.2203191939791,2263729.919862157
NO2_CLD,NO2,Escenario beta central,beta_base_corrida_principal,Hospital Admissions,Chronic Lung Disease,477,1.510547166714835,9380,0.0020967572,0.00185,1.002798420547543,0.002790611243698393,19.667582536,0.05488457696132776,UNIT_VALUE_CLD_HA,15375.0,843.8503707804143,2340359.9338335246
NO2_CLD,NO2,Escenario beta central,beta_base_corrida_principal,Hospital Admissions,Chronic Lung Disease,478,1.4375177047176653,9379,0.0020967572,0.00185,1.0026629471153679,0.0026558746615988893,19.6654857788,0.05222906538794822,UNIT_VALUE_CLD_HA,15375.0,803.0218803397039,2227124.973590545
NO2_CLD,NO2,Escenario beta central,beta_base_corrida_principal,Hospital Admissions,Chronic Lung Disease,479,1.4695064034831056,9380,0.0020967572,0.00185,1.0027222855546583,0.002714894835664672,19.667582536,0.05339541825699509,UNIT_VALUE_CLD_HA,15375.0,820.9545557012996,2276859.9934186554
NO2_CLD,NO2,Escenario beta central,beta_base_corrida_principal,Hospital Admissions,Chronic Lung Disease,480,1.4522677784217048,9380,0.0020967572,0.00185,1.0026903077905551,0.002683089454094012,19.667582536,0.05276988328986517,UNIT_VALUE_CLD_HA,15375.0,811.336955581677,2250186.25271889
NO2_CLD,NO2,Escenario beta central,beta_base_corrida_principal,Hospital Admissions,Chronic Lung Disease,481,1.3361298340698422,9380,0.0020967572,0.00185,1.0024748977087101,0.0024687877116592594,19.667582536,0.048555086082921056,UNIT_VALUE_CLD_HA,15375.0,746.5344485249112,2070461.0355724443
NO2_CLD,NO2,Escenario beta central,beta_base_corrida_principal,Hospital Admissions,Chronic Lung Disease,482,1.105156050536026,9380,0.0020967572,0.00185,1.0020466301878637,0.00204245004793846,19.667582536,0.04017005489348682,UNIT_VALUE_CLD_HA,15375.0,617.6145939873599,1712910.8434023634
NO2_CLD,NO2,Escenario beta central,beta_base_corrida_principal,Hospital Admissions,Chronic Lung Disease,483,1.5266676435963902,9380,0.0020967572,0.00185,1.0028283273326914,0.002820350458402121,19.667582536,0.055469475421069156,UNIT_VALUE_CLD_HA,15375.0,852.8431845989383,2365300.873462233
NO2_CLD,NO2,Escenario beta central,beta_base_corrida_principal,Hospital Admissions,Chronic Lung Disease,484,1.5079329114090214,9380,0.0020967572,0.00185,1.0027935706527515,0.002785788356155061,19.667582536,0.05478972242250743,UNIT_VALUE_CLD_HA,15375.0,842.3919822460517,2336315.1953206672
NO2_CLD,NO2,Escenario beta central,beta_base_corrida_principal,Hospital Admissions,Chronic Lung Disease,485,1.9577644492160928,9380,0.0020967572,0.00185,1.0036284311070214,0.0036153131921733417,19.667582536,0.07110447060055883,UNIT_VALUE_CLD_HA,15375.0,1093.231235483592,3032000.3054272584
NO2_CLD,NO2,Escenario beta central,beta_base_corrida_principal,Hospital Admissions,Chronic Lung Disease,486,1.512686241518287,9380,0.0020967572,0.00185,1.0028023889179385,0.0027945574810231966,19.667582536,0.05496218990961998,UNIT_VALUE_CLD_HA,15375.0,845.0436698604071,2343669.465300949
NO2_CLD,NO2,Escenario beta central,beta_base_corrida_principal,Hospital Admissions,Chronic Lung Disease,487,1.4469943562972605,7095,0.0020967572,0.00185,1.0026805257611529,0.0026733597514703167,14.876492334,0.039770215848772314,UNIT_VALUE_CLD_HA,15375.0,611.4670686748743,1695861.1122749567
NO2_CLD,NO2,Escenario beta central,beta_base_corrida_principal,Hospital Admissions,Chronic Lung Disease,488,1.848937370873664,654,0.0020967572,0.00185,1.0034263908387844,0.0034146907736004595,1.3712792087999999,0.0046824944623194975,UNIT_VALUE_CLD_HA,15375.0,71.99335235816227,199668.52323069796
NO2_CLD,NO2,Escenario beta central,beta_base_corrida_principal,Hospital Admissions,Chronic Lung Disease,503,1.4165680835818524,12,0.0020967572,0.00185,1.0026240878619952,0.0026172200466385576,0.025161086399999998,6.585209972128477e-05,UNIT_VALUE_CLD_HA,15375.0,1.0124760332147533,2808.031404798793
NO2_CLD,NO2,Escenario beta central,beta_base_corrida_principal,Hospital Admissions,Chronic Lung Disease,504,1.433103092874168,62,0.0020967572,0.00185,1.0026547583685221,0.002647729287039824,0.1299989464,0.0003442020176676003,UNIT_VALUE_CLD_HA,15375.0,5.292106021639355,14677.285603595235
NO2_CLD,NO2,Escenario beta central,beta_base_corrida_principal,Hospital Admissions,Chronic Lung Disease,505,1.45046217749708,3191,0.0020967572,0.00185,1.0026869584478375,0.002679758049308756,6.6907522252,0.01792959713141017,UNIT_VALUE_CLD_HA,15375.0,275.66755589543135,764544.6695470661
NO2_CLD,NO2,Escenario beta central,beta_base_corrida_principal,Hospital Admissions,Chronic Lung Disease,506,1.427595806190439,7589,0.0020967572,0.00185,1.002644542892244,0.002637567731247459,15.912290390799999,0.04196974366501309,UNIT_VALUE_CLD_HA,15375.0,645.2848088495763,1789652.2474076801
NO2_CLD,NO2,Escenario beta central,beta_base_corrida_principal,Hospital Admissions,Chronic Lung Disease,507,1.45694927414943,3876,0.0020967572,0.00185,1.0026989918953861,0.0026917269461738114,8.1270309072,0.021875748085297637,UNIT_VALUE_CLD_HA,15375.0,336.3396268114512,932814.411187683
NO2_CLD,NO2,Escenario beta central,beta_base_corrida_principal,Hospital Admissions,Chronic Lung Disease,508,1.427807081215919,3406,0.0020967572,0.00185,1.0026449347847606,0.002637957559051829,7.1415550232,0.018839119056835,UNIT_VALUE_CLD_HA,15375.0,289.6514554988381,803328.0362241425
NO2_CLD,NO2,Escenario beta central,beta_base_corrida_principal,Hospital Admissions,Chronic Lung Disease,509,1.4505022905858134,45,0.0020967572,0.00185,1.0026870328564514,0.0026798320596573832,0.094354074,0.00025285307246448514,UNIT_VALUE_CLD_HA,15375.0,3.887615989141459,10782.030812764595
NO2_CLD,NO2,Escenario beta central,beta_base_corrida_principal,Hospital Admissions,Chronic Lung Disease,513,1.4279714806470327,3157,0.0020967572,0.00185,1.0026452397281822,0.0026382608956476705,6.6194624804,0.017463869012246256,UNIT_VALUE_CLD_HA,15375.0,268.5069860632862,744685.3303574998
NO2_CLD,NO2,Escenario beta central,beta_base_corrida_principal,Hospital Admissions,Chronic Lung Disease,514,1.449703256237692,8374,0.0020967572,0.00185,1.0026855506719945,0.00267835780638781,17.5582447928,0.047027262007263995,UNIT_VALUE_CLD_HA,15375.0,723.0441533616839,2005312.346257895
NO2_CLD,NO2,Escenario beta central,beta_base_corrida_principal,Hospital Admissions,Chronic Lung Disease,515,1.4223574149547975,8986,0.0020967572,0.00185,1.002634826287212,0.002627902221358891,18.8414601992,0.04951351511112281,UNIT_VALUE_CLD_HA,15375.0,761.2702948335133,2111329.8738001105
NO2_CLD,NO2,Escenario beta central,beta_base_corrida_principal,Hospital Admissions,Chronic Lung Disease,516,1.458137929685483,4255,0.0020967572,0.00185,1.0027011968456696,0.0026939200373622407,8.921701886,0.024034351478067893,UNIT_VALUE_CLD_HA,15375.0,369.52815397529383,1024860.4680796991
NO2_CLD,NO2,Escenario beta central,beta_base_corrida_principal,Hospital Admissions,Chronic Lung Disease,517,1.4852213091441229,4378,0.0020967572,0.00185,1.0027514376977453,0.0027438880606966976,9.1796030216,0.02518780313290357,UNIT_VALUE_CLD_HA,15375.0,387.2624731683924,1074045.3609594144
NO2_CLD,NO2,Escenario beta central,beta_base_corrida_principal,Hospital Admissions,Chronic Lung Disease,518,1.4197008398134372,7540,0.0020967572,0.00185,1.0026298986860231,0.0026230004605586332,15.809549288,0.04146845506364841,UNIT_VALUE_CLD_HA,15375.0,637.5774966035942,1768276.5564053063
NO2_CLD,NO2,Escenario beta central,beta_base_corrida_principal,Hospital Admissions,Chronic Lung Disease,519,1.42585951225362,9380,0.0020967572,0.00185,1.0026413222589814,0.002634364054565852,19.667582536,0.051811572473045506,UNIT_VALUE_CLD_HA,15375.0,796.6029267730746,2209322.4552002484
NO2_CLD,NO2,Escenario beta central,beta_base_corrida_principal,Hospital Admissions,Chronic Lung Disease,520,1.4338776093573866,9380,0.0020967572,0.00185,1.0026561950289306,0.002649158347696523,19.667582536,0.052102540454254755,UNIT_VALUE_CLD_HA,15375.0,801.0765594841669,2221729.762370173
NO2_CLD,NO2,Escenario beta central,beta_base_corrida_principal,Hospital Admissions,Chronic Lung Disease,521,1.4902638780072817,9380,0.0020967572,0.00185,1.0027607921612558,0.0027531911726479397,19.667582536,0.05414861462543998,UNIT_VALUE_CLD_HA,15375.0,832.5349498661398,2308977.406007248
NO2_CLD,NO2,Escenario beta central,beta_base_corrida_principal,Hospital Admissions,Chronic Lung Disease,522,1.421839190149493,9380,0.0020967572,0.00185,1.0026338650457332,0.002626946024422261,19.667582536,0.05166567775294189,UNIT_VALUE_CLD_HA,15375.0,794.3597954514815,2203101.287499002
NO2_CLD,NO2,Escenario beta central,beta_base_corrida_principal,Hospital Admissions,Chronic Lung Disease,523,1.5081215980674507,9380,0.0020967572,0.00185,1.0027939206982834,0.0027861364539762956,19.667582536,0.054796568665137164,UNIT_VALUE_CLD_HA,15375.0,842.4972432264839,2336607.129281627
NO2_CLD,NO2,Escenario beta central,beta_base_corrida_principal,Hospital Admissions,Chronic Lung Disease,524,1.5787402661315806,9380,0.0020967572,0.00185,1.0029249388028885,0.0029164084865410667,19.667582536,0.057358704617737274,UNIT_VALUE_CLD_HA,15375.0,881.8900834977106,2445860.4142750553
NO2_CLD,NO2,Escenario beta central,beta_base_corrida_principal,Hospital Admissions,Chronic Lung Disease,525,1.9501343811173195,9380,0.0020967572,0.00185,1.0036142643634487,0.0036012484993337424,19.667582536,0.07082785209329252,UNIT_VALUE_CLD_HA,15375.0,1088.9782259343726,3020204.8811531668
NO2_CLD,NO2,Escenario beta central,beta_base_corrida_principal,Hospital Admissions,Chronic Lung Disease,526,1.3476969861157126,9380,0.0020967572,0.00185,1.0024963501304354,0.002490133884388235,19.667582536,0.04897491369689589,UNIT_VALUE_CLD_HA,15375.0,752.9892980897744,2088363.1090011229
NO2_CLD,NO2,Escenario beta central,beta_base_corrida_principal,Hospital Admissions,Chronic Lung Disease,527,1.4113674280277468,9380,0.0020967572,0.00185,1.0026144414487175,0.002607623968531536,19.667582536,0.05128565962394586,UNIT_VALUE_CLD_HA,15375.0,788.5170167181676,2186896.7496766676
NO2_CLD,NO2,Escenario beta central,beta_base_corrida_principal,Hospital Admissions,Chronic Lung Disease,528,1.4107382869493783,9380,0.0020967572,0.00185,1.0026132744954246,0.002606463091903266,19.667582536,0.05126282798704524,UNIT_VALUE_CLD_HA,15375.0,788.1659803008206,2185923.1747457045
NO2_CLD,NO2,Escenario beta central,beta_base_corrida_principal,Hospital Admissions,Chronic Lung Disease,529,1.4431419953733435,8735,0.0020967572,0.00185,1.0026733798151553,0.002666251911114026,18.315174142,0.04883286805849369,UNIT_VALUE_CLD_HA,15375.0,750.8053463993405,2082306.0718643228
NO2_CLD,NO2,Escenario beta central,beta_base_corrida_principal,Hospital Admissions,Chronic Lung Disease,530,1.4406850341503787,5649,0.0020967572,0.00185,1.0026688222957283,0.002661718641672306,11.8445814228,0.03152694317587224,UNIT_VALUE_CLD_HA,15375.0,484.7267513290357,1344355.7139384875
NO2_CLD,NO2,Escenario beta central,beta_base_corrida_principal,Hospital Admissions,Chronic Lung Disease,531,1.4595845004488197,927,0.0020967572,0.00185,1.0027038802339963,0.0026965889803531873,1.9436939244,0.005241343617716481,UNIT_VALUE_CLD_HA,15375.0,80.5856581223909,223498.68180638258
NO2_CLD,NO2,Escenario beta central,beta_base_corrida_principal,Hospital Admissions,Chronic Lung Disease,546,1.417933355156837,3,0.0020967572,0.00185,1.0026266202454033,0.0026197391854211327,0.006290271599999999,1.6478870997461683e-05,UNIT_VALUE_CLD_HA,15375.0,0.2533626415859734,702.6835510537861
NO2_CLD,NO2,Escenario beta central,beta_base_corrida_principal,Hospital Admissions,Chronic Lung Disease,547,1.4137151806864967,544,0.0020967572,0.00185,1.0026187961560078,0.002611955975738822,1.1406359168,0.00297929079902809,UNIT_VALUE_CLD_HA,15375.0,45.806596035056884,127041.38764150781
NO2_CLD,NO2,Escenario beta central,beta_base_corrida_principal,Hospital Admissions,Chronic Lung Disease,555,1.3985906202445886,86,0.0020967572,0.00185,1.0025907428366037,0.0025840482321567437,0.1803211192,0.0004659584692892854,UNIT_VALUE_CLD_HA,15375.0,7.1641114653227636,19869.16166127011
NO2_CLD,NO2,Escenario beta central,beta_base_corrida_principal,Hospital Admissions,Chronic Lung Disease,556,1.4316537752626068,695,0.0020967572,0.00185,1.002652070016507,0.0026450551450647453,1.457246254,0.0038544967017690264,UNIT_VALUE_CLD_HA,15375.0,59.26288678969878,164361.4681091543
NO2_CLD,NO2,Escenario beta central,beta_base_corrida_principal,Hospital Admissions,Chronic Lung Disease,559,1.467996283190942,1595,0.0020967572,0.00185,1.0027194842307203,0.0027121086938952654,3.3443277339999997,0.009070180322616452,UNIT_VALUE_CLD_HA,15375.0,139.45402246022795,386765.96951186995
NO2_CLD,NO2,Escenario beta central,beta_base_corrida_principal,Hospital Admissions,Chronic Lung Disease,560,1.4440943307559788,8277,0.0020967572,0.00185,1.0026751463471846,0.0026680090325669203,17.3548593444,0.046302921489787624,UNIT_VALUE_CLD_HA,15375.0,711.9074179054847,1974425.3900416084
NO2_CLD,NO2,Escenario beta central,beta_base_corrida_principal,Hospital Admissions,Chronic Lung Disease,561,1.4140769163481153,9379,0.0020967572,0.00185,1.0026194671197333,0.0026126234385398517,19.6654857788,0.05137850907596501,UNIT_VALUE_CLD_HA,15375.0,789.944577042962,2190855.988308262
NO2_CLD,NO2,Escenario beta central,beta_base_corrida_principal,Hospital Admissions,Chronic Lung Disease,562,1.4136693200888537,9379,0.0020967572,0.00185,1.0026187110917215,0.0026118713552334416,19.6654857788,0.05136371899239833,UNIT_VALUE_CLD_HA,15375.0,789.7171795081243,2190225.3171632173
NO2_CLD,NO2,Escenario beta central,beta_base_corrida_principal,Hospital Admissions,Chronic Lung Disease,563,1.3359140998915289,9379,0.0020967572,0.00185,1.0024744976128082,0.0024683895886634666,19.6654857788,0.04854208035239939,UNIT_VALUE_CLD_HA,15375.0,746.3344854181406,2069906.4518932337
NO2_CLD,NO2,Escenario beta central,beta_base_corrida_principal,Hospital Admissions,Chronic Lung Disease,564,1.1977859961417003,9379,0.0020967572,0.00185,1.002218361022775,0.002213450789817051,19.6654857788,0.04352858502922084,UNIT_VALUE_CLD_HA,15375.0,669.2519948242705,1856123.5600054762
NO2_CLD,NO2,Escenario beta central,beta_base_corrida_principal,Hospital Admissions,Chronic Lung Disease,565,1.5067728037163235,9379,0.0020967572,0.00185,1.0027914184602704,0.0027836481334836405,19.6654857788,0.0547417927822057,UNIT_VALUE_CLD_HA,15375.0,841.6550640264127,2334271.4042227734
NO2_CLD,NO2,Escenario beta central,beta_base_corrida_principal,Hospital Admissions,Chronic Lung Disease,566,1.3264775673525175,9379,0.0020967572,0.00185,1.002456996981618,0.002450974943579487,19.6654857788,0.04819961289715754,UNIT_VALUE_CLD_HA,15375.0,741.0690482937972,2055303.1306094658
NO2_CLD,NO2,Escenario beta central,beta_base_corrida_principal,Hospital Admissions,Chronic Lung Disease,567,1.2905364194543232,9379,0.0020967572,0.00185,1.0023903447054332,0.0023846445828801244,19.6654857788,0.046895194132121544,UNIT_VALUE_CLD_HA,15375.0,721.0136097813687,1999680.7757759413
NO2_CLD,NO2,Escenario beta central,beta_base_corrida_principal,Hospital Admissions,Chronic Lung Disease,568,1.5637722316980742,9379,0.0020967572,0.00185,1.0028971673296145,0.002888797998431558,19.6654857788,0.05680961595598171,UNIT_VALUE_CLD_HA,15375.0,873.4478453232188,2422446.4576547747
NO2_CLD,NO2,Escenario beta central,beta_base_corrida_principal,Hospital Admissions,Chronic Lung Disease,569,1.5300713900597884,9380,0.0020967572,0.00185,1.0028346420933123,0.0028266296100375454,19.667582536,0.05559297115411492,UNIT_VALUE_CLD_HA,15375.0,854.7419314945168,2370566.915064838
NO2_CLD,NO2,Escenario beta central,beta_base_corrida_principal,Hospital Admissions,Chronic Lung Disease,570,1.132080573307622,9380,0.0020967572,0.00185,1.0020965437414882,0.002092157441897058,19.667582536,0.04114767916681701,UNIT_VALUE_CLD_HA,15375.0,632.6455671898116,1754598.195411239
NO2_CLD,NO2,Escenario beta central,beta_base_corrida_principal,Hospital Admissions,Chronic Lung Disease,571,1.479195159219815,9380,0.0020967572,0.00185,1.0027402587086336,0.002732770211263391,19.667582536,0.05374698368194491,UNIT_VALUE_CLD_HA,15375.0,826.359874109903,2291851.265652628
NO2_CLD,NO2,Escenario beta central,beta_base_corrida_principal,Hospital Admissions,Chronic Lung Disease,572,1.4519649479539982,5729,0.0020967572,0.00185,1.002689746047139,0.0026825307207365423,12.0123219988,0.032223422789160384,UNIT_VALUE_CLD_HA,15375.0,495.4351253833409,1374054.6397919192
NO2_CLD,NO2,Escenario beta central,beta_base_corrida_principal,Hospital Admissions,Chronic Lung Disease,573,1.4992593907095009,2857,0.0020967572,0.00185,1.002777479942882,0.002769786915278627,5.9904353204,0.01659222936726685,UNIT_VALUE_CLD_HA,15375.0,255.1055265217278,707517.3204211554
NO2_CLD,NO2,Escenario beta central,beta_base_corrida_principal,Hospital Admissions,Chronic Lung Disease,601,1.4238419552038302,418,0.0020967572,0.00185,1.0026375799267395,0.002630641399788858,0.8764445096,0.002305611211571403,UNIT_VALUE_CLD_HA,15375.0,35.44877237791032,98314.68877606782
NO2_CLD,NO2,Escenario beta central,beta_base_corrida_principal,Hospital Admissions,Chronic Lung Disease,602,1.4090763990008508,5837,0.0020967572,0.00185,1.002610191972965,0.0026033966080363236,12.2387717764,0.03186237692921045,UNIT_VALUE_CLD_HA,15375.0,489.8840452866107,1358659.1077192447
NO2_CLD,NO2,Escenario beta central,beta_base_corrida_principal,Hospital Admissions,Chronic Lung Disease,603,1.4938668296929496,9379,0.0020967572,0.00185,1.0027674760461014,0.002759838259826064,19.6654857788,0.0542735600503976,UNIT_VALUE_CLD_HA,15375.0,834.4559857748632,2314305.2646275787
NO2_CLD,NO2,Escenario beta central,beta_base_corrida_principal,Hospital Admissions,Chronic Lung Disease,604,1.3996724615178913,9379,0.0020967572,0.00185,1.0025927494300966,0.002586044464784165,19.6654857788,0.05085582064555746,UNIT_VALUE_CLD_HA,15375.0,781.9082424254459,2168567.776790004
NO2_CLD,NO2,Escenario beta central,beta_base_corrida_principal,Hospital Admissions,Chronic Lung Disease,605,1.3760055991017612,9380,0.0020967572,0.00185,1.0025488531754523,0.0025423730398564937,19.667582536,0.05000233159867881,UNIT_VALUE_CLD_HA,15375.0,768.7858483296867,2132173.7353330026
NO2_CLD,NO2,Escenario beta central,beta_base_corrida_principal,Hospital Admissions,Chronic Lung Disease,606,1.4070024415554787,9380,0.0020967572,0.00185,1.0026063451442309,0.0025995697681884256,19.667582536,0.05112725297393625,UNIT_VALUE_CLD_HA,15375.0,786.0815144742699,2180142.054688374
NO2_CLD,NO2,Escenario beta central,beta_base_corrida_principal,Hospital Admissions,Chronic Lung Disease,607,1.4375955456058964,9379,0.0020967572,0.00185,1.0026630915045007,0.0026560182847708003,19.6654857788,0.05223188980739294,UNIT_VALUE_CLD_HA,15375.0,803.0653057886665,2227245.4110334613
NO2_CLD,NO2,Escenario beta central,beta_base_corrida_principal,Hospital Admissions,Chronic Lung Disease,608,1.3916942739721172,9380,0.0020967572,0.00185,1.002577951624276,0.0025713228782854314,19.667582536,0.05057170493538381,UNIT_VALUE_CLD_HA,15375.0,777.539963381526,2156452.6606412255
NO2_CLD,NO2,Escenario beta central,beta_base_corrida_principal,Hospital Admissions,Chronic Lung Disease,609,1.4521903147554165,9380,0.0020967572,0.00185,1.0026901640972408,0.002682946530808805,19.667582536,0.05276707233435705,UNIT_VALUE_CLD_HA,15375.0,811.2937371407396,2250066.3893982414
NO2_CLD,NO2,Escenario beta central,beta_base_corrida_principal,Hospital Admissions,Chronic Lung Disease,610,1.5466442670480696,9379,0.0020967572,0.00185,1.0028653892967134,0.0028572022998248903,19.6654857788,0.05618827119436103,UNIT_VALUE_CLD_HA,15375.0,863.8946696133008,2395951.393545617
NO2_CLD,NO2,Escenario beta central,beta_base_corrida_principal,Hospital Admissions,Chronic Lung Disease,611,1.8561481375249969,9380,0.0020967572,0.00185,1.0034397765541452,0.0034279850515369636,19.667582536,0.06742017893327745,UNIT_VALUE_CLD_HA,15375.0,1036.5852510991408,2874896.6329558897
NO2_CLD,NO2,Escenario beta central,beta_base_corrida_principal,Hospital Admissions,Chronic Lung Disease,612,1.3522962234882634,9380,0.0020967572,0.00185,1.0025048799962808,0.002498621249893529,19.667582536,0.04914183965848447,UNIT_VALUE_CLD_HA,15375.0,755.5557847491987,2095481.0800969698
NO2_CLD,NO2,Escenario beta central,beta_base_corrida_principal,Hospital Admissions,Chronic Lung Disease,613,1.373147320452901,9380,0.0020967572,0.00185,1.0025435518961028,0.002537098654010639,19.667582536,0.04989859717972875,UNIT_VALUE_CLD_HA,15375.0,767.1909316383295,2127750.3455336923
NO2_CLD,NO2,Escenario beta central,beta_base_corrida_principal,Hospital Admissions,Chronic Lung Disease,614,1.490835792643864,5064,0.0020967572,0.00185,1.002761853124929,0.002754246301175267,10.6179784608,0.029244527901617055,UNIT_VALUE_CLD_HA,15375.0,449.6346164873622,1247030.134404545
NO2_CLD,NO2,Escenario beta central,beta_base_corrida_principal,Hospital Admissions,Chronic Lung Disease,643,1.4196213062255172,249,0.0020967572,0.00185,1.0026297511619406,0.002622853709350892,0.5220925428,0.0013693723625074193,UNIT_VALUE_CLD_HA,15375.0,21.05410007355157,58392.072766990124
NO2_CLD,NO2,Escenario beta central,beta_base_corrida_principal,Hospital Admissions,Chronic Lung Disease,644,1.4226870106582812,2838,0.0020967572,0.00185,1.0026354376460405,0.0026285103708560964,5.9505969336,0.015641205752752085,UNIT_VALUE_CLD_HA,15375.0,240.4835384485633,666964.2600393989
NO2_CLD,NO2,Escenario beta central,beta_base_corrida_principal,Hospital Admissions,Chronic Lung Disease,645,1.4062877613754663,7418,0.0020967572,0.00185,1.0026050195407732,0.0025982510460264008,15.553744909599999,0.040412533980996,UNIT_VALUE_CLD_HA,15375.0,621.3427099578136,1723250.5120782987
NO2_CLD,NO2,Escenario beta central,beta_base_corrida_principal,Hospital Admissions,Chronic Lung Disease,646,1.4523839764912196,9380,0.0020967572,0.00185,1.0026905233353327,0.002683303843725393,19.667582536,0.05277409981563522,UNIT_VALUE_CLD_HA,15375.0,811.4017846653915,2250366.0516445367
NO2_CLD,NO2,Escenario beta central,beta_base_corrida_principal,Hospital Admissions,Chronic Lung Disease,647,1.4771769778554802,9380,0.0020967572,0.00185,1.0027365148489713,0.0027290467719562894,19.667582536,0.0536737526320547,UNIT_VALUE_CLD_HA,15375.0,825.233946717841,2288728.5848456617
NO2_CLD,NO2,Escenario beta central,beta_base_corrida_principal,Hospital Admissions,Chronic Lung Disease,648,1.3974598381086825,7672,0.0020967572,0.00185,1.0025886454721495,0.002581961688714718,16.0863212384,0.0415342651499067,UNIT_VALUE_CLD_HA,15375.0,638.5893266798155,1771082.7962936005
NO2_CLD,NO2,Escenario beta central,beta_base_corrida_principal,Hospital Admissions,Chronic Lung Disease,649,1.3940058530307002,8354,0.0020967572,0.00185,1.002582239079109,0.002575588294363551,17.5163096488,0.045114802091896604,UNIT_VALUE_CLD_HA,15375.0,693.6400821629103,1923762.2130730802
NO2_CLD,NO2,Escenario beta central,beta_base_corrida_principal,Hospital Admissions,Chronic Lung Disease,650,1.4447010702645215,9380,0.0020967572,0.00185,1.0026762718186735,0.002669128505274454,19.667582536,0.05249530517667564,UNIT_VALUE_CLD_HA,15375.0,807.115317091388,2238477.833880768
NO2_CLD,NO2,Escenario beta central,beta_base_corrida_principal,Hospital Admissions,Chronic Lung Disease,651,0.9526364032890892,9380,0.0020967572,0.00185,1.0017639312457582,0.001760825271044375,19.667582536,0.03463117634973982,UNIT_VALUE_CLD_HA,15375.0,532.4543363772498,1476724.8301387557
NO2_CLD,NO2,Escenario beta central,beta_base_corrida_principal,Hospital Admissions,Chronic Lung Disease,652,1.4779748793712475,9380,0.0020967572,0.00185,1.002737995007286,0.0027305188602794184,19.667582536,0.05370270505065012,UNIT_VALUE_CLD_HA,15375.0,825.6790901537456,2289963.1590051027
NO2_CLD,NO2,Escenario beta central,beta_base_corrida_principal,Hospital Admissions,Chronic Lung Disease,653,1.000187096851139,9358,0.0020967572,0.00185,1.0018520590759254,0.0018486352941506912,19.6214538776,0.0362729121606813,UNIT_VALUE_CLD_HA,15375.0,557.696024470475,1546730.8851471494
NO2_CLD,NO2,Escenario beta central,beta_base_corrida_principal,Hospital Admissions,Chronic Lung Disease,654,1.3879534899867156,9380,0.0020967572,0.00185,1.0025710133573247,0.002564420198739925,19.667582536,0.050435945915703,UNIT_VALUE_CLD_HA,15375.0,775.4526684539337,2150663.694270193
NO2_CLD,NO2,Escenario beta central,beta_base_corrida_principal,Hospital Admissions,Chronic Lung Disease,655,1.4882447831053316,2972,0.0020967572,0.00185,1.0027570465302251,0.002749466124187583,6.2315623983999995,0.017133469715161925,UNIT_VALUE_CLD_HA,15375.0,263.4270968706146,730596.6132738686
NO2_CLD,NO2,Escenario beta central,beta_base_corrida_principal,Hospital Admissions,Chronic Lung Disease,686,1.4374283414758595,1809,0.0020967572,0.00185,1.0026627813531404,0.002655709778662474,3.7930337748,0.010073196886533397,UNIT_VALUE_CLD_HA,15375.0,154.87540213045096,429536.0865306566
NO2_CLD,NO2,Escenario beta central,beta_base_corrida_principal,Hospital Admissions,Chronic Lung Disease,687,1.4458812646995651,5329,0.0020967572,0.00185,1.0026784610240322,0.002671306034934484,11.1736191188,0.029848156184109773,UNIT_VALUE_CLD_HA,15375.0,458.91540133068776,1272769.7415125694
NO2_CLD,NO2,Escenario beta central,beta_base_corrida_principal,Hospital Admissions,Chronic Lung Disease,688,1.4761856692201842,8364,0.0020967572,0.00185,1.0027346759111302,0.00272721785416008,17.5372772208,0.047827975549920625,UNIT_VALUE_CLD_HA,15375.0,735.3551240800296,2039455.9617772764
NO2_CLD,NO2,Escenario beta central,beta_base_corrida_principal,Hospital Admissions,Chronic Lung Disease,689,1.4061245180496922,1634,0.0020967572,0.00185,1.0026047167539498,0.0025979498305004345,3.4261012647999998,0.008900839200164483,UNIT_VALUE_CLD_HA,15375.0,136.85040270252892,379545.0123672748
NO2_CLD,NO2,Escenario beta central,beta_base_corrida_principal,Hospital Admissions,Chronic Lung Disease,690,1.4151228603738597,2836,0.0020967572,0.00185,1.0026214071867174,0.0026145533777032215,5.9464034192,0.015547189144855346,UNIT_VALUE_CLD_HA,15375.0,239.03803310215093,662955.2521464984
NO2_CLD,NO2,Escenario beta central,beta_base_corrida_principal,Hospital Admissions,Chronic Lung Disease,691,1.4286874670311356,1951,0.0020967572,0.00185,1.0026465678076901,0.002639581975009353,4.0907732972,0.0107979314591387,UNIT_VALUE_CLD_HA,15375.0,166.0181961842575,460439.8458433053
NO2_CLD,NO2,Escenario beta central,beta_base_corrida_principal,Hospital Admissions,Chronic Lung Disease,692,1.4622011085947992,3072,0.0020967572,0.00185,1.0027087340595553,0.0027014166402926643,6.441238118399999,0.017400467837133168,UNIT_VALUE_CLD_HA,15375.0,267.53219299592246,741981.8100206811
NO2_CLD,NO2,Escenario beta central,beta_base_corrida_principal,Hospital Admissions,Chronic Lung Disease,693,1.51666468718307,2789,0.0020967572,0.00185,1.0028097696955114,0.002801897010202059,5.8478558307999995,0.016385089768411198,UNIT_VALUE_CLD_HA,15375.0,251.92075518932216,698684.5800647218
NO2_CLD,NO2,Escenario beta central,beta_base_corrida_principal,Hospital Admissions,Chronic Lung Disease,694,1.4188053584484663,366,0.0020967572,0.00185,1.0026282376900773,0.002621348164033588,0.7674131352,0.0020116570130117796,UNIT_VALUE_CLD_HA,15375.0,30.929226575056113,85780.04486005787
NO2_CLD,NO2,Escenario beta central,beta_base_corrida_principal,Hospital Admissions,Chronic Lung Disease,695,1.4975861476546477,3681,0.0020967572,0.00185,1.0027743758503465,0.002766699984723786,7.7181632532,0.021353842154724127,UNIT_VALUE_CLD_HA,15375.0,328.31532312888345,910559.5666253392
NO2_CLD,NO2,Escenario beta central,beta_base_corrida_principal,Hospital Admissions,Chronic Lung Disease,696,1.5479930837714768,886,0.0020967572,0.00185,1.0028678917608111,0.0028596904780506804,1.8577268792,0.005312523867267047,UNIT_VALUE_CLD_HA,15375.0,81.68005445923085,226533.91343886458
NO2_CLD,NO2,Escenario beta central,beta_base_corrida_principal,Hospital Admissions,Chronic Lung Disease,729,1.435545124944177,49,0.0020967572,0.00185,1.0026592881316432,0.00265223507438761,0.1027411028,0.0002724935564274231,UNIT_VALUE_CLD_HA,15375.0,4.1895884300716295,11619.53023961356
NO2_CLD,NO2,Escenario beta central,beta_base_corrida_principal,Hospital Admissions,Chronic Lung Disease,730,1.4212959977469009,173,0.0020967572,0.00185,1.002632857493508,0.0026259437578075584,0.3627389956,0.0009525322012092033,UNIT_VALUE_CLD_HA,15375.0,14.645182593591501,40617.388760544476
O3_MAIN,O3,Escenario beta alto,beta_plus_1.96_se,Mortality,Respiratory mortality,0,1.1809210666287022,66007,0.0001320424481591,0.00146284,1.0017289915583534,0.001726007306291133,8.715725875637713,0.015043406540981375,VSL,8705114.0,130954.56888758854,363193329.98990464
O3_MAIN,O3,Escenario beta alto,beta_plus_1.96_se,Mortality,Respiratory mortality,1,1.162794440338784,35848,0.0001320424481591,0.00146284,1.0017024297099624,0.0016995363687550835,4.733457681607416,0.008044683479854925,VSL,8705114.0,70029.88678605383,194222988.90904525
O3_MAIN,O3,Escenario beta alto,beta_plus_1.96_se,Mortality,Respiratory mortality,2,1.2086543995398955,682,0.0001320424481591,0.00146284,1.0017696319556422,0.0017665058903687525,0.09005294964450619,0.00015907906599210085,VSL,8705114.0,1384.801404474761,3840649.759212436
O3_MAIN,O3,Escenario beta alto,beta_plus_1.96_se,Mortality,Respiratory mortality,41,1.1718344363775142,53333,0.0001320424481591,0.00146284,1.001715676378401,0.0017127378744872246,7.04221988766928,0.012061476722078343,VSL,8705114.0,104996.5298740383,291200525.848554
O3_MAIN,O3,Escenario beta alto,beta_plus_1.96_se,Mortality,Respiratory mortality,42,1.2004949260089095,88375,0.0001320424481591,0.00146284,1.0017576749004076,0.0017545909000220572,11.669251356060462,0.020474762239413736,VSL,8705114.0,178235.13941699188,494322682.71326774
O3_MAIN,O3,Escenario beta alto,beta_plus_1.96_se,Mortality,Respiratory mortality,43,1.2101922755899537,64336,0.0001320424481591,0.00146284,1.0017718856058602,0.0017687515803945786,8.495082944763857,0.015025691384134102,VSL,8705114.0,130800.35642770515,362765632.5272903
O3_MAIN,O3,Escenario beta alto,beta_plus_1.96_se,Mortality,Respiratory mortality,44,1.2040458602220188,8855,0.0001320424481591,0.00146284,1.0017628784926786,0.0017597762210266321,1.1692358784488304,0.0020575934956654374,VSL,8705114.0,17911.585945426137,49676529.80862321
O3_MAIN,O3,Escenario beta alto,beta_plus_1.96_se,Mortality,Respiratory mortality,82,1.2067779650980075,6180,0.0001320424481591,0.00146284,1.001766882178553,0.0017637658121724131,0.816022329623238,0.0014392722869587548,VSL,8705114.0,12529.029335016674,34748385.82861529
O3_MAIN,O3,Escenario beta alto,beta_plus_1.96_se,Mortality,Respiratory mortality,83,1.1786074528376371,38621,0.0001320424481591,0.00146284,1.0017256012656124,0.0017226286953555547,5.099611390352601,0.008784736916183427,VSL,8705114.0,76472.13631538519,212090117.02117872
O3_MAIN,O3,Escenario beta alto,beta_plus_1.96_se,Mortality,Respiratory mortality,84,1.189507848230244,86400,0.0001320424481591,0.00146284,1.001741574442993,0.0017385466346061529,11.408467520946239,0.019834152814554685,VSL,8705114.0,172658.5613441194,478856433.78862107
O3_MAIN,O3,Escenario beta alto,beta_plus_1.96_se,Mortality,Respiratory mortality,85,1.1481721104651896,86293,0.0001320424481591,0.00146284,1.0016810033948955,0.0016781823646433436,11.394338978993217,0.019121778731314657,VSL,8705114.0,166457.26373886946,461657568.9712927
O3_MAIN,O3,Escenario beta alto,beta_plus_1.96_se,Mortality,Respiratory mortality,86,1.205882432981518,66266,0.0001320424481591,0.00146284,1.00176556984456,0.0017624581016834062,8.74992486971092,0.015421375975743133,VSL,8705114.0,134244.8359057052,372318655.24595994
O3_MAIN,O3,Escenario beta alto,beta_plus_1.96_se,Mortality,Respiratory mortality,87,1.170106573049905,22233,0.0001320424481591,0.00146284,1.0017131444574883,0.0017102146128031848,2.93569974992127,0.005020676611118011,VSL,8705114.0,43705.56225691595,121214317.53019841
O3_MAIN,O3,Escenario beta alto,beta_plus_1.96_se,Mortality,Respiratory mortality,91,1.1899613150196764,5057,0.0001320424481591,0.00146284,1.0017422389478439,0.001739208830481065,0.6677386603405686,0.0011613369745179134,VSL,8705114.0,10109.570755593531,28038186.820685767
O3_MAIN,O3,Escenario beta alto,beta_plus_1.96_se,Mortality,Respiratory mortality,125,1.1942870413331406,35539,0.0001320424481591,0.00146284,1.0017485778379989,0.001745525650530766,4.692656565126255,0.008191152403559476,VSL,8705114.0,71304.91546435925,197759191.69631785
O3_MAIN,O3,Escenario beta alto,beta_plus_1.96_se,Mortality,Respiratory mortality,126,1.239013989629839,87860,0.0001320424481591,0.00146284,1.0018141227578665,0.0018108376760276323,11.601249495258525,0.02100797967501069,VSL,8705114.0,182876.857980651,507196164.22927684
O3_MAIN,O3,Escenario beta alto,beta_plus_1.96_se,Mortality,Respiratory mortality,127,1.2139594961595073,88375,0.0001320424481591,0.00146284,1.0017774062265894,0.0017742526588661045,11.669251356060462,0.02070420024546717,VSL,8705114.0,180232.4234156197,499862010.0735821
O3_MAIN,O3,Escenario beta alto,beta_plus_1.96_se,Mortality,Respiratory mortality,128,1.171665529510749,88366,0.0001320424481591,0.00146284,1.0017154288707948,0.001712491213925471,11.66806297402703,0.019981455326550393,VSL,8705114.0,173940.8465035284,482412761.9182807
O3_MAIN,O3,Escenario beta alto,beta_plus_1.96_se,Mortality,Respiratory mortality,129,1.1774426247686929,69107,0.0001320424481591,0.00146284,1.0017238943696238,0.0017209276720993039,9.125057464930924,0.01570356390089595,VSL,8705114.0,136701.31396358393,379131525.1860226
O3_MAIN,O3,Escenario beta alto,beta_plus_1.96_se,Mortality,Respiratory mortality,130,1.1869020548283995,48901,0.0001320424481591,0.00146284,1.001737755952815,0.0017347413956280144,6.457007757428149,0.011201238648701822,VSL,8705114.0,97508.05937815532,270431777.1211573
O3_MAIN,O3,Escenario beta alto,beta_plus_1.96_se,Mortality,Respiratory mortality,131,1.225035332860811,49015,0.0001320424481591,0.00146284,1.001793637332889,0.0017904259580490134,6.472060596518286,0.011587745294072522,VSL,8705114.0,100872.64378786483,279763216.4605779
O3_MAIN,O3,Escenario beta alto,beta_plus_1.96_se,Mortality,Respiratory mortality,132,1.1995359489802322,82710,0.0001320424481591,0.00146284,1.0017562696057176,0.0017531905304758455,10.92123088723916,0.01914699857264801,VSL,8705114.0,166676.8053327382,462266452.2139761
O3_MAIN,O3,Escenario beta alto,beta_plus_1.96_se,Mortality,Respiratory mortality,133,1.1677909654318557,71305,0.0001320424481591,0.00146284,1.0017097512967443,0.001706833036746347,9.415286765984625,0.01607032250262323,VSL,8705114.0,139893.9894021005,387986187.02746755
O3_MAIN,O3,Escenario beta alto,beta_plus_1.96_se,Mortality,Respiratory mortality,134,1.178871655645091,65679,0.0001320424481591,0.00146284,1.0017259884190435,0.0017230145159432553,8.67241595264153,0.01494269857469921,VSL,8705114.0,130077.89456039412,360761935.11063385
O3_MAIN,O3,Escenario beta alto,beta_plus_1.96_se,Mortality,Respiratory mortality,135,1.1826634721407832,27480,0.0001320424481591,0.00146284,1.001731544829045,0.0017285517641758563,3.628526475412068,0.0062720958404323315,VSL,8705114.0,54599.30930988926,151427362.41932616
O3_MAIN,O3,Escenario beta alto,beta_plus_1.96_se,Mortality,Respiratory mortality,136,1.2097092837091503,5922,0.0001320424481591,0.00146284,1.0017711778143594,0.0017680462899959393,0.7819553779981901,0.0013825333050120725,VSL,8705114.0,12035.110028926862,33378535.207526624
O3_MAIN,O3,Escenario beta alto,beta_plus_1.96_se,Mortality,Respiratory mortality,166,1.1913714568488611,56,0.0001320424481591,0.00146284,1.0017443053557598,0.001741268052569911,0.0073943770969096,1.287559260750333e-05,VSL,8705114.0,112.08350146587374,310855.74547049816
O3_MAIN,O3,Escenario beta alto,beta_plus_1.96_se,Mortality,Respiratory mortality,167,1.1591953421174406,60657,0.0001320424481591,0.00146284,1.0016971558558732,0.001694280397974146,8.009298777986528,0.013569997921060856,VSL,8705114.0,118128.37888259775,327620789.8443631
O3_MAIN,O3,Escenario beta alto,beta_plus_1.96_se,Mortality,Respiratory mortality,168,1.1839354853721318,88376,0.0001320424481591,0.00146284,1.0017334088045897,0.0017304092978771557,11.669383398508621,0.02019280953327264,VSL,8705114.0,175780.70896742513,487515491.67152584
O3_MAIN,O3,Escenario beta alto,beta_plus_1.96_se,Mortality,Respiratory mortality,169,1.1987864334020522,87552,0.0001320424481591,0.00146284,1.0017551712593398,0.001752096030743,11.560580421225522,0.020255247069114475,VSL,8705114.0,176324.23483480737,489022922.6178998
O3_MAIN,O3,Escenario beta alto,beta_plus_1.96_se,Mortality,Respiratory mortality,170,1.1978706956398175,88376,0.0001320424481591,0.00146284,1.001753829331222,0.001750758799088259,11.669383398508621,0.02043027566487342,VSL,8705114.0,177847.87871414892,493248642.262182
O3_MAIN,O3,Escenario beta alto,beta_plus_1.96_se,Mortality,Respiratory mortality,171,1.1853578673937974,88376,0.0001320424481591,0.00146284,1.0017354931308085,0.0017324864125402017,11.669383398508621,0.020217048180638388,VSL,8705114.0,175991.70915594976,488100685.9243857
O3_MAIN,O3,Escenario beta alto,beta_plus_1.96_se,Mortality,Respiratory mortality,172,1.205574611144577,88376,0.0001320424481591,0.00146284,1.00176511875554,0.0017620086011107539,11.669383398508621,0.02056155391783123,VSL,8705114.0,178990.6708718675,496418096.3161635
O3_MAIN,O3,Escenario beta alto,beta_plus_1.96_se,Mortality,Respiratory mortality,173,1.2134719601803532,88377,0.0001320424481591,0.00146284,1.0017766917720892,0.0017735407368546507,11.669515440956781,0.020696361013891214,VSL,8705114.0,180164.1820110786,499672747.3149857
O3_MAIN,O3,Escenario beta alto,beta_plus_1.96_se,Mortality,Respiratory mortality,174,1.1769038525209208,88377,0.0001320424481591,0.00146284,1.001723104873674,0.0017201408905220816,11.669515440956781,0.02007321068256858,VSL,8705114.0,174739.58733777728,484628013.71021163
O3_MAIN,O3,Escenario beta alto,beta_plus_1.96_se,Mortality,Respiratory mortality,175,1.1645732689137116,88377,0.0001320424481591,0.00146284,1.0017050362849094,0.0017021340845335686,11.669515440956781,0.019863079982043313,VSL,8705114.0,172910.375634805,479554823.0968372
O3_MAIN,O3,Escenario beta alto,beta_plus_1.96_se,Mortality,Respiratory mortality,176,1.1892772088350654,88377,0.0001320424481591,0.00146284,1.0017412364669298,0.001738209832582216,11.669515440956781,0.02028406648094107,VSL,8705114.0,176575.11110017085,489718710.37854683
O3_MAIN,O3,Escenario beta alto,beta_plus_1.96_se,Mortality,Respiratory mortality,177,1.1573626484281905,84182,0.0001320424481591,0.00146284,1.0016944703718675,0.0016916039990102494,11.115597370929356,0.018803188964051913,VSL,8705114.0,163683.9034956138,453965848.47184014
O3_MAIN,O3,Escenario beta alto,beta_plus_1.96_se,Mortality,Respiratory mortality,178,1.1938971496773458,32375,0.0001320424481591,0.00146284,1.0017480064917523,0.0017449562968175902,4.274874259150862,0.007459468756608728,VSL,8705114.0,64935.52590571723,180094135.61269334
O3_MAIN,O3,Escenario beta alto,beta_plus_1.96_se,Mortality,Respiratory mortality,208,1.1825653174625188,46725,0.0001320424481591,0.00146284,1.0017314009958425,0.0017284084277694456,6.169683390233947,0.01066373276834952,VSL,8705114.0,92829.00941401816,257454759.57912037
O3_MAIN,O3,Escenario beta alto,beta_plus_1.96_se,Mortality,Respiratory mortality,209,1.205164342209372,21680,0.0001320424481591,0.00146284,1.0017645175385614,0.0017614095006049935,2.862680276089288,0.005042352235498197,VSL,8705114.0,43894.25103816665,121737632.65678252
O3_MAIN,O3,Escenario beta alto,beta_plus_1.96_se,Mortality,Respiratory mortality,210,1.1853216892921503,27561,0.0001320424481591,0.00146284,1.0017354401161884,0.001732433581452586,3.639221913712955,0.006304710253674468,VSL,8705114.0,54883.221495205165,152214772.99144685
O3_MAIN,O3,Escenario beta alto,beta_plus_1.96_se,Mortality,Respiratory mortality,211,1.1913988977985213,88377,0.0001320424481591,0.00146284,1.0017443455674988,0.0017413081243904394,11.669515440956781,0.020320222045037722,VSL,8705114.0,176889.8494073665,490591615.04187244
O3_MAIN,O3,Escenario beta alto,beta_plus_1.96_se,Mortality,Respiratory mortality,212,1.1910642881019484,88377,0.0001320424481591,0.00146284,1.0017438552333473,0.0017408194961585632,11.669515440956781,0.020314519990340958,VSL,8705114.0,176840.21237119695,490453950.1966487
O3_MAIN,O3,Escenario beta alto,beta_plus_1.96_se,Mortality,Respiratory mortality,213,1.2137307103931594,88376,0.0001320424481591,0.00146284,1.0017770709548182,0.0017739185756412423,11.669383398508621,0.020700535976893975,VSL,8705114.0,180200.52553996342,499773543.54830074
O3_MAIN,O3,Escenario beta alto,beta_plus_1.96_se,Mortality,Respiratory mortality,214,1.1946521175069975,88377,0.0001320424481591,0.00146284,1.0017491128199965,0.0017460587662240235,11.669515440956781,0.02037565973326919,VSL,8705114.0,177372.44080331788,491930048.4971459
O3_MAIN,O3,Escenario beta alto,beta_plus_1.96_se,Mortality,Respiratory mortality,215,1.2113961173278565,88376,0.0001320424481591,0.00146284,1.0017736497556013,0.0017705094918737396,11.669383398508621,0.02066075407137335,VSL,8705114.0,179854.21951726917,498813088.03577983
O3_MAIN,O3,Escenario beta alto,beta_plus_1.96_se,Mortality,Respiratory mortality,216,1.1810791803570382,88376,0.0001320424481591,0.00146284,1.0017292232533737,0.0017262382021338007,11.669383398508621,0.020144135417851546,VSL,8705114.0,175356.99524383535,486340351.3191103
O3_MAIN,O3,Escenario beta alto,beta_plus_1.96_se,Mortality,Respiratory mortality,217,1.2018065588295157,88377,0.0001320424481591,0.00146284,1.0017595969836732,0.0017565062405905385,11.669515440956781,0.020497576696708236,VSL,8705114.0,178433.7418685886,494873492.71059966
O3_MAIN,O3,Escenario beta alto,beta_plus_1.96_se,Mortality,Respiratory mortality,218,1.1595291426543302,76565,0.0001320424481591,0.00146284,1.0016976449814856,0.0016947678673209232,10.109830043301491,0.017133815101463064,VSL,8705114.0,149151.81371315755,413662114.7064825
O3_MAIN,O3,Escenario beta alto,beta_plus_1.96_se,Mortality,Respiratory mortality,219,1.174314818046522,5064,0.0001320424481591,0.00146284,1.0017193110116782,0.001716360054935806,0.6686629574776823,0.0011476663904299335,VSL,8705114.0,9990.56676266108,27708137.576567117
O3_MAIN,O3,Escenario beta alto,beta_plus_1.96_se,Mortality,Respiratory mortality,251,1.1729556568173702,80,0.0001320424481591,0.00146284,1.0017173193598508,0.0017143752300781134,0.010563395852727999,1.8109624195426753e-05,VSL,8705114.0,157.64634311834817,437221.09739472036
O3_MAIN,O3,Escenario beta alto,beta_plus_1.96_se,Mortality,Respiratory mortality,252,1.181369562434366,28607,0.0001320424481591,0.00146284,1.0017296487705258,0.0017266622512859264,3.7773383144873733,0.006522187477961355,VSL,8705114.0,56776.38552502608,157465330.90667307
O3_MAIN,O3,Escenario beta alto,beta_plus_1.96_se,Mortality,Respiratory mortality,253,1.212317678877605,77148,0.0001320424481591,0.00146284,1.001775000244661,0.0017718552012454536,10.186810790578246,0.018049553683389376,VSL,8705114.0,157123.4224630244,435770813.5616258
O3_MAIN,O3,Escenario beta alto,beta_plus_1.96_se,Mortality,Respiratory mortality,254,1.2179126791977897,88376,0.0001320424481591,0.00146284,1.0017831993961326,0.0017800252561706031,11.669383398508621,0.020771797173283292,VSL,8705114.0,180820.8623783088,501494004.345873
O3_MAIN,O3,Escenario beta alto,beta_plus_1.96_se,Mortality,Respiratory mortality,255,1.2061527877810931,88376,0.0001320424481591,0.00146284,1.0017659660287113,0.0017628528903932406,11.669383398508621,0.02057140625316782,VSL,8705114.0,179076.43657413873,496655961.48781353
O3_MAIN,O3,Escenario beta alto,beta_plus_1.96_se,Mortality,Respiratory mortality,256,1.195739779317373,88376,0.0001320424481591,0.00146284,1.001750706679437,0.0017476470620523266,11.669383398508621,0.020393963612365788,VSL,8705114.0,177531.77815749598,492371959.49534404
O3_MAIN,O3,Escenario beta alto,beta_plus_1.96_se,Mortality,Respiratory mortality,257,1.235994439563738,88377,0.0001320424481591,0.00146284,1.0018096976358255,0.0018064285463559315,11.669515440956781,0.021080145814685654,VSL,8705114.0,183505.0724534615,508938473.0946037
O3_MAIN,O3,Escenario beta alto,beta_plus_1.96_se,Mortality,Respiratory mortality,258,1.2483245965504608,88376,0.0001320424481591,0.00146284,1.001827767487236,0.0018244328481934469,11.669383398508621,0.02129000639040241,VSL,8705114.0,185331.93268918147,514005142.07815653
O3_MAIN,O3,Escenario beta alto,beta_plus_1.96_se,Mortality,Respiratory mortality,259,1.2054848275059928,45742,0.0001320424481591,0.00146284,1.0017649871846217,0.0017618774934249348,6.039885663693552,0.010641538613721593,VSL,8705114.0,92635.80676784844,256918925.56415388
O3_MAIN,O3,Escenario beta alto,beta_plus_1.96_se,Mortality,Respiratory mortality,294,1.1849440429256806,10391,0.0001320424481591,0.00146284,1.0017348867214106,0.0017318821021485853,1.372053078821208,0.002376234170408312,VSL,8705114.0,20685.38934409978,57369479.36860666
O3_MAIN,O3,Escenario beta alto,beta_plus_1.96_se,Mortality,Respiratory mortality,295,1.1381535165023209,58101,0.0001320424481591,0.00146284,1.001666323266363,0.0016635512522066298,7.671798280491869,0.012762429636188918,VSL,8705114.0,111098.40490000305,308123649.10181546
O3_MAIN,O3,Escenario beta alto,beta_plus_1.96_se,Mortality,Respiratory mortality,296,1.150350945913294,88049,0.0001320424481591,0.00146284,1.0016841960454719,0.0016813642983695143,11.626205517960596,0.019547886883405592,VSL,8705114.0,170166.5837791504,471945108.450609
O3_MAIN,O3,Escenario beta alto,beta_plus_1.96_se,Mortality,Respiratory mortality,297,1.136126458624629,88376,0.0001320424481591,0.00146284,1.001663353068337,0.0016605909193359025,11.669383398508621,0.01937807210581255,VSL,8705114.0,168688.32678131832,467845266.1451116
O3_MAIN,O3,Escenario beta alto,beta_plus_1.96_se,Mortality,Respiratory mortality,298,1.175587806901074,88375,0.0001320424481591,0.00146284,1.001721176394096,0.0017182190360512939,11.669251356060462,0.02005032981645046,VSL,8705114.0,174540.40678980036,484075600.403036
O3_MAIN,O3,Escenario beta alto,beta_plus_1.96_se,Mortality,Respiratory mortality,299,1.1778440199589788,88375,0.0001320424481591,0.00146284,1.0017244825589677,0.0017215138383783746,11.669251356060462,0.020088777692973698,VSL,8705114.0,174875.09993799304,485003848.421028
O3_MAIN,O3,Escenario beta alto,beta_plus_1.96_se,Mortality,Respiratory mortality,300,1.1410648809226949,65052,0.0001320424481591,0.00146284,1.0016705892324138,0.0016678030186489945,8.589625337645773,0.014325803067189507,VSL,8705114.0,124707.74884143432,345868211.8692992
O3_MAIN,O3,Escenario beta alto,beta_plus_1.96_se,Mortality,Respiratory mortality,301,1.1962546502346516,35569,0.0001320424481591,0.00146284,1.0017514611720804,0.0017483989192599303,4.6966178385710275,0.008211561553134494,VSL,8705114.0,71482.57943805282,198251930.29087883
O3_MAIN,O3,Escenario beta alto,beta_plus_1.96_se,Mortality,Respiratory mortality,302,1.216203823014462,32382,0.0001320424481591,0.00146284,1.0017806951584716,0.001777529919549714,4.275798556287976,0.007600359863769349,VSL,8705114.0,66161.99905513665,183495673.03948763
O3_MAIN,O3,Escenario beta alto,beta_plus_1.96_se,Mortality,Respiratory mortality,303,1.186481021077766,24978,0.0001320424481591,0.00146284,1.0017371389777006,0.0017341265588628474,3.2981562701179996,0.00571942038329165,VSL,8705114.0,49788.20645047751,138084105.41594782
O3_MAIN,O3,Escenario beta alto,beta_plus_1.96_se,Mortality,Respiratory mortality,304,1.1841326995857795,8201,0.0001320424481591,0.00146284,1.0017336977975477,0.001730697291465244,1.0828801173527791,0.0018741376860840204,VSL,8705114.0,16314.582209057611,45247351.73606665
O3_MAIN,O3,Escenario beta alto,beta_plus_1.96_se,Mortality,Respiratory mortality,337,1.1722310857005969,12381,0.0001320424481591,0.00146284,1.0017162576085599,0.0017133171150253146,1.634817550657817,0.002800960889485802,VSL,8705114.0,24382.68385251531,67623666.87708153
O3_MAIN,O3,Escenario beta alto,beta_plus_1.96_se,Mortality,Respiratory mortality,338,1.2037114335859869,74381,0.0001320424481591,0.00146284,1.0017623884177158,0.0017592878691516933,9.821449336522017,0.01727875667523113,VSL,8705114.0,150413.54663614798,417161442.64709187
O3_MAIN,O3,Escenario beta alto,beta_plus_1.96_se,Mortality,Respiratory mortality,339,1.1866925144141245,88375,0.0001320424481591,0.00146284,1.0017374488960982,0.0017344354032216014,11.669251356060462,0.020239562681042947,VSL,8705114.0,176187.7004486245,488644254.0552286
O3_MAIN,O3,Escenario beta alto,beta_plus_1.96_se,Mortality,Respiratory mortality,340,1.211704735039282,88377,0.0001320424481591,0.00146284,1.0017741020147652,0.001770960150793699,11.669515440956781,0.02066624682500622,VSL,8705114.0,179902.03456381717,498945699.72032744
O3_MAIN,O3,Escenario beta alto,beta_plus_1.96_se,Mortality,Respiratory mortality,341,1.1856033708220934,88375,0.0001320424481591,0.00146284,1.0017358528863796,0.0017328449225191278,11.669251356060462,0.020221002961948818,VSL,8705114.0,176026.13597810213,488196166.30574775
O3_MAIN,O3,Escenario beta alto,beta_plus_1.96_se,Mortality,Respiratory mortality,342,1.223325767080132,88375,0.0001320424481591,0.00146284,1.001791132029249,0.0017879296112561782,11.669251356060462,0.020863800040691813,VSL,8705114.0,181621.75782742686,503715231.8113204
O3_MAIN,O3,Escenario beta alto,beta_plus_1.96_se,Mortality,Respiratory mortality,343,1.187035943473873,88375,0.0001320424481591,0.00146284,1.0017379521508532,0.0017349369135126746,11.669251356060462,0.02024541493068713,VSL,8705114.0,176238.64494893356,488785545.0607208
O3_MAIN,O3,Escenario beta alto,beta_plus_1.96_se,Mortality,Respiratory mortality,344,1.216791441602389,88377,0.0001320424481591,0.00146284,1.001781556281488,0.0017783879832056204,11.669515440956781,0.020752926030029976,VSL,8705114.0,180656.58692497836,501038397.87534267
O3_MAIN,O3,Escenario beta alto,beta_plus_1.96_se,Mortality,Respiratory mortality,345,1.2110776511444037,86300,0.0001320424481591,0.00146284,1.0017731830643568,0.0017700444515121871,11.39526327613033,0.020170122535435077,VSL,8705114.0,175583.2160649314,486967758.9309626
O3_MAIN,O3,Escenario beta alto,beta_plus_1.96_se,Mortality,Respiratory mortality,346,1.1726366874645535,33933,0.0001320424481591,0.00146284,1.0017168519575286,0.001713909428770699,4.48059639338274,0.007679336405134666,VSL,8705114.0,66849.49885104745,185402405.59846053
O3_MAIN,O3,Escenario beta alto,beta_plus_1.96_se,Mortality,Respiratory mortality,347,1.1870226103722192,2135,0.0001320424481591,0.00146284,1.0017379326127616,0.0017349174431565695,0.2819106268196785,0.0004890916638806624,VSL,8705114.0,4257.598690530849,11808151.936278973
O3_MAIN,O3,Escenario beta alto,beta_plus_1.96_se,Mortality,Respiratory mortality,348,1.2013779739330823,32334,0.0001320424481591,0.00146284,1.001758968929559,0.0017558803905080023,4.269460518776339,0.0074966620029674955,VSL,8705114.0,65259.29735530038,180992093.06411073
O3_MAIN,O3,Escenario beta alto,beta_plus_1.96_se,Mortality,Respiratory mortality,349,1.2269339614200483,30021,0.0001320424481591,0.00146284,1.0017964197081846,0.0017931983712897726,3.964046336184341,0.007108321433762951,VSL,8705114.0,61878.74842954994,171616377.25696668
O3_MAIN,O3,Escenario beta alto,beta_plus_1.96_se,Mortality,Respiratory mortality,350,1.1959728507249423,41325,0.0001320424481591,0.00146284,1.00175104822257,0.001747987412318519,5.456654170174807,0.009538162802840916,VSL,8705114.0,83030.7945492897,230280096.5268365
O3_MAIN,O3,Escenario beta alto,beta_plus_1.96_se,Mortality,Respiratory mortality,351,1.222860432346721,31973,0.0001320424481591,0.00146284,1.0017904500999777,0.001787250117825434,4.221793194990904,0.007545400385182109,VSL,8705114.0,65683.57052865418,182168785.01128533
O3_MAIN,O3,Escenario beta alto,beta_plus_1.96_se,Mortality,Respiratory mortality,352,1.1960015519636062,11823,0.0001320424481591,0.00146284,1.001751090281409,0.0017480293242478906,1.5611378645850391,0.002728914766488381,VSL,8705114.0,23755.514138564733,65884255.577319585
O3_MAIN,O3,Escenario beta alto,beta_plus_1.96_se,Mortality,Respiratory mortality,353,1.180438649493249,30,0.0001320424481591,0.00146284,1.0017282846393727,0.0017253028250019398,0.003961273444773,6.834396264872022e-06,VSL,8705114.0,59.49419860688515,165002.99524229346
O3_MAIN,O3,Escenario beta alto,beta_plus_1.96_se,Mortality,Respiratory mortality,360,1.1948769685263283,26038,0.0001320424481591,0.00146284,1.001749442316436,0.001746387112919634,3.4381212651666457,0.006004290670141978,VSL,8705114.0,52268.03477272232,144961735.67971125
O3_MAIN,O3,Escenario beta alto,beta_plus_1.96_se,Mortality,Respiratory mortality,361,1.1974283230492304,20956,0.0001320424481591,0.00146284,1.0017531810761726,0.0017501128115103848,2.7670815436220995,0.004842704859986968,VSL,8705114.0,42156.29787454059,116917541.21418712
O3_MAIN,O3,Escenario beta alto,beta_plus_1.96_se,Mortality,Respiratory mortality,379,1.210626821153074,54999,0.0001320424481591,0.00146284,1.0017725224030298,0.0017693861264809208,7.26220260630234,0.012849640539284946,VSL,8705114.0,111857.58575349693,310229184.05632097
O3_MAIN,O3,Escenario beta alto,beta_plus_1.96_se,Mortality,Respiratory mortality,380,1.1838941809604222,88376,0.0001320424481591,0.00146284,1.0017333482781103,0.0017303489806840266,11.669383398508621,0.020192105668820497,VSL,8705114.0,175774.5817471287,487498498.2549391
O3_MAIN,O3,Escenario beta alto,beta_plus_1.96_se,Mortality,Respiratory mortality,381,1.1803159876444482,88376,0.0001320424481591,0.00146284,1.0017281048946156,0.0017251236999060726,11.669383398508621,0.020131129864057695,VSL,8705114.0,175243.78041542674,486026357.91755694
O3_MAIN,O3,Escenario beta alto,beta_plus_1.96_se,Mortality,Respiratory mortality,382,1.1858838442133075,88375,0.0001320424481591,0.00146284,1.0017362638863585,0.0017332544991657262,11.669251356060462,0.020225782414787546,VSL,8705114.0,176067.74165992087,488311556.7518743
O3_MAIN,O3,Escenario beta alto,beta_plus_1.96_se,Mortality,Respiratory mortality,383,1.179536608481344,88376,0.0001320424481591,0.00146284,1.0017269628180272,0.001723985559067942,11.669383398508621,0.020117848462256047,VSL,8705114.0,175128.16429866359,485705704.7108425
O3_MAIN,O3,Escenario beta alto,beta_plus_1.96_se,Mortality,Respiratory mortality,384,1.2067633069576704,88377,0.0001320424481591,0.00146284,1.001766860698153,0.0017637444074778408,11.669515440956781,0.02058204259696383,VSL,8705114.0,179169.02715942622,496912754.9947674
O3_MAIN,O3,Escenario beta alto,beta_plus_1.96_se,Mortality,Respiratory mortality,385,1.203730222226465,88376,0.0001320424481591,0.00146284,1.0017624159509297,0.0017593153055724953,11.669383398508621,0.0205301248195898,VSL,8705114.0,178717.07698875864,495659302.83293283
O3_MAIN,O3,Escenario beta alto,beta_plus_1.96_se,Mortality,Respiratory mortality,386,1.1819986974169456,88376,0.0001320424481591,0.00146284,1.001730570686605,0.0017275809855926694,11.669383398508621,0.020159804872854258,VSL,8705114.0,175493.39963595182,486718659.35233784
O3_MAIN,O3,Escenario beta alto,beta_plus_1.96_se,Mortality,Respiratory mortality,387,1.2013490386160068,88291,0.0001320424481591,0.00146284,1.0017589265273674,0.0017558381370903486,11.658159790415098,0.020469841568304056,VSL,8705114.0,178192.3044140256,494203882.83099097
O3_MAIN,O3,Escenario beta alto,beta_plus_1.96_se,Mortality,Respiratory mortality,388,1.1862717370073543,86731,0.0001320424481591,0.00146284,1.0017368322968143,0.0017338209406078109,11.452173571286902,0.01985601835337257,VSL,8705114.0,172848.90335220052,479384334.02409345
O3_MAIN,O3,Escenario beta alto,beta_plus_1.96_se,Mortality,Respiratory mortality,389,1.1982987950281938,88377,0.0001320424481591,0.00146284,1.0017544566706473,0.001751383943405016,11.669515440956781,0.020437801970608613,VSL,8705114.0,177913.3960635726,493430350.04459417
O3_MAIN,O3,Escenario beta alto,beta_plus_1.96_se,Mortality,Respiratory mortality,390,1.1723789476985207,88377,0.0001320424481591,0.00146284,1.0017164742782523,0.001713533042859261,11.669515440956781,0.019996100302235805,VSL,8705114.0,174068.33268639713,482766335.9224344
O3_MAIN,O3,Escenario beta alto,beta_plus_1.96_se,Mortality,Respiratory mortality,391,1.2017904470992598,88376,0.0001320424481591,0.00146284,1.0017595733733184,0.0017564827131056893,11.669383398508621,0.020497070212082913,VSL,8705114.0,178429.33286218593,494861264.63997227
O3_MAIN,O3,Escenario beta alto,beta_plus_1.96_se,Mortality,Respiratory mortality,392,1.2239576264658982,88377,0.0001320424481591,0.00146284,1.0017920579944204,0.0017888522674138763,11.669515440956781,0.020875039156176778,VSL,8705114.0,181719.59560898266,503986578.0498208
O3_MAIN,O3,Escenario beta alto,beta_plus_1.96_se,Mortality,Respiratory mortality,393,1.19766668068565,88376,0.0001320424481591,0.00146284,1.001753530366616,0.0017504608803068367,11.669383398508621,0.020426799136391387,VSL,8705114.0,177817.61513738858,493164708.3504876
O3_MAIN,O3,Escenario beta alto,beta_plus_1.96_se,Mortality,Respiratory mortality,394,1.198265237048604,65713,0.0001320424481591,0.00146284,1.0017544074945675,0.0017513349394242539,8.676905395878938,0.015196167585881623,VSL,8705114.0,132284.37119820432,366881443.6122358
O3_MAIN,O3,Escenario beta alto,beta_plus_1.96_se,Mortality,Respiratory mortality,395,1.21585353616587,29100,0.0001320424481591,0.00146284,1.001780181832537,0.0017770184166355785,3.84243524142981,0.006828078188750347,VSL,8705114.0,59439.19903398529,164850457.77682582
O3_MAIN,O3,Escenario beta alto,beta_plus_1.96_se,Mortality,Respiratory mortality,396,1.1820777194357532,7120,0.0001320424481591,0.00146284,1.0017306864832298,0.001727696382453514,0.9401422308927919,0.001624280331305253,VSL,8705114.0,14139.545451969996,39215039.54285714
O3_MAIN,O3,Escenario beta alto,beta_plus_1.96_se,Mortality,Respiratory mortality,397,1.1851092859507464,2535,0.0001320424481591,0.00146284,1.0017351288649106,0.0017321234075885483,0.3347276060833185,0.0005797895216629949,VSL,8705114.0,5047.13388208184,13997872.522582237
O3_MAIN,O3,Escenario beta alto,beta_plus_1.96_se,Mortality,Respiratory mortality,398,1.2009051065905645,10141,0.0001320424481591,0.00146284,1.001758275983805,0.0017551898755997497,1.3390424667814331,0.0023502737806928857,VSL,8705114.0,20459.40119214257,56742717.04832397
O3_MAIN,O3,Escenario beta alto,beta_plus_1.96_se,Mortality,Respiratory mortality,400,1.1472571905725388,7025,0.0001320424481591,0.00146284,1.0016796627645532,0.001676846228381601,0.9275981983176774,0.0015554395403025657,VSL,8705114.0,13540.27851844143,37553014.65140101
O3_MAIN,O3,Escenario beta alto,beta_plus_1.96_se,Mortality,Respiratory mortality,401,1.1578197978892213,87066,0.0001320424481591,0.00146284,1.0016951402417633,0.0016922716040672636,11.4964077914202,0.01945504445419805,VSL,8705114.0,169358.37984886178,469703611.42422867
O3_MAIN,O3,Escenario beta alto,beta_plus_1.96_se,Mortality,Respiratory mortality,402,1.2004318112434866,76970,0.0001320424481591,0.00146284,1.0017575824113278,0.0017544987352100527,10.163307234805927,0.017831509689018178,VSL,8705114.0,155225.3246350078,430506572.1024696
O3_MAIN,O3,Escenario beta alto,beta_plus_1.96_se,Mortality,Respiratory mortality,403,1.201548509669342,682,0.0001320424481591,0.00146284,1.0017592188348903,0.0017561294189401,0.09005294964450619,0.00015814463413304873,VSL,8705114.0,1376.6670686164805,3818089.7481130054
O3_MAIN,O3,Escenario beta alto,beta_plus_1.96_se,Mortality,Respiratory mortality,420,1.186618477550894,45834,0.0001320424481591,0.00146284,1.0017373404038463,0.0017343272869771997,6.052033568924189,0.01049620696028723,VSL,8705114.0,91370.6781568938,253410179.92067397
O3_MAIN,O3,Escenario beta alto,beta_plus_1.96_se,Mortality,Respiratory mortality,421,1.1870357394708648,88376,0.0001320424481591,0.00146284,1.0017379518519107,0.0017349366156066415,11.669383398508621,0.020245640539624875,VSL,8705114.0,176240.60890045605,488790991.9427918
O3_MAIN,O3,Escenario beta alto,beta_plus_1.96_se,Mortality,Respiratory mortality,422,1.2042733902735223,88378,0.0001320424481591,0.00146284,1.0017632119195512,0.001760108475307831,11.669647483404939,0.020539845439395736,VSL,8705114.0,178801.69609231997,495893987.9933229
O3_MAIN,O3,Escenario beta alto,beta_plus_1.96_se,Mortality,Respiratory mortality,423,1.1996249697981725,88378,0.0001320424481591,0.00146284,1.0017564000576464,0.0017533205253745798,11.669647483404939,0.02046063245653969,VSL,8705114.0,178112.13804627807,493981547.02168894
O3_MAIN,O3,Escenario beta alto,beta_plus_1.96_se,Mortality,Respiratory mortality,424,1.164736635946614,88378,0.0001320424481591,0.00146284,1.0017052756722378,0.001702372657559792,11.669647483404939,0.019866088799110004,VSL,8705114.0,172936.56773037568,479627465.0404558
O3_MAIN,O3,Escenario beta alto,beta_plus_1.96_se,Mortality,Respiratory mortality,425,1.1808369207077511,88377,0.0001320424481591,0.00146284,1.0017288682535168,0.0017258844267222795,11.669515440956781,0.02014023496694248,VSL,8705114.0,175323.04137402054,486246182.63794976
O3_MAIN,O3,Escenario beta alto,beta_plus_1.96_se,Mortality,Respiratory mortality,426,1.204176388496922,88377,0.0001320424481591,0.00146284,1.001763069771286,0.0017599668269748792,11.669515440956781,0.020537960062955062,VSL,8705114.0,178785.283675471,495848469.30406153
O3_MAIN,O3,Escenario beta alto,beta_plus_1.96_se,Mortality,Respiratory mortality,427,1.2141050090072003,88377,0.0001320424481591,0.00146284,1.0017776194669685,0.0017744651431865766,11.669515440956781,0.02070714838785534,VSL,8705114.0,180258.08733119693,499933187.1469615
O3_MAIN,O3,Escenario beta alto,beta_plus_1.96_se,Mortality,Respiratory mortality,428,1.15647247604225,88377,0.0001320424481591,0.00146284,1.0016931659864388,0.0016903040211633247,11.669515440956781,0.019725028874876756,VSL,8705114.0,171708.6250090939,476221851.85897124
O3_MAIN,O3,Escenario beta alto,beta_plus_1.96_se,Mortality,Respiratory mortality,429,1.2129186070006703,88376,0.0001320424481591,0.00146284,1.0017758808670785,0.001772732704985236,11.669383398508621,0.020686697597547994,VSL,8705114.0,180080.06087018142,499439443.2191872
O3_MAIN,O3,Escenario beta alto,beta_plus_1.96_se,Mortality,Respiratory mortality,430,1.209079351017092,88378,0.0001320424481591,0.00146284,1.0017702546919216,0.0017671264280710863,11.669647483404939,0.02062174247419811,VSL,8705114.0,179514.6191165366,497871230.09637606
O3_MAIN,O3,Escenario beta alto,beta_plus_1.96_se,Mortality,Respiratory mortality,431,1.2288635496530524,88377,0.0001320424481591,0.00146284,1.0017992474617423,0.001796015984540822,11.669515440956781,0.020958636263804318,VSL,8705114.0,182447.31796095066,506004865.0524394
O3_MAIN,O3,Escenario beta alto,beta_plus_1.96_se,Mortality,Respiratory mortality,432,1.2243485483087593,88377,0.0001320424481591,0.00146284,1.0017926308754923,0.001789423100393095,11.669515440956781,0.020881700500441976,VSL,8705114.0,181777.58337020446,504147403.0464261
O3_MAIN,O3,Escenario beta alto,beta_plus_1.96_se,Mortality,Respiratory mortality,433,1.2213075587694036,88376,0.0001320424481591,0.00146284,1.001788174429782,0.001784982569593474,11.669383398508621,0.020829645964241347,VSL,8705114.0,181324.44269836086,502890649.1129149
O3_MAIN,O3,Escenario beta alto,beta_plus_1.96_se,Mortality,Respiratory mortality,434,1.2324489109188708,88374,0.0001320424481591,0.00146284,1.001804501722106,0.0018012513609232395,11.669119313612303,0.02101901704441982,VSL,8705114.0,182972.9395396176,507462639.7073616
O3_MAIN,O3,Escenario beta alto,beta_plus_1.96_se,Mortality,Respiratory mortality,435,1.2398979341926548,88373,0.0001320424481591,0.00146284,1.0018154181739551,0.001812128403118507,11.668987271164143,0.021145703269704864,VSL,8705114.0,184075.7575729536,510521228.32555664
O3_MAIN,O3,Escenario beta alto,beta_plus_1.96_se,Mortality,Respiratory mortality,436,1.1830511413523173,88373,0.0001320424481591,0.00146284,1.001732112909191,0.001729117881786424,11.668987271164143,0.020177054552908087,VSL,8705114.0,175643.56006728392,487135118.7974072
O3_MAIN,O3,Escenario beta alto,beta_plus_1.96_se,Mortality,Respiratory mortality,437,1.1881030377086237,87523,0.0001320424481591,0.00146284,1.0017395158531266,0.001736495192210863,11.556751190228908,0.020068242879409667,VSL,8705114.0,174696.34204494942,484508075.917724
O3_MAIN,O3,Escenario beta alto,beta_plus_1.96_se,Mortality,Respiratory mortality,438,1.2178153936124136,83412,0.0001320424481591,0.00146284,1.0017830568291242,0.0017798831962360095,11.013924685846849,0.019603499472947778,VSL,8705114.0,170650.69771095034,473287764.55248094
O3_MAIN,O3,Escenario beta alto,beta_plus_1.96_se,Mortality,Respiratory mortality,439,1.1890365967789975,83452,0.0001320424481591,0.00146284,1.0017408838771769,0.0017378584673900521,11.019206383773213,0.019149821117958793,VSL,8705114.0,166701.37591143875,462334596.9940615
O3_MAIN,O3,Escenario beta alto,beta_plus_1.96_se,Mortality,Respiratory mortality,440,1.2228347235853896,77384,0.0001320424481591,0.00146284,1.001790412424839,0.001787212577234909,10.217972808343793,0.01826168951691633,VSL,8705114.0,158970.0890773616,440892414.14982694
O3_MAIN,O3,Escenario beta alto,beta_plus_1.96_se,Mortality,Respiratory mortality,441,1.1735743940772403,85838,0.0001320424481591,0.00146284,1.0017182260282433,0.0017152787915780676,11.334259665080825,0.01944141522175187,VSL,8705114.0,169239.73582668533,469374560.5338039
O3_MAIN,O3,Escenario beta alto,beta_plus_1.96_se,Mortality,Respiratory mortality,442,1.4420699173241331,88372,0.0001320424481591,0.00146284,1.0021117441554288,0.00210729408945165,11.668855228715985,0.024589709654140177,VSL,8705114.0,214056.22576619082,593669958.2267265
O3_MAIN,O3,Escenario beta alto,beta_plus_1.96_se,Mortality,Respiratory mortality,443,1.136355654777292,88316,0.0001320424481591,0.00146284,1.0016636889033776,0.0016609256398213423,11.661460851619076,0.01936881932622695,VSL,8705114.0,168607.7802802088,467621876.06253946
O3_MAIN,O3,Escenario beta alto,beta_plus_1.96_se,Mortality,Respiratory mortality,444,1.21922507990233,45597,0.0001320424481591,0.00146284,1.001785122653669,0.0017819416692277379,6.0207395087104825,0.010728606610136948,VSL,8705114.0,93393.74360239568,259021010.31919223
O3_MAIN,O3,Escenario beta alto,beta_plus_1.96_se,Mortality,Respiratory mortality,445,1.266912072970122,57394,0.0001320424481591,0.00146284,1.0018550080595017,0.001851573375966531,7.578444269643385,0.014032045640917814,VSL,8705114.0,122150.55695739263,338776019.18234146
O3_MAIN,O3,Escenario beta alto,beta_plus_1.96_se,Mortality,Respiratory mortality,446,1.1478842595643162,8084,0.0001320424481591,0.00146284,1.001680581607336,0.0016777619913918018,1.0674311509181644,0.0017908954134381026,VSL,8705114.0,15589.948736055814,43237631.523039274
O3_MAIN,O3,Escenario beta alto,beta_plus_1.96_se,Mortality,Respiratory mortality,461,1.2131297251515587,22921,0.0001320424481591,0.00146284,1.001776190247651,0.0017730409895367893,3.026544954254731,0.0053661882605693855,VSL,8705114.0,46713.28055371821,129556013.68609868
O3_MAIN,O3,Escenario beta alto,beta_plus_1.96_se,Mortality,Respiratory mortality,462,1.1888033263364566,74661,0.0001320424481591,0.00146284,1.0017405420458463,0.0017375178230200072,9.858421222006564,0.017129182580075085,VSL,8705114.0,149111.48708636774,413550271.62994486
O3_MAIN,O3,Escenario beta alto,beta_plus_1.96_se,Mortality,Respiratory mortality,463,1.1983284647021275,80098,0.0001320424481591,0.00146284,1.001754500148781,0.0017514272693762711,10.576336012647591,0.01852368330263729,VSL,8705114.0,161250.77484935411,447217736.4904442
O3_MAIN,O3,Escenario beta alto,beta_plus_1.96_se,Mortality,Respiratory mortality,464,1.2238407999166796,82755,0.0001320424481591,0.00146284,1.0017918867896258,0.0017886816745622536,10.92717279740632,0.01954523373749584,VSL,8705114.0,170143.48784154738,471881053.48438275
O3_MAIN,O3,Escenario beta alto,beta_plus_1.96_se,Mortality,Respiratory mortality,465,1.2170437017560527,88371,0.0001320424481591,0.00146284,1.0017819259552225,0.0017787563431267417,11.668723186267826,0.02075581538376398,VSL,8705114.0,180681.7390786192,501108155.6128148
O3_MAIN,O3,Escenario beta alto,beta_plus_1.96_se,Mortality,Respiratory mortality,466,1.2001839509676504,88371,0.0001320424481591,0.00146284,1.0017572191942037,0.0017541367913646022,11.668723186267826,0.020468536649281582,VSL,8705114.0,178180.94494517418,494172378.1392944
O3_MAIN,O3,Escenario beta alto,beta_plus_1.96_se,Mortality,Respiratory mortality,467,1.2160809437310771,88369,0.0001320424481591,0.00146284,1.001780515085672,0.0017773504863185519,11.668459101371507,0.020738941458410782,VSL,8705114.0,180534.8496347921,500700768.02262145
O3_MAIN,O3,Escenario beta alto,beta_plus_1.96_se,Mortality,Respiratory mortality,468,1.2052921616614984,60568,0.0001320424481591,0.00146284,1.0017647048479148,0.0017615961506476374,7.997547000100369,0.01408844801000037,VSL,8705114.0,122641.54601012636,340137742.95086473
O3_MAIN,O3,Escenario beta alto,beta_plus_1.96_se,Mortality,Respiratory mortality,469,1.169640795770496,37663,0.0001320424481591,0.00146284,1.0017124619328213,0.0017095344202038287,4.973114725016183,0.008501710798037663,VSL,8705114.0,74008.36169194883,205257010.56730163
O3_MAIN,O3,Escenario beta alto,beta_plus_1.96_se,Mortality,Respiratory mortality,470,1.1826402710219297,14834,0.0001320424481591,0.00146284,1.001731510830753,0.001728517883316849,1.9587176759920892,0.003385678531321144,VSL,8705114.0,29472.717582503126,81740519.12484165
O3_MAIN,O3,Escenario beta alto,beta_plus_1.96_se,Mortality,Respiratory mortality,471,1.1718448635539822,56261,0.0001320424481591,0.00146284,1.0017156916578616,0.0017127531016530861,7.428840175879125,0.012723769052922029,VSL,8705114.0,110761.8601153583,307190265.69973814
O3_MAIN,O3,Escenario beta alto,beta_plus_1.96_se,Mortality,Respiratory mortality,472,1.1786405039095342,87172,0.0001320424481591,0.00146284,1.0017256496974738,0.001722676960497993,11.510404290925065,0.019828708277993847,VSL,8705114.0,172611.16603268014,478724986.210016
O3_MAIN,O3,Escenario beta alto,beta_plus_1.96_se,Mortality,Respiratory mortality,473,1.1730753496273696,88375,0.0001320424481591,0.00146284,1.0017174947519842,0.0017145500213205933,11.669251356060462,0.02000751516132883,VSL,8705114.0,174167.70033609585,483041925.1431383
O3_MAIN,O3,Escenario beta alto,beta_plus_1.96_se,Mortality,Respiratory mortality,474,1.1793481064894404,88372,0.0001320424481591,0.00146284,1.0017266865936045,0.001723710286162139,11.668855228715985,0.0201137257854746,VSL,8705114.0,175092.27592729594,485606170.82504034
O3_MAIN,O3,Escenario beta alto,beta_plus_1.96_se,Mortality,Respiratory mortality,475,1.1673755487412265,88373,0.0001320424481591,0.00146284,1.001709142569782,0.0017062263856325588,11.668987271164143,0.019909933975670733,VSL,8705114.0,173318.24499068694,480686020.2045209
O3_MAIN,O3,Escenario beta alto,beta_plus_1.96_se,Mortality,Respiratory mortality,476,1.1764000482752444,88372,0.0001320424481591,0.00146284,1.001722366619041,0.0017194051729663151,11.668855228715985,0.0200634900428493,VSL,8705114.0,174654.96806086804,484393328.06905323
O3_MAIN,O3,Escenario beta alto,beta_plus_1.96_se,Mortality,Respiratory mortality,477,1.185246929429308,88373,0.0001320424481591,0.00146284,1.0017353305646859,0.0017323244091906886,11.668987271164143,0.02021447148037309,VSL,8705114.0,175969.27868639652,488038476.5872127
O3_MAIN,O3,Escenario beta alto,beta_plus_1.96_se,Mortality,Respiratory mortality,478,1.1759300519167066,88371,0.0001320424481591,0.00146284,1.0017216779056266,0.0017187188253989794,11.668723186267826,0.020055254208608073,VSL,8705114.0,174583.27418491305,484194490.1226634
O3_MAIN,O3,Escenario beta alto,beta_plus_1.96_se,Mortality,Respiratory mortality,479,1.2302732832786276,88373,0.0001320424481591,0.00146284,1.0018013133890438,0.0017980744933844273,11.668987271164143,0.020981708375907796,VSL,8705114.0,182648.1633270322,506561895.6160909
O3_MAIN,O3,Escenario beta alto,beta_plus_1.96_se,Mortality,Respiratory mortality,480,1.2362484538491163,88373,0.0001320424481591,0.00146284,1.0018100698906036,0.0018067994573074397,11.668987271164143,0.021083519868866796,VSL,8705114.0,183534.4439797505,509019932.9667594
O3_MAIN,O3,Escenario beta alto,beta_plus_1.96_se,Mortality,Respiratory mortality,481,1.384887451298802,88374,0.0001320424481591,0.00146284,1.002027922217818,0.0020238180721844357,11.669119313612303,0.023616174553365014,VSL,8705114.0,205581.49173094152,570165876.611345
O3_MAIN,O3,Escenario beta alto,beta_plus_1.96_se,Mortality,Respiratory mortality,482,1.3754664085314037,88374,0.0001320424481591,0.00146284,1.0020141128870068,0.002010064390414401,11.669119313612303,0.023455681199789028,VSL,8705114.0,204184.37879182026,566291081.672598
O3_MAIN,O3,Escenario beta alto,beta_plus_1.96_se,Mortality,Respiratory mortality,483,1.2712506706458946,88373,0.0001320424481591,0.00146284,1.001861366527035,0.0018579082787546497,11.668987271164143,0.02167990805577849,VSL,8705114.0,188726.07113507012,523418547.4681375
O3_MAIN,O3,Escenario beta alto,beta_plus_1.96_se,Mortality,Respiratory mortality,484,1.2531441421510792,88373,0.0001320424481591,0.00146284,1.001834830622391,0.0018314701848120007,11.668987271164143,0.02137140227408788,VSL,8705114.0,186040.49313579424,515970284.8776058
O3_MAIN,O3,Escenario beta alto,beta_plus_1.96_se,Mortality,Respiratory mortality,485,1.5713776203800442,88373,0.0001320424481591,0.00146284,1.0023013180148557,0.0022960341101951887,11.668987271164143,0.026792392806026345,VSL,8705114.0,233230.8337092392,646849391.1342152
O3_MAIN,O3,Escenario beta alto,beta_plus_1.96_se,Mortality,Respiratory mortality,486,1.338883645908977,88372,0.0001320424481591,0.00146284,1.0019604918085996,0.0019566558009295187,11.668855228715985,0.022831933273473878,VSL,8705114.0,198754.58198598327,551231920.3173856
O3_MAIN,O3,Escenario beta alto,beta_plus_1.96_se,Mortality,Respiratory mortality,487,1.2535211968097997,66848,0.0001320424481591,0.00146284,1.0018353832052191,0.0018320207451119064,8.826773574539516,0.01617083230096197,VSL,8705114.0,140768.93865475626,390412797.53326064
O3_MAIN,O3,Escenario beta alto,beta_plus_1.96_se,Mortality,Respiratory mortality,488,0.638176184258521,6168,0.0001320424481591,0.00146284,1.0009339855424868,0.0009331140274755345,0.8144378202453287,0.0007599633545775142,VSL,8705114.0,6615.567637419683,18347813.75264887
O3_MAIN,O3,Escenario beta alto,beta_plus_1.96_se,Mortality,Respiratory mortality,503,1.1791937668314445,110,0.0001320424481591,0.00146284,1.0017264604295635,0.001723484901080763,0.014524669297501,2.5033048227434306e-05,VSL,8705114.0,217.91553858731356,604373.492184213
O3_MAIN,O3,Escenario beta alto,beta_plus_1.96_se,Mortality,Respiratory mortality,504,1.1869848774548115,585,0.0001320424481591,0.00146284,1.001737877319613,0.0017348623416967301,0.0772448321730735,0.0001340091504277492,VSL,8705114.0,1166.5649315167057,3235386.1780163767
O3_MAIN,O3,Escenario beta alto,beta_plus_1.96_se,Mortality,Respiratory mortality,505,1.151704528232445,30061,0.0001320424481591,0.00146284,1.0016861794566285,0.0016833410415458827,3.969328034110705,0.006681732787177185,VSL,8705114.0,58165.24562991513,161317237.18737552
O3_MAIN,O3,Escenario beta alto,beta_plus_1.96_se,Mortality,Respiratory mortality,506,1.165630002799773,71500,0.0001320424481591,0.00146284,1.0017065847544049,0.0017036772847243142,9.44103504337565,0.016084476947685323,VSL,8705114.0,140017.20545997279,388327918.1388523
O3_MAIN,O3,Escenario beta alto,beta_plus_1.96_se,Mortality,Respiratory mortality,507,1.156950273693791,36518,0.0001320424481591,0.00146284,1.001693866111624,0.0016910017810123357,4.8219261218740135,0.00815388565999886,VSL,8705114.0,70980.50421325532,196859459.8001687
O3_MAIN,O3,Escenario beta alto,beta_plus_1.96_se,Mortality,Respiratory mortality,508,1.1766197406957737,32087,0.0001320424481591,0.00146284,1.0017226885474784,0.0017197259952016486,4.236846034081042,0.007286214262476178,VSL,8705114.0,63427.32578328105,175911248.14712515
O3_MAIN,O3,Escenario beta alto,beta_plus_1.96_se,Mortality,Respiratory mortality,509,1.1634886681296075,423,0.0001320424481591,0.00146284,1.001703446983553,0.001700550186467531,0.055853955571299296,9.498245456172221e-05,VSL,8705114.0,826.8330949596119,2293163.7105538365
O3_MAIN,O3,Escenario beta alto,beta_plus_1.96_se,Mortality,Respiratory mortality,513,1.148436882071039,29744,0.0001320424481591,0.00146284,1.0016813913645504,0.001678569033073396,3.9274705780442702,0.0065925304906119826,VSL,8705114.0,57388.72946925324,159163623.97191098
O3_MAIN,O3,Escenario beta alto,beta_plus_1.96_se,Mortality,Respiratory mortality,514,1.1834874498277976,78902,0.0001320424481591,0.00146284,1.0017327522644055,0.0017297550274647522,10.418413244649308,0.0180213026881375,VSL,8705114.0,156877.4943287434,435088749.0961668
O3_MAIN,O3,Escenario beta alto,beta_plus_1.96_se,Mortality,Respiratory mortality,515,1.2153096103605705,84667,0.0001320424481591,0.00146284,1.0017793847399803,0.001776224153826278,11.17963795828652,0.019857542972541612,VSL,8705114.0,172862.17533587362,479421142.9417719
O3_MAIN,O3,Escenario beta alto,beta_plus_1.96_se,Mortality,Respiratory mortality,516,1.1876636544292296,40091,0.0001320424481591,0.00146284,1.0017388719878277,0.0017358535606960546,5.293713789146478,0.009189111930195717,VSL,8705114.0,79992.26691111377,221852952.81929025
O3_MAIN,O3,Escenario beta alto,beta_plus_1.96_se,Mortality,Respiratory mortality,517,1.1700484587346978,41250,0.0001320424481591,0.00146284,1.0017130592999093,0.001710129746243405,5.446750986562875,0.009314650882501786,VSL,8705114.0,81085.09780237864,224883842.798051
O3_MAIN,O3,Escenario beta alto,beta_plus_1.96_se,Mortality,Respiratory mortality,518,1.2070993597134283,71036,0.0001320424481591,0.00146284,1.0017673531582607,0.001764235131728742,9.379767347429826,0.016548115081777812,VSL,8705114.0,144053.22827199518,399521544.88639957
O3_MAIN,O3,Escenario beta alto,beta_plus_1.96_se,Mortality,Respiratory mortality,519,1.1628859871746418,88373,0.0001320424481591,0.00146284,1.0017025638563315,0.0016996700595203196,11.668987271164143,0.01983342828972141,VSL,8705114.0,172652.2542728499,478838941.56795007
O3_MAIN,O3,Escenario beta alto,beta_plus_1.96_se,Mortality,Respiratory mortality,520,1.1457694713710858,88373,0.0001320424481591,0.00146284,1.0016774828163268,0.0016746735801731472,11.668987271164143,0.019541744690395338,VSL,8705114.0,170113.11528878612,471796817.33537805
O3_MAIN,O3,Escenario beta alto,beta_plus_1.96_se,Mortality,Respiratory mortality,521,1.1539166091116435,88375,0.0001320424481591,0.00146284,1.001689420838609,0.0016865715095548683,11.669251356060462,0.019681026874966086,VSL,8705114.0,171325.58258364353,475159510.50495446
O3_MAIN,O3,Escenario beta alto,beta_plus_1.96_se,Mortality,Respiratory mortality,522,1.1529720959698366,88374,0.0001320424481591,0.00146284,1.0016880368337358,0.0016851921672855763,11.669119313612303,0.019664708466420294,VSL,8705114.0,171183.52897695382,474765534.770553
O3_MAIN,O3,Escenario beta alto,beta_plus_1.96_se,Mortality,Respiratory mortality,523,0.9914789056491315,88374,0.0001320424481591,0.00146284,1.0014514273048465,0.0014493237168302642,11.669119313612303,0.016912331375740403,VSL,8705114.0,147223.77263159704,408314827.72965014
O3_MAIN,O3,Escenario beta alto,beta_plus_1.96_se,Mortality,Respiratory mortality,524,0.9923417995965648,88375,0.0001320424481591,0.00146284,1.0014526914135278,0.0014505841623705384,11.669251356060462,0.016927231203822234,VSL,8705114.0,147353.4773336298,408674554.64140886
O3_MAIN,O3,Escenario beta alto,beta_plus_1.96_se,Mortality,Respiratory mortality,525,0.8794979294172576,88374,0.0001320424481591,0.00146284,1.001287392730543,0.0012857374814561062,11.669119313612303,0.01500342407709469,VSL,8705114.0,130606.51698145406,362228032.3918741
O3_MAIN,O3,Escenario beta alto,beta_plus_1.96_se,Mortality,Respiratory mortality,526,1.1968218567580229,88375,0.0001320424481591,0.00146284,1.0017522923580597,0.0017492272006036647,11.669251356060462,0.02041217188270216,VSL,8705114.0,177690.28322651694,492811562.20891887
O3_MAIN,O3,Escenario beta alto,beta_plus_1.96_se,Mortality,Respiratory mortality,527,1.201268731613217,88375,0.0001320424481591,0.00146284,1.0017588088444462,0.001755720867056887,11.669251356060462,0.020487948108767227,VSL,8705114.0,178349.92391290312,494641029.4777629
O3_MAIN,O3,Escenario beta alto,beta_plus_1.96_se,Mortality,Respiratory mortality,528,1.2267410617402297,88375,0.0001320424481591,0.00146284,1.0017961370199406,0.001792916695889546,11.669251356060462,0.020921995584812527,VSL,8705114.0,182128.35667328973,505120248.2484019
O3_MAIN,O3,Escenario beta alto,beta_plus_1.96_se,Mortality,Respiratory mortality,529,1.1782363005153762,82303,0.0001320424481591,0.00146284,1.001725057392405,0.0017220866940232948,10.867489610838406,0.018714759256261215,VSL,8705114.0,162914.1128083091,451830887.88594866
O3_MAIN,O3,Escenario beta alto,beta_plus_1.96_se,Mortality,Respiratory mortality,530,1.2747448293434331,53223,0.0001320424481591,0.00146284,1.0018664874494114,0.0018630101643216657,7.027695218371779,0.013092667623581392,VSL,8705114.0,113973.1642273851,316096592.8631567
O3_MAIN,O3,Escenario beta alto,beta_plus_1.96_se,Mortality,Respiratory mortality,531,1.2281300047546893,8740,0.0001320424481591,0.00146284,1.0017981724728016,0.0017949448523777445,1.154050996910534,0.002071457896285967,VSL,8705114.0,18032.27713336952,50011258.370001025
O3_MAIN,O3,Escenario beta alto,beta_plus_1.96_se,Mortality,Respiratory mortality,546,1.2133562841340524,33,0.0001320424481591,0.00146284,1.001776522255912,0.0017733718214034688,0.0043574007892503,7.727291774217716e-06,VSL,8705114.0,67.26695580582748,186560.19324055608
O3_MAIN,O3,Escenario beta alto,beta_plus_1.96_se,Mortality,Respiratory mortality,547,1.189699187737455,5126,0.0001320424481591,0.00146284,1.001741854829582,0.0017388260470342365,0.6768495892635465,0.0011769236957358791,VSL,8705114.0,10245.254940682142,28414497.41013607
O3_MAIN,O3,Escenario beta alto,beta_plus_1.96_se,Mortality,Respiratory mortality,555,1.22222953212205,815,0.0001320424481591,0.00146284,1.0017895255419023,0.0017863288607796735,0.10761459524966649,0.0001922350573356024,VSL,8705114.0,1673.428088902955,4641135.664606122
O3_MAIN,O3,Escenario beta alto,beta_plus_1.96_se,Mortality,Respiratory mortality,556,1.1617595521436197,6555,0.0001320424481591,0.00146284,1.0017009132579957,0.0016980250646507766,0.8655382476829004,0.001469705638979477,VSL,8705114.0,12793.955133759191,35483138.98662175
O3_MAIN,O3,Escenario beta alto,beta_plus_1.96_se,Mortality,Respiratory mortality,559,1.170072720787621,15036,0.0001320424481591,0.00146284,1.0017130948522104,0.0017101651770491388,1.9853902505202274,0.003395345269292559,VSL,8705114.0,29556.867638552423,81973903.41479044
O3_MAIN,O3,Escenario beta alto,beta_plus_1.96_se,Mortality,Respiratory mortality,560,1.2118655551399424,77991,0.0001320424481591,0.00146284,1.0017743376862338,0.00177119498821654,10.298122574376368,0.018239983091775037,VSL,8705114.0,158781.13217197417,440368355.3997183
O3_MAIN,O3,Escenario beta alto,beta_plus_1.96_se,Mortality,Respiratory mortality,561,1.1913563216440686,88372,0.0001320424481591,0.00146284,1.0017442831767576,0.00174124595073899,11.668855228715985,0.0203183469167612,VSL,8705114.0,176873.52620195475,490546343.77428734
O3_MAIN,O3,Escenario beta alto,beta_plus_1.96_se,Mortality,Respiratory mortality,562,1.1456032195121235,88372,0.0001320424481591,0.00146284,1.0016772392085234,0.0016744307875545816,11.668855228715985,0.019538690450479304,VSL,8705114.0,170086.5277821337,471723078.74680305
O3_MAIN,O3,Escenario beta alto,beta_plus_1.96_se,Mortality,Respiratory mortality,563,1.2366473994154354,88372,0.0001320424481591,0.00146284,1.0018106545406513,0.0018073819962332038,11.668855228715985,0.021090078857032957,VSL,8705114.0,183591.5407194616,509178286.7775763
O3_MAIN,O3,Escenario beta alto,beta_plus_1.96_se,Mortality,Respiratory mortality,564,1.0995581733233326,88371,0.0001320424481591,0.00146284,1.0016097719723398,0.0016071847713404752,11.668723186267826,0.01875379420595716,VSL,8705114.0,163253.91649539655,452773309.6258276
O3_MAIN,O3,Escenario beta alto,beta_plus_1.96_se,Mortality,Respiratory mortality,565,1.0822473624774158,88373,0.0001320424481591,0.00146284,1.0015844085827714,0.0015819022033434216,11.668987271164143,0.0184591966750409,VSL,8705114.0,160689.41140465197,445660834.2720039
O3_MAIN,O3,Escenario beta alto,beta_plus_1.96_se,Mortality,Respiratory mortality,566,1.325824185880684,88372,0.0001320424481591,0.00146284,1.0019413506378874,0.0019375890980558585,11.668855228715985,0.022609446677952196,VSL,8705114.0,196817.81080849515,545860421.0306047
O3_MAIN,O3,Escenario beta alto,beta_plus_1.96_se,Mortality,Respiratory mortality,567,1.385294471889841,88371,0.0001320424481591,0.00146284,1.002028518831434,0.00202441227301553,11.668723186267826,0.02362230642870147,VSL,8705114.0,205634.87040477915,570313918.6267266
O3_MAIN,O3,Escenario beta alto,beta_plus_1.96_se,Mortality,Respiratory mortality,568,1.33658800011672,88372,0.0001320424481591,0.00146284,1.0019571270681085,0.001953304203579309,11.668855228715985,0.022792823969209335,VSL,8705114.0,198414.13103389976,550287703.4333485
O3_MAIN,O3,Escenario beta alto,beta_plus_1.96_se,Mortality,Respiratory mortality,569,1.0839327798875915,88373,0.0001320424481591,0.00146284,1.001586877988173,0.0015843637961396873,11.668987271164143,0.01848792097004731,VSL,8705114.0,160939.45966725243,446354325.6249479
O3_MAIN,O3,Escenario beta alto,beta_plus_1.96_se,Mortality,Respiratory mortality,570,1.2371173549462728,88374,0.0001320424481591,0.00146284,1.0018113432554072,0.0018080682232256562,11.669119313612303,0.021098563823971184,VSL,8705114.0,183665.4033239451,509383139.540729
O3_MAIN,O3,Escenario beta alto,beta_plus_1.96_se,Mortality,Respiratory mortality,571,1.155120547292691,88373,0.0001320424481591,0.00146284,1.0016911849844465,0.0016883297065980463,11.668987271164143,0.019701097855820894,VSL,8705114.0,171500.30276007645,475644084.6838788
O3_MAIN,O3,Escenario beta alto,beta_plus_1.96_se,Mortality,Respiratory mortality,572,1.1515230088980069,53982,0.0001320424481591,0.00146284,1.0016859134751832,0.0016830759547513674,7.127915436524536,0.011996823078715543,VSL,8705114.0,104433.71253804977,289639591.36440337
O3_MAIN,O3,Escenario beta alto,beta_plus_1.96_se,Mortality,Respiratory mortality,573,1.1671179897187738,26916,0.0001320424481591,0.00146284,1.001708765158263,0.0017058502607721904,3.5540545346503354,0.00606268485473186,VSL,8705114.0,52776.362806514284,146371547.8984709
O3_MAIN,O3,Escenario beta alto,beta_plus_1.96_se,Mortality,Respiratory mortality,601,1.1580727285112875,3938,0.0001320424481591,0.00146284,1.00169551086606,0.0016926409748946325,0.5199831608505358,0.0008801448043108433,VSL,8705114.0,7661.760858033583,21249357.41649608
O3_MAIN,O3,Escenario beta alto,beta_plus_1.96_se,Mortality,Respiratory mortality,602,1.1614123284082982,54996,0.0001320424481591,0.00146284,1.0017004044614064,0.0016975179942355645,7.261806478957864,0.012327047168687379,VSL,8705114.0,107308.35088680086,297612199.5999801
O3_MAIN,O3,Escenario beta alto,beta_plus_1.96_se,Mortality,Respiratory mortality,603,1.2059772574010967,88373,0.0001320424481591,0.00146284,1.001765708802431,0.0017625965701519863,11.668987271164143,0.020567716941301106,VSL,8705114.0,179044.32069375744,496566890.3416877
O3_MAIN,O3,Escenario beta alto,beta_plus_1.96_se,Mortality,Respiratory mortality,604,1.172527568898266,88373,0.0001320424481591,0.00146284,1.0017166920604887,0.0017137500793339422,11.668987271164143,0.019997727861704312,VSL,8705114.0,174082.50077711226,482805630.1302664
O3_MAIN,O3,Escenario beta alto,beta_plus_1.96_se,Mortality,Respiratory mortality,605,1.1734220005032494,88373,0.0001320424481591,0.00146284,1.0017180027178127,0.0017150562465201302,11.668987271164143,0.020012969509973954,VSL,8705114.0,174215.1810628474,483173609.61513287
O3_MAIN,O3,Escenario beta alto,beta_plus_1.96_se,Mortality,Respiratory mortality,606,1.372453747707839,88374,0.0001320424481591,0.00146284,1.0020096969797008,0.0020056661983994806,11.669119313612303,0.02340435817240274,VSL,8705114.0,203737.60598759752,565051988.5741825
O3_MAIN,O3,Escenario beta alto,beta_plus_1.96_se,Mortality,Respiratory mortality,607,1.2952190296582555,88373,0.0001320424481591,0.00146284,1.0018964942801507,0.0018929043977874427,11.668987271164143,0.022088277323312297,VSL,8705114.0,192280.9721630484,533277816.6261633
O3_MAIN,O3,Escenario beta alto,beta_plus_1.96_se,Mortality,Respiratory mortality,608,1.2695072879169054,88374,0.0001320424481591,0.00146284,1.0018588114932774,0.0018553627237223314,11.669119313612303,0.021650448993144583,VSL,8705114.0,188469.62663650882,522707316.60249263
O3_MAIN,O3,Escenario beta alto,beta_plus_1.96_se,Mortality,Respiratory mortality,609,1.229827489804478,88374,0.0001320424481591,0.00146284,1.0018006600900504,0.0017974235412149264,11.669119313612303,0.020974349759532517,VSL,8705114.0,182584.10573260314,506384236.3619735
O3_MAIN,O3,Escenario beta alto,beta_plus_1.96_se,Mortality,Respiratory mortality,610,1.128063099891838,88373,0.0001320424481591,0.00146284,1.0016515381144084,0.0016488150335369767,11.668987271164143,0.01924000163884706,VSL,8705114.0,167486.4076263505,464511827.5031492
O3_MAIN,O3,Escenario beta alto,beta_plus_1.96_se,Mortality,Respiratory mortality,611,0.8015893518690635,88374,0.0001320424481591,0.00146284,1.0011732847281078,0.0011719097443022575,11.669119313612303,0.013675154631047928,VSL,8705114.0,119043.78003090015,330159590.8510994
O3_MAIN,O3,Escenario beta alto,beta_plus_1.96_se,Mortality,Respiratory mortality,612,1.18125855329437,88373,0.0001320424481591,0.00146284,1.0017294861010535,0.001726500143052645,11.668987271164143,0.020146508192944387,VSL,8705114.0,175377.65052151488,486397637.285885
O3_MAIN,O3,Escenario beta alto,beta_plus_1.96_se,Mortality,Respiratory mortality,613,1.2159997883144964,88373,0.0001320424481591,0.00146284,1.0017803961569114,0.0017772319799242986,11.668987271164143,0.020738497351642488,VSL,8705114.0,180530.98363474593,500690045.9421134
O3_MAIN,O3,Escenario beta alto,beta_plus_1.96_se,Mortality,Respiratory mortality,614,1.172580708380515,47718,0.0001320424481591,0.00146284,1.0017167699284983,0.0017138276806735186,6.300801541255933,0.010798488091834788,VSL,8705114.0,94002.0698670643,260708160.63141215
O3_MAIN,O3,Escenario beta alto,beta_plus_1.96_se,Mortality,Respiratory mortality,643,1.2390802663755558,2346,0.0001320424481591,0.00146284,1.0018142198860294,0.0018109344527328375,0.3097715833812486,0.000560976032822706,VSL,8705114.0,4883.360316989397,13543658.003947902
O3_MAIN,O3,Escenario beta alto,beta_plus_1.96_se,Mortality,Respiratory mortality,644,1.2227489568552556,26746,0.0001320424481591,0.00146284,1.0017902867372128,0.0017870873384525643,3.5316073184632883,0.006311290723212156,VSL,8705114.0,54940.505232704265,152373645.427539
O3_MAIN,O3,Escenario beta alto,beta_plus_1.96_se,Mortality,Respiratory mortality,645,1.1707845519738278,69888,0.0001320424481591,0.00146284,1.0017141379317231,0.0017112046908537293,9.22818261694318,0.015791309382168012,VSL,8705114.0,137465.14838104212,381249966.4744336
O3_MAIN,O3,Escenario beta alto,beta_plus_1.96_se,Mortality,Respiratory mortality,646,1.1408967007243778,88373,0.0001320424481591,0.00146284,1.0016703428007232,0.0016675574082115618,11.668987271164143,0.019458706170356183,VSL,8705114.0,169390.255505454,469792016.32649124
O3_MAIN,O3,Escenario beta alto,beta_plus_1.96_se,Mortality,Respiratory mortality,647,1.1790657409884862,88374,0.0001320424481591,0.00146284,1.001726272824923,0.0017232979425156891,11.669119313612303,0.02010936930411817,VSL,8705114.0,175054.35226044935,485500992.189698
O3_MAIN,O3,Escenario beta alto,beta_plus_1.96_se,Mortality,Respiratory mortality,648,1.2159486269890143,72285,0.0001320424481591,0.00146284,1.0017803211828344,0.001777157272097707,9.544688365180543,0.016962412338086975,VSL,8705114.0,147659.73311805367,409523933.62160355
O3_MAIN,O3,Escenario beta alto,beta_plus_1.96_se,Mortality,Respiratory mortality,649,1.2227805469269626,78707,0.0001320424481591,0.00146284,1.0017903330311657,0.0017871334670884753,10.392664967258284,0.018573079375225232,VSL,8705114.0,161680.77329238443,448410307.07229775
O3_MAIN,O3,Escenario beta alto,beta_plus_1.96_se,Mortality,Respiratory mortality,650,1.2216167043212227,88375,0.0001320424481591,0.00146284,1.0017886274690304,0.0017854339927468876,11.669251356060462,0.020834678041018063,VSL,8705114.0,181368.2475003589,503012138.6649204
O3_MAIN,O3,Escenario beta alto,beta_plus_1.96_se,Mortality,Respiratory mortality,651,1.8052156665218284,88374,0.0001320424481591,0.00146284,1.0026442315151765,0.002637257994473896,11.669119313612303,0.03077447819829379,VSL,8705114.0,267895.34100666206,742988975.6081067
O3_MAIN,O3,Escenario beta alto,beta_plus_1.96_se,Mortality,Respiratory mortality,652,1.1593763843144806,88374,0.0001320424481591,0.00146284,1.0016974211411434,0.00169454478500064,11.669119313612303,0.019773845278431977,VSL,8705114.0,172133.5773671121,477400427.4772697
O3_MAIN,O3,Escenario beta alto,beta_plus_1.96_se,Mortality,Respiratory mortality,653,1.191989151074706,88170,0.0001320424481591,0.00146284,1.0017452105201232,0.0017421700665950501,11.642182654187847,0.02028266212995818,VSL,8705114.0,176562.88606476877,489684805.0986116
O3_MAIN,O3,Escenario beta alto,beta_plus_1.96_se,Mortality,Respiratory mortality,654,1.2098564444622593,88374,0.0001320424481591,0.00146284,1.001771393468305,0.0017682611819969107,11.669119313612303,0.02063405071035107,VSL,8705114.0,179621.76371538706,498168388.1411659
O3_MAIN,O3,Escenario beta alto,beta_plus_1.96_se,Mortality,Respiratory mortality,655,1.2020855396974977,28007,0.0001320424481591,0.00146284,1.0017600058062288,0.0017569136280424225,3.6981128455919134,0.006497264856459175,VSL,8705114.0,56559.431263670755,156863623.44960237
O3_MAIN,O3,Escenario beta alto,beta_plus_1.96_se,Mortality,Respiratory mortality,686,1.2150534137801632,17050,0.0001320424481591,0.00146284,1.0017790092985768,0.0017758500448341596,2.251323741112655,0.003998013366591117,VSL,8705114.0,34803.16212969946,96524133.94537237
O3_MAIN,O3,Escenario beta alto,beta_plus_1.96_se,Mortality,Respiratory mortality,687,1.2122244319995286,50211,0.0001320424481591,0.00146284,1.0017748635972878,0.0017717190376633773,6.62998336451657,0.011746467746305498,VSL,8705114.0,102254.34082891243,283595256.4851306
O3_MAIN,O3,Escenario beta alto,beta_plus_1.96_se,Mortality,Respiratory mortality,688,1.1854297713336717,78804,0.0001320424481591,0.00146284,1.0017355984973193,0.001732591414264295,10.405473084729715,0.018028433327960915,VSL,8705114.0,156939.56736129915,435260904.3068479
O3_MAIN,O3,Escenario beta alto,beta_plus_1.96_se,Mortality,Respiratory mortality,689,1.1996575673415766,15395,0.0001320424481591,0.00146284,1.0017564478263918,0.0017533681267567491,2.0327934894093445,0.003564235312608978,VSL,8705114.0,31027.07471908679,86051419.83815688
O3_MAIN,O3,Escenario beta alto,beta_plus_1.96_se,Mortality,Respiratory mortality,690,1.195222122554707,26719,0.0001320424481591,0.00146284,1.0017499481049847,0.0017468911361514516,3.528042172362993,0.006163105598869424,VSL,8705114.0,53650.53683219661,148796008.36651903
O3_MAIN,O3,Escenario beta alto,beta_plus_1.96_se,Mortality,Respiratory mortality,691,1.2618823772217915,18381,0.0001320424481591,0.00146284,1.001847636798009,0.0018442293320312109,2.427072239612417,0.004476077815251903,VSL,8705114.0,38964.76765463875,108066055.55640475
O3_MAIN,O3,Escenario beta alto,beta_plus_1.96_se,Mortality,Respiratory mortality,692,1.2128291486170557,28949,0.0001320424481591,0.00146284,1.0017757497713875,0.0017726020736604786,3.822496831757786,0.006775765810534461,VSL,8705114.0,58983.813818004885,163587478.75726926
O3_MAIN,O3,Escenario beta alto,beta_plus_1.96_se,Mortality,Respiratory mortality,693,1.2196042436169598,26275,0.0001320424481591,0.00146284,1.0017856782998003,0.0017824953365581653,3.469415325380352,0.006184216638073907,VSL,8705114.0,53834.310835130105,149305692.69947487
O3_MAIN,O3,Escenario beta alto,beta_plus_1.96_se,Mortality,Respiratory mortality,694,1.191863346811898,3451,0.0001320424481591,0.00146284,1.0017450261674585,0.001741986355684566,0.45567848859705407,0.0007937857097150334,VSL,8705114.0,6909.995094640273,19164387.695328172
O3_MAIN,O3,Escenario beta alto,beta_plus_1.96_se,Mortality,Respiratory mortality,695,1.2148499583324774,34687,0.0001320424481591,0.00146284,1.0017787111463805,0.0017755529505562029,4.580156399294702,0.008132310208776581,VSL,8705114.0,70792.68745076394,196338563.15657222
O3_MAIN,O3,Escenario beta alto,beta_plus_1.96_se,Mortality,Respiratory mortality,696,1.2006490834767192,8351,0.0001320424481591,0.00146284,1.0017579008045123,0.0017548160120330891,1.102686484576644,0.0019350118993875728,VSL,8705114.0,16844.49917552535,46717039.34837727
O3_MAIN,O3,Escenario beta alto,beta_plus_1.96_se,Mortality,Respiratory mortality,729,1.1695470846058047,456,0.0001320424481591,0.00146284,1.0017123246136386,0.0017093975701049091,0.0602113563605496,0.00010292514625544425,VSL,8705114.0,895.9751316203153,2484924.309289731
O3_MAIN,O3,Escenario beta alto,beta_plus_1.96_se,Mortality,Respiratory mortality,730,1.175690556276967,1632,0.0001320424481591,0.00146284,1.0017213269587073,0.001718369083678617,0.2154932753956512,0.000370296982180529,VSL,8705114.0,3223.4774437374735,8940089.04678482
O3_MAIN,O3,Escenario beta bajo,beta_minus_1.96_se,Mortality,Respiratory mortality,0,1.1809210666287022,66007,0.0001320424481591,0.00027116,1.0003202698318618,0.00032016729193717897,8.715725875637713,0.0027904903508697244,VSL,8705114.0,24291.53662022095,67370876.40861939
O3_MAIN,O3,Escenario beta bajo,beta_minus_1.96_se,Mortality,Respiratory mortality,1,1.162794440338784,35848,0.0001320424481591,0.00027116,1.0003153530537654,0.0003152536375680137,4.733457681607416,0.0014922397524009948,VSL,8705114.0,12990.117159982434,36027180.63501008
O3_MAIN,O3,Escenario beta bajo,beta_minus_1.96_se,Mortality,Respiratory mortality,2,1.2086543995398955,682,0.0001320424481591,0.00027116,1.0003277924391836,0.00032768502650937226,0.09005294964450619,2.9509003191507176e-05,VSL,8705114.0,256.8792368084338,712436.5817416145
O3_MAIN,O3,Escenario beta bajo,beta_minus_1.96_se,Mortality,Respiratory mortality,41,1.1718344363775142,53333,0.0001320424481591,0.00027116,1.000317805115117,0.00031770414711373984,7.04221988766928,0.0022373424631993853,VSL,8705114.0,19476.321199191454,54016213.50347355
O3_MAIN,O3,Escenario beta bajo,beta_minus_1.96_se,Mortality,Respiratory mortality,42,1.2004949260089095,88375,0.0001320424481591,0.00027116,1.000325579193541,0.00032547322623055486,11.669251356060462,0.0037980288865522758,VSL,8705114.0,33062.27443273063,91695903.7799681
O3_MAIN,O3,Escenario beta bajo,beta_minus_1.96_se,Mortality,Respiratory mortality,43,1.2101922755899537,64336,0.0001320424481591,0.00027116,1.0003282095864332,0.00032810190024412655,8.495082944763857,0.0027872528569084917,VSL,8705114.0,24263.353866214107,67292713.51317419
O3_MAIN,O3,Escenario beta bajo,beta_minus_1.96_se,Mortality,Respiratory mortality,44,1.2040458602220188,8855,0.0001320424481591,0.00027116,1.0003265423788168,0.000326435783699508,1.1692358784488304,0.0003816804303110266,VSL,8705114.0,3322.5716574265416,9214919.911856493
O3_MAIN,O3,Escenario beta bajo,beta_minus_1.96_se,Mortality,Respiratory mortality,82,1.2067779650980075,6180,0.0001320424481591,0.00027116,1.0003272834585644,0.00032717637914747577,0.816022329623238,0.00026698323110961895,VSL,8705114.0,2324.1194628975795,6445782.641984033
O3_MAIN,O3,Escenario beta bajo,beta_minus_1.96_se,Mortality,Respiratory mortality,83,1.1786074528376371,38621,0.0001320424481591,0.00027116,1.000319642271619,0.0003195401330848835,5.099611390352601,0.0016295305023544579,VSL,8705114.0,14185.248789472824,39341794.55018761
O3_MAIN,O3,Escenario beta bajo,beta_minus_1.96_se,Mortality,Respiratory mortality,84,1.189507848230244,86400,0.0001320424481591,0.00027116,1.0003225989719862,0.00032249493545155605,11.408467520946239,0.003679172996768731,VSL,8705114.0,32027.620362593436,88826363.1422275
O3_MAIN,O3,Escenario beta bajo,beta_minus_1.96_se,Mortality,Respiratory mortality,85,1.1481721104651896,86293,0.0001320424481591,0.00027116,1.0003113868202878,0.0003112898887192017,11.394338978993217,0.003546942512799661,VSL,8705114.0,30876.538925367506,85633919.351782
O3_MAIN,O3,Escenario beta bajo,beta_minus_1.96_se,Mortality,Respiratory mortality,86,1.205882432981518,66266,0.0001320424481591,0.00027116,1.00032704054663,0.00032693362607827403,8.74992486971092,0.0028606446655670605,VSL,8705114.0,24902.237927253136,69064613.73458166
O3_MAIN,O3,Escenario beta bajo,beta_minus_1.96_se,Mortality,Respiratory mortality,87,1.170106573049905,22233,0.0001320424481591,0.00027116,1.0003173364389062,0.00031723576843722956,2.93569974992127,0.0009313089660672567,VSL,8705114.0,8107.150718837602,22484615.01814577
O3_MAIN,O3,Escenario beta bajo,beta_minus_1.96_se,Mortality,Respiratory mortality,91,1.1899613150196764,5057,0.0001320424481591,0.00027116,1.0003227219737159,0.00032261785784404307,0.6677386603405686,0.00021542441619872533,VSL,8705114.0,1875.2941013933507,5200996.91962736
O3_MAIN,O3,Escenario beta bajo,beta_minus_1.96_se,Mortality,Respiratory mortality,125,1.1942870413331406,35539,0.0001320424481591,0.00027116,1.0003238953168925,0.0003237904426843796,4.692656565126255,0.0015194373465879903,VSL,8705114.0,13226.875317905966,36683812.81293994
O3_MAIN,O3,Escenario beta bajo,beta_minus_1.96_se,Mortality,Respiratory mortality,126,1.239013989629839,87860,0.0001320424481591,0.00027116,1.0003360274780166,0.00033591460148041374,11.601249495258525,0.0038970291008746183,VSL,8705114.0,33924.08258443105,94086068.36213861
O3_MAIN,O3,Escenario beta bajo,beta_minus_1.96_se,Mortality,Respiratory mortality,127,1.2139594961595073,88375,0.0001320424481591,0.00027116,1.0003292314417571,0.0003291230840897219,11.669251356060462,0.0038406199953247887,VSL,8705114.0,33433.034889981755,92724181.9549221
O3_MAIN,O3,Escenario beta bajo,beta_minus_1.96_se,Mortality,Respiratory mortality,128,1.171665529510749,88366,0.0001320424481591,0.00027116,1.000317759299776,0.00031765836087782606,11.66806297402703,0.003706457758948679,VSL,8705114.0,32265.13732783277,89485099.81913124
O3_MAIN,O3,Escenario beta bajo,beta_minus_1.96_se,Mortality,Respiratory mortality,129,1.1774426247686929,69107,0.0001320424481591,0.00027116,1.0003193263159291,0.00031922437918407987,9.125057464930924,0.002912940804261628,VSL,8705114.0,25357.481776349156,70327200.68298003
O3_MAIN,O3,Escenario beta bajo,beta_minus_1.96_se,Mortality,Respiratory mortality,130,1.1869020548283995,48901,0.0001320424481591,0.00027116,1.000321892157353,0.00032178857613385237,6.457007757428149,0.002077791332348043,VSL,8705114.0,18087.4104163016,50164166.67088335
O3_MAIN,O3,Escenario beta bajo,beta_minus_1.96_se,Mortality,Respiratory mortality,131,1.225035332860811,49015,0.0001320424481591,0.00027116,1.0003322357589373,0.00033212541499794135,6.472060596518286,0.0021495358115104597,VSL,8705114.0,18711.954286281063,51896295.37620048
O3_MAIN,O3,Escenario beta bajo,beta_minus_1.96_se,Mortality,Respiratory mortality,132,1.1995359489802322,82710,0.0001320424481591,0.00027116,1.0003253190727013,0.00032521327462042837,10.92123088723916,0.0035517292597248137,VSL,8705114.0,30918.208103040113,85749485.89921454
O3_MAIN,O3,Escenario beta bajo,beta_minus_1.96_se,Mortality,Respiratory mortality,133,1.1677909654318557,71305,0.0001320424481591,0.00027116,1.0003167083396862,0.00031660806727085156,9.415286765984625,0.0029809557457792187,VSL,8705114.0,25949.559595963117,71969287.07023199
O3_MAIN,O3,Escenario beta bajo,beta_minus_1.96_se,Mortality,Respiratory mortality,134,1.178871655645091,65679,0.0001320424481591,0.00027116,1.0003197139357543,0.0003196117514233654,8.67241595264153,0.0027718060516956932,VSL,8705114.0,24128.887665900904,66919780.91923954
O3_MAIN,O3,Escenario beta bajo,beta_minus_1.96_se,Mortality,Respiratory mortality,135,1.1826634721407832,27480,0.0001320424481591,0.00027116,1.0003207424539704,0.0003206396112346299,3.628526475412068,0.0011634493184306874,VSL,8705114.0,10127.958950161435,28089185.19114623
O3_MAIN,O3,Escenario beta bajo,beta_minus_1.96_se,Mortality,Respiratory mortality,136,1.2097092837091503,5922,0.0001320424481591,0.00027116,1.0003280785753783,0.00032797097512804463,0.7819553779981901,0.00025645866782868514,VSL,8705114.0,2232.5019397368364,6191687.854724334
O3_MAIN,O3,Escenario beta bajo,beta_minus_1.96_se,Mortality,Respiratory mortality,166,1.1913714568488611,56,0.0001320424481591,0.00027116,1.000323104471248,0.0003230001084686407,0.0073943770969096,2.388384604359833e-06,VSL,8705114.0,20.791160256797244,57662.827591009176
O3_MAIN,O3,Escenario beta bajo,beta_minus_1.96_se,Mortality,Respiratory mortality,167,1.1591953421174406,60657,0.0001320424481591,0.00027116,1.000314376815005,0.00031427801328420824,8.009298777986528,0.0025171465077452426,VSL,8705114.0,21912.04730462422,60771529.35606394
O3_MAIN,O3,Escenario beta bajo,beta_minus_1.96_se,Mortality,Respiratory mortality,168,1.1839354853721318,88376,0.0001320424481591,0.00027116,1.0003210874837678,0.00032098441968819724,11.669383398508621,0.003745690258289373,VSL,8705114.0,32606.660707098436,90432291.00488801
O3_MAIN,O3,Escenario beta bajo,beta_minus_1.96_se,Mortality,Respiratory mortality,169,1.1987864334020522,87552,0.0001320424481591,0.00027116,1.0003251157679605,0.00032501010205154834,11.560580421225522,0.0037573054224776387,VSL,8705114.0,32707.772035486007,90712716.19637795
O3_MAIN,O3,Escenario beta bajo,beta_minus_1.96_se,Mortality,Respiratory mortality,170,1.1978706956398175,88376,0.0001320424481591,0.00027116,1.0003248673758096,0.0003247618712728384,11.669383398508621,0.0037897707890998545,VSL,8705114.0,32990.38675298419,91496528.33232893
O3_MAIN,O3,Escenario beta bajo,beta_minus_1.96_se,Mortality,Respiratory mortality,171,1.1853578673937974,88376,0.0001320424481591,0.00027116,1.0003214733007926,0.000321369988921405,11.669383398508621,0.003750189613498343,VSL,8705114.0,32645.828107119014,90540919.04712708
O3_MAIN,O3,Escenario beta bajo,beta_minus_1.96_se,Mortality,Respiratory mortality,172,1.205574611144577,88376,0.0001320424481591,0.00027116,1.0003269570503666,0.0003268501843943783,11.669383398508621,0.00381414011557124,VSL,8705114.0,33202.524518020815,92084877.57401447
O3_MAIN,O3,Escenario beta bajo,beta_minus_1.96_se,Mortality,Respiratory mortality,173,1.2134719601803532,88377,0.0001320424481591,0.00027116,1.0003290991979854,0.00032899092733496005,11.669515440956781,0.0038391647064700066,VSL,8705114.0,33420.36643459794,92689046.88070697
O3_MAIN,O3,Escenario beta bajo,beta_minus_1.96_se,Mortality,Respiratory mortality,174,1.1769038525209208,88377,0.0001320424481591,0.00027116,1.0003191801758056,0.0003190783323273605,11.669515440956781,0.0037234895259688726,VSL,8705114.0,32413.400801364995,89896298.1845297
O3_MAIN,O3,Escenario beta bajo,beta_minus_1.96_se,Mortality,Respiratory mortality,175,1.1645732689137116,88377,0.0001320424481591,0.00027116,1.0003158355531476,0.00031573583254640436,11.669515440956781,0.00368448417316361,VSL,8705114.0,32073.854758584966,88954591.0031023
O3_MAIN,O3,Escenario beta bajo,beta_minus_1.96_se,Mortality,Respiratory mortality,176,1.1892772088350654,88377,0.0001320424481591,0.00027116,1.0003225364116344,0.00032243241544005485,11.669515440956781,0.0037626300506427117,VSL,8705114.0,32754.12353067058,90841268.82366769
O3_MAIN,O3,Escenario beta bajo,beta_minus_1.96_se,Mortality,Respiratory mortality,177,1.1573626484281905,84182,0.0001320424481591,0.00027116,1.0003138797056772,0.000313781216121356,11.115597370929356,0.003487865660965561,VSL,8705114.0,30362.26819539056,84207625.48114203
O3_MAIN,O3,Escenario beta bajo,beta_minus_1.96_se,Mortality,Respiratory mortality,178,1.1938971496773458,32375,0.0001320424481591,0.00027116,1.0003237895596333,0.0003236847538894416,4.274874259150862,0.0013837116224815558,VSL,8705114.0,12045.367416826906,33406983.354850244
O3_MAIN,O3,Escenario beta bajo,beta_minus_1.96_se,Mortality,Respiratory mortality,208,1.1825653174625188,46725,0.0001320424481591,0.00027116,1.0003207158298113,0.00032061300414576444,6.169683390233947,0.0019780807263711305,VSL,8705114.0,17219.418224263496,47756851.08571911
O3_MAIN,O3,Escenario beta bajo,beta_minus_1.96_se,Mortality,Respiratory mortality,209,1.205164342209372,21680,0.0001320424481591,0.00027116,1.0003268457654748,0.00032673897222523784,2.862680276089288,0.000935349211218874,VSL,8705114.0,8142.321513470377,22582158.755104147
O3_MAIN,O3,Escenario beta bajo,beta_minus_1.96_se,Mortality,Respiratory mortality,210,1.1853216892921503,27561,0.0001320424481591,0.00027116,1.0003214634875848,0.00032136018202000294,3.639221913712955,0.0011695010166019788,VSL,8705114.0,10180.639672636118,28235291.487279188
O3_MAIN,O3,Escenario beta bajo,beta_minus_1.96_se,Mortality,Respiratory mortality,211,1.1913988977985213,88377,0.0001320424481591,0.00027116,1.00032311191454,0.0003230075469531357,11.669515440956781,0.00376934155671519,VSL,8705114.0,32812.54795614319,91003304.8780062
O3_MAIN,O3,Escenario beta bajo,beta_minus_1.96_se,Mortality,Respiratory mortality,212,1.1910642881019484,88377,0.0001320424481591,0.00027116,1.0003230211524619,0.0003229168434910612,11.669515440956781,0.003768283091263963,VSL,8705114.0,32803.3338937252,90977750.32087427
O3_MAIN,O3,Escenario beta bajo,beta_minus_1.96_se,Mortality,Respiratory mortality,213,1.2137307103931594,88376,0.0001320424481591,0.00027116,1.000329169383786,0.0003290610669572924,11.669383398508621,0.003839939751846962,VSL,8705114.0,33427.11329295951,92707758.8200927
O3_MAIN,O3,Escenario beta bajo,beta_minus_1.96_se,Mortality,Respiratory mortality,214,1.1946521175069975,88377,0.0001320424481591,0.00027116,1.0003239943430162,0.00032388940468142113,11.669515440956781,0.0037796324090921436,VSL,8705114.0,32902.130999241745,91251757.17722702
O3_MAIN,O3,Escenario beta bajo,beta_minus_1.96_se,Mortality,Respiratory mortality,215,1.2113961173278565,88376,0.0001320424481591,0.00027116,1.0003285361273506,0.00032842822681300454,11.669383398508621,0.0038325548975732993,VSL,8705114.0,33362.82729463389,92529466.10375647
O3_MAIN,O3,Escenario beta bajo,beta_minus_1.96_se,Mortality,Respiratory mortality,216,1.1810791803570382,88376,0.0001320424481591,0.00027116,1.0003203127197127,0.000320210152327971,11.669383398508621,0.003736655035609942,VSL,8705114.0,32528.008063658603,90214153.40399267
O3_MAIN,O3,Escenario beta bajo,beta_minus_1.96_se,Mortality,Respiratory mortality,217,1.2018065588295157,88377,0.0001320424481591,0.00027116,1.0003259349717561,0.000325828772764325,11.669515440956781,0.0038022638948812886,VSL,8705114.0,33099.14066302563,91798149.68905517
O3_MAIN,O3,Escenario beta bajo,beta_minus_1.96_se,Mortality,Respiratory mortality,218,1.1595291426543302,76565,0.0001320424481591,0.00027116,1.000314467356818,0.00031436849818733403,10.109830043301491,0.00317821208764188,VSL,8705114.0,27666.69853910056,76731651.72929765
O3_MAIN,O3,Escenario beta bajo,beta_minus_1.96_se,Mortality,Respiratory mortality,219,1.174314818046522,5064,0.0001320424481591,0.00027116,1.0003184779093859,0.0003183765134995298,0.6686629574776823,0.00021288658110802885,VSL,8705114.0,1853.2019576156374,5139725.905309937
O3_MAIN,O3,Escenario beta bajo,beta_minus_1.96_se,Mortality,Respiratory mortality,251,1.1729556568173702,80,0.0001320424481591,0.00027116,1.0003181092419198,0.0003180080806104435,0.010563395852727999,3.35924523985435e-06,VSL,8705114.0,29.242612766889458,81102.33952607423
O3_MAIN,O3,Escenario beta bajo,beta_minus_1.96_se,Mortality,Respiratory mortality,252,1.181369562434366,28607,0.0001320424481591,0.00027116,1.0003203914849415,0.00032028886711554794,3.7773383144873733,0.0012098394094593142,VSL,8705114.0,10531.789981036009,29209182.287104696
O3_MAIN,O3,Escenario beta bajo,beta_minus_1.96_se,Mortality,Respiratory mortality,253,1.212317678877605,77148,0.0001320424481591,0.00027116,1.00032878610011,0.00032867803534042395,10.186810790578246,0.0033481809570318887,VSL,8705114.0,29146.296923591693,80835214.2767969
O3_MAIN,O3,Escenario beta bajo,beta_minus_1.96_se,Mortality,Respiratory mortality,254,1.2179126791977897,88376,0.0001320424481591,0.00027116,1.0003303037403626,0.00033019467582606765,11.669383398508621,0.00385316826836065,VSL,8705114.0,33542.26903726205,93027135.21601368
O3_MAIN,O3,Escenario beta bajo,beta_minus_1.96_se,Mortality,Respiratory mortality,255,1.2061527877810931,88376,0.0001320424481591,0.00027116,1.0003271138800154,0.0003270069115157703,11.669383398508621,0.003815969024439708,VSL,8705114.0,33218.44537821644,92129032.96530682
O3_MAIN,O3,Escenario beta bajo,beta_minus_1.96_se,Mortality,Respiratory mortality,256,1.195739779317373,88376,0.0001320424481591,0.00027116,1.000324289368992,0.00032418423948965547,11.669383398508621,0.0037830301823587285,VSL,8705114.0,32931.70900287352,91333789.6998395
O3_MAIN,O3,Escenario beta bajo,beta_minus_1.96_se,Mortality,Respiratory mortality,257,1.235994439563738,88377,0.0001320424481591,0.00027116,1.0003352084220232,0.00033509609498993953,11.669515440956781,0.00391040905468942,VSL,8705114.0,34040.556607703635,94409100.91250348
O3_MAIN,O3,Escenario beta bajo,beta_minus_1.96_se,Mortality,Respiratory mortality,258,1.2483245965504608,88376,0.0001320424481591,0.00027116,1.0003385529937339,0.00033843841439551436,11.669383398508621,0.003949367614364596,VSL,8705114.0,34379.69531095184,95349678.36625317
O3_MAIN,O3,Escenario beta bajo,beta_minus_1.96_se,Mortality,Respiratory mortality,259,1.2054848275059928,45742,0.0001320424481591,0.00027116,1.0003269326966755,0.0003268258466200269,6.039885663693552,0.0019739907455248082,VSL,8705114.0,17183.814474738447,47658106.57867385
O3_MAIN,O3,Escenario beta bajo,beta_minus_1.96_se,Mortality,Respiratory mortality,294,1.1849440429256806,10391,0.0001320424481591,0.00027116,1.0003213610520827,0.0003212578123340526,1.372053078821208,0.0004407827705083027,VSL,8705114.0,3837.064266510613,10641829.14866853
O3_MAIN,O3,Escenario beta bajo,beta_minus_1.96_se,Mortality,Respiratory mortality,295,1.1381535165023209,58101,0.0001320424481591,0.00027116,1.0003086693361136,0.0003085740887543986,7.671798280491869,0.0023673181635103405,VSL,8705114.0,20607.774487628154,57154219.99722255
O3_MAIN,O3,Escenario beta bajo,beta_minus_1.96_se,Mortality,Respiratory mortality,296,1.150350945913294,88049,0.0001320424481591,0.00027116,1.0003119778174538,0.0003118805176507422,11.626205517960596,0.003625986995255466,VSL,8705114.0,31564.63015621629,87542292.21415494
O3_MAIN,O3,Escenario beta bajo,beta_minus_1.96_se,Mortality,Respiratory mortality,297,1.136126458624629,88376,0.0001320424481591,0.00027116,1.0003081195095882,0.0003080246011992749,11.669383398508621,0.003594457167567057,VSL,8705114.0,31290.159411788336,86781066.81743611
O3_MAIN,O3,Escenario beta bajo,beta_minus_1.96_se,Mortality,Respiratory mortality,298,1.175587806901074,88375,0.0001320424481591,0.00027116,1.0003188232030367,0.0003187215871993665,11.669251356060462,0.0037192423136319505,VSL,8705114.0,32376.42833378988,89793757.63378286
O3_MAIN,O3,Escenario beta bajo,beta_minus_1.96_se,Mortality,Respiratory mortality,299,1.1778440199589788,88375,0.0001320424481591,0.00027116,1.000319435193011,0.00031933318675292366,11.669251356060462,0.003726379222551663,VSL,8705114.0,32438.555939543596,89966064.19940838
O3_MAIN,O3,Escenario beta bajo,beta_minus_1.96_se,Mortality,Respiratory mortality,300,1.1410648809226949,65052,0.0001320424481591,0.00027116,1.0003094590256791,0.00030936329041675314,8.589625337645773,0.0026573147579012106,VSL,8705114.0,23132.22790141244,64155614.8286143
O3_MAIN,O3,Escenario beta bajo,beta_minus_1.96_se,Mortality,Respiratory mortality,301,1.1962546502346516,35569,0.0001320424481591,0.00027116,1.0003244290266746,0.0003243238066176213,4.6966178385710275,0.0015232249756335803,VSL,8705114.0,13259.847060537539,36775257.63310663
O3_MAIN,O3,Escenario beta bajo,beta_minus_1.96_se,Mortality,Respiratory mortality,302,1.216203823014462,32382,0.0001320424481591,0.00027116,1.0003298402139733,0.0003297314552795916,4.275798556287976,0.001409865280447211,VSL,8705114.0,12273.037990934943,34038411.755198695
O3_MAIN,O3,Escenario beta bajo,beta_minus_1.96_se,Mortality,Respiratory mortality,303,1.186481021077766,24978,0.0001320424481591,0.00027116,1.000321777953098,0.0003216744453533593,3.2981562701179996,0.0010609325888789119,VSL,8705114.0,9235.539132506061,25614121.296266284
O3_MAIN,O3,Escenario beta bajo,beta_minus_1.96_se,Mortality,Respiratory mortality,304,1.1841326995857795,8201,0.0001320424481591,0.00027116,1.000321140977546,0.0003210378791278501,1.0828801173527791,0.0003476455362246536,VSL,8705114.0,3026.2940244267393,8393214.636165852
O3_MAIN,O3,Escenario beta bajo,beta_minus_1.96_se,Mortality,Respiratory mortality,337,1.1722310857005969,12381,0.0001320424481591,0.00027116,1.0003179127047348,0.0003178116683676402,1.634817550657817,0.0005195640932512599,VSL,8705114.0,4522.864662058849,12543848.539693872
O3_MAIN,O3,Escenario beta bajo,beta_minus_1.96_se,Mortality,Respiratory mortality,338,1.2037114335859869,74381,0.0001320424481591,0.00027116,1.0003264516660824,0.00032634513017093525,9.821449336522017,0.003205182162194523,VSL,8705114.0,27901.476112669814,77382790.89516184
O3_MAIN,O3,Escenario beta bajo,beta_minus_1.96_se,Mortality,Respiratory mortality,339,1.1866925144141245,88375,0.0001320424481591,0.00027116,1.0003218353200862,0.0003217317754372617,11.669251356060462,0.0037543689568090063,VSL,8705114.0,32682.209767083477,90641821.03432232
O3_MAIN,O3,Escenario beta bajo,beta_minus_1.96_se,Mortality,Respiratory mortality,340,1.211704735039282,88377,0.0001320424481591,0.00027116,1.0003286198396264,0.00032851188410365495,11.669515440956781,0.003833574504085406,VSL,8705114.0,33371.703085556925,92554082.48857613
O3_MAIN,O3,Escenario beta bajo,beta_minus_1.96_se,Mortality,Respiratory mortality,341,1.1856033708220934,88375,0.0001320424481591,0.00027116,1.000321539892905,0.00032143653823490936,11.669251356060462,0.0037509237596850967,VSL,8705114.0,32652.21893336737,90558643.55636907
O3_MAIN,O3,Escenario beta bajo,beta_minus_1.96_se,Mortality,Respiratory mortality,342,1.223325767080132,88375,0.0001320424481591,0.00027116,1.0003317720391744,0.00033166200299539206,11.669251356060462,0.003870247278207708,VSL,8705114.0,33690.94376498782,93439474.16613016
O3_MAIN,O3,Escenario beta bajo,beta_minus_1.96_se,Mortality,Respiratory mortality,343,1.187035943473873,88375,0.0001320424481591,0.00027116,1.000321928474285,0.0003218248696956749,11.669251356060462,0.003755455297110236,VSL,8705114.0,32691.666483248475,90668048.57463582
O3_MAIN,O3,Escenario beta bajo,beta_minus_1.96_se,Mortality,Respiratory mortality,344,1.216791441602389,88377,0.0001320424481591,0.00027116,1.0003299996051986,0.00032989074138423113,11.669515440956781,0.0038496651004119656,VSL,8705114.0,33511.773560907604,92942558.14702797
O3_MAIN,O3,Escenario beta bajo,beta_minus_1.96_se,Mortality,Respiratory mortality,345,1.2110776511444037,86300,0.0001320424481591,0.00027116,1.0003284497436933,0.0003283418998805132,11.39526327613033,0.0037415423937232736,VSL,8705114.0,32570.55307319398,90332149.00978838
O3_MAIN,O3,Escenario beta bajo,beta_minus_1.96_se,Mortality,Respiratory mortality,346,1.1726366874645535,33933,0.0001320424481591,0.00027116,1.00031802272268,0.0003179216163819998,4.48059639338274,0.0014244784477395992,VSL,8705114.0,12400.247278116252,34391217.808545955
O3_MAIN,O3,Escenario beta bajo,beta_minus_1.96_se,Mortality,Respiratory mortality,347,1.1870226103722192,2135,0.0001320424481591,0.00027116,1.0003219248577173,0.0003218212554554345,0.2819106268196785,9.072483184933741e-05,VSL,8705114.0,789.770003879313,2190371.821859003
O3_MAIN,O3,Escenario beta bajo,beta_minus_1.96_se,Mortality,Respiratory mortality,348,1.2013779739330823,32334,0.0001320424481591,0.00027116,1.0003258187188038,0.0003257125955432594,4.269460518776339,0.001390617067140112,VSL,8705114.0,12105.48009980033,33573701.67318923
O3_MAIN,O3,Escenario beta bajo,beta_minus_1.96_se,Mortality,Respiratory mortality,349,1.2269339614200483,30021,0.0001320424481591,0.00027116,1.0003327507622355,0.0003326400759967596,3.964046336184341,0.0013186006745230356,VSL,8705114.0,11478.56919219992,31835008.154723022
O3_MAIN,O3,Escenario beta bajo,beta_minus_1.96_se,Mortality,Respiratory mortality,350,1.1959728507249423,41325,0.0001320424481591,0.00027116,1.0003243525891319,0.0003242474186421207,5.456654170174807,0.0017693060291019444,VSL,8705114.0,15402.010684219744,42716398.49193556
O3_MAIN,O3,Escenario beta bajo,beta_minus_1.96_se,Mortality,Respiratory mortality,351,1.222860432346721,31973,0.0001320424481591,0.00027116,1.000331645817153,0.00033153586467027374,4.221793194990904,0.001399675857360387,VSL,8705114.0,12184.337901369909,33792408.26579634
O3_MAIN,O3,Escenario beta bajo,beta_minus_1.96_se,Mortality,Respiratory mortality,352,1.1960015519636062,11823,0.0001320424481591,0.00027116,1.0003243603742842,0.00032425519874645925,1.5611378645850391,0.0005062070685516449,VSL,8705114.0,4406.590239347884,12221369.5675146
O3_MAIN,O3,Escenario beta bajo,beta_minus_1.96_se,Mortality,Respiratory mortality,353,1.180438649493249,30,0.0001320424481591,0.00027116,1.0003201389777447,0.0003200365215799694,0.003961273444773,1.267752174292254e-06,VSL,8705114.0,11.03592720096194,30607.37157696387
O3_MAIN,O3,Escenario beta bajo,beta_minus_1.96_se,Mortality,Respiratory mortality,360,1.1948769685263283,26038,0.0001320424481591,0.00027116,1.0003240553333748,0.00032395035553423046,3.4381212651666457,0.0011137806062205332,VSL,8705114.0,9695.587148138851,26890032.264262732
O3_MAIN,O3,Escenario beta bajo,beta_minus_1.96_se,Mortality,Respiratory mortality,361,1.1974283230492304,20956,0.0001320424481591,0.00027116,1.000324747383096,0.00032464195647041727,2.7670815436220995,0.0008983107660346607,VSL,8705114.0,7819.897625759049,21687938.67220892
O3_MAIN,O3,Escenario beta bajo,beta_minus_1.96_se,Mortality,Respiratory mortality,379,1.210626821153074,54999,0.0001320424481591,0.00027116,1.0003283274564883,0.0003282196929513814,7.26220260630234,0.002383597909591276,VSL,8705114.0,20749.49153315375,57547262.3027946
O3_MAIN,O3,Escenario beta bajo,beta_minus_1.96_se,Mortality,Respiratory mortality,380,1.1838941809604222,88376,0.0001320424481591,0.00027116,1.0003210762800674,0.00032097322317892196,11.669383398508621,0.0037455596019299146,VSL,8705114.0,32605.523328594525,90429136.5652239
O3_MAIN,O3,Escenario beta bajo,beta_minus_1.96_se,Mortality,Respiratory mortality,381,1.1803159876444482,88376,0.0001320424481591,0.00027116,1.0003201057061104,0.000320003271237268,11.669383398508621,0.0037342408608446267,VSL,8705114.0,32506.99239711061,90155867.92391847
O3_MAIN,O3,Escenario beta bajo,beta_minus_1.96_se,Mortality,Respiratory mortality,382,1.1858838442133075,88375,0.0001320424481591,0.00027116,1.0003216159705268,0.00032151256695056585,11.669251356060462,0.0037518109578783708,VSL,8705114.0,32659.942094780417,90580063.20392685
O3_MAIN,O3,Escenario beta bajo,beta_minus_1.96_se,Mortality,Respiratory mortality,383,1.179536608481344,88376,0.0001320424481591,0.00027116,1.0003198943020288,0.0003197920023894074,11.669383398508621,0.0037317754836587802,VSL,8705114.0,32485.53100765482,90096346.2625601
O3_MAIN,O3,Escenario beta bajo,beta_minus_1.96_se,Mortality,Respiratory mortality,384,1.2067633069576704,88377,0.0001320424481591,0.00027116,1.0003272794825622,0.00032717240574653417,11.669515440956781,0.0038179434407141573,VSL,8705114.0,33235.63289696898,92176701.34544067
O3_MAIN,O3,Escenario beta bajo,beta_minus_1.96_se,Mortality,Respiratory mortality,385,1.203730222226465,88376,0.0001320424481591,0.00027116,1.0003264567624734,0.00032635022323601603,11.669383398508621,0.003808305877129948,VSL,8705114.0,33151.736807286194,91944021.41343175
O3_MAIN,O3,Escenario beta bajo,beta_minus_1.96_se,Mortality,Respiratory mortality,386,1.1819986974169456,88376,0.0001320424481591,0.00027116,1.0003205621358553,0.0003204594087028445,11.669383398508621,0.003739563703812863,VSL,8705114.0,32553.32835195321,90284377.45115758
O3_MAIN,O3,Escenario beta bajo,beta_minus_1.96_se,Mortality,Respiratory mortality,387,1.2013490386160068,88291,0.0001320424481591,0.00027116,1.000325810870147,0.0003257047519982237,11.658159790415098,0.003797118043292813,VSL,8705114.0,33054.345438320874,91673913.26900226
O3_MAIN,O3,Escenario beta bajo,beta_minus_1.96_se,Mortality,Respiratory mortality,388,1.1862717370073543,86731,0.0001320424481591,0.00027116,1.0003217211853703,0.00032161771413807827,11.452173571286902,0.003683221885909806,VSL,8705114.0,32062.866404139855,88924115.5712336
O3_MAIN,O3,Escenario beta bajo,beta_minus_1.96_se,Mortality,Respiratory mortality,389,1.1982987950281938,88377,0.0001320424481591,0.00027116,1.0003249834969583,0.0003248779169967575,11.669515440956781,0.003791167868819537,VSL,8705114.0,33002.54849121111,91530258.06197964
O3_MAIN,O3,Escenario beta bajo,beta_minus_1.96_se,Mortality,Respiratory mortality,390,1.1723789476985207,88377,0.0001320424481591,0.00027116,1.0003179528117414,0.0003178517498837463,11.669515440956781,0.00370917590320351,VSL,8705114.0,32288.79908343952,89550724.04198366
O3_MAIN,O3,Escenario beta bajo,beta_minus_1.96_se,Mortality,Respiratory mortality,391,1.2017904470992598,88376,0.0001320424481591,0.00027116,1.0003259306014756,0.0003258244053310211,11.669383398508621,0.0038021699063987614,VSL,8705114.0,33098.32248257055,91795880.52283563
O3_MAIN,O3,Escenario beta bajo,beta_minus_1.96_se,Mortality,Respiratory mortality,392,1.2239576264658982,88377,0.0001320424481591,0.00027116,1.0003319434310243,0.00033183328114649857,11.669515440956781,0.0038723335981624175,VSL,8705114.0,33709.105418034036,93489844.23953813
O3_MAIN,O3,Escenario beta bajo,beta_minus_1.96_se,Mortality,Respiratory mortality,393,1.19766668068565,88376,0.0001320424481591,0.00027116,1.0003248120371444,0.00032470656854233226,11.669383398508621,0.003789125440334594,VSL,8705114.0,32984.76891841284,91480947.66139372
O3_MAIN,O3,Escenario beta bajo,beta_minus_1.96_se,Mortality,Respiratory mortality,394,1.198265237048604,65713,0.0001320424481591,0.00027116,1.0003249743944194,0.0003248688203711936,8.676905395878938,0.002818856020431635,VSL,8705114.0,24538.463007443712,68055709.45873462
O3_MAIN,O3,Escenario beta bajo,beta_minus_1.96_se,Mortality,Respiratory mortality,395,1.21585353616587,29100,0.0001320424481591,0.00027116,1.0003297451988664,0.00032963650281236934,3.84243524142981,0.0012666069152679246,VSL,8705114.0,11025.957590595624,30579721.56048562
O3_MAIN,O3,Escenario beta bajo,beta_minus_1.96_se,Mortality,Respiratory mortality,396,1.1820777194357532,7120,0.0001320424481591,0.00027116,1.000320583570335,0.00032048082944657885,0.9401422308927919,0.000301297561954279,VSL,8705114.0,2622.829624734062,7274234.366126188
O3_MAIN,O3,Escenario beta bajo,beta_minus_1.96_se,Mortality,Respiratory mortality,397,1.1851092859507464,2535,0.0001320424481591,0.00027116,1.0003214058737817,0.00032130260523710596,0.3347276060833185,0.00010754885187934999,VSL,8705114.0,936.2250161788559,2596554.546620924
O3_MAIN,O3,Escenario beta bajo,beta_minus_1.96_se,Mortality,Respiratory mortality,398,1.2009051065905645,10141,0.0001320424481591,0.00027116,1.000325690454326,0.0003255844145901854,1.3390424667814331,0.00043597135765843065,VSL,8705114.0,3795.180369151412,10525667.0912156
O3_MAIN,O3,Escenario beta bajo,beta_minus_1.96_se,Mortality,Respiratory mortality,400,1.1472571905725388,7025,0.0001320424481591,0.00027116,1.0003111386533887,0.000311041876238094,0.9275981983176774,0.000288521883999806,VSL,8705114.0,2511.615891713087,6965790.8625538265
O3_MAIN,O3,Escenario beta bajo,beta_minus_1.96_se,Mortality,Respiratory mortality,401,1.1578197978892213,87066,0.0001320424481591,0.00027116,1.0003140037052414,0.00031390513786511143,11.4964077914202,0.003608781472719299,VSL,8705114.0,31414.85412110939,87126898.86510842
O3_MAIN,O3,Escenario beta bajo,beta_minus_1.96_se,Mortality,Respiratory mortality,402,1.2004318112434866,76970,0.0001320424481591,0.00027116,1.0003255620737694,0.0003254561176008197,10.163307234805927,0.0033077105146242596,VSL,8705114.0,28793.997108802847,79858135.40146707
O3_MAIN,O3,Escenario beta bajo,beta_minus_1.96_se,Mortality,Respiratory mortality,403,1.201548509669342,682,0.0001320424481591,0.00027116,1.0003258649763418,0.0003257588229507169,0.09005294964450619,2.9335542879434518e-05,VSL,8705114.0,255.36924501736573,708248.7252085126
O3_MAIN,O3,Escenario beta bajo,beta_minus_1.96_se,Mortality,Respiratory mortality,420,1.186618477550894,45834,0.0001320424481591,0.00027116,1.0003218152377895,0.0003217117060602126,6.052033568924189,0.001947010044592278,VSL,8705114.0,16948.944397320865,47006710.859861605
O3_MAIN,O3,Escenario beta bajo,beta_minus_1.96_se,Mortality,Respiratory mortality,421,1.1870357394708648,88376,0.0001320424481591,0.00027116,1.0003219284189497,0.0003218248143960212,11.669383398508621,0.003755497146341048,VSL,8705114.0,32692.030785573505,90669058.94163312
O3_MAIN,O3,Escenario beta bajo,beta_minus_1.96_se,Mortality,Respiratory mortality,422,1.2042733902735223,88378,0.0001320424481591,0.00027116,1.0003266040960141,0.000326497460606201,11.669647483404939,0.0038101102695012566,VSL,8705114.0,33167.44424857916,91987584.9023369
O3_MAIN,O3,Escenario beta bajo,beta_minus_1.96_se,Mortality,Respiratory mortality,423,1.1996249697981725,88378,0.0001320424481591,0.00027116,1.0003253432194394,0.0003252374056548213,11.669647483404939,0.0037954058724089363,VSL,8705114.0,33039.440795589246,91632576.28571108
O3_MAIN,O3,Escenario beta bajo,beta_minus_1.96_se,Mortality,Respiratory mortality,424,1.164736635946614,88378,0.0001320424481591,0.00027116,1.0003158798657443,0.00031578011716337784,11.669647483404939,0.0036850426495649287,VSL,8705114.0,32078.716359324753,88968074.31244205
O3_MAIN,O3,Escenario beta bajo,beta_minus_1.96_se,Mortality,Respiratory mortality,425,1.1808369207077511,88377,0.0001320424481591,0.00027116,1.0003202470075467,0.0003201444822342747,11.669515440956781,0.0037359309787699828,VSL,8705114.0,32521.70506632428,90196672.48209575
O3_MAIN,O3,Escenario beta bajo,beta_minus_1.96_se,Mortality,Respiratory mortality,426,1.204176388496922,88377,0.0001320424481591,0.00027116,1.0003265777844221,0.00032647116619199945,11.669515440956781,0.003809760314904705,VSL,8705114.0,33164.39785392136,91979135.9400011
O3_MAIN,O3,Escenario beta bajo,beta_minus_1.96_se,Mortality,Respiratory mortality,427,1.2141050090072003,88377,0.0001320424481591,0.00027116,1.0003292709120124,0.00032916252836634463,11.669515440956781,0.003841167207355433,VSL,8705114.0,33437.798433090684,92737393.3082867
O3_MAIN,O3,Escenario beta bajo,beta_minus_1.96_se,Mortality,Respiratory mortality,428,1.15647247604225,88377,0.0001320424481591,0.00027116,1.0003136382507982,0.00031353991268834314,11.669515440956781,0.003658858852472861,VSL,8705114.0,31850.78342068544,88335918.2624316
O3_MAIN,O3,Escenario beta bajo,beta_minus_1.96_se,Mortality,Respiratory mortality,429,1.2129186070006703,88376,0.0001320424481591,0.00027116,1.000328949101368,0.0003288409294397443,11.669383398508621,0.0038373708827542973,VSL,8705114.0,33404.750994656795,92645738.55111098
O3_MAIN,O3,Escenario beta bajo,beta_minus_1.96_se,Mortality,Respiratory mortality,430,1.209079351017092,88378,0.0001320424481591,0.00027116,1.0003279077068041,0.0003278002185862494,11.669647483404939,0.0038253129958846143,VSL,8705114.0,33299.7857148571,92354624.69515611
O3_MAIN,O3,Escenario beta bajo,beta_minus_1.96_se,Mortality,Respiratory mortality,431,1.2288635496530524,88377,0.0001320424481591,0.00027116,1.000333274163622,0.0003331631289588133,11.669515440956781,0.0038878522777423467,VSL,8705114.0,33844.19729290679,93864512.09806648
O3_MAIN,O3,Escenario beta bajo,beta_minus_1.96_se,Mortality,Respiratory mortality,432,1.2243485483087593,88377,0.0001320424481591,0.00027116,1.0003320494685837,0.00033193924833263555,11.669515440956781,0.0038735701838772778,VSL,8705114.0,33719.87003765267,93519699.15852703
O3_MAIN,O3,Escenario beta bajo,beta_minus_1.96_se,Mortality,Respiratory mortality,433,1.2213075587694036,88376,0.0001320424481591,0.00027116,1.000331224600394,0.00033111492698467693,11.669383398508621,0.0038639070319533833,VSL,8705114.0,33635.751198555845,93286401.44661073
O3_MAIN,O3,Escenario beta bajo,beta_minus_1.96_se,Mortality,Respiratory mortality,434,1.2324489109188708,88374,0.0001320424481591,0.00027116,1.000334246694667,0.0003341350111438768,11.669119313612303,0.0038990613118930744,VSL,8705114.0,33941.773213018765,94135132.08218263
O3_MAIN,O3,Escenario beta bajo,beta_minus_1.96_se,Mortality,Respiratory mortality,435,1.2398979341926548,88373,0.0001320424481591,0.00027116,1.0003362672489957,0.00033615421134380874,11.668987271164143,0.003922579213319125,VSL,8705114.0,34146.499225973304,94702925.34829113
O3_MAIN,O3,Escenario beta bajo,beta_minus_1.96_se,Mortality,Respiratory mortality,436,1.1830511413523173,88373,0.0001320424481591,0.00027116,1.0003208476080758,0.00032074469790677185,11.668987271164143,0.003742765797167509,VSL,8705114.0,32581.20293964404,90361685.66889697
O3_MAIN,O3,Escenario beta bajo,beta_minus_1.96_se,Mortality,Respiratory mortality,437,1.1881030377086237,87523,0.0001320424481591,0.00027116,1.0003222179207507,0.00032211412980542864,11.556751190228908,0.0037225928530184365,VSL,8705114.0,32405.595161110734,89874649.78767934
O3_MAIN,O3,Escenario beta bajo,beta_minus_1.96_se,Mortality,Respiratory mortality,438,1.2178153936124136,83412,0.0001320424481591,0.00027116,1.0003302773516902,0.0003301683045769943,11.013924685846849,0.003636448840264759,VSL,8705114.0,31655.701709672518,87794872.79265705
O3_MAIN,O3,Escenario beta bajo,beta_minus_1.96_se,Mortality,Respiratory mortality,439,1.1890365967789975,83452,0.0001320424481591,0.00027116,1.0003224711462277,0.0003223671921097626,11.019206383773213,0.003552230621214942,VSL,8705114.0,30922.572511966886,85761590.28186432
O3_MAIN,O3,Escenario beta bajo,beta_minus_1.96_se,Mortality,Respiratory mortality,440,1.2228347235853896,77384,0.0001320424481591,0.00027116,1.0003316388436534,0.00033152889579379785,10.217972808343793,0.0033875532424012694,VSL,8705114.0,29489.037156172682,81785780.320044
O3_MAIN,O3,Escenario beta bajo,beta_minus_1.96_se,Mortality,Respiratory mortality,441,1.1735743940772403,85838,0.0001320424481591,0.00027116,1.0003182770721006,0.00031817580403736834,11.334259665080825,0.0036062871821054047,VSL,8705114.0,31393.141036966306,87066679.14615346
O3_MAIN,O3,Escenario beta bajo,beta_minus_1.96_se,Mortality,Respiratory mortality,442,1.4420699173241331,88372,0.0001320424481591,0.00027116,1.0003911081416346,0.0003909552358588586,11.668855228715985,0.004562000048145534,VSL,8705114.0,39712.730487112356,110140478.11487201
O3_MAIN,O3,Escenario beta bajo,beta_minus_1.96_se,Mortality,Respiratory mortality,443,1.136355654777292,88316,0.0001320424481591,0.00027116,1.0003081816775683,0.0003080867308826729,11.661460851619076,0.003592741351091592,VSL,8705114.0,31275.22303376633,86739641.81853855
O3_MAIN,O3,Escenario beta bajo,beta_minus_1.96_se,Mortality,Respiratory mortality,444,1.21922507990233,45597,0.0001320424481591,0.00027116,1.0003306597285464,0.0003305504288312333,6.0207395087104825,0.001990158026485399,VSL,8705114.0,17324.552498570418,48048433.63611015
O3_MAIN,O3,Escenario beta bajo,beta_minus_1.96_se,Mortality,Respiratory mortality,445,1.266912072970122,57394,0.0001320424481591,0.00027116,1.000343594892914,0.0003434768760135487,7.578444269643385,0.0026030203627798896,VSL,8705114.0,22659.589002320296,62844783.926705174
O3_MAIN,O3,Escenario beta bajo,beta_minus_1.96_se,Mortality,Respiratory mortality,446,1.1478842595643162,8084,0.0001320424481591,0.00027116,1.0003113087423356,0.00031121185936311413,1.0674311509181644,0.00033219723321935085,VSL,8705114.0,2891.8147856590363,8020245.88099034
O3_MAIN,O3,Escenario beta bajo,beta_minus_1.96_se,Mortality,Respiratory mortality,461,1.2131297251515587,22921,0.0001320424481591,0.00027116,1.0003290063669987,0.000328898157410773,3.026544954254731,0.0009954250587752534,VSL,8705114.0,8665.288615095282,24032571.403763708
O3_MAIN,O3,Escenario beta bajo,beta_minus_1.96_se,Mortality,Respiratory mortality,462,1.1888033263364566,74661,0.0001320424481591,0.00027116,1.000322407872219,0.0003223039588854393,9.858421222006564,0.0031774081882129457,VSL,8705114.0,27659.70050292715,76712243.16583323
O3_MAIN,O3,Escenario beta bajo,beta_minus_1.96_se,Mortality,Respiratory mortality,463,1.1983284647021275,80098,0.0001320424481591,0.00027116,1.0003249915448016,0.0003248859596117759,10.576336012647591,0.0034361030746455964,VSL,8705114.0,29911.668980540428,82957920.10070023
O3_MAIN,O3,Escenario beta bajo,beta_minus_1.96_se,Mortality,Respiratory mortality,464,1.2238407999166796,82755,0.0001320424481591,0.00027116,1.0003319117418221,0.0003318016129709722,10.92717279740632,0.003625653559391947,VSL,8705114.0,31561.72755901267,87534242.0639925
O3_MAIN,O3,Escenario beta bajo,beta_minus_1.96_se,Mortality,Respiratory mortality,465,1.2170437017560527,88371,0.0001320424481591,0.00027116,1.000330068030637,0.00032995912167965713,11.668723186267826,0.003850201653663982,VSL,8705114.0,33516.44431813348,92955512.16524093
O3_MAIN,O3,Escenario beta bajo,beta_minus_1.96_se,Mortality,Respiratory mortality,466,1.2001839509676504,88371,0.0001320424481591,0.00027116,1.0003254948420983,0.00032538892967992616,11.668723186267826,0.0037968733483110255,VSL,8705114.0,33052.21534060918,91668005.59210572
O3_MAIN,O3,Escenario beta bajo,beta_minus_1.96_se,Mortality,Respiratory mortality,467,1.2160809437310771,88369,0.0001320424481591,0.00027116,1.000329806883037,0.00032969814631911287,11.668459101371507,0.0038470693361225675,VSL,8705114.0,33489.17713685127,92879888.54665741
O3_MAIN,O3,Escenario beta bajo,beta_minus_1.96_se,Mortality,Respiratory mortality,468,1.2052921616614984,60568,0.0001320424481591,0.00027116,1.0003268804363263,0.0003267736204226601,7.997547000100369,0.002613387387723182,VSL,8705114.0,22749.835136292502,63095075.26204771
O3_MAIN,O3,Escenario beta bajo,beta_minus_1.96_se,Mortality,Respiratory mortality,469,1.169640795770496,37663,0.0001320424481591,0.00027116,1.0003172100986675,0.00031710950832908313,4.973114725016183,0.0015770219653140052,VSL,8705114.0,13728.155988562461,38074079.663358785
O3_MAIN,O3,Escenario beta bajo,beta_minus_1.96_se,Mortality,Respiratory mortality,470,1.1826402710219297,14834,0.0001320424481591,0.00027116,1.0003207361607371,0.00032063332203646766,1.9587176759920892,0.0006280301553848931,VSL,8705114.0,5467.074098063208,15162547.315791443
O3_MAIN,O3,Escenario beta bajo,beta_minus_1.96_se,Mortality,Respiratory mortality,471,1.1718448635539822,56261,0.0001320424481591,0.00027116,1.0003178079434485,0.00031770697364863487,7.428840175879125,0.002360194329997949,VSL,8705114.0,20545.760704785767,56982229.111473985
O3_MAIN,O3,Escenario beta bajo,beta_minus_1.96_se,Mortality,Respiratory mortality,472,1.1786405039095342,87172,0.0001320424481591,0.00027116,1.0003196512366122,0.000319549092349769,11.510404290925065,0.003678139243743991,VSL,8705114.0,32018.62142466523,88801405.21780929
O3_MAIN,O3,Escenario beta bajo,beta_minus_1.96_se,Mortality,Respiratory mortality,473,1.1730753496273696,88375,0.0001320424481591,0.00027116,1.0003181417081473,0.0003180405261909991,11.669251356060462,0.0037112948415364993,VSL,8705114.0,32307.24468318716,89601881.62169176
O3_MAIN,O3,Escenario beta bajo,beta_minus_1.96_se,Mortality,Respiratory mortality,474,1.1793481064894404,88372,0.0001320424481591,0.00027116,1.0003198431714788,0.000319740904533905,11.668855228715985,0.0037310103257048362,VSL,8705114.0,32478.87022043773,90077873.03546861
O3_MAIN,O3,Escenario beta bajo,beta_minus_1.96_se,Mortality,Respiratory mortality,475,1.1673755487412265,88373,0.0001320424481591,0.00027116,1.0003165956596272,0.00031649545853884575,11.668987271164143,0.00369318147707105,VSL,8705114.0,32149.565780591878,89164570.22286692
O3_MAIN,O3,Escenario beta bajo,beta_minus_1.96_se,Mortality,Respiratory mortality,476,1.1764000482752444,88372,0.0001320424481591,0.00027116,1.000319043520652,0.00031894176434854593,11.668855228715985,0.003721685274574432,VSL,8705114.0,32397.69458729173,89852738.0992325
O3_MAIN,O3,Escenario beta bajo,beta_minus_1.96_se,Mortality,Respiratory mortality,477,1.185246929429308,88373,0.0001320424481591,0.00027116,1.000321443209184,0.0003213399166499542,11.668987271164143,0.0037497113971052625,VSL,8705114.0,32641.66517890058,90529373.45711823
O3_MAIN,O3,Escenario beta bajo,beta_minus_1.96_se,Mortality,Respiratory mortality,478,1.1759300519167066,88371,0.0001320424481591,0.00027116,1.0003189160357873,0.0003188143607750771,11.668723186267826,0.0037201565236912974,VSL,8705114.0,32384.386636576444,89815829.42948021
O3_MAIN,O3,Escenario beta bajo,beta_minus_1.96_se,Mortality,Respiratory mortality,479,1.2302732832786276,88373,0.0001320424481591,0.00027116,1.0003336565544634,0.0003335452648995929,11.668987271164143,0.003892135450470422,VSL,8705114.0,33881.482799786376,93967920.84141152
O3_MAIN,O3,Escenario beta bajo,beta_minus_1.96_se,Mortality,Respiratory mortality,480,1.2362484538491163,88373,0.0001320424481591,0.00027116,1.0003352773236278,0.0003351649504202969,11.668987271164143,0.003911035540194806,VSL,8705114.0,34046.010235447364,94424226.16729678
O3_MAIN,O3,Escenario beta bajo,beta_minus_1.96_se,Mortality,Respiratory mortality,481,1.384887451298802,88374,0.0001320424481591,0.00027116,1.00037559660004,0.0003754555802005788,11.669119313612303,0.004381235962322086,VSL,8705114.0,38139.15851291347,105776286.3944696
O3_MAIN,O3,Escenario beta bajo,beta_minus_1.96_se,Mortality,Respiratory mortality,482,1.3754664085314037,88374,0.0001320424481591,0.00027116,1.0003730410338445,0.0003729019261246025,11.669119313612303,0.004351437068223827,VSL,8705114.0,37879.755742714195,105056850.96951582
O3_MAIN,O3,Escenario beta bajo,beta_minus_1.96_se,Mortality,Respiratory mortality,483,1.2712506706458946,88373,0.0001320424481591,0.00027116,1.0003447717519756,0.00034465292538277126,11.668987271164143,0.004021750599261043,VSL,8705114.0,35009.79744613569,97097222.53103611
O3_MAIN,O3,Escenario beta bajo,beta_minus_1.96_se,Mortality,Respiratory mortality,484,1.2531441421510792,88373,0.0001320424481591,0.00027116,1.0003398603050173,0.000339744839232603,11.668987271164143,0.003964478204448953,VSL,8705114.0,34511.23472024345,95714493.71016477
O3_MAIN,O3,Escenario beta bajo,beta_minus_1.96_se,Mortality,Respiratory mortality,485,1.5713776203800442,88373,0.0001320424481591,0.00027116,1.0004261855468073,0.00042600399006387235,11.668987271164143,0.004971035137520462,VSL,8705114.0,43273.427570121305,120015822.22580153
O3_MAIN,O3,Escenario beta bajo,beta_minus_1.96_se,Mortality,Respiratory mortality,486,1.338883645908977,88372,0.0001320424481591,0.00027116,1.0003631176006653,0.0003629857941347403,11.668855228715985,0.0042356286818387885,VSL,8705114.0,36871.63053707638,102260886.28044374
O3_MAIN,O3,Escenario beta bajo,beta_minus_1.96_se,Mortality,Respiratory mortality,487,1.2535211968097997,66848,0.0001320424481591,0.00027116,1.0003399625819118,0.00033984704663236887,8.826773574539516,0.002999752930599892,VSL,8705114.0,26113.191232706147,72423107.9605242
O3_MAIN,O3,Escenario beta bajo,beta_minus_1.96_se,Mortality,Respiratory mortality,488,0.638176184258521,6168,0.0001320424481591,0.00027116,1.0001730628277672,0.0001730328822072691,0.8144378202453287,0.00014092452341565496,VSL,8705114.0,1226.7640417289458,3402344.19625231
O3_MAIN,O3,Escenario beta bajo,beta_minus_1.96_se,Mortality,Respiratory mortality,503,1.1791937668314445,110,0.0001320424481591,0.00027116,1.0003198013073524,0.00031969906717277397,0.014524669297501,4.6435232254040995e-06,VSL,8705114.0,40.42239903879038,112108.6941661524
O3_MAIN,O3,Escenario beta bajo,beta_minus_1.96_se,Mortality,Respiratory mortality,504,1.1869848774548115,585,0.0001320424481591,0.00027116,1.0003219146227655,0.0003218110270901686,0.0772448321730735,2.4858238779024485e-05,VSL,8705114.0,216.39380241062895,600153.0634197106
O3_MAIN,O3,Escenario beta bajo,beta_minus_1.96_se,Mortality,Respiratory mortality,505,1.151704528232445,30061,0.0001320424481591,0.00027116,1.0003123449694105,0.0003122474404931852,3.969328034110705,0.0012394125191289142,VSL,8705114.0,10789.227272044378,29923166.59310604
O3_MAIN,O3,Escenario beta bajo,beta_minus_1.96_se,Mortality,Respiratory mortality,506,1.165630002799773,71500,0.0001320424481591,0.00027116,1.00031612218765,0.0003160222859937001,9.44103504337565,0.002983577476554204,VSL,8705114.0,25972.382061236673,72032583.58009562
O3_MAIN,O3,Escenario beta bajo,beta_minus_1.96_se,Mortality,Respiratory mortality,507,1.156950273693791,36518,0.0001320424481591,0.00027116,1.0003137678510525,0.00031366943166899475,4.8219261218740135,0.0015124908261981017,VSL,8705114.0,13166.405066008661,36516102.8022204
O3_MAIN,O3,Escenario beta bajo,beta_minus_1.96_se,Mortality,Respiratory mortality,508,1.1766197406957737,32087,0.0001320424481591,0.00027116,1.0003191031114564,0.0003190013171435746,4.236846034081042,0.0013515594654063827,VSL,8705114.0,11765.479224141618,32630733.044611085
O3_MAIN,O3,Escenario beta bajo,beta_minus_1.96_se,Mortality,Respiratory mortality,509,1.1634886681296075,423,0.0001320424481591,0.00027116,1.000315541359955,0.00031544182501253015,0.055853955571299296,1.7618673679579427e-05,VSL,8705114.0,153.37256290953837,425368.067150201
O3_MAIN,O3,Escenario beta bajo,beta_minus_1.96_se,Mortality,Respiratory mortality,513,1.148436882071039,29744,0.0001320424481591,0.00027116,1.0003114586381152,0.0003113616618359849,3.9274705780442702,0.0012228637659918002,VSL,8705114.0,10645.168489427944,29523629.64363414
O3_MAIN,O3,Escenario beta bajo,beta_minus_1.96_se,Mortality,Respiratory mortality,514,1.1834874498277976,78902,0.0001320424481591,0.00027116,1.0003209659554484,0.0003208629693588483,10.418413244649308,0.00334288300968573,VSL,8705114.0,29100.177687977386,80707305.80516712
O3_MAIN,O3,Escenario beta bajo,beta_minus_1.96_se,Mortality,Respiratory mortality,515,1.2153096103605705,84667,0.0001320424481591,0.00027116,1.0003295976593216,0.0003294890604984557,11.17963795828652,0.0036835684075886992,VSL,8705114.0,32065.88291485809,88932481.65255487
O3_MAIN,O3,Escenario beta bajo,beta_minus_1.96_se,Mortality,Respiratory mortality,516,1.1876636544292296,40091,0.0001320424481591,0.00027116,1.0003220987391976,0.00032199502500607213,5.293713789146478,0.001704549503911209,VSL,8705114.0,14838.29775019052,41152980.12931089
O3_MAIN,O3,Escenario beta bajo,beta_minus_1.96_se,Mortality,Respiratory mortality,517,1.1700484587346978,41250,0.0001320424481591,0.00027116,1.000317320675628,0.00031722001515854803,5.446750986562875,0.0017278184305223115,VSL,8705114.0,15040.8564089978,41714762.390406765
O3_MAIN,O3,Escenario beta bajo,beta_minus_1.96_se,Mortality,Respiratory mortality,518,1.2070993597134283,71036,0.0001320424481591,0.00027116,1.0003273706364546,0.0003272634999943458,9.379767347429826,0.0030696554912525657,VSL,8705114.0,26721.700992079586,74110767.18246329
O3_MAIN,O3,Escenario beta bajo,beta_minus_1.96_se,Mortality,Respiratory mortality,519,1.1628859871746418,88373,0.0001320424481591,0.00027116,1.000315377885434,0.0003152784535819242,11.668987271164143,0.0036789802617197887,VSL,8705114.0,32025.942582020598,88821709.93525338
O3_MAIN,O3,Escenario beta bajo,beta_minus_1.96_se,Mortality,Respiratory mortality,520,1.1457694713710858,88373,0.0001320424481591,0.00027116,1.000310735118015,0.00031063859169555563,11.668987271164143,0.003624837772427794,VSL,8705114.0,31554.626040490006,87514546.4994762
O3_MAIN,O3,Escenario beta bajo,beta_minus_1.96_se,Mortality,Respiratory mortality,521,1.1539166091116435,88375,0.0001320424481591,0.00027116,1.0003129449847947,0.00031284708086987134,11.669251356060462,0.003650691222680303,VSL,8705114.0,31779.683272231425,88138726.9777048
O3_MAIN,O3,Escenario beta bajo,beta_minus_1.96_se,Mortality,Respiratory mortality,522,1.1529720959698366,88374,0.0001320424481591,0.00027116,1.0003126887904945,0.0003125910467781656,11.669119313612303,0.003647662221221379,VSL,8705114.0,31753.315469225327,88065597.72181359
O3_MAIN,O3,Escenario beta bajo,beta_minus_1.96_se,Mortality,Respiratory mortality,523,0.9914789056491315,88374,0.0001320424481591,0.00027116,1.0002688855633002,0.00026881328328898224,11.669119313612303,0.003136814275782998,VSL,8705114.0,27306.325867518437,75732183.35075165
O3_MAIN,O3,Escenario beta bajo,beta_minus_1.96_se,Mortality,Respiratory mortality,524,0.9923417995965648,88375,0.0001320424481591,0.00027116,1.0002691196085647,0.000269047202686834,11.669251356060462,0.003139579434797612,VSL,8705114.0,27330.39689196878,75798942.65209296
O3_MAIN,O3,Escenario beta bajo,beta_minus_1.96_se,Mortality,Respiratory mortality,525,0.8794979294172576,88374,0.0001320424481591,0.00027116,1.0002385130982678,0.00023845622333507066,11.669119313612303,0.0027825741211703215,VSL,8705114.0,24222.624938237463,67179754.68245593
O3_MAIN,O3,Escenario beta bajo,beta_minus_1.96_se,Mortality,Respiratory mortality,526,1.1968218567580229,88375,0.0001320424481591,0.00027116,1.0003245828803056,0.0003244775604445138,11.669251356060462,0.0037864102122283335,VSL,8705114.0,32961.13254821183,91415393.84318714
O3_MAIN,O3,Escenario beta bajo,beta_minus_1.96_se,Mortality,Respiratory mortality,527,1.201268731613217,88375,0.0001320424481591,0.00027116,1.0003257890870054,0.0003256829830436958,11.669251356060462,0.003800476591528464,VSL,8705114.0,33083.581983586715,91754998.7807389
O3_MAIN,O3,Escenario beta bajo,beta_minus_1.96_se,Mortality,Respiratory mortality,528,1.2267410617402297,88375,0.0001320424481591,0.00027116,1.0003326984381546,0.00033258778671740874,11.669251356060462,0.0038810504811612697,VSL,8705114.0,33784.986878263706,93700296.1577829
O3_MAIN,O3,Escenario beta bajo,beta_minus_1.96_se,Mortality,Respiratory mortality,529,1.1782363005153762,82303,0.0001320424481591,0.00027116,1.000319541597791,0.00031943952357516014,10.867489610838406,0.003471505703744223,VSL,8705114.0,30219.85290274369,83812646.63605642
O3_MAIN,O3,Escenario beta bajo,beta_minus_1.96_se,Mortality,Respiratory mortality,530,1.2747448293434331,53223,0.0001320424481591,0.00027116,1.00034571955516,0.0003456000744560539,7.027695218371779,0.0024287719907237406,VSL,8705114.0,21142.737059257106,58637901.242255434
O3_MAIN,O3,Escenario beta bajo,beta_minus_1.96_se,Mortality,Respiratory mortality,531,1.2281300047546893,8740,0.0001320424481591,0.00027116,1.0003330751893162,0.0003329642871732208,1.154050996910534,0.00038425776754786076,VSL,8705114.0,3345.0076718896285,9277144.627448851
O3_MAIN,O3,Escenario beta bajo,beta_minus_1.96_se,Mortality,Respiratory mortality,546,1.2133562841340524,33,0.0001320424481591,0.00027116,1.0003290678209464,0.00032895957093714845,0.0043574007892503,1.4334086940329706e-06,VSL,8705114.0,12.477986090148129,34606.820961999525
O3_MAIN,O3,Escenario beta bajo,beta_minus_1.96_se,Mortality,Respiratory mortality,547,1.189699187737455,5126,0.0001320424481591,0.00027116,1.000322650872346,0.00032254680233878563,0.6768495892635465,0.0002183156706812774,VSL,8705114.0,1900.4628012669775,5270800.546917873
O3_MAIN,O3,Escenario beta bajo,beta_minus_1.96_se,Mortality,Respiratory mortality,555,1.22222953212205,815,0.0001320424481591,0.00027116,1.0003314746855265,0.0003313648464682295,0.10761459524966649,3.56596938326464e-05,VSL,8705114.0,310.42170001828384,860932.8554817089
O3_MAIN,O3,Escenario beta bajo,beta_minus_1.96_se,Mortality,Respiratory mortality,556,1.1617595521436197,6555,0.0001320424481591,0.00027116,1.0003150723450271,0.0003149731057121574,0.8655382476829004,0.0002726212699853417,VSL,8705114.0,2373.199234047178,6581901.951683464
O3_MAIN,O3,Escenario beta bajo,beta_minus_1.96_se,Mortality,Respiratory mortality,559,1.170072720787621,15036,0.0001320424481591,0.00027116,1.000317327256614,0.0003172265919697548,1.9853902505202274,0.0006298185829025094,VSL,8705114.0,5482.642563484796,15205725.364845635
O3_MAIN,O3,Escenario beta bajo,beta_minus_1.96_se,Mortality,Respiratory mortality,560,1.2118655551399424,77991,0.0001320424481591,0.00027116,1.0003286634619362,0.00032855547775545446,10.298122574376368,0.003383504582408458,VSL,8705114.0,29453.79310938802,81688033.42337002
O3_MAIN,O3,Escenario beta bajo,beta_minus_1.96_se,Mortality,Respiratory mortality,561,1.1913563216440686,88372,0.0001320424481591,0.00027116,1.0003231003658597,0.0003229960057320458,11.668855228715985,0.003768993630340761,VSL,8705114.0,32809.51921739018,90994904.88308644
O3_MAIN,O3,Escenario beta bajo,beta_minus_1.96_se,Mortality,Respiratory mortality,562,1.1456032195121235,88372,0.0001320424481591,0.00027116,1.0003106900231538,0.0003105935248443048,11.668855228715985,0.0036242708763847943,VSL,8705114.0,31549.691145809542,87500859.91452256
O3_MAIN,O3,Escenario beta bajo,beta_minus_1.96_se,Mortality,Respiratory mortality,563,1.2366473994154354,88372,0.0001320424481591,0.00027116,1.000335385537983,0.00033527309223668755,11.668855228715985,0.003912253175393849,VSL,8705114.0,34056.60988866545,94453623.56352141
O3_MAIN,O3,Escenario beta bajo,beta_minus_1.96_se,Mortality,Respiratory mortality,564,1.0995581733233326,88371,0.0001320424481591,0.00027116,1.0002982006472543,0.00029811175013749747,11.668723186267826,0.0034785834909282975,VSL,8705114.0,30281.465847048796,83983525.82418054
O3_MAIN,O3,Escenario beta bajo,beta_minus_1.96_se,Mortality,Respiratory mortality,565,1.0822473624774158,88373,0.0001320424481591,0.00027116,1.0002935052590518,0.00029341913899139094,11.668987271164143,0.0034239041980064834,VSL,8705114.0,29805.47636872501,82663402.325313
O3_MAIN,O3,Escenario beta bajo,beta_minus_1.96_se,Mortality,Respiratory mortality,566,1.325824185880684,88372,0.0001320424481591,0.00027116,1.0003595751178833,0.00035944587009217877,11.668855228715985,0.004194321820665487,VSL,8705114.0,36512.04960158062,101263613.72651173
O3_MAIN,O3,Escenario beta bajo,beta_minus_1.96_se,Mortality,Respiratory mortality,567,1.385294471889841,88371,0.0001320424481591,0.00027116,1.0003757070092032,0.00037556590645981824,11.668723186267826,0.004382374600679375,VSL,8705114.0,38149.07048961843,105803776.56802244
O3_MAIN,O3,Escenario beta bajo,beta_minus_1.96_se,Mortality,Respiratory mortality,568,1.33658800011672,88372,0.0001320424481591,0.00027116,1.00036249488751,0.00036236353258212173,11.668855228715985,0.004228367601866886,VSL,8705114.0,36808.42200815786,102085581.85008524
O3_MAIN,O3,Escenario beta bajo,beta_minus_1.96_se,Mortality,Respiratory mortality,569,1.0839327798875915,88373,0.0001320424481591,0.00027116,1.0002939624110783,0.0002938760225741355,11.668987271164143,0.003429235566717933,VSL,8705114.0,29851.886541134212,82792117.68977785
O3_MAIN,O3,Escenario beta bajo,beta_minus_1.96_se,Mortality,Respiratory mortality,570,1.2371173549462728,88374,0.0001320424481591,0.00027116,1.0003355130138722,0.0003354004826453538,11.669119313612303,0.003913828249831787,VSL,8705114.0,34070.321091206184,94491650.62398396
O3_MAIN,O3,Escenario beta bajo,beta_minus_1.96_se,Mortality,Respiratory mortality,571,1.155120547292691,88373,0.0001320424481591,0.00027116,1.0003132715468892,0.0003131734385617424,11.668987271164143,0.003654416868243678,VSL,8705114.0,31812.1154415842,88228675.32915287
O3_MAIN,O3,Escenario beta bajo,beta_minus_1.96_se,Mortality,Respiratory mortality,572,1.1515230088980069,53982,0.0001320424481591,0.00027116,1.000312295733255,0.00031219823507833144,7.127915436524536,0.002225322619070555,VSL,8705114.0,19371.687085787755,53726018.11433633
O3_MAIN,O3,Escenario beta bajo,beta_minus_1.96_se,Mortality,Respiratory mortality,573,1.1671179897187738,26916,0.0001320424481591,0.00027116,1.0003165257978142,0.0003164256409358135,3.5540545346503354,0.0011245939840475666,VSL,8705114.0,9789.718834848249,27151099.908133175
O3_MAIN,O3,Escenario beta bajo,beta_minus_1.96_se,Mortality,Respiratory mortality,601,1.1580727285112875,3938,0.0001320424481591,0.00027116,1.0003140723114472,0.0003139737010010579,0.5199831608505358,0.0001632610374704711,VSL,8705114.0,1421.2059429387227,3941615.1983245416
O3_MAIN,O3,Escenario beta bajo,beta_minus_1.96_se,Mortality,Respiratory mortality,602,1.1614123284082982,54996,0.0001320424481591,0.00027116,1.0003149781621785,0.000314878982175415,7.261806478957864,0.002286590232849086,VSL,8705114.0,19905.02864823784,55205203.60388227
O3_MAIN,O3,Escenario beta bajo,beta_minus_1.96_se,Mortality,Respiratory mortality,603,1.2059772574010967,88373,0.0001320424481591,0.00027116,1.0003270662676291,0.0003269593302612783,11.668987271164143,0.00381528426300721,VSL,8705114.0,33212.48445188375,92112500.75338794
O3_MAIN,O3,Escenario beta bajo,beta_minus_1.96_se,Mortality,Respiratory mortality,604,1.172527568898266,88373,0.0001320424481591,0.00027116,1.0003179931246802,0.00031789203719800874,11.668987271164143,0.0037094781356680024,VSL,8705114.0,32291.430051497427,89558020.84772451
O3_MAIN,O3,Escenario beta bajo,beta_minus_1.96_se,Mortality,Respiratory mortality,605,1.1734220005032494,88373,0.0001320424481591,0.00027116,1.0003182357359077,0.00031813449414297423,11.668987271164143,0.00371230736267261,VSL,8705114.0,32316.058795104414,89626326.94410643
O3_MAIN,O3,Escenario beta bajo,beta_minus_1.96_se,Mortality,Respiratory mortality,606,1.372453747707839,88374,0.0001320424481591,0.00027116,1.0003722238163273,0.0003720853173105887,11.669119313612303,0.004341907962540552,VSL,8705114.0,37796.80379142324,104826789.53924695
O3_MAIN,O3,Escenario beta bajo,beta_minus_1.96_se,Mortality,Respiratory mortality,607,1.2952190296582555,88373,0.0001320424481591,0.00027116,1.0003512732740942,0.00035114992451057425,11.668987271164143,0.004097563999384141,VSL,8705114.0,35669.76173693487,98927587.29406728
O3_MAIN,O3,Escenario beta bajo,beta_minus_1.96_se,Mortality,Respiratory mortality,608,1.2695072879169054,88374,0.0001320424481591,0.00027116,1.0003442988534408,0.0003441803525399134,11.669119313612303,0.004016281599189395,VSL,8705114.0,34962.18917704599,96965184.32929465
O3_MAIN,O3,Escenario beta bajo,beta_minus_1.96_se,Mortality,Respiratory mortality,609,1.229827489804478,88374,0.0001320424481591,0.00027116,1.0003335356327794,0.0003334244238533124,11.669119313612303,0.003890769384016742,VSL,8705114.0,33869.59103557552,93934939.86579621
O3_MAIN,O3,Escenario beta bajo,beta_minus_1.96_se,Mortality,Respiratory mortality,610,1.128063099891838,88373,0.0001320424481591,0.00027116,1.0003059323779342,0.0003058388119392408,11.668987271164143,0.003568829203546965,VSL,8705114.0,31067.065063405535,86162330.2588008
O3_MAIN,O3,Escenario beta bajo,beta_minus_1.96_se,Mortality,Respiratory mortality,611,0.8015893518690635,88374,0.0001320424481591,0.00027116,1.000217382592825,0.00021733534790358,11.669119313612303,0.0025361121057523145,VSL,8705114.0,22077.144997353953,61229416.25001137
O3_MAIN,O3,Escenario beta bajo,beta_minus_1.96_se,Mortality,Respiratory mortality,612,1.18125855329437,88373,0.0001320424481591,0.00027116,1.0003203613740592,0.00032025877551788984,11.668987271164143,0.003737095574996871,VSL,8705114.0,32531.843009243312,90224789.35712567
O3_MAIN,O3,Escenario beta bajo,beta_minus_1.96_se,Mortality,Respiratory mortality,613,1.2159997883144964,88373,0.0001320424481591,0.00027116,1.0003297848696768,0.00032967614747148044,11.668987271164143,0.0038469867684511384,VSL,8705114.0,33488.45837585876,92877895.11335796
O3_MAIN,O3,Escenario beta bajo,beta_minus_1.96_se,Mortality,Respiratory mortality,614,1.172580708380515,47718,0.0001320424481591,0.00027116,1.0003180075385645,0.0003179064419193134,6.300801541255933,0.0020030653992203994,VSL,8705114.0,17436.912649669088,48360056.64997174
O3_MAIN,O3,Escenario beta bajo,beta_minus_1.96_se,Mortality,Respiratory mortality,643,1.2390802663755558,2346,0.0001320424481591,0.00027116,1.0003360454556582,0.0003359325670456714,0.3097715833812486,0.0001040623632030651,VSL,8705114.0,905.8747347920868,2512380.165714417
O3_MAIN,O3,Escenario beta bajo,beta_minus_1.96_se,Mortality,Respiratory mortality,644,1.2227489568552556,26746,0.0001320424481591,0.00027116,1.0003316155794344,0.00033150564699713225,3.5316073184632883,0.0011707477690469797,VSL,8705114.0,10191.49279479963,28265391.861881133
O3_MAIN,O3,Escenario beta bajo,beta_minus_1.96_se,Mortality,Respiratory mortality,645,1.1707845519738278,69888,0.0001320424481591,0.00027116,1.0003175203380277,0.00031741955086450613,9.22818261694318,0.0029292055815657468,VSL,8705114.0,25499.068516966123,70719881.59700935
O3_MAIN,O3,Escenario beta bajo,beta_minus_1.96_se,Mortality,Respiratory mortality,646,1.1408967007243778,88373,0.0001320424481591,0.00027116,1.0003094134078252,0.000309317700781242,11.668987271164143,0.0036094243131620718,VSL,8705114.0,31420.450120447535,87142418.9775528
O3_MAIN,O3,Escenario beta bajo,beta_minus_1.96_se,Mortality,Respiratory mortality,647,1.1790657409884862,88374,0.0001320424481591,0.00027116,1.0003197665807633,0.00031966436278307864,11.669119313612303,0.0037302015896255925,VSL,8705114.0,32471.830080672,90058347.70063815
O3_MAIN,O3,Escenario beta bajo,beta_minus_1.96_se,Mortality,Respiratory mortality,648,1.2159486269890143,72285,0.0001320424481591,0.00027116,1.0003297709921968,0.00032966227913999724,9.544688365180543,0.003146523720146432,VSL,8705114.0,27390.84768757879,75966598.70216164
O3_MAIN,O3,Escenario beta bajo,beta_minus_1.96_se,Mortality,Respiratory mortality,649,1.2227805469269626,78707,0.0001320424481591,0.00027116,1.000331624148239,0.00033151421012123095,10.392664967258284,0.0034453161176752184,VSL,8705114.0,29991.86957040019,83180350.822635
O3_MAIN,O3,Escenario beta bajo,beta_minus_1.96_se,Mortality,Respiratory mortality,650,1.2216167043212227,88375,0.0001320424481591,0.00027116,1.0003313084560712,0.00033119872713227583,11.669251356060462,0.003864841195713809,VSL,8705114.0,33643.88320058502,93308954.98499851
O3_MAIN,O3,Escenario beta bajo,beta_minus_1.96_se,Mortality,Respiratory mortality,651,1.8052156665218284,88374,0.0001320424481591,0.00027116,1.000489622105926,0.0004893824934389945,11.669119313612303,0.005710662705932717,VSL,8705114.0,49711.969870692774,137872668.59847546
O3_MAIN,O3,Escenario beta bajo,beta_minus_1.96_se,Mortality,Respiratory mortality,652,1.1593763843144806,88374,0.0001320424481591,0.00027116,1.0003144259218415,0.00031432708925671626,11.669119313612303,0.0036679203080370857,VSL,8705114.0,31929.66442437795,88554689.20450252
O3_MAIN,O3,Escenario beta bajo,beta_minus_1.96_se,Mortality,Respiratory mortality,653,1.191989151074706,88170,0.0001320424481591,0.00027116,1.0003232720193462,0.00032316754832029115,11.642182654187847,0.0037623756254509064,VSL,8705114.0,32751.90873037144,90835126.23007406
O3_MAIN,O3,Escenario beta bajo,beta_minus_1.96_se,Mortality,Respiratory mortality,654,1.2098564444622593,88374,0.0001320424481591,0.00027116,1.0003281184925805,0.0003280108661496417,11.669119313612303,0.003827597933261484,VSL,8705114.0,33319.67635520561,92409789.99381788
O3_MAIN,O3,Escenario beta bajo,beta_minus_1.96_se,Mortality,Respiratory mortality,655,1.2020855396974977,28007,0.0001320424481591,0.00027116,1.0003260106448677,0.0003259043965652131,3.6981128455919134,0.0012052312353726955,VSL,8705114.0,10491.675300280147,29097927.028055966
O3_MAIN,O3,Escenario beta bajo,beta_minus_1.96_se,Mortality,Respiratory mortality,686,1.2150534137801632,17050,0.0001320424481591,0.00027116,1.000329528166162,0.0003294196131210514,2.251323741112655,0.0007416301958075689,VSL,8705114.0,6455.975400347209,17905195.85458496
O3_MAIN,O3,Escenario beta bajo,beta_minus_1.96_se,Mortality,Respiratory mortality,687,1.2122244319995286,50211,0.0001320424481591,0.00027116,1.0003287608069735,0.0003286527588272081,6.62998336451657,0.002178962323726866,VSL,8705114.0,18968.115429747275,52606740.37632398
O3_MAIN,O3,Escenario beta bajo,beta_minus_1.96_se,Mortality,Respiratory mortality,688,1.1854297713336717,78804,0.0001320424481591,0.00027116,1.000321492804533,0.0003213894801276096,10.405473084729715,0.0033442095851831176,VSL,8705114.0,29111.72567891175,80739333.34966421
O3_MAIN,O3,Escenario beta bajo,beta_minus_1.96_se,Mortality,Respiratory mortality,689,1.1996575673415766,15395,0.0001320424481591,0.00027116,1.0003253520614652,0.0003252462419298663,2.0327934894093445,0.0006611584430498887,VSL,8705114.0,5755.4596188117885,15962364.370601177
O3_MAIN,O3,Escenario beta bajo,beta_minus_1.96_se,Mortality,Respiratory mortality,690,1.195222122554707,26719,0.0001320424481591,0.00027116,1.0003241489556745,0.0003240439171769971,3.528042172362993,0.0011432406054981466,VSL,8705114.0,9952.039800290393,27601285.743319385
O3_MAIN,O3,Escenario beta bajo,beta_minus_1.96_se,Mortality,Respiratory mortality,691,1.2618823772217915,18381,0.0001320424481591,0.00027116,1.0003422305729326,0.00034211349123636214,2.427072239612417,0.0008303341573766605,VSL,8705114.0,7228.153498057771,20046777.75611836
O3_MAIN,O3,Escenario beta bajo,beta_minus_1.96_se,Mortality,Respiratory mortality,692,1.2128291486170557,28949,0.0001320424481591,0.00027116,1.0003289248358536,0.0003288166798810499,3.822496831757786,0.0012569007170744274,VSL,8705114.0,10941.464028814637,30345384.581435375
O3_MAIN,O3,Escenario beta bajo,beta_minus_1.96_se,Mortality,Respiratory mortality,693,1.2196042436169598,26275,0.0001320424481591,0.00027116,1.000330762576581,0.00033065320887359917,3.469415325380352,0.0011471733102522556,VSL,8705114.0,9986.274443503253,27696233.129845224
O3_MAIN,O3,Escenario beta bajo,beta_minus_1.96_se,Mortality,Respiratory mortality,694,1.191863346811898,3451,0.0001320424481591,0.00027116,1.0003232378952351,0.0003231334462600044,0.45567848859705407,0.0001472449604069162,VSL,8705114.0,1281.784166267692,3554938.6602518046
O3_MAIN,O3,Escenario beta bajo,beta_minus_1.96_se,Mortality,Respiratory mortality,695,1.2148499583324774,34687,0.0001320424481591,0.00027116,1.0003294729790047,0.00032936446231401906,4.580156399294702,0.001508540749767813,VSL,8705114.0,13132.019200374285,36420736.01089405
O3_MAIN,O3,Escenario beta bajo,beta_minus_1.96_se,Mortality,Respiratory mortality,696,1.2006490834767192,8351,0.0001320424481591,0.00027116,1.0003256210084905,0.00032551501396338445,1.102686484576644,0.00035894100642420155,VSL,8705114.0,3124.622380197407,8665921.447910894
O3_MAIN,O3,Escenario beta bajo,beta_minus_1.96_se,Mortality,Respiratory mortality,729,1.1695470846058047,456,0.0001320424481591,0.00027116,1.000317184679888,0.00031708410566733125,0.0602113563605496,1.9092064082601848e-05,VSL,8705114.0,166.1985943343545,460940.1674847288
O3_MAIN,O3,Escenario beta bajo,beta_minus_1.96_se,Mortality,Respiratory mortality,730,1.175690556276967,1632,0.0001320424481591,0.00027116,1.0003188510734407,0.00031874943983967174,0.2154932753956512,6.868836082157993e-05,VSL,8705114.0,597.940011424987,1658344.7658864015
O3_MAIN,O3,Escenario beta central,beta_base_corrida_principal,Mortality,Respiratory mortality,0,1.1809210666287022,66007,0.0001320424481591,0.000867,1.0010243828868761,0.0010233346004238086,8.715725875637713,0.008919103856349168,VSL,8705114.0,77641.81584735913,215334141.32554123
O3_MAIN,O3,Escenario beta central,beta_base_corrida_principal,Mortality,Respiratory mortality,1,1.162794440338784,35848,0.0001320424481591,0.000867,1.0010086511265204,0.0010076347745697767,4.733457681607416,0.004769596563942067,VSL,8705114.0,41519.88182312398,115152485.84470673
O3_MAIN,O3,Escenario beta central,beta_base_corrida_principal,Mortality,Respiratory mortality,2,1.2086543995398955,682,0.0001320424481591,0.000867,1.0010484526069658,0.0010473545054043853,0.09005294964450619,9.43173625351278e-05,VSL,8705114.0,821.0433930476165,2277106.377580051
O3_MAIN,O3,Escenario beta central,beta_base_corrida_principal,Mortality,Respiratory mortality,41,1.1718344363775142,53333,0.0001320424481591,0.000867,1.0010164967393127,0.0010154645229363268,7.04221988766928,0.007151124458644798,VSL,8705114.0,62251.35364069125,172649771.72770232
O3_MAIN,O3,Escenario beta central,beta_base_corrida_principal,Mortality,Respiratory mortality,42,1.2004949260089095,88375,0.0001320424481591,0.000867,1.0010413709514332,0.001040287626118297,11.669251356060462,0.012139377791773856,VSL,8705114.0,105674.66756645968,293081293.2688463
O3_MAIN,O3,Escenario beta central,beta_base_corrida_principal,Mortality,Respiratory mortality,43,1.2101922755899537,64336,0.0001320424481591,0.000867,1.0010497873443334,0.0010486864465736323,8.495082944763857,0.008908678346692678,VSL,8705114.0,77551.06059729129,215082437.99234557
O3_MAIN,O3,Escenario beta central,beta_base_corrida_principal,Mortality,Respiratory mortality,44,1.2040458602220188,8855,0.0001320424481591,0.000867,1.0010444528221671,0.0010433630786550463,1.1692358784488304,0.0012199375458123091,VSL,8705114.0,10619.695409176373,29452981.838672027
O3_MAIN,O3,Escenario beta central,beta_base_corrida_principal,Mortality,Respiratory mortality,82,1.2067779650980075,6180,0.0001320424481591,0.000867,1.001046824033935,0.0010457293393294487,0.816022329623238,0.0008533384916349862,VSL,8705114.0,7428.408850270602,20602171.957605995
O3_MAIN,O3,Escenario beta central,beta_base_corrida_principal,Mortality,Respiratory mortality,83,1.1786074528376371,38621,0.0001320424481591,0.000867,1.0010223749309202,0.0010213307479672862,5.099611390352601,0.005208389915651314,VSL,8705114.0,45339.62797219508,125746284.406925
O3_MAIN,O3,Escenario beta central,beta_base_corrida_principal,Mortality,Respiratory mortality,84,1.189507848230244,86400,0.0001320424481591,0.000867,1.001031835280529,0.0010307716939290668,11.408467520946239,0.011759525391700495,VSL,8705114.0,102368.00912064746,283910507.5354773
O3_MAIN,O3,Escenario beta central,beta_base_corrida_principal,Mortality,Respiratory mortality,85,1.1481721104651896,86293,0.0001320424481591,0.000867,1.0009959608597256,0.0009949699086401198,11.394338978993217,0.011337024412943437,VSL,8705114.0,98690.0899354557,273710056.1296909
O3_MAIN,O3,Escenario beta central,beta_base_corrida_principal,Mortality,Respiratory mortality,86,1.205882432981518,66266,0.0001320424481591,0.000867,1.00104604679511,0.0010449537246152163,8.74992486971092,0.009143266582707737,VSL,8705114.0,79593.17793486128,220746107.4798823
O3_MAIN,O3,Escenario beta central,beta_base_corrida_principal,Mortality,Respiratory mortality,87,1.170106573049905,22233,0.0001320424481591,0.000867,1.0010149971601605,0.0010139679855346584,2.93569974992127,0.0029767055615622707,VSL,8705114.0,25912.561257833586,71866674.7693134
O3_MAIN,O3,Escenario beta central,beta_base_corrida_principal,Mortality,Respiratory mortality,91,1.1899613150196764,5057,0.0001320424481591,0.000867,1.0010322288419846,0.001031164444304511,0.6677386603405686,0.000688548364630721,VSL,8705114.0,5993.892008623994,16623639.913478043
O3_MAIN,O3,Escenario beta central,beta_base_corrida_principal,Mortality,Respiratory mortality,125,1.1942870413331406,35539,0.0001320424481591,0.000867,1.0010359831250144,0.0010349109747087581,4.692656565126255,0.004856481779788265,VSL,8705114.0,42276.22753197975,117250157.72401859
O3_MAIN,O3,Escenario beta central,beta_base_corrida_principal,Mortality,Respiratory mortality,126,1.239013989629839,87860,0.0001320424481591,0.000867,1.0010748023154805,0.001073648355741752,11.601249495258525,0.012455662445134146,VSL,8705114.0,108427.96153041149,300717361.3472891
O3_MAIN,O3,Escenario beta central,beta_base_corrida_principal,Mortality,Respiratory mortality,127,1.2139594961595073,88375,0.0001320424481591,0.000867,1.0010530569587015,0.0010519491962801553,11.669251356060462,0.012275459585198914,VSL,8705114.0,106859.27509154927,296366719.3171555
O3_MAIN,O3,Escenario beta central,beta_base_corrida_principal,Mortality,Respiratory mortality,128,1.171665529510749,88366,0.0001320424481591,0.000867,1.0010163501482119,0.0010153182293790586,11.66806297402703,0.011846797039072477,VSL,8705114.0,103127.71875998836,286017509.0405145
O3_MAIN,O3,Escenario beta central,beta_base_corrida_principal,Mortality,Respiratory mortality,129,1.1774426247686929,69107,0.0001320424481591,0.000867,1.0010213639929924,0.0010203218729700758,9.125057464930924,0.009310495723577892,VSL,8705114.0,81048.92667025804,224783524.69509372
O3_MAIN,O3,Escenario beta central,beta_base_corrida_principal,Mortality,Respiratory mortality,130,1.1869020548283995,48901,0.0001320424481591,0.000867,1.0010295737290584,0.0010285147972431963,6.457007757428149,0.006641128024428958,VSL,8705114.0,57811.77654124886,160336915.4127958
O3_MAIN,O3,Escenario beta central,beta_base_corrida_principal,Mortality,Respiratory mortality,131,1.225035332860811,49015,0.0001320424481591,0.000867,1.0010626698675198,0.0010615417990368359,6.472060596518286,0.006870362849103439,VSL,8705114.0,59807.291822810235,165871337.36013657
O3_MAIN,O3,Escenario beta central,beta_base_corrida_principal,Mortality,Respiratory mortality,132,1.1995359489802322,82710,0.0001320424481591,0.000867,1.0010405386528651,0.0010394570576187645,10.92123088723916,0.011352150523624786,VSL,8705114.0,98821.76445331346,274075246.18775314
O3_MAIN,O3,Escenario beta central,beta_base_corrida_principal,Mortality,Respiratory mortality,133,1.1677909654318557,71305,0.0001320424481591,0.000867,1.0010129874926323,0.0010119623873908745,9.415286765984625,0.009527916073675508,VSL,8705114.0,82941.59560377769,230032709.49538514
O3_MAIN,O3,Escenario beta central,beta_base_corrida_principal,Mortality,Respiratory mortality,134,1.178871655645091,65679,0.0001320424481591,0.000867,1.0010226042289696,0.0010215595778252373,8.67241595264153,0.008859389579305333,VSL,8705114.0,77121.99625826498,213892458.08255982
O3_MAIN,O3,Escenario beta central,beta_base_corrida_principal,Mortality,Respiratory mortality,135,1.1826634721407832,27480,0.0001320424481591,0.000867,1.0010258951010973,0.001024843718946511,3.628526475412068,0.003718672567357179,VSL,8705114.0,32371.468627516922,89780002.23561426
O3_MAIN,O3,Escenario beta central,beta_base_corrida_principal,Mortality,Respiratory mortality,136,1.2097092837091503,5922,0.0001320424481591,0.000867,1.0010493681508579,0.0010482681316670295,0.7819553779981901,0.0008196989031411486,VSL,8705114.0,7135.5723975186565,19790010.554450165
O3_MAIN,O3,Escenario beta central,beta_base_corrida_principal,Mortality,Respiratory mortality,166,1.1913714568488611,56,0.0001320424481591,0.000867,1.0010334526976945,0.0010323857758294253,0.0073943770969096,7.633849735968351e-06,VSL,8705114.0,66.45353221047439,184304.21983849598
O3_MAIN,O3,Escenario beta central,beta_base_corrida_principal,Mortality,Respiratory mortality,167,1.1591953421174406,60657,0.0001320424481591,0.000867,1.0010055275658225,0.0010045174957901137,8.009298777986528,0.008045480751497846,VSL,8705114.0,70036.82712659442,194242237.45771074
O3_MAIN,O3,Escenario beta central,beta_base_corrida_principal,Mortality,Respiratory mortality,168,1.1839354853721318,88376,0.0001320424481591,0.000867,1.001026999068571,0.0010259454235765908,11.669383398508621,0.011972150493660565,VSL,8705114.0,104218.9348724715,289043920.5433586
O3_MAIN,O3,Escenario beta central,beta_base_corrida_principal,Mortality,Respiratory mortality,169,1.1987864334020522,87552,0.0001320424481591,0.000867,1.001039888146897,0.0010388079028719188,11.560580421225522,0.012009222303355448,VSL,8705114.0,104541.64920205176,289938946.1464464
O3_MAIN,O3,Escenario beta central,beta_base_corrida_principal,Mortality,Respiratory mortality,170,1.1978706956398175,88376,0.0001320424481591,0.000867,1.001039093376959,0.00103801478267318,11.669383398508621,0.012112992472332941,VSL,8705114.0,105444.9803528001,292444271.8598664
O3_MAIN,O3,Escenario beta central,beta_base_corrida_principal,Mortality,Respiratory mortality,171,1.1853578673937974,88376,0.0001320424481591,0.000867,1.0010282335410456,0.0010271773628285352,11.669383398508621,0.011986526465115176,VSL,8705114.0,104344.07934284463,289390999.9718256
O3_MAIN,O3,Escenario beta central,beta_base_corrida_principal,Mortality,Respiratory mortality,172,1.205574611144577,88376,0.0001320424481591,0.000867,1.0010457796344423,0.001044687121925847,11.669383398508621,0.01219085455723723,VSL,8705114.0,106122.7786781696,294324098.0693959
O3_MAIN,O3,Escenario beta central,beta_base_corrida_principal,Mortality,Respiratory mortality,173,1.2134719601803532,88377,0.0001320424481591,0.000867,1.0010526338199766,0.0010515269471492728,11.669515440956781,0.012270809946340583,VSL,8705114.0,106818.79945522865,296254462.9731148
O3_MAIN,O3,Escenario beta central,beta_base_corrida_principal,Mortality,Respiratory mortality,174,1.1769038525209208,88377,0.0001320424481591,0.000867,1.0010208964004679,0.0010198552339304445,11.669515440956781,0.011901216399891912,VSL,8705114.0,103601.44549972868,287331356.9923125
O3_MAIN,O3,Escenario beta central,beta_base_corrida_principal,Mortality,Respiratory mortality,175,1.1645732689137116,88377,0.0001320424481591,0.000867,1.0010101949276717,0.001009175463737133,11.669515440956781,0.011776588656715194,VSL,8705114.0,102516.54678781262,284322466.3577231
O3_MAIN,O3,Escenario beta central,beta_base_corrida_principal,Mortality,Respiratory mortality,176,1.1892772088350654,88377,0.0001320424481591,0.000867,1.0010316351098631,0.0010305719356710208,11.669515440956781,0.012026275116329695,VSL,8705114.0,104690.09588301326,290350652.6248254
O3_MAIN,O3,Escenario beta central,beta_base_corrida_principal,Mortality,Respiratory mortality,177,1.1573626484281905,84182,0.0001320424481591,0.000867,1.0010039370239292,0.0010029301452239014,11.115597370929356,0.011148167685476596,VSL,8705114.0,97046.07059318991,269150483.56527066
O3_MAIN,O3,Escenario beta central,beta_base_corrida_principal,Mortality,Respiratory mortality,178,1.1938971496773458,32375,0.0001320424481591,0.000867,1.0010356447388065,0.0010345732884233794,4.274874259150862,0.0044226707198861655,VSL,8705114.0,38499.85280107114,106776646.75407472
O3_MAIN,O3,Escenario beta central,beta_base_corrida_principal,Mortality,Respiratory mortality,208,1.1825653174625188,46725,0.0001320424481591,0.000867,1.001025809913691,0.001024758706051232,6.169683390233947,0.006322436767721918,VSL,8705114.0,55037.53282081082,152642744.65122133
O3_MAIN,O3,Escenario beta central,beta_base_corrida_principal,Mortality,Respiratory mortality,209,1.205164342209372,21680,0.0001320424481591,0.000867,1.0010454235593518,0.001044331790294284,2.862680276089288,0.0029895880177684612,VSL,8705114.0,26024.70450770848,72177696.22281392
O3_MAIN,O3,Escenario beta central,beta_base_corrida_principal,Mortality,Respiratory mortality,210,1.1853216892921503,27561,0.0001320424481591,0.000867,1.00102820214238,0.0010271460286327416,3.639221913712955,0.0037380123359835077,VSL,8705114.0,32539.823518142737,90246922.73992261
O3_MAIN,O3,Escenario beta central,beta_base_corrida_principal,Mortality,Respiratory mortality,211,1.1913988977985213,88377,0.0001320424481591,0.000867,1.0010334765135853,0.001032409542570667,11.669515440956781,0.012047719098419526,VSL,8705114.0,104876.7681917192,290868375.20595974
O3_MAIN,O3,Escenario beta central,beta_base_corrida_principal,Mortality,Respiratory mortality,212,1.1910642881019484,88377,0.0001320424481591,0.000867,1.0010331861072022,0.0010321197354304923,11.669515440956781,0.012044337189522357,VSL,8705114.0,104847.32828923172,290786725.69720393
O3_MAIN,O3,Escenario beta central,beta_base_corrida_principal,Mortality,Respiratory mortality,213,1.2137307103931594,88376,0.0001320424481591,0.000867,1.0010528583925802,0.0010517510476628633,11.669383398508621,0.012273286214961068,VSL,8705114.0,106840.3556558646,296314247.58664453
O3_MAIN,O3,Escenario beta central,beta_base_corrida_principal,Mortality,Respiratory mortality,214,1.1946521175069975,88377,0.0001320424481591,0.000867,1.0010362999740179,0.001035227168130315,11.669515440956781,0.012080599423394671,VSL,8705114.0,105162.99516898488,291662205.6915177
O3_MAIN,O3,Escenario beta central,beta_base_corrida_principal,Mortality,Respiratory mortality,215,1.2113961173278565,88376,0.0001320424481591,0.000867,1.001050832171361,0.0010497290822699679,11.669383398508621,0.012249691125572854,VSL,8705114.0,106634.95771290001,295744590.76968825
O3_MAIN,O3,Escenario beta central,beta_base_corrida_principal,Mortality,Respiratory mortality,216,1.1810791803570382,88376,0.0001320424481591,0.000867,1.001024520111915,0.0010234715447334786,11.669383398508621,0.011943281852958829,VSL,8705114.0,103967.63006413785,288346944.2487818
O3_MAIN,O3,Escenario beta central,beta_base_corrida_principal,Mortality,Respiratory mortality,217,1.2018065588295157,88377,0.0001320424481591,0.000867,1.0010425093219681,0.0010414236281276468,11.669515440956781,0.012152909109012807,VSL,8705114.0,105792.45922559491,293407980.19004166
O3_MAIN,O3,Escenario beta central,beta_base_corrida_principal,Mortality,Respiratory mortality,218,1.1595291426543302,76565,0.0001320424481591,0.000867,1.0010058172619347,0.001004806610101272,10.109830043301491,0.010158424054509767,VSL,8705114.0,88430.23945484974,245255079.0112639
O3_MAIN,O3,Escenario beta central,beta_base_corrida_principal,Mortality,Respiratory mortality,219,1.174314818046522,5064,0.0001320424481591,0.000867,1.0010186494185014,0.0010176128277862295,0.6686629574776823,0.0006804400029947677,VSL,8705114.0,5923.307796229794,16427879.541297596
O3_MAIN,O3,Escenario beta central,beta_base_corrida_principal,Mortality,Respiratory mortality,251,1.1729556568173702,80,0.0001320424481591,0.000867,1.0010174698260417,0.0010164356334545488,0.010563395852727999,1.0737011954998737e-05,VSL,8705114.0,93.46691308762688,259223.940764617
O3_MAIN,O3,Escenario beta central,beta_base_corrida_principal,Mortality,Respiratory mortality,252,1.181369562434366,28607,0.0001320424481591,0.000867,1.0010247721311423,0.0010237230482923465,3.7773383144873733,0.0038669482937384882,VSL,8705114.0,33662.225729099024,93359826.7038551
O3_MAIN,O3,Escenario beta central,beta_base_corrida_principal,Mortality,Respiratory mortality,253,1.212317678877605,77148,0.0001320424481591,0.000867,1.0010516320051523,0.0010505272370876506,10.186810790578246,0.01070152219456083,VSL,8705114.0,93157.97067718221,258367110.61521745
O3_MAIN,O3,Escenario beta central,beta_base_corrida_principal,Mortality,Respiratory mortality,254,1.2179126791977897,88376,0.0001320424481591,0.000867,1.001056487983533,0.0010553729946460866,11.669383398508621,0.01231555210295737,VSL,8705114.0,107208.28502918365,297334673.9484888
O3_MAIN,O3,Escenario beta central,beta_base_corrida_principal,Mortality,Respiratory mortality,255,1.2061527877810931,88376,0.0001320424481591,0.000867,1.0010462814379395,0.0010451878772642642,11.669383398508621,0.012196698063270072,VSL,8705114.0,106173.64706434519,294465177.97766685
O3_MAIN,O3,Escenario beta central,beta_base_corrida_principal,Mortality,Respiratory mortality,256,1.195739779317373,88376,0.0001320424481591,0.000867,1.0010372439544863,0.0010361691942536444,11.669383398508621,0.012091455593469533,VSL,8705114.0,105257.49936708994,291924306.46966827
O3_MAIN,O3,Escenario beta central,beta_base_corrida_principal,Mortality,Respiratory mortality,257,1.235994439563738,88377,0.0001320424481591,0.000867,1.001072181555225,0.001071033213168926,11.669515440956781,0.012498438618852336,VSL,8705114.0,108800.33299911214,301750107.54972756
O3_MAIN,O3,Escenario beta central,beta_base_corrida_principal,Mortality,Respiratory mortality,258,1.2483245965504608,88376,0.0001320424481591,0.000867,1.0010828833204195,0.0010817119525885488,11.669383398508621,0.012622911501505156,VSL,8705114.0,109883.88363251355,304755259.38292205
O3_MAIN,O3,Escenario beta central,beta_base_corrida_principal,Mortality,Respiratory mortality,259,1.2054848275059928,45742,0.0001320424481591,0.000867,1.0010457017106247,0.001044609360829063,6.039885663693552,0.006309321102631542,VSL,8705114.0,54923.35946101327,152326092.82995802
O3_MAIN,O3,Escenario beta central,beta_base_corrida_principal,Mortality,Respiratory mortality,294,1.1849440429256806,10391,0.0001320424481591,0.000867,1.0010278743863805,0.0010268189454870624,1.372053078821208,0.00140885009554747,VSL,8705114.0,12264.200690651618,34013902.121473916
O3_MAIN,O3,Escenario beta central,beta_base_corrida_principal,Mortality,Respiratory mortality,295,1.1381535165023209,58101,0.0001320424481591,0.000867,1.0009872661254853,0.0009862923924163214,7.671798280491869,0.007566636280201746,VSL,8705114.0,65868.43141569215,182681483.74122307
O3_MAIN,O3,Escenario beta central,beta_base_corrida_principal,Mortality,Respiratory mortality,296,1.150350945913294,88049,0.0001320424481591,0.000867,1.0009978517932654,0.0009968570776428543,11.626205517960596,0.011589665256709427,VSL,8705114.0,100889.35728149483,279809570.1652162
O3_MAIN,O3,Escenario beta central,beta_base_corrida_principal,Mortality,Respiratory mortality,297,1.136126458624629,88376,0.0001320424481591,0.000867,1.000985506932771,0.0009845366650621523,11.669383398508621,0.011488935814499323,VSL,8705114.0,100012.49600389946,277377656.7920949
O3_MAIN,O3,Escenario beta central,beta_base_corrida_principal,Mortality,Respiratory mortality,298,1.175587806901074,88375,0.0001320424481591,0.000867,1.0010197542247123,0.001018715385394331,11.669251356060462,0.011887645892452453,VSL,8705114.0,103483.31268543034,287003723.901153
O3_MAIN,O3,Escenario beta central,beta_base_corrida_principal,Mortality,Respiratory mortality,299,1.1778440199589788,88375,0.0001320424481591,0.000867,1.0010217123581275,0.0010206695274577182,11.669251356060462,0.01191044926737557,VSL,8705114.0,103681.81866372081,287554266.3365232
O3_MAIN,O3,Escenario beta central,beta_base_corrida_principal,Mortality,Respiratory mortality,300,1.1410648809226949,65052,0.0001320424481591,0.000867,1.000989792773637,0.0009888140526334022,8.589625337645773,0.008493542240720072,VSL,8705114.0,73937.25346928366,205059796.88931537
O3_MAIN,O3,Escenario beta central,beta_base_corrida_principal,Mortality,Respiratory mortality,301,1.1962546502346516,35569,0.0001320424481591,0.000867,1.0010376908106897,0.0010366151247006572,4.6966178385710275,0.004868585086401637,VSL,8705114.0,42381.588195826094,117542368.14994995
O3_MAIN,O3,Escenario beta central,beta_base_corrida_principal,Mortality,Respiratory mortality,302,1.216203823014462,32382,0.0001320424481591,0.000867,1.0010550048410511,0.0010538929788564966,4.275798556287976,0.004506234077476642,VSL,8705114.0,39227.281355119,108794118.92872767
O3_MAIN,O3,Escenario beta central,beta_base_corrida_principal,Mortality,Respiratory mortality,303,1.186481021077766,24978,0.0001320424481591,0.000867,1.0010292083170316,0.0010281501363600398,3.2981562701179996,0.0033909998188585417,VSL,8705114.0,29519.039997142954,81868991.09927619
O3_MAIN,O3,Escenario beta central,beta_base_corrida_principal,Mortality,Respiratory mortality,304,1.1841326995857795,8201,0.0001320424481591,0.000867,1.00102717022891,0.0010261162328643048,1.0828801173527791,0.00111116086666169,VSL,8705114.0,9672.782016628811,26826783.82837884
O3_MAIN,O3,Escenario beta central,beta_base_corrida_principal,Mortality,Respiratory mortality,337,1.1722310857005969,12381,0.0001320424481591,0.000867,1.0010168409839033,0.001015808068627222,1.634817550657817,0.0016606608586916028,VSL,8705114.0,14456.242090248294,40093375.50035732
O3_MAIN,O3,Escenario beta central,beta_base_corrida_principal,Mortality,Respiratory mortality,338,1.2037114335859869,74381,0.0001320424481591,0.000867,1.0010441625714788,0.0010430734332406155,9.821449336522017,0.010244492878844786,VSL,8705114.0,89179.47838253205,247333040.73046583
O3_MAIN,O3,Escenario beta central,beta_base_corrida_principal,Mortality,Respiratory mortality,339,1.1866925144141245,88375,0.0001320424481591,0.000867,1.0010293918704916,0.0010283333125393757,11.669251356060462,0.011999879901832256,VSL,8705114.0,104460.3225317586,289713392.31925523
O3_MAIN,O3,Escenario beta central,beta_base_corrida_principal,Mortality,Respiratory mortality,340,1.211704735039282,88377,0.0001320424481591,0.000867,1.0010511000241253,0.0010499963729123651,11.669515440956781,0.01225294888664946,VSL,8705114.0,106663.31689445663,295823242.9745928
O3_MAIN,O3,Escenario beta central,beta_base_corrida_principal,Mortality,Respiratory mortality,341,1.1856033708220934,88375,0.0001320424481591,0.000867,1.0010284466114017,0.001027389995642003,11.669251356060462,0.011988872099848395,VSL,8705114.0,104364.49836059965,289447630.6882379
O3_MAIN,O3,Escenario beta central,beta_base_corrida_principal,Mortality,Respiratory mortality,342,1.223325767080132,88375,0.0001320424481591,0.000867,1.0010611861000052,0.0010600611778180946,11.669251356060462,0.012370120336760852,VSL,8705114.0,107683.3077252216,298652116.1443613
O3_MAIN,O3,Escenario beta central,beta_base_corrida_principal,Mortality,Respiratory mortality,343,1.187035943473873,88375,0.0001320424481591,0.000867,1.0010296899300353,0.0010286307593005972,11.669251356060462,0.012003350882853998,VSL,8705114.0,104490.5378172447,289797192.2984809
O3_MAIN,O3,Escenario beta central,beta_base_corrida_principal,Mortality,Respiratory mortality,344,1.216791441602389,88377,0.0001320424481591,0.000867,1.0010555148439853,0.0010544019071206945,11.669515440956781,0.012304359336119222,VSL,8705114.0,107110.85071788215,297064446.7064959
O3_MAIN,O3,Escenario beta central,beta_base_corrida_principal,Mortality,Respiratory mortality,345,1.2110776511444037,86300,0.0001320424481591,0.000867,1.0010505557710725,0.001049453261891764,11.39526327613033,0.011958796215250403,VSL,8705114.0,104102.6843565233,288721507.8749124
O3_MAIN,O3,Escenario beta central,beta_base_corrida_principal,Mortality,Respiratory mortality,346,1.1726366874645535,33933,0.0001320424481591,0.000867,1.0010171929982734,0.0010161593680790837,4.48059639338274,0.004552999999717227,VSL,8705114.0,39634.384039538425,109923189.72677705
O3_MAIN,O3,Escenario beta central,beta_base_corrida_principal,Mortality,Respiratory mortality,347,1.1870226103722192,2135,0.0001320424481591,0.000867,1.001029678358333,0.00102861921139219,0.2819106268196785,0.00028997868664233564,VSL,8705114.0,2524.297524791809,7000962.484183346
O3_MAIN,O3,Escenario beta central,beta_base_corrida_principal,Mortality,Respiratory mortality,348,1.2013779739330823,32334,0.0001320424481591,0.000867,1.0010421373515532,0.0010410524319289793,4.269460518776339,0.004444732256096869,VSL,8705114.0,38691.900988800444,107309278.95936881
O3_MAIN,O3,Escenario beta central,beta_base_corrida_principal,Mortality,Respiratory mortality,349,1.2269339614200483,30021,0.0001320424481591,0.000867,1.0010643177291094,0.0010631861612286908,3.964046336184341,0.004214519207100486,VSL,8705114.0,36687.87015299934,101751239.71843296
O3_MAIN,O3,Escenario beta central,beta_base_corrida_principal,Mortality,Respiratory mortality,350,1.1959728507249423,41325,0.0001320424481591,0.000867,1.001037446237016,0.0010363710577618868,5.456654170174807,0.005655118454184875,VSL,8705114.0,49228.450827183115,136531662.37763447
O3_MAIN,O3,Escenario beta central,beta_base_corrida_principal,Mortality,Respiratory mortality,351,1.222860432346721,31973,0.0001320424481591,0.000867,1.0010607822267423,0.0010596581601994837,4.221793194990904,0.004473657609746762,VSL,8705114.0,38943.69948981307,108007624.47603226
O3_MAIN,O3,Escenario beta central,beta_base_corrida_principal,Mortality,Respiratory mortality,352,1.1960015519636062,11823,0.0001320424481591,0.000867,1.001037471146806,0.0010363959159465086,1.5611378645850391,0.0016179569070853882,VSL,8705114.0,14084.499323265713,39062372.958124824
O3_MAIN,O3,Escenario beta central,beta_base_corrida_principal,Mortality,Respiratory mortality,353,1.180438649493249,30,0.0001320424481591,0.000867,1.0010239642028531,0.0010229167726955035,0.003961273444773,4.052053047891597e-06,VSL,8705114.0,35.273583715943815,97828.81528531005
O3_MAIN,O3,Escenario beta central,beta_base_corrida_principal,Mortality,Respiratory mortality,360,1.1948769685263283,26038,0.0001320424481591,0.000867,1.0010364951218929,0.0010354219121319064,3.4381212651666457,0.0035599060945202174,VSL,8705114.0,30989.388382093268,85946899.42054893
O3_MAIN,O3,Escenario beta central,beta_base_corrida_principal,Mortality,Respiratory mortality,361,1.1974283230492304,20956,0.0001320424481591,0.000867,1.001038709441466,0.0010376316436807587,2.7670815436220995,0.00287121137030729,VSL,8705114.0,24994.222296621174,69319725.94411805
O3_MAIN,O3,Escenario beta central,beta_base_corrida_principal,Mortality,Respiratory mortality,379,1.210626821153074,54999,0.0001320424481591,0.000867,1.0010501644909162,0.0010490628024123483,7.26220260630234,0.007618506617853793,VSL,8705114.0,66319.9686181717,183933790.56469592
O3_MAIN,O3,Escenario beta central,beta_base_corrida_principal,Mortality,Respiratory mortality,380,1.1838941809604222,88376,0.0001320424481591,0.000867,1.001026963220869,0.001025909649391088,11.669383398508621,0.011971733030974162,VSL,8705114.0,104215.30081219562,289033841.7315677
O3_MAIN,O3,Escenario beta central,beta_base_corrida_principal,Mortality,Respiratory mortality,381,1.1803159876444482,88376,0.0001320424481591,0.000867,1.0010238577461397,0.001022810533651941,11.669383398508621,0.011935568261217704,VSL,8705114.0,103900.4823686819,288160714.8157734
O3_MAIN,O3,Escenario beta central,beta_base_corrida_principal,Mortality,Respiratory mortality,382,1.1858838442133075,88375,0.0001320424481591,0.000867,1.0010286900319492,0.0010276329162117737,11.669251356060462,0.011991706801036606,VSL,8705114.0,104389.17475759897,289516068.9479677
O3_MAIN,O3,Escenario beta central,beta_base_corrida_principal,Mortality,Respiratory mortality,383,1.179536608481344,88376,0.0001320424481591,0.000867,1.0010231813327908,0.0010221355028247059,11.669383398508621,0.011927691067688885,VSL,8705114.0,103831.91050101345,287970535.5408257
O3_MAIN,O3,Escenario beta central,beta_base_corrida_principal,Mortality,Respiratory mortality,384,1.2067633069576704,88377,0.0001320424481591,0.000867,1.0010468113120237,0.0010457166440114296,11.669515440956781,0.012203006524156883,VSL,8705114.0,106228.56293552942,294617483.3022854
O3_MAIN,O3,Escenario beta central,beta_base_corrida_principal,Mortality,Respiratory mortality,385,1.203730222226465,88376,0.0001320424481591,0.000867,1.0010441788782394,0.0010430897060003108,11.669383398508621,0.012172213698355265,VSL,8705114.0,105960.5078765442,293874051.36004394
O3_MAIN,O3,Escenario beta central,beta_base_corrida_principal,Mortality,Respiratory mortality,386,1.1819986974169456,88376,0.0001320424481591,0.000867,1.0010253181502933,0.0010242679497736162,11.669383398508621,0.011952575408712699,VSL,8705114.0,104048.53152644064,288571318.79137623
O3_MAIN,O3,Escenario beta central,beta_base_corrida_principal,Mortality,Respiratory mortality,387,1.2013490386160068,88291,0.0001320424481591,0.000867,1.0010421122384896,0.0010410273711255469,11.658159790415098,0.012136463438777386,VSL,8705114.0,105649.29779138917,293010931.97357243
O3_MAIN,O3,Escenario beta central,beta_base_corrida_principal,Mortality,Respiratory mortality,388,1.1862717370073543,86731,0.0001320424481591,0.000867,1.0010290266810098,0.0010279688736116732,11.452173571286902,0.01177247796648117,VSL,8705114.0,102480.76276070676,284223221.8634269
O3_MAIN,O3,Escenario beta central,beta_base_corrida_principal,Mortality,Respiratory mortality,389,1.1982987950281938,88377,0.0001320424481591,0.000867,1.00103946492487,0.0010383855595023084,11.669515440956781,0.012117456320278734,VSL,8705114.0,105483.8386580469,292552042.649387
O3_MAIN,O3,Escenario beta central,beta_base_corrida_principal,Mortality,Respiratory mortality,390,1.1723789476985207,88377,0.0001320424481591,0.000867,1.001016969310619,0.0010159361347483742,11.669515440956781,0.011855482411472102,VSL,8705114.0,103203.32591685955,286227200.1975958
O3_MAIN,O3,Escenario beta central,beta_base_corrida_principal,Mortality,Respiratory mortality,391,1.2017904470992598,88376,0.0001320424481591,0.000867,1.0010424953385355,0.0010414096738049494,11.669383398508621,0.012152608758545756,VSL,8705114.0,105789.84464053928,293400728.82141083
O3_MAIN,O3,Escenario beta central,beta_base_corrida_principal,Mortality,Respiratory mortality,392,1.2239576264658982,88377,0.0001320424481591,0.000867,1.001061734503584,0.001060608419030662,11.669515440956781,0.012376786322687069,VSL,8705114.0,107741.33589263172,298813053.20470154
O3_MAIN,O3,Escenario beta central,beta_base_corrida_principal,Mortality,Respiratory mortality,393,1.19766668068565,88376,0.0001320424481591,0.000867,1.0010389163122135,0.001037838085297338,11.669383398508621,0.012110930522908729,VSL,8705114.0,105427.0308480001,292394490.1647689
O3_MAIN,O3,Escenario beta central,beta_base_corrida_principal,Mortality,Respiratory mortality,394,1.198265237048604,65713,0.0001320424481591,0.000867,1.0010394357998589,0.001038356494945103,8.676905395878938,0.009009721073835105,VSL,8705114.0,78430.649055937,217521915.01120734
O3_MAIN,O3,Escenario beta central,beta_base_corrida_principal,Mortality,Respiratory mortality,395,1.21585353616587,29100,0.0001320424481591,0.000867,1.0010547008219959,0.0010535896001786504,3.84243524142981,0.00404834980973039,VSL,8705114.0,35241.346605581355,97739407.9163175
O3_MAIN,O3,Escenario beta central,beta_base_corrida_principal,Mortality,Respiratory mortality,396,1.1820777194357532,7120,0.0001320424481591,0.000867,1.0010253867326326,0.0010243363916868642,0.9401422308927919,0.0009630219004651612,VSL,8705114.0,8383.215428045882,23250261.16460529
O3_MAIN,O3,Escenario beta central,beta_base_corrida_principal,Mortality,Respiratory mortality,397,1.1851092859507464,2535,0.0001320424481591,0.000867,1.0010280177993527,0.0010269620640716015,0.3347276060833185,0.0003437525532450707,VSL,8705114.0,2992.4051637894104,8299226.253408464
O3_MAIN,O3,Escenario beta central,beta_base_corrida_principal,Mortality,Respiratory mortality,398,1.2009051065905645,10141,0.0001320424481591,0.000867,1.0010417269484,0.0010406428826654768,1.3390424667814331,0.0013934650126429214,VSL,8705114.0,12130.271790068073,33642459.69072849
O3_MAIN,O3,Escenario beta central,beta_base_corrida_principal,Mortality,Respiratory mortality,400,1.1472571905725388,7025,0.0001320424481591,0.000867,1.000995166834462,0.0009941774620243482,0.9275981983176774,0.0009221972225818266,VSL,8705114.0,8027.831953058175,22264629.97357013
O3_MAIN,O3,Escenario beta central,beta_base_corrida_principal,Mortality,Respiratory mortality,401,1.1578197978892213,87066,0.0001320424481591,0.000867,1.0010043337704995,0.0010033260962182267,11.4964077914202,0.011534645949898434,VSL,8705114.0,100410.40794350415,278481237.7027527
O3_MAIN,O3,Escenario beta central,beta_base_corrida_principal,Mortality,Respiratory mortality,402,1.2004318112434866,76970,0.0001320424481591,0.000867,1.0010413161739489,0.0010402329625402995,10.163307234805927,0.010572207194069429,VSL,8705114.0,92032.26885599451,255245055.41328084
O3_MAIN,O3,Escenario beta central,beta_base_corrida_principal,Mortality,Respiratory mortality,403,1.201548509669342,682,0.0001320424481591,0.000867,1.0010422853601322,0.0010412001324771047,0.09005294964450619,9.376314309981389e-05,VSL,8705114.0,816.2188496821933,2263725.8442740855
O3_MAIN,O3,Escenario beta central,beta_base_corrida_principal,Mortality,Respiratory mortality,420,1.186618477550894,45834,0.0001320424481591,0.000867,1.0010293276144566,0.0010282691885855622,6.052033568924189,0.00622311964721026,VSL,8705114.0,54172.9659646051,150244928.9952147
O3_MAIN,O3,Escenario beta central,beta_base_corrida_principal,Mortality,Respiratory mortality,421,1.1870357394708648,88376,0.0001320424481591,0.000867,1.0010296897529825,0.0010286305826119335,11.669383398508621,0.012003484643929948,VSL,8705114.0,104491.7022226596,289800421.6953908
O3_MAIN,O3,Escenario beta central,beta_base_corrida_principal,Mortality,Respiratory mortality,422,1.2042733902735223,88378,0.0001320424481591,0.000867,1.001044650296779,0.0010435601413675277,11.669647483404939,0.012177978977491273,VSL,8705114.0,106010.69528866497,294013242.6344421
O3_MAIN,O3,Escenario beta central,beta_base_corrida_principal,Mortality,Respiratory mortality,423,1.1996249697981725,88378,0.0001320424481591,0.000867,1.001040615914227,0.0010395341584384932,11.669647483404939,0.012130997175935233,VSL,8705114.0,105601.71335019426,292878959.8568292
O3_MAIN,O3,Escenario beta central,beta_base_corrida_principal,Mortality,Respiratory mortality,424,1.164736635946614,88378,0.0001320424481591,0.000867,1.0010103367099825,0.001009316960005835,11.669647483404939,0.011778373122290015,VSL,8705114.0,102532.08076407052,284365548.75349605
O3_MAIN,O3,Escenario beta central,beta_base_corrida_principal,Mortality,Respiratory mortality,425,1.1808369207077511,88377,0.0001320424481591,0.000867,1.001024309857632,0.00102326172056455,11.669515440956781,0.01194096844826802,VSL,8705114.0,103947.49161257621,288291091.6630672
O3_MAIN,O3,Escenario beta central,beta_base_corrida_principal,Mortality,Respiratory mortality,426,1.204176388496922,88377,0.0001320424481591,0.000867,1.0010445661083864,0.0010434761285876837,11.669515440956781,0.012176860794823777,VSL,8705114.0,106000.9613810716,293986246.3231054
O3_MAIN,O3,Escenario beta central,beta_base_corrida_principal,Mortality,Respiratory mortality,427,1.2141050090072003,88377,0.0001320424481591,0.000867,1.0010531832512017,0.0010520752231976127,11.669515440956781,0.012277208062152593,VSL,8705114.0,106874.49578275741,296408932.8387729
O3_MAIN,O3,Escenario beta central,beta_base_corrida_principal,Mortality,Respiratory mortality,428,1.15647247604225,88377,0.0001320424481591,0.000867,1.0010031644699506,0.0010021591395086293,11.669515440956781,0.011694711552791911,VSL,8705114.0,101803.7972641706,282345705.44636863
O3_MAIN,O3,Escenario beta central,beta_base_corrida_principal,Mortality,Respiratory mortality,429,1.2129186070006703,88376,0.0001320424481591,0.000867,1.0010521535578762,0.001051047694305196,11.669383398508621,0.01226507851496582,VSL,8705114.0,106768.90669172817,296116088.8860397
O3_MAIN,O3,Escenario beta central,beta_base_corrida_principal,Mortality,Respiratory mortality,430,1.209079351017092,88378,0.0001320424481591,0.000867,1.0010488214262492,0.0010477225523873868,11.669647483404939,0.012226552846774067,VSL,8705114.0,106433.5363581928,295185962.74190265
O3_MAIN,O3,Escenario beta central,beta_base_corrida_principal,Mortality,Respiratory mortality,431,1.2288635496530524,88377,0.0001320424481591,0.000867,1.001065992464062,0.0010648573341682788,11.669515440956781,0.012426369103492804,VSL,8705114.0,108172.95965198266,300010131.48759824
O3_MAIN,O3,Escenario beta central,beta_base_corrida_principal,Mortality,Respiratory mortality,432,1.2243485483087593,88377,0.0001320424481591,0.000867,1.001062073792732,0.0010609469887399303,11.669515440956781,0.012380737267137216,VSL,8705114.0,107775.72931447793,298908440.9526525
O3_MAIN,O3,Escenario beta central,beta_base_corrida_principal,Mortality,Respiratory mortality,433,1.2213075587694036,88376,0.0001320424481591,0.000867,1.001059434458083,0.0010583132445642907,11.669383398508621,0.012349863006540328,VSL,8705114.0,107506.9653563163,298163042.9281683
O3_MAIN,O3,Escenario beta central,beta_base_corrida_principal,Mortality,Respiratory mortality,434,1.2324489109188708,88374,0.0001320424481591,0.000867,1.0010691042907622,0.0010679625274417903,11.669119313612303,0.012462182155185204,VSL,8705114.0,108484.7163496529,300874766.8656178
O3_MAIN,O3,Escenario beta central,beta_base_corrida_principal,Mortality,Respiratory mortality,435,1.2398979341926548,88373,0.0001320424481591,0.000867,1.0010755695194173,0.0010744139125618002,11.668987271164143,0.012537322269645311,VSL,8705114.0,109138.81961200117,302688876.4765124
O3_MAIN,O3,Escenario beta central,beta_base_corrida_principal,Mortality,Respiratory mortality,436,1.1830511413523173,88373,0.0001320424481591,0.000867,1.001026231555173,0.0010251794836371175,11.668987271164143,0.011962806345220154,VSL,8705114.0,104137.5929950648,288818324.5403026
O3_MAIN,O3,Escenario beta central,beta_base_corrida_principal,Mortality,Respiratory mortality,437,1.1881030377086237,87523,0.0001320424481591,0.000867,1.001030616053804,0.00102955497791557,11.556751190228908,0.01189831071643186,VSL,8705114.0,103576.15119396102,287261205.0058673
O3_MAIN,O3,Escenario beta central,beta_base_corrida_principal,Mortality,Respiratory mortality,438,1.2178153936124136,83412,0.0001320424481591,0.000867,1.0010564035478229,0.0010552887370570696,11.013924685846849,0.011622870671769004,VSL,8705114.0,101178.41420500576,280611249.3085891
O3_MAIN,O3,Escenario beta central,beta_base_corrida_principal,Mortality,Respiratory mortality,439,1.1890365967789975,83452,0.0001320424481591,0.000867,1.0010314262840223,0.0010303635399849798,11.019206383773213,0.011353788497409655,VSL,8705114.0,98836.02320183975,274114791.8286784
O3_MAIN,O3,Escenario beta central,beta_base_corrida_principal,Mortality,Respiratory mortality,440,1.2228347235853896,77384,0.0001320424481591,0.000867,1.001060759913602,0.0010596358943224526,10.217972808343793,0.010827330754931879,VSL,8705114.0,94253.14853738807,261404509.7480482
O3_MAIN,O3,Escenario beta central,beta_base_corrida_principal,Mortality,Respiratory mortality,441,1.1735743940772403,85838,0.0001320424481591,0.000867,1.0010180068172068,0.001016971533253086,11.334259665080825,0.011526619429885856,VSL,8705114.0,100340.53617177138,278287453.2348759
O3_MAIN,O3,Escenario beta central,beta_base_corrida_principal,Mortality,Respiratory mortality,442,1.4420699173241331,88372,0.0001320424481591,0.000867,1.001251056537468,0.0012494933506430606,11.668855228715985,0.014580157017897133,VSL,8705114.0,126921.92897869459,352009085.4873809
O3_MAIN,O3,Escenario beta central,beta_base_corrida_principal,Mortality,Respiratory mortality,443,1.136355654777292,88316,0.0001320424481591,0.000867,1.0009857058416884,0.0009847351824665562,11.661460851619076,0.011483450779545712,VSL,8705114.0,99964.7481493343,277245231.4598082
O3_MAIN,O3,Escenario beta central,beta_base_corrida_principal,Mortality,Respiratory mortality,444,1.21922507990233,45597,0.0001320424481591,0.000867,1.0010576270377183,0.0010565096445526168,6.0207395087104825,0.006360969358291608,VSL,8705114.0,55372.9634144353,153573037.92249727
O3_MAIN,O3,Escenario beta central,beta_base_corrida_principal,Mortality,Respiratory mortality,445,1.266912072970122,57394,0.0001320424481591,0.000867,1.0010990162435038,0.00109780973277529,7.578444269643385,0.008319689878509633,VSL,8705114.0,72423.84883707251,200862475.080202
O3_MAIN,O3,Escenario beta central,beta_base_corrida_principal,Mortality,Respiratory mortality,446,1.1478842595643162,8084,0.0001320424481591,0.000867,1.0009957110444672,0.0009947205901892353,1.0674311509181644,0.0010617957444276913,VSL,8705114.0,9243.052999957918,25634960.481673285
O3_MAIN,O3,Escenario beta central,beta_base_corrida_principal,Mortality,Respiratory mortality,461,1.2131297251515587,22921,0.0001320424481591,0.000867,1.0010523367899153,0.0010512305413420409,3.026544954254731,0.0031815964906572233,VSL,8705114.0,27696.160153171062,76813361.45360921
O3_MAIN,O3,Escenario beta central,beta_base_corrida_principal,Mortality,Respiratory mortality,462,1.1888033263364566,74661,0.0001320424481591,0.000867,1.0010312238299677,0.0010301615028772693,9.858421222006564,0.010155766022059448,VSL,8705114.0,88407.10097935401,245190906.0691698
O3_MAIN,O3,Escenario beta central,beta_base_corrida_principal,Mortality,Respiratory mortality,463,1.1983284647021275,80098,0.0001320424481591,0.000867,1.0010394906752162,0.0010384112563982528,10.576336012647591,0.010982586366983472,VSL,8705114.0,95604.66633943697,265152849.76578465
O3_MAIN,O3,Escenario beta central,beta_base_corrida_principal,Mortality,Respiratory mortality,464,1.2238407999166796,82755,0.0001320424481591,0.000867,1.0010616331074293,0.0010605072378350178,10.92717279740632,0.01158834584072332,VSL,8705114.0,100877.87161492235,279777715.47297406
O3_MAIN,O3,Escenario beta central,beta_base_corrida_principal,Mortality,Respiratory mortality,465,1.2170437017560527,88371,0.0001320424481591,0.000867,1.0010557337844135,0.0010546203860422043,11.668723186267826,0.012306073351321395,VSL,8705114.0,107125.77141561478,297105828.2172085
O3_MAIN,O3,Escenario beta central,beta_base_corrida_principal,Mortality,Respiratory mortality,466,1.2001839509676504,88371,0.0001320424481591,0.000867,1.0010411010553393,0.0010400182911987077,11.668723186267826,0.012135685548653003,VSL,8705114.0,105642.52616917694,292992151.3533804
O3_MAIN,O3,Escenario beta central,beta_base_corrida_principal,Mortality,Respiratory mortality,467,1.2160809437310771,88369,0.0001320424481591,0.000867,1.0010548981923217,0.0010537865547900482,11.668459101371507,0.012296065316142862,VSL,8705114.0,107038.65032846965,296864203.9804876
O3_MAIN,O3,Escenario beta central,beta_base_corrida_principal,Mortality,Respiratory mortality,468,1.2052921616614984,60568,0.0001320424481591,0.000867,1.001045534494676,0.001044442494020914,7.997547000100369,0.008352977934834308,VSL,8705114.0,72713.62516221723,201666149.4336481
O3_MAIN,O3,Escenario beta central,beta_base_corrida_principal,Mortality,Respiratory mortality,469,1.169640795770496,37663,0.0001320424481591,0.000867,1.0010145929214556,0.0010135645660215298,4.973114725016183,0.005040572868036307,VSL,8705114.0,43878.76144156301,121694673.34487408
O3_MAIN,O3,Escenario beta central,beta_base_corrida_principal,Mortality,Respiratory mortality,470,1.1826402710219297,14834,0.0001320424481591,0.000867,1.001025874965091,0.0010248236241914288,1.9587176759920892,0.0020073401474780257,VSL,8705114.0,17474.124820573026,48463262.00112185
O3_MAIN,O3,Escenario beta central,beta_base_corrida_principal,Mortality,Respiratory mortality,471,1.1718448635539822,56261,0.0001320424481591,0.000867,1.0010165057888643,0.0010154735541181292,7.428840175879125,0.007543790736375523,VSL,8705114.0,65669.55835229288,182129923.22099963
O3_MAIN,O3,Escenario beta central,beta_base_corrida_principal,Mortality,Respiratory mortality,472,1.1786405039095342,87172,0.0001320424481591,0.000867,1.0010224036154964,0.0010213593739797355,11.510404290925065,0.011756259320832886,VSL,8705114.0,102339.57760141285,283831654.70708644
O3_MAIN,O3,Escenario beta central,beta_base_corrida_principal,Mortality,Respiratory mortality,473,1.1730753496273696,88375,0.0001320424481591,0.000867,1.0010175737053,0.0010165393016361435,11.669251356060462,0.011862252624106322,VSL,8705114.0,103262.26138964469,286390653.6058822
O3_MAIN,O3,Escenario beta central,beta_base_corrida_principal,Mortality,Respiratory mortality,474,1.1793481064894404,88372,0.0001320424481591,0.000867,1.0010230177343573,0.0010219722386332064,11.668855228715985,0.011925246100377672,VSL,8705114.0,103810.62678184308,287911506.635567
O3_MAIN,O3,Escenario beta central,beta_base_corrida_principal,Mortality,Respiratory mortality,475,1.1673755487412265,88373,0.0001320424481591,0.000867,1.0010126269615827,0.0010116025855300137,11.668987271164143,0.011804377694026466,VSL,8705114.0,102758.4535255575,284993377.76138693
O3_MAIN,O3,Escenario beta central,beta_base_corrida_principal,Mortality,Respiratory mortality,476,1.1764000482752444,88372,0.0001320424481591,0.000867,1.0010204591563565,0.0010194188810251914,11.668855228715985,0.011895451340102604,VSL,8705114.0,103551.25999704594,287192171.0136071
O3_MAIN,O3,Escenario beta central,beta_base_corrida_principal,Mortality,Respiratory mortality,477,1.185246929429308,88373,0.0001320424481591,0.000867,1.0010281372589362,0.0010270812784058947,11.668987271164143,0.01198499836416938,VSL,8705114.0,104330.77704990798,289354106.9935263
O3_MAIN,O3,Escenario beta central,beta_base_corrida_principal,Mortality,Respiratory mortality,478,1.1759300519167066,88371,0.0001320424481591,0.000867,1.001020051253773,0.0010190118094991485,11.668723186267826,0.011890566728583447,VSL,8705114.0,103508.73889692596,287074241.71890134
O3_MAIN,O3,Escenario beta central,beta_base_corrida_principal,Mortality,Respiratory mortality,479,1.2302732832786276,88373,0.0001320424481591,0.000867,1.0010672160067606,0.001066078270965387,11.668987271164143,0.012440053773959781,VSL,8705114.0,108292.08626845013,300340520.81950766
O3_MAIN,O3,Escenario beta central,beta_base_corrida_principal,Mortality,Respiratory mortality,480,1.2362484538491163,88373,0.0001320424481591,0.000867,1.0010724020217618,0.0010712532076561088,11.668987271164143,0.012500440044332891,VSL,8705114.0,108817.75563608287,301798428.0137813
O3_MAIN,O3,Escenario beta central,beta_base_corrida_principal,Mortality,Respiratory mortality,481,1.384887451298802,88374,0.0001320424481591,0.000867,1.0012014185460127,0.0011999768715443837,11.669119313612303,0.014002673287626636,VSL,8705114.0,121894.86727354466,338066881.7424669
O3_MAIN,O3,Escenario beta central,beta_base_corrida_principal,Mortality,Respiratory mortality,482,1.3754664085314037,88374,0.0001320424481591,0.000867,1.001193240722092,0.001191818595610461,11.669119313612303,0.013907473392360321,VSL,8705114.0,121066.14133246333,335768468.35569376
O3_MAIN,O3,Escenario beta central,beta_base_corrida_principal,Mortality,Respiratory mortality,483,1.2712506706458946,88373,0.0001320424481591,0.000867,1.0011027819487914,0.0011015671604114319,11.668987271164143,0.012854173173173429,VSL,8705114.0,111897.04284821644,310338615.54652894
O3_MAIN,O3,Escenario beta central,beta_base_corrida_principal,Mortality,Respiratory mortality,484,1.2531441421510792,88373,0.0001320424481591,0.000867,1.0010870664000726,0.0010858859699203194,11.668987271164143,0.012671189560935936,VSL,8705114.0,110304.14964355726,305920837.745931
O3_MAIN,O3,Escenario beta central,beta_base_corrida_principal,Mortality,Respiratory mortality,485,1.5713776203800442,88373,0.0001320424481591,0.000867,1.001363312864087,0.0013614567725551696,11.668987271164143,0.01588682174918649,VSL,8705114.0,138296.5944243478,383555923.8743189
O3_MAIN,O3,Escenario beta central,beta_base_corrida_principal,Mortality,Respiratory mortality,486,1.338883645908977,88372,0.0001320424481591,0.000867,1.001161486124165,0.0011601386392334767,11.668855228715985,0.013537489826455003,VSL,8705114.0,117845.39221313102,326835946.12566394
O3_MAIN,O3,Escenario beta central,beta_base_corrida_principal,Mortality,Respiratory mortality,487,1.2535211968097997,66848,0.0001320424481591,0.000867,1.001087393661884,0.0010862125212730556,8.826773574539516,0.009587751979106949,VSL,8705114.0,83462.47398185161,231477329.2154867
O3_MAIN,O3,Escenario beta central,beta_base_corrida_principal,Mortality,Respiratory mortality,488,0.638176184258521,6168,0.0001320424481591,0.000867,1.0005534518497414,0.0005531457102250226,0.8144378202453287,0.00045050278651372164,VSL,8705114.0,3921.6781139196096,10876499.731488062
O3_MAIN,O3,Escenario beta central,beta_base_corrida_principal,Mortality,Respiratory mortality,503,1.1791937668314445,110,0.0001320424481591,0.000867,1.0010228837849904,0.0010218385628935067,0.014524669297501,1.4841867201461861e-05,VSL,8705114.0,129.20014596158646,358327.5608142427
O3_MAIN,O3,Escenario beta central,beta_base_corrida_principal,Mortality,Respiratory mortality,504,1.1869848774548115,585,0.0001320424481591,0.000867,1.0010296456102088,0.001028586530602893,0.0772448321730735,7.945299393190439e-05,VSL,8705114.0,691.6473698185359,1918235.564875822
O3_MAIN,O3,Escenario beta central,beta_base_corrida_principal,Mortality,Respiratory mortality,505,1.151704528232445,30061,0.0001320424481591,0.000867,1.0009990265208601,0.0009980294629581277,3.969328034110705,0.003961506326188148,VSL,8705114.0,34485.36418118901,95642743.58103503
O3_MAIN,O3,Escenario beta central,beta_base_corrida_principal,Mortality,Respiratory mortality,506,1.165630002799773,71500,0.0001320424481591,0.000867,1.0010111120418999,0.0010100907270023107,9.44103504337565,0.009536301950617602,VSL,8705114.0,83014.5956185486,230235169.92635122
O3_MAIN,O3,Escenario beta central,beta_base_corrida_principal,Mortality,Respiratory mortality,507,1.156950273693791,36518,0.0001320424481591,0.000867,1.0010035791361618,0.0010025729748418533,4.8219261218740135,0.0048343328164748706,VSL,8705114.0,42083.418281354825,116715414.7640579
O3_MAIN,O3,Escenario beta central,beta_base_corrida_principal,Mortality,Respiratory mortality,508,1.1766197406957737,32087,0.0001320424481591,0.000867,1.0010206498240735,0.001019609160163526,4.236846034081042,0.004319927026551537,VSL,8705114.0,37605.45723781216,104296103.26706538
O3_MAIN,O3,Escenario beta central,beta_base_corrida_principal,Mortality,Respiratory mortality,509,1.1634886681296075,423,0.0001320424481591,0.000867,1.0010092536292987,0.0010082360633926202,0.055853955571299296,5.631397229011311e-05,VSL,8705114.0,490.2195485782757,1359589.602613447
O3_MAIN,O3,Escenario beta central,beta_base_corrida_principal,Mortality,Respiratory mortality,513,1.148436882071039,29744,0.0001320424481591,0.000867,1.0009961906453642,0.0009951992371937113,3.9274705780442702,0.0039086157233704025,VSL,8705114.0,34024.94545413182,94365804.4708528
O3_MAIN,O3,Escenario beta central,beta_base_corrida_principal,Mortality,Respiratory mortality,514,1.1834874498277976,78902,0.0001320424481591,0.000867,1.001026610222895,0.0010255573752095959,10.418413244649308,0.010684680541031433,VSL,8705114.0,93011.3621632603,257960502.164451
O3_MAIN,O3,Escenario beta central,beta_base_corrida_principal,Mortality,Respiratory mortality,515,1.2153096103605705,84667,0.0001320424481591,0.000867,1.0010542287410544,0.001053118513249962,11.17963795828652,0.01177348370530354,VSL,8705114.0,102489.51783180973,284247503.440276
O3_MAIN,O3,Escenario beta central,beta_base_corrida_principal,Mortality,Respiratory mortality,516,1.1876636544292296,40091,0.0001320424481591,0.000867,1.0010302347159652,0.0010291744247439283,5.293713789146478,0.0054481548437038275,VSL,8705114.0,47426.809004094,131534934.89622441
O3_MAIN,O3,Escenario beta central,beta_base_corrida_principal,Mortality,Respiratory mortality,517,1.1700484587346978,41250,0.0001320424481591,0.000867,1.0010149467239096,0.0010139176515109316,5.446750986562875,0.00552255696866068,VSL,8705114.0,48074.48798368565,133331227.20859328
O3_MAIN,O3,Escenario beta central,beta_base_corrida_principal,Mortality,Respiratory mortality,518,1.2070993597134283,71036,0.0001320424481591,0.000867,1.0010471029748018,0.0010460076970306709,9.379767347429826,0.009811308841768557,VSL,8705114.0,85408.56195680326,236874667.98785684
O3_MAIN,O3,Escenario beta central,beta_base_corrida_principal,Mortality,Respiratory mortality,519,1.1628859871746418,88373,0.0001320424481591,0.000867,1.0010087305776878,0.0010077140656962191,11.668987271164143,0.011759002605582249,VSL,8705114.0,102363.45820789051,283897885.89750975
O3_MAIN,O3,Escenario beta central,beta_base_corrida_principal,Mortality,Respiratory mortality,520,1.1457694713710858,88373,0.0001320424481591,0.000867,1.0009938756991286,0.0009928888909880307,11.668987271164143,0.011586007830619612,VSL,8705114.0,100857.51897043642,279721268.83817744
O3_MAIN,O3,Escenario beta central,beta_base_corrida_principal,Mortality,Respiratory mortality,521,1.1539166091116435,88375,0.0001320424481591,0.000867,1.0010009463128307,0.0009999454211482295,11.669251356060462,0.011668614461720427,VSL,8705114.0,101576.61911132495,281715642.74192196
O3_MAIN,O3,Escenario beta central,beta_base_corrida_principal,Mortality,Respiratory mortality,522,1.1529720959698366,88374,0.0001320424481591,0.000867,1.0010001266006043,0.0009991273467675477,11.669119313612303,0.011658936218923407,VSL,8705114.0,101492.36890445721,281481980.6906887
O3_MAIN,O3,Escenario beta central,beta_base_corrida_principal,Mortality,Respiratory mortality,523,0.9914789056491315,88374,0.0001320424481591,0.000867,1.0008599817836634,0.0008592428504642369,11.669119313612303,0.010026607341435513,VSL,8705114.0,87282.75994043307,242072624.90159526
O3_MAIN,O3,Escenario beta central,beta_base_corrida_principal,Mortality,Respiratory mortality,524,0.9923417995965648,88375,0.0001320424481591,0.000867,1.0008607305563733,0.0008599903364124861,11.669251356060462,0.010035443399380296,VSL,8705114.0,87359.678832153,242285954.06345809
O3_MAIN,O3,Escenario beta central,beta_base_corrida_principal,Mortality,Respiratory mortality,525,0.8794979294172576,88374,0.0001320424481591,0.000867,1.0007628155006758,0.0007622340567221553,11.669119313612303,0.008894600152789558,VSL,8705114.0,77428.50831445052,214742547.8145465
O3_MAIN,O3,Escenario beta central,beta_base_corrida_principal,Mortality,Respiratory mortality,526,1.1968218567580229,88375,0.0001320424481591,0.000867,1.0010381830891697,0.0010371063828614746,11.669251356060462,0.012102255064585224,VSL,8705114.0,105351.50999429173,292185038.36346847
O3_MAIN,O3,Escenario beta central,beta_base_corrida_principal,Mortality,Respiratory mortality,527,1.201268731613217,88375,0.0001320424481591,0.000867,1.0010420425397624,0.001040957817434407,11.669251356060462,0.012147198422698192,VSL,8705114.0,105742.74705020795,293270106.9514582
O3_MAIN,O3,Escenario beta central,beta_base_corrida_principal,Mortality,Respiratory mortality,528,1.2267410617402297,88375,0.0001320424481591,0.000867,1.0010641503071003,0.0010630190950038365,11.669251356060462,0.012404637015891685,VSL,8705114.0,107983.77935195692,299485453.16809785
O3_MAIN,O3,Escenario beta central,beta_base_corrida_principal,Mortality,Respiratory mortality,529,1.1782363005153762,82303,0.0001320424481591,0.000867,1.0010220528129194,0.001021009287505259,10.867489610838406,0.011095807824532926,VSL,8705114.0,96590.27203465112,267886358.16906244
O3_MAIN,O3,Escenario beta central,beta_base_corrida_principal,Mortality,Respiratory mortality,530,1.2747448293434331,53223,0.0001320424481591,0.000867,1.0011058147297829,0.0011045932542917969,7.027695218371779,0.007762744731432183,VSL,8705114.0,67575.57784001654,187416134.84883708
O3_MAIN,O3,Escenario beta central,beta_base_corrida_principal,Mortality,Respiratory mortality,531,1.2281300047546893,8740,0.0001320424481591,0.000867,1.001065355802884,0.0010642220277710113,1.154050996910534,0.0012281664920832855,VSL,8705114.0,10691.329324565098,29651653.488628577
O3_MAIN,O3,Escenario beta central,beta_base_corrida_principal,Mortality,Respiratory mortality,546,1.2133562841340524,33,0.0001320424481591,0.000867,1.0010525334232796,0.0010514267614709638,0.0043574007892503,4.581487800272464e-06,VSL,8705114.0,39.88237359098103,110610.97138843451
O3_MAIN,O3,Escenario beta central,beta_base_corrida_principal,Mortality,Respiratory mortality,547,1.189699187737455,5126,0.0001320424481591,0.000867,1.001032001343068,0.0010309374142719596,0.6768495892635465,0.0006977895654063985,VSL,8705114.0,6074.337714873156,16846750.448560655
O3_MAIN,O3,Escenario beta central,beta_base_corrida_principal,Mortality,Respiratory mortality,555,1.22222953212205,815,0.0001320424481591,0.000867,1.0010602346561595,0.0010591117491782764,0.10761459524966649,0.00011397588221198652,VSL,8705114.0,992.1730479059148,2751722.496253701
O3_MAIN,O3,Escenario beta central,beta_base_corrida_principal,Mortality,Respiratory mortality,556,1.1617595521436197,6555,0.0001320424481591,0.000867,1.0010077529738477,0.0010067384302008264,0.8655382476829004,0.0008713706167510572,VSL,8705114.0,7585.380555068263,21037521.992842972
O3_MAIN,O3,Escenario beta central,beta_base_corrida_principal,Mortality,Respiratory mortality,559,1.170072720787621,15036,0.0001320424481591,0.000867,1.0010149677804594,0.0010139386653826854,1.9853902505202274,0.0020130639408762747,VSL,8705114.0,17523.95109461723,48601451.68434426
O3_MAIN,O3,Escenario beta central,beta_base_corrida_principal,Mortality,Respiratory mortality,560,1.2118655551399424,77991,0.0001320424481591,0.000867,1.0010512396017182,0.001050135657527873,10.298122574376368,0.01081442572094536,VSL,8705114.0,94140.80874536154,261092943.19864807
O3_MAIN,O3,Escenario beta central,beta_base_corrida_principal,Mortality,Respiratory mortality,561,1.1913563216440686,88372,0.0001320424481591,0.000867,1.001033439561911,0.0010323726671539468,11.668855228715985,0.0120466071951028,VSL,8705114.0,104867.08894659011,290841530.4971414
O3_MAIN,O3,Escenario beta central,beta_base_corrida_principal,Mortality,Respiratory mortality,562,1.1456032195121235,88372,0.0001320424481591,0.000867,1.0009937314155197,0.0009927448937312455,11.668855228715985,0.01158419644399694,VSL,8705114.0,100841.75064338798,279677536.4868915
O3_MAIN,O3,Escenario beta central,beta_base_corrida_principal,Mortality,Respiratory mortality,563,1.2366473994154354,88372,0.0001320424481591,0.000867,1.0010727482785562,0.0010715987228709922,11.668855228715985,0.01250433036045855,VSL,8705114.0,108851.62128145277,301892352.0106195
O3_MAIN,O3,Escenario beta central,beta_base_corrida_principal,Mortality,Respiratory mortality,564,1.0995581733233326,88371,0.0001320424481591,0.000867,1.000953771487294,0.0009528626740442636,11.668723186267826,0.01111869077794946,VSL,8705114.0,96789.47075279873,268438821.86993456
O3_MAIN,O3,Escenario beta central,beta_base_corrida_principal,Mortality,Respiratory mortality,565,1.0822473624774158,88373,0.0001320424481591,0.000867,1.000938748812371,0.0009378683895342466,11.668987271164143,0.010943974299502337,VSL,8705114.0,95268.54389023798,264220637.6815027
O3_MAIN,O3,Escenario beta central,beta_base_corrida_principal,Mortality,Respiratory mortality,566,1.325824185880684,88372,0.0001320424481591,0.000867,1.0011501504855078,0.0011488291590928679,11.668855228715985,0.0134055211399822,VSL,8705114.0,116696.589752955,323649822.918538
O3_MAIN,O3,Escenario beta central,beta_base_corrida_principal,Mortality,Respiratory mortality,567,1.385294471889841,88371,0.0001320424481591,0.000867,1.0012017718568922,0.0012003293348785693,11.668723186267826,0.014006310741055,VSL,8705114.0,121926.53172030825,338154700.8690545
O3_MAIN,O3,Escenario beta central,beta_base_corrida_principal,Mortality,Respiratory mortality,568,1.33658800011672,88372,0.0001320424481591,0.000867,1.0011594934895114,0.0011581506214060067,11.668855228715985,0.013514291934234148,VSL,8705114.0,117643.45191678876,326275878.84957945
O3_MAIN,O3,Escenario beta central,beta_base_corrida_principal,Mortality,Respiratory mortality,569,1.0839327798875915,88373,0.0001320424481591,0.000867,1.0009402114420876,0.0009393282748955123,11.668987271164143,0.010961009683200306,VSL,8705114.0,95416.83884736255,264631923.3644407
O3_MAIN,O3,Escenario beta central,beta_base_corrida_principal,Mortality,Respiratory mortality,570,1.2371173549462728,88374,0.0001320424481591,0.000867,1.0010731561671775,0.0010720057376089054,11.669119313612303,0.01250936285703528,VSL,8705114.0,108895.42973785782,302013851.697867
O3_MAIN,O3,Escenario beta central,beta_base_corrida_principal,Mortality,Respiratory mortality,571,1.155120547292691,88373,0.0001320424481591,0.000867,1.0010019911725812,0.0010009881912496077,11.668987271164143,0.011680518462277292,VSL,8705114.0,101680.24479322853,282003041.3168838
O3_MAIN,O3,Escenario beta central,beta_base_corrida_principal,Mortality,Respiratory mortality,572,1.1515230088980069,53982,0.0001320424481591,0.000867,1.0009988689863856,0.000997872242749942,7.127915436524536,0.007112748962776671,VSL,8705114.0,61917.29057435268,171723271.19762695
O3_MAIN,O3,Escenario beta central,beta_base_corrida_principal,Mortality,Respiratory mortality,573,1.1671179897187738,26916,0.0001320424481591,0.000867,1.0010124034318117,0.001011379507727228,3.5540545346503354,0.003594497925690379,VSL,8705114.0,31290.514215898278,86782050.84179875
O3_MAIN,O3,Escenario beta central,beta_base_corrida_principal,Mortality,Respiratory mortality,601,1.1580727285112875,3938,0.0001320424481591,0.000867,1.001004553281614,0.0010035451670232787,0.5199831608505358,0.0005218265880050433,VSL,8705114.0,4542.559936814934,12598472.005560642
O3_MAIN,O3,Escenario beta central,beta_base_corrida_principal,Mortality,Respiratory mortality,602,1.1614123284082982,54996,0.0001320424481591,0.000867,1.0010074516275376,0.0010064376902485517,7.261806478957864,0.00730855573971432,VSL,8705114.0,63621.81088956748,176450638.97545314
O3_MAIN,O3,Escenario beta central,beta_base_corrida_principal,Mortality,Respiratory mortality,603,1.2059772574010967,88373,0.0001320424481591,0.000867,1.0010461290938835,0.0010450358514750846,11.668987271164143,0.012194510048772944,VSL,8705114.0,106154.60014871405,294412352.690448
O3_MAIN,O3,Escenario beta central,beta_base_corrida_principal,Mortality,Respiratory mortality,604,1.172527568898266,88373,0.0001320424481591,0.000867,1.0010170982962485,0.0010160648584122134,11.668987271164143,0.011856447899489315,VSL,8705114.0,103211.73060011503,286250509.998277
O3_MAIN,O3,Escenario beta central,beta_base_corrida_principal,Mortality,Respiratory mortality,605,1.1734220005032494,88373,0.0001320424481591,0.000867,1.0010178745574825,0.0010168395423832965,11.668987271164143,0.01186548767688706,VSL,8705114.0,103290.42289289701,286468757.56384736
O3_MAIN,O3,Escenario beta central,beta_base_corrida_principal,Mortality,Respiratory mortality,606,1.372453747707839,88374,0.0001320424481591,0.000867,1.0011906256318561,0.0011892097282719671,11.669119313612303,0.01387703020811405,VSL,8705114.0,120801.12994307654,335033477.8180267
O3_MAIN,O3,Escenario beta central,beta_base_corrida_principal,Mortality,Respiratory mortality,607,1.2952190296582555,88373,0.0001320424481591,0.000867,1.0011235856486451,0.0011223246208080795,11.668987271164143,0.013096391714323603,VSL,8705114.0,114005.5828618424,316186503.6765196
O3_MAIN,O3,Escenario beta central,beta_base_corrida_principal,Mortality,Respiratory mortality,608,1.2695072879169054,88374,0.0001320424481591,0.000867,1.0011012687702399,0.0011000573114772205,11.669119313612303,0.012836700019439259,VSL,8705114.0,111744.93705302096,309916760.7709599
O3_MAIN,O3,Escenario beta central,beta_base_corrida_principal,Mortality,Respiratory mortality,609,1.229827489804478,88374,0.0001320424481591,0.000867,1.001066829091411,0.0010656921799910846,11.669119313612303,0.012435689199899564,VSL,8705114.0,108254.0921536945,300235146.80182093
O3_MAIN,O3,Escenario beta central,beta_base_corrida_principal,Mortality,Respiratory mortality,610,1.128063099891838,88373,0.0001320424481591,0.000867,1.0009785091355985,0.0009775525914571537,11.668987271164143,0.011407048746607048,VSL,8705114.0,99299.65974277147,275400655.3203947
O3_MAIN,O3,Escenario beta central,beta_base_corrida_principal,Mortality,Respiratory mortality,611,0.8015893518690635,88374,0.0001320424481591,0.000867,1.0006952195212133,0.0006947365268177297,11.669119313612303,0.008106963422960701,VSL,8705114.0,70572.04079070312,195726615.09015974
O3_MAIN,O3,Escenario beta central,beta_base_corrida_principal,Mortality,Respiratory mortality,612,1.18125855329437,88373,0.0001320424481591,0.000867,1.0010246757875934,0.0010236269018915056,11.668987271164143,0.011944689288593166,VSL,8705114.0,103979.88195178242,288380924.0015319
O3_MAIN,O3,Escenario beta central,beta_base_corrida_principal,Mortality,Respiratory mortality,613,1.2159997883144964,88373,0.0001320424481591,0.000867,1.0010548277563536,0.0010537162671876432,11.668987271164143,0.012295801709231204,VSL,8705114.0,107036.35560025249,296857839.71240824
O3_MAIN,O3,Escenario beta central,beta_base_corrida_principal,Mortality,Respiratory mortality,614,1.172580708380515,47718,0.0001320424481591,0.000867,1.0010171444150404,0.0010161108835301524,6.300801541255933,0.006402313021033713,VSL,8705114.0,55732.864711782866,154571198.97759995
O3_MAIN,O3,Escenario beta central,beta_base_corrida_principal,Mortality,Respiratory mortality,643,1.2390802663755558,2346,0.0001320424481591,0.000867,1.001074859839181,0.0010737057559847552,0.3097715833812486,0.00033260353211695814,VSL,8705114.0,2895.351663880782,8030055.165156877
O3_MAIN,O3,Escenario beta central,beta_base_corrida_principal,Mortality,Respiratory mortality,644,1.2227489568552556,26746,0.0001320424481591,0.000867,1.001060685474972,0.0010595616133589614,3.5316073184632883,0.003741955548101277,VSL,8705114.0,32574.1496291541,90342123.80598485
O3_MAIN,O3,Escenario beta central,beta_base_corrida_principal,Mortality,Respiratory mortality,645,1.1707845519738278,69888,0.0001320424481591,0.000867,1.0010155855646836,0.0010145551970708322,9.22818261694318,0.009362500633538415,VSL,8705114.0,81501.63534002414,226039080.50108314
O3_MAIN,O3,Escenario beta central,beta_base_corrida_principal,Mortality,Respiratory mortality,646,1.1408967007243778,88373,0.0001320424481591,0.000867,1.000989646817092,0.0009886683845720112,11.668987271164143,0.011536758794973215,VSL,8705114.0,100428.80050074446,278532248.1727797
O3_MAIN,O3,Escenario beta central,beta_base_corrida_principal,Mortality,Respiratory mortality,647,1.1790657409884862,88374,0.0001320424481591,0.000867,1.0010227726730523,0.001021727677903983,11.669119313612303,0.011922662179481618,VSL,8705114.0,103788.13345587594,287849122.97053
O3_MAIN,O3,Escenario beta central,beta_base_corrida_principal,Mortality,Respiratory mortality,648,1.2159486269890143,72285,0.0001320424481591,0.000867,1.0010547833526966,0.0010536719570569675,9.544688365180543,0.01005697046923865,VSL,8705114.0,87547.07442935594,242805682.63460863
O3_MAIN,O3,Escenario beta central,beta_base_corrida_principal,Mortality,Respiratory mortality,649,1.2227805469269626,78707,0.0001320424481591,0.000867,1.0010607128926152,0.0010595889729307917,10.392664967258284,0.011011953198671025,VSL,8705114.0,95860.30795709592,265861853.89744854
O3_MAIN,O3,Escenario beta central,beta_base_corrida_principal,Mortality,Respiratory mortality,650,1.2216167043212227,88375,0.0001320424481591,0.000867,1.0010597027712718,0.0010585809900629517,11.669251356060462,0.012352847653791925,VSL,8705114.0,107532.94705089123,298235101.33935326
O3_MAIN,O3,Escenario beta central,beta_base_corrida_principal,Mortality,Respiratory mortality,651,1.8052156665218284,88374,0.0001320424481591,0.000867,1.001566347425524,0.001563897818202764,11.669119313612303,0.018249310234906016,VSL,8705114.0,158862.32601622364,440593540.8431751
O3_MAIN,O3,Escenario beta central,beta_base_corrida_principal,Mortality,Respiratory mortality,652,1.1593763843144806,88374,0.0001320424481591,0.000867,1.0010056846872508,0.001004674301689934,11.669119313612303,0.011723664297739961,VSL,8705114.0,102055.8342095563,283044712.2718097
O3_MAIN,O3,Escenario beta central,beta_base_corrida_principal,Mortality,Respiratory mortality,653,1.191989151074706,88170,0.0001320424481591,0.000867,1.001033988792188,0.0010329207636950999,11.642182654187847,0.012025452198241556,VSL,8705114.0,104682.93228724334,290330784.89340925
O3_MAIN,O3,Escenario beta central,beta_base_corrida_principal,Mortality,Respiratory mortality,654,1.2098564444622593,88374,0.0001320424481591,0.000867,1.0010494958731262,0.0010483955862850003,11.669119313612303,0.01223385318422419,VSL,8705114.0,106497.08662793458,295362214.96651256
O3_MAIN,O3,Escenario beta central,beta_base_corrida_principal,Mortality,Respiratory mortality,655,1.2020855396974977,28007,0.0001320424481591,0.000867,1.0010427514505684,0.001041665252615176,3.6981128455919134,0.0038521956515029277,VSL,8705114.0,33533.80229663726,93003653.30356267
O3_MAIN,O3,Escenario beta central,beta_base_corrida_principal,Mortality,Respiratory mortality,686,1.2150534137801632,17050,0.0001320424481591,0.000867,1.001054006384476,0.001052896624711419,2.251323741112655,0.0023704111681501993,VSL,8705114.0,20634.699445620652,57228894.48346768
O3_MAIN,O3,Escenario beta central,beta_base_corrida_principal,Mortality,Respiratory mortality,687,1.2122244319995286,50211,0.0001320424481591,0.000867,1.0010515510750932,0.0010504464769709454,6.62998336451657,0.006964442667632406,VSL,8705114.0,60626.26736820421,168142708.7069986
O3_MAIN,O3,Escenario beta central,beta_base_corrida_principal,Mortality,Respiratory mortality,688,1.1854297713336717,78804,0.0001320424481591,0.000867,1.0010282959458643,0.0010272396395074601,10.405473084729715,0.010688914420462332,VSL,8705114.0,93048.21856636854,258062720.81852347
O3_MAIN,O3,Escenario beta central,beta_base_corrida_principal,Mortality,Respiratory mortality,689,1.1996575673415766,15395,0.0001320424481591,0.000867,1.0010406442057076,0.001039562391128901,2.0327934894093445,0.0021132156605216403,VSL,8705114.0,18395.78323142618,51019417.08753431
O3_MAIN,O3,Escenario beta central,beta_base_corrida_principal,Mortality,Respiratory mortality,690,1.195222122554707,26719,0.0001320424481591,0.000867,1.00103679468065,0.0010357208507812965,3.528042172362993,0.0036540668403520927,VSL,8705114.0,31809.068408884767,88220224.59725328
O3_MAIN,O3,Escenario beta central,beta_base_corrida_principal,Mortality,Respiratory mortality,691,1.2618823772217915,18381,0.0001320424481591,0.000867,1.0010946507142777,0.0010934537643334519,2.427072239612417,0.002653891276713419,VSL,8705114.0,23102.42610739586,64072961.63903489
O3_MAIN,O3,Escenario beta central,beta_base_corrida_principal,Mortality,Respiratory mortality,692,1.2128291486170557,28949,0.0001320424481591,0.000867,1.0010520759158552,0.0010509702154032352,3.822496831757786,0.004017330318650664,VSL,8705114.0,34971.31839951036,96990503.58875401
O3_MAIN,O3,Escenario beta central,beta_base_corrida_principal,Mortality,Respiratory mortality,693,1.2196042436169598,26275,0.0001320424481591,0.000867,1.0010579561203918,0.0010568380321275272,3.469415325380352,0.003666610065108056,VSL,8705114.0,31918.25861031305,88523055.97760051
O3_MAIN,O3,Escenario beta central,beta_base_corrida_principal,Mortality,Respiratory mortality,694,1.191863346811898,3451,0.0001320424481591,0.000867,1.0010338796071185,0.0010328118040563439,0.45567848859705407,0.00047063012187759155,VSL,8705114.0,4096.888862778328,11362434.478695298
O3_MAIN,O3,Escenario beta central,beta_base_corrida_principal,Mortality,Respiratory mortality,695,1.2148499583324774,34687,0.0001320424481591,0.000867,1.001053829802696,0.0010527204145492908,4.580156399294702,0.0048216241433661055,VSL,8705114.0,41972.78783315429,116408588.96010509
O3_MAIN,O3,Escenario beta central,beta_base_corrida_principal,Mortality,Respiratory mortality,696,1.2006490834767192,8351,0.0001320424481591,0.000867,1.0010415047451509,0.0010404211415948605,1.102686484576644,0.0011472583311044554,VSL,8705114.0,9987.01455971403,27698285.790347684
O3_MAIN,O3,Escenario beta central,beta_base_corrida_principal,Mortality,Respiratory mortality,729,1.1695470846058047,456,0.0001320424481591,0.000867,1.001014511591446,0.0010134834007881066,0.0602113563605496,6.10232102103544e-05,VSL,8705114.0,531.2140015270991,1473284.8482553023
O3_MAIN,O3,Escenario beta central,beta_base_corrida_principal,Mortality,Respiratory mortality,730,1.175690556276967,1632,0.0001320424481591,0.000867,1.0010198433992687,0.001018804378348337,0.2154932753956512,0.00021954549247771337,VSL,8705114.0,1911.1685402046373,5300492.164459747
PM25_MAIN,PM25,Escenario beta bajo,beta_alternativo_pipeline_previo,Mortality,All-cause mortality,0,1.505178645721989,7006,6.44018355644251e-05,0.001094,1.0016480219364168,0.001645310428738056,0.4511992599643623,0.0007423628478582585,VSL,8705114.0,6462.353219970796,17922884.290863603
PM25_MAIN,PM25,Escenario beta bajo,beta_alternativo_pipeline_previo,Mortality,All-cause mortality,1,1.4821126934720257,3805,6.44018355644251e-05,0.001094,1.001622746517123,0.0016201174771296456,0.2450489843226375,0.00039700814225397354,VSL,8705114.0,3456.0011372490567,9584977.23408065
PM25_MAIN,PM25,Escenario beta bajo,beta_alternativo_pipeline_previo,Mortality,All-cause mortality,2,1.4784377732190936,73,6.44018355644251e-05,0.001094,1.0016187196384314,0.0016161036197642753,0.004701333996203033,7.597842888984567e-06,VSL,8705114.0,66.1400885027,183434.90565604324
PM25_MAIN,PM25,Escenario beta bajo,beta_alternativo_pipeline_previo,Mortality,All-cause mortality,41,1.473053198706804,5661,6.44018355644251e-05,0.001094,1.0016128193958618,0.0016102223979467256,0.36457879113021047,0.0005870529352942059,VSL,8705114.0,5110.362725770686,14173233.294534191
PM25_MAIN,PM25,Escenario beta bajo,beta_alternativo_pipeline_previo,Mortality,All-cause mortality,42,1.4056198676459797,9380,6.44018355644251e-05,0.001094,1.0015389310761458,0.0015365664063524687,0.6040892175943074,0.0009282231981951594,VSL,8705114.0,8080.288757733457,22410115.2493607
PM25_MAIN,PM25,Escenario beta bajo,beta_alternativo_pipeline_previo,Mortality,All-cause mortality,43,1.433476986109536,6828,6.44018355644251e-05,0.001094,1.0015694541288307,0.0015669948023683267,0.4397357332338946,0.0006890636083931379,VSL,8705114.0,5998.377264313623,16636079.456165329
PM25_MAIN,PM25,Escenario beta bajo,beta_alternativo_pipeline_previo,Mortality,All-cause mortality,44,1.4356476786609953,939,6.44018355644251e-05,0.001094,1.0015718325963479,0.0015693658160027546,0.06047332359499517,9.490476683005822e-05,VSL,8705114.0,826.1568143990754,2291288.0937588275
PM25_MAIN,PM25,Escenario beta bajo,beta_alternativo_pipeline_previo,Mortality,All-cause mortality,82,1.485198575938064,656,6.44018355644251e-05,0.001094,1.0016261279565686,0.0016234879574137384,0.042247604130262864,6.858847653506468e-05,VSL,8705114.0,597.070507324063,1655933.2571277758
PM25_MAIN,PM25,Escenario beta bajo,beta_alternativo_pipeline_previo,Mortality,All-cause mortality,83,1.5349538586180334,4099,6.44018355644251e-05,0.001094,1.0016806502335438,0.0016778303875112366,0.2639831239785785,0.00044291890720140513,VSL,8705114.0,3855.6595799436527,10693401.948803125
PM25_MAIN,PM25,Escenario beta bajo,beta_alternativo_pipeline_previo,Mortality,All-cause mortality,84,1.4708954060961634,9171,6.44018355644251e-05,0.001094,1.0016104549662745,0.0016078655711803114,0.5906292339613426,0.0009496524106190439,VSL,8705114.0,8266.832494813589,22927481.24609085
PM25_MAIN,PM25,Escenario beta bajo,beta_alternativo_pipeline_previo,Mortality,All-cause mortality,85,1.4074694065815656,9159,6.44018355644251e-05,0.001094,1.001540957587658,0.0015385866908222967,0.5898564119345695,0.0009075452248987227,VSL,8705114.0,7900.28464289902,21910886.437155426
PM25_MAIN,PM25,Escenario beta bajo,beta_alternativo_pipeline_previo,Mortality,All-cause mortality,86,1.4518727064568928,7033,6.44018355644251e-05,0.001094,1.0015896108348519,0.0015870879825987672,0.45293810952460173,0.0007188526304874996,VSL,8705114.0,6257.6940975935595,17355276.541088905
PM25_MAIN,PM25,Escenario beta bajo,beta_alternativo_pipeline_previo,Mortality,All-cause mortality,87,1.444531004065194,2360,6.44018355644251e-05,0.001094,1.0015815662772696,0.0015790688751871063,0.15198833193204322,0.00024000004434549603,VSL,8705114.0,2089.227746032598,5794326.907679188
PM25_MAIN,PM25,Escenario beta bajo,beta_alternativo_pipeline_previo,Mortality,All-cause mortality,91,1.4903653124295977,537,6.44018355644251e-05,0.001094,1.0016317895738325,0.001629131174567533,0.03458378569809628,5.6341523415331444e-05,VSL,8705114.0,490.45938426412954,1360254.7700996648
PM25_MAIN,PM25,Escenario beta bajo,beta_alternativo_pipeline_previo,Mortality,All-cause mortality,125,1.462784210597622,3772,6.44018355644251e-05,0.001094,1.001601567067223,0.0015990061516302223,0.24292372374901147,0.0003884365286515901,VSL,8705114.0,3381.384263676358,9378032.558407921
PM25_MAIN,PM25,Escenario beta bajo,beta_alternativo_pipeline_previo,Mortality,All-cause mortality,126,1.5204727507397229,9325,6.44018355644251e-05,0.001094,1.001664781401806,0.0016620145109585982,0.6005471166382641,0.0009981180223671408,VSL,8705114.0,8688.73117016051,24097587.689258263
PM25_MAIN,PM25,Escenario beta bajo,beta_alternativo_pipeline_previo,Mortality,All-cause mortality,127,1.4706945778082563,9380,6.44018355644251e-05,0.001094,1.001610234906325,0.0016076462182672557,0.6040892175943074,0.0009711617461615138,VSL,8705114.0,8454.07371277504,23446781.65722168
PM25_MAIN,PM25,Escenario beta bajo,beta_alternativo_pipeline_previo,Mortality,All-cause mortality,128,1.438323657754081,9379,6.44018355644251e-05,0.001094,1.0015747647233408,0.0015722887385005713,0.604024815758743,0.000949701415592354,VSL,8705114.0,8267.25908869282,22928664.374353323
PM25_MAIN,PM25,Escenario beta bajo,beta_alternativo_pipeline_previo,Mortality,All-cause mortality,129,1.4486095129912808,7335,6.44018355644251e-05,0.001094,1.0015860352327777,0.0015835237083841047,0.4723874638650581,0.0007480367485737591,VSL,8705114.0,6511.74517252391,18059869.413832985
PM25_MAIN,PM25,Escenario beta bajo,beta_alternativo_pipeline_previo,Mortality,All-cause mortality,130,1.467243421937889,5190,6.44018355644251e-05,0.001094,1.0016064532693958,0.0016038767164010537,0.3342455265793663,0.0005360886176418551,VSL,8705114.0,4666.712530674759,12942800.533949297
PM25_MAIN,PM25,Escenario beta bajo,beta_alternativo_pipeline_previo,Mortality,All-cause mortality,131,1.436832227142368,5202,6.44018355644251e-05,0.001094,1.0015731305301592,0.001570659677468056,0.3350183486061394,0.0005261998113675996,VSL,8705114.0,4580.62934473345,12704054.843564091
PM25_MAIN,PM25,Escenario beta bajo,beta_alternativo_pipeline_previo,Mortality,All-cause mortality,132,1.4503910498834287,8779,6.44018355644251e-05,0.001094,1.0015879873272246,0.0015854696215580333,0.565383714420088,0.000896398703736692,VSL,8705114.0,7803.25290548013,21641775.705645755
PM25_MAIN,PM25,Escenario beta bajo,beta_alternativo_pipeline_previo,Mortality,All-cause mortality,133,1.441128189329401,7568,6.44018355644251e-05,0.001094,1.0015778377172246,0.0015753520673149612,0.4873930915515692,0.0007678157143707946,VSL,8705114.0,6683.923324589206,18537393.466115437
PM25_MAIN,PM25,Escenario beta bajo,beta_alternativo_pipeline_previo,Mortality,All-cause mortality,134,1.4278879107318954,6970,6.44018355644251e-05,0.001094,1.0015633301027438,0.0015608899165501233,0.44888079388404295,0.0007006535049066169,VSL,8705114.0,6099.26863471166,16915894.609568357
PM25_MAIN,PM25,Escenario beta bajo,beta_alternativo_pipeline_previo,Mortality,All-cause mortality,135,1.4180597049731425,2916,6.44018355644251e-05,0.001094,1.0015525612945226,0.0015501545845142406,0.18779575250586358,0.0002911124466992661,VSL,8705114.0,2534.1670353360355,7028334.880812021
PM25_MAIN,PM25,Escenario beta bajo,beta_alternativo_pipeline_previo,Mortality,All-cause mortality,136,1.51642551952847,629,6.44018355644251e-05,0.001094,1.001660346369575,0.0016575941890809576,0.04050875457002339,6.714707618217745e-05,VSL,8705114.0,584.5229529325395,1621133.493351693
PM25_MAIN,PM25,Escenario beta bajo,beta_alternativo_pipeline_previo,Mortality,All-cause mortality,166,1.451132854952652,6,6.44018355644251e-05,0.001094,1.0015888001510072,0.0015862798693112579,0.0003864110133865506,6.129560118152481e-07,VSL,8705114.0,5.335851959837082,14798.611900970956
PM25_MAIN,PM25,Escenario beta bajo,beta_alternativo_pipeline_previo,Mortality,All-cause mortality,167,1.4615122039333812,6438,6.44018355644251e-05,0.001094,1.001600173264201,0.001597616800510293,0.41461901736376877,0.000662402307951426,VSL,8705114.0,5766.2876045802695,15992395.031171056
PM25_MAIN,PM25,Escenario beta bajo,beta_alternativo_pipeline_previo,Mortality,All-cause mortality,168,1.4711631690728255,9380,6.44018355644251e-05,0.001094,1.001610748370769,0.0016081580328375367,0.6040892175943074,0.0009714709278248281,VSL,8705114.0,8456.765174400902,23454246.237638693
PM25_MAIN,PM25,Escenario beta bajo,beta_alternativo_pipeline_previo,Mortality,All-cause mortality,169,1.4818780320781446,9293,6.44018355644251e-05,0.001094,1.0016224893810002,0.0016198611734477009,0.5984862579002025,0.0009694646520145453,VSL,8705114.0,8439.300314756947,23405808.671956357
PM25_MAIN,PM25,Escenario beta bajo,beta_alternativo_pipeline_previo,Mortality,All-cause mortality,170,1.502443556438081,9380,6.44018355644251e-05,0.001094,1.0016450248220332,0.001642323159669834,0.6040892175943074,0.000992109712561961,VSL,8705114.0,8636.428148359102,23952528.919503585
PM25_MAIN,PM25,Escenario beta bajo,beta_alternativo_pipeline_previo,Mortality,All-cause mortality,171,1.5517456996612058,9380,6.44018355644251e-05,0.001094,1.0016990515506687,0.0016961696709589802,0.6040892175943074,0.0010246378094368042,VSL,8705114.0,8919.588939857656,24737855.55346942
PM25_MAIN,PM25,Escenario beta bajo,beta_alternativo_pipeline_previo,Mortality,All-cause mortality,172,1.5083798887168207,9380,6.44018355644251e-05,0.001094,1.001651529874032,0.0016488068203118766,0.6040892175943074,0.0009960264220463593,VSL,8705114.0,8670.52355092567,24047090.131843783
PM25_MAIN,PM25,Escenario beta bajo,beta_alternativo_pipeline_previo,Mortality,All-cause mortality,173,1.4879284418665415,9380,6.44018355644251e-05,0.001094,1.0016291192907487,0.0016264695777837845,0.6040892175943074,0.00098253273468435,VSL,8705114.0,8553.05946415902,23721311.709682547
PM25_MAIN,PM25,Escenario beta bajo,beta_alternativo_pipeline_previo,Mortality,All-cause mortality,174,1.5430070826446585,9380,6.44018355644251e-05,0.001094,1.0016894753064145,0.0016866257937847573,0.6040892175943074,0.0010188724561418117,VSL,8705114.0,8869.40088217447,24598662.488649137
PM25_MAIN,PM25,Escenario beta bajo,beta_alternativo_pipeline_previo,Mortality,All-cause mortality,175,1.5117069365563829,9380,6.44018355644251e-05,0.001094,1.001655175682226,0.0016524406027240701,0.6040892175943074,0.0009982215508206494,VSL,8705114.0,8689.632397150546,24100087.179229237
PM25_MAIN,PM25,Escenario beta bajo,beta_alternativo_pipeline_previo,Mortality,All-cause mortality,176,1.4564081134000073,9380,6.44018355644251e-05,0.001094,1.0015945804696047,0.0015920418307944217,0.6040892175943074,0.000961735303942011,VSL,8705114.0,8372.015458639855,23219198.833455533
PM25_MAIN,PM25,Escenario beta bajo,beta_alternativo_pipeline_previo,Mortality,All-cause mortality,177,1.3551849408186332,8935,6.44018355644251e-05,0.001094,1.0014836718789275,0.0014814738578252662,0.5754304007681382,0.0008524850957359127,VSL,8705114.0,7420.979941682034,20581568.3996592
PM25_MAIN,PM25,Escenario beta bajo,beta_alternativo_pipeline_previo,Mortality,All-cause mortality,178,1.4311527258061665,3436,6.44018355644251e-05,0.001094,1.0015669074005817,0.0015644560428302867,0.22128470699936464,0.0003461901970510855,VSL,8705114.0,3013.625131012163,8358078.347103062
PM25_MAIN,PM25,Escenario beta bajo,beta_alternativo_pipeline_previo,Mortality,All-cause mortality,208,1.4777783623249905,4959,6.44018355644251e-05,0.001094,1.0016179970754366,0.0016153833898362446,0.3193687025639841,0.0005159028973554119,VSL,8705114.0,4490.993534409159,12455456.198136393
PM25_MAIN,PM25,Escenario beta bajo,beta_alternativo_pipeline_previo,Mortality,All-cause mortality,209,1.4625931861765622,2301,6.44018355644251e-05,0.001094,1.0016013577518317,0.0015987975050532066,0.14818862363374216,0.0002369236017428956,VSL,8705114.0,2062.446962462505,5720052.279102384
PM25_MAIN,PM25,Escenario beta bajo,beta_alternativo_pipeline_previo,Mortality,All-cause mortality,210,1.458966576057147,2925,6.44018355644251e-05,0.001094,1.0015973838948389,0.0015948363289720602,0.18837536902594343,0.00030042788200609276,VSL,8705114.0,2615.258961641586,7253237.661985624
PM25_MAIN,PM25,Escenario beta bajo,beta_alternativo_pipeline_previo,Mortality,All-cause mortality,211,1.4315418243040998,9380,6.44018355644251e-05,0.001094,1.0015673337414206,0.0015648810505486388,0.6040892175943074,0.0009453277694540851,VSL,8705114.0,8229.18600046353,22823071.329265565
PM25_MAIN,PM25,Escenario beta bajo,beta_alternativo_pipeline_previo,Mortality,All-cause mortality,212,1.4291641804794448,9380,6.44018355644251e-05,0.001094,1.0015647285256064,0.0015622839753052231,0.6040892175943074,0.0009437589043022566,VSL,8705114.0,8215.528850466235,22785194.17974857
PM25_MAIN,PM25,Escenario beta bajo,beta_alternativo_pipeline_previo,Mortality,All-cause mortality,213,1.4407216938229528,9380,6.44018355644251e-05,0.001094,1.0015773923095657,0.0015749080617009081,0.6040892175943074,0.0009513849787758688,VSL,8705114.0,8281.914698131519,22969310.681238897
PM25_MAIN,PM25,Escenario beta bajo,beta_alternativo_pipeline_previo,Mortality,All-cause mortality,214,1.439714933899749,9380,6.44018355644251e-05,0.001094,1.0015762891774846,0.001573808400335719,0.6040892175943074,0.000950720685202153,VSL,8705114.0,8276.131946842856,22953272.625332378
PM25_MAIN,PM25,Escenario beta bajo,beta_alternativo_pipeline_previo,Mortality,All-cause mortality,215,1.4369783762935704,9380,6.44018355644251e-05,0.001094,1.0015732906688668,0.0015708193134984505,0.6040892175943074,0.0009489150100733061,VSL,8705114.0,8260.413338999278,22909678.166780766
PM25_MAIN,PM25,Escenario beta bajo,beta_alternativo_pipeline_previo,Mortality,All-cause mortality,216,1.4575056178345935,9380,6.44018355644251e-05,0.001094,1.0015957830547426,0.0015932405884095946,0.6040892175943074,0.000962459460491846,VSL,8705114.0,8378.319323960015,23236682.16265042
PM25_MAIN,PM25,Escenario beta bajo,beta_alternativo_pipeline_previo,Mortality,All-cause mortality,217,1.4793558136914182,9380,6.44018355644251e-05,0.001094,1.001619725600952,0.001617106332425955,0.6040892175943074,0.0009768764991219953,VSL,8705114.0,8503.821288777868,23584753.076935202
PM25_MAIN,PM25,Escenario beta bajo,beta_alternativo_pipeline_previo,Mortality,All-cause mortality,218,1.546900022195139,8126,6.44018355644251e-05,0.001094,1.0016937413866327,0.0016908774774694324,0.5233293157965183,0.0008848857533798208,VSL,8705114.0,7703.031360147225,21363818.26517312
PM25_MAIN,PM25,Escenario beta bajo,beta_alternativo_pipeline_previo,Mortality,All-cause mortality,219,1.5451682357431178,537,6.44018355644251e-05,0.001094,1.001691843605133,0.0016889861047924004,0.03458378569809628,5.841153349520276e-05,VSL,8705114.0,508.4790579905585,1410231.0738027545
PM25_MAIN,PM25,Escenario beta bajo,beta_alternativo_pipeline_previo,Mortality,All-cause mortality,251,1.431554707501041,8,6.44018355644251e-05,0.001094,1.0015673478577285,0.001564895122710297,0.0005152146845154008,8.062569469468751e-07,VSL,8705114.0,7.018558636464499,19465.481079129735
PM25_MAIN,PM25,Escenario beta bajo,beta_alternativo_pipeline_previo,Mortality,All-cause mortality,252,1.4451852668096752,3036,6.44018355644251e-05,0.001094,1.001582283172996,0.0015797835081340361,0.1955239727735946,0.00030888554763257303,VSL,8705114.0,2688.8839050939782,7457431.288904792
PM25_MAIN,PM25,Escenario beta bajo,beta_alternativo_pipeline_previo,Mortality,All-cause mortality,253,1.47973553941579,8188,6.44018355644251e-05,0.001094,1.0016201416938473,0.0016175210805040585,0.5273222296015128,0.0008529548225988481,VSL,8705114.0,7425.068967572749,20592909.026735287
PM25_MAIN,PM25,Escenario beta bajo,beta_alternativo_pipeline_previo,Mortality,All-cause mortality,254,1.4512622601658922,9380,6.44018355644251e-05,0.001094,1.0015889419452457,0.0015864212140359601,0.6040892175943074,0.0009583399499619945,VSL,8705114.0,8342.458515173457,23137224.71973752
PM25_MAIN,PM25,Escenario beta bajo,beta_alternativo_pipeline_previo,Mortality,All-cause mortality,255,1.474786857244423,9380,6.44018355644251e-05,0.001094,1.001614719079013,0.001612115964607308,0.6040892175943074,0.000973861871730921,VSL,8705114.0,8477.578613671045,23511970.854513686
PM25_MAIN,PM25,Escenario beta bajo,beta_alternativo_pipeline_previo,Mortality,All-cause mortality,256,1.4629658787815014,9380,6.44018355644251e-05,0.001094,1.0016017661305394,0.0015992045788092435,0.6040892175943074,0.0009660622427861099,VSL,8705114.0,8409.681954548763,23323664.223204177
PM25_MAIN,PM25,Escenario beta bajo,beta_alternativo_pipeline_previo,Mortality,All-cause mortality,257,1.4467579281076688,9380,6.44018355644251e-05,0.001094,1.001584006388243,0.001581501280112363,0.6040892175943074,0.000955367870927473,VSL,8705114.0,8316.586228360939,23065469.743323077
PM25_MAIN,PM25,Escenario beta bajo,beta_alternativo_pipeline_previo,Mortality,All-cause mortality,258,1.4685432658981696,9380,6.44018355644251e-05,0.001094,1.0016078775841246,0.0016052964639244882,0.6040892175943074,0.0009697422848990525,VSL,8705114.0,8441.717140666731,23412511.56943933
PM25_MAIN,PM25,Escenario beta bajo,beta_alternativo_pipeline_previo,Mortality,All-cause mortality,259,1.4500579531578754,4854,6.44018355644251e-05,0.001094,1.0015876223407985,0.0015851057914314515,0.31260650982971944,0.0004955143891702612,VSL,8705114.0,4313.509246367489,11963215.949152986
PM25_MAIN,PM25,Escenario beta bajo,beta_alternativo_pipeline_previo,Mortality,All-cause mortality,294,1.497503126224924,1103,6.44018355644251e-05,0.001094,1.0016396111149295,0.0016369271909130179,0.07103522462756089,0.00011627949070546846,VSL,8705114.0,1012.2262224530434,2807338.572137944
PM25_MAIN,PM25,Escenario beta bajo,beta_alternativo_pipeline_previo,Mortality,All-cause mortality,295,1.455176802870355,6166,6.44018355644251e-05,0.001094,1.0015932312688083,0.0015906969207349908,0.3971017180902452,0.0006316684801847274,VSL,8705114.0,5498.746130214793,15250387.479921613
PM25_MAIN,PM25,Escenario beta bajo,beta_alternativo_pipeline_previo,Mortality,All-cause mortality,296,1.426990741956418,9345,6.44018355644251e-05,0.001094,1.0015623470661732,0.0015599099454464138,0.6018351533495525,0.0009388086412292346,VSL,8705114.0,8172.436246085587,22665679.85798115
PM25_MAIN,PM25,Escenario beta bajo,beta_alternativo_pipeline_previo,Mortality,All-cause mortality,297,1.4457072263277055,9380,6.44018355644251e-05,0.001094,1.0015828551003931,0.001580353629590192,0.6040892175943074,0.0009546745876214631,VSL,8705114.0,8310.551118147825,23048731.78760472
PM25_MAIN,PM25,Escenario beta bajo,beta_alternativo_pipeline_previo,Mortality,All-cause mortality,298,1.4538726591295656,9380,6.44018355644251e-05,0.001094,1.0015918022634593,0.0015892724559666283,0.6040892175943074,0.0009600623544690639,VSL,8705114.0,8357.45224276161,23178808.77364233
PM25_MAIN,PM25,Escenario beta bajo,beta_alternativo_pipeline_previo,Mortality,All-cause mortality,299,1.4967300278035118,9380,6.44018355644251e-05,0.001094,1.0016387639588815,0.0016360828053463283,0.6040892175943074,0.0009883399818011631,VSL,8705114.0,8603.61221233705,23861516.218061943
PM25_MAIN,PM25,Escenario beta bajo,beta_alternativo_pipeline_previo,Mortality,All-cause mortality,300,1.4892023341433251,6904,6.44018355644251e-05,0.001094,1.0016305152002751,0.0016278609482549555,0.4446302727367909,0.0007237962574001719,VSL,8705114.0,6300.72893344184,17474630.645875603
PM25_MAIN,PM25,Escenario beta bajo,beta_alternativo_pipeline_previo,Mortality,All-cause mortality,301,1.4536716807985697,3775,6.44018355644251e-05,0.001094,1.0015915820431993,0.001589052935082158,0.24311692925570474,0.000386325670001939,VSL,8705114.0,3363.0089984932592,9327070.046691159
PM25_MAIN,PM25,Escenario beta bajo,beta_alternativo_pipeline_previo,Mortality,All-cause mortality,302,1.4485395061401078,3437,6.44018355644251e-05,0.001094,1.001585958523815,0.0015834472421640822,0.22134910883492906,0.00035049463594014567,VSL,8705114.0,3051.0957622474652,8462000.519889986
PM25_MAIN,PM25,Escenario beta bajo,beta_alternativo_pipeline_previo,Mortality,All-cause mortality,303,1.43784280324763,2651,6.44018355644251e-05,0.001094,1.0015742378402368,0.0015717635106424765,0.17072926608129094,0.00026834603062534333,VSL,8705114.0,2335.982788041105,6478684.743836842
PM25_MAIN,PM25,Escenario beta bajo,beta_alternativo_pipeline_previo,Mortality,All-cause mortality,304,1.4918728998573734,870,6.44018355644251e-05,0.001094,1.0016334415671524,0.00163077778692855,0.056029596941049836,9.137182210202391e-05,VSL,8705114.0,795.4021277858378,2205992.123265076
PM25_MAIN,PM25,Escenario beta bajo,beta_alternativo_pipeline_previo,Mortality,All-cause mortality,337,1.5214248421398278,1314,6.44018355644251e-05,0.001094,1.0016658247243573,0.0016630543672744302,0.08462401193165459,0.00014073433261922166,VSL,8705114.0,1225.108409164243,3397752.4152283864
PM25_MAIN,PM25,Escenario beta bajo,beta_alternativo_pipeline_previo,Mortality,All-cause mortality,338,1.4437463953444816,7894,6.44018355644251e-05,0.001094,1.001580706558142,0.0015782118682915458,0.5083880899455717,0.0008023441172501711,VSL,8705114.0,6984.497007892106,19371013.5365982
PM25_MAIN,PM25,Escenario beta bajo,beta_alternativo_pipeline_previo,Mortality,All-cause mortality,339,1.4933947444966993,9380,6.44018355644251e-05,0.001094,1.0016351091860898,0.0016324399685014868,0.6040892175943074,0.000986139383341739,VSL,8705114.0,8584.45575187954,23808387.11593527
PM25_MAIN,PM25,Escenario beta bajo,beta_alternativo_pipeline_previo,Mortality,All-cause mortality,340,1.4535980736831655,9380,6.44018355644251e-05,0.001094,1.0015915013888543,0.0015889725368550822,0.6040892175943074,0.0009598811765676285,VSL,8705114.0,8355.875068475334,23174434.591161545
PM25_MAIN,PM25,Escenario beta bajo,beta_alternativo_pipeline_previo,Mortality,All-cause mortality,341,1.439176536353994,9380,6.44018355644251e-05,0.001094,1.0015756992422982,0.0015732203202315498,0.6040892175943074,0.0009503654323521427,VSL,8705114.0,8273.03943028469,22944695.74713447
PM25_MAIN,PM25,Escenario beta bajo,beta_alternativo_pipeline_previo,Mortality,All-cause mortality,342,1.4523355554378163,9380,6.44018355644251e-05,0.001094,1.0015901179966755,0.0015875935356232107,0.6040892175943074,0.0009590481367924056,VSL,8705114.0,8348.623362265485,23154322.491607964
PM25_MAIN,PM25,Escenario beta bajo,beta_alternativo_pipeline_previo,Mortality,All-cause mortality,343,1.4913511673494124,9380,6.44018355644251e-05,0.001094,1.0016328698596237,0.0016302079422099158,0.6040892175943074,0.000984791040325614,VSL,8705114.0,8572.718272213067,23775834.037703887
PM25_MAIN,PM25,Escenario beta bajo,beta_alternativo_pipeline_previo,Mortality,All-cause mortality,344,1.501070762889583,9380,6.44018355644251e-05,0.001094,1.001643520516463,0.0016408237889021793,0.6040892175943074,0.0009912039588480445,VSL,8705114.0,8628.543459023536,23930661.285559647
PM25_MAIN,PM25,Escenario beta bajo,beta_alternativo_pipeline_previo,Mortality,All-cause mortality,345,1.4461753561748143,9159,6.44018355644251e-05,0.001094,1.0015833680452113,0.0015808649541591002,0.5898564119345695,0.0009324833296133945,VSL,8705114.0,8117.373687384175,22512967.705801893
PM25_MAIN,PM25,Escenario beta bajo,beta_alternativo_pipeline_previo,Mortality,All-cause mortality,346,1.4525428500857132,3601,6.44018355644251e-05,0.001094,1.0015903451376535,0.001587819955907288,0.23191100986749477,0.0003682329294622202,VSL,8705114.0,3205.509629522586,8890256.571806824
PM25_MAIN,PM25,Escenario beta bajo,beta_alternativo_pipeline_previo,Mortality,All-cause mortality,347,1.4751107688823757,227,6.44018355644251e-05,0.001094,1.0016150740105985,0.0016124697526082032,0.014619216673124498,2.357304469223878e-05,VSL,8705114.0,205.2060413730335,569124.5913252123
PM25_MAIN,PM25,Escenario beta bajo,beta_alternativo_pipeline_previo,Mortality,All-cause mortality,348,1.4583423393797847,3432,6.44018355644251e-05,0.001094,1.00159669988927,0.00159415450295175,0.22102709965710696,0.00035235134619274227,VSL,8705114.0,3067.2586366612873,8506827.120675514
PM25_MAIN,PM25,Escenario beta bajo,beta_alternativo_pipeline_previo,Mortality,All-cause mortality,349,1.4807953196562007,3186,6.44018355644251e-05,0.001094,1.0016213029724952,0.0016186786040628398,0.20518424810825836,0.00033212735230355903,VSL,8705114.0,2891.206464320644,8018558.7443408035
PM25_MAIN,PM25,Escenario beta bajo,beta_alternativo_pipeline_previo,Mortality,All-cause mortality,350,1.5189518554894406,4386,6.44018355644251e-05,0.001094,1.0016631147738264,0.0016603534155312794,0.2824664507855685,0.0004689941363348167,VSL,8705114.0,4082.6474221261215,11322936.839947248
PM25_MAIN,PM25,Escenario beta bajo,beta_alternativo_pipeline_previo,Mortality,All-cause mortality,351,1.467706873216887,3394,6.44018355644251e-05,0.001094,1.001606961099721,0.0016043829187812886,0.2185798299056588,0.0003506857454907585,VSL,8705114.0,3052.7593926720383,8466614.48241841
PM25_MAIN,PM25,Escenario beta bajo,beta_alternativo_pipeline_previo,Mortality,All-cause mortality,352,1.48149244375373,1255,6.44018355644251e-05,0.001094,1.001622066863042,0.0016194400230438166,0.0808243036333535,0.00013089011213849843,VSL,8705114.0,1139.4133476384127,3160083.1607408025
PM25_MAIN,PM25,Escenario beta bajo,beta_alternativo_pipeline_previo,Mortality,All-cause mortality,353,1.487503396035175,3,6.44018355644251e-05,0.001094,1.0016286535331769,0.0016260053338449376,0.0001932055066932753,3.141531844114794e-07,VSL,8705114.0,2.734739283764951,7584.607971772228
PM25_MAIN,PM25,Escenario beta bajo,beta_alternativo_pipeline_previo,Mortality,All-cause mortality,360,1.590324254850545,2764,6.44018355644251e-05,0.001094,1.0017413290905677,0.0017383021344926641,0.178006673500071,0.00030942938049911215,VSL,8705114.0,2693.6180321941483,7470561.059028217
PM25_MAIN,PM25,Escenario beta bajo,beta_alternativo_pipeline_previo,Mortality,All-cause mortality,361,1.5140815401849448,2224,6.44018355644251e-05,0.001094,1.001657777801818,0.0016550341229877308,0.14322968229528144,0.00023705001162338242,VSL,8705114.0,2063.547374882869,5723104.195921395
PM25_MAIN,PM25,Escenario beta bajo,beta_alternativo_pipeline_previo,Mortality,All-cause mortality,379,1.4457656003398365,5837,6.44018355644251e-05,0.001094,1.0015829190626475,0.0015804173898341656,0.3759135141895493,0.0005941002548988361,VSL,8705114.0,5171.710446323426,14343376.90314678
PM25_MAIN,PM25,Escenario beta bajo,beta_alternativo_pipeline_previo,Mortality,All-cause mortality,380,1.4109404417202531,9380,6.44018355644251e-05,0.001094,1.001544760758818,0.0015423781535709447,0.6040892175943074,0.0009317340120252245,VSL,8705114.0,8110.8507923569505,22494876.913046535
PM25_MAIN,PM25,Escenario beta bajo,beta_alternativo_pipeline_previo,Mortality,All-cause mortality,381,1.468274213335416,9380,6.44018355644251e-05,0.001094,1.001607582767396,0.0016050025928862066,0.6040892175943074,0.0009695647605734633,VSL,8705114.0,8440.171771174702,23408225.595329054
PM25_MAIN,PM25,Escenario beta bajo,beta_alternativo_pipeline_previo,Mortality,All-cause mortality,382,1.4560225944184566,9380,6.44018355644251e-05,0.001094,1.0015941580394012,0.001591620744395783,0.6040892175943074,0.0009614809301889178,VSL,8705114.0,8369.80110612057,23213057.481747974
PM25_MAIN,PM25,Escenario beta bajo,beta_alternativo_pipeline_previo,Mortality,All-cause mortality,383,1.477418744001863,9380,6.44018355644251e-05,0.001094,1.0016176030165125,0.0016149906028415373,0.6040892175943074,0.0009755984096927032,VSL,8705114.0,8492.695374593686,23553896.132759366
PM25_MAIN,PM25,Escenario beta bajo,beta_alternativo_pipeline_previo,Mortality,All-cause mortality,384,1.473917422124515,9380,6.44018355644251e-05,0.001094,1.0016137663815854,0.001611166335517944,0.6040892175943074,0.0009732882110373222,VSL,8705114.0,8472.584831935948,23498120.950436115
PM25_MAIN,PM25,Escenario beta bajo,beta_alternativo_pipeline_previo,Mortality,All-cause mortality,385,1.443042275100499,9380,6.44018355644251e-05,0.001094,1.001579935033262,0.001577442776156901,0.6040892175943074,0.0009529161724484145,VSL,8705114.0,8295.243913607108,23006278.32731536
PM25_MAIN,PM25,Escenario beta bajo,beta_alternativo_pipeline_previo,Mortality,All-cause mortality,386,1.4494041229571728,9380,6.44018355644251e-05,0.001094,1.0015869059152043,0.0015843916347472176,0.6040892175943074,0.0009571139029974124,VSL,8705114.0,8331.785636577417,23107624.238052905
PM25_MAIN,PM25,Escenario beta bajo,beta_alternativo_pipeline_previo,Mortality,All-cause mortality,387,1.4675008205003923,9371,6.44018355644251e-05,0.001094,1.0016067353158307,0.0016041578587467908,0.6035096010742276,0.0009681246693923628,VSL,8705114.0,8427.635613272829,23373457.43891926
PM25_MAIN,PM25,Escenario beta bajo,beta_alternativo_pipeline_previo,Mortality,All-cause mortality,388,1.4506031341910577,9205,6.44018355644251e-05,0.001094,1.0015882197159294,0.0015857012739026732,0.5928188963705331,0.0009400336791683311,VSL,8705114.0,8183.1003409997475,22695255.97873893
PM25_MAIN,PM25,Escenario beta bajo,beta_alternativo_pipeline_previo,Mortality,All-cause mortality,389,1.4443634065396758,9380,6.44018355644251e-05,0.001094,1.0015813826356108,0.001578885813002362,0.6040892175943074,0.0009537878954473489,VSL,8705114.0,8302.832361689252,23027324.356879823
PM25_MAIN,PM25,Escenario beta bajo,beta_alternativo_pipeline_previo,Mortality,All-cause mortality,390,1.4830691613484124,9380,6.44018355644251e-05,0.001094,1.001623794591531,0.0016211621571879942,0.6040892175943074,0.000979326579129195,VSL,8705114.0,8525.149514549665,23643905.418137476
PM25_MAIN,PM25,Escenario beta bajo,beta_alternativo_pipeline_previo,Mortality,All-cause mortality,391,1.4516399292384357,9380,6.44018355644251e-05,0.001094,1.0015893557717996,0.0015868337284545841,0.6040892175943074,0.0009585891454743875,VSL,8705114.0,8344.627790517126,23143241.05305391
PM25_MAIN,PM25,Escenario beta bajo,beta_alternativo_pipeline_previo,Mortality,All-cause mortality,392,1.4437027948853345,9380,6.44018355644251e-05,0.001094,1.0015806587838427,0.0015781642446670574,0.6040892175943074,0.0009533520037962339,VSL,8705114.0,8299.037875174648,23016800.614145625
PM25_MAIN,PM25,Escenario beta bajo,beta_alternativo_pipeline_previo,Mortality,All-cause mortality,393,1.4683365409152511,9380,6.44018355644251e-05,0.001094,1.001607651063386,0.0016050706698168549,0.6040892175943074,0.0009696058851132349,VSL,8705114.0,8440.529764981613,23409218.466092955
PM25_MAIN,PM25,Escenario beta bajo,beta_alternativo_pipeline_previo,Mortality,All-cause mortality,394,1.4578381053355027,6975,6.44018355644251e-05,0.001094,1.001596147376587,0.0015936037501420586,0.44920280306186505,0.0007158512715337127,VSL,8705114.0,6231.566925745924,17282814.658871517
PM25_MAIN,PM25,Escenario beta bajo,beta_alternativo_pipeline_previo,Mortality,All-cause mortality,395,1.5035377572519,3089,6.44018355644251e-05,0.001094,1.0016462238476276,0.001643518248692577,0.19893727005850914,0.0003269570336862432,VSL,8705114.0,2846.1982513405874,7893731.616215525
PM25_MAIN,PM25,Escenario beta bajo,beta_alternativo_pipeline_previo,Mortality,All-cause mortality,396,1.517754870997905,756,6.44018355644251e-05,0.001094,1.001661803095801,0.0016590460878761482,0.048687787686705376,8.077528368897305e-05,VSL,8705114.0,703.1580528948509,1950159.6386401663
PM25_MAIN,PM25,Escenario beta bajo,beta_alternativo_pipeline_previo,Mortality,All-cause mortality,397,1.4762300477396677,269,6.44018355644251e-05,0.001094,1.001616300480063,0.0016136922684747423,0.01732409376683035,2.7955756169865614e-05,VSL,8705114.0,243.35804441488352,674936.5011215704
PM25_MAIN,PM25,Escenario beta bajo,beta_alternativo_pipeline_previo,Mortality,All-cause mortality,398,1.5119546878870302,1076,6.44018355644251e-05,0.001094,1.0016554471708372,0.0016527111947657325,0.0692963750673214,0.00011452689483044708,VSL,8705114.0,996.9696755650525,2765025.6073023835
PM25_MAIN,PM25,Escenario beta bajo,beta_alternativo_pipeline_previo,Mortality,All-cause mortality,400,1.5764778786038445,746,6.44018355644251e-05,0.001094,1.001726154892342,0.0017231804160364739,0.04804376933106112,8.278808242385829e-05,VSL,8705114.0,720.6796953410827,1998754.687449819
PM25_MAIN,PM25,Escenario beta bajo,beta_alternativo_pipeline_previo,Mortality,All-cause mortality,401,1.4580532004246418,9240,6.44018355644251e-05,0.001094,1.0015963830662382,0.0015938386891446443,0.5950729606152879,0.000948450307492493,VSL,8705114.0,8256.368050057206,22898458.841070157
PM25_MAIN,PM25,Escenario beta bajo,beta_alternativo_pipeline_previo,Mortality,All-cause mortality,402,1.4016854978126947,8169,6.44018355644251e-05,0.001094,1.0015346202609574,0.0015322688101959692,0.5260985947257887,0.0008061244677862556,VSL,8705114.0,7017.405390268682,19462282.63153287
PM25_MAIN,PM25,Escenario beta bajo,beta_alternativo_pipeline_previo,Mortality,All-cause mortality,403,1.5237924879782607,73,6.44018355644251e-05,0.001094,1.0016684192470915,0.0016656402608216103,0.004701333996203033,7.830731183645123e-06,VSL,8705114.0,68.16740765698573,189057.53341811392
PM25_MAIN,PM25,Escenario beta bajo,beta_alternativo_pipeline_previo,Mortality,All-cause mortality,420,1.4591086073016193,4864,6.44018355644251e-05,0.001094,1.0015975395252374,0.001594991463332307,0.3132505281853637,0.0004996319183399913,VSL,8705114.0,4349.352807188316,12062625.556040289
PM25_MAIN,PM25,Escenario beta bajo,beta_alternativo_pipeline_previo,Mortality,All-cause mortality,421,1.4532133037163586,9380,6.44018355644251e-05,0.001094,1.0015910797806755,0.0015885522672823837,0.6040892175943074,0.0009596272962502783,VSL,8705114.0,8353.665011370445,23168305.152485132
PM25_MAIN,PM25,Escenario beta bajo,beta_alternativo_pipeline_previo,Mortality,All-cause mortality,422,1.4875900073880182,9380,6.44018355644251e-05,0.001094,1.0016287484403208,0.0016260999325918846,0.6040892175943074,0.0009823094360095876,VSL,8705114.0,8551.115623739164,23715920.60434691
PM25_MAIN,PM25,Escenario beta bajo,beta_alternativo_pipeline_previo,Mortality,All-cause mortality,423,1.452608042569521,9380,6.44018355644251e-05,0.001094,1.0015904165716578,0.0015878911632377646,0.6040892175943074,0.0009592279304252159,VSL,8705114.0,8350.188486335574,23158663.25365767
PM25_MAIN,PM25,Escenario beta bajo,beta_alternativo_pipeline_previo,Mortality,All-cause mortality,424,1.4107851105405054,9380,6.44018355644251e-05,0.001094,1.001544590564017,0.0015422084833458527,0.6040892175943074,0.0009316315160716997,VSL,8705114.0,8109.9585533969785,22492402.35074778
PM25_MAIN,PM25,Escenario beta bajo,beta_alternativo_pipeline_previo,Mortality,All-cause mortality,425,1.42710880818084,9380,6.44018355644251e-05,0.001094,1.0015624764324307,0.0015600389084027277,0.6040892175943074,0.0009424026835936813,VSL,8705114.0,8203.722794588924,22752450.91019676
PM25_MAIN,PM25,Escenario beta bajo,beta_alternativo_pipeline_previo,Mortality,All-cause mortality,426,1.4581804420020852,9380,6.44018355644251e-05,0.001094,1.001596522490754,0.0015939776695547136,0.6040892175943074,0.0009629047232641045,VSL,8705114.0,8382.195387152482,23247432.15259031
PM25_MAIN,PM25,Escenario beta bajo,beta_alternativo_pipeline_previo,Mortality,All-cause mortality,427,1.501893558121134,9380,6.44018355644251e-05,0.001094,1.0016444221342475,0.0016417224495132166,0.6040892175943074,0.0009917468300334488,VSL,8705114.0,8633.269214579796,23943767.837792043
PM25_MAIN,PM25,Escenario beta bajo,beta_alternativo_pipeline_previo,Mortality,All-cause mortality,428,1.4156662043490975,9380,6.44018355644251e-05,0.001094,1.0015499387429079,0.0015475401504723152,0.6040892175943074,0.0009348523186945977,VSL,8705114.0,8137.996007400805,22570162.26680561
PM25_MAIN,PM25,Escenario beta bajo,beta_alternativo_pipeline_previo,Mortality,All-cause mortality,429,1.4694190952581234,9380,6.44018355644251e-05,0.001094,1.001608837282504,0.0016062530826594923,0.6040892175943074,0.0009703201679622172,VSL,8705114.0,8446.747678610249,23426463.41428802
PM25_MAIN,PM25,Escenario beta bajo,beta_alternativo_pipeline_previo,Mortality,All-cause mortality,430,1.4656875718829188,9380,6.44018355644251e-05,0.001094,1.0016047484365427,0.0016021773449531596,0.6040892175943074,0.000967858058760079,VSL,8705114.0,8425.314737325187,23367020.65193979
PM25_MAIN,PM25,Escenario beta bajo,beta_alternativo_pipeline_previo,Mortality,All-cause mortality,431,1.435462873207609,9380,6.44018355644251e-05,0.001094,1.0015716301014137,0.0015691639561062898,0.6040892175943074,0.0009479150265214368,VSL,8705114.0,8251.70836818213,22885535.539567363
PM25_MAIN,PM25,Escenario beta bajo,beta_alternativo_pipeline_previo,Mortality,All-cause mortality,432,1.4637388990619318,9380,6.44018355644251e-05,0.001094,1.0016026131696727,0.0016000489102169224,0.6040892175943074,0.000966572294285565,VSL,8705114.0,8414.122010997391,23335978.40896049
PM25_MAIN,PM25,Escenario beta bajo,beta_alternativo_pipeline_previo,Mortality,All-cause mortality,433,1.43941651574165,9380,6.44018355644251e-05,0.001094,1.0015759621934628,0.0015734824446179685,0.6040892175943074,0.0009505237788676468,VSL,8705114.0,8274.417854753656,22948518.71090943
PM25_MAIN,PM25,Escenario beta bajo,beta_alternativo_pipeline_previo,Mortality,All-cause mortality,434,1.4615334145206482,9380,6.44018355644251e-05,0.001094,1.0016001965057146,0.0015976399678208075,0.6040892175943074,0.0009651170781582661,VSL,8705114.0,8401.454188714617,23300845.09060678
PM25_MAIN,PM25,Escenario beta bajo,beta_alternativo_pipeline_previo,Mortality,All-cause mortality,435,1.462406683638461,9379,6.44018355644251e-05,0.001094,1.0016011533913447,0.0015985937974645203,0.604024815758743,0.0009655903239865763,VSL,8705114.0,8405.57384760008,23312270.67614949
PM25_MAIN,PM25,Escenario beta bajo,beta_alternativo_pipeline_previo,Mortality,All-cause mortality,436,1.4659153372974902,9379,6.44018355644251e-05,0.001094,1.001604998011801,0.00160242612106265,0.604024815758743,0.0009679051425418644,VSL,8705114.0,8425.724607013179,23368157.39682856
PM25_MAIN,PM25,Escenario beta bajo,beta_alternativo_pipeline_previo,Mortality,All-cause mortality,437,1.513706869261636,9289,6.44018355644251e-05,0.001094,1.0016573672324056,0.0016546249112956435,0.5982286505579447,0.0009898440278639517,VSL,8705114.0,8616.705104774876,23897828.438735783
PM25_MAIN,PM25,Escenario beta bajo,beta_alternativo_pipeline_previo,Mortality,All-cause mortality,438,1.4675080570486472,8853,6.44018355644251e-05,0.001094,1.0016067432453346,0.0016041657628307338,0.5701494502518554,0.000914614227790791,VSL,8705114.0,7961.821118940804,22081553.545903992
PM25_MAIN,PM25,Escenario beta bajo,beta_alternativo_pipeline_previo,Mortality,All-cause mortality,439,1.5063129814029637,8857,6.44018355644251e-05,0.001094,1.0016492649455577,0.001646549349434534,0.5704070575941131,0.0009392033695944538,VSL,8705114.0,8175.872401503854,22675209.794502832
PM25_MAIN,PM25,Escenario beta bajo,beta_alternativo_pipeline_previo,Mortality,All-cause mortality,440,1.528216458553416,8213,6.44018355644251e-05,0.001094,1.0016732671574875,0.0016704720115330307,0.5289322754906234,0.0008835665622035648,VSL,8705114.0,7691.547650570123,21331969.000520695
PM25_MAIN,PM25,Escenario beta bajo,beta_alternativo_pipeline_previo,Mortality,All-cause mortality,441,1.917487161221956,9110,6.44018355644251e-05,0.001094,1.0020999327312647,0.0020955322544939925,0.5867007219919127,0.001229450286668966,VSL,8705114.0,10702.504902786028,29682648.17253385
PM25_MAIN,PM25,Escenario beta bajo,beta_alternativo_pipeline_previo,Mortality,All-cause mortality,442,2.11148434358633,9379,6.44018355644251e-05,0.001094,1.0023126338939172,0.002307297958455079,0.604024815758743,0.001393665224256353,VSL,8705114.0,12132.014654987117,33647293.40458092
PM25_MAIN,PM25,Escenario beta bajo,beta_alternativo_pipeline_previo,Mortality,All-cause mortality,443,1.4284132281459296,9374,6.44018355644251e-05,0.001094,1.0015639056986017,0.0015614637165970446,0.6037028065809209,0.0009426600280839115,VSL,8705114.0,8205.963007713652,22758663.98448327
PM25_MAIN,PM25,Escenario beta bajo,beta_alternativo_pipeline_previo,Mortality,All-cause mortality,444,1.4754074268797217,4839,6.44018355644251e-05,0.001094,1.0016153990786627,0.0016127937730875397,0.3116404822962531,0.0005026118292893946,VSL,8705114.0,4375.293271712719,12134569.618566204
PM25_MAIN,PM25,Escenario beta bajo,beta_alternativo_pipeline_previo,Mortality,All-cause mortality,445,1.5357020194510564,6092,6.44018355644251e-05,0.001094,1.0016814700974226,0.0016786475018442104,0.3923359822584777,0.000658593816501788,VSL,8705114.0,5733.134252343146,15900446.52947605
PM25_MAIN,PM25,Escenario beta bajo,beta_alternativo_pipeline_previo,Mortality,All-cause mortality,446,1.425975866977483,858,6.44018355644251e-05,0.001094,1.0015612350589314,0.0015588014035302633,0.05525677491427674,8.613433829093042e-05,VSL,8705114.0,749.8092341371145,2079543.424232897
PM25_MAIN,PM25,Escenario beta bajo,beta_alternativo_pipeline_previo,Mortality,All-cause mortality,461,1.4616807121514803,2433,6.44018355644251e-05,0.001094,1.0016003579071973,0.0015978008539665467,0.15668966592824626,0.0002503588820278848,VSL,8705114.0,2179.4026089652884,6044420.577782599
PM25_MAIN,PM25,Escenario beta bajo,beta_alternativo_pipeline_previo,Mortality,All-cause mortality,462,1.4335666013353876,7924,6.44018355644251e-05,0.001094,1.0015695523217605,0.0015670926877938696,0.5103201450125044,0.0007997189676830029,VSL,8705114.0,6961.644781642856,19307634.486751746
PM25_MAIN,PM25,Escenario beta bajo,beta_alternativo_pipeline_previo,Mortality,All-cause mortality,463,1.444935426958624,8501,6.44018355644251e-05,0.001094,1.001582009415759,0.00157951061509376,0.5474800041331778,0.0008647504780799299,VSL,8705114.0,7527.751493240291,20877691.823897418
PM25_MAIN,PM25,Escenario beta bajo,beta_alternativo_pipeline_previo,Mortality,All-cause mortality,464,1.442800005149932,8783,6.44018355644251e-05,0.001094,1.00157966957122,0.001577178150886538,0.5656413217623456,0.0008921171339221534,VSL,8705114.0,7765.981352145613,21538405.661481205
PM25_MAIN,PM25,Escenario beta bajo,beta_alternativo_pipeline_previo,Mortality,All-cause mortality,465,1.4572319549988162,9379,6.44018355644251e-05,0.001094,1.0015954831898883,0.0015929416782182182,0.604024815758743,0.0009621763037001821,VSL,8705114.0,8375.854411808707,23229845.90134262
PM25_MAIN,PM25,Escenario beta bajo,beta_alternativo_pipeline_previo,Mortality,All-cause mortality,466,1.4725886856299368,9379,6.44018355644251e-05,0.001094,1.0016123103990868,0.0016097150387902603,0.604024815758743,0.0009723078297293648,VSL,8705114.0,8464.05050088671,23474451.580674224
PM25_MAIN,PM25,Escenario beta bajo,beta_alternativo_pipeline_previo,Mortality,All-cause mortality,467,1.4278195370782123,9379,6.44018355644251e-05,0.001094,1.001563255185031,0.0015608152325259361,0.604024815758743,0.0009427711332599182,VSL,8705114.0,8206.930190936779,22761346.399449788
PM25_MAIN,PM25,Escenario beta bajo,beta_alternativo_pipeline_previo,Mortality,All-cause mortality,468,1.4435930626759284,6428,6.44018355644251e-05,0.001094,1.0015805385470595,0.0015780443870766492,0.41397499900812457,0.0006532709235748323,VSL,8705114.0,5686.797862604203,15771935.796082374
PM25_MAIN,PM25,Escenario beta bajo,beta_alternativo_pipeline_previo,Mortality,All-cause mortality,469,1.468495721832788,3998,6.44018355644251e-05,0.001094,1.0016078254872878,0.0016052445342122912,0.25747853858657155,0.0004133160167430625,VSL,8705114.0,3597.9630437742676,9978698.644494867
PM25_MAIN,PM25,Escenario beta bajo,beta_alternativo_pipeline_previo,Mortality,All-cause mortality,470,1.4301219705603287,1575,6.44018355644251e-05,0.001094,1.0015657779880622,0.0015633301601094551,0.10143289101396953,0.0001585730977492339,VSL,8705114.0,1380.3968932402245,3828434.1556192357
PM25_MAIN,PM25,Escenario beta bajo,beta_alternativo_pipeline_previo,Mortality,All-cause mortality,471,1.465447140654172,5971,6.44018355644251e-05,0.001094,1.0016044849827133,0.001601914734577936,0.38454336015518226,0.0006160056747166964,VSL,8705114.0,5362.3996230557605,14872239.986571537
PM25_MAIN,PM25,Escenario beta bajo,beta_alternativo_pipeline_previo,Mortality,All-cause mortality,472,1.5162054825625688,9252,6.44018355644251e-05,0.001094,1.001660105249484,0.0016573538676281085,0.595845782642061,0.000987527312371717,VSL,8705114.0,8596.537832309406,23841895.920261875
PM25_MAIN,PM25,Escenario beta bajo,beta_alternativo_pipeline_previo,Mortality,All-cause mortality,473,1.4437427600590669,9380,6.44018355644251e-05,0.001094,1.001580702574853,0.0015782078975657976,0.6040892175943074,0.0009533783740416796,VSL,8705114.0,8299.267431167462,23017437.271622773
PM25_MAIN,PM25,Escenario beta bajo,beta_alternativo_pipeline_previo,Mortality,All-cause mortality,474,1.4347900001608966,9379,6.44018355644251e-05,0.001094,1.0015708928216587,0.0015684289878205027,0.604024815758743,0.0009473700303989509,VSL,8705114.0,8246.964114806333,22872377.684927326
PM25_MAIN,PM25,Escenario beta bajo,beta_alternativo_pipeline_previo,Mortality,All-cause mortality,475,1.4928507044103512,9380,6.44018355644251e-05,0.001094,1.0016345130332287,0.0016318457600655867,0.6040892175943074,0.0009857804284326083,VSL,8705114.0,8581.331008474697,23799720.85883398
PM25_MAIN,PM25,Escenario beta bajo,beta_alternativo_pipeline_previo,Mortality,All-cause mortality,476,1.4919369035839534,9380,6.44018355644251e-05,0.001094,1.0016335117016055,0.00163084769281574,0.6040892175943074,0.000985177506768542,VSL,8705114.0,8576.082506655928,23785164.50643475
PM25_MAIN,PM25,Escenario beta bajo,beta_alternativo_pipeline_previo,Mortality,All-cause mortality,477,1.494281642931309,9380,6.44018355644251e-05,0.001094,1.001636081039941,0.0016334086510165768,0.6040892175943074,0.0009867245540043771,VSL,8705114.0,8589.54972920726,23822514.90547529
PM25_MAIN,PM25,Escenario beta bajo,beta_alternativo_pipeline_previo,Mortality,All-cause mortality,478,1.4771512562804077,9379,6.44018355644251e-05,0.001094,1.0016173099116263,0.001614698443828777,0.604024815758743,0.000975317930039606,VSL,8705114.0,8490.253767238795,23547124.50567309
PM25_MAIN,PM25,Escenario beta bajo,beta_alternativo_pipeline_previo,Mortality,All-cause mortality,479,1.454935216760255,9380,6.44018355644251e-05,0.001094,1.0015929665525556,0.001590433045909223,0.6040892175943074,0.0009607634543394338,VSL,8705114.0,8363.555397058566,23195735.44486414
PM25_MAIN,PM25,Escenario beta bajo,beta_alternativo_pipeline_previo,Mortality,All-cause mortality,480,1.4563185074023508,9380,6.44018355644251e-05,0.001094,1.001594482284333,0.001591943957894415,0.6040892175943074,0.0009616761799784223,VSL,8705114.0,8371.500777796684,23217771.402164657
PM25_MAIN,PM25,Escenario beta bajo,beta_alternativo_pipeline_previo,Mortality,All-cause mortality,481,1.480954191840878,9380,6.44018355644251e-05,0.001094,1.0016214770604728,0.001618852128881465,0.6040892175943074,0.0009779311159368832,VSL,8705114.0,8513.001848377784,23610214.716346394
PM25_MAIN,PM25,Escenario beta bajo,beta_alternativo_pipeline_previo,Mortality,All-cause mortality,482,2.194635158055096,9380,6.44018355644251e-05,0.001094,1.0024038154054837,0.002398050933706042,0.6040892175943074,0.0014486367122937814,VSL,8705114.0,12610.547725102568,34974471.37723121
PM25_MAIN,PM25,Escenario beta bajo,beta_alternativo_pipeline_previo,Mortality,All-cause mortality,483,1.6444022719589757,9380,6.44018355644251e-05,0.001094,1.00180059521378,0.0017973588979509625,0.6040892175943074,0.0010857651303993637,VSL,8705114.0,9451.709237351326,26213653.950147286
PM25_MAIN,PM25,Escenario beta bajo,beta_alternativo_pipeline_previo,Mortality,All-cause mortality,484,1.5933223037574358,9380,6.44018355644251e-05,0.001094,1.001744614672785,0.0017415762932302403,0.6040892175943074,0.00105206746035825,VSL,8705114.0,9158.367178109047,25400090.28278297
PM25_MAIN,PM25,Escenario beta bajo,beta_alternativo_pipeline_previo,Mortality,All-cause mortality,485,2.0057226182209043,9380,6.44018355644251e-05,0.001094,1.0021966696957816,0.002191854914513347,0.6040892175943074,0.0013240759203886055,VSL,8705114.0,11526.231831637735,31967197.14881904
PM25_MAIN,PM25,Escenario beta bajo,beta_alternativo_pipeline_previo,Mortality,All-cause mortality,486,1.6080378304002654,9380,6.44018355644251e-05,0.001094,1.0017607416749232,0.0017576469127541516,0.6040892175943074,0.0010617755483327055,VSL,8705114.0,9242.87719064871,25634472.88686085
PM25_MAIN,PM25,Escenario beta bajo,beta_alternativo_pipeline_previo,Mortality,All-cause mortality,487,1.5307590683697008,7095,6.44018355644251e-05,0.001094,1.0016760534308868,0.0016732489761995817,0.45693102332959606,0.0007645593669800738,VSL,8705114.0,6655.576449329378,18458775.391863577
PM25_MAIN,PM25,Escenario beta bajo,beta_alternativo_pipeline_previo,Mortality,All-cause mortality,488,1.4853942372942883,654,6.44018355644251e-05,0.001094,1.0016263423581935,0.0016237016634013113,0.04211880045913401,6.838836636596381e-05,VSL,8705114.0,595.3285254894806,1651101.99244829
PM25_MAIN,PM25,Escenario beta bajo,beta_alternativo_pipeline_previo,Mortality,All-cause mortality,503,1.4703956016911288,12,6.44018355644251e-05,0.001094,1.001609907299831,0.0016073196641703813,0.0007728220267731011,1.2421720405364143e-06,VSL,8705114.0,10.813249220482108,29989.78978556169
PM25_MAIN,PM25,Escenario beta bajo,beta_alternativo_pipeline_previo,Mortality,All-cause mortality,504,1.453568902759491,62,6.44018355644251e-05,0.001094,1.0015914694250747,0.0015889406745729362,0.003992913804994357,6.3445031548193225e-06,VSL,8705114.0,55.229623236061855,153175.49397159103
PM25_MAIN,PM25,Escenario beta bajo,beta_alternativo_pipeline_previo,Mortality,All-cause mortality,505,1.4691197443087027,3191,6.44018355644251e-05,0.001094,1.001608509265741,0.0016059261186989193,0.2055062572860805,0.00033002786613177675,VSL,8705114.0,2872.9301978538556,7967870.7986338185
PM25_MAIN,PM25,Escenario beta bajo,beta_alternativo_pipeline_previo,Mortality,All-cause mortality,506,1.4471957643720756,7589,6.44018355644251e-05,0.001094,1.001584486139959,0.0015819795153432237,0.4887455300984221,0.0007731854168312687,VSL,8705114.0,6730.667196653713,18667034.323215306
PM25_MAIN,PM25,Escenario beta bajo,beta_alternativo_pipeline_previo,Mortality,All-cause mortality,507,1.4360190899217322,3876,6.44018355644251e-05,0.001094,1.001572239559023,0.0015697715021687486,0.24962151464771168,0.00039184874002217665,VSL,8705114.0,3411.0879526494105,9460413.660516454
PM25_MAIN,PM25,Escenario beta bajo,beta_alternativo_pipeline_previo,Mortality,All-cause mortality,508,1.4312792381203234,3406,6.44018355644251e-05,0.001094,1.00156704602193,0.0015645942307647154,0.2193526519324319,0.0003431978937164236,VSL,8705114.0,2987.576789361351,8285835.094918451
PM25_MAIN,PM25,Escenario beta bajo,beta_alternativo_pipeline_previo,Mortality,All-cause mortality,509,1.4593498930791071,45,6.44018355644251e-05,0.001094,1.00159780391361,0.0015952550089135542,0.0028980826003991295,4.62318078453193e-06,VSL,8705114.0,40.24531577195989,111617.5661214267
PM25_MAIN,PM25,Escenario beta bajo,beta_alternativo_pipeline_previo,Mortality,All-cause mortality,513,1.4493527729079378,3157,6.44018355644251e-05,0.001094,1.0015868496491045,0.0015843355467980436,0.20331659487689005,0.0003221217085173939,VSL,8705114.0,2804.1061945186852,7776992.2430639565
PM25_MAIN,PM25,Escenario beta bajo,beta_alternativo_pipeline_previo,Mortality,All-cause mortality,514,1.4788109734283754,8374,6.44018355644251e-05,0.001094,1.0016191285804363,0.0016165112408855764,0.5393009710164958,0.0008717860818686718,VSL,8705114.0,7588.997226280121,21047552.577282075
PM25_MAIN,PM25,Escenario beta bajo,beta_alternativo_pipeline_previo,Mortality,All-cause mortality,515,1.438100502611137,8986,6.44018355644251e-05,0.001094,1.0015745202071942,0.001572044990589938,0.5787148943819239,0.0009097658506928886,VSL,8705114.0,7919.615443588575,21964499.05971186
PM25_MAIN,PM25,Escenario beta bajo,beta_alternativo_pipeline_previo,Mortality,All-cause mortality,516,1.4278244923593313,4255,6.44018355644251e-05,0.001094,1.0015632606145832,0.0015608206451421802,0.2740298103266288,0.0004277113853421981,VSL,8705114.0,3723.2763685017635,10326246.378693845
PM25_MAIN,PM25,Escenario beta bajo,beta_alternativo_pipeline_previo,Mortality,All-cause mortality,517,1.4816553705208069,4378,6.44018355644251e-05,0.001094,1.0016222453940613,0.0016196179762590912,0.2819512361010531,0.00045665329041773685,VSL,8705114.0,3975.218951561507,11024991.496829228
PM25_MAIN,PM25,Escenario beta bajo,beta_alternativo_pipeline_previo,Mortality,All-cause mortality,518,1.4787259015318224,7540,6.44018355644251e-05,0.001094,1.0016190353610956,0.0016164183226730078,0.48558984015576523,0.000784916314931636,VSL,8705114.0,6832.786001939793,18950253.68135988
PM25_MAIN,PM25,Escenario beta bajo,beta_alternativo_pipeline_previo,Mortality,All-cause mortality,519,1.4822700370366722,9380,6.44018355644251e-05,0.001094,1.0016229189303272,0.0016202893320974576,0.6040892175943074,0.000978799314903156,VSL,8705114.0,8520.559619353873,23631175.665104613
PM25_MAIN,PM25,Escenario beta bajo,beta_alternativo_pipeline_previo,Mortality,All-cause mortality,520,1.4816626187972624,9380,6.44018355644251e-05,0.001094,1.0016222533365395,0.0016196258930305518,0.6040892175943074,0.0009783985385163076,VSL,8705114.0,8517.070815217849,23621499.711049635
PM25_MAIN,PM25,Escenario beta bajo,beta_alternativo_pipeline_previo,Mortality,All-cause mortality,521,1.4741674759669632,9380,6.44018355644251e-05,0.001094,1.0016140403819866,0.0016114394536352883,0.6040892175943074,0.0009734531987471396,VSL,8705114.0,8474.021068758508,23502104.252726905
PM25_MAIN,PM25,Escenario beta bajo,beta_alternativo_pipeline_previo,Mortality,All-cause mortality,522,1.483260765415526,9380,6.44018355644251e-05,0.001094,1.0016240045467737,0.0016213714321958728,0.6040892175943074,0.0009794529999049666,VSL,8705114.0,8526.250021814723,23646957.598001607
PM25_MAIN,PM25,Escenario beta bajo,beta_alternativo_pipeline_previo,Mortality,All-cause mortality,523,1.4969049638666316,9380,6.44018355644251e-05,0.001094,1.0016389556525795,0.0016362738722675019,0.6040892175943074,0.000988455403268083,VSL,8705114.0,8604.616969364635,23864302.84134496
PM25_MAIN,PM25,Escenario beta bajo,beta_alternativo_pipeline_previo,Mortality,All-cause mortality,524,1.5333234134351077,9380,6.44018355644251e-05,0.001094,1.0016788635303195,0.0016760496716508033,0.6040892175943074,0.0010124835347967297,VSL,8705114.0,8813.784593528499,24444414.605229743
PM25_MAIN,PM25,Escenario beta bajo,beta_alternativo_pipeline_previo,Mortality,All-cause mortality,525,1.6807461198980995,9380,6.44018355644251e-05,0.001094,1.001840427767266,0.001837046815297283,0.6040892175943074,0.00110974017333705,VSL,8705114.0,9660.41471927878,26792483.994889345
PM25_MAIN,PM25,Escenario beta bajo,beta_alternativo_pipeline_previo,Mortality,All-cause mortality,526,1.4002111244794089,9380,6.44018355644251e-05,0.001094,1.0015330048225457,0.0015306583159656606,0.6040892175943074,0.0009246541844959162,VSL,8705114.0,8049.220086613983,22323948.46481782
PM25_MAIN,PM25,Escenario beta bajo,beta_alternativo_pipeline_previo,Mortality,All-cause mortality,527,1.4657942938549358,9380,6.44018355644251e-05,0.001094,1.0016048653777474,0.0016022939117233959,0.6040892175943074,0.0009679284754891085,VSL,8705114.0,8425.927722978895,23368720.724741355
PM25_MAIN,PM25,Escenario beta bajo,beta_alternativo_pipeline_previo,Mortality,All-cause mortality,528,1.516501838246409,9380,6.44018355644251e-05,0.001094,1.0016604300008827,0.0016576775433578828,0.6040892175943074,0.001001385130190717,VSL,8705114.0,8717.171716215033,24176465.552902255
PM25_MAIN,PM25,Escenario beta bajo,beta_alternativo_pipeline_previo,Mortality,All-cause mortality,529,1.4956402045146238,8735,6.44018355644251e-05,0.001094,1.0016375697390716,0.0016348924886057103,0.5625500336552532,0.0009197088244878631,VSL,8705114.0,8006.17016397284,22204552.517867193
PM25_MAIN,PM25,Escenario beta bajo,beta_alternativo_pipeline_previo,Mortality,All-cause mortality,530,1.5233345858285112,5649,6.44018355644251e-05,0.001094,1.001667917466479,0.0016651401501386331,0.3638059691034374,0.0006057879260142286,VSL,8705114.0,5273.452955777426,14625552.631141786
PM25_MAIN,PM25,Escenario beta bajo,beta_alternativo_pipeline_previo,Mortality,All-cause mortality,531,1.5175333489375389,927,6.44018355644251e-05,0.001094,1.0016615603479666,0.001658804144774484,0.05970050156822207,9.903143944648234e-05,VSL,8705114.0,862.0799699657257,2390918.4511020426
PM25_MAIN,PM25,Escenario beta bajo,beta_alternativo_pipeline_previo,Mortality,All-cause mortality,546,1.485343407261304,3,6.44018355644251e-05,0.001094,1.0016262866597012,0.001623646145634594,0.0001932055066932753,3.136973762579152e-07,VSL,8705114.0,2.730771421826045,7573.603384435008
PM25_MAIN,PM25,Escenario beta bajo,beta_alternativo_pipeline_previo,Mortality,All-cause mortality,547,1.45438561329642,544,6.44018355644251e-05,0.001094,1.00159236432875,0.0015898327358130349,0.035034598547047255,5.5699151656163515e-05,VSL,8705114.0,484.8674648701922,1344745.973094937
PM25_MAIN,PM25,Escenario beta bajo,beta_alternativo_pipeline_previo,Mortality,All-cause mortality,555,1.473704051476771,86,6.44018355644251e-05,0.001094,1.0016135325774267,0.0016109332840926749,0.0055385578585405585,8.922247200196035e-06,VSL,8705114.0,77.6691790138873,215410.03115248543
PM25_MAIN,PM25,Escenario beta bajo,beta_alternativo_pipeline_previo,Mortality,All-cause mortality,556,1.4704703518554345,695,6.44018355644251e-05,0.001094,1.001609989208167,0.0016074013094055095,0.04475927571727544,7.194611839599077e-05,VSL,8705114.0,626.2991624945968,1736996.8862373894
PM25_MAIN,PM25,Escenario beta bajo,beta_alternativo_pipeline_previo,Mortality,All-cause mortality,559,1.4691890347718743,1595,6.44018355644251e-05,0.001094,1.0016085851914416,0.0016060018007275634,0.10272092772525804,0.0001649699948991703,VSL,8705114.0,1436.0826121766959,3982874.599089213
PM25_MAIN,PM25,Escenario beta bajo,beta_alternativo_pipeline_previo,Mortality,All-cause mortality,560,1.4629093957305503,8277,6.44018355644251e-05,0.001094,1.0016017042391065,0.0015991428851683809,0.5330539929667466,0.000852429500263369,VSL,8705114.0,7420.495976755657,20580226.15681344
PM25_MAIN,PM25,Escenario beta bajo,beta_alternativo_pipeline_previo,Mortality,All-cause mortality,561,1.4814390526993488,9379,6.44018355644251e-05,0.001094,1.0016220083584855,0.0016193817078198336,0.604024815758743,0.0009781467377089537,VSL,8705114.0,8514.87886048454,23615420.478033636
PM25_MAIN,PM25,Escenario beta bajo,beta_alternativo_pipeline_previo,Mortality,All-cause mortality,562,1.476878845395353,9379,6.44018355644251e-05,0.001094,1.0016170114121759,0.0016144009074846588,0.604024815758743,0.0009751382107041686,VSL,8705114.0,8488.689289935808,23542785.537386667
PM25_MAIN,PM25,Escenario beta bajo,beta_alternativo_pipeline_previo,Mortality,All-cause mortality,563,1.3890914965114387,9379,6.44018355644251e-05,0.001094,1.001520821374845,0.0015185119893535992,0.604024815758743,0.0009172189245967501,VSL,8705114.0,7984.495301572114,22144438.804239146
PM25_MAIN,PM25,Escenario beta bajo,beta_alternativo_pipeline_previo,Mortality,All-cause mortality,564,1.1670833129603937,9379,6.44018355644251e-05,0.001094,1.0012776045866507,0.0012759743959099845,0.604024815758743,0.0007707201994024018,VSL,8705114.0,6709.20719790064,18607516.51887357
PM25_MAIN,PM25,Escenario beta bajo,beta_alternativo_pipeline_previo,Mortality,All-cause mortality,565,1.5033902644435564,9379,6.44018355644251e-05,0.001094,1.0016460622248784,0.001643357156740688,0.604024815758743,0.0009926285038261058,VSL,8705114.0,8640.944285455687,23965054.109611366
PM25_MAIN,PM25,Escenario beta bajo,beta_alternativo_pipeline_previo,Mortality,All-cause mortality,566,1.4093414090109828,9379,6.44018355644251e-05,0.001094,1.0015430087162518,0.0015406315084058875,0.604024815758743,0.0009305796630169805,VSL,8705114.0,8100.802052644399,22467007.436865553
PM25_MAIN,PM25,Escenario beta bajo,beta_alternativo_pipeline_previo,Mortality,All-cause mortality,567,1.3211545310734945,9379,6.44018355644251e-05,0.001094,1.0014463880686768,0.001444299051760689,0.604024815758743,0.0008723924686402775,VSL,8705114.0,7594.27589225504,21062192.587856896
PM25_MAIN,PM25,Escenario beta bajo,beta_alternativo_pipeline_previo,Mortality,All-cause mortality,568,1.424221718679389,9379,6.44018355644251e-05,0.001094,1.0015593130264677,0.0015568853548532102,0.604024815758743,0.0009403973896226955,VSL,8705114.0,8186.266481967981,22704037.04908446
PM25_MAIN,PM25,Escenario beta bajo,beta_alternativo_pipeline_previo,Mortality,All-cause mortality,569,1.4025216660870647,9380,6.44018355644251e-05,0.001094,1.0015355364332903,0.0015331821761997988,0.6040892175943074,0.0009261788212500741,VSL,8705114.0,8062.492223367517,22360757.807054173
PM25_MAIN,PM25,Escenario beta bajo,beta_alternativo_pipeline_previo,Mortality,All-cause mortality,570,1.46508188524494,9380,6.44018355644251e-05,0.001094,1.0016040847522403,0.0016015157851887452,0.6040892175943074,0.000967458417639602,VSL,8705114.0,8421.835815812346,23357372.106648434
PM25_MAIN,PM25,Escenario beta bajo,beta_alternativo_pipeline_previo,Mortality,All-cause mortality,571,1.4850791944248307,9380,6.44018355644251e-05,0.001094,1.0016259971408237,0.0016233575660627997,0.6040892175943074,0.000980652801958676,VSL,8705114.0,8536.694435469697,23675924.44816472
PM25_MAIN,PM25,Escenario beta bajo,beta_alternativo_pipeline_previo,Mortality,All-cause mortality,572,1.5251705365527446,5729,6.44018355644251e-05,0.001094,1.0016699293486544,0.0016671453337331332,0.3689581159485914,0.0006151068013466625,VSL,8705114.0,5354.57482789805,14850538.464937288
PM25_MAIN,PM25,Escenario beta bajo,beta_alternativo_pipeline_previo,Mortality,All-cause mortality,573,1.541666877207442,2857,6.44018355644251e-05,0.001094,1.00168800664566,0.0016851620808684409,0.18399604420756252,0.0003100631567283777,VSL,8705114.0,2699.135126520395,7485862.333945458
PM25_MAIN,PM25,Escenario beta bajo,beta_alternativo_pipeline_previo,Mortality,All-cause mortality,601,1.4313557263393797,418,6.44018355644251e-05,0.001094,1.0015671298311726,0.0015646777779505516,0.02691996726592969,4.2121074564156457e-05,VSL,8705114.0,366.6687558834823,1016930.1276299262
PM25_MAIN,PM25,Escenario beta bajo,beta_alternativo_pipeline_previo,Mortality,All-cause mortality,602,1.444282729187142,5837,6.44018355644251e-05,0.001094,1.0015812942350164,0.0015787976913289592,0.3759135141895493,0.0005934913883418164,VSL,8705114.0,5166.410193533783,14328677.0230524
PM25_MAIN,PM25,Escenario beta bajo,beta_alternativo_pipeline_previo,Mortality,All-cause mortality,603,1.5055012287644465,9379,6.44018355644251e-05,0.001094,1.0016483754239243,0.001645662753884669,0.604024815758743,0.0009940211417162129,VSL,8705114.0,8653.06735704979,23998676.600062594
PM25_MAIN,PM25,Escenario beta bajo,beta_alternativo_pipeline_previo,Mortality,All-cause mortality,604,1.4314402613079746,9379,6.44018355644251e-05,0.001094,1.0015672224573626,0.0015647701144985149,0.604024815758743,0.0009451599801147527,VSL,8705114.0,8227.725375136655,22819020.387165252
PM25_MAIN,PM25,Escenario beta bajo,beta_alternativo_pipeline_previo,Mortality,All-cause mortality,605,1.475268154900064,9380,6.44018355644251e-05,0.001094,1.0016152464690007,0.0016126416552612044,0.6040892175943074,0.0009741794357867299,VSL,8705114.0,8480.343044979163,23519637.81123656
PM25_MAIN,PM25,Escenario beta bajo,beta_alternativo_pipeline_previo,Mortality,All-cause mortality,606,1.3401107277986366,9380,6.44018355644251e-05,0.001094,1.0014671563585509,0.0014650069642678787,0.6040892175943074,0.0008849949108147944,VSL,8705114.0,7703.981588062618,21366453.655780505
PM25_MAIN,PM25,Escenario beta bajo,beta_alternativo_pipeline_previo,Mortality,All-cause mortality,607,1.4651209166341488,9379,6.44018355644251e-05,0.001094,1.0016041275210759,0.0016015584171423791,0.604024815758743,0.0009673810278412896,VSL,8705114.0,8421.1621287956,23355503.682865582
PM25_MAIN,PM25,Escenario beta bajo,beta_alternativo_pipeline_previo,Mortality,All-cause mortality,608,1.473222695708435,9380,6.44018355644251e-05,0.001094,1.0016130051246634,0.0016104075290662712,0.6040892175943074,0.0009728298242416257,VSL,8705114.0,8468.594522623316,23487054.106879182
PM25_MAIN,PM25,Escenario beta bajo,beta_alternativo_pipeline_previo,Mortality,All-cause mortality,609,1.5160507917501391,9380,6.44018355644251e-05,0.001094,1.001659935736807,0.001657184916341925,0.6040892175943074,0.0010010875395220814,VSL,8705114.0,8714.581155519225,24169280.814151682
PM25_MAIN,PM25,Escenario beta bajo,beta_alternativo_pipeline_previo,Mortality,All-cause mortality,610,1.4307481321730222,9379,6.44018355644251e-05,0.001094,1.0015664640816921,0.00156401410976581,0.604024815758743,0.0009447033344953679,VSL,8705114.0,8223.75022296231,22807995.580870356
PM25_MAIN,PM25,Escenario beta bajo,beta_alternativo_pipeline_previo,Mortality,All-cause mortality,611,1.0534566660882465,9380,6.44018355644251e-05,0.001094,1.0011531459548084,0.0011518177408399444,0.6040892175943074,0.0006958006778752448,VSL,8705114.0,6057.024222181283,16798732.688524235
PM25_MAIN,PM25,Escenario beta bajo,beta_alternativo_pipeline_previo,Mortality,All-cause mortality,612,1.6073815097928763,9380,6.44018355644251e-05,0.001094,1.0017600223961984,0.0017569301597687437,0.6040892175943074,0.001061342565582542,VSL,8705114.0,9239.108026448504,25624019.373793073
PM25_MAIN,PM25,Escenario beta bajo,beta_alternativo_pipeline_previo,Mortality,All-cause mortality,613,1.5212874766996336,9380,6.44018355644251e-05,0.001094,1.0016656741962406,0.0016629043393916465,0.6040892175943074,0.0010045425813172784,VSL,8705114.0,8744.657688221178,24252695.97224326
PM25_MAIN,PM25,Escenario beta bajo,beta_alternativo_pipeline_previo,Mortality,All-cause mortality,614,1.5302877657442142,5064,6.44018355644251e-05,0.001094,1.001675536961766,0.0016727342337302664,0.3261308952982487,0.0005455303132424818,VSL,8705114.0,4748.903567231513,13170751.620466895
PM25_MAIN,PM25,Escenario beta bajo,beta_alternativo_pipeline_previo,Mortality,All-cause mortality,643,1.4470425127431223,249,6.44018355644251e-05,0.001094,1.0015843182170403,0.0015818121232774596,0.01603605705554185,2.536602946002514e-05,VSL,8705114.0,220.81417817687728,612412.6661810967
PM25_MAIN,PM25,Escenario beta bajo,beta_alternativo_pipeline_previo,Mortality,All-cause mortality,644,1.4480669036434843,2838,6.44018355644251e-05,0.001094,1.0015854406768339,0.0015829310335845337,0.18277240933183844,0.0002893161188143825,VSL,8705114.0,2518.5297963167445,6984966.092998749
PM25_MAIN,PM25,Escenario beta bajo,beta_alternativo_pipeline_previo,Mortality,All-cause mortality,645,1.470865231685471,7418,6.44018355644251e-05,0.001094,1.0016104219023074,0.001607832613451432,0.4777328162169054,0.0007681144024295396,VSL,8705114.0,6686.5234381910195,18544604.69918212
PM25_MAIN,PM25,Escenario beta bajo,beta_alternativo_pipeline_previo,Mortality,All-cause mortality,646,1.5222191617917409,9380,6.44018355644251e-05,0.001094,1.0016666951580127,0.0016639219074261469,0.6040892175943074,0.0010051572831950887,VSL,8705114.0,8750.008738143531,24267536.73462941
PM25_MAIN,PM25,Escenario beta bajo,beta_alternativo_pipeline_previo,Mortality,All-cause mortality,647,1.4923111506289164,9380,6.44018355644251e-05,0.001094,1.0016339217967591,0.0016312564512873662,0.6040892175943074,0.0009854244333538514,VSL,8705114.0,8578.23203073068,23791126.060989387
PM25_MAIN,PM25,Escenario beta bajo,beta_alternativo_pipeline_previo,Mortality,All-cause mortality,648,1.4877075988961437,7672,6.44018355644251e-05,0.001094,1.0016288772949695,0.0016262283685036794,0.4940908824502694,0.0008035046096596448,VSL,8705114.0,6994.59922661271,19399031.333064485
PM25_MAIN,PM25,Escenario beta bajo,beta_alternativo_pipeline_previo,Mortality,All-cause mortality,649,1.4825376698476234,8354,6.44018355644251e-05,0.001094,1.0016232121958402,0.0016205816479448742,0.5380129343052072,0.0008718938876919901,VSL,8705114.0,7589.93568826197,21050155.335896395
PM25_MAIN,PM25,Escenario beta bajo,beta_alternativo_pipeline_previo,Mortality,All-cause mortality,650,1.534201581261506,9380,6.44018355644251e-05,0.001094,1.0016798258592943,0.001677008776585165,0.6040892175943074,0.001013062919746119,VSL,8705114.0,8818.828205562817,24458402.710154083
PM25_MAIN,PM25,Escenario beta bajo,beta_alternativo_pipeline_previo,Mortality,All-cause mortality,651,1.093164735823544,9380,6.44018355644251e-05,0.001094,1.0011966376211294,0.0011952073910004302,0.6040892175943074,0.0007220118976923834,VSL,8705114.0,6285.195878768534,17431550.806053016
PM25_MAIN,PM25,Escenario beta bajo,beta_alternativo_pipeline_previo,Mortality,All-cause mortality,652,1.4710739100762478,9380,6.44018355644251e-05,0.001094,1.001610650564143,0.0016080605405262016,0.6040892175943074,0.0009714120337707523,VSL,8705114.0,8456.25249494625,23452824.357058775
PM25_MAIN,PM25,Escenario beta bajo,beta_alternativo_pipeline_previo,Mortality,All-cause mortality,653,1.3796593807770543,9358,6.44018355644251e-05,0.001094,1.0015104870005984,0.001508208870704908,0.60267237721189,0.000908955825439787,VSL,8705114.0,7912.564081417446,21944942.600325584
PM25_MAIN,PM25,Escenario beta bajo,beta_alternativo_pipeline_previo,Mortality,All-cause mortality,654,1.5368080088457852,9380,6.44018355644251e-05,0.001094,1.0016826820850524,0.0016798554224276563,0.6040892175943074,0.0010147825478058778,VSL,8705114.0,8833.797763860615,24499919.732223947
PM25_MAIN,PM25,Escenario beta bajo,beta_alternativo_pipeline_previo,Mortality,All-cause mortality,655,1.5069277033671185,2972,6.44018355644251e-05,0.001094,1.0016499385607534,0.00164722074772361,0.1914022552974714,0.0003152817660870861,VSL,8705114.0,2744.5637159094185,7611855.346614658
PM25_MAIN,PM25,Escenario beta bajo,beta_alternativo_pipeline_previo,Mortality,All-cause mortality,686,1.46986480807918,1809,6.44018355644251e-05,0.001094,1.001609325676934,0.0016067399091421741,0.11650292053604501,0.00018718989195688288,VSL,8705114.0,1629.5093491323485,4519330.114164129
PM25_MAIN,PM25,Escenario beta bajo,beta_alternativo_pipeline_previo,Mortality,All-cause mortality,687,1.4640175723395057,5329,6.44018355644251e-05,0.001094,1.0016029185268711,0.0016003532909316665,0.3431973817228214,0.0005492370592792486,VSL,8705114.0,4781.171214050616,13260243.6801844
PM25_MAIN,PM25,Escenario beta bajo,beta_alternativo_pipeline_previo,Mortality,All-cause mortality,688,1.4969125521056077,8364,6.44018355644251e-05,0.001094,1.001638963967719,0.0016362821602172728,0.5386569526608516,0.0008813947621159515,VSL,8705114.0,7672.641883222239,21279535.178185053
PM25_MAIN,PM25,Escenario beta bajo,beta_alternativo_pipeline_previo,Mortality,All-cause mortality,689,1.4468387370974265,1634,6.44018355644251e-05,0.001094,1.001584094933316,0.0015815895453306084,0.10523259931227061,0.00016643477890025216,VSL,8705114.0,1448.8337238914896,4018238.914852374
PM25_MAIN,PM25,Escenario beta bajo,beta_alternativo_pipeline_previo,Mortality,All-cause mortality,690,1.5344356667510777,2836,6.44018355644251e-05,0.001094,1.0016800823790386,0.0016772644366136458,0.18264360566070958,0.00030634162434959493,VSL,8705114.0,2666.7387629083996,7396013.287213042
PM25_MAIN,PM25,Escenario beta bajo,beta_alternativo_pipeline_previo,Mortality,All-cause mortality,691,1.509757666218789,1951,6.44018355644251e-05,0.001094,1.0016530396530892,0.0016503116225372594,0.12564798118619336,0.0002073583236999178,VSL,8705114.0,1805.0778466566862,5006257.052253053
PM25_MAIN,PM25,Escenario beta bajo,beta_alternativo_pipeline_previo,Mortality,All-cause mortality,692,1.501250440273381,3072,6.44018355644251e-05,0.001094,1.0016437174066024,0.0016410200334088243,0.1978424388539139,0.0003246634056177331,VSL,8705114.0,2826.231957530607,7838356.497974111
PM25_MAIN,PM25,Escenario beta bajo,beta_alternativo_pipeline_previo,Mortality,All-cause mortality,693,1.5323704095898378,2789,6.44018355644251e-05,0.001094,1.0016778191942972,0.0016750088323277401,0.1796167193891816,0.00030085959141061243,VSL,8705114.0,2619.017041222802,7263660.432638556
PM25_MAIN,PM25,Escenario beta bajo,beta_alternativo_pipeline_previo,Mortality,All-cause mortality,694,1.5852153583641329,366,6.44018355644251e-05,0.001094,1.0017357302409384,0.001732722701745848,0.023571071816579588,4.084213124106919e-05,VSL,8705114.0,355.5354084564688,986052.5678754243
PM25_MAIN,PM25,Escenario beta bajo,beta_alternativo_pipeline_previo,Mortality,All-cause mortality,695,1.5495245848721169,3681,6.44018355644251e-05,0.001094,1.001696617525522,0.0016937438899544688,0.2370631567126488,0.0004015242732153676,VSL,8705114.0,3495.3145721069213,9694010.293718498
PM25_MAIN,PM25,Escenario beta bajo,beta_alternativo_pipeline_previo,Mortality,All-cause mortality,696,1.5815090217768244,886,6.44018355644251e-05,0.001094,1.0017316684790254,0.0017286749870397689,0.05706002631008064,9.863824024206752e-05,VSL,8705114.0,858.6571260665853,2381425.4331468497
PM25_MAIN,PM25,Escenario beta bajo,beta_alternativo_pipeline_previo,Mortality,All-cause mortality,729,1.4540090132272423,49,6.44018355644251e-05,0.001094,1.0015919516723046,0.0015894213902644116,0.00315568994265683,5.01572109590104e-06,VSL,8705114.0,43.662423932023486,121094.67640579189
PM25_MAIN,PM25,Escenario beta bajo,beta_alternativo_pipeline_previo,Mortality,All-cause mortality,730,1.4684069053239297,173,6.44018355644251e-05,0.001094,1.001607728165807,0.0016051475249208025,0.011141517552645542,1.788377932349067e-05,VSL,8705114.0,155.68033776182915,431768.5191587898
PM25_MAIN,PM25,Escenario beta central,beta_base_corrida_principal,Mortality,All-cause mortality,0,1.505178645721989,7006,6.44018355644251e-05,0.008066,1.0122147692784376,0.012067369148490936,0.4511992599643623,0.005444788029515887,VSL,8705114.0,47397.50050277116,131453649.81940061
PM25_MAIN,PM25,Escenario beta central,beta_base_corrida_principal,Mortality,All-cause mortality,1,1.4821126934720257,3805,6.44018355644251e-05,0.008066,1.0120264642677352,0.01188354721181828,0.2450489843226375,0.00291205117440618,VSL,8705114.0,25349.73744703968,70305722.32774325
PM25_MAIN,PM25,Escenario beta central,beta_base_corrida_principal,Mortality,All-cause mortality,2,1.4784377732190936,73,6.44018355644251e-05,0.008066,1.011996466318243,0.01185425712195165,0.004701333996203033,5.5730822007163214e-05,VSL,8705114.0,485.1431588860646,1345510.591149378
PM25_MAIN,PM25,Escenario beta central,beta_base_corrida_principal,Mortality,All-cause mortality,41,1.473053198706804,5661,6.44018355644251e-05,0.008066,1.0119525142644348,0.011811339065769033,0.36457879113021047,0.004306163718227104,VSL,8705114.0,37485.646069830815,103963815.37945087
PM25_MAIN,PM25,Escenario beta central,beta_base_corrida_principal,Mortality,All-cause mortality,42,1.4056198676459797,9380,6.44018355644251e-05,0.008066,1.0114022455013305,0.011273700006152132,0.6040892175943074,0.0068103206161093804,VSL,8705114.0,59284.617339782395,164421736.26867267
PM25_MAIN,PM25,Escenario beta central,beta_base_corrida_principal,Mortality,All-cause mortality,43,1.433476986109536,6828,6.44018355644251e-05,0.008066,1.0116295285861006,0.011495837416247046,0.4397357332338946,0.005055130495371035,VSL,8705114.0,44005.48724708133,122046138.49567276
PM25_MAIN,PM25,Escenario beta central,beta_base_corrida_principal,Mortality,All-cause mortality,44,1.4356476786609953,939,6.44018355644251e-05,0.008066,1.0116472411664446,0.01151314479246246,0.06047332359499517,0.0006962381306306158,VSL,8705114.0,6060.832298286402,16809294.121036455
PM25_MAIN,PM25,Escenario beta central,beta_base_corrida_principal,Mortality,All-cause mortality,82,1.485198575938064,656,6.44018355644251e-05,0.008066,1.0120516546566591,0.01190814184355804,0.042247604130262864,0.0005030904625336587,VSL,8705114.0,4379.459828668228,12146125.272623321
PM25_MAIN,PM25,Escenario beta central,beta_base_corrida_principal,Mortality,All-cause mortality,83,1.5349538586180334,4099,6.44018355644251e-05,0.008066,1.0124578989232023,0.012304609343708917,0.2639831239785785,0.003248209213888286,VSL,8705114.0,28276.031502747916,78421594.05066615
PM25_MAIN,PM25,Escenario beta central,beta_base_corrida_principal,Mortality,All-cause mortality,84,1.4708954060961634,9171,6.44018355644251e-05,0.008066,1.0119349016319248,0.011794139734361941,0.5906292339613426,0.006965963716539226,VSL,8705114.0,60639.50827233765,168179431.4277494
PM25_MAIN,PM25,Escenario beta central,beta_base_corrida_principal,Mortality,All-cause mortality,85,1.4074694065815656,9159,6.44018355644251e-05,0.008066,1.0114173340979769,0.011288450091829993,0.5898564119345695,0.006658564667469302,VSL,8705114.0,57963.56450669236,160757888.70979577
PM25_MAIN,PM25,Escenario beta central,beta_base_corrida_principal,Mortality,All-cause mortality,86,1.4518727064568928,7033,6.44018355644251e-05,0.008066,1.0117796451913486,0.011642500664382105,0.45293810952460173,0.00527333224106415,VSL,8705114.0,45904.958318338904,127314188.54883066
PM25_MAIN,PM25,Escenario beta central,beta_base_corrida_principal,Mortality,All-cause mortality,87,1.444531004065194,2360,6.44018355644251e-05,0.008066,1.0117197312248234,0.01158397020747537,0.15198833193204322,0.001760628308984666,VSL,8705114.0,15326.470141338741,42506892.0840931
PM25_MAIN,PM25,Escenario beta central,beta_base_corrida_principal,Mortality,All-cause mortality,91,1.4903653124295977,537,6.44018355644251e-05,0.008066,1.0120938326835371,0.01194931961147383,0.03458378569809628,0.00041325270868127005,VSL,8705114.0,3597.4119398792454,9977170.196419295
PM25_MAIN,PM25,Escenario beta central,beta_base_corrida_principal,Mortality,All-cause mortality,125,1.462784210597622,3772,6.44018355644251e-05,0.008066,1.011868698054958,0.01172948434690435,0.24292372374901147,0.0028493700152057468,VSL,8705114.0,24804.090810547757,68792409.57669747
PM25_MAIN,PM25,Escenario beta central,beta_base_corrida_principal,Mortality,All-cause mortality,126,1.5204727507397229,9325,6.44018355644251e-05,0.008066,1.012339646073328,0.012189235224750017,0.6005471166382641,0.0073202100682491856,VSL,8705114.0,63723.26314805694,176732009.71271554
PM25_MAIN,PM25,Escenario beta central,beta_base_corrida_principal,Mortality,All-cause mortality,127,1.4706945778082563,9380,6.44018355644251e-05,0.008066,1.0119332624191621,0.011792538957197674,0.6040892175943074,0.0071237456321039325,VSL,8705114.0,62013.017834466795,171988764.05264524
PM25_MAIN,PM25,Escenario beta central,beta_base_corrida_principal,Mortality,All-cause mortality,128,1.438323657754081,9379,6.44018355644251e-05,0.008066,1.0116690772487322,0.011534480504698852,0.604024815758743,0.006967112461723537,VSL,8705114.0,60649.508230124025,168207165.61067286
PM25_MAIN,PM25,Escenario beta central,beta_base_corrida_principal,Mortality,All-cause mortality,129,1.4486095129912808,7335,6.44018355644251e-05,0.008066,1.0117530145722466,0.011616485844834101,0.4723874638650581,0.0054874822872655275,VSL,8705114.0,47769.15888362716,132484418.32261807
PM25_MAIN,PM25,Escenario beta central,beta_base_corrida_principal,Mortality,All-cause mortality,130,1.467243421937889,5190,6.44018355644251e-05,0.008066,1.0119050936014782,0.011765029820243966,0.3342455265793663,0.003932408587489391,VSL,8705114.0,34232.06504867413,94940236.16794428
PM25_MAIN,PM25,Escenario beta central,beta_base_corrida_principal,Mortality,All-cause mortality,131,1.436832227142368,5202,6.44018355644251e-05,0.008066,1.01165690706503,0.011522589312268572,0.3350183486061394,0.0038602788430629684,VSL,8705114.0,33604.16740065125,93198805.99398819
PM25_MAIN,PM25,Escenario beta central,beta_base_corrida_principal,Mortality,All-cause mortality,132,1.4503910498834287,8779,6.44018355644251e-05,0.008066,1.0117675534426482,0.011630688691891544,0.565383714420088,0.006575801973885355,VSL,8705114.0,57243.10582409704,158759746.98572543
PM25_MAIN,PM25,Escenario beta central,beta_base_corrida_principal,Mortality,All-cause mortality,133,1.441128189329401,7568,6.44018355644251e-05,0.008066,1.0116919628295695,0.01155684067793572,0.4873930915515692,0.005632724306588024,VSL,8705114.0,49033.5072194197,135990999.92755517
PM25_MAIN,PM25,Escenario beta central,beta_base_corrida_principal,Mortality,All-cause mortality,134,1.4278879107318954,6970,6.44018355644251e-05,0.008066,1.011583923855693,0.01145127317913519,0.44888079388404295,0.005140256595633253,VSL,8705114.0,44746.51965423937,124101340.00465709
PM25_MAIN,PM25,Escenario beta central,beta_base_corrida_principal,Mortality,All-cause mortality,135,1.4180597049731425,2916,6.44018355644251e-05,0.008066,1.0115037344190223,0.011372903556930325,0.18779575250586358,0.0021357829816503427,VSL,8705114.0,18592.234334526143,51564260.47040484
PM25_MAIN,PM25,Escenario beta central,beta_base_corrida_principal,Mortality,All-cause mortality,136,1.51642551952847,629,6.44018355644251e-05,0.008066,1.012306598818456,0.012156987648623496,0.04050875457002339,0.000492464428968895,VSL,8705114.0,4286.958995119133,11889580.685833257
PM25_MAIN,PM25,Escenario beta central,beta_base_corrida_principal,Mortality,All-cause mortality,166,1.451132854952652,6,6.44018355644251e-05,0.008066,1.0117736072704233,0.011636602482828495,0.0003864110133865506,4.4965113577662096e-06,VSL,8705114.0,39.14264397164964,108559.38307029226
PM25_MAIN,PM25,Escenario beta central,beta_base_corrida_principal,Mortality,All-cause mortality,167,1.4615122039333812,6438,6.44018355644251e-05,0.008066,1.0118583163295525,0.011719344633710826,0.41461901736376877,0.00485906315617654,VSL,8705114.0,42298.69870771658,117312479.9569424
PM25_MAIN,PM25,Escenario beta central,beta_base_corrida_principal,Mortality,All-cause mortality,168,1.4711631690728255,9380,6.44018355644251e-05,0.008066,1.0119370871871707,0.011796274035524967,0.6040892175943074,0.007126001952648321,VSL,8705114.0,62032.659362026236,172043238.4544244
PM25_MAIN,PM25,Escenario beta central,beta_base_corrida_principal,Mortality,All-cause mortality,169,1.4818780320781446,9293,6.44018355644251e-05,0.008066,1.0120245487273083,0.011881676924171525,0.5984862579002025,0.007111020359926604,VSL,8705114.0,61902.24288948212,171681537.49697638
PM25_MAIN,PM25,Escenario beta central,beta_base_corrida_principal,Mortality,All-cause mortality,170,1.502443556438081,9380,6.44018355644251e-05,0.008066,1.0121924388217567,0.012045573898921136,0.6040892175943074,0.00727660131207368,VSL,8705114.0,63343.64395415096,175679162.4517609
PM25_MAIN,PM25,Escenario beta central,beta_base_corrida_principal,Mortality,All-cause mortality,171,1.5517456996612058,9380,6.44018355644251e-05,0.008066,1.0125950385352238,0.012438376701354725,0.6040892175943074,0.007513889249664639,VSL,8705114.0,65409.26250170515,181408010.9001041
PM25_MAIN,PM25,Escenario beta central,beta_base_corrida_principal,Mortality,All-cause mortality,172,1.5083798887168207,9380,6.44018355644251e-05,0.008066,1.0122409062421946,0.012092878450879141,0.6040892175943074,0.007305177481854641,VSL,8705114.0,63592.40276977758,176369077.61378422
PM25_MAIN,PM25,Escenario beta central,beta_base_corrida_principal,Mortality,All-cause mortality,173,1.4879284418665415,9380,6.44018355644251e-05,0.008066,1.0120739393671538,0.01192989849605608,0.6040892175943074,0.0072067230484620225,VSL,8705114.0,62735.34570328943,173992089.833874
PM25_MAIN,PM25,Escenario beta central,beta_base_corrida_principal,Mortality,All-cause mortality,174,1.5430070826446585,9380,6.44018355644251e-05,0.008066,1.0125236675957958,0.012368765290724393,0.6040892175943074,0.007471837747081325,VSL,8705114.0,65043.199377846104,180392760.4504997
PM25_MAIN,PM25,Escenario beta central,beta_base_corrida_principal,Mortality,All-cause mortality,175,1.5117069365563829,9380,6.44018355644251e-05,0.008066,1.012268071071131,0.012119389538928549,0.6040892175943074,0.007321192544291982,VSL,8705114.0,63731.815714011755,176755729.65571162
PM25_MAIN,PM25,Escenario beta central,beta_base_corrida_principal,Mortality,All-cause mortality,176,1.4564081134000073,9380,6.44018355644251e-05,0.008066,1.011816659390744,0.011678656682584498,0.6040892175943074,0.007054950577935,VSL,8705114.0,61414.14904529006,170327843.3866788
PM25_MAIN,PM25,Escenario beta central,beta_base_corrida_principal,Mortality,All-cause mortality,177,1.3551849408186332,8935,6.44018355644251e-05,0.008066,1.0109908825340583,0.010871396294405256,0.5754304007681382,0.006255731926598869,VSL,8705114.0,54456.85957448279,151032288.0496578
PM25_MAIN,PM25,Escenario beta central,beta_base_corrida_principal,Mortality,All-cause mortality,178,1.4311527258061665,3436,6.44018355644251e-05,0.008066,1.0116105632558736,0.01147730527694868,0.22128470699936464,0.00253975213535185,VSL,8705114.0,22108.831869981284,61317297.57316219
PM25_MAIN,PM25,Escenario beta central,beta_base_corrida_principal,Mortality,All-cause mortality,208,1.4777783623249905,4959,6.44018355644251e-05,0.008066,1.0119910837173813,0.011849001350223487,0.3193687025639841,0.0037842001878997705,VSL,8705114.0,32941.89403448892,91362037.1720726
PM25_MAIN,PM25,Escenario beta central,beta_base_corrida_principal,Mortality,All-cause mortality,209,1.4625931861765622,2301,6.44018355644251e-05,0.008066,1.0118671389658536,0.011727961615575433,0.14818862363374216,0.0017379504898414825,VSL,8705114.0,15129.057140425948,41959380.94497153
PM25_MAIN,PM25,Escenario beta central,beta_base_corrida_principal,Mortality,All-cause mortality,210,1.458966576057147,2925,6.44018355644251e-05,0.008066,1.011837540021186,0.011699052024634504,0.18837536902594343,0.0022038132423942355,VSL,8705114.0,19184.445509751455,53206716.71010997
PM25_MAIN,PM25,Escenario beta central,beta_base_corrida_principal,Mortality,All-cause mortality,211,1.4315418243040998,9380,6.44018355644251e-05,0.008066,1.011613738168727,0.011480407719403618,0.6040892175943074,0.006935190516878179,VSL,8705114.0,60371.62406114347,167436473.31989712
PM25_MAIN,PM25,Escenario beta central,beta_base_corrida_principal,Mortality,All-cause mortality,212,1.4291641804794448,9380,6.44018355644251e-05,0.008066,1.0115943375505285,0.011461449634646015,0.6040892175943074,0.006923738142289872,VSL,8705114.0,60271.92983478156,167159978.3616782
PM25_MAIN,PM25,Escenario beta central,beta_base_corrida_principal,Mortality,All-cause mortality,213,1.4407216938229528,9380,6.44018355644251e-05,0.008066,1.0116886457067296,0.011553599772353151,0.6040892175943074,0.006979405046878584,VSL,8705114.0,60756.51658525341,168503945.79303935
PM25_MAIN,PM25,Escenario beta central,beta_base_corrida_principal,Mortality,All-cause mortality,214,1.439714933899749,9380,6.44018355644251e-05,0.008066,1.0116804302965998,0.011545573035523948,0.6040892175943074,0.006974556181707595,VSL,8705114.0,60714.30666116933,168386879.52328685
PM25_MAIN,PM25,Escenario beta central,beta_base_corrida_principal,Mortality,All-cause mortality,215,1.4369783762935704,9380,6.44018355644251e-05,0.008066,1.011658099646404,0.011523754567357103,0.6040892175943074,0.006961375880343579,VSL,8705114.0,60599.570635241216,168068667.18689704
PM25_MAIN,PM25,Escenario beta central,beta_base_corrida_principal,Mortality,All-cause mortality,216,1.4575056178345935,9380,6.44018355644251e-05,0.008066,1.0118256165077915,0.011687405729661537,0.6040892175943074,0.007060235782938464,VSL,8705114.0,61460.157357358585,170455444.219619
PM25_MAIN,PM25,Escenario beta central,beta_base_corrida_principal,Mortality,All-cause mortality,217,1.4793558136914182,9380,6.44018355644251e-05,0.008066,1.012003960093245,0.011861574229550254,0.6040892175943074,0.007165449095765813,VSL,8705114.0,62376.051239838314,172995611.79010478
PM25_MAIN,PM25,Escenario beta central,beta_base_corrida_principal,Mortality,All-cause mortality,218,1.546900022195139,8126,6.44018355644251e-05,0.008066,1.0125554617941868,0.012399776869446044,0.5233293157965183,0.0064891667451166925,VSL,8705114.0,56488.93628124975,156668110.55050647
PM25_MAIN,PM25,Escenario beta central,beta_base_corrida_principal,Mortality,All-cause mortality,219,1.5451682357431178,537,6.44018355644251e-05,0.008066,1.012541317921358,0.012385981390965806,0.03458378569809628,0.0004283541260857699,VSL,8705114.0,3728.8714999470008,10341764.08409801
PM25_MAIN,PM25,Escenario beta central,beta_base_corrida_principal,Mortality,All-cause mortality,251,1.431554707501041,8,6.44018355644251e-05,0.008066,1.0116138432914508,0.011480510442268277,0.0005152146845154008,5.914927565589015e-06,VSL,8705114.0,51.490118760194854,142804.24007308722
PM25_MAIN,PM25,Escenario beta central,beta_base_corrida_principal,Mortality,All-cause mortality,252,1.4451852668096752,3036,6.44018355644251e-05,0.008066,1.0117250703705503,0.011589186345116409,0.1955239727735946,0.002265963755410655,VSL,8705114.0,19725.47281071787,54707218.05742926
PM25_MAIN,PM25,Escenario beta central,beta_base_corrida_principal,Mortality,All-cause mortality,253,1.47973553941579,8188,6.44018355644251e-05,0.008066,1.0120070597322262,0.011864600762175659,0.5273222296015128,0.006256467727242276,VSL,8705114.0,54463.26480296491,151050052.50248697
PM25_MAIN,PM25,Escenario beta central,beta_base_corrida_principal,Mortality,All-cause mortality,254,1.4512622601658922,9380,6.44018355644251e-05,0.008066,1.011774663342509,0.01163763411865859,0.6040892175943074,0.007030169289389286,VSL,8705114.0,61198.425103432724,169729548.13461342
PM25_MAIN,PM25,Escenario beta central,beta_base_corrida_principal,Mortality,All-cause mortality,255,1.474786857244423,9380,6.44018355644251e-05,0.008066,1.0119666651933914,0.011825157492815652,0.6040892175943074,0.00714345013776447,VSL,8705114.0,62184.54780255542,172464490.41204128
PM25_MAIN,PM25,Escenario beta central,beta_base_corrida_principal,Mortality,All-cause mortality,256,1.4629658787815014,9380,6.44018355644251e-05,0.008066,1.011870180783241,0.011730932493783874,0.6040892175943074,0.007086529831821539,VSL,8705114.0,61689.05005040733,171090262.08130118
PM25_MAIN,PM25,Escenario beta central,beta_base_corrida_principal,Mortality,All-cause mortality,257,1.4467579281076688,9380,6.44018355644251e-05,0.008066,1.0117379042715056,0.011601724341797293,0.6040892175943074,0.007008476580381158,VSL,8705114.0,61009.58759854814,169205820.53344136
PM25_MAIN,PM25,Escenario beta central,beta_base_corrida_principal,Mortality,All-cause mortality,258,1.4685432658981696,9380,6.44018355644251e-05,0.008066,1.0119157030179255,0.011775390956369591,0.6040892175943074,0.00711338670970039,VSL,8705114.0,61922.8422340268,171738668.33711693
PM25_MAIN,PM25,Escenario beta central,beta_base_corrida_principal,Mortality,All-cause mortality,259,1.4500579531578754,4854,6.44018355644251e-05,0.008066,1.0117648350715411,0.011628033178983976,0.31260650982971944,0.003634998868266358,VSL,8705114.0,31643.07953812963,87759866.08343485
PM25_MAIN,PM25,Escenario beta central,beta_base_corrida_principal,Mortality,All-cause mortality,294,1.497503126224924,1103,6.44018355644251e-05,0.008066,1.0121521042526052,0.012006203614602473,0.07103522462756089,0.0008528633706875201,VSL,8705114.0,7424.2728682591205,20590701.101015892
PM25_MAIN,PM25,Escenario beta central,beta_base_corrida_principal,Mortality,All-cause mortality,295,1.455176802870355,6166,6.44018355644251e-05,0.008066,1.0118066103297987,0.011668840872615327,0.3971017180902452,0.004633716758637222,VSL,8705114.0,40337.0326276475,111871936.40049641
PM25_MAIN,PM25,Escenario beta central,beta_base_corrida_principal,Mortality,All-cause mortality,296,1.426990741956418,9345,6.44018355644251e-05,0.008066,1.0115766034910385,0.011444119457771684,0.6018351533495525,0.0068874733888186195,VSL,8705114.0,59956.241021632406,166284437.53662595
PM25_MAIN,PM25,Escenario beta central,beta_base_corrida_principal,Mortality,All-cause mortality,297,1.4457072263277055,9380,6.44018355644251e-05,0.008066,1.0117293298690067,0.011593347669900278,0.6040892175943074,0.007003416323208846,VSL,8705114.0,60965.53748299385,169083650.62145963
PM25_MAIN,PM25,Escenario beta central,beta_base_corrida_principal,Mortality,All-cause mortality,298,1.4538726591295656,9380,6.44018355644251e-05,0.008066,1.0117959669659937,0.011658444341664631,0.6040892175943074,0.007042740520722968,VSL,8705114.0,61307.8591053128,170033055.67844766
PM25_MAIN,PM25,Escenario beta central,beta_base_corrida_principal,Mortality,All-cause mortality,299,1.4967300278035118,9380,6.44018355644251e-05,0.008066,1.012145792682181,0.012000042651953091,0.6040892175943074,0.007249096376716661,VSL,8705114.0,63104.210356305484,175015110.1284883
PM25_MAIN,PM25,Escenario beta central,beta_base_corrida_principal,Mortality,All-cause mortality,300,1.4892023341433251,6904,6.44018355644251e-05,0.008066,1.01208433869801,0.011940051076727354,0.4446302727367909,0.005308908166736497,VSL,8705114.0,46214.65080697222,128173098.98758096
PM25_MAIN,PM25,Escenario beta central,beta_base_corrida_principal,Mortality,All-cause mortality,301,1.4536716807985697,3775,6.44018355644251e-05,0.008066,1.011794326753767,0.011656842148549895,0.24311692925570474,0.002833975667973922,VSL,8705114.0,24670.08126293914,68420743.4770733
PM25_MAIN,PM25,Escenario beta central,beta_base_corrida_principal,Mortality,All-cause mortality,302,1.4485395061401078,3437,6.44018355644251e-05,0.008066,1.0117524432605098,0.011615927728957143,0.22134910883492906,0.002571175251095605,VSL,8705114.0,22382.373674765866,62075946.62080589
PM25_MAIN,PM25,Escenario beta central,beta_base_corrida_principal,Mortality,All-cause mortality,303,1.43784280324763,2651,6.44018355644251e-05,0.008066,1.0116651534245311,0.011530646662133215,0.17072926608129094,0.001968618842068691,VSL,8705114.0,17137.05144275595,47528412.582882635
PM25_MAIN,PM25,Escenario beta central,beta_base_corrida_principal,Mortality,All-cause mortality,304,1.4918728998573734,870,6.44018355644251e-05,0.008066,1.0121061400219857,0.01196133443249614,0.056029596941049836,0.0006701887471298598,VSL,8705114.0,5834.069445282602,16180383.221630126
PM25_MAIN,PM25,Escenario beta central,beta_base_corrida_principal,Mortality,All-cause mortality,337,1.5214248421398278,1314,6.44018355644251e-05,0.008066,1.0123474204355793,0.012196821156779114,0.08462401193165459,0.0010321439390995329,VSL,8705114.0,8984.93065427049,24919076.224473406
PM25_MAIN,PM25,Escenario beta central,beta_base_corrida_principal,Mortality,All-cause mortality,338,1.4437463953444816,7894,6.44018355644251e-05,0.008066,1.0117133284210196,0.011577714844678844,0.5083880899455717,0.0058859723358207685,VSL,8705114.0,51238.060184166075,142105173.2565717
PM25_MAIN,PM25,Escenario beta central,beta_base_corrida_principal,Mortality,All-cause mortality,339,1.4933947444966993,9380,6.44018355644251e-05,0.008066,1.0121185639023753,0.011973462729159334,0.6040892175943074,0.007233039731952463,VSL,8705114.0,62964.43543317563,174627454.1634323
PM25_MAIN,PM25,Escenario beta central,beta_base_corrida_principal,Mortality,All-cause mortality,340,1.4535980736831655,9380,6.44018355644251e-05,0.008066,1.0117937260364838,0.011656255354224765,0.6040892175943074,0.007041418177013095,VSL,8705114.0,61296.347952571174,170001130.30209947
PM25_MAIN,PM25,Escenario beta central,beta_base_corrida_principal,Mortality,All-cause mortality,341,1.439176536353994,9380,6.44018355644251e-05,0.008066,1.01167603686676,0.011541280450727776,0.6040892175943074,0.0069719630775166175,VSL,8705114.0,60691.73339357299,168324274.14573714
PM25_MAIN,PM25,Escenario beta central,beta_base_corrida_principal,Mortality,All-cause mortality,342,1.4523355554378163,9380,6.44018355644251e-05,0.008066,1.011783422515699,0.011646190531962475,0.6040892175943074,0.007035338126407443,VSL,8705114.0,61243.420418923204,169854339.49245417
PM25_MAIN,PM25,Escenario beta central,beta_base_corrida_principal,Mortality,All-cause mortality,343,1.4913511673494124,9380,6.44018355644251e-05,0.008066,1.0121018807903372,0.011957176466154795,0.6040892175943074,0.0072232013760765166,VSL,8705114.0,62878.79142370295,174389926.49824044
PM25_MAIN,PM25,Escenario beta central,beta_base_corrida_principal,Mortality,All-cause mortality,344,1.501070762889583,9380,6.44018355644251e-05,0.008066,1.0121812309247478,0.012034634265662758,0.6040892175943074,0.007269992797577858,VSL,8705114.0,63286.11608209418,175519612.92556244
PM25_MAIN,PM25,Escenario beta central,beta_base_corrida_principal,Mortality,All-cause mortality,345,1.4461753561748143,9159,6.44018355644251e-05,0.008066,1.0117331501007572,0.011597079822469714,0.5898564119345695,0.006840611893000779,VSL,8705114.0,59548.30635832759,165153059.30337647
PM25_MAIN,PM25,Escenario beta central,beta_base_corrida_principal,Mortality,All-cause mortality,346,1.4525428500857132,3601,6.44018355644251e-05,0.008066,1.0117851142580807,0.01164784309633038,0.23191100986749477,0.0027012630552481053,VSL,8705114.0,23514.802839923053,65216659.64032779
PM25_MAIN,PM25,Escenario beta central,beta_base_corrida_principal,Mortality,All-cause mortality,347,1.4751107688823757,227,6.44018355644251e-05,0.008066,1.0119693091330793,0.011827739265465542,0.014619216673124498,0.00017291228307506315,VSL,8705114.0,1505.2211361686952,4174625.4556843443
PM25_MAIN,PM25,Escenario beta central,beta_base_corrida_principal,Mortality,All-cause mortality,348,1.4583423393797847,3432,6.44018355644251e-05,0.008066,1.011832445337857,0.011694075824882466,0.22102709965710696,0.002584707662744062,VSL,8705114.0,22500.174860860614,62402659.964356646
PM25_MAIN,PM25,Escenario beta central,beta_base_corrida_principal,Mortality,All-cause mortality,349,1.4807953196562007,3186,6.44018355644251e-05,0.008066,1.0120157105952168,0.011873047492661715,0.20518424810825836,0.0024361623225354363,VSL,8705114.0,21207.070740175743,58816326.20292561
PM25_MAIN,PM25,Escenario beta central,beta_base_corrida_principal,Mortality,All-cause mortality,350,1.5189518554894406,4386,6.44018355644251e-05,0.008066,1.0123272272312984,0.012177117141275784,0.2824664507855685,0.0034396270596962785,VSL,8705114.0,29942.34567214091,83042999.75748576
PM25_MAIN,PM25,Escenario beta central,beta_base_corrida_principal,Mortality,All-cause mortality,351,1.467706873216887,3394,6.44018355644251e-05,0.008066,1.011908876310162,0.011768724031344324,0.2185798299056588,0.0025724056969778815,VSL,8705114.0,22393.084846441914,62105653.30566739
PM25_MAIN,PM25,Escenario beta central,beta_base_corrida_principal,Mortality,All-cause mortality,352,1.48149244375373,1255,6.44018355644251e-05,0.008066,1.0120214011785629,0.011878603717829672,0.0808243036333535,0.0009600798736301471,VSL,8705114.0,8357.604749056025,23179231.73917445
PM25_MAIN,PM25,Escenario beta central,beta_base_corrida_principal,Mortality,All-cause mortality,353,1.487503396035175,3,6.44018355644251e-05,0.008066,1.0120704695588947,0.011926510971272175,0.0001932055066932753,2.3042675952875473e-06,VSL,8705114.0,20.058912103483962,55631.98859516552
PM25_MAIN,PM25,Escenario beta central,beta_base_corrida_principal,Mortality,All-cause mortality,360,1.590324254850545,2764,6.44018355644251e-05,0.008066,1.0129101814474848,0.012745633012628654,0.178006673500071,0.002268807734230715,VSL,8705114.0,19750.229970560078,54775880.30725043
PM25_MAIN,PM25,Escenario beta central,beta_base_corrida_principal,Mortality,All-cause mortality,361,1.5140815401849448,2224,6.44018355644251e-05,0.008066,1.0122874597868274,0.012138310781223183,0.14322968229528144,0.0017385663967959858,VSL,8705114.0,15134.418680678291,41974250.80155359
PM25_MAIN,PM25,Escenario beta central,beta_base_corrida_principal,Mortality,All-cause mortality,379,1.4457656003398365,5837,6.44018355644251e-05,0.008066,1.0117298062365945,0.011593813055905344,0.3759135141895493,0.004358271008702056,VSL,8705114.0,37939.245973646386,105221842.9606901
PM25_MAIN,PM25,Escenario beta central,beta_base_corrida_principal,Mortality,All-cause mortality,380,1.4109404417202531,9380,6.44018355644251e-05,0.008066,1.0114456515191308,0.011316131026852694,0.6040892175943074,0.006835952738206111,VSL,8705114.0,59507.74788469635,165040573.2158534
PM25_MAIN,PM25,Escenario beta central,beta_base_corrida_principal,Mortality,All-cause mortality,381,1.468274213335416,9380,6.44018355644251e-05,0.008066,1.011913506983141,0.011773246330765375,0.6040892175943074,0.007112091164497106,VSL,8705114.0,61911.56436534006,171707389.95776507
PM25_MAIN,PM25,Escenario beta central,beta_base_corrida_principal,Mortality,All-cause mortality,382,1.4560225944184566,9380,6.44018355644251e-05,0.008066,1.0118135130544927,0.011675583397606326,0.6040892175943074,0.007053094039617091,VSL,8705114.0,61397.987667587295,170283020.93691662
PM25_MAIN,PM25,Escenario beta central,beta_base_corrida_principal,Mortality,All-cause mortality,383,1.477418744001863,9380,6.44018355644251e-05,0.008066,1.011988148257931,0.01184613503484977,0.6040892175943074,0.007156122444718911,VSL,8705114.0,62294.86167923682,172770438.22704577
PM25_MAIN,PM25,Escenario beta central,beta_base_corrida_principal,Mortality,All-cause mortality,384,1.473917422124515,9380,6.44018355644251e-05,0.008066,1.0119595684340068,0.011818227533056613,0.6040892175943074,0.007139263823795672,VSL,8705114.0,62148.10546221724,172363420.13207716
PM25_MAIN,PM25,Escenario beta central,beta_base_corrida_principal,Mortality,All-cause mortality,385,1.443042275100499,9380,6.44018355644251e-05,0.008066,1.0117075824783741,0.01157210114971563,0.6040892175943074,0.006990581529453901,VSL,8705114.0,60853.80914019056,168773779.8836787
PM25_MAIN,PM25,Escenario beta central,beta_base_corrida_principal,Mortality,All-cause mortality,386,1.4494041229571728,9380,6.44018355644251e-05,0.008066,1.011759499245891,0.011622820694696556,0.6040892175943074,0.0070212206596981675,VSL,8705114.0,61120.526261827756,169513501.15034094
PM25_MAIN,PM25,Escenario beta central,beta_base_corrida_principal,Mortality,All-cause mortality,387,1.4675008205003923,9371,6.44018355644251e-05,0.008066,1.0119071944975433,0.01176708156863715,0.6035096010742276,0.007101546703296102,VSL,8705114.0,61819.77362851675,171452814.7745372
PM25_MAIN,PM25,Escenario beta central,beta_base_corrida_principal,Mortality,All-cause mortality,388,1.4506031341910577,9205,6.44018355644251e-05,0.008066,1.0117692842465784,0.011632379466176901,0.5928188963705331,0.006895894357302241,VSL,8705114.0,60029.54651227274,166487745.18353257
PM25_MAIN,PM25,Escenario beta central,beta_base_corrida_principal,Mortality,All-cause mortality,389,1.4443634065396758,9380,6.44018355644251e-05,0.008066,1.0117183635408864,0.011582634024624672,0.6040892175943074,0.0069969443256167226,VSL,8705114.0,60909.19800614669,168927397.0261874
PM25_MAIN,PM25,Escenario beta central,beta_base_corrida_principal,Mortality,All-cause mortality,390,1.4830691613484124,9380,6.44018355644251e-05,0.008066,1.0120342719503508,0.011891170372282822,0.6040892175943074,0.007183327806472939,VSL,8705114.0,62531.68745471688,173427257.9375354
PM25_MAIN,PM25,Escenario beta central,beta_base_corrida_principal,Mortality,All-cause mortality,391,1.4516399292384357,9380,6.44018355644251e-05,0.008066,1.0117777454948493,0.011640644941334433,0.6040892175943074,0.007031988094903851,VSL,8705114.0,61214.25801278084,169773459.60038677
PM25_MAIN,PM25,Escenario beta central,beta_base_corrida_principal,Mortality,All-cause mortality,392,1.4437027948853345,9380,6.44018355644251e-05,0.008066,1.01171297262042,0.011577367234980152,0.6040892175943074,0.006993762714781131,VSL,8705114.0,60881.501721119224,168850583.3184037
PM25_MAIN,PM25,Escenario beta central,beta_base_corrida_principal,Mortality,All-cause mortality,393,1.4683365409152511,9380,6.44018355644251e-05,0.008066,1.011914015706856,0.011773743146085147,0.6040892175943074,0.0071123912852749166,VSL,8705114.0,61914.17695092467,171714635.781003
PM25_MAIN,PM25,Escenario beta central,beta_base_corrida_principal,Mortality,All-cause mortality,394,1.4578381053355027,6975,6.44018355644251e-05,0.008066,1.0118283300700732,0.011690056226488665,0.44920280306186505,0.005251206024889517,VSL,8705114.0,45712.34708415008,126779994.77359435
PM25_MAIN,PM25,Escenario beta central,beta_base_corrida_principal,Mortality,All-cause mortality,395,1.5035377572519,3089,6.44018355644251e-05,0.008066,1.0122013722932597,0.012054293372094627,0.19893727005850914,0.0023980482159288857,VSL,8705114.0,20875.283097157568,57896136.40014971
PM25_MAIN,PM25,Escenario beta central,beta_base_corrida_principal,Mortality,All-cause mortality,396,1.517754870997905,756,6.44018355644251e-05,0.008066,1.012317453383711,0.012167579786893312,0.048687787686705376,0.0005924125413253094,VSL,8705114.0,5157.018707266529,14302630.39329421
PM25_MAIN,PM25,Escenario beta central,beta_base_corrida_principal,Mortality,All-cause mortality,397,1.4762300477396677,269,6.44018355644251e-05,0.008066,1.0119784453377423,0.011836660546405753,0.01732409376683035,0.00020505941719207464,VSL,8705114.0,1785.0656034305696,4950754.496522444
PM25_MAIN,PM25,Escenario beta central,beta_base_corrida_principal,Mortality,All-cause mortality,398,1.5119546878870302,1076,6.44018355644251e-05,0.008066,1.0122700939514349,0.012121363680258623,0.0692963750673214,0.000839966563914609,VSL,8705114.0,7312.004695064958,20279333.181434005
PM25_MAIN,PM25,Escenario beta central,beta_base_corrida_principal,Mortality,All-cause mortality,400,1.5764778786038445,746,6.44018355644251e-05,0.008066,1.0127970610217696,0.01263536547870614,0.04804376933106112,0.0006070505844726105,VSL,8705114.0,5284.444541600705,14656037.025011642
PM25_MAIN,PM25,Escenario beta central,beta_base_corrida_principal,Mortality,All-cause mortality,401,1.4580532004246418,9240,6.44018355644251e-05,0.008066,1.0118300855502291,0.011691770900245535,0.5950729606152879,0.006957456724444781,VSL,8705114.0,60565.453936358404,167974046.91071448
PM25_MAIN,PM25,Escenario beta central,beta_base_corrida_principal,Mortality,All-cause mortality,402,1.4016854978126947,8169,6.44018355644251e-05,0.008066,1.011370149537526,0.011242322647870506,0.5260985947257887,0.005914570146498581,VSL,8705114.0,51487.00738626684,142795610.89529404
PM25_MAIN,PM25,Escenario beta central,beta_base_corrida_principal,Mortality,All-cause mortality,403,1.5237924879782607,73,6.44018355644251e-05,0.008066,1.0123667538555348,0.012215685480026717,0.004701333996203033,5.7430017434173365e-05,VSL,8705114.0,499.93484878646666,1386534.30766985
PM25_MAIN,PM25,Escenario beta central,beta_base_corrida_principal,Mortality,All-cause mortality,420,1.4591086073016193,4864,6.44018355644251e-05,0.008066,1.0118386992072381,0.011700184245288847,0.3132505281853637,0.0036650888947028022,VSL,8705114.0,31905.01664852189,88486330.32351007
PM25_MAIN,PM25,Escenario beta central,beta_base_corrida_principal,Mortality,All-cause mortality,421,1.4532133037163586,9380,6.44018355644251e-05,0.008066,1.0117905858843323,0.011653187970737,0.6040892175943074,0.007039565203721909,VSL,8705114.0,61280.21760883245,169956393.92286417
PM25_MAIN,PM25,Escenario beta central,beta_base_corrida_principal,Mortality,All-cause mortality,422,1.4875900073880182,9380,6.44018355644251e-05,0.008066,1.0120711765988304,0.011927201246256902,0.6040892175943074,0.00720509366894118,VSL,8705114.0,62721.16176881123,173952751.6844741
PM25_MAIN,PM25,Escenario beta central,beta_base_corrida_principal,Mortality,All-cause mortality,423,1.452608042569521,9380,6.44018355644251e-05,0.008066,1.01178564629791,0.0116483628138363,0.6040892175943074,0.007036650378464996,VSL,8705114.0,61254.84372268093,169886021.22579497
PM25_MAIN,PM25,Escenario beta central,beta_base_corrida_principal,Mortality,All-cause mortality,424,1.4107851105405054,9380,6.44018355644251e-05,0.008066,1.0114443842783571,0.011314892302776047,0.6040892175943074,0.006835204438347834,VSL,8705114.0,59501.23384912386,165022506.99417558
PM25_MAIN,PM25,Escenario beta central,beta_base_corrida_principal,Mortality,All-cause mortality,425,1.42710880818084,9380,6.44018355644251e-05,0.008066,1.0115775668383193,0.011445060881001057,0.6040892175943074,0.006913837872923143,VSL,8705114.0,60185.74686131348,166920955.91757262
PM25_MAIN,PM25,Escenario beta central,beta_base_corrida_principal,Mortality,All-cause mortality,426,1.4581804420020852,9380,6.44018355644251e-05,0.008066,1.011831124022904,0.011692785230666858,0.6040892175943074,0.007063485481491816,VSL,8705114.0,61488.446353731146,170533901.77082857
PM25_MAIN,PM25,Escenario beta central,beta_base_corrida_principal,Mortality,All-cause mortality,427,1.501893558121134,9380,6.44018355644251e-05,0.008066,1.0121879484561416,0.012041191040390808,0.6040892175943074,0.007273953674493268,VSL,8705114.0,63320.595967182795,175615240.47326377
PM25_MAIN,PM25,Escenario beta central,beta_base_corrida_principal,Mortality,All-cause mortality,428,1.4156662043490975,9380,6.44018355644251e-05,0.008066,1.0114842065406708,0.011353816961658159,0.6040892175943074,0.006858718405077054,VSL,8705114.0,59705.92561009394,165590205.2648028
PM25_MAIN,PM25,Escenario beta central,beta_base_corrida_principal,Mortality,All-cause mortality,429,1.4694190952581234,9380,6.44018355644251e-05,0.008066,1.011922851660558,0.01178237218478928,0.6040892175943074,0.007117603994514287,VSL,8705114.0,61959.55417910224,171840486.34694752
PM25_MAIN,PM25,Escenario beta central,beta_base_corrida_principal,Mortality,All-cause mortality,430,1.4656875718829188,9380,6.44018355644251e-05,0.008066,1.0118923947918048,0.011752627900965207,0.6040892175943074,0.0070996357933711,VSL,8705114.0,61803.13893977587,171406679.62974256
PM25_MAIN,PM25,Escenario beta central,beta_base_corrida_principal,Mortality,All-cause mortality,431,1.435462873207609,9380,6.44018355644251e-05,0.008066,1.0116457331649287,0.011511671312540384,0.6040892175943074,0.0069540765163953544,VSL,8705114.0,60536.02883994443,167892438.46556708
PM25_MAIN,PM25,Escenario beta central,beta_base_corrida_principal,Mortality,All-cause mortality,432,1.4637388990619318,9380,6.44018355644251e-05,0.008066,1.0118764899972252,0.01173709451166094,0.6040892175943074,0.007090252240379697,VSL,8705114.0,61721.454041260666,171180132.28165355
PM25_MAIN,PM25,Escenario beta central,beta_base_corrida_principal,Mortality,All-cause mortality,433,1.43941651574165,9380,6.44018355644251e-05,0.008066,1.0116779951433943,0.011543193782463379,0.6040892175943074,0.006973118900587777,VSL,8705114.0,60701.79496517126,168352179.21025494
PM25_MAIN,PM25,Escenario beta central,beta_base_corrida_principal,Mortality,All-cause mortality,434,1.4615334145206482,9380,6.44018355644251e-05,0.008066,1.0118584894429394,0.011719513713293828,0.6040892175943074,0.007079631869649425,VSL,8705114.0,61629.00250333138,170923724.41281435
PM25_MAIN,PM25,Escenario beta central,beta_base_corrida_principal,Mortality,All-cause mortality,435,1.462406683638461,9379,6.44018355644251e-05,0.008066,1.0118656167854394,0.011726474927703179,0.604024815758743,0.007083081857705432,VSL,8705114.0,61659.03504265756,171007017.55835775
PM25_MAIN,PM25,Escenario beta central,beta_base_corrida_principal,Mortality,All-cause mortality,436,1.4659153372974902,9379,6.44018355644251e-05,0.008066,1.0118942537975288,0.011754443463722564,0.604024815758743,0.0070999755475215824,VSL,8705114.0,61806.09653838779,171414882.32246083
PM25_MAIN,PM25,Escenario beta central,beta_base_corrida_principal,Mortality,All-cause mortality,437,1.513706869261636,9289,6.44018355644251e-05,0.008066,1.0122844005619036,0.012135325364181049,0.5982286505579447,0.007259699316695628,VSL,8705114.0,63196.51015755754,175271097.1662748
PM25_MAIN,PM25,Escenario beta central,beta_base_corrida_principal,Mortality,All-cause mortality,438,1.4675080570486472,8853,6.44018355644251e-05,0.008066,1.0119072535625662,0.011767139251789183,0.5701494502518554,0.0067090279754446315,VSL,8705114.0,58402.853355434716,161976225.5815633
PM25_MAIN,PM25,Escenario beta central,beta_base_corrida_principal,Mortality,All-cause mortality,439,1.5063129814029637,8857,6.44018355644251e-05,0.008066,1.0122240306320707,0.012076408247725046,0.5704070575941131,0.006888468494890123,VSL,8705114.0,59964.903533426936,166308462.40671226
PM25_MAIN,PM25,Escenario beta central,beta_base_corrida_principal,Mortality,All-cause mortality,440,1.528216458553416,8213,6.44018355644251e-05,0.008066,1.0124028795388518,0.01225093269637989,0.5289322754906234,0.006479913707978693,VSL,8705114.0,56408.38753811723,156444714.24984047
PM25_MAIN,PM25,Escenario beta central,beta_base_corrida_principal,Mortality,All-cause mortality,441,1.917487161221956,9110,6.44018355644251e-05,0.008066,1.0155866760186985,0.015347460129943036,0.5867007219919127,0.009004365938979674,VSL,8705114.0,78384.03199653511,217392625.86015037
PM25_MAIN,PM25,Escenario beta central,beta_base_corrida_principal,Mortality,All-cause mortality,442,2.11148434358633,9379,6.44018355644251e-05,0.008066,1.017177091031689,0.016887021132443003,0.604024815758743,0.010200179828237885,VSL,8705114.0,88793.7282253112,246263189.67192483
PM25_MAIN,PM25,Escenario beta central,beta_base_corrida_principal,Mortality,All-cause mortality,443,1.4284132281459296,9374,6.44018355644251e-05,0.008066,1.0115882101585565,0.011455461859070315,0.6037028065809209,0.006915694475001443,VSL,8705114.0,60201.90879405771,166965779.90670347
PM25_MAIN,PM25,Escenario beta central,beta_base_corrida_principal,Mortality,All-cause mortality,444,1.4754074268797217,4839,6.44018355644251e-05,0.008066,1.0119717306200655,0.0118301038041152,0.3116404822962531,0.003686739255129199,VSL,8705114.0,32093.48550417476,89009035.50184341
PM25_MAIN,PM25,Escenario beta central,beta_base_corrida_principal,Mortality,All-cause mortality,445,1.5357020194510564,6092,6.44018355644251e-05,0.008066,1.0124640087861672,0.012310569736804777,0.3923359822584777,0.0048298794698507915,VSL,8705114.0,42044.651391310705,116607897.50820284
PM25_MAIN,PM25,Escenario beta central,beta_base_corrida_principal,Mortality,All-cause mortality,446,1.425975866977483,858,6.44018355644251e-05,0.008066,1.0115683227774883,0.011436027124420933,0.05525677491427674,0.000631917976727691,VSL,8705114.0,5500.918026063897,15256411.081026392
PM25_MAIN,PM25,Escenario beta central,beta_base_corrida_principal,Mortality,All-cause mortality,461,1.4616807121514803,2433,6.44018355644251e-05,0.008066,1.011859691635447,0.011720687891300874,0.15668966592824626,0.001836510670137175,VSL,8705114.0,15987.034745760506,44338921.77493456
PM25_MAIN,PM25,Escenario beta central,beta_base_corrida_principal,Mortality,All-cause mortality,462,1.4335666013353876,7924,6.44018355644251e-05,0.008066,1.0116302598290232,0.011496551942790645,0.5103201450125044,0.005866922054588711,VSL,8705114.0,51072.225314308955,141645241.8534639
PM25_MAIN,PM25,Escenario beta central,beta_base_corrida_principal,Mortality,All-cause mortality,463,1.444935426958624,8501,6.44018355644251e-05,0.008066,1.0117230315359076,0.011587194489494634,0.5474800041331778,0.0063437572870004575,VSL,8705114.0,55223.1303716697,153157486.4666999
PM25_MAIN,PM25,Escenario beta central,beta_base_corrida_principal,Mortality,All-cause mortality,464,1.442800005149932,8783,6.44018355644251e-05,0.008066,1.0117056054525189,0.011570169612021841,0.5656413217623456,0.006544566032358559,VSL,8705114.0,56971.193392208945,158005616.88975406
PM25_MAIN,PM25,Escenario beta central,beta_base_corrida_principal,Mortality,All-cause mortality,465,1.4572319549988162,9379,6.44018355644251e-05,0.008066,1.011823383042378,0.011685224161184116,0.604024815758743,0.007058165371058848,VSL,8705114.0,61442.13418591957,170405458.2152549
PM25_MAIN,PM25,Escenario beta central,beta_base_corrida_principal,Mortality,All-cause mortality,466,1.4725886856299368,9379,6.44018355644251e-05,0.008066,1.0119487227258277,0.011807636550636769,0.604024815758743,0.007132105492044574,VSL,8705114.0,62085.79136827411,172190596.35451245
PM25_MAIN,PM25,Escenario beta central,beta_base_corrida_principal,Mortality,All-cause mortality,467,1.4278195370782123,9379,6.44018355644251e-05,0.008066,1.0115833659654003,0.011450727992493026,0.604024815758743,0.006916523865969081,VSL,8705114.0,60209.12873698157,166985803.91300678
PM25_MAIN,PM25,Escenario beta central,beta_base_corrida_principal,Mortality,All-cause mortality,468,1.4435930626759284,6428,6.44018355644251e-05,0.008066,1.0117120771536632,0.01157649238171965,0.41397499900812457,0.004792378422239954,VSL,8705114.0,41718.20049673894,115702508.80367066
PM25_MAIN,PM25,Escenario beta central,beta_base_corrida_principal,Mortality,All-cause mortality,469,1.468495721832788,3998,6.44018355644251e-05,0.008066,1.0119153149580105,0.011775011981615235,0.25747853858657155,0.003031812876865661,VSL,8705114.0,26392.276719783542,73197132.02294926
PM25_MAIN,PM25,Escenario beta central,beta_base_corrida_principal,Mortality,All-cause mortality,470,1.4301219705603287,1575,6.44018355644251e-05,0.008066,1.011602152687967,0.011469086594110722,0.10143289101396953,0.0011633426105302118,VSL,8705114.0,10127.030045723095,28086608.9397098
PM25_MAIN,PM25,Escenario beta central,beta_base_corrida_principal,Mortality,All-cause mortality,471,1.465447140654172,5971,6.44018355644251e-05,0.008066,1.0118904324122777,0.011750711372902067,0.38454336015518226,0.004518658035549476,VSL,8705114.0,39335.43332647424,109094070.85064344
PM25_MAIN,PM25,Escenario beta central,beta_base_corrida_principal,Mortality,All-cause mortality,472,1.5162054825625688,9252,6.44018355644251e-05,0.008066,1.0123048021599081,0.012155234405343163,0.595845782642061,0.007242645157449404,VSL,8705114.0,63048.05175714501,174859358.18481869
PM25_MAIN,PM25,Escenario beta central,beta_base_corrida_principal,Mortality,All-cause mortality,473,1.4437427600590669,9380,6.44018355644251e-05,0.008066,1.011713298755347,0.011577685861950515,0.6040892175943074,0.006993955193898361,VSL,8705114.0,60883.17727377734,168855230.34641227
PM25_MAIN,PM25,Escenario beta central,beta_base_corrida_principal,Mortality,All-cause mortality,474,1.4347900001608966,9379,6.44018355644251e-05,0.008066,1.0116402425798514,0.011506306382362608,0.604024815758743,0.006950094592670223,VSL,8705114.0,60501.36573997786,167796302.78422678
PM25_MAIN,PM25,Escenario beta central,beta_base_corrida_principal,Mortality,All-cause mortality,475,1.4928507044103512,9380,6.44018355644251e-05,0.008066,1.0121141225057704,0.011969127034586302,0.6040892175943074,0.007230420585610113,VSL,8705114.0,62941.63546568279,174564220.04958862
PM25_MAIN,PM25,Escenario beta central,beta_base_corrida_principal,Mortality,All-cause mortality,476,1.4919369035839534,9380,6.44018355644251e-05,0.008066,1.012106662526023,0.01196184451133564,0.6040892175943074,0.007226021291837507,VSL,8705114.0,62903.339111872774,174458007.7930413
PM25_MAIN,PM25,Escenario beta central,beta_base_corrida_principal,Mortality,All-cause mortality,477,1.494281642931309,9380,6.44018355644251e-05,0.008066,1.0121258043438937,0.011980530771818487,0.6040892175943074,0.007237309460312354,VSL,8705114.0,63001.60390529752,174730538.3190693
PM25_MAIN,PM25,Escenario beta central,beta_base_corrida_principal,Mortality,All-cause mortality,478,1.4771512562804077,9379,6.44018355644251e-05,0.008066,1.0119859648392244,0.011844003035287765,0.604024815758743,0.007154071751235685,VSL,8705114.0,62277.01015868628,172720928.2844053
PM25_MAIN,PM25,Escenario beta central,beta_base_corrida_principal,Mortality,All-cause mortality,479,1.454935216760255,9380,6.44018355644251e-05,0.008066,1.0118046386913986,0.011666914975469789,0.6040892175943074,0.007047857539270853,VSL,8705114.0,61352.403335112256,170156595.98170036
PM25_MAIN,PM25,Escenario beta central,beta_base_corrida_principal,Mortality,All-cause mortality,480,1.4563185074023508,9380,6.44018355644251e-05,0.008066,1.0118159280883992,0.011677942361238203,0.6040892175943074,0.007054519064111805,VSL,8705114.0,61410.39266826657,170317425.33795053
PM25_MAIN,PM25,Escenario beta central,beta_base_corrida_principal,Mortality,All-cause mortality,481,1.480954191840878,9380,6.44018355644251e-05,0.008066,1.0120170074567783,0.011874313740020348,0.6040892175943074,0.007173144896678227,VSL,8705114.0,62443.044064102185,173181411.6987029
PM25_MAIN,PM25,Escenario beta central,beta_base_corrida_principal,Mortality,All-cause mortality,482,2.194635158055096,9380,6.44018355644251e-05,0.008066,1.0178595349112372,0.01754616850231161,0.6040892175943074,0.010599451202339301,VSL,8705114.0,92269.43105380068,255902808.16754243
PM25_MAIN,PM25,Escenario beta central,beta_base_corrida_principal,Mortality,All-cause mortality,483,1.6444022719589757,9380,6.44018355644251e-05,0.008066,1.0133521024424283,0.013176172832963573,0.6040892175943074,0.007959583937552334,VSL,8705114.0,69289.08556896195,192168428.58952612
PM25_MAIN,PM25,Escenario beta central,beta_base_corrida_principal,Mortality,All-cause mortality,484,1.5933223037574358,9380,6.44018355644251e-05,0.008066,1.0129346762035323,0.012769506768206762,0.6040892175943074,0.007713921352671236,VSL,8705114.0,67150.56476203732,186237390.82797715
PM25_MAIN,PM25,Escenario beta central,beta_base_corrida_principal,Mortality,All-cause mortality,485,2.0057226182209043,9380,6.44018355644251e-05,0.008066,1.0163097336364728,0.016047995110815894,0.6040892175943074,0.009694420810450044,VSL,8705114.0,84391.03831894003,234052637.40489784
PM25_MAIN,PM25,Escenario beta central,beta_base_corrida_principal,Mortality,All-cause mortality,486,1.6080378304002654,9380,6.44018355644251e-05,0.008066,1.0130549140641911,0.012886679569834136,0.6040892175943074,0.00778470417872965,VSL,8705114.0,67766.73733211798,187946302.31901595
PM25_MAIN,PM25,Escenario beta central,beta_base_corrida_principal,Mortality,All-cause mortality,487,1.5307590683697008,7095,6.44018355644251e-05,0.008066,1.012423642809364,0.012271189928842241,0.45693102332959606,0.005607087371657719,VSL,8705114.0,48810.33477824081,135372046.7840164
PM25_MAIN,PM25,Escenario beta central,beta_base_corrida_principal,Mortality,All-cause mortality,488,1.4853942372942883,654,6.44018355644251e-05,0.008066,1.0120532518823944,0.011909701253343674,0.04211880045913401,0.0005016223306174805,VSL,8705114.0,4366.679572970858,12110680.128064567
PM25_MAIN,PM25,Escenario beta central,beta_base_corrida_principal,Mortality,All-cause mortality,503,1.4703956016911288,12,6.44018355644251e-05,0.008066,1.011930822103188,0.011790155851158834,0.0007728220267731011,9.111692140863308e-06,VSL,8705114.0,79.31831881911916,219983.80496250963
PM25_MAIN,PM25,Escenario beta central,beta_base_corrida_principal,Mortality,All-cause mortality,504,1.453568902759491,62,6.44018355644251e-05,0.008066,1.0117934879688641,0.011656022804158561,0.003992913804994357,4.654149436605375e-05,VSL,8705114.0,405.14901418685565,1123652.430416251
PM25_MAIN,PM25,Escenario beta central,beta_base_corrida_principal,Mortality,All-cause mortality,505,1.4691197443087027,3191,6.44018355644251e-05,0.008066,1.0119204083102524,0.011779986066451142,0.2055062572860805,0.002420860847398552,VSL,8705114.0,21073.869654740996,58446902.31654832
PM25_MAIN,PM25,Escenario beta central,beta_base_corrida_principal,Mortality,All-cause mortality,506,1.4471957643720756,7589,6.44018355644251e-05,0.008066,1.0117414773185573,0.011605214950439757,0.4887455300984221,0.005671996932858812,VSL,8705114.0,49375.3799081863,136939159.89876112
PM25_MAIN,PM25,Escenario beta central,beta_base_corrida_principal,Mortality,All-cause mortality,507,1.4360190899217322,3876,6.44018355644251e-05,0.008066,1.011650271867056,0.011516106100139423,0.24962151464771168,0.0028746678475605547,VSL,8705114.0,25024.31132514925,69403175.75850868
PM25_MAIN,PM25,Escenario beta central,beta_base_corrida_principal,Mortality,All-cause mortality,508,1.4312792381203234,3406,6.44018355644251e-05,0.008066,1.011611595552706,0.011478314012763002,0.2193526519324319,0.0025177986184127584,VSL,8705114.0,21917.72400232556,60787273.27976978
PM25_MAIN,PM25,Escenario beta central,beta_base_corrida_principal,Mortality,All-cause mortality,509,1.4593498930791071,45,6.44018355644251e-05,0.008066,1.0118406684608432,0.011702107683470131,0.0028980826003991295,3.391367466546175e-05,VSL,8705114.0,295.22240412175637,818778.6722634027
PM25_MAIN,PM25,Escenario beta central,beta_base_corrida_principal,Mortality,All-cause mortality,513,1.4493527729079378,3157,6.44018355644251e-05,0.008066,1.0117590801858196,0.01162241131916486,0.20331659487689005,0.002363029093671223,VSL,8705114.0,20570.437645724676,57050668.879782185
PM25_MAIN,PM25,Escenario beta central,beta_base_corrida_principal,Mortality,All-cause mortality,514,1.4788109734283754,8374,6.44018355644251e-05,0.008066,1.0119995126678736,0.011857231666288048,0.5393009710164958,0.006394616551196687,VSL,8705114.0,55665.866064454,154385382.91913864
PM25_MAIN,PM25,Escenario beta central,beta_base_corrida_principal,Mortality,All-cause mortality,515,1.438100502611137,8986,6.44018355644251e-05,0.008066,1.0116672562770064,0.011532701295426384,0.5787148943819239,0.006674146012120957,VSL,8705114.0,58099.20188815831,161134069.4926749
PM25_MAIN,PM25,Escenario beta central,beta_base_corrida_principal,Mortality,All-cause mortality,516,1.4278244923593313,4255,6.44018355644251e-05,0.008066,1.0115834063976776,0.011450767504112225,0.2740298103266288,0.0031378516472461977,VSL,8705114.0,27315.356304365938,75757228.63521762
PM25_MAIN,PM25,Escenario beta central,beta_base_corrida_principal,Mortality,All-cause mortality,517,1.4816553705208069,4378,6.44018355644251e-05,0.008066,1.0120227311448724,0.011879902273807086,0.2819512361010531,0.0033495531308596195,VSL,8705114.0,29158.241853189906,80868342.70289248
PM25_MAIN,PM25,Escenario beta central,beta_base_corrida_principal,Mortality,All-cause mortality,518,1.4787259015318224,7540,6.44018355644251e-05,0.008066,1.0119988182442496,0.011856553612450638,0.48558984015576523,0.005757421973468166,VSL,8705114.0,50119.01462514536,139001578.7318169
PM25_MAIN,PM25,Escenario beta central,beta_base_corrida_principal,Mortality,All-cause mortality,519,1.4822700370366722,9380,6.44018355644251e-05,0.008066,1.0120277486649276,0.01188480126241076,0.6040892175943074,0.007179480295873553,VSL,8705114.0,62498.19443633301,173334367.39555904
PM25_MAIN,PM25,Escenario beta central,beta_base_corrida_principal,Mortality,All-cause mortality,520,1.4816626187972624,9380,6.44018355644251e-05,0.008066,1.0120227903123762,0.011879960043849502,0.6040892175943074,0.00717655576794068,VSL,8705114.0,62472.73608728116,173263760.4465482
PM25_MAIN,PM25,Escenario beta central,beta_base_corrida_principal,Mortality,All-cause mortality,521,1.4741674759669632,9380,6.44018355644251e-05,0.008066,1.011961609492022,0.011820220628751432,0.6040892175943074,0.007140467831414546,VSL,8705114.0,62158.586485796404,172392488.5173023
PM25_MAIN,PM25,Escenario beta central,beta_base_corrida_principal,Mortality,All-cause mortality,522,1.483260765415526,9380,6.44018355644251e-05,0.008066,1.012035836028672,0.011892697471961089,0.6040892175943074,0.0071842503109227724,VSL,8705114.0,62539.71796111818,173449529.984904
PM25_MAIN,PM25,Escenario beta central,beta_base_corrida_principal,Mortality,All-cause mortality,523,1.4969049638666316,9380,6.44018355644251e-05,0.008066,1.0121472208556037,0.012001436752782979,0.6040892175943074,0.007249938537996235,VSL,8705114.0,63111.54146625056,175035442.44874328
PM25_MAIN,PM25,Escenario beta central,beta_base_corrida_principal,Mortality,All-cause mortality,524,1.5333234134351077,9380,6.44018355644251e-05,0.008066,1.0124445840039533,0.012291619907470186,0.6040892175943074,0.007425235052870278,VSL,8705114.0,64637.5176120318,179267630.47073734
PM25_MAIN,PM25,Escenario beta central,beta_base_corrida_principal,Mortality,All-cause mortality,525,1.6807461198980995,9380,6.44018355644251e-05,0.008066,1.01364920962804,0.013465417324252216,0.6040892175943074,0.008134313415988354,VSL,8705114.0,70810.12559790805,196386926.6370061
PM25_MAIN,PM25,Escenario beta central,beta_base_corrida_principal,Mortality,All-cause mortality,526,1.4002111244794089,9380,6.44018355644251e-05,0.008066,1.0113581220965608,0.011230563979666486,0.6040892175943074,0.006784262607619539,VSL,8705114.0,59057.779405265355,163792617.13594508
PM25_MAIN,PM25,Escenario beta central,beta_base_corrida_principal,Mortality,All-cause mortality,527,1.4657942938549358,9380,6.44018355644251e-05,0.008066,1.0118932658488105,0.011753478603135026,0.6040892175943074,0.007100149693379272,VSL,8705114.0,61807.6124979316,171419086.73013842
PM25_MAIN,PM25,Escenario beta central,beta_base_corrida_principal,Mortality,All-cause mortality,528,1.516501838246409,9380,6.44018355644251e-05,0.008066,1.0123072219812062,0.0121575957515343,0.6040892175943074,0.007344272505372232,VSL,8705114.0,63932.72940633089,177312949.71740025
PM25_MAIN,PM25,Escenario beta central,beta_base_corrida_principal,Mortality,All-cause mortality,529,1.4956402045146238,8735,6.44018355644251e-05,0.008066,1.01213689543887,0.011991357585682483,0.5625500336552532,0.006745738613397857,VSL,8705114.0,58722.423643830276,162862531.4065082
PM25_MAIN,PM25,Escenario beta central,beta_base_corrida_principal,Mortality,All-cause mortality,530,1.5233345858285112,5649,6.44018355644251e-05,0.008066,1.0123630147478522,0.012212037152435351,0.3638059691034374,0.0044428120109689245,VSL,8705114.0,38675.185036053736,107262918.4345425
PM25_MAIN,PM25,Escenario beta central,beta_base_corrida_principal,Mortality,All-cause mortality,531,1.5175333489375389,927,6.44018355644251e-05,0.008066,1.0123156445796,0.012165814729371838,0.05970050156822207,0.0007263052413295626,VSL,8705114.0,6322.569924571354,17535205.10590393
PM25_MAIN,PM25,Escenario beta central,beta_base_corrida_principal,Mortality,All-cause mortality,546,1.485343407261304,3,6.44018355644251e-05,0.008066,1.0120528369456598,0.011909296141133119,0.0001932055066932753,2.3009415953078923e-06,VSL,8705114.0,20.029958894497067,55551.688896765
PM25_MAIN,PM25,Escenario beta central,beta_base_corrida_principal,Mortality,All-cause mortality,547,1.45438561329642,544,6.44018355644251e-05,0.008066,1.0118001532686394,0.011662533584837709,0.035034598547047255,0.000408592182186245,VSL,8705114.0,3556.841525440032,9864650.991901148
PM25_MAIN,PM25,Escenario beta central,beta_base_corrida_principal,Mortality,All-cause mortality,555,1.473704051476771,86,6.44018355644251e-05,0.008066,1.0119578268048737,0.011816526823681062,0.0055385578585405585,6.544651749995405e-05,VSL,8705114.0,569.7193957400949,1580076.8637274513
PM25_MAIN,PM25,Escenario beta central,beta_base_corrida_principal,Mortality,All-cause mortality,556,1.4704703518554345,695,6.44018355644251e-05,0.008066,1.0119314322317052,0.011790751677108968,0.04475927571727544,0.0005277455052296481,VSL,8705114.0,4594.084786011683,12741372.568068381
PM25_MAIN,PM25,Escenario beta central,beta_base_corrida_principal,Mortality,All-cause mortality,559,1.4691890347718743,1595,6.44018355644251e-05,0.008066,1.0119209738695654,0.011780538379375427,0.10272092772525804,0.0012101078314324517,VSL,8705114.0,10534.126624912276,29215662.80533045
PM25_MAIN,PM25,Escenario beta central,beta_base_corrida_principal,Mortality,All-cause mortality,560,1.4629093957305503,8277,6.44018355644251e-05,0.008066,1.0118697197830944,0.011730482245914664,0.5330539929667466,0.006252980400610341,VSL,8705114.0,54432.907227078686,150965857.89079684
PM25_MAIN,PM25,Escenario beta central,beta_base_corrida_principal,Mortality,All-cause mortality,561,1.4814390526993488,9379,6.44018355644251e-05,0.008066,1.0120209653493686,0.011878178181040755,0.604024815758743,0.007174714387352663,VSL,8705114.0,62456.706659345095,173219303.95022747
PM25_MAIN,PM25,Escenario beta central,beta_base_corrida_principal,Mortality,All-cause mortality,562,1.476878845395353,9379,6.44018355644251e-05,0.008066,1.011983741239113,0.011841831791131074,0.604024815758743,0.007152760265883973,VSL,8705114.0,62265.59352919029,172689265.06166223
PM25_MAIN,PM25,Escenario beta central,beta_base_corrida_principal,Mortality,All-cause mortality,563,1.3890914965114387,9379,6.44018355644251e-05,0.008066,1.011267416524754,0.011141876362905756,0.604024815758743,0.006729969817310843,VSL,8705114.0,58585.15447625006,162481824.9790662
PM25_MAIN,PM25,Escenario beta central,beta_base_corrida_principal,Mortality,All-cause mortality,564,1.1670833129603937,9379,6.44018355644251e-05,0.008066,1.0094581421841018,0.009369523894906417,0.604024815758743,0.005659424944367989,VSL,8705114.0,49265.939315167,136635634.0748636
PM25_MAIN,PM25,Escenario beta central,beta_base_corrida_principal,Mortality,All-cause mortality,565,1.5033902644435564,9379,6.44018355644251e-05,0.008066,1.012200168101292,0.012053118035118882,0.604024815758743,0.007280382400481065,VSL,8705114.0,63376.55875978133,175770449.3611403
PM25_MAIN,PM25,Escenario beta central,beta_base_corrida_principal,Mortality,All-cause mortality,566,1.4093414090109828,9379,6.44018355644251e-05,0.008066,1.0114326061817267,0.011303379099954158,0.604024815758743,0.006827521478301037,VSL,8705114.0,59434.352806059054,164837017.10290834
PM25_MAIN,PM25,Escenario beta central,beta_base_corrida_principal,Mortality,All-cause mortality,567,1.3211545310734945,9379,6.44018355644251e-05,0.008066,1.0107134144523153,0.010599853825152605,0.604024815758743,0.00640257475380741,VSL,8705114.0,55735.14312541544,154577517.99832094
PM25_MAIN,PM25,Escenario beta central,beta_base_corrida_principal,Mortality,All-cause mortality,568,1.424221718679389,9379,6.44018355644251e-05,0.008066,1.0115540102388316,0.011422039873188461,0.604024815758743,0.006899195529991677,VSL,8705114.0,60058.283596867965,166567445.47606152
PM25_MAIN,PM25,Escenario beta central,beta_base_corrida_principal,Mortality,All-cause mortality,569,1.4025216660870647,9380,6.44018355644251e-05,0.008066,1.0113769707801823,0.011248991334463554,0.6040892175943074,0.006795394373961232,VSL,8705114.0,59154.68270029116,164061371.6414685
PM25_MAIN,PM25,Escenario beta central,beta_base_corrida_principal,Mortality,All-cause mortality,570,1.46508188524494,9380,6.44018355644251e-05,0.008066,1.0118874512355394,0.011747799837842132,0.6040892175943074,0.007096719212496586,VSL,8705114.0,61777.74977077301,171336264.546755
PM25_MAIN,PM25,Escenario beta central,beta_base_corrida_principal,Mortality,All-cause mortality,571,1.4850791944248307,9380,6.44018355644251e-05,0.008066,1.0120506801209272,0.011907190378536492,0.6040892175943074,0.007193005319516575,VSL,8705114.0,62615.93130899821,173660902.3703149
PM25_MAIN,PM25,Escenario beta central,beta_base_corrida_principal,Mortality,All-cause mortality,572,1.5251705365527446,5729,6.44018355644251e-05,0.008066,1.0123780067185475,0.012226664977312951,0.3689581159485914,0.0045111272743640135,VSL,8705114.0,39269.87719184801,108912255.50018702
PM25_MAIN,PM25,Escenario beta central,beta_base_corrida_principal,Mortality,All-cause mortality,573,1.541666877207442,2857,6.44018355644251e-05,0.008066,1.0125127221758377,0.012358088843514414,0.18399604420756252,0.0022738394611722633,VSL,8705114.0,19794.031727203124,54897361.41317696
PM25_MAIN,PM25,Escenario beta central,beta_base_corrida_principal,Mortality,All-cause mortality,601,1.4313557263393797,418,6.44018355644251e-05,0.008066,1.0116122196706936,0.011478923884958303,0.02691996726592969,0.000309012255231176,VSL,8705114.0,2689.9869091844835,7460490.393539522
PM25_MAIN,PM25,Escenario beta central,beta_base_corrida_principal,Mortality,All-cause mortality,602,1.444282729187142,5837,6.44018355644251e-05,0.008066,1.0117177051719257,0.011581990818213983,0.3759135141895493,0.0043538268697859124,VSL,8705114.0,37900.55923774953,105114548.00675166
PM25_MAIN,PM25,Escenario beta central,beta_base_corrida_principal,Mortality,All-cause mortality,603,1.5055012287644465,9379,6.44018355644251e-05,0.008066,1.0122174030189621,0.012069939701217836,0.604024815758743,0.007290543104247241,VSL,8705114.0,63465.00884438612,176015759.47928578
PM25_MAIN,PM25,Escenario beta central,beta_base_corrida_principal,Mortality,All-cause mortality,604,1.4314402613079746,9379,6.44018355644251e-05,0.008066,1.0116129094478827,0.011479597916776996,0.604024815758743,0.006933962016665675,VSL,8705114.0,60360.9298267446,167406813.60938826
PM25_MAIN,PM25,Escenario beta central,beta_base_corrida_principal,Mortality,All-cause mortality,605,1.475268154900064,9380,6.44018355644251e-05,0.008066,1.0119705938042596,0.01182899372526125,0.6040892175943074,0.00714576756442104,VSL,8705114.0,62204.7212657875,172520440.10017303
PM25_MAIN,PM25,Escenario beta central,beta_base_corrida_principal,Mortality,All-cause mortality,606,1.3401107277986366,9380,6.44018355644251e-05,0.008066,1.0108679650386292,0.010751122218235265,0.6040892175943074,0.0064946370090745165,VSL,8705114.0,56536.5555526127,156800179.26628262
PM25_MAIN,PM25,Escenario beta central,beta_base_corrida_principal,Mortality,All-cause mortality,607,1.4651209166341488,9379,6.44018355644251e-05,0.008066,1.0118877698052677,0.011748110966451786,0.604024815758743,0.007096150562024308,VSL,8705114.0,61772.79960358567,171322535.6045726
PM25_MAIN,PM25,Escenario beta central,beta_base_corrida_principal,Mortality,All-cause mortality,608,1.473222695708435,9380,6.44018355644251e-05,0.008066,1.0119538977692286,0.011812690079637034,0.6040892175943074,0.007135918707891973,VSL,8705114.0,62118.98584693232,172282658.9174575
PM25_MAIN,PM25,Escenario beta central,beta_base_corrida_principal,Mortality,All-cause mortality,609,1.5160507917501391,9380,6.44018355644251e-05,0.008066,1.0123035390714574,0.012154001835005812,0.6040892175943074,0.007342101459148438,VSL,8705114.0,63913.8302014535,177260534.09561718
PM25_MAIN,PM25,Escenario beta central,beta_base_corrida_principal,Mortality,All-cause mortality,610,1.4307481321730222,9379,6.44018355644251e-05,0.008066,1.0116072619184968,0.011474079275077487,0.604024815758743,0.0069306286201298905,VSL,8705114.0,60331.912229893394,167326335.33575323
PM25_MAIN,PM25,Escenario beta central,beta_base_corrida_principal,Mortality,All-cause mortality,611,1.0534566660882465,9380,6.44018355644251e-05,0.008066,1.0085333849850884,0.008461182457747407,0.6040892175943074,0.00511130909082331,VSL,8705114.0,44494.52832485327,123402459.69199781
PM25_MAIN,PM25,Escenario beta central,beta_base_corrida_principal,Mortality,All-cause mortality,612,1.6073815097928763,9380,6.44018355644251e-05,0.008066,1.0130495510851927,0.012881453894544204,0.6040892175943074,0.007781547404632353,VSL,8705114.0,67739.25725372876,187870088.24520895
PM25_MAIN,PM25,Escenario beta central,beta_base_corrida_principal,Mortality,All-cause mortality,613,1.5212874766996336,9380,6.44018355644251e-05,0.008066,1.0123462987657463,0.012195726680483632,0.6040892175943074,0.007367306988407377,VSL,8705114.0,64133.247207082895,177869071.8015399
PM25_MAIN,PM25,Escenario beta central,beta_base_corrida_principal,Mortality,All-cause mortality,614,1.5302877657442142,5064,6.44018355644251e-05,0.008066,1.0124197940608892,0.012267435043987529,0.3261308952982487,0.004000789573908764,VSL,8705114.0,34827.329330887216,96591159.98616253
PM25_MAIN,PM25,Escenario beta central,beta_base_corrida_principal,Mortality,All-cause mortality,643,1.4470425127431223,249,6.44018355644251e-05,0.008066,1.0117402266777267,0.011603993167572546,0.01603605705554185,0.00018608229650731112,VSL,8705114.0,1619.8676044779452,4492589.4102872675
PM25_MAIN,PM25,Escenario beta central,beta_base_corrida_principal,Mortality,All-cause mortality,644,1.4480669036434843,2838,6.44018355644251e-05,0.008066,1.0117485864556717,0.011612159990090909,0.18277240933183844,0.0021223824589356927,VSL,8705114.0,18475.581256635523,51240731.32459065
PM25_MAIN,PM25,Escenario beta central,beta_base_corrida_principal,Mortality,All-cause mortality,645,1.470865231685471,7418,6.44018355644251e-05,0.008066,1.0119346553403605,0.011793899218073944,0.4777328162169054,0.005634332687628823,VSL,8705114.0,49047.5083597353,136029831.11014065
PM25_MAIN,PM25,Escenario beta central,beta_base_corrida_principal,Mortality,All-cause mortality,646,1.5222191617917409,9380,6.44018355644251e-05,0.008066,1.0123539065483742,0.012203149973999627,0.6040892175943074,0.007371791319979428,VSL,8705114.0,64172.2838246314,177977337.12774745
PM25_MAIN,PM25,Escenario beta central,beta_base_corrida_principal,Mortality,All-cause mortality,647,1.4923111506289164,9380,6.44018355644251e-05,0.008066,1.0121097177533989,0.011964827074557705,0.6040892175943074,0.00722782302612075,VSL,8705114.0,62919.02341420611,174501507.10766163
PM25_MAIN,PM25,Escenario beta central,beta_base_corrida_principal,Mortality,All-cause mortality,648,1.4877075988961437,7672,6.44018355644251e-05,0.008066,1.012072136541818,0.011928138426048895,0.4940908824502694,0.005893584440915466,VSL,8705114.0,51304.32442679539,142288952.49500713
PM25_MAIN,PM25,Escenario beta central,beta_base_corrida_principal,Mortality,All-cause mortality,649,1.4825376698476234,8354,6.44018355644251e-05,0.008066,1.0120299333581557,0.011886934330329058,0.5380129343052072,0.00639532441895364,VSL,8705114.0,55672.0281339752,154402472.98761082
PM25_MAIN,PM25,Escenario beta central,beta_base_corrida_principal,Mortality,All-cause mortality,650,1.534201581261506,9380,6.44018355644251e-05,0.008066,1.0124517554797827,0.012298616119127637,0.6040892175943074,0.007429461388896552,VSL,8705114.0,64674.30834894282,179369667.00420848
PM25_MAIN,PM25,Escenario beta central,beta_base_corrida_principal,Mortality,All-cause mortality,651,1.093164735823544,9380,6.44018355644251e-05,0.008066,1.0088564551278076,0.008778706904031819,0.6040892175943074,0.005303122185146327,VSL,8705114.0,46164.283177627876,128033407.89332847
PM25_MAIN,PM25,Escenario beta central,beta_base_corrida_principal,Mortality,All-cause mortality,652,1.4710739100762478,9380,6.44018355644251e-05,0.008066,1.0119363586301047,0.011795562565084072,0.6040892175943074,0.007125572161026339,VSL,8705114.0,62028.91797696064,172032861.98484194
PM25_MAIN,PM25,Escenario beta central,beta_base_corrida_principal,Mortality,All-cause mortality,653,1.3796593807770543,9358,6.44018355644251e-05,0.008066,1.011190482787014,0.011066641723299298,0.60267237721189,0.006669559275133075,VSL,8705114.0,58059.27381979079,161023331.79002237
PM25_MAIN,PM25,Escenario beta central,beta_base_corrida_principal,Mortality,All-cause mortality,654,1.5368080088457852,9380,6.44018355644251e-05,0.008066,1.0124730409272187,0.01231938078647099,0.6040892175943074,0.007442005100545605,VSL,8705114.0,64783.50278883095,179672510.1396274
PM25_MAIN,PM25,Escenario beta central,beta_base_corrida_principal,Mortality,All-cause mortality,655,1.5069277033671185,2972,6.44018355644251e-05,0.008066,1.0122290496028665,0.012081306703916828,0.1914022552974714,0.0023123893500701415,VSL,8705114.0,20129.61290474649,55828072.31841105
PM25_MAIN,PM25,Escenario beta central,beta_base_corrida_principal,Mortality,All-cause mortality,686,1.46986480807918,1809,6.44018355644251e-05,0.008066,1.01192648965079,0.011785924938980341,0.11650292053604501,0.0013730946766098177,VSL,8705114.0,11952.945692681596,33150658.172453918
PM25_MAIN,PM25,Escenario beta central,beta_base_corrida_principal,Mortality,All-cause mortality,687,1.4640175723395057,5329,6.44018355644251e-05,0.008066,1.0118787644741591,0.011739315905430647,0.3431973817228214,0.0040289024819608705,VSL,8705114.0,35072.05540035232,97269890.60899913
PM25_MAIN,PM25,Escenario beta central,beta_base_corrida_principal,Mortality,All-cause mortality,688,1.4969125521056077,8364,6.44018355644251e-05,0.008066,1.0121472828058329,0.012001497224947921,0.5386569526608516,0.006464689922558114,VSL,8705114.0,56275.862750519555,156077166.02817345
PM25_MAIN,PM25,Escenario beta central,beta_base_corrida_principal,Mortality,All-cause mortality,689,1.4468387370974265,1634,6.44018355644251e-05,0.008066,1.0117385637278604,0.0116023685848331,0.10523259931227061,0.0012209474043610178,VSL,8705114.0,10628.486342966757,29477362.87817429
PM25_MAIN,PM25,Escenario beta central,beta_base_corrida_principal,Mortality,All-cause mortality,690,1.5344356667510777,2836,6.44018355644251e-05,0.008066,1.0124536671257238,0.012300481029496102,0.18264360566070958,0.002246604206588325,VSL,8705114.0,19556.94573123092,54239819.999367766
PM25_MAIN,PM25,Escenario beta central,beta_base_corrida_principal,Mortality,All-cause mortality,691,1.509757666218789,1951,6.44018355644251e-05,0.008066,1.0122521554931008,0.012103857153193509,0.12564798118619336,0.0015208252158648299,VSL,8705114.0,13238.956878177953,36717320.17464507
PM25_MAIN,PM25,Escenario beta central,beta_base_corrida_principal,Mortality,All-cause mortality,692,1.501250440273381,3072,6.44018355644251e-05,0.008066,1.0121826978575756,0.012036066100874931,0.1978424388539139,0.0023812446716040144,VSL,8705114.0,20729.00632820551,57490448.020835005
PM25_MAIN,PM25,Escenario beta central,beta_base_corrida_principal,Mortality,All-cause mortality,693,1.5323704095898378,2789,6.44018355644251e-05,0.008066,1.0124368014442156,0.012284027434082523,0.1796167193891816,0.002206416708596609,VSL,8705114.0,19207.10897983826,53269572.257952824
PM25_MAIN,PM25,Escenario beta central,beta_base_corrida_principal,Mortality,All-cause mortality,694,1.5852153583641329,366,6.44018355644251e-05,0.008066,1.012868441941047,0.012704949041936864,0.023571071816579588,0.00029946926629347784,VSL,8705114.0,2606.9141025810823,7230093.77952145
PM25_MAIN,PM25,Escenario beta central,beta_base_corrida_principal,Mortality,All-cause mortality,695,1.5495245848721169,3681,6.44018355644251e-05,0.008066,1.0125768975392757,0.012420683870864035,0.2370631567126488,0.00294448652695691,VSL,8705114.0,25632.090888623974,71088809.83323638
PM25_MAIN,PM25,Escenario beta central,beta_base_corrida_principal,Mortality,All-cause mortality,696,1.5815090217768244,886,6.44018355644251e-05,0.008066,1.0128381623766718,0.012675433108233602,0.05706002631008064,0.0007232605466474766,VSL,8705114.0,6296.065510268601,17461696.968144245
PM25_MAIN,PM25,Escenario beta central,beta_base_corrida_principal,Mortality,All-cause mortality,729,1.4540090132272423,49,6.44018355644251e-05,0.008066,1.0117970797723412,0.01165953135088682,0.00315568994265683,3.679386582008554e-05,VSL,8705114.0,320.29479646454814,888315.1973586717
PM25_MAIN,PM25,Escenario beta central,beta_base_corrida_principal,Mortality,All-cause mortality,730,1.4684069053239297,173,6.44018355644251e-05,0.008066,1.01191459002825,0.011774304022948656,0.011141517552645542,0.00013118361494186747,VSL,8705114.0,1141.9683230010596,3167169.2060608286
